id,competition_id,year,category,prize,entry_name,brand_id,product_id,brewery_id,status,confidence,source_id,evidence,competition_name,brand_name,brewery_name,is_gold_award
1,1,2025,,入賞,宝川,9984,,,draft,0.95,shinshu_kanpyokai_r6,入賞酒目録: 曲イ田中酒造株式会社 宝川 [2026-07-20 事後突合: entry_nameに銘柄名「宝川」を検出、DB上で唯一の蔵に紐づく銘柄のため自動突合],,,,0
2,1,2025,,入賞,北の錦,9987,,,draft,0.95,shinshu_kanpyokai_r6,入賞酒目録: 小林酒造株式会社 北の錦 [2026-07-20 事後突合: entry_nameに銘柄名「北の錦」を検出、DB上で唯一の蔵に紐づく銘柄のため自動突合],,,,0
3,1,2025,,入賞,国士無双,9988,,,draft,0.95,shinshu_kanpyokai_r6,入賞酒目録: 高砂酒造株式会社 国士無双 [2026-07-20 事後突合: entry_nameに銘柄名「国士無双」を検出、DB上で唯一の蔵に紐づく銘柄のため自動突合],,,,0
4,1,2025,,入賞,三千櫻,13923,,,draft,0.95,shinshu_kanpyokai_r6,入賞酒目録: 三千櫻酒造株式会社 三千櫻 [2026-07-20 事後突合: entry_nameに銘柄名「三千櫻」を検出、DB上で唯一の蔵に紐づく銘柄のため自動突合],,,,0
5,1,2025,,金賞,国稀,,,,review,0.95,shinshu_kanpyokai_r6,入賞酒目録: 国稀酒造株式会社 国稀,,,,0
6,1,2025,,金賞,上川大雪,13928,,,draft,0.95,shinshu_kanpyokai_r6,入賞酒目録: 上川大雪酒造株式会社 緑丘蔵 上川大雪 [2026-07-20 事後突合: entry_nameに銘柄名「上川大雪」を検出、DB上で唯一の蔵に紐づく銘柄のため自動突合],,,,0
7,1,2025,,金賞,大雪乃蔵 鳳雪,13911,,,draft,0.95,shinshu_kanpyokai_r6,入賞酒目録: 合同酒精株式会社 旭川工場 大雪乃蔵 大雪乃蔵 鳳雪 [2026-07-20 事後突合(新字体正規化): 銘柄「大雪乃蔵」に一致],,,,0
8,1,2025,,金賞,男山,13922,,,draft,0.95,shinshu_kanpyokai_r6,入賞酒目録: 男山株式会社 男山 [2026-07-20 事後突合: entry_nameに銘柄名「男山」を検出、DB上で唯一の蔵に紐づく銘柄のため自動突合],,,,0
9,1,2025,,金賞,福司,9989,,,draft,0.95,shinshu_kanpyokai_r6,入賞酒目録: 福司酒造株式会社 福司 [2026-07-20 事後突合: entry_nameに銘柄名「福司」を検出、DB上で唯一の蔵に紐づく銘柄のため自動突合],,,,0
10,1,2025,,入賞,玉垂,4915,,,draft,0.95,shinshu_kanpyokai_r6,入賞酒目録: 株式会社中村亀吉 玉垂 [2026-07-20 事後突合: entry_nameに銘柄名「玉垂」を検出、DB上で唯一の蔵に紐づく銘柄のため自動突合],,,,0
11,1,2025,,入賞,杜來,4921,,,draft,0.95,shinshu_kanpyokai_r6,入賞酒目録: 六花酒造株式会社 杜來 [2026-07-20 事後突合: entry_nameに銘柄名「杜來」を検出、DB上で唯一の蔵に紐づく銘柄のため自動突合],,,,0
12,1,2025,,入賞,金冠喜久泉,4909,,,draft,0.95,shinshu_kanpyokai_r6,入賞酒目録: 株式会社西田酒造店 金冠喜久泉 [2026-07-20 事後突合: entry_nameに銘柄名「喜久泉」を検出、DB上で唯一の蔵に紐づく銘柄のため自動突合],,,,0
13,1,2025,,入賞,桃川,4903,,,draft,0.95,shinshu_kanpyokai_r6,入賞酒目録: 桃川株式会社 桃川 [2026-07-20 事後突合: entry_nameに銘柄名「桃川」を検出、DB上で唯一の蔵に紐づく銘柄のため自動突合],,,,0
14,1,2025,,金賞,菊の司,8353,,,draft,0.95,shinshu_kanpyokai_r6,入賞酒目録: 菊の司酒造株式会社 菊の司 [2026-07-20 事後突合: entry_nameに銘柄名「菊の司」を検出、DB上で唯一の蔵に紐づく銘柄のため自動突合],,,,0
15,1,2025,,入賞,桜顔,8350,,,draft,0.95,shinshu_kanpyokai_r6,入賞酒目録: 株式会社桜顔酒造 桜顔 [2026-07-20 事後突合: entry_nameに銘柄名「桜顔」を検出、DB上で唯一の蔵に紐づく銘柄のため自動突合],,,,0
16,1,2025,,入賞,あさ開,67286,,,draft,0.95,shinshu_kanpyokai_r6,入賞酒目録: 株式会社あさ開 あさ開 [2026-07-20 事後突合: entry_nameに銘柄名「あさ開」を検出、DB上で唯一の蔵に紐づく銘柄のため自動突合],,,,0
17,1,2025,,金賞,酔仙,8369,,,draft,0.95,shinshu_kanpyokai_r6,入賞酒目録: 酔仙酒造株式会社 大船渡蔵 酔仙 [2026-07-20 事後突合: entry_nameに銘柄名「酔仙」を検出、DB上で唯一の蔵に紐づく銘柄のため自動突合],,,,0
18,1,2025,,金賞,浜千鳥,8371,,,draft,0.95,shinshu_kanpyokai_r6,入賞酒目録: 株式会社浜千鳥 浜千鳥 [2026-07-20 事後突合: entry_nameに銘柄名「浜千鳥」を検出、DB上で唯一の蔵に紐づく銘柄のため自動突合],,,,0
19,1,2025,,入賞,龍泉八重桜,8374,,,draft,0.95,shinshu_kanpyokai_r6,入賞酒目録: 泉金酒造株式会社 龍泉八重桜 [2026-07-20 事後突合: entry_nameに銘柄名「龍泉八重桜」を検出、DB上で唯一の蔵に紐づく銘柄のため自動突合],,,,0
20,1,2025,,入賞,月の輪,8356,,,draft,0.95,shinshu_kanpyokai_r6,入賞酒目録: 有限会社月の輪酒造店 月の輪 [2026-07-20 事後突合: entry_nameに銘柄名「月の輪」を検出、DB上で唯一の蔵に紐づく銘柄のため自動突合],,,,0
21,1,2025,,入賞,南部美人,8376,,,draft,0.95,shinshu_kanpyokai_r6,入賞酒目録: 株式会社南部美人 南部美人 [2026-07-20 事後突合: entry_nameに銘柄名「南部美人」を検出、DB上で唯一の蔵に紐づく銘柄のため自動突合],,,,0
22,1,2025,,金賞,南部美人,8376,,,draft,0.95,shinshu_kanpyokai_r6,入賞酒目録: 株式会社南部美人 馬仙峡蔵 南部美人 [2026-07-20 事後突合: entry_nameに銘柄名「南部美人」を検出、DB上で唯一の蔵に紐づく銘柄のため自動突合],,,,0
23,1,2025,,金賞,鷲の尾,8355,,,draft,0.95,shinshu_kanpyokai_r6,入賞酒目録: 株式会社わしの尾 鷲の尾 [2026-07-20 事後突合: entry_nameに銘柄名「鷲の尾」を検出、DB上で唯一の蔵に紐づく銘柄のため自動突合],,,,0
24,1,2025,,入賞,福来,8375,,,draft,0.95,shinshu_kanpyokai_r6,入賞酒目録: 株式会社福来 福来 [2026-07-20 事後突合: entry_nameに銘柄名「福来」を検出、DB上で唯一の蔵に紐づく銘柄のため自動突合],,,,0
25,1,2025,,入賞,磐乃井,8368,,,draft,0.95,shinshu_kanpyokai_r6,入賞酒目録: 磐乃井酒造株式会社 磐乃井 [2026-07-20 事後突合: entry_nameに銘柄名「磐乃井」を検出、DB上で唯一の蔵に紐づく銘柄のため自動突合],,,,0
26,1,2025,,金賞,岩手誉,8364,,,draft,0.95,shinshu_kanpyokai_r6,入賞酒目録: 岩手銘醸株式会社 岩手誉 [2026-07-20 事後突合: entry_nameに銘柄名「岩手誉」を検出、DB上で唯一の蔵に紐づく銘柄のため自動突合],,,,0
27,1,2025,,金賞,浦霞,6961,,,draft,0.95,shinshu_kanpyokai_r6,入賞酒目録: 株式会社佐浦 矢本蔵 浦霞 [2026-07-20 事後突合: entry_nameに銘柄名「浦霞」を検出、DB上で唯一の蔵に紐づく銘柄のため自動突合],,,,0
28,1,2025,,入賞,雪の松島,6958,,,draft,0.95,shinshu_kanpyokai_r6,入賞酒目録: 大和蔵酒造株式会社 雪の松島 [2026-07-20 事後突合: entry_nameに銘柄名「雪の松島」を検出、DB上で唯一の蔵に紐づく銘柄のため自動突合],,,,0
29,1,2025,,入賞,わしが國,6973,,,draft,0.95,shinshu_kanpyokai_r6,入賞酒目録: 株式会社山和酒造店 わしが國 [2026-07-20 事後突合: entry_nameに銘柄名「わしが國」を検出、DB上で唯一の蔵に紐づく銘柄のため自動突合],,,,0
30,1,2025,,入賞,浦霞,6961,,,draft,0.95,shinshu_kanpyokai_r6,入賞酒目録: 株式会社佐浦 浦霞 [2026-07-20 事後突合: entry_nameに銘柄名「浦霞」を検出、DB上で唯一の蔵に紐づく銘柄のため自動突合],,,,0
31,1,2025,,入賞,阿部勘,6962,,,draft,0.95,shinshu_kanpyokai_r6,入賞酒目録: 阿部勘酒造株式会社 阿部勘 [2026-07-20 事後突合: entry_nameに銘柄名「阿部勘」を検出、DB上で唯一の蔵に紐づく銘柄のため自動突合],,,,0
32,1,2025,,金賞,墨廼江,6992,,,draft,0.95,shinshu_kanpyokai_r6,入賞酒目録: 墨廼江酒造株式会社 墨廼江 [2026-07-20 事後突合: entry_nameに銘柄名「墨廼江」を検出、DB上で唯一の蔵に紐づく銘柄のため自動突合],,,,0
33,1,2025,,金賞,一ノ蔵,6965,,,draft,0.95,shinshu_kanpyokai_r6,入賞酒目録: 株式会社一ノ蔵 本社蔵 一ノ蔵 [2026-07-20 事後突合: entry_nameに銘柄名「一ノ蔵」を検出、DB上で唯一の蔵に紐づく銘柄のため自動突合],,,,0
35,1,2025,,金賞,蔵王,6996,,,draft,0.95,shinshu_kanpyokai_r6,入賞酒目録: 蔵王酒造株式会社 蔵王 [2026-07-20 事後突合: entry_nameに銘柄名「蔵王」を検出、DB上で唯一の蔵に紐づく銘柄のため自動突合],,,,0
36,1,2025,,金賞,乾坤一,6995,,,draft,0.95,shinshu_kanpyokai_r6,入賞酒目録: 有限会社大沼酒造店 乾坤一 [2026-07-20 事後突合: entry_nameに銘柄名「乾坤一」を検出、DB上で唯一の蔵に紐づく銘柄のため自動突合],,,,0
37,1,2025,,金賞,黄金澤,6975,,,draft,0.95,shinshu_kanpyokai_r6,入賞酒目録: 合名会社川敬商店 黄金澤 [2026-07-20 事後突合: entry_nameに銘柄名「黄金澤」を検出、DB上で唯一の蔵に紐づく銘柄のため自動突合],,,,0
38,1,2025,,金賞,萩の鶴,6983,,,draft,0.95,shinshu_kanpyokai_r6,入賞酒目録: 萩野酒造株式会社 萩の鶴 [2026-07-20 事後突合: entry_nameに銘柄名「萩の鶴」を検出、DB上で唯一の蔵に紐づく銘柄のため自動突合],,,,0
39,1,2025,,金賞,栗駒山,6980,,,draft,0.95,shinshu_kanpyokai_r6,入賞酒目録: 千田酒造株式会社 栗駒山 [2026-07-20 事後突合: entry_nameに銘柄名「栗駒山」を検出、DB上で唯一の蔵に紐づく銘柄のため自動突合],,,,0
40,1,2025,,入賞,あたごのまつ,50821,,,draft,0.95,shinshu_kanpyokai_r6,入賞酒目録: 株式会社新澤醸造店 川崎蔵 あたごのまつ [2026-07-20 事後突合: entry_nameに銘柄名「あたごのまつ」を検出、DB上で唯一の蔵に紐づく銘柄のため自動突合],,,,0
41,1,2025,,入賞,ゆきの美人,439,,,draft,0.95,shinshu_kanpyokai_r6,入賞酒目録: 秋田醸造株式会社 ゆきの美人 [2026-07-20 事後突合: entry_nameに銘柄名「ゆきの美人」を検出、DB上で唯一の蔵に紐づく銘柄のため自動突合],,,,0
42,1,2025,,金賞,髙清水,26799,,,draft,0.95,shinshu_kanpyokai_r6,入賞酒目録: 秋田酒類製造株式会社 本社蔵 髙清水 [2026-07-20 事後突合(新字体正規化): 銘柄「高清水」に一致],,,,0
43,1,2025,,入賞,髙清水,26799,,,draft,0.95,shinshu_kanpyokai_r6,入賞酒目録: 秋田酒類製造株式会社 御所野蔵 髙清水 [2026-07-20 事後突合(新字体正規化): 銘柄「高清水」に一致],,,,0
44,1,2025,,金賞,銀鱗,26690,,,draft,0.95,shinshu_kanpyokai_r6,入賞酒目録: 株式会社那波商店 銀鱗 [2026-07-20 事後突合: entry_nameに銘柄名「銀鱗」を検出、DB上で唯一の蔵に紐づく銘柄のため自動突合],,,,0
45,1,2025,,金賞,爛漫,50935,,,draft,0.95,shinshu_kanpyokai_r6,入賞酒目録: 秋田銘釀株式会社 本社工場 爛漫 [2026-07-20 事後突合: entry_nameに銘柄名「爛漫」を検出、DB上で唯一の蔵に紐づく銘柄のため自動突合],,,,0
46,1,2025,,金賞,福小町,50885,,,draft,0.95,shinshu_kanpyokai_r6,入賞酒目録: 株式会社木村酒造 福小町 [2026-07-20 事後突合: entry_nameに銘柄名「福小町」を検出、DB上で唯一の蔵に紐づく銘柄のため自動突合],,,,0
47,1,2025,,金賞,大納川,26636,,,draft,0.95,shinshu_kanpyokai_r6,入賞酒目録: 株式会社大納川 大納川 [2026-07-20 事後突合: entry_nameに銘柄名「大納川」を検出、DB上で唯一の蔵に紐づく銘柄のため自動突合],,,,0
48,1,2025,,入賞,秀よし,26888,,,draft,0.95,shinshu_kanpyokai_r6,入賞酒目録: 合名会社鈴木酒造店 秀よし [2026-07-20 事後突合: entry_nameに銘柄名「秀よし」を検出、DB上で唯一の蔵に紐づく銘柄のため自動突合],,,,0
49,1,2025,,入賞,出羽の冨士,26691,,,draft,0.95,shinshu_kanpyokai_r6,入賞酒目録: 株式会社佐藤酒造店 出羽の冨士 [2026-07-20 事後突合: entry_nameに銘柄名「出羽の冨士」を検出、DB上で唯一の蔵に紐づく銘柄のため自動突合],,,,0
50,1,2025,,金賞,天壽,26615,,,draft,0.95,shinshu_kanpyokai_r6,入賞酒目録: 天寿酒造株式会社 天壽 [2026-07-20 事後突合(新字体正規化): 銘柄「天寿」に一致],,,,0
51,1,2025,,入賞,北鹿,26801,,,draft,0.95,shinshu_kanpyokai_r6,入賞酒目録: 株式会社北鹿 北鹿 [2026-07-20 事後突合: entry_nameに銘柄名「北鹿」を検出、DB上で唯一の蔵に紐づく銘柄のため自動突合],,,,0
52,1,2025,,金賞,一白水成,14184,,,draft,0.95,shinshu_kanpyokai_r6,入賞酒目録: 福禄寿酒造株式会社 一白水成 [2026-07-20 事後突合: entry_nameに銘柄名「一白水成」を検出、DB上で唯一の蔵に紐づく銘柄のため自動突合],,,,0
53,1,2025,,入賞,山本,26753,,,draft,0.95,shinshu_kanpyokai_r6,入賞酒目録: 株式会社山本酒造店 山本 [2026-07-20 事後突合: entry_nameに銘柄名「山本」を検出、DB上で唯一の蔵に紐づく銘柄のため自動突合],,,,0
54,1,2025,,入賞,奥清水,14181,,,draft,0.95,shinshu_kanpyokai_r6,入賞酒目録: 株式会社高橋酒造店 奥清水 [2026-07-20 事後突合: entry_nameに銘柄名「奥清水」を検出、DB上で唯一の蔵に紐づく銘柄のため自動突合],,,,0
55,1,2025,,金賞,春霞,26886,,,draft,0.95,shinshu_kanpyokai_r6,入賞酒目録: 合名会社栗林酒造店 春霞 [2026-07-20 事後突合: entry_nameに銘柄名「春霞」を検出、DB上で唯一の蔵に紐づく銘柄のため自動突合],,,,0
56,1,2025,,入賞,刈穂,,,,review,0.95,shinshu_kanpyokai_r6,入賞酒目録: 刈穂酒造株式会社 刈穂,,,,0
57,1,2025,,金賞,出羽鶴,26865,,,draft,0.95,shinshu_kanpyokai_r6,入賞酒目録: 出羽鶴酒造株式会社 出羽鶴 [2026-07-20 事後突合: entry_nameに銘柄名「出羽鶴」を検出、DB上で唯一の蔵に紐づく銘柄のため自動突合],,,,0
58,1,2025,,金賞,壺天,50944,,,draft,0.95,shinshu_kanpyokai_r6,入賞酒目録: 男山酒造株式会社 壺天 [2026-07-20 事後突合: entry_nameに銘柄名「壺天」を検出、DB上で唯一の蔵に紐づく銘柄のため自動突合],,,,0
59,1,2025,,金賞,秀鳳,50995,,,draft,0.95,shinshu_kanpyokai_r6,入賞酒目録: 有限会社秀鳳酒造場 秀鳳 [2026-07-20 事後突合: entry_nameに銘柄名「秀鳳」を検出、DB上で唯一の蔵に紐づく銘柄のため自動突合],,,,0
60,1,2025,,入賞,銀嶺月山,,,,review,0.95,shinshu_kanpyokai_r6,入賞酒目録: 月山酒造株式会社 豊龍蔵 銀嶺月山,,,,0
61,1,2025,,入賞,千代寿,50975,,,draft,0.95,shinshu_kanpyokai_r6,入賞酒目録: 千代寿虎屋株式会社 千代寿 [2026-07-20 事後突合(新字体正規化): 銘柄「千代壽」に一致],,,,0
62,1,2025,,入賞,東光,51002,,,draft,0.95,shinshu_kanpyokai_r6,入賞酒目録: 株式会社小嶋総本店 東光 [2026-07-20 事後突合: entry_nameに銘柄名「東光」を検出、DB上で唯一の蔵に紐づく銘柄のため自動突合],,,,0
63,1,2025,,金賞,香梅,52954,,,draft,0.95,shinshu_kanpyokai_r6,入賞酒目録: 香坂酒造株式会社 香梅 [2026-07-20 事後突合: entry_nameに銘柄名「香梅」を検出、DB上で唯一の蔵に紐づく銘柄のため自動突合],,,,0
64,1,2025,,金賞,米鶴,50986,,,draft,0.95,shinshu_kanpyokai_r6,入賞酒目録: 米鶴酒造株式会社 米鶴 [2026-07-20 事後突合: entry_nameに銘柄名「米鶴」を検出、DB上で唯一の蔵に紐づく銘柄のため自動突合],,,,0
65,1,2025,,入賞,東の麓,53096,,,draft,0.95,shinshu_kanpyokai_r6,入賞酒目録: 東の麓酒造有限会社 東の麓 [2026-07-20 事後突合: entry_nameに銘柄名「東の麓」を検出、DB上で唯一の蔵に紐づく銘柄のため自動突合],,,,0
66,1,2025,,入賞,一生幸福,,,859,review,0.95,shinshu_kanpyokai_r6,"入賞酒目録: 株式会社鈴木酒造店長井蔵 一生幸福 [2026-07-20 事後突合: entry_nameが銘柄名の一部と一致、蔵は確定だが具体的な銘柄行は特定できず(候補:['一生幸福 大吟醸', '一生幸福 本醸造'])]",,,,0
67,1,2025,,金賞,惣邑,,,851,review,0.95,shinshu_kanpyokai_r6,"入賞酒目録: 長沼合名会社 惣邑 [2026-07-20 事後突合: entry_nameが銘柄名の一部と一致、蔵は確定だが具体的な銘柄行は特定できず(候補:['惣邑 純米大吟醸 雪女神', '惣邑 純米大吟醸 羽州誉', '惣邑 純米吟醸 出羽燦々'])]",,,,0
68,1,2025,,金賞,花羽陽,50966,,,draft,0.95,shinshu_kanpyokai_r6,入賞酒目録: 株式会社小屋酒造 花羽陽 [2026-07-20 事後突合: entry_nameに銘柄名「花羽陽」を検出、DB上で唯一の蔵に紐づく銘柄のため自動突合],,,,0
69,1,2025,,入賞,白露垂珠,50977,,,draft,0.95,shinshu_kanpyokai_r6,入賞酒目録: 竹の露合資会社 白露垂珠 [2026-07-20 事後突合: entry_nameに銘柄名「白露垂珠」を検出、DB上で唯一の蔵に紐づく銘柄のため自動突合],,,,0
70,1,2025,,金賞,栄光冨士,52438,,,draft,0.95,shinshu_kanpyokai_r6,入賞酒目録: 冨士酒造株式会社 栄光冨士 [2026-07-20 事後突合: entry_nameに銘柄名「栄光冨士」を検出、DB上で唯一の蔵に紐づく銘柄のため自動突合],,,,0
71,1,2025,,入賞,上喜元,50951,,,draft,0.95,shinshu_kanpyokai_r6,入賞酒目録: 酒田酒造株式会社 上喜元 [2026-07-20 事後突合: entry_nameに銘柄名「上喜元」を検出、DB上で唯一の蔵に紐づく銘柄のため自動突合],,,,0
72,1,2025,,入賞,清泉川,51014,,,draft,0.95,shinshu_kanpyokai_r6,入賞酒目録: 株式会社オードヴィ庄内 清泉川 [2026-07-20 事後突合: entry_nameに銘柄名「清泉川」を検出、DB上で唯一の蔵に紐づく銘柄のため自動突合],,,,0
73,1,2025,,入賞,辯天,51017,,,draft,0.95,shinshu_kanpyokai_r6,入賞酒目録: 株式会社後藤酒造店 辯天 [2026-07-20 事後突合: entry_nameに銘柄名「辯天」を検出、DB上で唯一の蔵に紐づく銘柄のため自動突合],,,,0
74,1,2025,,金賞,松嶺の富士,,,869,review,0.95,shinshu_kanpyokai_r6,入賞酒目録: 松山酒造株式会社 松嶺の富士 [2026-07-20 事後突合: entry_nameが銘柄名の一部と一致、蔵は確定だが具体的な銘柄行は特定できず(候補:['本醸造 上撰「松嶺の富士」'])],,,,0
75,1,2025,,入賞,鯉川,50940,,,draft,0.95,shinshu_kanpyokai_r6,入賞酒目録: 鯉川酒造株式会社 鯉川 [2026-07-20 事後突合: entry_nameに銘柄名「鯉川」を検出、DB上で唯一の蔵に紐づく銘柄のため自動突合],,,,0
76,1,2025,,入賞,杉勇,51008,,,draft,0.95,shinshu_kanpyokai_r6,入賞酒目録: 合資会社杉勇蕨岡酒造場 杉勇 [2026-07-20 事後突合: entry_nameに銘柄名「杉勇」を検出、DB上で唯一の蔵に紐づく銘柄のため自動突合],,,,0
77,1,2025,,金賞,廣戸川,14089,,,draft,0.95,shinshu_kanpyokai_r6,入賞酒目録: 松崎酒造株式会社 廣戸川 [2026-07-20 事後突合: entry_nameに銘柄名「廣戸川」を検出、DB上で唯一の蔵に紐づく銘柄のため自動突合],,,,0
78,1,2025,,金賞,笹の川,51092,,,draft,0.95,shinshu_kanpyokai_r6,入賞酒目録: 笹の川酒造株式会社 笹の川 [2026-07-20 事後突合: entry_nameに銘柄名「笹の川」を検出、DB上で唯一の蔵に紐づく銘柄のため自動突合],,,,0
79,1,2025,,金賞,さかみずき,,,,review,0.95,shinshu_kanpyokai_r6,入賞酒目録: たに川酒造株式会社 さかみずき,,,,0
80,1,2025,,金賞,あぶくま,52714,,,draft,0.95,shinshu_kanpyokai_r6,入賞酒目録: 有限会社玄葉本店 あぶくま [2026-07-20 事後突合: entry_nameに銘柄名「あぶくま」を検出、DB上で唯一の蔵に紐づく銘柄のため自動突合],,,,0
81,1,2025,,金賞,三春駒,14111,,,draft,0.95,shinshu_kanpyokai_r6,入賞酒目録: 三春酒造株式会社 三春駒 [2026-07-20 事後突合: entry_nameに銘柄名「三春駒」を検出、DB上で唯一の蔵に紐づく銘柄のため自動突合],,,,0
82,1,2025,,入賞,藤乃井,14078,,,draft,0.95,shinshu_kanpyokai_r6,入賞酒目録: 有限会社佐藤酒造店 藤乃井 [2026-07-20 事後突合: entry_nameに銘柄名「藤乃井」を検出、DB上で唯一の蔵に紐づく銘柄のため自動突合],,,,0
83,1,2025,,金賞,人気一,14168,,,draft,0.95,shinshu_kanpyokai_r6,入賞酒目録: 人気酒造株式会社 人気一 [2026-07-20 事後突合: entry_nameに銘柄名「人気一」を検出、DB上で唯一の蔵に紐づく銘柄のため自動突合],,,,0
84,1,2025,,金賞,奥の松,14076,,,draft,0.95,shinshu_kanpyokai_r6,入賞酒目録: 東日本酒造協業組合 奥の松 [2026-07-20 事後突合: entry_nameに銘柄名「奥の松」を検出、DB上で唯一の蔵に紐づく銘柄のため自動突合],,,,0
85,1,2025,,入賞,千功成,14112,,,draft,0.95,shinshu_kanpyokai_r6,入賞酒目録: 株式会社檜物屋酒造店 千功成 [2026-07-20 事後突合: entry_nameに銘柄名「千功成」を検出、DB上で唯一の蔵に紐づく銘柄のため自動突合],,,,0
86,1,2025,,金賞,会津中将,14060,,,draft,0.95,shinshu_kanpyokai_r6,入賞酒目録: 鶴乃江酒造株式会社 会津中将 [2026-07-20 事後突合: entry_nameに銘柄名「会津中将」を検出、DB上で唯一の蔵に紐づく銘柄のため自動突合],,,,0
87,1,2025,,金賞,花春,429,,,draft,0.95,shinshu_kanpyokai_r6,入賞酒目録: 花春酒造株式会社 花春 [2026-07-20 事後突合: entry_nameに銘柄名「花春」を検出、DB上で唯一の蔵に紐づく銘柄のため自動突合],,,,0
88,1,2025,,入賞,会津娘,14144,,,draft,0.95,shinshu_kanpyokai_r6,入賞酒目録: 株式会社髙橋庄作酒造店 会津娘 [2026-07-20 事後突合: entry_nameに銘柄名「会津娘」を検出、DB上で唯一の蔵に紐づく銘柄のため自動突合],,,,0
89,1,2025,,入賞,純米大吟醸 嘉永蔵,,,,review,0.95,shinshu_kanpyokai_r6,入賞酒目録: 末廣酒造株式会社 嘉永蔵 純米大吟醸 嘉永蔵,,,,0
90,1,2025,,入賞,夢心,51100,,,draft,0.95,shinshu_kanpyokai_r6,入賞酒目録: 夢心酒造株式会社 夢心 [2026-07-20 事後突合: entry_nameに銘柄名「夢心」を検出、DB上で唯一の蔵に紐づく銘柄のため自動突合],,,,0
91,1,2025,,金賞,弥右衛門,14152,,,draft,0.95,shinshu_kanpyokai_r6,入賞酒目録: 合資会社大和川酒造店 弥右衛門 [2026-07-20 事後突合: entry_nameに銘柄名「弥右衛門」を検出、DB上で唯一の蔵に紐づく銘柄のため自動突合],,,,0
92,1,2025,,金賞,会津吉の川,52848,,,draft,0.95,shinshu_kanpyokai_r6,入賞酒目録: 合資会社吉の川酒造店 会津吉の川 [2026-07-20 事後突合: entry_nameに銘柄名「吉の川」を検出、DB上で唯一の蔵に紐づく銘柄のため自動突合],,,,0
93,1,2025,,入賞,純米大吟醸 きたのはな,,,,review,0.95,shinshu_kanpyokai_r6,入賞酒目録: 合資会社喜多の華酒造場 純米大吟醸 きたのはな,,,,0
94,1,2025,,入賞,会津ほまれ,14166,,,draft,0.95,shinshu_kanpyokai_r6,入賞酒目録: ほまれ酒造株式会社 会津ほまれ [2026-07-20 事後突合: entry_nameに銘柄名「会津ほまれ」を検出、DB上で唯一の蔵に紐づく銘柄のため自動突合],,,,0
95,1,2025,,入賞,笹正宗,14174,,,draft,0.95,shinshu_kanpyokai_r6,入賞酒目録: 笹正宗酒造株式会社 笹正宗 [2026-07-20 事後突合: entry_nameに銘柄名「笹正宗」を検出、DB上で唯一の蔵に紐づく銘柄のため自動突合],,,,0
96,1,2025,,入賞,國権,14157,,,draft,0.95,shinshu_kanpyokai_r6,入賞酒目録: 國権酒造株式会社 國権 [2026-07-20 事後突合: entry_nameに銘柄名「國権」を検出、DB上で唯一の蔵に紐づく銘柄のため自動突合],,,,0
97,1,2025,,金賞,田島,14179,,,draft,0.95,shinshu_kanpyokai_r6,入賞酒目録: 会津酒造株式会社 田島 [2026-07-20 事後突合: entry_nameに銘柄名「田島」を検出、DB上で唯一の蔵に紐づく銘柄のため自動突合],,,,0
98,1,2025,,金賞,ロ万,14109,,,draft,0.95,shinshu_kanpyokai_r6,入賞酒目録: 花泉酒造株式会社 ロ万 [2026-07-20 事後突合: entry_nameに銘柄名「ロ万」を検出、DB上で唯一の蔵に紐づく銘柄のため自動突合],,,,0
99,1,2025,,入賞,楽器正宗,14068,,,draft,0.95,shinshu_kanpyokai_r6,入賞酒目録: 合名会社大木代吉本店 楽器正宗 [2026-07-20 事後突合: entry_nameに銘柄名「楽器正宗」を検出、DB上で唯一の蔵に紐づく銘柄のため自動突合],,,,0
100,1,2025,,金賞,玄宰,14146,,,draft,0.95,shinshu_kanpyokai_r6,入賞酒目録: 末廣酒造株式会社 博士蔵 玄宰 [2026-07-20 事後突合: entry_nameに銘柄名「玄宰」を検出、DB上で唯一の蔵に紐づく銘柄のため自動突合],,,,0
101,1,2025,,金賞,会津男山 回,14175,,,draft,0.95,shinshu_kanpyokai_r6,入賞酒目録: 合資会社男山酒造店 会津男山 回 [2026-07-20 事後突合: entry_nameに銘柄名「会津男山」を検出、DB上で唯一の蔵に紐づく銘柄のため自動突合],,,,0
102,1,2025,,入賞,萬代芳,52426,,,draft,0.95,shinshu_kanpyokai_r6,入賞酒目録: 合資会社白井酒造店 萬代芳 [2026-07-20 事後突合: entry_nameに銘柄名「萬代芳」を検出、DB上で唯一の蔵に紐づく銘柄のため自動突合],,,,0
103,1,2025,,入賞,學十郎,14140,,,draft,0.95,shinshu_kanpyokai_r6,入賞酒目録: 豊國酒造合資会社 學十郎 [2026-07-20 事後突合: entry_nameに銘柄名「學十郎」を検出、DB上で唯一の蔵に紐づく銘柄のため自動突合],,,,0
104,1,2025,,入賞,一生青春,51045,,,draft,0.95,shinshu_kanpyokai_r6,入賞酒目録: 曙酒造株式会社 一生青春 [2026-07-20 事後突合: entry_nameに銘柄名「一生青春」を検出、DB上で唯一の蔵に紐づく銘柄のため自動突合],,,,0
105,1,2025,,入賞,金水晶,14075,,,draft,0.95,shinshu_kanpyokai_r6,入賞酒目録: 金水晶酒造株式会社 四季の蔵 金水晶 [2026-07-20 事後突合: entry_nameに銘柄名「金水晶」を検出、DB上で唯一の蔵に紐づく銘柄のため自動突合],,,,0
106,1,2025,,金賞,霧筑波,8297,,,draft,0.95,shinshu_kanpyokai_r6,入賞酒目録: 合資会社浦里酒造店 霧筑波 [2026-07-20 事後突合: entry_nameに銘柄名「霧筑波」を検出、DB上で唯一の蔵に紐づく銘柄のため自動突合],,,,0
107,1,2025,,入賞,御慶事,8262,,,draft,0.95,shinshu_kanpyokai_r6,入賞酒目録: 青木酒造株式会社 御慶事 [2026-07-20 事後突合: entry_nameに銘柄名「御慶事」を検出、DB上で唯一の蔵に紐づく銘柄のため自動突合],,,,0
108,1,2025,,金賞,武勇,8273,,,draft,0.95,shinshu_kanpyokai_r6,入賞酒目録: 株式会社武勇 武勇 [2026-07-20 事後突合: entry_nameに銘柄名「武勇」を検出、DB上で唯一の蔵に紐づく銘柄のため自動突合],,,,0
109,1,2025,,入賞,稲里,8287,,,draft,0.95,shinshu_kanpyokai_r6,入賞酒目録: 磯蔵酒造有限会社 稲里 [2026-07-20 事後突合: entry_nameに銘柄名「稲里」を検出、DB上で唯一の蔵に紐づく銘柄のため自動突合],,,,0
110,1,2025,,金賞,一品,8305,,,draft,0.95,shinshu_kanpyokai_r6,入賞酒目録: 吉久保酒造株式会社 一品 [2026-07-20 事後突合: entry_nameに銘柄名「一品」を検出、DB上で唯一の蔵に紐づく銘柄のため自動突合],,,,0
111,1,2025,,入賞,副将軍,8308,,,draft,0.95,shinshu_kanpyokai_r6,入賞酒目録: 明利酒類株式会社 副将軍 [2026-07-20 事後突合: entry_nameに銘柄名「副将軍」を検出、DB上で唯一の蔵に紐づく銘柄のため自動突合],,,,0
112,1,2025,,入賞,白菊,16656,,,draft,0.95,shinshu_kanpyokai_r6,入賞酒目録: 合同会社廣瀬商店 白菊 [2026-07-20 事後突合: entry_nameに銘柄名「白菊」を検出、DB上で唯一の蔵に紐づく銘柄のため自動突合],,,,0
113,1,2025,,金賞,富士大観,51121,,,draft,0.95,shinshu_kanpyokai_r6,入賞酒目録: 森島酒造株式会社 富士大観 [2026-07-20 事後突合: entry_nameに銘柄名「富士大観」を検出、DB上で唯一の蔵に紐づく銘柄のため自動突合],,,,0
114,1,2025,,金賞,七水,26588,,,draft,0.95,shinshu_kanpyokai_r6,入賞酒目録: 株式会社虎屋本店 七水 [2026-07-20 事後突合: entry_nameに銘柄名「七水」を検出、DB上で唯一の蔵に紐づく銘柄のため自動突合],,,,0
115,1,2025,,入賞,四季桜,11294,,,draft,0.95,shinshu_kanpyokai_r6,入賞酒目録: 宇都宮酒造株式会社 四季桜 [2026-07-20 事後突合: entry_nameに銘柄名「四季桜」を検出、DB上で唯一の蔵に紐づく銘柄のため自動突合],,,,0
116,1,2025,,入賞,柏盛,11290,,,draft,0.95,shinshu_kanpyokai_r6,入賞酒目録: 片山酒造株式会社 柏盛 [2026-07-20 事後突合: entry_nameに銘柄名「柏盛」を検出、DB上で唯一の蔵に紐づく銘柄のため自動突合],,,,0
117,1,2025,,金賞,惣譽,,,,review,0.95,shinshu_kanpyokai_r6,入賞酒目録: 惣誉酒造株式会社 惣譽,,,,0
118,1,2025,,入賞,燦爛,11285,,,draft,0.95,shinshu_kanpyokai_r6,入賞酒目録: 株式会社外池酒造店 燦爛 [2026-07-20 事後突合: entry_nameに銘柄名「燦爛」を検出、DB上で唯一の蔵に紐づく銘柄のため自動突合],,,,0
119,1,2025,,金賞,桜川,11306,,,draft,0.95,shinshu_kanpyokai_r6,入賞酒目録: 株式会社辻善兵衛商店 桜川 [2026-07-20 事後突合: entry_nameに銘柄名「桜川」を検出、DB上で唯一の蔵に紐づく銘柄のため自動突合],,,,0
120,1,2025,,入賞,天鷹,11307,,,draft,0.95,shinshu_kanpyokai_r6,入賞酒目録: 天鷹酒造株式会社 天鷹 [2026-07-20 事後突合: entry_nameに銘柄名「天鷹」を検出、DB上で唯一の蔵に紐づく銘柄のため自動突合],,,,0
121,1,2025,,金賞,大那,26620,,,draft,0.95,shinshu_kanpyokai_r6,入賞酒目録: 菊の里酒造株式会社 大那 [2026-07-20 事後突合: entry_nameに銘柄名「大那」を検出、DB上で唯一の蔵に紐づく銘柄のため自動突合],,,,0
122,1,2025,,金賞,開華,11296,,,draft,0.95,shinshu_kanpyokai_r6,入賞酒目録: 第一酒造株式会社 開華 [2026-07-20 事後突合: entry_nameに銘柄名「開華」を検出、DB上で唯一の蔵に紐づく銘柄のため自動突合],,,,0
123,1,2025,,金賞,北冠,11287,,,draft,0.95,shinshu_kanpyokai_r6,入賞酒目録: 北関酒造株式会社 北冠 [2026-07-20 事後突合: entry_nameに銘柄名「北冠」を検出、DB上で唯一の蔵に紐づく銘柄のため自動突合],,,,0
124,1,2025,,金賞,澤姫,11281,,,draft,0.95,shinshu_kanpyokai_r6,入賞酒目録: 株式会社井上清吉商店 澤姫 [2026-07-20 事後突合: entry_nameに銘柄名「澤姫」を検出、DB上で唯一の蔵に紐づく銘柄のため自動突合],,,,0
125,1,2025,,入賞,仙禽 醸,11292,,,draft,0.95,shinshu_kanpyokai_r6,入賞酒目録: 株式会社せんきん 仙禽 醸 [2026-07-20 事後突合: entry_nameに銘柄名「仙禽」を検出、DB上で唯一の蔵に紐づく銘柄のため自動突合],,,,0
126,1,2025,,金賞,忠愛,26702,,,draft,0.95,shinshu_kanpyokai_r6,入賞酒目録: 株式会社富川酒造店 忠愛 [2026-07-20 事後突合: entry_nameに銘柄名「忠愛」を検出、DB上で唯一の蔵に紐づく銘柄のため自動突合],,,,0
127,1,2025,,入賞,松の寿,11293,,,draft,0.95,shinshu_kanpyokai_r6,入賞酒目録: 株式会社松井酒造店 松の寿 [2026-07-20 事後突合: entry_nameに銘柄名「松の寿」を検出、DB上で唯一の蔵に紐づく銘柄のため自動突合],,,,0
128,1,2025,,金賞,十一正宗,11295,,,draft,0.95,shinshu_kanpyokai_r6,入賞酒目録: 森戸酒造株式会社 十一正宗 [2026-07-20 事後突合: entry_nameに銘柄名「十一正宗」を検出、DB上で唯一の蔵に紐づく銘柄のため自動突合],,,,0
129,1,2025,,金賞,鳳凰聖徳,9947,,,draft,0.95,shinshu_kanpyokai_r6,入賞酒目録: 聖徳銘醸株式会社 鳳凰聖徳 [2026-07-20 事後突合: entry_nameに銘柄名「鳳凰聖徳」を検出、DB上で唯一の蔵に紐づく銘柄のため自動突合],,,,0
130,1,2025,,入賞,船尾瀧,9935,,,draft,0.95,shinshu_kanpyokai_r6,入賞酒目録: 柴崎酒造株式会社 船尾瀧 [2026-07-20 事後突合: entry_nameに銘柄名「船尾瀧」を検出、DB上で唯一の蔵に紐づく銘柄のため自動突合],,,,0
131,1,2025,,金賞,群馬泉,9981,,,draft,0.95,shinshu_kanpyokai_r6,入賞酒目録: 島岡酒造株式会社 群馬泉 [2026-07-20 事後突合: entry_nameに銘柄名「群馬泉」を検出、DB上で唯一の蔵に紐づく銘柄のため自動突合],,,,0
132,1,2025,,入賞,流輝,9941,,,draft,0.95,shinshu_kanpyokai_r6,入賞酒目録: 松屋酒造株式会社 流輝 [2026-07-20 事後突合: entry_nameに銘柄名「流輝」を検出、DB上で唯一の蔵に紐づく銘柄のため自動突合],,,,0
133,1,2025,,金賞,赤城山,9972,,,draft,0.95,shinshu_kanpyokai_r6,入賞酒目録: 近藤酒造株式会社 赤城山 [2026-07-20 事後突合: entry_nameに銘柄名「赤城山」を検出、DB上で唯一の蔵に紐づく銘柄のため自動突合],,,,0
134,1,2025,,入賞,貴娘,9954,,,draft,0.95,shinshu_kanpyokai_r6,入賞酒目録: 貴娘酒造株式会社 貴娘 [2026-07-20 事後突合: entry_nameに銘柄名「貴娘」を検出、DB上で唯一の蔵に紐づく銘柄のため自動突合],,,,0
135,1,2025,,金賞,秘幻,9950,,,draft,0.95,shinshu_kanpyokai_r6,入賞酒目録: 浅間酒造株式会社 第二工場 秘幻 [2026-07-20 事後突合: entry_nameに銘柄名「秘幻」を検出、DB上で唯一の蔵に紐づく銘柄のため自動突合],,,,0
136,1,2025,,入賞,水芭蕉,9965,,,draft,0.95,shinshu_kanpyokai_r6,入賞酒目録: 永井酒造株式会社 水芭蕉 [2026-07-20 事後突合: entry_nameに銘柄名「水芭蕉」を検出、DB上で唯一の蔵に紐づく銘柄のため自動突合],,,,0
137,1,2025,,金賞,町田酒造,9926,,,draft,0.95,shinshu_kanpyokai_r6,入賞酒目録: 株式会社町田酒造店 町田酒造 [2026-07-20 事後突合: entry_nameに銘柄名「町田酒造」を検出、DB上で唯一の蔵に紐づく銘柄のため自動突合],,,,0
138,1,2025,,入賞,金紋世界鷹,16586,,,draft,0.95,shinshu_kanpyokai_r6,入賞酒目録: 株式会社小山本家酒造 金紋世界鷹 [2026-07-20 事後突合: entry_nameに銘柄名「金紋世界鷹」を検出、DB上で唯一の蔵に紐づく銘柄のため自動突合],,,,0
139,1,2025,,入賞,豊明,52933,,,draft,0.95,shinshu_kanpyokai_r6,入賞酒目録: 石井酒造株式会社 豊明 [2026-07-20 事後突合: entry_nameに銘柄名「豊明」を検出、DB上で唯一の蔵に紐づく銘柄のため自動突合],,,,0
140,1,2025,,金賞,力士,,,,review,0.95,shinshu_kanpyokai_r6,入賞酒目録: 株式会社釜屋 力士,,,,0
141,1,2025,,金賞,帝松,52945,,,draft,0.95,shinshu_kanpyokai_r6,入賞酒目録: 松岡釀造株式会社 帝松 [2026-07-20 事後突合: entry_nameに銘柄名「帝松」を検出、DB上で唯一の蔵に紐づく銘柄のため自動突合],,,,0
142,1,2025,,金賞,晴雲,3335,,,draft,0.95,shinshu_kanpyokai_r6,入賞酒目録: 晴雲酒造株式会社 晴雲 [2026-07-20 事後突合: entry_nameに銘柄名「晴雲」を検出、DB上で唯一の蔵に紐づく銘柄のため自動突合],,,,0
143,1,2025,,金賞,天覧山,52459,,,draft,0.95,shinshu_kanpyokai_r6,入賞酒目録: 五十嵐酒造株式会社 天覧山 [2026-07-20 事後突合: entry_nameに銘柄名「天覧山」を検出、DB上で唯一の蔵に紐づく銘柄のため自動突合],,,,0
144,1,2025,,金賞,直実,51210,,,draft,0.95,shinshu_kanpyokai_r6,入賞酒目録: 権田酒造株式会社 直実 [2026-07-20 事後突合: entry_nameに銘柄名「直実」を検出、DB上で唯一の蔵に紐づく銘柄のため自動突合],,,,0
145,1,2025,,金賞,日本橋,51213,,,draft,0.95,shinshu_kanpyokai_r6,入賞酒目録: 横田酒造株式会社 日本橋 [2026-07-20 事後突合: entry_nameに銘柄名「日本橋」を検出、DB上で唯一の蔵に紐づく銘柄のため自動突合],,,,0
146,1,2025,,金賞,菊泉,51209,,,draft,0.95,shinshu_kanpyokai_r6,入賞酒目録: 滝澤酒造株式会社 菊泉 [2026-07-20 事後突合: entry_nameに銘柄名「菊泉」を検出、DB上で唯一の蔵に紐づく銘柄のため自動突合],,,,0
147,1,2025,,金賞,秩父錦,52833,,,draft,0.95,shinshu_kanpyokai_r6,入賞酒目録: 株式会社矢尾本店 秩父錦 [2026-07-20 事後突合: entry_nameに銘柄名「秩父錦」を検出、DB上で唯一の蔵に紐づく銘柄のため自動突合],,,,0
148,1,2025,,入賞,長瀞,53171,,,draft,0.95,shinshu_kanpyokai_r6,入賞酒目録: 株式会社藤﨑摠兵衛商店 長瀞 [2026-07-20 事後突合: entry_nameに銘柄名「長瀞」を検出、DB上で唯一の蔵に紐づく銘柄のため自動突合],,,,0
149,1,2025,,入賞,寒梅,,,,review,0.95,shinshu_kanpyokai_r6,入賞酒目録: 寒梅酒造株式会社 寒梅,,,,0
150,1,2025,,金賞,越の鶴,51356,,,draft,0.95,shinshu_kanpyokai_r6,入賞酒目録: 越銘醸株式会社 越の鶴 [2026-07-20 事後突合: entry_nameに銘柄名「越の鶴」を検出、DB上で唯一の蔵に紐づく銘柄のため自動突合],,,,0
151,1,2025,,入賞,越乃景虎,235,,,draft,0.95,shinshu_kanpyokai_r6,入賞酒目録: 諸橋酒造株式会社 越乃景虎,,,,0
152,1,2025,,入賞,吉乃川,23341,,,draft,0.95,shinshu_kanpyokai_r6,入賞酒目録: 吉乃川株式会社 吉乃川 [2026-07-20 事後突合: entry_nameに銘柄名「吉乃川」を検出、DB上で唯一の蔵に紐づく銘柄のため自動突合],,,,0
153,1,2025,,金賞,お福正宗,23200,,,draft,0.95,shinshu_kanpyokai_r6,入賞酒目録: お福酒造株式会社 お福正宗 [2026-07-20 事後突合: entry_nameに銘柄名「お福正宗」を検出、DB上で唯一の蔵に紐づく銘柄のため自動突合],,,,0
154,1,2025,,金賞,柏露,203,,,draft,0.95,shinshu_kanpyokai_r6,入賞酒目録: 柏露酒造株式会社 柏露,,,,0
155,1,2025,,金賞,妙高山,232,,,draft,0.95,shinshu_kanpyokai_r6,入賞酒目録: 妙高酒造株式会社 妙高山,,,,0
156,1,2025,,金賞,越後ゆきくら,,,,review,0.95,shinshu_kanpyokai_r6,入賞酒目録: 玉川酒造株式会社 越後ゆきくら,,,,0
157,1,2025,,入賞,たかの井,51284,,,draft,0.95,shinshu_kanpyokai_r6,入賞酒目録: 高の井酒造株式会社 たかの井 [2026-07-20 事後突合: entry_nameに銘柄名「たかの井」を検出、DB上で唯一の蔵に紐づく銘柄のため自動突合],,,,0
158,1,2025,,金賞,松乃井,168,,,draft,0.95,shinshu_kanpyokai_r6,入賞酒目録: 株式会社松乃井酒造場 松乃井,,,,0
159,1,2025,,入賞,越路乃紅梅,212,,,draft,0.95,shinshu_kanpyokai_r6,入賞酒目録: 頚城酒造株式会社 越路乃紅梅,,,,0
160,1,2025,,入賞,よしかわ杜氏,183,,,draft,0.95,shinshu_kanpyokai_r6,入賞酒目録: 株式会社よしかわ杜氏の郷 よしかわ杜氏,,,,0
161,1,2025,,入賞,上善如水,48106,,,draft,0.95,shinshu_kanpyokai_r6,入賞酒目録: 白瀧酒造株式会社 上善如水 [2026-07-20 事後突合: entry_nameに銘柄名「上善如水」を検出、DB上で唯一の蔵に紐づく銘柄のため自動突合],,,,0
162,1,2025,,金賞,鶴齢,238,,,draft,0.95,shinshu_kanpyokai_r6,入賞酒目録: 青木酒造株式会社 鶴齢,,,,0
163,1,2025,,入賞,髙龗,51376,,,draft,0.95,shinshu_kanpyokai_r6,入賞酒目録: 高千代酒造株式会社 髙龗 [2026-07-20 事後突合: entry_nameに銘柄名「髙龗」を検出、DB上で唯一の蔵に紐づく銘柄のため自動突合],,,,0
164,1,2025,,入賞,苗場山,23348,,,draft,0.95,shinshu_kanpyokai_r6,入賞酒目録: 苗場酒造株式会社 苗場山 [2026-07-20 事後突合: entry_nameに銘柄名「苗場山」を検出、DB上で唯一の蔵に紐づく銘柄のため自動突合],,,,0
165,1,2025,,金賞,つなん,158,,,draft,0.95,shinshu_kanpyokai_r6,入賞酒目録: 津南醸造株式会社 つなん,,,,0
166,1,2025,,金賞,越乃寒梅,198,,,draft,0.95,shinshu_kanpyokai_r6,入賞酒目録: 石本酒造株式会社 越乃寒梅,,,,0
167,1,2025,,入賞,鶴の友,251,,,draft,0.95,shinshu_kanpyokai_r6,入賞酒目録: 樋木酒造株式会社 鶴の友,,,,0
168,1,2025,,入賞,越乃梅里 大吟醸,871,,,draft,0.95,shinshu_kanpyokai_r6,入賞酒目録: 株式会社ＤＨＣ酒造 越乃梅里 大吟醸 [2026-07-20 事後突合: entry_nameに銘柄名「大吟醸」を検出、DB上で唯一の蔵に紐づく銘柄のため自動突合],,,,0
169,1,2025,,入賞,雅楽代,23191,,,draft,0.95,shinshu_kanpyokai_r6,入賞酒目録: 天領盃酒造株式会社 雅楽代 [2026-07-20 事後突合: entry_nameに銘柄名「雅楽代」を検出、DB上で唯一の蔵に紐づく銘柄のため自動突合],,,,0
170,1,2025,,金賞,眞稜,,,,review,0.95,shinshu_kanpyokai_r6,入賞酒目録: 逸見酒造株式会社 眞稜,,,,0
171,1,2025,,入賞,真野鶴,178,,,draft,0.95,shinshu_kanpyokai_r6,入賞酒目録: 尾畑酒造株式会社 真野鶴,,,,0
172,1,2025,,金賞,峰乃白梅 純米大吟醸 瑠璃,,,,review,0.95,shinshu_kanpyokai_r6,入賞酒目録: 峰乃白梅酒造株式会社 峰乃白梅 純米大吟醸 瑠璃,,,,0
173,1,2025,,入賞,菊水,,,,review,0.95,shinshu_kanpyokai_r6,入賞酒目録: 菊水酒造株式会社 節五郎蔵 菊水,,,,0
174,1,2025,,金賞,菊水,,,,review,0.95,shinshu_kanpyokai_r6,入賞酒目録: 菊水酒造株式会社 二王子蔵 菊水,,,,0
175,1,2025,,金賞,大洋盛,217,,,draft,0.95,shinshu_kanpyokai_r6,入賞酒目録: 大洋酒造株式会社 大洋盛,,,,0
176,1,2025,,入賞,〆張鶴,177,,,draft,0.95,shinshu_kanpyokai_r6,入賞酒目録: 宮尾酒造株式会社 〆張鶴,,,,0
177,1,2025,,金賞,越乃雪椿,210,,,draft,0.95,shinshu_kanpyokai_r6,入賞酒目録: 雪椿酒造株式会社 越乃雪椿,,,,0
178,1,2025,,入賞,越後桜,23292,,,draft,0.95,shinshu_kanpyokai_r6,入賞酒目録: 越後桜酒造株式会社 越後桜 [2026-07-20 事後突合: entry_nameに銘柄名「越後桜」を検出、DB上で唯一の蔵に紐づく銘柄のため自動突合],,,,0
179,1,2025,,金賞,麒麟山,234,,,draft,0.95,shinshu_kanpyokai_r6,入賞酒目録: 麒麟山酒造株式会社 麒麟山,,,,0
180,1,2025,,入賞,西之門,,,,review,0.95,shinshu_kanpyokai_r6,入賞酒目録: 株式会社よしのや 西之門,,,,0
181,1,2025,,金賞,若緑,22,,,draft,0.95,shinshu_kanpyokai_r6,入賞酒目録: 株式会社今井酒造店 若緑,,,,0
182,1,2025,,入賞,清酒 北信流,30,,,draft,0.95,shinshu_kanpyokai_r6,入賞酒目録: 株式会社松葉屋本店 清酒 北信流 [2026-07-20 事後突合: entry_nameに銘柄名「北信流」を検出、DB上で唯一の蔵に紐づく銘柄のため自動突合],,,,0
183,1,2025,,入賞,渓流,34,,,draft,0.95,shinshu_kanpyokai_r6,入賞酒目録: 株式会社遠藤酒造場 渓流,,,,0
184,1,2025,,入賞,一滴二滴,47465,,,draft,0.95,shinshu_kanpyokai_r6,入賞酒目録: 志賀泉酒造株式会社 一滴二滴 [2026-07-20 事後突合: entry_nameに銘柄名「一滴二滴」を検出、DB上で唯一の蔵に紐づく銘柄のため自動突合],,,,0
185,1,2025,,金賞,佐久の花,48,,,draft,0.95,shinshu_kanpyokai_r6,入賞酒目録: 佐久の花酒造株式会社 佐久の花,,,,0
186,1,2025,,金賞,井筒長,49,,,draft,0.95,shinshu_kanpyokai_r6,入賞酒目録: 黒澤酒造株式会社 井筒長,,,,0
187,1,2025,,入賞,御園竹,41,,,draft,0.95,shinshu_kanpyokai_r6,入賞酒目録: 武重本家酒造株式会社 御園竹,,,,0
188,1,2025,,入賞,酒の精,,,,review,0.95,shinshu_kanpyokai_r6,入賞酒目録: 千曲錦酒造株式会社 酒の精,,,,0
189,1,2025,,金賞,つきよしの,23110,,,draft,0.95,shinshu_kanpyokai_r6,入賞酒目録: 若林醸造株式会社 つきよしの [2026-07-20 事後突合: entry_nameに銘柄名「つきよしの」を検出、DB上で唯一の蔵に紐づく銘柄のため自動突合],,,,0
190,1,2025,,金賞,松尾,23,,,draft,0.95,shinshu_kanpyokai_r6,入賞酒目録: 株式会社高橋助作酒造店 松尾,,,,0
191,1,2025,,金賞,水尾,14,,,draft,0.95,shinshu_kanpyokai_r6,入賞酒目録: 株式会社田中屋酒造店 水尾,,,,0
192,1,2025,,入賞,北光正宗,15,,,draft,0.95,shinshu_kanpyokai_r6,入賞酒目録: 株式会社角口酒造店 北光正宗,,,,0
193,1,2025,,金賞,アルプス正宗,56,,,draft,0.95,shinshu_kanpyokai_r6,入賞酒目録: 株式会社亀田屋酒造店 アルプス正宗,,,,0
194,1,2025,,入賞,本金,2,,,draft,0.95,shinshu_kanpyokai_r6,入賞酒目録: 酒ぬのや本金酒造株式会社 本金,,,,0
195,1,2025,,金賞,御湖鶴,7,,,draft,0.95,shinshu_kanpyokai_r6,入賞酒目録: 磐栄運送株式会社 諏訪御湖鶴酒造場 御湖鶴,,,,0
196,1,2025,,金賞,高天,5,,,draft,0.95,shinshu_kanpyokai_r6,入賞酒目録: 高天酒造株式会社 高天,,,,0
197,1,2025,,入賞,神渡,6,,,draft,0.95,shinshu_kanpyokai_r6,入賞酒目録: 株式会社豊島屋 神渡,,,,0
198,1,2025,,入賞,信濃錦,64,,,draft,0.95,shinshu_kanpyokai_r6,入賞酒目録: 合資会社宮島酒店 信濃錦,,,,0
199,1,2025,,金賞,中乗さん,70,,,draft,0.95,shinshu_kanpyokai_r6,入賞酒目録: 株式会社中善酒造店 中乗さん,,,,0
200,1,2025,,入賞,北安大國,52684,,,draft,0.95,shinshu_kanpyokai_r6,入賞酒目録: 北安醸造株式会社 北安大國 [2026-07-20 事後突合: entry_nameに銘柄名「北安大國」を検出、DB上で唯一の蔵に紐づく銘柄のため自動突合],,,,0
201,1,2025,,入賞,真澄,4,,,draft,0.95,shinshu_kanpyokai_r6,入賞酒目録: 宮坂醸造株式会社 真澄富士見蔵 真澄,,,,0
202,1,2025,,金賞,夜明け前,61,,,draft,0.95,shinshu_kanpyokai_r6,入賞酒目録: 株式会社小野酒造店 夜明け前,,,,0
203,1,2025,,入賞,今錦,67,,,draft,0.95,shinshu_kanpyokai_r6,入賞酒目録: 米澤酒造株式会社 今錦,,,,0
204,1,2025,,入賞,美寿々,59,,,draft,0.95,shinshu_kanpyokai_r6,入賞酒目録: 美寿々酒造株式会社 美寿々,,,,0
205,1,2025,,金賞,大雪渓,20,,,draft,0.95,shinshu_kanpyokai_r6,入賞酒目録: 大雪溪酒造株式会社 大雪渓,,,,0
206,1,2025,,入賞,大信州,55,,,draft,0.95,shinshu_kanpyokai_r6,入賞酒目録: 大信州酒造株式会社 大信州,,,,0
207,1,2025,,入賞,不動,19744,,,draft,0.95,shinshu_kanpyokai_r6,入賞酒目録: 鍋店株式会社 神崎酒造蔵 不動 [2026-07-20 事後突合: entry_nameに銘柄名「不動」を検出、DB上で唯一の蔵に紐づく銘柄のため自動突合],,,,0
208,1,2025,,金賞,東魁盛,6313,,,draft,0.95,shinshu_kanpyokai_r6,入賞酒目録: 小泉酒造合資会社 東魁盛 [2026-07-20 事後突合: entry_nameに銘柄名「東魁盛」を検出、DB上で唯一の蔵に紐づく銘柄のため自動突合],,,,0
209,1,2025,,入賞,腰古井,6318,,,draft,0.95,shinshu_kanpyokai_r6,入賞酒目録: 吉野酒造株式会社 腰古井 [2026-07-20 事後突合: entry_nameに銘柄名「腰古井」を検出、DB上で唯一の蔵に紐づく銘柄のため自動突合],,,,0
210,1,2025,,入賞,総乃寒菊,16870,,,draft,0.95,shinshu_kanpyokai_r6,入賞酒目録: 合資会社寒菊銘醸 総乃寒菊 [2026-07-20 事後突合: entry_nameに銘柄名「総乃寒菊」を検出、DB上で唯一の蔵に紐づく銘柄のため自動突合],,,,0
211,1,2025,,入賞,喜正,5997,,,draft,0.95,shinshu_kanpyokai_r6,入賞酒目録: 野崎酒造株式会社 喜正 [2026-07-20 事後突合: entry_nameに銘柄名「喜正」を検出、DB上で唯一の蔵に紐づく銘柄のため自動突合],,,,0
212,1,2025,,入賞,多満自慢,5995,,,draft,0.95,shinshu_kanpyokai_r6,入賞酒目録: 石川酒造株式会社 多満自慢 [2026-07-20 事後突合: entry_nameに銘柄名「多満自慢」を検出、DB上で唯一の蔵に紐づく銘柄のため自動突合],,,,0
213,1,2025,,入賞,澤乃井,5994,,,draft,0.95,shinshu_kanpyokai_r6,入賞酒目録: 小澤酒造株式会社 澤乃井 [2026-07-20 事後突合: entry_nameに銘柄名「澤乃井」を検出、DB上で唯一の蔵に紐づく銘柄のため自動突合],,,,0
214,1,2025,,金賞,盛升,6792,,,draft,0.95,shinshu_kanpyokai_r6,入賞酒目録: 黄金井酒造株式会社 盛升 [2026-07-20 事後突合: entry_nameに銘柄名「盛升」を検出、DB上で唯一の蔵に紐づく銘柄のため自動突合],,,,0
215,1,2025,,入賞,白笹鼓,6790,,,draft,0.95,shinshu_kanpyokai_r6,入賞酒目録: 株式会社金井酒造店 白笹鼓 [2026-07-20 事後突合: entry_nameに銘柄名「白笹鼓」を検出、DB上で唯一の蔵に紐づく銘柄のため自動突合],,,,0
216,1,2025,,金賞,春鶯囀,9420,,,draft,0.95,shinshu_kanpyokai_r6,入賞酒目録: 株式会社萬屋醸造店 春鶯囀 [2026-07-20 事後突合: entry_nameに銘柄名「春鶯囀」を検出、DB上で唯一の蔵に紐づく銘柄のため自動突合],,,,0
217,1,2025,,金賞,羽根屋,19895,,,draft,0.95,shinshu_kanpyokai_r6,入賞酒目録: 富美菊酒造株式会社 羽根屋 [2026-07-20 事後突合: entry_nameに銘柄名「羽根屋」を検出、DB上で唯一の蔵に紐づく銘柄のため自動突合],,,,0
218,1,2025,,金賞,立山,9165,,,draft,0.95,shinshu_kanpyokai_r6,入賞酒目録: 立山酒造株式会社 第一工場 立山 [2026-07-20 事後突合: entry_nameに銘柄名「立山」を検出、DB上で唯一の蔵に紐づく銘柄のため自動突合],,,,0
219,1,2025,,入賞,日榮,51499,,,draft,0.95,shinshu_kanpyokai_r6,入賞酒目録: 中村酒造株式会社 日榮 [2026-07-20 事後突合: entry_nameに銘柄名「日榮」を検出、DB上で唯一の蔵に紐づく銘柄のため自動突合],,,,0
220,1,2025,,金賞,加賀ノ月,,,,review,0.95,shinshu_kanpyokai_r6,入賞酒目録: 株式会社加越 加賀ノ月,,,,0
221,1,2025,,金賞,手取川,51481,,,draft,0.95,shinshu_kanpyokai_r6,入賞酒目録: 株式会社吉田酒造店 手取川 [2026-07-20 事後突合: entry_nameに銘柄名「手取川」を検出、DB上で唯一の蔵に紐づく銘柄のため自動突合],,,,0
222,1,2025,,入賞,竹葉,3010,,,draft,0.95,shinshu_kanpyokai_r6,入賞酒目録: 数馬酒造株式会社 竹葉 [2026-07-20 事後突合: entry_nameに銘柄名「竹葉」を検出、DB上で唯一の蔵に紐づく銘柄のため自動突合],,,,0
223,1,2025,,入賞,天狗舞,3001,,,draft,0.95,shinshu_kanpyokai_r6,入賞酒目録: 株式会社車多酒造 天狗舞 [2026-07-20 事後突合: entry_nameに銘柄名「天狗舞」を検出、DB上で唯一の蔵に紐づく銘柄のため自動突合],,,,0
224,1,2025,,金賞,黒龍,7835,,,draft,0.95,shinshu_kanpyokai_r6,入賞酒目録: 黒龍酒造株式会社 正龍蔵 黒龍 [2026-07-20 事後突合: entry_nameに銘柄名「黒龍」を検出、DB上で唯一の蔵に紐づく銘柄のため自動突合],,,,0
225,1,2025,,入賞,越前岬,7837,,,draft,0.95,shinshu_kanpyokai_r6,入賞酒目録: 田辺酒造有限会社 越前岬 [2026-07-20 事後突合: entry_nameに銘柄名「越前岬」を検出、DB上で唯一の蔵に紐づく銘柄のため自動突合],,,,0
226,1,2025,,入賞,永平寺白龍,26609,,,draft,0.95,shinshu_kanpyokai_r6,入賞酒目録: シンフォニー𠮷田酒造株式会社 永平寺白龍 [2026-07-20 事後突合: entry_nameに銘柄名「永平寺白龍」を検出、DB上で唯一の蔵に紐づく銘柄のため自動突合],,,,0
228,1,2025,,入賞,一本義,7849,,,draft,0.95,shinshu_kanpyokai_r6,入賞酒目録: 株式会社一本義久保本店 一本義 [2026-07-20 事後突合: entry_nameに銘柄名「一本義」を検出、DB上で唯一の蔵に紐づく銘柄のため自動突合],,,,0
229,1,2025,,入賞,梵,,,,review,0.95,shinshu_kanpyokai_r6,入賞酒目録: 合資会社加藤吉平商店 梵,,,,0
230,1,2025,,入賞,百春,2883,,,draft,0.95,shinshu_kanpyokai_r6,入賞酒目録: 株式会社小坂酒造場 百春 [2026-07-20 事後突合: entry_nameに銘柄名「百春」を検出、DB上で唯一の蔵に紐づく銘柄のため自動突合],,,,0
231,1,2025,,金賞,玉柏,2887,,,draft,0.95,shinshu_kanpyokai_r6,入賞酒目録: 合資会社山田商店 玉柏 [2026-07-20 事後突合: entry_nameに銘柄名「玉柏」を検出、DB上で唯一の蔵に紐づく銘柄のため自動突合],,,,0
232,1,2025,,入賞,四ツ星,,,,review,0.95,shinshu_kanpyokai_r6,入賞酒目録: 有限会社舩坂酒造店 四ツ星,,,,0
233,1,2025,,金賞,奥飛騨,37098,,,draft,0.95,shinshu_kanpyokai_r6,入賞酒目録: 奥飛騨酒造株式会社 奥飛騨 [2026-07-20 事後突合: entry_nameに銘柄名「飛騨」を検出、DB上で唯一の蔵に紐づく銘柄のため自動突合],,,,0
234,1,2025,,金賞,天領,2911,,,draft,0.95,shinshu_kanpyokai_r6,入賞酒目録: 天領酒造株式会社 天領 [2026-07-20 事後突合: entry_nameに銘柄名「天領」を検出、DB上で唯一の蔵に紐づく銘柄のため自動突合],,,,0
235,1,2025,,入賞,津島屋,19989,,,draft,0.95,shinshu_kanpyokai_r6,入賞酒目録: 御代櫻醸造株式会社 津島屋 [2026-07-20 事後突合: entry_nameに銘柄名「津島屋」を検出、DB上で唯一の蔵に紐づく銘柄のため自動突合],,,,0
236,1,2025,,入賞,富士錦,2320,,,draft,0.95,shinshu_kanpyokai_r6,入賞酒目録: 富士錦酒造株式会社 富士錦 [2026-07-20 事後突合: entry_nameに銘柄名「富士錦」を検出、DB上で唯一の蔵に紐づく銘柄のため自動突合],,,,0
237,1,2025,,金賞,初亀,2326,,,draft,0.95,shinshu_kanpyokai_r6,入賞酒目録: 初亀醸造株式会社 初亀 [2026-07-20 事後突合: entry_nameに銘柄名「初亀」を検出、DB上で唯一の蔵に紐づく銘柄のため自動突合],,,,0
238,1,2025,,金賞,臥龍梅,2304,,,draft,0.95,shinshu_kanpyokai_r6,入賞酒目録: 三和酒造株式会社 臥龍梅 [2026-07-20 事後突合: entry_nameに銘柄名「臥龍梅」を検出、DB上で唯一の蔵に紐づく銘柄のため自動突合],,,,0
239,1,2025,,金賞,磯自慢,2308,,,draft,0.95,shinshu_kanpyokai_r6,入賞酒目録: 磯自慢酒造株式会社 磯自慢 [2026-07-20 事後突合: entry_nameに銘柄名「磯自慢」を検出、DB上で唯一の蔵に紐づく銘柄のため自動突合],,,,0
240,1,2025,,金賞,志太泉,2310,,,draft,0.95,shinshu_kanpyokai_r6,入賞酒目録: 株式会社志太泉酒造 志太泉 [2026-07-20 事後突合: entry_nameに銘柄名「志太泉」を検出、DB上で唯一の蔵に紐づく銘柄のため自動突合],,,,0
241,1,2025,,金賞,出世城,2306,,,draft,0.95,shinshu_kanpyokai_r6,入賞酒目録: 浜松酒造株式会社 出世城 [2026-07-20 事後突合: entry_nameに銘柄名「出世城」を検出、DB上で唯一の蔵に紐づく銘柄のため自動突合],,,,0
242,1,2025,,入賞,開運,2324,,,draft,0.95,shinshu_kanpyokai_r6,入賞酒目録: 株式会社土井酒造場 開運 [2026-07-20 事後突合: entry_nameに銘柄名「開運」を検出、DB上で唯一の蔵に紐づく銘柄のため自動突合],,,,0
243,1,2025,,入賞,榮,,,,review,0.95,shinshu_kanpyokai_r6,入賞酒目録: 御殿場石川酒造株式会社 御厨榮蔵 榮,,,,0
244,1,2025,,入賞,一念不動,51753,,,draft,0.95,shinshu_kanpyokai_r6,入賞酒目録: 関谷醸造株式会社 稲武工場 一念不動 [2026-07-20 事後突合: entry_nameに銘柄名「一念不動」を検出、DB上で唯一の蔵に紐づく銘柄のため自動突合],,,,0
245,1,2025,,入賞,尊皇幻々,,,,review,0.95,shinshu_kanpyokai_r6,入賞酒目録: 山﨑合資会社 尊皇幻々,,,,0
246,1,2025,,入賞,虎変,13948,,,draft,0.95,shinshu_kanpyokai_r6,入賞酒目録: 金虎酒造株式会社 虎変 [2026-07-20 事後突合: entry_nameに銘柄名「虎変」を検出、DB上で唯一の蔵に紐づく銘柄のため自動突合],,,,0
247,1,2025,,入賞,菊石,1707,,,draft,0.95,shinshu_kanpyokai_r6,入賞酒目録: 浦野合資会社 菊石 [2026-07-20 事後突合: entry_nameに銘柄名「菊石」を検出、DB上で唯一の蔵に紐づく銘柄のため自動突合],,,,0
248,1,2025,,金賞,國盛,13979,,,draft,0.95,shinshu_kanpyokai_r6,入賞酒目録: 中埜酒造株式会社 國盛蔵 國盛 [2026-07-20 事後突合: entry_nameに銘柄名「國盛」を検出、DB上で唯一の蔵に紐づく銘柄のため自動突合],,,,0
249,1,2025,,入賞,勲碧,13953,,,draft,0.95,shinshu_kanpyokai_r6,入賞酒目録: 勲碧酒造株式会社 勲碧 [2026-07-20 事後突合: entry_nameに銘柄名「勲碧」を検出、DB上で唯一の蔵に紐づく銘柄のため自動突合],,,,0
250,1,2025,,入賞,武陵桃源,,,,review,0.95,shinshu_kanpyokai_r6,入賞酒目録: 内藤釀造株式会社 武陵桃源,,,,0
251,1,2025,,金賞,宮の雪,51787,,,draft,0.95,shinshu_kanpyokai_r6,入賞酒目録: 株式会社宮﨑本店 宮の雪 [2026-07-20 事後突合: entry_nameに銘柄名「宮の雪」を検出、DB上で唯一の蔵に紐づく銘柄のため自動突合],,,,0
252,1,2025,,金賞,作,,,,review,0.95,shinshu_kanpyokai_r6,入賞酒目録: 清水清三郎商店株式会社 作,,,,0
253,1,2025,,入賞,田光,5464,,,draft,0.95,shinshu_kanpyokai_r6,入賞酒目録: 合名会社早川酒造 田光 [2026-07-20 事後突合: entry_nameに銘柄名「田光」を検出、DB上で唯一の蔵に紐づく銘柄のため自動突合],,,,0
254,1,2025,,入賞,青雲,5441,,,draft,0.95,shinshu_kanpyokai_r6,入賞酒目録: 合資会社後藤酒造場 青雲 [2026-07-20 事後突合: entry_nameに銘柄名「青雲」を検出、DB上で唯一の蔵に紐づく銘柄のため自動突合],,,,0
255,1,2025,,金賞,噴井,5451,,,draft,0.95,shinshu_kanpyokai_r6,入賞酒目録: 石川酒造株式会社 噴井 [2026-07-20 事後突合: entry_nameに銘柄名「噴井」を検出、DB上で唯一の蔵に紐づく銘柄のため自動突合],,,,0
256,1,2025,,金賞,半蔵,5521,,,draft,0.95,shinshu_kanpyokai_r6,入賞酒目録: 株式会社大田酒造 半蔵 [2026-07-20 事後突合: entry_nameに銘柄名「半蔵」を検出、DB上で唯一の蔵に紐づく銘柄のため自動突合],,,,0
257,1,2025,,入賞,瀧自慢,5531,,,draft,0.95,shinshu_kanpyokai_r6,入賞酒目録: 瀧自慢酒造株式会社 瀧自慢 [2026-07-20 事後突合: entry_nameに銘柄名「瀧自慢」を検出、DB上で唯一の蔵に紐づく銘柄のため自動突合],,,,0
258,1,2025,,入賞,而今,5528,,,draft,0.95,shinshu_kanpyokai_r6,入賞酒目録: 木屋正酒造株式会社 而今 [2026-07-20 事後突合: entry_nameに銘柄名「而今」を検出、DB上で唯一の蔵に紐づく銘柄のため自動突合],,,,0
259,1,2025,,入賞,天下錦,5529,,,draft,0.95,shinshu_kanpyokai_r6,入賞酒目録: 株式会社福持酒造場 天下錦 [2026-07-20 事後突合: entry_nameに銘柄名「天下錦」を検出、DB上で唯一の蔵に紐づく銘柄のため自動突合],,,,0
260,1,2025,,入賞,福和蔵,5513,,,draft,0.95,shinshu_kanpyokai_r6,入賞酒目録: 井村屋株式会社 福和蔵 福和蔵 [2026-07-20 事後突合: entry_nameに銘柄名「福和蔵」を検出、DB上で唯一の蔵に紐づく銘柄のため自動突合],,,,0
261,1,2025,,入賞,鉾杉,5502,,,draft,0.95,shinshu_kanpyokai_r6,入賞酒目録: 河武醸造株式会社 鉾杉 [2026-07-20 事後突合: entry_nameに銘柄名「鉾杉」を検出、DB上で唯一の蔵に紐づく銘柄のため自動突合],,,,0
262,1,2025,,金賞,松の司,9086,,,draft,0.95,shinshu_kanpyokai_r6,入賞酒目録: 松瀬酒造株式会社 松の司 [2026-07-20 事後突合: entry_nameに銘柄名「松の司」を検出、DB上で唯一の蔵に紐づく銘柄のため自動突合],,,,0
263,1,2025,,金賞,多賀,9092,,,draft,0.95,shinshu_kanpyokai_r6,入賞酒目録: 多賀株式会社 多賀 [2026-07-20 事後突合: entry_nameに銘柄名「多賀」を検出、DB上で唯一の蔵に紐づく銘柄のため自動突合],,,,0
264,1,2025,,入賞,金紋 道灌,,,,review,0.95,shinshu_kanpyokai_r6,入賞酒目録: 太田酒造株式会社 本社 不盡蔵 金紋 道灌,,,,0
265,1,2025,,金賞,喜楽長,9089,,,draft,0.95,shinshu_kanpyokai_r6,入賞酒目録: 喜多酒造株式会社 喜楽長 [2026-07-20 事後突合: entry_nameに銘柄名「喜楽長」を検出、DB上で唯一の蔵に紐づく銘柄のため自動突合],,,,0
266,1,2025,,入賞,美冨久 純米大吟醸 昇天神,,,,review,0.95,shinshu_kanpyokai_r6,入賞酒目録: 美冨久酒造株式会社 美冨久 純米大吟醸 昇天神,,,,0
267,1,2025,,金賞,聚樂第,,,,review,0.95,shinshu_kanpyokai_r6,入賞酒目録: 佐々木酒造株式会社 聚樂第,,,,0
268,1,2025,,金賞,月桂冠,1314,,,draft,0.95,shinshu_kanpyokai_r6,入賞酒目録: 月桂冠株式会社 内蔵 月桂冠 [2026-07-20 事後突合: entry_nameに銘柄名「月桂冠」を検出、DB上で唯一の蔵に紐づく銘柄のため自動突合],,,,0
269,1,2025,,入賞,白菊水仕込み伏見銘酒,1329,,,draft,0.95,shinshu_kanpyokai_r6,入賞酒目録: 伏見銘酒協同組合 白菊水仕込み伏見銘酒 [2026-07-20 事後突合: entry_nameに銘柄名「伏見銘酒」を検出、DB上で唯一の蔵に紐づく銘柄のため自動突合],,,,0
270,1,2025,,金賞,坤滴,1321,,,draft,0.95,shinshu_kanpyokai_r6,入賞酒目録: 東山酒造有限会社 坤滴 [2026-07-20 事後突合: entry_nameに銘柄名「坤滴」を検出、DB上で唯一の蔵に紐づく銘柄のため自動突合],,,,0
271,1,2025,,入賞,玉乃光,1319,,,draft,0.95,shinshu_kanpyokai_r6,入賞酒目録: 玉乃光酒造株式会社 玉乃光 [2026-07-20 事後突合: entry_nameに銘柄名「玉乃光」を検出、DB上で唯一の蔵に紐づく銘柄のため自動突合],,,,0
272,1,2025,,入賞,世界鷹,1315,,,draft,0.95,shinshu_kanpyokai_r6,入賞酒目録: 株式会社小山本家酒造 京都伏見工場 世界鷹 [2026-07-20 事後突合: entry_nameに銘柄名「世界鷹」を検出、DB上で唯一の蔵に紐づく銘柄のため自動突合],,,,0
273,1,2025,,入賞,英勲,1316,,,draft,0.95,shinshu_kanpyokai_r6,入賞酒目録: 齊藤酒造株式会社 本蔵 英勲 [2026-07-20 事後突合: entry_nameに銘柄名「英勲」を検出、DB上で唯一の蔵に紐づく銘柄のため自動突合],,,,0
274,1,2025,,入賞,黄桜,,,,review,0.95,shinshu_kanpyokai_r6,入賞酒目録: 黄桜株式会社 三栖蔵 黄桜,,,,0
275,1,2025,,金賞,黄桜,,,,review,0.95,shinshu_kanpyokai_r6,入賞酒目録: 黄桜株式会社 伏水蔵 黄桜,,,,0
276,1,2025,,入賞,純米大吟醸 招德,,,,review,0.95,shinshu_kanpyokai_r6,入賞酒目録: 招德酒造株式会社 純米大吟醸 招德,,,,0
277,1,2025,,入賞,富翁,1310,,,draft,0.95,shinshu_kanpyokai_r6,入賞酒目録: 株式会社北川本家 富翁 [2026-07-20 事後突合: entry_nameに銘柄名「富翁」を検出、DB上で唯一の蔵に紐づく銘柄のため自動突合],,,,0
278,1,2025,,金賞,松竹梅,,,,review,0.95,shinshu_kanpyokai_r6,入賞酒目録: 宝酒造株式会社 伏見工場 松竹梅,,,,0
279,1,2025,,入賞,月桂冠,1314,,,draft,0.95,shinshu_kanpyokai_r6,入賞酒目録: 月桂冠株式会社 大手一号蔵 月桂冠 [2026-07-20 事後突合: entry_nameに銘柄名「月桂冠」を検出、DB上で唯一の蔵に紐づく銘柄のため自動突合],,,,0
280,1,2025,,金賞,國乃長,4417,,,draft,0.95,shinshu_kanpyokai_r6,入賞酒目録: 壽酒造株式会社 本社工場 國乃長 [2026-07-20 事後突合: entry_nameに銘柄名「國乃長」を検出、DB上で唯一の蔵に紐づく銘柄のため自動突合],,,,0
281,1,2025,,入賞,天野酒,4422,,,draft,0.95,shinshu_kanpyokai_r6,入賞酒目録: 西條合資会社 天野酒 [2026-07-20 事後突合: entry_nameに銘柄名「天野酒」を検出、DB上で唯一の蔵に紐づく銘柄のため自動突合],,,,0
282,1,2025,,入賞,荘の郷,4425,,,draft,0.95,shinshu_kanpyokai_r6,入賞酒目録: 有限会社北庄司酒造店 荘の郷 [2026-07-20 事後突合: entry_nameに銘柄名「荘の郷」を検出、DB上で唯一の蔵に紐づく銘柄のため自動突合],,,,0
283,1,2025,,金賞,浪花正宗,4429,,,draft,0.95,shinshu_kanpyokai_r6,入賞酒目録: 浪花酒造有限会社 浪花正宗 [2026-07-20 事後突合: entry_nameに銘柄名「浪花正宗」を検出、DB上で唯一の蔵に紐づく銘柄のため自動突合],,,,0
284,1,2025,,入賞,浜福鶴,475,,,draft,0.95,shinshu_kanpyokai_r6,入賞酒目録: 株式会社小山本家酒造 灘浜福鶴蔵 浜福鶴 [2026-07-20 事後突合: entry_nameに銘柄名「浜福鶴」を検出、DB上で唯一の蔵に紐づく銘柄のため自動突合],,,,0
285,1,2025,,金賞,菊正宗,463,,,draft,0.95,shinshu_kanpyokai_r6,入賞酒目録: 菊正宗酒造株式会社 菊栄蔵 菊正宗 [2026-07-20 事後突合: entry_nameに銘柄名「菊正宗」を検出、DB上で唯一の蔵に紐づく銘柄のため自動突合],,,,0
287,1,2025,,金賞,白鶴,462,,,draft,0.95,shinshu_kanpyokai_r6,入賞酒目録: 白鶴酒造株式会社 本店三号工場 白鶴 [2026-07-20 事後突合: entry_nameに銘柄名「白鶴」を検出、DB上で唯一の蔵に紐づく銘柄のため自動突合],,,,0
289,1,2025,,金賞,福壽,467,,,draft,0.95,shinshu_kanpyokai_r6,入賞酒目録: 株式会社神戸酒心館 福寿蔵 福壽 [2026-07-20 事後突合(新字体正規化): 銘柄「福寿」に一致],,,,0
290,1,2025,,金賞,仙介,468,,,draft,0.95,shinshu_kanpyokai_r6,入賞酒目録: 泉酒造株式会社 喜卯蔵 仙介 [2026-07-20 事後突合: entry_nameに銘柄名「仙介」を検出、DB上で唯一の蔵に紐づく銘柄のため自動突合],,,,0
291,1,2025,,金賞,白鷹,482,,,draft,0.95,shinshu_kanpyokai_r6,入賞酒目録: 白鷹株式会社 白鷹 [2026-07-20 事後突合: entry_nameに銘柄名「白鷹」を検出、DB上で唯一の蔵に紐づく銘柄のため自動突合],,,,0
292,1,2025,,金賞,黒松白鹿,483,,,draft,0.95,shinshu_kanpyokai_r6,入賞酒目録: 辰馬本家酒造株式会社 六光蔵 黒松白鹿 [2026-07-20 事後突合: entry_nameに銘柄名「黒松白鹿」を検出、DB上で唯一の蔵に紐づく銘柄のため自動突合],,,,0
293,1,2025,,入賞,日本盛,477,,,draft,0.95,shinshu_kanpyokai_r6,入賞酒目録: 日本盛株式会社 SAKARI Craft 日本盛 [2026-07-20 事後突合: entry_nameに銘柄名「日本盛」を検出、DB上で唯一の蔵に紐づく銘柄のため自動突合],,,,0
294,1,2025,,金賞,日本盛,477,,,draft,0.95,shinshu_kanpyokai_r6,入賞酒目録: 日本盛株式会社 本蔵 日本盛 [2026-07-20 事後突合: entry_nameに銘柄名「日本盛」を検出、DB上で唯一の蔵に紐づく銘柄のため自動突合],,,,0
295,1,2025,,金賞,大関,489,,,draft,0.95,shinshu_kanpyokai_r6,入賞酒目録: 大関株式会社 恒和蔵 大関 [2026-07-20 事後突合: entry_nameに銘柄名「大関」を検出、DB上で唯一の蔵に紐づく銘柄のため自動突合],,,,0
297,1,2025,,金賞,白雪,534,,,draft,0.95,shinshu_kanpyokai_r6,入賞酒目録: 小西酒造株式会社 富士山蔵 白雪 [2026-07-20 事後突合: entry_nameに銘柄名「白雪」を検出、DB上で唯一の蔵に紐づく銘柄のため自動突合],,,,0
299,1,2025,,入賞,鳳鳴,518,,,draft,0.95,shinshu_kanpyokai_r6,入賞酒目録: 鳳鳴酒造株式会社 味間工場 鳳鳴 [2026-07-20 事後突合: entry_nameに銘柄名「鳳鳴」を検出、DB上で唯一の蔵に紐づく銘柄のため自動突合],,,,0
300,1,2025,,金賞,小鼓,515,,,draft,0.95,shinshu_kanpyokai_r6,入賞酒目録: 株式会社西山酒造場 小鼓 [2026-07-20 事後突合: entry_nameに銘柄名「小鼓」を検出、DB上で唯一の蔵に紐づく銘柄のため自動突合],,,,0
301,1,2025,,入賞,奥丹波,516,,,draft,0.95,shinshu_kanpyokai_r6,入賞酒目録: 山名酒造株式会社 奥丹波 [2026-07-20 事後突合: entry_nameに銘柄名「奥丹波」を検出、DB上で唯一の蔵に紐づく銘柄のため自動突合],,,,0
302,1,2025,,入賞,酒造之助,86230,,,draft,0.95,shinshu_kanpyokai_r6,入賞酒目録: 灘菊酒造株式会社 甲蔵 酒造之助 [2026-07-20 事後突合: entry_nameに銘柄名「酒造之助」を検出、DB上で唯一の蔵に紐づく銘柄のため自動突合],,,,0
303,1,2025,,金賞,龍力 米のささやき,507,,,draft,0.95,shinshu_kanpyokai_r6,入賞酒目録: 株式会社本田商店 尚龍蔵 龍力 米のささやき [2026-07-20 事後突合: entry_nameに銘柄名「米のささやき」を検出、DB上で唯一の蔵に紐づく銘柄のため自動突合],,,,0
304,1,2025,,入賞,龍力 米のささやき,507,,,draft,0.95,shinshu_kanpyokai_r6,入賞酒目録: 株式会社本田商店 親龍蔵 龍力 米のささやき [2026-07-20 事後突合: entry_nameに銘柄名「米のささやき」を検出、DB上で唯一の蔵に紐づく銘柄のため自動突合],,,,0
305,1,2025,,入賞,雪彦山,502,,,draft,0.95,shinshu_kanpyokai_r6,入賞酒目録: 壷坂酒造株式会社 雪彦山 [2026-07-20 事後突合: entry_nameに銘柄名「雪彦山」を検出、DB上で唯一の蔵に紐づく銘柄のため自動突合],,,,0
306,1,2025,,金賞,播州一献,511,,,draft,0.95,shinshu_kanpyokai_r6,入賞酒目録: 山陽盃酒造株式会社 播州一献 [2026-07-20 事後突合: entry_nameに銘柄名「播州一献」を検出、DB上で唯一の蔵に紐づく銘柄のため自動突合],,,,0
307,1,2025,,入賞,白鶴,462,,,draft,0.95,shinshu_kanpyokai_r6,入賞酒目録: 白鶴酒造株式会社 ハクツル サケクラフト 白鶴 [2026-07-20 事後突合: entry_nameに銘柄名「白鶴」を検出、DB上で唯一の蔵に紐づく銘柄のため自動突合],,,,0
308,1,2025,,入賞,山鶴,8706,,,draft,0.95,shinshu_kanpyokai_r6,入賞酒目録: 株式会社中本酒造店 山鶴 [2026-07-20 事後突合: entry_nameに銘柄名「山鶴」を検出、DB上で唯一の蔵に紐づく銘柄のため自動突合],,,,0
309,1,2025,,金賞,春鹿,8701,,,draft,0.95,shinshu_kanpyokai_r6,入賞酒目録: 株式会社今西清兵衞商店 春鹿 [2026-07-20 事後突合: entry_nameに銘柄名「春鹿」を検出、DB上で唯一の蔵に紐づく銘柄のため自動突合],,,,0
310,1,2025,,入賞,豊祝,,,,review,0.95,shinshu_kanpyokai_r6,入賞酒目録: 奈良豊澤酒造株式会社 豊祝,,,,0
311,1,2025,,金賞,長龍,,,,review,0.95,shinshu_kanpyokai_r6,入賞酒目録: 長龍酒造株式会社 広陵蔵 長龍,,,,0
312,1,2025,,入賞,五神,8722,,,draft,0.95,shinshu_kanpyokai_r6,入賞酒目録: 五條酒造株式会社 五神 [2026-07-20 事後突合: entry_nameに銘柄名「五神」を検出、DB上で唯一の蔵に紐づく銘柄のため自動突合],,,,0
313,1,2025,,金賞,猩々,,,,review,0.95,shinshu_kanpyokai_r6,入賞酒目録: 北村酒造株式会社 猩々,,,,0
314,1,2025,,金賞,紀土,19750,,,draft,0.95,shinshu_kanpyokai_r6,入賞酒目録: 平和酒造株式会社 紀土 [2026-07-20 事後突合: entry_nameに銘柄名「紀土」を検出、DB上で唯一の蔵に紐づく銘柄のため自動突合],,,,0
315,1,2025,,入賞,一掴,,,,review,0.95,shinshu_kanpyokai_r6,入賞酒目録: 株式会社名手酒造店 一掴,,,,0
316,1,2025,,金賞,紀伊国屋 文左衛門,,,,review,0.95,shinshu_kanpyokai_r6,入賞酒目録: 中野ＢＣ株式会社 紀伊国屋 文左衛門,,,,0
317,1,2025,,入賞,稲田姫,11328,,,draft,0.95,shinshu_kanpyokai_r6,入賞酒目録: 株式会社稲田本店 稲田姫 [2026-07-20 事後突合: entry_nameに銘柄名「稲田姫」を検出、DB上で唯一の蔵に紐づく銘柄のため自動突合],,,,0
318,1,2025,,金賞,鷹勇,11336,,,draft,0.95,shinshu_kanpyokai_r6,入賞酒目録: 大谷酒造株式会社 鷹勇 [2026-07-20 事後突合: entry_nameに銘柄名「鷹勇」を検出、DB上で唯一の蔵に紐づく銘柄のため自動突合],,,,0
319,1,2025,,金賞,隠岐誉,53016,,,draft,0.95,shinshu_kanpyokai_r6,入賞酒目録: 隠岐酒造株式会社 隠岐誉 [2026-07-20 事後突合: entry_nameに銘柄名「隠岐誉」を検出、DB上で唯一の蔵に紐づく銘柄のため自動突合],,,,0
320,1,2025,,入賞,豊の秋,52116,,,draft,0.95,shinshu_kanpyokai_r6,入賞酒目録: 米田酒造株式会社 豊の秋 [2026-07-20 事後突合: entry_nameに銘柄名「豊の秋」を検出、DB上で唯一の蔵に紐づく銘柄のため自動突合],,,,0
321,1,2025,,入賞,李白,52124,,,draft,0.95,shinshu_kanpyokai_r6,入賞酒目録: 李白酒造有限会社 李白 [2026-07-20 事後突合: entry_nameに銘柄名「李白」を検出、DB上で唯一の蔵に紐づく銘柄のため自動突合],,,,0
322,1,2025,,金賞,月山,52125,,,draft,0.95,shinshu_kanpyokai_r6,入賞酒目録: 吉田酒造株式会社 月山 [2026-07-20 事後突合: entry_nameに銘柄名「月山」を検出、DB上で唯一の蔵に紐づく銘柄のため自動突合],,,,0
323,1,2025,,金賞,出雲富士,52123,,,draft,0.95,shinshu_kanpyokai_r6,入賞酒目録: 富士酒造合資会社 出雲富士 [2026-07-20 事後突合: entry_nameに銘柄名「出雲富士」を検出、DB上で唯一の蔵に紐づく銘柄のため自動突合],,,,0
324,1,2025,,入賞,石見銀山,52394,,,draft,0.95,shinshu_kanpyokai_r6,入賞酒目録: 一宮酒造有限会社 石見銀山 [2026-07-20 事後突合: entry_nameに銘柄名「石見銀山」を検出、DB上で唯一の蔵に紐づく銘柄のため自動突合],,,,0
325,1,2025,,入賞,環日本海,52803,,,draft,0.95,shinshu_kanpyokai_r6,入賞酒目録: 日本海酒造株式会社 環日本海 [2026-07-20 事後突合: entry_nameに銘柄名「環日本海」を検出、DB上で唯一の蔵に紐づく銘柄のため自動突合],,,,0
326,1,2025,,入賞,初陣,,,7298,review,0.95,shinshu_kanpyokai_r6,"入賞酒目録: 古橋酒造株式会社 初陣 [2026-07-20 事後突合: entry_nameが銘柄名の一部と一致、蔵は確定だが具体的な銘柄行は特定できず(候補:['初陣 特撰大吟醸津和野', '初陣 純米吟醸'])]",,,,0
327,1,2025,,入賞,天穏,52728,,,draft,0.95,shinshu_kanpyokai_r6,入賞酒目録: 板倉酒造有限会社 天穏 [2026-07-20 事後突合: entry_nameに銘柄名「天穏」を検出、DB上で唯一の蔵に紐づく銘柄のため自動突合],,,,0
328,1,2025,,入賞,酒一筋,52486,,,draft,0.95,shinshu_kanpyokai_r6,入賞酒目録: 利守酒造株式会社 酒一筋 [2026-07-20 事後突合: entry_nameに銘柄名「酒一筋」を検出、DB上で唯一の蔵に紐づく銘柄のため自動突合],,,,0
329,1,2025,,入賞,萬年雪,52614,,,draft,0.95,shinshu_kanpyokai_r6,入賞酒目録: 森田酒造株式会社 萬年雪 [2026-07-20 事後突合: entry_nameに銘柄名「萬年雪」を検出、DB上で唯一の蔵に紐づく銘柄のため自動突合],,,,0
330,1,2025,,金賞,伊七,52127,,,draft,0.95,shinshu_kanpyokai_r6,入賞酒目録: 熊屋酒造有限会社 伊七 [2026-07-20 事後突合: entry_nameに銘柄名「伊七」を検出、DB上で唯一の蔵に紐づく銘柄のため自動突合],,,,0
331,1,2025,,金賞,大典 白菊,16656,,,draft,0.95,shinshu_kanpyokai_r6,入賞酒目録: 白菊酒造株式会社 大典 白菊 [2026-07-20 事後突合: entry_nameに銘柄名「白菊」を検出、DB上で唯一の蔵に紐づく銘柄のため自動突合],,,,0
332,1,2025,,入賞,喜平,52132,,,draft,0.95,shinshu_kanpyokai_r6,入賞酒目録: 平喜酒造株式会社 喜平 [2026-07-20 事後突合: entry_nameに銘柄名「喜平」を検出、DB上で唯一の蔵に紐づく銘柄のため自動突合],,,,0
333,1,2025,,金賞,三光正宗,53122,,,draft,0.95,shinshu_kanpyokai_r6,入賞酒目録: 三光正宗株式会社 三光正宗 [2026-07-20 事後突合: entry_nameに銘柄名「三光正宗」を検出、DB上で唯一の蔵に紐づく銘柄のため自動突合],,,,0
334,1,2025,,金賞,神雷,12193,,,draft,0.95,shinshu_kanpyokai_r6,入賞酒目録: 三輪酒造株式会社 神雷 [2026-07-20 事後突合: entry_nameに銘柄名「神雷」を検出、DB上で唯一の蔵に紐づく銘柄のため自動突合],,,,0
335,1,2025,,金賞,醉心,12186,,,draft,0.95,shinshu_kanpyokai_r6,入賞酒目録: 株式会社醉心山根本店 沼田東工場 醉心 [2026-07-20 事後突合: entry_nameに銘柄名「醉心」を検出、DB上で唯一の蔵に紐づく銘柄のため自動突合],,,,0
336,1,2025,,入賞,誠鏡,12179,,,draft,0.95,shinshu_kanpyokai_r6,入賞酒目録: 中尾醸造株式会社 誠鏡 [2026-07-20 事後突合: entry_nameに銘柄名「誠鏡」を検出、DB上で唯一の蔵に紐づく銘柄のため自動突合],,,,0
337,1,2025,,金賞,美和桜,12197,,,draft,0.95,shinshu_kanpyokai_r6,入賞酒目録: 美和櫻酒造有限会社 美和桜 [2026-07-20 事後突合: entry_nameに銘柄名「美和桜」を検出、DB上で唯一の蔵に紐づく銘柄のため自動突合],,,,0
338,1,2025,,入賞,旭鳳,12207,,,draft,0.95,shinshu_kanpyokai_r6,入賞酒目録: 旭鳳酒造株式会社 旭鳳 [2026-07-20 事後突合: entry_nameに銘柄名「旭鳳」を検出、DB上で唯一の蔵に紐づく銘柄のため自動突合],,,,0
339,1,2025,,金賞,八幡川,,,,review,0.95,shinshu_kanpyokai_r6,入賞酒目録: 八幡川酒造株式会社 八幡川,,,,0
340,1,2025,,入賞,雨後の月,12236,,,draft,0.95,shinshu_kanpyokai_r6,入賞酒目録: 相原酒造株式会社 雨後の月 [2026-07-20 事後突合: entry_nameに銘柄名「雨後の月」を検出、DB上で唯一の蔵に紐づく銘柄のため自動突合],,,,0
341,1,2025,,入賞,瑞雲 華鳩,12202,,,draft,0.95,shinshu_kanpyokai_r6,入賞酒目録: 榎酒造株式会社 瑞雲 華鳩 [2026-07-20 事後突合: entry_nameに銘柄名「華鳩」を検出、DB上で唯一の蔵に紐づく銘柄のため自動突合],,,,0
342,1,2025,,入賞,三谷春,12204,,,draft,0.95,shinshu_kanpyokai_r6,入賞酒目録: 林酒造株式会社 三谷春 [2026-07-20 事後突合: entry_nameに銘柄名「三谷春」を検出、DB上で唯一の蔵に紐づく銘柄のため自動突合],,,,0
343,1,2025,,入賞,酒将 一代 弥山,12231,,,draft,0.95,shinshu_kanpyokai_r6,入賞酒目録: 株式会社サクラオブルワリーアンドディスティラリー 酒将 一代 弥山 [2026-07-20 事後突合: entry_nameに銘柄名「一代 弥山」を検出、DB上で唯一の蔵に紐づく銘柄のため自動突合],,,,0
344,1,2025,,入賞,賀茂泉,12215,,,draft,0.95,shinshu_kanpyokai_r6,入賞酒目録: 賀茂泉酒造株式会社 賀茂泉 [2026-07-20 事後突合: entry_nameに銘柄名「賀茂泉」を検出、DB上で唯一の蔵に紐づく銘柄のため自動突合],,,,0
345,1,2025,,入賞,特製金紋 賀茂鶴,12210,,,draft,0.95,shinshu_kanpyokai_r6,入賞酒目録: 賀茂鶴酒造株式会社 ２号蔵 特製金紋 賀茂鶴 [2026-07-20 事後突合: entry_nameに銘柄名「賀茂鶴」を検出、DB上で唯一の蔵に紐づく銘柄のため自動突合],,,,0
347,1,2025,,金賞,特製金紋 賀茂鶴,12210,,,draft,0.95,shinshu_kanpyokai_r6,入賞酒目録: 賀茂鶴酒造株式会社 ８号蔵 特製金紋 賀茂鶴 [2026-07-20 事後突合: entry_nameに銘柄名「賀茂鶴」を検出、DB上で唯一の蔵に紐づく銘柄のため自動突合],,,,0
348,1,2025,,入賞,神髄 西條鶴,,,,review,0.95,shinshu_kanpyokai_r6,入賞酒目録: 西條鶴醸造株式会社 酒宝蔵 神髄 西條鶴,,,,0
349,1,2025,,入賞,芳華金紋 白牡丹,12212,,,draft,0.95,shinshu_kanpyokai_r6,入賞酒目録: 白牡丹酒造株式会社 天保庫 芳華金紋 白牡丹 [2026-07-20 事後突合: entry_nameに銘柄名「白牡丹」を検出、DB上で唯一の蔵に紐づく銘柄のため自動突合],,,,0
350,1,2025,,金賞,芳華金紋 白牡丹,12212,,,draft,0.95,shinshu_kanpyokai_r6,入賞酒目録: 白牡丹酒造株式会社 長春庫 芳華金紋 白牡丹 [2026-07-20 事後突合: entry_nameに銘柄名「白牡丹」を検出、DB上で唯一の蔵に紐づく銘柄のため自動突合],,,,0
352,1,2025,,金賞,桜吹雪,12218,,,draft,0.95,shinshu_kanpyokai_r6,入賞酒目録: 金光酒造合資会社 桜吹雪 [2026-07-20 事後突合: entry_nameに銘柄名「桜吹雪」を検出、DB上で唯一の蔵に紐づく銘柄のため自動突合],,,,0
353,1,2025,,金賞,雁木,2556,,,draft,0.95,shinshu_kanpyokai_r6,入賞酒目録: 八百新酒造株式会社 雁木 [2026-07-20 事後突合: entry_nameに銘柄名「雁木」を検出、DB上で唯一の蔵に紐づく銘柄のため自動突合],,,,0
354,1,2025,,金賞,五橋,2557,,,draft,0.95,shinshu_kanpyokai_r6,入賞酒目録: 酒井酒造株式会社 五橋 [2026-07-20 事後突合: entry_nameに銘柄名「五橋」を検出、DB上で唯一の蔵に紐づく銘柄のため自動突合],,,,0
355,1,2025,,金賞,防長鶴,19918,,,draft,0.95,shinshu_kanpyokai_r6,入賞酒目録: 株式会社山縣本店 防長鶴 [2026-07-20 事後突合: entry_nameに銘柄名「防長鶴」を検出、DB上で唯一の蔵に紐づく銘柄のため自動突合],,,,0
356,1,2025,,金賞,金紋 寿,,,,review,0.95,shinshu_kanpyokai_r6,入賞酒目録: 株式会社中島屋酒造場 金紋 寿,,,,0
357,1,2025,,金賞,わかむすめ 燕子花,19933,,,draft,0.95,shinshu_kanpyokai_r6,入賞酒目録: 新谷酒造株式会社 わかむすめ 燕子花 [2026-07-20 事後突合: entry_nameに銘柄名「わかむすめ」を検出、DB上で唯一の蔵に紐づく銘柄のため自動突合],,,,0
358,1,2025,,金賞,山猿,,,,review,0.95,shinshu_kanpyokai_r6,入賞酒目録: 永山酒造合名会社 山猿,,,,0
359,1,2025,,金賞,長陽福娘,2564,,,draft,0.95,shinshu_kanpyokai_r6,入賞酒目録: 岩崎酒造株式会社 長陽福娘 [2026-07-20 事後突合: entry_nameに銘柄名「長陽福娘」を検出、DB上で唯一の蔵に紐づく銘柄のため自動突合],,,,0
360,1,2025,,金賞,長門峡,2562,,,draft,0.95,shinshu_kanpyokai_r6,入賞酒目録: 有限会社岡崎酒造場 長門峡 [2026-07-20 事後突合: entry_nameに銘柄名「長門峡」を検出、DB上で唯一の蔵に紐づく銘柄のため自動突合],,,,0
361,1,2025,,入賞,東洋美人,2558,,,draft,0.95,shinshu_kanpyokai_r6,入賞酒目録: 株式会社澄川酒造場 東洋美人 [2026-07-20 事後突合: entry_nameに銘柄名「東洋美人」を検出、DB上で唯一の蔵に紐づく銘柄のため自動突合],,,,0
362,1,2025,,入賞,瓢太閤,,,,review,0.95,shinshu_kanpyokai_r6,入賞酒目録: 日新酒類株式会社 太閤酒造場 瓢太閤,,,,0
363,1,2025,,入賞,きらい,,,,review,0.95,shinshu_kanpyokai_r6,入賞酒目録: 司菊酒造株式会社 きらい,,,,0
364,1,2025,,入賞,鳴門鯛,13938,,,draft,0.95,shinshu_kanpyokai_r6,入賞酒目録: 株式会社本家松浦酒造場 鳴門鯛 [2026-07-20 事後突合: entry_nameに銘柄名「鳴門鯛」を検出、DB上で唯一の蔵に紐づく銘柄のため自動突合],,,,0
365,1,2025,,金賞,綾菊,53063,,,draft,0.95,shinshu_kanpyokai_r6,入賞酒目録: 綾菊酒造株式会社 綾菊 [2026-07-20 事後突合: entry_nameに銘柄名「綾菊」を検出、DB上で唯一の蔵に紐づく銘柄のため自動突合],,,,0
366,1,2025,,入賞,金陵,52208,,,draft,0.95,shinshu_kanpyokai_r6,入賞酒目録: 西野金陵株式会社 琴平蔵 金陵 [2026-07-20 事後突合: entry_nameに銘柄名「金陵」を検出、DB上で唯一の蔵に紐づく銘柄のため自動突合],,,,0
367,1,2025,,入賞,川鶴,52212,,,draft,0.95,shinshu_kanpyokai_r6,入賞酒目録: 川鶴酒造株式会社 川鶴 [2026-07-20 事後突合: entry_nameに銘柄名「川鶴」を検出、DB上で唯一の蔵に紐づく銘柄のため自動突合],,,,0
368,1,2025,,入賞,仁喜多津,3702,,,draft,0.95,shinshu_kanpyokai_r6,入賞酒目録: 水口酒造株式会社 仁喜多津 [2026-07-20 事後突合: entry_nameに銘柄名「仁喜多津」を検出、DB上で唯一の蔵に紐づく銘柄のため自動突合],,,,0
369,1,2025,,入賞,京ひな,3709,,,draft,0.95,shinshu_kanpyokai_r6,入賞酒目録: 酒六酒造株式会社 京ひな [2026-07-20 事後突合: entry_nameに銘柄名「京ひな」を検出、DB上で唯一の蔵に紐づく銘柄のため自動突合],,,,0
370,1,2025,,入賞,石鎚,3695,,,draft,0.95,shinshu_kanpyokai_r6,入賞酒目録: 石鎚酒造株式会社 石鎚 [2026-07-20 事後突合: entry_nameに銘柄名「石鎚」を検出、DB上で唯一の蔵に紐づく銘柄のため自動突合],,,,0
371,1,2025,,金賞,山丹正宗,3699,,,draft,0.95,shinshu_kanpyokai_r6,入賞酒目録: 株式会社八木酒造部 山丹正宗 [2026-07-20 事後突合: entry_nameに銘柄名「山丹正宗」を検出、DB上で唯一の蔵に紐づく銘柄のため自動突合],,,,0
372,1,2025,,入賞,梅錦,3692,,,draft,0.95,shinshu_kanpyokai_r6,入賞酒目録: 梅錦山川株式会社 梅錦 [2026-07-20 事後突合: entry_nameに銘柄名「梅錦」を検出、DB上で唯一の蔵に紐づく銘柄のため自動突合],,,,0
373,1,2025,,入賞,亀泉,10265,,,draft,0.95,shinshu_kanpyokai_r6,入賞酒目録: 亀泉酒造株式会社 亀泉 [2026-07-20 事後突合: entry_nameに銘柄名「亀泉」を検出、DB上で唯一の蔵に紐づく銘柄のため自動突合],,,,0
374,1,2025,,金賞,豊能梅,10254,,,draft,0.95,shinshu_kanpyokai_r6,入賞酒目録: 高木酒造株式会社 豊能梅 [2026-07-20 事後突合: entry_nameに銘柄名「豊能梅」を検出、DB上で唯一の蔵に紐づく銘柄のため自動突合],,,,0
375,1,2025,,入賞,土佐しらぎく,10251,,,draft,0.95,shinshu_kanpyokai_r6,入賞酒目録: 有限会社仙頭酒造場 土佐しらぎく [2026-07-20 事後突合: entry_nameに銘柄名「土佐しらぎく」を検出、DB上で唯一の蔵に紐づく銘柄のため自動突合],,,,0
376,1,2025,,入賞,美丈夫,10240,,,draft,0.95,shinshu_kanpyokai_r6,入賞酒目録: 有限会社濵川商店 美丈夫 [2026-07-20 事後突合: entry_nameに銘柄名「美丈夫」を検出、DB上で唯一の蔵に紐づく銘柄のため自動突合],,,,0
377,1,2025,,金賞,土佐鶴,10246,,,draft,0.95,shinshu_kanpyokai_r6,入賞酒目録: 土佐鶴酒造株式会社 北大野工場 天平蔵 土佐鶴 [2026-07-20 事後突合: entry_nameに銘柄名「土佐鶴」を検出、DB上で唯一の蔵に紐づく銘柄のため自動突合],,,,0
378,1,2025,,金賞,南,,,,review,0.95,shinshu_kanpyokai_r6,入賞酒目録: 有限会社南酒造場 南,,,,0
379,1,2025,,金賞,文佳人,10256,,,draft,0.95,shinshu_kanpyokai_r6,入賞酒目録: 株式会社アリサワ 文佳人 [2026-07-20 事後突合: entry_nameに銘柄名「文佳人」を検出、DB上で唯一の蔵に紐づく銘柄のため自動突合],,,,0
380,1,2025,,金賞,司牡丹,10266,,,draft,0.95,shinshu_kanpyokai_r6,入賞酒目録: 司牡丹酒造株式会社 第一製造場 司牡丹 [2026-07-20 事後突合: entry_nameに銘柄名「司牡丹」を検出、DB上で唯一の蔵に紐づく銘柄のため自動突合],,,,0
382,1,2025,,金賞,筑紫野,,,939,review,0.95,shinshu_kanpyokai_r6,入賞酒目録: 大賀酒造株式会社 筑紫野 [2026-07-20 事後突合: entry_nameが銘柄名の一部と一致、蔵は確定だが具体的な銘柄行は特定できず(候補:['大吟醸 筑紫野'])],,,,0
383,1,2025,,金賞,池亀,52293,,,draft,0.95,shinshu_kanpyokai_r6,入賞酒目録: 池亀酒造株式会社 池亀 [2026-07-20 事後突合: entry_nameに銘柄名「池亀」を検出、DB上で唯一の蔵に紐づく銘柄のため自動突合],,,,0
384,1,2025,,入賞,庭のうぐいす,52305,,,draft,0.95,shinshu_kanpyokai_r6,入賞酒目録: 株式会社山口酒造場 庭のうぐいす [2026-07-20 事後突合: entry_nameに銘柄名「庭のうぐいす」を検出、DB上で唯一の蔵に紐づく銘柄のため自動突合],,,,0
385,1,2025,,入賞,山の壽,52527,,,draft,0.95,shinshu_kanpyokai_r6,入賞酒目録: 山の壽酒造株式会社 山の壽 [2026-07-20 事後突合: entry_nameに銘柄名「山の壽」を検出、DB上で唯一の蔵に紐づく銘柄のため自動突合],,,,0
386,1,2025,,金賞,三井の寿,52296,,,draft,0.95,shinshu_kanpyokai_r6,入賞酒目録: 株式会社みいの寿 三井の寿 [2026-07-20 事後突合: entry_nameに銘柄名「三井の寿」を検出、DB上で唯一の蔵に紐づく銘柄のため自動突合],,,,0
387,1,2025,,入賞,繁桝,52313,,,draft,0.95,shinshu_kanpyokai_r6,入賞酒目録: 株式会社高橋商店 繁桝 [2026-07-20 事後突合: entry_nameに銘柄名「繁桝」を検出、DB上で唯一の蔵に紐づく銘柄のため自動突合],,,,0
388,1,2025,,金賞,比良松,52308,,,draft,0.95,shinshu_kanpyokai_r6,入賞酒目録: 株式会社篠崎 比良松 [2026-07-20 事後突合: entry_nameに銘柄名「比良松」を検出、DB上で唯一の蔵に紐づく銘柄のため自動突合],,,,0
389,1,2025,,金賞,基峰鶴 純米大吟醸 山田錦,,,,review,0.95,shinshu_kanpyokai_r6,入賞酒目録: 合資会社基山商店 基峰鶴 純米大吟醸 山田錦,,,,0
390,1,2025,,金賞,大吟醸 宗政,871,,,draft,0.95,shinshu_kanpyokai_r6,入賞酒目録: 宗政酒造株式会社 大吟醸 宗政 [2026-07-20 事後突合: entry_nameに銘柄名「大吟醸」を検出、DB上で唯一の蔵に紐づく銘柄のため自動突合],,,,0
391,1,2025,,金賞,天山,10955,,,draft,0.95,shinshu_kanpyokai_r6,入賞酒目録: 天山酒造株式会社 天山 [2026-07-20 事後突合: entry_nameに銘柄名「天山」を検出、DB上で唯一の蔵に紐づく銘柄のため自動突合],,,,0
392,1,2025,,金賞,聚楽太閤,10961,,,draft,0.95,shinshu_kanpyokai_r6,入賞酒目録: 鳴滝酒造株式会社 聚楽太閤 [2026-07-20 事後突合: entry_nameに銘柄名「聚楽太閤」を検出、DB上で唯一の蔵に紐づく銘柄のため自動突合],,,,0
393,1,2025,,入賞,天吹,10942,,,draft,0.95,shinshu_kanpyokai_r6,入賞酒目録: 天吹酒造合資会社 天吹 [2026-07-20 事後突合: entry_nameに銘柄名「天吹」を検出、DB上で唯一の蔵に紐づく銘柄のため自動突合],,,,0
394,1,2025,,金賞,肥前蔵心純米大吟醸権右衛門,,,,review,0.95,shinshu_kanpyokai_r6,入賞酒目録: 矢野酒造株式会社 肥前蔵心純米大吟醸権右衛門,,,,0
395,1,2025,,金賞,鍋島,10992,,,draft,0.95,shinshu_kanpyokai_r6,入賞酒目録: 富久千代酒造有限会社 鍋島 [2026-07-20 事後突合: entry_nameに銘柄名「鍋島」を検出、DB上で唯一の蔵に紐づく銘柄のため自動突合],,,,0
396,1,2025,,入賞,東長,10978,,,draft,0.95,shinshu_kanpyokai_r6,入賞酒目録: 瀬頭酒造株式会社 東長 [2026-07-20 事後突合: entry_nameに銘柄名「東長」を検出、DB上で唯一の蔵に紐づく銘柄のため自動突合],,,,0
397,1,2025,,入賞,万齢,10963,,,draft,0.95,shinshu_kanpyokai_r6,入賞酒目録: 小松酒造株式会社 万齢 [2026-07-20 事後突合: entry_nameに銘柄名「万齢」を検出、DB上で唯一の蔵に紐づく銘柄のため自動突合],,,,0
398,1,2025,,入賞,白嶽,10680,,,draft,0.95,shinshu_kanpyokai_r6,入賞酒目録: 白嶽酒造株式会社 白嶽 [2026-07-20 事後突合: entry_nameに銘柄名「白嶽」を検出、DB上で唯一の蔵に紐づく銘柄のため自動突合],,,,0
399,1,2025,,金賞,純米大吟醸丁子屋,,,,review,0.95,shinshu_kanpyokai_r6,入賞酒目録: 株式会社杵の川 純米大吟醸丁子屋,,,,0
400,1,2025,,金賞,千代の園,10284,,,draft,0.95,shinshu_kanpyokai_r6,入賞酒目録: 千代の園酒造株式会社 千代の園 [2026-07-20 事後突合: entry_nameに銘柄名「千代の園」を検出、DB上で唯一の蔵に紐づく銘柄のため自動突合],,,,0
401,1,2025,,入賞,久住千羽鶴,47715,,,draft,0.95,shinshu_kanpyokai_r6,入賞酒目録: 佐藤酒造株式会社 久住千羽鶴 [2026-07-20 事後突合: entry_nameに銘柄名「久住千羽鶴」を検出、DB上で唯一の蔵に紐づく銘柄のため自動突合],,,,0
402,1,2025,,金賞,和香牡丹,52364,,,draft,0.95,shinshu_kanpyokai_r6,入賞酒目録: 三和酒類株式会社 和香牡丹 [2026-07-20 事後突合: entry_nameに銘柄名「和香牡丹」を検出、DB上で唯一の蔵に紐づく銘柄のため自動突合],,,,0
403,1,2025,,入賞,登喜一,480,,,draft,0.95,shinshu_kanpyokai_r6,入賞酒目録: 雲海酒造株式会社 綾蔵 登喜一 [2026-07-20 事後突合: entry_nameに銘柄名「喜一」を検出、DB上で唯一の蔵に紐づく銘柄のため自動突合],,,,0
8061,8061,2025,Junmai Ginjo,Nagano Junmai Ginjo Trophy,16th Kurouemon Junmai Ginjo Aiyama,,,,review,0.75,iwc_sake_2025,Nagano Junmai Ginjo Trophy / 16th Kurouemon Junmai,,,,0
8062,8061,2025,Junmai,Junmai Trophy,Asamayama Ibuki,,,,review,0.85,iwc_sake_2025,Junmai Trophy / Asamayama Ibuki,,,,0
8063,8061,2025,Honjozo,Miyagi Honjozo Trophy,Atagonomatsu Betsushikomi Honjozo,,,,review,0.85,iwc_sake_2025,Miyagi Honjozo Trophy / Atagonomatsu Betsushikomi ,,,,0
8064,8061,2025,Honjozo,Honjozo Trophy,Atagonomatsu Kennai Honjozo,79187,,,draft,0.85,iwc_sake_2025,Honjozo Trophy / Atagonomatsu Kennai Honjozo [2026-07-20 事後突合: entry_nameに銘柄名「en」を検出、DB上で唯一の蔵に紐づく銘柄のため自動突合],,,,0
8065,8061,2025,Junmai Daiginjo,Hyogo Junmai Daiginjo Trophy,Banshu-Ikkon Junmai Daiginjo Yamadanishiki,,,,review,0.8,iwc_sake_2025,Hyogo Junmai Daiginjo Trophy / Banshu-Ikkon Junmai,,,,0
8066,8061,2025,Junmai Ginjo,Koichi Junmai Ginjo Trophy,Boken Ringo,79187,,,draft,0.85,iwc_sake_2025,Koichi Junmai Ginjo Trophy / Boken Ringo [2026-07-20 事後突合: entry_nameに銘柄名「en」を検出、DB上で唯一の蔵に紐づく銘柄のため自動突合],,,,0
8067,8061,2025,Junmai Daiginjo,Tottoi Junmai Daiginjo Trophy,Chiyomusubi Junmai Daiginjo Goriki30,,,,review,0.85,iwc_sake_2025,Tottoi Junmai Daiginjo Trophy / Chiyomusubi Junmai,,,,0
8068,8061,2025,Junmai Ginjo,Junmai Ginjo Trophy,Daisekkei Junmai Ginjo D Omachi,,,,review,0.85,iwc_sake_2025,Junmai Ginjo Trophy / Daisekkei Junmai Ginjo D Oma,,,,0
8069,8061,2025,Koshu,Niigata Koshu Trophy,Echigobijin Koshu H16,,,,review,0.85,iwc_sake_2025,Niigata Koshu Trophy / Echigobijin Koshu H16,,,,0
8070,8061,2025,Sparkling Nama-zake,Yamaguchi Sparkling Nama-zake Trophy,Gangi Sparkling Junmai Daiginjo,,,,review,0.8,iwc_sake_2025,Yamaguchi Sparkling Nama-zake Trophy / Gangi Spark,,,,0
8071,8061,2025,Futsu-shu,Futsu-shu Trophy,Hanaakita,,,,review,0.85,iwc_sake_2025,Futsu-shu Trophy / Hanaakita,,,,0
8072,8061,2025,Koshu,Koshu Trophy,Jumangame Junmai Koshu,,,,review,0.8,iwc_sake_2025,Koshu Trophy / Jumangame Junmai Koshu,,,,0
8073,8061,2025,Junmai Daiginjo,Tochigi Junmai Daiginjo Trophy,Junmai Daiginjo Aratana,,,,review,0.6,iwc_sake_2025,Tochigi Junmai Daiginjo Trophy / Junmai Daiginjo A,,,,0
8074,8061,2025,Aged Sake,Aged Sake Trophy,Junmai Daiginjo Zankyo Super7 2018,,,,review,0.65,iwc_sake_2025,Aged Sake Trophy / Junmai Daiginjo Zankyo Super7 2,,,,0
8075,8061,2025,Sparkling Sake,Sparkling Sake Trophy,Kamotsuru Sparkling Sake KOJU,,,,review,0.85,iwc_sake_2025,Sparkling Sake Trophy / Kamotsuru Sparkling Sake K,,,,0
8076,8061,2025,Taru-zake,Hyogo Taru-zake Trophy,Kiku-Masamune Junmai Taru Sake,,,,review,0.85,iwc_sake_2025,Hyogo Taru-zake Trophy / Kiku-Masamune Junmai Taru,,,,0
8077,8061,2025,Daiginjo,Saitima Daiginjo Trophy,Kikuizumi Daiginjo,,,,review,0.85,iwc_sake_2025,Saitima Daiginjo Trophy / Kikuizumi Daiginjo,,,,0
8078,8061,2025,Nigori Honjozo,Nigori Honjozo Trophy,Kikusui Honjozo ShirokiTenryu,79187,,,draft,0.85,iwc_sake_2025,Nigori Honjozo Trophy / Kikusui Honjozo ShirokiTen [2026-07-20 事後突合: entry_nameに銘柄名「en」を検出、DB上で唯一の蔵に紐づく銘柄のため自動突合],,,,0
8079,8061,2025,Junmai Daiginjo,Chiba Junmai Daiginjo Trophy,Kinoene Junmai Daiginjo Yamadanishiki50,79187,,,draft,0.85,iwc_sake_2025,Chiba Junmai Daiginjo Trophy / Kinoene Junmai Daig [2026-07-20 事後突合: entry_nameに銘柄名「en」を検出、DB上で唯一の蔵に紐づく銘柄のため自動突合],,,,0
8080,8061,2025,Ginjo,Ginjo Trophy,Mutsu Hassen Pink Label,79187,,,draft,0.85,iwc_sake_2025,Ginjo Trophy / Mutsu Hassen Pink Label [2026-07-20 事後突合: entry_nameに銘柄名「en」を検出、DB上で唯一の蔵に紐づく銘柄のため自動突合],,,,0
8081,8061,2025,Daiginjo,Daiginjo Trophy,Nagasaki Bijin Daiginjo,,,,review,0.8,iwc_sake_2025,Daiginjo Trophy / Nagasaki Bijin Daiginjo,,,,0
8082,8061,2025,Aged Sake,Miyagi Aged Sake Trophy,Niizawa 2018,,,,review,0.85,iwc_sake_2025,Miyagi Aged Sake Trophy / Niizawa 2018,,,,0
8083,8061,2025,Junmai Daiginjo,Miyagi Junmai Daiginjo Trophy,Niizawa Kizashi 2021,,,,review,0.8,iwc_sake_2025,Miyagi Junmai Daiginjo Trophy / Niizawa Kizashi 20,,,,0
8084,8061,2025,Daiginjo,Gumma Daiginjo Trophy,Premium Daiginjo Higen,79187,,,draft,0.85,iwc_sake_2025,Gumma Daiginjo Trophy / Premium Daiginjo Higen [2026-07-20 事後突合: entry_nameに銘柄名「en」を検出、DB上で唯一の蔵に紐づく銘柄のため自動突合],,,,0
8085,8061,2025,Taru-zake,Yamagata Taru-zake Trophy,Sake Hundred Shirin,,,,review,0.65,iwc_sake_2025,Yamagata Taru-zake Trophy / Sake Hundred Shirin,,,,0
8086,8061,2025,Futsu-shu,Tochigi Futsu-shu Trophy,Sen,79187,,,draft,0.85,iwc_sake_2025,Tochigi Futsu-shu Trophy / Sen [2026-07-20 事後突合: entry_nameに銘柄名「en」を検出、DB上で唯一の蔵に紐づく銘柄のため自動突合],,,,0
8087,8061,2025,Junmai Ginjo,Kanagawa Junmai Ginjo Trophy,Setoichi Kakukakushikajika,,,,review,0.75,iwc_sake_2025,Kanagawa Junmai Ginjo Trophy / Setoichi Kakukakush,,,,0
8088,8061,2025,Junmai Daiginjo,Junmai Daiginjo Trophy,Shichiken Hakushin Junmai Daiginjo,79187,,,draft,0.85,iwc_sake_2025,Junmai Daiginjo Trophy / Shichiken Hakushin Junmai [2026-07-20 事後突合: entry_nameに銘柄名「en」を検出、DB上で唯一の蔵に紐づく銘柄のため自動突合],,,,0
8089,8061,2025,Junmai,Hyogo Junmai Trophy,Shochikubai Shirakabegura Nend,79187,,,draft,0.85,iwc_sake_2025,Hyogo Junmai Trophy / Shochikubai Shirakabegura Ne [2026-07-20 事後突合: entry_nameに銘柄名「en」を検出、DB上で唯一の蔵に紐づく銘柄のため自動突合],,,,0
8090,8061,2025,Koshu,Nara Koshu Trophy,Tanzan Kijoshu Ruijoshu,,,,review,0.8,iwc_sake_2025,Nara Koshu Trophy / Tanzan Kijoshu Ruijoshu,,,,0
8091,8061,2025,Junmai,Hiroshima Junmai Trophy,Tokubetsu Junmai Ugonotsuki Jusanya,,,,review,0.6,iwc_sake_2025,Hiroshima Junmai Trophy / Tokubetsu Junmai Ugonots,,,,0
8092,8061,2025,Sparkling Rose,Yamagata Sparkling Rose Trophy,Yonetsuru (Grateful Cranes) Sparkling Rose,,,,review,0.85,iwc_sake_2025,Yamagata Sparkling Rose Trophy / Yonetsuru (Gratef,,,,0
8093,8093,2025,大吟醸酒部門,プラチナ賞,陸奥八仙 大吟醸,4908,,,draft,0.8,kuramaster_2025,陸奥八仙 大吟醸｜八戸酒造株式会社｜青森県,,,,0
8094,8093,2025,大吟醸酒部門,プラチナ賞,来福 大吟醸 雫,8300,,,draft,0.8,kuramaster_2025,来福　大吟醸　雫｜来福酒造株式会社｜茨城県,,,,0
8095,8093,2025,大吟醸酒部門,プラチナ賞,MIZUBASHO VINTAGE 2006 大吟醸,871,,,draft,0.85,kuramaster_2025,MIZUBASHO VINTAGE 2006 大吟醸｜永井酒造株式会社｜群馬県 [2026-07-20 事後突合: entry_nameに銘柄名「大吟醸」を検出、DB上で唯一の蔵に紐づく銘柄のため自動突合],,,,0
8096,8093,2025,大吟醸酒部門,プラチナ賞,力士 大吟醸,3299,,,draft,0.85,kuramaster_2025,力士 大吟醸｜株式会社釜屋｜埼玉県 [2026-07-20 事後突合: entry_nameに銘柄名「力士 大吟醸」を検出、DB上で唯一の蔵に紐づく銘柄のため自動突合],,,,0
8097,8093,2025,大吟醸酒部門,プラチナ賞,越後桜38 大吟醸,,,,review,0.7,kuramaster_2025,越後桜38 大吟醸｜越後桜酒造株式会社｜新潟県,,,,0
8098,8093,2025,大吟醸酒部門,プラチナ賞,吟の慶 大吟醸,871,,,draft,0.85,kuramaster_2025,吟の慶 大吟醸｜王紋酒造株式会社｜新潟県 [2026-07-20 事後突合: entry_nameに銘柄名「大吟醸」を検出、DB上で唯一の蔵に紐づく銘柄のため自動突合],,,,0
8099,8093,2025,大吟醸酒部門,プラチナ賞,大吟醸 八海山 浩和蔵仕込,23036,,,draft,0.6,kuramaster_2025,大吟醸　八海山　浩和蔵仕込｜八海醸造株式会社｜新潟県,,,,0
8100,8093,2025,大吟醸酒部門,プラチナ賞,羽根屋 大吟醸 袋吊り斗瓶囲い,19895,,,draft,0.8,kuramaster_2025,羽根屋　大吟醸　袋吊り斗瓶囲い｜富美菊酒造株式会社｜富山県,,,,0
8101,8093,2025,大吟醸酒部門,プラチナ賞,大吟醸 四ッ星,871,,,draft,0.85,kuramaster_2025,大吟醸　四ッ星｜有限会社舩坂酒造店｜岐阜県 [2026-07-20 事後突合: entry_nameに銘柄名「大吟醸」を検出、DB上で唯一の蔵に紐づく銘柄のため自動突合],,,,0
8102,8093,2025,大吟醸酒部門,プラチナ賞,おかげさま大吟醸,5507,,,draft,0.9,kuramaster_2025,おかげさま大吟醸｜株式会社伊勢萬｜三重県 [2026-07-20 事後突合: entry_nameに銘柄名「おかげさま」を検出、DB上で唯一の蔵に紐づく銘柄のため自動突合],,,,0
8103,8093,2025,大吟醸酒部門,プラチナ賞,筰 竹冠のざく,,,,review,0.8,kuramaster_2025,筰　竹冠のざく｜清水清三郎商店株式会社｜三重県,,,,0
8104,8093,2025,大吟醸酒部門,金賞,一ノ蔵 大吟醸,6965,,,draft,0.8,kuramaster_2025,一ノ蔵 大吟醸｜株式会社一ノ蔵｜宮城県,,,,0
8105,8093,2025,大吟醸酒部門,金賞,エクストラ大吟醸 浦霞,871,,,draft,0.85,kuramaster_2025,エクストラ大吟醸 浦霞｜株式会社佐浦｜宮城県 [2026-07-20 事後突合: entry_nameに銘柄名「大吟醸」を検出、DB上で唯一の蔵に紐づく銘柄のため自動突合],,,,0
8106,8093,2025,大吟醸酒部門,金賞,刈穂 耕雲,26885,,,draft,0.8,kuramaster_2025,刈穂　耕雲｜秋田清酒株式会社｜秋田県,,,,0
8107,8093,2025,大吟醸酒部門,金賞,惣誉 大吟醸,11305,,,draft,0.8,kuramaster_2025,惣誉 大吟醸｜惣誉酒造株式会社｜栃木県,,,,0
8108,8093,2025,大吟醸酒部門,金賞,甲子 大吟醸 山田錦40,16829,,,draft,0.8,kuramaster_2025,甲子　大吟醸　山田錦40｜株式会社飯沼本家｜千葉県,,,,0
8109,8093,2025,大吟醸酒部門,金賞,越後桜  première 大吟醸,23292,,,draft,0.8,kuramaster_2025,越後桜 　première　大吟醸｜越後桜酒造株式会社｜新潟県,,,,0
8110,8093,2025,大吟醸酒部門,金賞,事無笑酒,26683,,,draft,0.9,kuramaster_2025,事無笑酒｜株式会社一本義久保本店｜福井県,,,,0
8111,8093,2025,大吟醸酒部門,金賞,七笑 大吟醸,69,,,draft,0.8,kuramaster_2025,七笑　大吟醸｜七笑酒造株式会社｜長野県,,,,0
8112,8093,2025,大吟醸酒部門,金賞,初緑 大吟醸,2910,,,draft,0.8,kuramaster_2025,初緑 大吟醸｜奥飛騨酒造株式会社｜岐阜県,,,,0
8113,8093,2025,大吟醸酒部門,金賞,花の舞 至福の極み 大吟醸,2307,,,draft,0.8,kuramaster_2025,花の舞　至福の極み　大吟醸｜花の舞酒造株式会社｜静岡県,,,,0
8114,8093,2025,大吟醸酒部門,金賞,作 陽山一滴水,5487,,,draft,0.8,kuramaster_2025,作　陽山一滴水｜清水清三郎商店株式会社｜三重県,,,,0
8115,8093,2025,大吟醸酒部門,金賞,作 大智,5487,,,draft,0.8,kuramaster_2025,作　大智｜清水清三郎商店株式会社｜三重県,,,,0
8116,8093,2025,大吟醸酒部門,金賞,超特撰白雪大吟醸富士山蔵,,,,review,0.9,kuramaster_2025,超特撰白雪大吟醸富士山蔵｜小西酒造株式会社｜兵庫県,,,,0
8117,8093,2025,大吟醸酒部門,金賞,超特撰白雪伊丹諸白大吟醸,871,,,draft,0.9,kuramaster_2025,超特撰白雪伊丹諸白大吟醸｜小西酒造株式会社｜兵庫県 [2026-07-20 事後突合: entry_nameに銘柄名「大吟醸」を検出、DB上で唯一の蔵に紐づく銘柄のため自動突合],,,,0
8118,8093,2025,大吟醸酒部門,金賞,本洲一 大吟醸原酒,12206,,,draft,0.8,kuramaster_2025,本洲一　大吟醸原酒｜合名会社梅田酒造場｜広島県,,,,0
8119,8093,2025,大吟醸酒部門,金賞,司牡丹 黒金屋,10266,,,draft,0.8,kuramaster_2025,司牡丹　黒金屋｜司牡丹酒造株式会社｜高知県,,,,0
8120,8093,2025,大吟醸酒部門,金賞,菊美人 移ひ菊,53035,,,draft,0.85,kuramaster_2025,菊美人 移ひ菊｜菊美人酒造株式会社｜福岡県 [2026-07-20 事後突合: entry_nameに銘柄名「菊美人」を検出、DB上で唯一の蔵に紐づく銘柄のため自動突合],,,,0
8121,8093,2025,大吟醸酒部門,金賞,瑞鷹 大吟醸 雫取り,10279,,,draft,0.8,kuramaster_2025,瑞鷹 大吟醸 雫取り｜瑞鷹株式会社｜熊本県,,,,0
8122,8093,2025,純米大吟醸酒（1-35%）部門,プラチナ賞,国士無双 二十八,9988,,,draft,0.8,kuramaster_2025,国士無双　二十八｜高砂酒造株式会社｜北海道,,,,0
8123,8093,2025,純米大吟醸酒（1-35%）部門,プラチナ賞,日輪田 生酛 純米大吟醸 山田錦,6984,,,draft,0.8,kuramaster_2025,日輪田　生酛　純米大吟醸　山田錦｜萩野酒造株式会社｜宮城県,,,,0
8124,8093,2025,純米大吟醸酒（1-35%）部門,プラチナ賞,メトロポリタン仙台 M30,,,,review,0.8,kuramaster_2025,メトロポリタン仙台 M30｜株式会社新澤醸造店｜宮城県,,,,0
8125,8093,2025,純米大吟醸酒（1-35%）部門,プラチナ賞,澤正宗 純米大吟醸 紅花屋重兵衛 雪女神,,,,review,0.8,kuramaster_2025,澤正宗　純米大吟醸　紅花屋重兵衛　雪女神｜古澤酒造株式会社｜山形県,,,,0
8126,8093,2025,純米大吟醸酒（1-35%）部門,プラチナ賞,水芭蕉 純米大吟醸プレミアム,9965,,,draft,0.8,kuramaster_2025,水芭蕉　純米大吟醸プレミアム｜永井酒造株式会社｜群馬県,,,,0
8127,8093,2025,純米大吟醸酒（1-35%）部門,プラチナ賞,SAKE HUNDRED 百光 | BYAKKO,,,,review,0.8,kuramaster_2025,SAKE HUNDRED 百光 | BYAKKO｜株式会社Clear｜東京都,,,,0
8128,8093,2025,純米大吟醸酒（1-35%）部門,プラチナ賞,吟天光龍2021,,,,review,0.9,kuramaster_2025,吟天光龍2021｜小田切商事株式会社｜東京都,,,,0
8129,8093,2025,純米大吟醸酒（1-35%）部門,プラチナ賞,玉柏 純米大吟醸,2887,,,draft,0.8,kuramaster_2025,玉柏 純米大吟醸｜合資会社　山田商店｜岐阜県,,,,0
8130,8093,2025,純米大吟醸酒（1-35%）部門,プラチナ賞,純米大吟醸 玉乃光 Black Label,1319,,,draft,0.6,kuramaster_2025,純米大吟醸　玉乃光　Black Label｜玉乃光酒造株式会社｜京都府,,,,0
8131,8093,2025,純米大吟醸酒（1-35%）部門,プラチナ賞,白雪純米大吟醸大褒寿,,,,review,0.9,kuramaster_2025,白雪純米大吟醸大褒寿｜小西酒造株式会社｜兵庫県,,,,0
8132,8093,2025,純米大吟醸酒（1-35%）部門,プラチナ賞,極聖 純米大吟醸 高島雄町,,,,review,0.8,kuramaster_2025,極聖　純米大吟醸　高島雄町｜宮下酒造株式会社｜岡山県,,,,0
8133,8093,2025,純米大吟醸酒（1-35%）部門,プラチナ賞,獺祭 純米大吟醸 磨き二割三分,2545,,,draft,0.8,kuramaster_2025,獺祭　純米大吟醸　磨き二割三分｜旭酒造株式会社｜山口県,,,,0
8134,8093,2025,純米大吟醸酒（1-35%）部門,プラチナ賞,雁木 純米大吟醸 鶺鴒,2556,,,draft,0.8,kuramaster_2025,雁木 純米大吟醸 鶺鴒｜八百新酒造株式会社｜山口県,,,,0
8135,8093,2025,純米大吟醸酒（1-35%）部門,プラチナ賞,福寿海.楽.原酒,11335,,,draft,0.9,kuramaster_2025,福寿海.楽.原酒｜丹阳颐和食品有限公司｜江蘇省 [2026-07-20 事後突合: entry_nameに銘柄名「福寿海」を検出、DB上で唯一の蔵に紐づく銘柄のため自動突合],,,,0
8136,8093,2025,純米大吟醸酒（1-35%）部門,金賞,氷温貯蔵 旭神威,16814,,,draft,0.85,kuramaster_2025,氷温貯蔵　旭神威｜高砂酒造株式会社｜北海道 [2026-07-20 事後突合: entry_nameに銘柄名「旭神威」を検出、DB上で唯一の蔵に紐づく銘柄のため自動突合],,,,0
8137,8093,2025,純米大吟醸酒（1-35%）部門,金賞,北の錦 純米大吟醸 雪心,9987,,,draft,0.8,kuramaster_2025,北の錦 純米大吟醸 雪心｜小林酒造株式会社｜北海道,,,,0
8138,8093,2025,純米大吟醸酒（1-35%）部門,金賞,萩の鶴 純米大吟醸 美山錦,6983,,,draft,0.8,kuramaster_2025,萩の鶴　純米大吟醸　美山錦｜萩野酒造株式会社｜宮城県,,,,0
8139,8093,2025,純米大吟醸酒（1-35%）部門,金賞,超特選純米大吟醸 残響 2021,,,,review,0.8,kuramaster_2025,超特選純米大吟醸 残響 2021｜株式会社新澤醸造店｜宮城県,,,,0
8140,8093,2025,純米大吟醸酒（1-35%）部門,金賞,萩の鶴 純米大吟醸 山田錦,6983,,,draft,0.8,kuramaster_2025,萩の鶴　純米大吟醸　山田錦｜萩野酒造株式会社｜宮城県,,,,0
8141,8093,2025,純米大吟醸酒（1-35%）部門,金賞,NIIZAWA 2024,,,,review,0.8,kuramaster_2025,NIIZAWA 2024｜株式会社新澤醸造店｜宮城県,,,,0
8142,8093,2025,純米大吟醸酒（1-35%）部門,金賞,龍吟雲起 純米大吟醸,,,,review,0.8,kuramaster_2025,龍吟雲起 純米大吟醸｜株式会社新澤醸造店｜宮城県,,,,0
8143,8093,2025,純米大吟醸酒（1-35%）部門,金賞,出羽桜 雪女神 三割五分,50957,,,draft,0.85,kuramaster_2025,出羽桜 雪女神 三割五分｜出羽桜酒造株式会社｜山形県 [2026-07-20 事後突合: entry_nameに銘柄名「出羽桜」を検出、DB上で唯一の蔵に紐づく銘柄のため自動突合],,,,0
8144,8093,2025,純米大吟醸酒（1-35%）部門,金賞,米鶴 純米大吟醸 天に舞う鶴の輝き,799,,,draft,0.85,kuramaster_2025,米鶴 純米大吟醸 天に舞う鶴の輝き｜米鶴酒造株式会社｜山形県 [2026-07-20 事後突合: entry_nameに銘柄名「米鶴 純米大吟醸 天に舞う鶴の輝き」を検出、DB上で唯一の蔵に紐づく銘柄のため自動突合],,,,0
8145,8093,2025,純米大吟醸酒（1-35%）部門,金賞,来福 純米大吟醸 別誂,8300,,,draft,0.8,kuramaster_2025,来福　純米大吟醸　別誂｜来福酒造株式会社｜茨城県,,,,0
8146,8093,2025,純米大吟醸酒（1-35%）部門,金賞,極幻,,,,review,0.9,kuramaster_2025,極幻｜株式会社REBORN｜東京都,,,,0
8147,8093,2025,純米大吟醸酒（1-35%）部門,金賞,GEN-間-,,,,review,0.9,kuramaster_2025,GEN-間-｜株式会社ルーファース｜東京都,,,,0
8148,8093,2025,純米大吟醸酒（1-35%）部門,金賞,純米大吟醸 とんぼラベル 山田錦,,,,review,0.6,kuramaster_2025,純米大吟醸　とんぼラベル　山田錦｜泉橋酒造株式会社｜神奈川県,,,,0
8149,8093,2025,純米大吟醸酒（1-35%）部門,金賞,梵・日本の翼,,,,review,0.9,kuramaster_2025,梵・日本の翼｜合資会社　加藤吉平商店｜福井県,,,,0
8150,8093,2025,純米大吟醸酒（1-35%）部門,金賞,常山 純米大吟醸 吉祥黒松,7828,,,draft,0.8,kuramaster_2025,常山　純米大吟醸　吉祥黒松｜常山酒造合資会社｜福井県,,,,0
8151,8093,2025,純米大吟醸酒（1-35%）部門,金賞,七賢 白心 純米大吟醸,9412,,,draft,0.8,kuramaster_2025,七賢　白心　純米大吟醸｜山梨銘醸株式会社｜山梨県,,,,0
8152,8093,2025,純米大吟醸酒（1-35%）部門,金賞,今錦 NENRIN S 純米大吟醸,67,,,draft,0.8,kuramaster_2025,今錦　NENRIN S　純米大吟醸｜米澤酒造株式会社｜長野県,,,,0
8153,8093,2025,純米大吟醸酒（1-35%）部門,金賞,アルプス正宗 純米大吟醸 山恵錦,56,,,draft,0.8,kuramaster_2025,アルプス正宗　純米大吟醸　山恵錦｜株式会社　亀田屋酒造店｜長野県,,,,0
8154,8093,2025,純米大吟醸酒（1-35%）部門,金賞,大雪渓 純米大吟醸 山恵錦,20,,,draft,0.8,kuramaster_2025,大雪渓　純米大吟醸　山恵錦｜大雪渓酒造株式会社｜長野県,,,,0
8155,8093,2025,純米大吟醸酒（1-35%）部門,金賞,蓬莱 純米大吟醸 超ドS,2912,,,draft,0.8,kuramaster_2025,蓬莱　純米大吟醸　超ドS｜有限会社　渡辺酒造店｜岐阜県,,,,0
8156,8093,2025,純米大吟醸酒（1-35%）部門,金賞,蓬莱 純米大吟醸 心白18,2912,,,draft,0.8,kuramaster_2025,蓬莱　純米大吟醸　心白18｜有限会社　渡辺酒造店｜岐阜県,,,,0
8157,8093,2025,純米大吟醸酒（1-35%）部門,金賞,多賀山 純米大吟醸,,,,review,0.8,kuramaster_2025,多賀山　純米大吟醸｜株式会社平田酒造場｜岐阜県,,,,0
8158,8093,2025,純米大吟醸酒（1-35%）部門,金賞,蓬莱 純米大吟醸 最高級極秘酒,2912,,,draft,0.8,kuramaster_2025,蓬莱　純米大吟醸　最高級極秘酒｜有限会社　渡辺酒造店｜岐阜県,,,,0
8159,8093,2025,純米大吟醸酒（1-35%）部門,金賞,我逢人 純米大吟醸 Y30,13982,,,draft,0.8,kuramaster_2025,我逢人　純米大吟醸　Y30｜中埜酒造株式会社｜愛知県,,,,0
8160,8093,2025,純米大吟醸酒（1-35%）部門,金賞,宮の雪 純米大吟醸 東条産山田錦,,,,review,0.8,kuramaster_2025,宮の雪　純米大吟醸　東条産山田錦｜株式会社　宮﨑本店｜三重県,,,,0
8161,8093,2025,純米大吟醸酒（1-35%）部門,金賞,純米大吟醸雪彦山 Quarter,,,,review,0.8,kuramaster_2025,純米大吟醸雪彦山　Quarter｜壺坂酒造株式会社｜兵庫県,,,,0
8162,8093,2025,純米大吟醸酒（1-35%）部門,金賞,千代むすび純米大吟醸強力30,,,,review,0.9,kuramaster_2025,千代むすび純米大吟醸強力30｜千代むすび酒造株式会社｜鳥取県,,,,0
8163,8093,2025,純米大吟醸酒（36-50%）部門,プラチナ賞,陸奥八仙 華想い40,4908,,,draft,0.8,kuramaster_2025,陸奥八仙 華想い40｜八戸酒造株式会社｜青森県,,,,0
8164,8093,2025,純米大吟醸酒（36-50%）部門,プラチナ賞,萩の鶴 純米吟醸,6983,,,draft,0.8,kuramaster_2025,萩の鶴　純米吟醸｜萩野酒造株式会社｜宮城県,,,,0
8165,8093,2025,純米大吟醸酒（36-50%）部門,プラチナ賞,純米大吟醸 三羽の兎,,,,review,0.6,kuramaster_2025,純米大吟醸　三羽の兎｜東の麓酒造有限会社｜山形県,,,,0
8166,8093,2025,純米大吟醸酒（36-50%）部門,プラチナ賞,人気一11純米原酒,14168,,,draft,0.9,kuramaster_2025,人気一11純米原酒｜人気酒造株式会社｜福島県 [2026-07-20 事後突合: entry_nameに銘柄名「人気一」を検出、DB上で唯一の蔵に紐づく銘柄のため自動突合],,,,0
8167,8093,2025,純米大吟醸酒（36-50%）部門,プラチナ賞,純米大吟醸 豊國,14139,,,draft,0.6,kuramaster_2025,純米大吟醸 豊國｜豊國酒造合資会社｜福島県,,,,0
8168,8093,2025,純米大吟醸酒（36-50%）部門,プラチナ賞,望bo: 純米大吟醸 雄町,738,,,draft,0.85,kuramaster_2025,望bo：　純米大吟醸　雄町｜株式会社外池酒造店｜栃木県 [2026-07-20 事後突合: entry_nameに銘柄名「大吟醸 雄町」を検出、DB上で唯一の蔵に紐づく銘柄のため自動突合],,,,0
8169,8093,2025,純米大吟醸酒（36-50%）部門,プラチナ賞,水芭蕉 D’s Vintage,9965,,,draft,0.8,kuramaster_2025,水芭蕉 D’s Vintage｜永井酒造株式会社｜群馬県,,,,0
8170,8093,2025,純米大吟醸酒（36-50%）部門,プラチナ賞,純米大吟醸 甲子 初雪,16829,,,draft,0.6,kuramaster_2025,純米大吟醸　甲子　初雪｜株式会社飯沼本家｜千葉県,,,,0
8171,8093,2025,純米大吟醸酒（36-50%）部門,プラチナ賞,白岳仙 純米大吟醸 濡烏,7832,,,draft,0.8,kuramaster_2025,白岳仙　純米大吟醸　濡烏｜安本酒造有限会社｜福井県,,,,0
8172,8093,2025,純米大吟醸酒（36-50%）部門,プラチナ賞,七賢 甲斐駒 純米大吟醸,9412,,,draft,0.8,kuramaster_2025,七賢　甲斐駒　純米大吟醸｜山梨銘醸株式会社｜山梨県,,,,0
8173,8093,2025,純米大吟醸酒（36-50%）部門,プラチナ賞,旦 山廃純米大吟醸 播州愛山,9432,,,draft,0.8,kuramaster_2025,旦 山廃純米大吟醸 播州愛山｜笹一酒造株式会社｜山梨県,,,,0
8174,8093,2025,純米大吟醸酒（36-50%）部門,プラチナ賞,アルプス正宗 純米吟醸 山恵錦伍拾,56,,,draft,0.8,kuramaster_2025,アルプス正宗　純米吟醸　山恵錦伍拾｜株式会社亀田屋酒造店｜長野県,,,,0
8175,8093,2025,純米大吟醸酒（36-50%）部門,プラチナ賞,純米大吟醸 杜氏 平岡誠治,,,,review,0.6,kuramaster_2025,純米大吟醸　杜氏　平岡誠治｜有限会社舩坂酒造店｜岐阜県,,,,0
8176,8093,2025,純米大吟醸酒（36-50%）部門,プラチナ賞,初亀 純米大吟醸 東条愛山 田尻農園作,2326,,,draft,0.8,kuramaster_2025,初亀 純米大吟醸 東条愛山 田尻農園作｜初亀醸造株式会社｜静岡県,,,,0
8177,8093,2025,純米大吟醸酒（36-50%）部門,プラチナ賞,高砂 純米大吟醸 山雄田町錦,2332,,,draft,0.8,kuramaster_2025,高砂　純米大吟醸　山雄田町錦｜富士高砂酒造株式会社｜静岡県,,,,0
8178,8093,2025,純米大吟醸酒（36-50%）部門,プラチナ賞,臥龍梅 純米大吟醸 山田錦,2304,,,draft,0.8,kuramaster_2025,臥龍梅　純米大吟醸　山田錦｜三和酒造株式会社｜静岡県,,,,0
8179,8093,2025,純米大吟醸酒（36-50%）部門,プラチナ賞,富士錦 純米大吟醸 雄町,2320,,,draft,0.8,kuramaster_2025,富士錦　純米大吟醸　雄町｜富士錦酒造株式会社｜静岡県,,,,0
8180,8093,2025,純米大吟醸酒（36-50%）部門,プラチナ賞,超特撰國盛 純米大吟醸 中埜,,,,review,0.8,kuramaster_2025,超特撰國盛 純米大吟醸 中埜｜中埜酒造株式会社｜愛知県,,,,0
8181,8093,2025,純米大吟醸酒（36-50%）部門,プラチナ賞,作 智 純米大吟醸 滴取り,5487,,,draft,0.8,kuramaster_2025,作　智　純米大吟醸　滴取り｜清水清三郎商店株式会社｜三重県,,,,0
8182,8093,2025,純米大吟醸酒（36-50%）部門,プラチナ賞,おかげさま純米吟醸神の穂,5507,,,draft,0.9,kuramaster_2025,おかげさま純米吟醸神の穂｜株式会社伊勢萬｜三重県 [2026-07-20 事後突合: entry_nameに銘柄名「おかげさま」を検出、DB上で唯一の蔵に紐づく銘柄のため自動突合],,,,0
8183,8093,2025,純米大吟醸酒（36-50%）部門,プラチナ賞,作 なぐわし 東条山田錦,5487,,,draft,0.8,kuramaster_2025,作　なぐわし　東条山田錦｜清水清三郎商店株式会社｜三重県,,,,0
8184,8093,2025,純米大吟醸酒（36-50%）部門,プラチナ賞,喜楽長 純米大吟醸 愛おし,9089,,,draft,0.8,kuramaster_2025,喜楽長 純米大吟醸　愛おし｜喜多酒造株式会社｜滋賀県,,,,0
8185,8093,2025,純米大吟醸酒（36-50%）部門,プラチナ賞,八重墻 純米大吟醸,503,,,draft,0.8,kuramaster_2025,八重墻 純米大吟醸｜ヤヱガキ酒造株式会社｜兵庫県,,,,0
8186,8093,2025,純米大吟醸酒（36-50%）部門,プラチナ賞,純米大吟醸 加古屋,16721,,,draft,0.6,kuramaster_2025,純米大吟醸　加古屋｜此の友酒造株式会社｜兵庫県,,,,0
8187,8093,2025,純米大吟醸酒（36-50%）部門,プラチナ賞,神池 純米大吟醸,,,,review,0.8,kuramaster_2025,神池　純米大吟醸｜鴨庄酒造株式会社｜兵庫県,,,,0
8188,8093,2025,純米大吟醸酒（36-50%）部門,プラチナ賞,黒松白鹿 千年壽 純米大吟醸,483,,,draft,0.8,kuramaster_2025,黒松白鹿 千年壽 純米大吟醸｜辰馬本家酒造株式会社｜兵庫県,,,,0
8189,8093,2025,純米大吟醸酒（36-50%）部門,プラチナ賞,播州一献 純米吟醸 愛山,511,,,draft,0.8,kuramaster_2025,播州一献　純米吟醸　愛山｜山陽盃酒造株式会社｜兵庫県,,,,0
8190,8093,2025,純米大吟醸酒（36-50%）部門,プラチナ賞,春鹿 純米大吟醸原酒,8701,,,draft,0.8,kuramaster_2025,春鹿　純米大吟醸原酒｜株式会社 今西清兵衛商店｜奈良県,,,,0
8191,8093,2025,純米大吟醸酒（36-50%）部門,プラチナ賞,瓢太閤 純米大吟醸,,,,review,0.8,kuramaster_2025,瓢太閤　純米大吟醸｜日新酒類株式会社｜徳島県,,,,0
8192,8093,2025,純米大吟醸酒（36-50%）部門,プラチナ賞,綾菊 純米大吟醸,,,,review,0.8,kuramaster_2025,綾菊　純米大吟醸｜綾菊酒造株式会社｜香川県,,,,0
8193,8093,2025,純米大吟醸酒（36-50%）部門,プラチナ賞,伊予賀儀屋 無濾過 純米吟醸 黒ラベル,3698,,,draft,0.8,kuramaster_2025,伊予賀儀屋　無濾過　純米吟醸　黒ラベル｜成龍酒造　株式会社｜愛媛県,,,,0
8194,8093,2025,純米大吟醸酒（36-50%）部門,プラチナ賞,石鎚 純米大吟醸,3695,,,draft,0.8,kuramaster_2025,石鎚　純米大吟醸｜石鎚酒造株式会社｜愛媛県,,,,0
8195,8093,2025,純米大吟醸酒（36-50%）部門,プラチナ賞,酔鯨 純米大吟醸 弥,10261,,,draft,0.8,kuramaster_2025,酔鯨 純米大吟醸 弥｜酔鯨酒造株式会社｜高知県,,,,0
8196,8093,2025,純米大吟醸酒（36-50%）部門,プラチナ賞,Roga Junmai Daiginjo,,,,review,0.8,kuramaster_2025,Roga Junmai Daiginjo｜ヤヱガキ・コーポレーション・オブ・USA｜カリフォルニア,,,,0
8197,8093,2025,純米大吟醸酒（36-50%）部門,プラチナ賞,Desheng Qing Junmai Daijinjo 38 Organic,26816,,,draft,0.85,kuramaster_2025,Desheng Qing Junmai Daijinjo 38 Organic｜Guangxi De [2026-07-20 事後突合: entry_nameに銘柄名「Organic」を検出、DB上で唯一の蔵に紐づく銘柄のため自動突合],,,,0
8198,8093,2025,純米大吟醸酒（36-50%）部門,金賞,陸奥八仙 レイメイ40,4908,,,draft,0.8,kuramaster_2025,陸奥八仙 レイメイ40｜八戸酒造株式会社｜青森県,,,,0
8199,8093,2025,純米大吟醸酒（36-50%）部門,金賞,六根 純米大吟醸 吟烏帽子,4922,,,draft,0.8,kuramaster_2025,六根　純米大吟醸　吟烏帽子｜株式会社松緑酒造｜青森県,,,,0
8200,8093,2025,純米大吟醸酒（36-50%）部門,金賞,純米大吟醸 世嬉の一,8367,,,draft,0.6,kuramaster_2025,純米大吟醸　世嬉の一｜世嬉の一酒造株式会社｜岩手県,,,,0
8201,8093,2025,純米大吟醸酒（36-50%）部門,金賞,ZAO 純米大吟醸 K 中取り,,,,review,0.8,kuramaster_2025,ZAO 純米大吟醸 K 中取り｜蔵王酒造株式会社｜宮城県,,,,0
8202,8093,2025,純米大吟醸酒（36-50%）部門,金賞,水鳥記 純米大吟醸酒 蔵の華 四割四分,6987,,,draft,0.8,kuramaster_2025,水鳥記　純米大吟醸酒　蔵の華　四割四分｜株式会社　角星｜宮城県,,,,0
8203,8093,2025,純米大吟醸酒（36-50%）部門,金賞,日本酒原価酒蔵 あたごのまつ 純米大吟醸,50821,,,draft,0.85,kuramaster_2025,日本酒原価酒蔵 あたごのまつ 純米大吟醸｜株式会社新澤醸造店｜宮城県 [2026-07-20 事後突合: entry_nameに銘柄名「あたごのまつ」を検出、DB上で唯一の蔵に紐づく銘柄のため自動突合],,,,0
8204,8093,2025,純米大吟醸酒（36-50%）部門,金賞,純米大吟醸鳳陽だるま,,,,review,0.9,kuramaster_2025,純米大吟醸鳳陽だるま｜合資会社内ヶ崎酒造店｜宮城県,,,,0
8205,8093,2025,純米大吟醸酒（36-50%）部門,金賞,七重八重 純米大吟醸,,,,review,0.8,kuramaster_2025,七重八重 純米大吟醸｜株式会社新澤醸造店｜宮城県,,,,0
8206,8093,2025,純米大吟醸酒（36-50%）部門,金賞,あたごのまつ 純米大吟醸 吟のいろは,50821,,,draft,0.85,kuramaster_2025,あたごのまつ 純米大吟醸 吟のいろは｜株式会社新澤醸造店｜宮城県 [2026-07-20 事後突合: entry_nameに銘柄名「あたごのまつ」を検出、DB上で唯一の蔵に紐づく銘柄のため自動突合],,,,0
8207,8093,2025,純米大吟醸酒（36-50%）部門,金賞,瀬里奈 純米大吟醸,,,,review,0.8,kuramaster_2025,瀬里奈 純米大吟醸｜株式会社新澤醸造店｜宮城県,,,,0
8208,8093,2025,純米大吟醸酒（36-50%）部門,金賞,純米大吟醸 天寿,26615,,,draft,0.6,kuramaster_2025,純米大吟醸　天寿｜天寿酒造株式会社｜秋田県,,,,0
8209,8093,2025,純米大吟醸酒（36-50%）部門,金賞,辯天 純米大吟醸原酒 出羽燦々,,,,review,0.8,kuramaster_2025,辯天　純米大吟醸原酒　出羽燦々｜株式会社　後藤酒造店｜山形県,,,,0
8210,8093,2025,純米大吟醸酒（36-50%）部門,金賞,人気一純米大吟醸,,,,review,0.9,kuramaster_2025,人気一純米大吟醸｜人気酒造株式会社｜福島県,,,,0
8211,8093,2025,純米大吟醸酒（36-50%）部門,金賞,金水晶,14075,,,draft,0.9,kuramaster_2025,金水晶｜金水晶酒造株式会社｜福島県,,,,0
8212,8093,2025,純米大吟醸酒（36-50%）部門,金賞,人気一フレッシュエイジング純米大吟醸,,,,review,0.9,kuramaster_2025,人気一フレッシュエイジング純米大吟醸｜人気酒造株式会社｜福島県,,,,0
8213,8093,2025,純米大吟醸酒（36-50%）部門,金賞,来福 純米大吟醸 愛山,8300,,,draft,0.8,kuramaster_2025,来福　純米大吟醸　愛山｜来福酒造株式会社｜茨城県,,,,0
8214,8093,2025,純米大吟醸酒（36-50%）部門,金賞,燦爛 純米大吟醸 山田錦,11285,,,draft,0.8,kuramaster_2025,燦爛　純米大吟醸　山田錦｜株式会社外池酒造店｜栃木県,,,,0
8215,8093,2025,純米大吟醸酒（36-50%）部門,金賞,燦爛 純米大吟醸 夢ささら,11285,,,draft,0.8,kuramaster_2025,燦爛 純米大吟醸 夢ささら｜株式会社外池酒造店｜栃木県,,,,0
8216,8093,2025,純米大吟醸酒（36-50%）部門,金賞,水芭蕉 純米大吟醸 翠,9965,,,draft,0.8,kuramaster_2025,水芭蕉　純米大吟醸　翠｜永井酒造株式会社｜群馬県,,,,0
8217,8093,2025,純米大吟醸酒（36-50%）部門,金賞,MIZUBASHO VINTAGE 2008,,,,review,0.8,kuramaster_2025,MIZUBASHO VINTAGE 2008｜永井酒造株式会社｜群馬県,,,,0
8218,8093,2025,純米大吟醸酒（36-50%）部門,金賞,加賀の井 純米大吟醸,181,,,draft,0.8,kuramaster_2025,加賀の井 純米大吟醸｜加賀の井酒造株式会社｜新潟県,,,,0
8219,8093,2025,純米大吟醸酒（36-50%）部門,金賞,Aumont Original Yeast Junmai Dai Ginjo,,,,review,0.8,kuramaster_2025,Aumont Original Yeast Junmai Dai Ginjo｜王紋酒造株式会社｜新潟,,,,0
8220,8093,2025,純米大吟醸酒（36-50%）部門,金賞,伊乎乃 雪中貯蔵 純米大吟醸 原酒 [箱入],23124,,,draft,0.8,kuramaster_2025,伊乎乃 雪中貯蔵 純米大吟醸 原酒 [箱入]｜株式会社モトックス｜大阪府,,,,0
8221,8093,2025,純米大吟醸酒（36-50%）部門,金賞,たかの井 純米大吟醸,,,,review,0.8,kuramaster_2025,たかの井 純米大吟醸｜高の井酒造株式会社｜新潟県,,,,0
8222,8093,2025,純米大吟醸酒（36-50%）部門,金賞,羽根屋 純米大吟醸50 翼,19895,,,draft,0.8,kuramaster_2025,羽根屋　純米大吟醸50　翼｜富美菊酒造株式会社｜富山県,,,,0
8223,8093,2025,純米大吟醸酒（36-50%）部門,金賞,加賀鳶 純米大吟醸46 百万石乃白,14027,,,draft,0.8,kuramaster_2025,加賀鳶　純米大吟醸46 百万石乃白｜株式会社 福光屋｜石川県,,,,0
8224,8093,2025,純米大吟醸酒（36-50%）部門,金賞,福千歳 純米大吟醸 さかほまれ,7829,,,draft,0.8,kuramaster_2025,福千歳　純米大吟醸　さかほまれ｜田嶋酒造株式会社｜福井県,,,,0
8225,8093,2025,純米大吟醸酒（36-50%）部門,金賞,大信州 手いっぱい,55,,,draft,0.8,kuramaster_2025,大信州 手いっぱい｜大信州酒造株式会社｜長野県,,,,0
8226,8093,2025,純米大吟醸酒（36-50%）部門,金賞,七笑 純米大吟醸,69,,,draft,0.8,kuramaster_2025,七笑　純米大吟醸｜七笑酒造株式会社｜長野県,,,,0
8227,8093,2025,純米大吟醸酒（36-50%）部門,金賞,大信州 以和為貴,55,,,draft,0.8,kuramaster_2025,大信州 以和為貴｜大信州酒造株式会社｜長野県,,,,0
8228,8093,2025,純米大吟醸酒（36-50%）部門,金賞,蓬莱 純米大吟醸 極意傳,2912,,,draft,0.8,kuramaster_2025,蓬莱　純米大吟醸　極意傳｜有限会社　渡辺酒造店｜岐阜県,,,,0
8229,8093,2025,純米大吟醸酒（36-50%）部門,金賞,純米吟醸 美濃天狗,2895,,,draft,0.6,kuramaster_2025,純米吟醸 美濃天狗｜林酒造株式会社｜岐阜県,,,,0
8230,8093,2025,純米大吟醸酒（36-50%）部門,金賞,奉納酒 三番三 ひだほまれ,51669,,,draft,0.85,kuramaster_2025,奉納酒　三番三　ひだほまれ｜有限会社　渡辺酒造店｜岐阜県 [2026-07-20 事後突合: entry_nameに銘柄名「ひだほまれ」を検出、DB上で唯一の蔵に紐づく銘柄のため自動突合],,,,0
8231,8093,2025,純米大吟醸酒（36-50%）部門,金賞,作 槐山一滴水,5487,,,draft,0.8,kuramaster_2025,作　槐山一滴水｜清水清三郎商店株式会社｜三重県,,,,0
8232,8093,2025,純米大吟醸酒（36-50%）部門,金賞,神都の祈り 御裳濯川,94260,,,draft,0.85,kuramaster_2025,神都の祈り　御裳濯川｜一般社団法人神都の祈り｜三重県 [2026-07-20 事後突合: entry_nameに銘柄名「神都の祈り」を検出、DB上で唯一の蔵に紐づく銘柄のため自動突合],,,,0
8233,8093,2025,純米大吟醸酒（36-50%）部門,金賞,作 奏乃智,5487,,,draft,0.8,kuramaster_2025,作　奏乃智｜清水清三郎商店株式会社｜三重県,,,,0
8234,8093,2025,純米大吟醸酒（36-50%）部門,金賞,おかげさま純米大吟醸,,,,review,0.9,kuramaster_2025,おかげさま純米大吟醸｜株式会社伊勢萬｜三重県,,,,0
8235,8093,2025,純米大吟醸酒（36-50%）部門,金賞,宮の雪 純米大吟醸 山田錦,,,,review,0.8,kuramaster_2025,宮の雪　純米大吟醸　山田錦｜株式会社　宮﨑本店｜三重県,,,,0
8236,8093,2025,純米大吟醸酒（36-50%）部門,金賞,萩乃露 純米大吟醸 白銀ラベル,9102,,,draft,0.8,kuramaster_2025,萩乃露 純米大吟醸 白銀ラベル｜株式会社 福井弥平商店｜滋賀県,,,,0
8237,8093,2025,純米大吟醸酒（36-50%）部門,金賞,白吟のしずく,,,,review,0.9,kuramaster_2025,白吟のしずく｜ハクレイ酒造株式会社｜京都府,,,,0
8238,8093,2025,純米大吟醸酒（36-50%）部門,金賞,白嶺プラチナ,79060,,,draft,0.9,kuramaster_2025,白嶺プラチナ｜ハクレイ酒造株式会社｜京都府 [2026-07-20 事後突合: entry_nameに銘柄名「プラチナ」を検出、DB上で唯一の蔵に紐づく銘柄のため自動突合],,,,0
8239,8093,2025,純米大吟醸酒（36-50%）部門,金賞,神銀瀧,,,,review,0.9,kuramaster_2025,神銀瀧｜株式会社北川本家｜京都府,,,,0
8240,8093,2025,純米大吟醸酒（36-50%）部門,金賞,櫻正宗 金稀 純米大吟醸 四〇,476,,,draft,0.8,kuramaster_2025,櫻正宗　金稀　純米大吟醸 四〇｜櫻正宗株式会社｜兵庫県,,,,0
8241,8093,2025,純米大吟醸酒（36-50%）部門,金賞,超特撰 白鶴 天空 袋吊り 純米大吟醸 みとせ,,,,review,0.8,kuramaster_2025,超特撰 白鶴 天空 袋吊り 純米大吟醸 みとせ｜白鶴酒造株式会社｜兵庫県,,,,0
8242,8093,2025,純米大吟醸酒（36-50%）部門,金賞,歓喜光 純米吟醸 小さな喜び,8712,,,draft,0.8,kuramaster_2025,歓喜光 純米吟醸 小さな喜び｜澤田酒造株式会社｜奈良県,,,,0
8243,8093,2025,純米大吟醸酒（36-50%）部門,金賞,隠岐誉 純米大吟醸,,,,review,0.8,kuramaster_2025,隠岐誉　純米大吟醸｜隠岐酒造株式会社｜島根県,,,,0
8244,8093,2025,純米大吟醸酒（36-50%）部門,金賞,大典白菊 純米大吟醸 雄町,738,,,draft,0.85,kuramaster_2025,大典白菊　純米大吟醸　雄町｜白菊酒造株式会社｜岡山県 [2026-07-20 事後突合: entry_nameに銘柄名「大吟醸 雄町」を検出、DB上で唯一の蔵に紐づく銘柄のため自動突合],,,,0
8245,8093,2025,純米大吟醸酒（36-50%）部門,金賞,旭鳳 純米大吟醸八反錦,12207,,,draft,0.8,kuramaster_2025,旭鳳　純米大吟醸八反錦｜旭鳳酒造株式会社｜広島県,,,,0
8246,8093,2025,純米大吟醸酒（36-50%）部門,金賞,千福 純米大吟醸 蔵,12233,,,draft,0.8,kuramaster_2025,千福 純米大吟醸 蔵｜株式会社三宅本店｜広島県,,,,0
8247,8093,2025,純米大吟醸酒（36-50%）部門,金賞,純米大吟醸まぼろし赤箱,,,,review,0.9,kuramaster_2025,純米大吟醸まぼろし赤箱｜中尾醸造株式会社｜広島県,,,,0
8248,8093,2025,純米大吟醸酒（36-50%）部門,金賞,六義 純米大吟醸,,,,review,0.8,kuramaster_2025,六義　純米大吟醸｜八幡川酒造株式会社｜広島県,,,,0
8249,8093,2025,純米大吟醸酒（36-50%）部門,金賞,純米大吟醸 雨後の月 山田錦40,12236,,,draft,0.6,kuramaster_2025,純米大吟醸　雨後の月　山田錦40｜相原酒造株式会社｜広島県,,,,0
8250,8093,2025,純米大吟醸酒（36-50%）部門,金賞,わかむすめ 燕子花,19933,,,draft,0.8,kuramaster_2025,わかむすめ　燕子花｜新谷酒造株式会社｜山口県,,,,0
8251,8093,2025,純米大吟醸酒（36-50%）部門,金賞,原田弦月 無濾過純米大吟醸[箱入],,,,review,0.8,kuramaster_2025,原田弦月　無濾過純米大吟醸[箱入]｜株式会社はつもみぢ｜大阪府,,,,0
8252,8093,2025,純米大吟醸酒（36-50%）部門,金賞,ながら、,,,,review,0.9,kuramaster_2025,ながら、｜小豆島酒造株式会社｜香川県,,,,0
8253,8093,2025,純米大吟醸酒（36-50%）部門,金賞,石鎚 純米吟醸 山田錦50,3695,,,draft,0.8,kuramaster_2025,石鎚　純米吟醸　山田錦50｜石鎚酒造株式会社｜愛媛県,,,,0
8254,8093,2025,純米大吟醸酒（36-50%）部門,金賞,石鎚 純米大吟醸 さくらひめ,3695,,,draft,0.8,kuramaster_2025,石鎚　純米大吟醸　さくらひめ｜石鎚酒造株式会社｜愛媛県,,,,0
8255,8093,2025,純米大吟醸酒（36-50%）部門,金賞,亀泉 純米大吟醸原酒 貴賓,10265,,,draft,0.8,kuramaster_2025,亀泉　純米大吟醸原酒　貴賓｜亀泉酒造株式会社｜高知県,,,,0
8256,8093,2025,純米大吟醸酒（36-50%）部門,金賞,亀泉 純米大吟醸原酒 CEL-24 山田錦,10265,,,draft,0.8,kuramaster_2025,亀泉　純米大吟醸原酒　CEL-24　山田錦｜亀泉酒造株式会社｜高知県,,,,0
8257,8093,2025,純米大吟醸酒（36-50%）部門,金賞,酔鯨 純米大吟醸 小仕込2号 山田錦,10261,,,draft,0.8,kuramaster_2025,酔鯨 純米大吟醸 小仕込2号 山田錦｜酔鯨酒造株式会社｜高知県,,,,0
8258,8093,2025,純米大吟醸酒（36-50%）部門,金賞,酔鯨 純米吟醸 小仕込4号 山田錦,10261,,,draft,0.8,kuramaster_2025,酔鯨 純米吟醸 小仕込4号 山田錦｜酔鯨酒造株式会社｜高知県,,,,0
8259,8093,2025,純米大吟醸酒（36-50%）部門,金賞,池亀純米大吟醸無濾過無加水,,,,review,0.9,kuramaster_2025,池亀純米大吟醸無濾過無加水｜池亀酒造株式会社｜福岡県,,,,0
8260,8093,2025,純米大吟醸酒（36-50%）部門,金賞,杜の蔵 純米大吟醸 颯,1134,,,draft,0.85,kuramaster_2025,杜の蔵　純米大吟醸　颯｜株式会社 杜の蔵｜福岡県 [2026-07-20 事後突合: entry_nameに銘柄名「杜の蔵 純米大吟醸 颯」を検出、DB上で唯一の蔵に紐づく銘柄のため自動突合],,,,0
8261,8093,2025,純米大吟醸酒（36-50%）部門,金賞,天吹 純米大吟醸 愛山,10942,,,draft,0.8,kuramaster_2025,天吹 純米大吟醸 愛山｜天吹酒造合資会社｜佐賀県,,,,0
8262,8093,2025,純米大吟醸酒（36-50%）部門,金賞,古伊万里 前 純米大吟醸,10971,,,draft,0.8,kuramaster_2025,古伊万里 前 純米大吟醸｜古伊万里酒造有限会社｜佐賀県,,,,0
8263,8093,2025,純米大吟醸酒（36-50%）部門,金賞,純米大吟醸 笑酒,16658,,,draft,0.6,kuramaster_2025,純米大吟醸　笑酒｜幸姫酒造株式会社｜佐賀県,,,,0
8264,8093,2025,純米大吟醸酒（36-50%）部門,金賞,A Normat Sake Against the Grain Junmai Daiginjo,50846,,,draft,0.85,kuramaster_2025,A Normat Sake Against the Grain Junmai Daiginjo｜Ar [2026-07-20 事後突合: entry_nameに銘柄名「Again」を検出、DB上で唯一の蔵に紐づく銘柄のため自動突合],,,,0
8265,8093,2025,純米大吟醸酒（36-50%）部門,金賞,Catskills,,,,review,0.9,kuramaster_2025,Catskills｜Brooklyn Kura｜ニューヨーク,,,,0
8266,8093,2025,純米大吟醸酒（36-50%）部門,金賞,Roga Junmai Daiginjo Genshu,79187,,,draft,0.85,kuramaster_2025,Roga Junmai Daiginjo Genshu｜ヤヱガキ・コーポレーション・オブ・USA｜カ [2026-07-20 事後突合: entry_nameに銘柄名「en」を検出、DB上で唯一の蔵に紐づく銘柄のため自動突合],,,,0
8267,8093,2025,純米酒（51-65%）部門,プラチナ賞,陸奥八仙 特別純米,4908,,,draft,0.8,kuramaster_2025,陸奥八仙 特別純米｜八戸酒造株式会社｜青森県,,,,0
8268,8093,2025,純米酒（51-65%）部門,プラチナ賞,伯楽星 特別純米,6967,,,draft,0.8,kuramaster_2025,伯楽星 特別純米｜株式会社新澤醸造店｜宮城県,,,,0
8269,8093,2025,純米酒（51-65%）部門,プラチナ賞,ZAO 特別純米酒 K,869,,,draft,0.85,kuramaster_2025,ZAO 特別純米酒 K｜蔵王酒造株式会社｜宮城県 [2026-07-20 事後突合: entry_nameに銘柄名「特別純米酒」を検出、DB上で唯一の蔵に紐づく銘柄のため自動突合],,,,0
8270,8093,2025,純米酒（51-65%）部門,プラチナ賞,べんてん山羽音 純米吟醸,1099,,,draft,0.85,kuramaster_2025,べんてん山羽音　純米吟醸｜株式会社　後藤酒造店｜大阪府 [2026-07-20 事後突合: entry_nameに銘柄名「純米吟醸」を検出、DB上で唯一の蔵に紐づく銘柄のため自動突合],,,,0
8271,8093,2025,純米酒（51-65%）部門,プラチナ賞,辯天 純米吟醸 雪,1099,,,draft,0.85,kuramaster_2025,辯天　純米吟醸　雪｜株式会社　後藤酒造店｜山形県 [2026-07-20 事後突合: entry_nameに銘柄名「純米吟醸」を検出、DB上で唯一の蔵に紐づく銘柄のため自動突合],,,,0
8272,8093,2025,純米酒（51-65%）部門,プラチナ賞,望bo: 特別純米 彗星,,,,review,0.8,kuramaster_2025,望bo: 特別純米 彗星｜株式会社外池酒造店｜栃木県,,,,0
8273,8093,2025,純米酒（51-65%）部門,プラチナ賞,水芭蕉 純米吟醸,9965,,,draft,0.8,kuramaster_2025,水芭蕉　純米吟醸｜永井酒造株式会社｜群馬県,,,,0
8274,8093,2025,純米酒（51-65%）部門,プラチナ賞,純米吟醸 善祥,3337,,,draft,0.85,kuramaster_2025,純米吟醸　善祥｜晴雲酒造株式会社｜埼玉県 [2026-07-20 事後突合: entry_nameに銘柄名「純米吟醸 善祥」を検出、DB上で唯一の蔵に紐づく銘柄のため自動突合],,,,0
8275,8093,2025,純米酒（51-65%）部門,プラチナ賞,甲子 純米吟醸 はなやか 匠の香,16829,,,draft,0.8,kuramaster_2025,甲子　純米吟醸　はなやか　匠の香｜株式会社飯沼本家｜千葉県,,,,0
8276,8093,2025,純米酒（51-65%）部門,プラチナ賞,SAKE HUNDRED 礼比 | RAIHI,,,,review,0.8,kuramaster_2025,SAKE HUNDRED 礼比 | RAIHI｜株式会社Clear｜東京都,,,,0
8277,8093,2025,純米酒（51-65%）部門,プラチナ賞,セトイチ かくかくしかじか,,,,review,0.8,kuramaster_2025,セトイチ　かくかくしかじか｜株式会社瀬戸酒造店｜神奈川県,,,,0
8278,8093,2025,純米酒（51-65%）部門,プラチナ賞,黒笹Eden純米吟醸,1099,,,draft,0.9,kuramaster_2025,黒笹Eden純米吟醸｜株式会社金井酒造店｜神奈川県 [2026-07-20 事後突合: entry_nameに銘柄名「純米吟醸」を検出、DB上で唯一の蔵に紐づく銘柄のため自動突合],,,,0
8279,8093,2025,純米酒（51-65%）部門,プラチナ賞,越の寒中梅 金ラベル 純米吟醸,23043,,,draft,0.8,kuramaster_2025,越の寒中梅　金ラベル　純米吟醸｜新潟銘醸株式会社｜新潟県,,,,0
8280,8093,2025,純米酒（51-65%）部門,プラチナ賞,羽根屋 純米吟醸 煌火,19895,,,draft,0.8,kuramaster_2025,羽根屋 純米吟醸 煌火｜富美菊酒造株式会社｜富山県,,,,0
8281,8093,2025,純米酒（51-65%）部門,プラチナ賞,林 純米吟醸 五百万石,19878,,,draft,0.8,kuramaster_2025,林　純米吟醸　五百万石｜林酒造｜富山県,,,,0
8282,8093,2025,純米酒（51-65%）部門,プラチナ賞,羽根屋 純米吟醸 富の香,19895,,,draft,0.8,kuramaster_2025,羽根屋 純米吟醸 富の香｜富美菊酒造株式会社｜富山県,,,,0
8283,8093,2025,純米酒（51-65%）部門,プラチナ賞,羽根屋 シャイン,19895,,,draft,0.8,kuramaster_2025,羽根屋　シャイン｜富美菊酒造株式会社｜富山県,,,,0
8284,8093,2025,純米酒（51-65%）部門,プラチナ賞,羽根屋 純米吟醸 華吹雪,19895,,,draft,0.8,kuramaster_2025,羽根屋 純米吟醸 華吹雪｜富美菊酒造株式会社｜富山県,,,,0
8285,8093,2025,純米酒（51-65%）部門,プラチナ賞,梵・純米55,53048,,,draft,0.9,kuramaster_2025,梵・純米55｜合資会社　加藤吉平商店｜福井県 [2026-07-20 事後突合: entry_nameに銘柄名「純米」を検出、DB上で唯一の蔵に紐づく銘柄のため自動突合],,,,0
8286,8093,2025,純米酒（51-65%）部門,プラチナ賞,七賢 天鵞絨の味 純米吟醸,9412,,,draft,0.8,kuramaster_2025,七賢　天鵞絨の味　純米吟醸｜山梨銘醸株式会社｜山梨県,,,,0
8287,8093,2025,純米酒（51-65%）部門,プラチナ賞,アルプス正宗 純米酒 山恵錦,56,,,draft,0.8,kuramaster_2025,アルプス正宗　純米酒　山恵錦｜株式会社亀田屋酒造店｜長野県,,,,0
8288,8093,2025,純米酒（51-65%）部門,プラチナ賞,蓬莱 純米酒 奥伝寒造り,2912,,,draft,0.8,kuramaster_2025,蓬莱　純米酒　奥伝寒造り｜有限会社　渡辺酒造店｜岐阜県,,,,0
8289,8093,2025,純米酒（51-65%）部門,プラチナ賞,純米吟醸 すずめと雄町,1099,,,draft,0.85,kuramaster_2025,純米吟醸　すずめと雄町｜千代菊株式会社｜岐阜県 [2026-07-20 事後突合: entry_nameに銘柄名「純米吟醸」を検出、DB上で唯一の蔵に紐づく銘柄のため自動突合],,,,0
8290,8093,2025,純米酒（51-65%）部門,プラチナ賞,國盛  半田郷 純米辛口,13979,,,draft,0.8,kuramaster_2025,國盛　 半田郷　純米辛口｜中埜酒造株式会社｜愛知県,,,,0
8291,8093,2025,純米酒（51-65%）部門,プラチナ賞,颯 純米吟醸 神々の黄昏,1099,,,draft,0.85,kuramaster_2025,颯　純米吟醸　神々の黄昏｜合資会社後藤酒造場｜三重県 [2026-07-20 事後突合: entry_nameに銘柄名「純米吟醸」を検出、DB上で唯一の蔵に紐づく銘柄のため自動突合],,,,0
8292,8093,2025,純米酒（51-65%）部門,プラチナ賞,SHIRAKIKU BLACK SWAN II,,,,review,0.8,kuramaster_2025,SHIRAKIKU　BLACK SWAN Ⅱ｜白杉酒造株式会社｜京都府,,,,0
8293,8093,2025,純米酒（51-65%）部門,プラチナ賞,生酛純米吟醸 白鷺の城,,,,review,0.8,kuramaster_2025,生酛純米吟醸　白鷺の城｜田中酒造場｜兵庫県,,,,0
8294,8093,2025,純米酒（51-65%）部門,プラチナ賞,八重墻 特別純米,503,,,draft,0.8,kuramaster_2025,八重墻 特別純米｜ヤヱガキ酒造株式会社｜兵庫県,,,,0
8295,8093,2025,純米酒（51-65%）部門,プラチナ賞,キュナード 特別純米原酒,,,,review,0.8,kuramaster_2025,キュナード 特別純米原酒｜明石酒類醸造株式会社｜兵庫県,,,,0
8296,8093,2025,純米酒（51-65%）部門,プラチナ賞,紀土-KID- 純米吟醸,1099,,,draft,0.85,kuramaster_2025,紀土-KID- 純米吟醸｜平和酒造株式会社｜和歌山県 [2026-07-20 事後突合: entry_nameに銘柄名「純米吟醸」を検出、DB上で唯一の蔵に紐づく銘柄のため自動突合],,,,0
8297,8093,2025,純米酒（51-65%）部門,プラチナ賞,賀茂鶴 生囲い純米酒,12210,,,draft,0.8,kuramaster_2025,賀茂鶴 生囲い純米酒｜賀茂鶴酒造株式会社｜広島県,,,,0
8298,8093,2025,純米酒（51-65%）部門,プラチナ賞,仁喜多津 純米吟醸酒 さくらひめ酵母,3702,,,draft,0.8,kuramaster_2025,仁喜多津　純米吟醸酒　さくらひめ酵母｜水口酒造株式会社｜愛媛県,,,,0
8299,8093,2025,純米酒（51-65%）部門,プラチナ賞,東一山田錦純米酒,,,,review,0.9,kuramaster_2025,東一山田錦純米酒｜五町田酒造株式会社｜佐賀県,,,,0
8300,8093,2025,純米酒（51-65%）部門,プラチナ賞,純米吟醸酒 炎杜,1099,,,draft,0.85,kuramaster_2025,純米吟醸酒　炎杜｜宗政酒造株式会社｜佐賀県 [2026-07-20 事後突合: entry_nameに銘柄名「純米吟醸」を検出、DB上で唯一の蔵に紐づく銘柄のため自動突合],,,,0
8301,8093,2025,純米酒（51-65%）部門,プラチナ賞,本陣 純米吟醸,10679,,,draft,0.8,kuramaster_2025,本陣　純米吟醸｜潜龍酒造株式会社｜長崎県,,,,0
8302,8093,2025,純米酒（51-65%）部門,金賞,純米 吟風国稀,53048,,,draft,0.85,kuramaster_2025,純米　吟風国稀｜国稀酒造株式会社｜北海道 [2026-07-20 事後突合: entry_nameに銘柄名「純米」を検出、DB上で唯一の蔵に紐づく銘柄のため自動突合],,,,0
8303,8093,2025,純米酒（51-65%）部門,金賞,六根 純米吟醸 タイガーアイ,4922,,,draft,0.8,kuramaster_2025,六根　純米吟醸　タイガーアイ｜株式会社松緑酒造｜青森県,,,,0
8304,8093,2025,純米酒（51-65%）部門,金賞,純米酒 七福神,8354,,,draft,0.6,kuramaster_2025,純米酒　七福神｜菊の司酒造株式会社｜岩手県,,,,0
8305,8093,2025,純米酒（51-65%）部門,金賞,あたごのまつ 特別純米,50821,,,draft,0.85,kuramaster_2025,あたごのまつ 特別純米｜株式会社新澤醸造店｜宮城県 [2026-07-20 事後突合: entry_nameに銘柄名「あたごのまつ」を検出、DB上で唯一の蔵に紐づく銘柄のため自動突合],,,,0
8306,8093,2025,純米酒（51-65%）部門,金賞,あたごのまつ 特別純米 冷卸,50821,,,draft,0.85,kuramaster_2025,あたごのまつ 特別純米 冷卸｜株式会社新澤醸造店｜宮城県 [2026-07-20 事後突合: entry_nameに銘柄名「あたごのまつ」を検出、DB上で唯一の蔵に紐づく銘柄のため自動突合],,,,0
8307,8093,2025,純米酒（51-65%）部門,金賞,愛宕の松 ひと夏の恋 純米吟醸,6968,,,draft,0.8,kuramaster_2025,愛宕の松 ひと夏の恋 純米吟醸｜株式会社新澤醸造店｜宮城県,,,,0
8308,8093,2025,純米酒（51-65%）部門,金賞,米から育てた純米酒 天寿,,,,review,0.8,kuramaster_2025,米から育てた純米酒　天寿｜天寿酒造株式会社｜秋田県,,,,0
8309,8093,2025,純米酒（51-65%）部門,金賞,かおりらんまん 純米吟醸,1099,,,draft,0.85,kuramaster_2025,かおりらんまん　純米吟醸｜秋田銘醸株式会社｜秋田県 [2026-07-20 事後突合: entry_nameに銘柄名「純米吟醸」を検出、DB上で唯一の蔵に紐づく銘柄のため自動突合],,,,0
8310,8093,2025,純米酒（51-65%）部門,金賞,秀よし 純米酒 神代,26888,,,draft,0.8,kuramaster_2025,秀よし　純米酒　神代｜合名会社鈴木酒造店｜秋田県,,,,0
8311,8093,2025,純米酒（51-65%）部門,金賞,辯天 特別純米酒 つや姫,869,,,draft,0.85,kuramaster_2025,辯天　特別純米酒　つや姫｜株式会社　後藤酒造店｜山形県 [2026-07-20 事後突合: entry_nameに銘柄名「特別純米酒」を検出、DB上で唯一の蔵に紐づく銘柄のため自動突合],,,,0
8312,8093,2025,純米酒（51-65%）部門,金賞,出羽桜 ML醗酵,50957,,,draft,0.85,kuramaster_2025,出羽桜 ML醗酵｜出羽桜酒造株式会社｜山形県 [2026-07-20 事後突合: entry_nameに銘柄名「出羽桜」を検出、DB上で唯一の蔵に紐づく銘柄のため自動突合],,,,0
8313,8093,2025,純米酒（51-65%）部門,金賞,純米吟醸 末廣,1099,,,draft,0.85,kuramaster_2025,純米吟醸　末廣｜末廣酒造株式会社｜福島県 [2026-07-20 事後突合: entry_nameに銘柄名「純米吟醸」を検出、DB上で唯一の蔵に紐づく銘柄のため自動突合],,,,0
8314,8093,2025,純米酒（51-65%）部門,金賞,四季桜 とちぎの星純米酒,11294,,,draft,0.8,kuramaster_2025,四季桜　とちぎの星純米酒｜宇都宮酒造株式会社｜栃木県,,,,0
8315,8093,2025,純米酒（51-65%）部門,金賞,純米吟醸日光誉 雄町,1099,,,draft,0.85,kuramaster_2025,純米吟醸日光誉　雄町｜株式会社渡邊佐平商店｜栃木県 [2026-07-20 事後突合: entry_nameに銘柄名「純米吟醸」を検出、DB上で唯一の蔵に紐づく銘柄のため自動突合],,,,0
8316,8093,2025,純米酒（51-65%）部門,金賞,不動 特別純米,19744,,,draft,0.8,kuramaster_2025,不動　特別純米｜鍋店株式会社｜千葉県,,,,0
8317,8093,2025,純米酒（51-65%）部門,金賞,長命泉 吟醸純米 備前雄町,6300,,,draft,0.8,kuramaster_2025,長命泉　吟醸純米　備前雄町｜株式会社滝沢本店｜千葉県,,,,0
8318,8093,2025,純米酒（51-65%）部門,金賞,SAKE HUNDRED 弐光 | NIKO,,,,review,0.8,kuramaster_2025,SAKE HUNDRED 弐光 | NIKO｜株式会社Clear｜東京都,,,,0
8319,8093,2025,純米酒（51-65%）部門,金賞,あしがり郷 月の歌,,,,review,0.8,kuramaster_2025,あしがり郷　月の歌｜株式会社瀬戸酒造店｜神奈川県,,,,0
8320,8093,2025,純米酒（51-65%）部門,金賞,セトイチ いざ,,,,review,0.8,kuramaster_2025,セトイチ　いざ｜株式会社瀬戸酒造店｜神奈川県,,,,0
8321,8093,2025,純米酒（51-65%）部門,金賞,セトイチ 手の鳴る方へ,,,,review,0.8,kuramaster_2025,セトイチ　手の鳴る方へ｜株式会社瀬戸酒造店｜神奈川県,,,,0
8322,8093,2025,純米酒（51-65%）部門,金賞,あしがり郷 零号∞,,,,review,0.8,kuramaster_2025,あしがり郷 零号∞｜株式会社瀬戸酒造店｜神奈川県,,,,0
8323,8093,2025,純米酒（51-65%）部門,金賞,セトイチ 音も無く,,,,review,0.8,kuramaster_2025,セトイチ 音も無く｜株式会社瀬戸酒造店｜神奈川県,,,,0
8324,8093,2025,純米酒（51-65%）部門,金賞,セトイチ はるばる,,,,review,0.8,kuramaster_2025,セトイチ はるばる｜株式会社瀬戸酒造店｜神奈川県,,,,0
8325,8093,2025,純米酒（51-65%）部門,金賞,越路乃紅梅 純米吟醸 八反錦,212,,,draft,0.8,kuramaster_2025,越路乃紅梅 純米吟醸 八反錦｜頚城酒造株式会社｜新潟県,,,,0
8326,8093,2025,純米酒（51-65%）部門,金賞,黒部峡 純米吟醸,9152,,,draft,0.8,kuramaster_2025,黒部峡　純米吟醸｜林酒造｜富山県,,,,0
8327,8093,2025,純米酒（51-65%）部門,金賞,永平寺白龍 土てきてき,26609,,,draft,0.8,kuramaster_2025,永平寺白龍　土てきてき｜吉田酒造株式会社 (福井)｜福井県,,,,0
8328,8093,2025,純米酒（51-65%）部門,金賞,旦 純米吟醸,9432,,,draft,0.8,kuramaster_2025,旦 純米吟醸｜笹一酒造株式会社｜山梨県,,,,0
8329,8093,2025,純米酒（51-65%）部門,金賞,今錦 純米吟醸 金紋錦,67,,,draft,0.8,kuramaster_2025,今錦　純米吟醸　金紋錦｜米澤酒造株式会社｜長野県,,,,0
8330,8093,2025,純米酒（51-65%）部門,金賞,髙波 純米吟醸,1099,,,draft,0.85,kuramaster_2025,髙波 純米吟醸｜合資会社　丸永酒造場｜長野県 [2026-07-20 事後突合: entry_nameに銘柄名「純米吟醸」を検出、DB上で唯一の蔵に紐づく銘柄のため自動突合],,,,0
8331,8093,2025,純米酒（51-65%）部門,金賞,夜明け前 純米吟醸 生一本,61,,,draft,0.8,kuramaster_2025,夜明け前　純米吟醸　生一本｜株式会社　小野酒造店｜長野県,,,,0
8332,8093,2025,純米酒（51-65%）部門,金賞,今錦 純米吟醸 美山錦,67,,,draft,0.8,kuramaster_2025,今錦　純米吟醸　美山錦｜米澤酒造株式会社｜長野県,,,,0
8333,8093,2025,純米酒（51-65%）部門,金賞,山車 純米吟醸 花酵母造り,2909,,,draft,0.8,kuramaster_2025,山車 純米吟醸 花酵母造り｜有限会社原田酒造場｜岐阜県,,,,0
8334,8093,2025,純米酒（51-65%）部門,金賞,長良川 純米吟醸,2873,,,draft,0.8,kuramaster_2025,長良川　純米吟醸｜小町酒造株式会社｜岐阜県,,,,0
8335,8093,2025,純米酒（51-65%）部門,金賞,純米吟醸 紫の英君,,,,review,0.6,kuramaster_2025,純米吟醸　紫の英君｜英君酒造株式会社｜静岡県,,,,0
8336,8093,2025,純米酒（51-65%）部門,金賞,富士錦 特別純米 ほまれふじ,2320,,,draft,0.8,kuramaster_2025,富士錦　特別純米　ほまれふじ｜富士錦酒造株式会社｜静岡県,,,,0
8337,8093,2025,純米酒（51-65%）部門,金賞,富士錦 純米酒 青ラベル,2320,,,draft,0.8,kuramaster_2025,富士錦　純米酒　青ラベル｜富士錦酒造株式会社｜静岡県,,,,0
8338,8093,2025,純米酒（51-65%）部門,金賞,国産無垢樽氷温熟成ヴィンテージ 純米吟醸生貯蔵酒 水楢,1099,,,draft,0.85,kuramaster_2025,国産無垢樽氷温熟成ヴィンテージ　純米吟醸生貯蔵酒　水楢｜株式会社　土井酒造場｜静岡県 [2026-07-20 事後突合: entry_nameに銘柄名「純米吟醸」を検出、DB上で唯一の蔵に紐づく銘柄のため自動突合],,,,0
8339,8093,2025,純米酒（51-65%）部門,金賞,國盛  純米吟醸 半田郷 1801,13979,,,draft,0.8,kuramaster_2025,國盛　 純米吟醸 半田郷　1801｜中埜酒造株式会社｜愛知県,,,,0
8340,8093,2025,純米酒（51-65%）部門,金賞,宮の雪 純米酒,,,,review,0.8,kuramaster_2025,宮の雪　純米酒｜株式会社　宮﨑本店｜三重県,,,,0
8341,8093,2025,純米酒（51-65%）部門,金賞,作 インプレッション H,5487,,,draft,0.8,kuramaster_2025,作　インプレッション　H｜清水清三郎商店株式会社｜三重県,,,,0
8342,8093,2025,純米酒（51-65%）部門,金賞,颯 純米吟醸 神の穂,1099,,,draft,0.85,kuramaster_2025,颯　純米吟醸　神の穂｜合資会社後藤酒造場｜三重県 [2026-07-20 事後突合: entry_nameに銘柄名「純米吟醸」を検出、DB上で唯一の蔵に紐づく銘柄のため自動突合],,,,0
8343,8093,2025,純米酒（51-65%）部門,金賞,萩乃露 特別純米 十水仕込 雨垂れ石を穿つ,9102,,,draft,0.8,kuramaster_2025,萩乃露 特別純米 十水仕込 雨垂れ石を穿つ｜株式会社 福井弥平商店｜滋賀県,,,,0
8344,8093,2025,純米酒（51-65%）部門,金賞,純米吟醸 香田スペシャルエディション,1099,,,draft,0.85,kuramaster_2025,純米吟醸　香田スペシャルエディション｜ハクレイ酒造株式会社｜京都府 [2026-07-20 事後突合: entry_nameに銘柄名「純米吟醸」を検出、DB上で唯一の蔵に紐づく銘柄のため自動突合],,,,0
8345,8093,2025,純米酒（51-65%）部門,金賞,純米吟醸 初搾り,1099,,,draft,0.85,kuramaster_2025,純米吟醸　初搾り｜ハクレイ酒造株式会社｜京都府 [2026-07-20 事後突合: entry_nameに銘柄名「純米吟醸」を検出、DB上で唯一の蔵に紐づく銘柄のため自動突合],,,,0
8346,8093,2025,純米酒（51-65%）部門,金賞,櫻正宗 金稀 純米吟醸,476,,,draft,0.8,kuramaster_2025,櫻正宗 金稀 純米吟醸｜櫻正宗株式会社｜兵庫県,,,,0
8347,8093,2025,純米酒（51-65%）部門,金賞,超特撰白雪純米吟醸赤富士,1099,,,draft,0.9,kuramaster_2025,超特撰白雪純米吟醸赤富士｜小西酒造株式会社｜兵庫県 [2026-07-20 事後突合: entry_nameに銘柄名「純米吟醸」を検出、DB上で唯一の蔵に紐づく銘柄のため自動突合],,,,0
8348,8093,2025,純米酒（51-65%）部門,金賞,KONISHI 純米吟醸ひやしぼり,51983,,,draft,0.85,kuramaster_2025,ＫＯＮＩＳＨＩ 純米吟醸ひやしぼり｜小西酒造株式会社｜兵庫県 [2026-07-20 事後突合: entry_nameに銘柄名「KONISHI」を検出、DB上で唯一の蔵に紐づく銘柄のため自動突合],,,,0
8349,8093,2025,純米酒（51-65%）部門,金賞,稲美 特別純米酒,16768,,,draft,0.8,kuramaster_2025,稲美　特別純米酒｜キング醸造株式会社｜兵庫県,,,,0
8350,8093,2025,純米酒（51-65%）部門,金賞,亀の甲五拾五,86415,,,draft,0.9,kuramaster_2025,亀の甲五拾五｜田中酒造場｜兵庫県 [2026-07-20 事後突合: entry_nameに銘柄名「五拾」を検出、DB上で唯一の蔵に紐づく銘柄のため自動突合],,,,0
8351,8093,2025,純米酒（51-65%）部門,金賞,春鹿 純米吟醸 封印酒,8701,,,draft,0.8,kuramaster_2025,春鹿　純米吟醸　封印酒｜株式会社 今西清兵衛商店｜奈良県,,,,0
8352,8093,2025,純米酒（51-65%）部門,金賞,紀土-KID- 純米,,,,review,0.8,kuramaster_2025,紀土-KID- 純米｜平和酒造株式会社｜和歌山県,,,,0
8353,8093,2025,純米酒（51-65%）部門,金賞,純米酒 黒牛,13635,,,draft,0.6,kuramaster_2025,純米酒　黒牛｜株式会社名手酒造店｜和歌山県,,,,0
8354,8093,2025,純米酒（51-65%）部門,金賞,車坂 特別純米酒,869,,,draft,0.85,kuramaster_2025,車坂 特別純米酒｜株式会社吉村秀雄商店｜和歌山県 [2026-07-20 事後突合: entry_nameに銘柄名「特別純米酒」を検出、DB上で唯一の蔵に紐づく銘柄のため自動突合],,,,0
8355,8093,2025,純米酒（51-65%）部門,金賞,紀土-KID- 特別純米酒 雄町,869,,,draft,0.85,kuramaster_2025,紀土-KID- 特別純米酒 雄町｜平和酒造株式会社｜和歌山県 [2026-07-20 事後突合: entry_nameに銘柄名「特別純米酒」を検出、DB上で唯一の蔵に紐づく銘柄のため自動突合],,,,0
8356,8093,2025,純米酒（51-65%）部門,金賞,台中六十五,,,,review,0.9,kuramaster_2025,台中六十五｜台雲酒造合同会社｜島根県,,,,0
8357,8093,2025,純米酒（51-65%）部門,金賞,燦然 特別純米 雄町,,,,review,0.8,kuramaster_2025,燦然 特別純米 雄町｜菊池酒造株式会社｜岡山県,,,,0
8358,8093,2025,純米酒（51-65%）部門,金賞,本洲一 無濾過純米酒,12206,,,draft,0.8,kuramaster_2025,本洲一　無濾過純米酒｜合名会社梅田酒造場｜広島県,,,,0
8359,8093,2025,純米酒（51-65%）部門,金賞,旭鳳 純米吟醸 泰平,12207,,,draft,0.8,kuramaster_2025,旭鳳　純米吟醸 泰平｜旭鳳酒造株式会社｜広島県,,,,0
8360,8093,2025,純米酒（51-65%）部門,金賞,本洲一 無濾過純米吟醸,12206,,,draft,0.8,kuramaster_2025,本洲一　無濾過純米吟醸｜合名会社梅田酒造場｜広島県,,,,0
8361,8093,2025,純米酒（51-65%）部門,金賞,わかむすめ 牡丹,19933,,,draft,0.8,kuramaster_2025,わかむすめ　牡丹｜新谷酒造株式会社｜山口県,,,,0
8362,8093,2025,純米酒（51-65%）部門,金賞,わかむすめ 十二秘色,19933,,,draft,0.8,kuramaster_2025,わかむすめ　十二秘色｜新谷酒造株式会社｜山口県,,,,0
8363,8093,2025,純米酒（51-65%）部門,金賞,純米吟醸 勝瑞城,1099,,,draft,0.85,kuramaster_2025,純米吟醸 勝瑞城｜株式会社本家松浦酒造場｜徳島県 [2026-07-20 事後突合: entry_nameに銘柄名「純米吟醸」を検出、DB上で唯一の蔵に紐づく銘柄のため自動突合],,,,0
8364,8093,2025,純米酒（51-65%）部門,金賞,ホシガジョウノソラ,8383,,,draft,0.9,kuramaster_2025,ホシガジョウノソラ｜小豆島酒造株式会社｜香川県,,,,0
8365,8093,2025,純米酒（51-65%）部門,金賞,豊能梅 純米吟醸 いとをかし,10254,,,draft,0.8,kuramaster_2025,豊能梅　純米吟醸　いとをかし｜高木酒造株式会社｜高知県,,,,0
8366,8093,2025,純米酒（51-65%）部門,金賞,黒兜 夢一献 純米吟醸,1099,,,draft,0.85,kuramaster_2025,黒兜 夢一献 純米吟醸｜池亀酒造株式会社｜福岡県 [2026-07-20 事後突合: entry_nameに銘柄名「純米吟醸」を検出、DB上で唯一の蔵に紐づく銘柄のため自動突合],,,,0
8367,8093,2025,純米酒（51-65%）部門,金賞,純米吟醸 喜多屋 吟のさと,1099,,,draft,0.85,kuramaster_2025,純米吟醸 喜多屋 吟のさと｜株式会社 喜多屋｜福岡県 [2026-07-20 事後突合: entry_nameに銘柄名「純米吟醸」を検出、DB上で唯一の蔵に紐づく銘柄のため自動突合],,,,0
8368,8093,2025,純米酒（51-65%）部門,金賞,純米吟醸 百年蔵 F44,1099,,,draft,0.85,kuramaster_2025,純米吟醸　百年蔵　Ｆ４４｜石蔵酒造株式会社｜福岡県 [2026-07-20 事後突合: entry_nameに銘柄名「純米吟醸」を検出、DB上で唯一の蔵に紐づく銘柄のため自動突合],,,,0
8369,8093,2025,純米酒（51-65%）部門,金賞,駿 純米酒,,,,review,0.8,kuramaster_2025,駿　純米酒｜株式会社いそのさわ｜福岡県,,,,0
8370,8093,2025,純米酒（51-65%）部門,金賞,純米酒 寒山水 65%磨き,,,,review,0.6,kuramaster_2025,純米酒 寒山水 65％磨き｜株式会社 喜多屋｜福岡県,,,,0
8371,8093,2025,純米酒（51-65%）部門,金賞,七田 純米,10954,,,draft,0.8,kuramaster_2025,七田　純米｜天山酒造株式会社｜佐賀県,,,,0
8372,8093,2025,純米酒（66-100%）部門,プラチナ賞,菊勇 辛口純米酒,6788,,,draft,0.8,kuramaster_2025,菊勇 辛口純米酒｜吉川醸造株式会社｜神奈川県,,,,0
8373,8093,2025,純米酒（66-100%）部門,プラチナ賞,koshijinokobai knot,,,,review,0.8,kuramaster_2025,koshijinokobai knot｜頚城酒造株式会社｜新潟県,,,,0
8374,8093,2025,純米酒（66-100%）部門,プラチナ賞,蛍舞プラス,,,,review,0.9,kuramaster_2025,蛍舞プラス｜東酒造株式会社｜石川県,,,,0
8375,8093,2025,純米酒（66-100%）部門,プラチナ賞,酒一筋 純米,52486,,,draft,0.85,kuramaster_2025,酒一筋　純米｜利守酒造株式会社｜岡山県 [2026-07-20 事後突合: entry_nameに銘柄名「酒一筋」を検出、DB上で唯一の蔵に紐づく銘柄のため自動突合],,,,0
8376,8093,2025,純米酒（66-100%）部門,プラチナ賞,純米 eme‐エメ-,53048,,,draft,0.85,kuramaster_2025,純米　eme‐エメ-｜嘉美心酒造株式会社｜岡山県 [2026-07-20 事後突合: entry_nameに銘柄名「純米」を検出、DB上で唯一の蔵に紐づく銘柄のため自動突合],,,,0
8377,8093,2025,純米酒（66-100%）部門,プラチナ賞,月桂冠 トラディショナル,1314,,,draft,0.8,kuramaster_2025,月桂冠　トラディショナル｜米国月桂冠株式会社｜カリフォルニア,,,,0
8378,8093,2025,純米酒（66-100%）部門,金賞,木桶仕込み 生酛純米酒 浦霞12,51223,,,draft,0.85,kuramaster_2025,木桶仕込み 生酛純米酒 浦霞12｜株式会社佐浦｜宮城県 [2026-07-20 事後突合: entry_nameに銘柄名「木桶仕込」を検出、DB上で唯一の蔵に紐づく銘柄のため自動突合],,,,0
8379,8093,2025,純米酒（66-100%）部門,金賞,爛漫 純米酒 萌稲 一穂積,,,,review,0.8,kuramaster_2025,爛漫　純米酒　萌稲　一穂積｜秋田銘醸株式会社｜秋田県,,,,0
8380,8093,2025,純米酒（66-100%）部門,金賞,セトイチ風が吹いたら,,,,review,0.9,kuramaster_2025,セトイチ風が吹いたら｜株式会社瀬戸酒造店｜神奈川県,,,,0
8381,8093,2025,純米酒（66-100%）部門,金賞,TAKARAYAMA米袋ラベル新之助,23081,,,draft,0.9,kuramaster_2025,TAKARAYAMA米袋ラベル新之助｜たからやま醸造株式会社｜新潟県 [2026-07-20 事後突合: entry_nameに銘柄名「新之助」を検出、DB上で唯一の蔵に紐づく銘柄のため自動突合],,,,0
8382,8093,2025,純米酒（66-100%）部門,金賞,永平寺白龍 TOAST,26609,,,draft,0.8,kuramaster_2025,永平寺白龍 TOAST｜シンフォニー吉田酒造株式会社｜福井県,,,,0
8383,8093,2025,純米酒（66-100%）部門,金賞,妙の華 challenge90,5515,,,draft,0.8,kuramaster_2025,妙の華　challenge90｜森喜酒造　株式会社｜三重県,,,,0
8384,8093,2025,純米酒（66-100%）部門,金賞,福寿 未来への一滴 山田錦,467,,,draft,0.8,kuramaster_2025,福寿　未来への一滴　山田錦｜株式会社神戸酒心館｜兵庫県,,,,0
8385,8093,2025,純米酒（66-100%）部門,金賞,春鹿 桜ラベル 純米酒,8701,,,draft,0.8,kuramaster_2025,春鹿　桜ラベル　純米酒｜株式会社 今西清兵衛商店｜奈良県,,,,0
8386,8093,2025,純米酒（66-100%）部門,金賞,Yuchan Junmai SAKE,,,,review,0.8,kuramaster_2025,Yuchan Junmai SAKE｜台湾たばこ酒公司 桃園蒸留所｜台湾,,,,0
8387,8093,2025,純米酒（66-100%）部門,金賞,ハイク,,,,review,0.9,kuramaster_2025,ハイク｜米国月桂冠株式会社｜カリフォルニア,,,,0
8388,8093,2025,クラシック酛部門,プラチナ賞,雨降 生酛山田錦 KIMOTO,6789,,,draft,0.8,kuramaster_2025,雨降 生酛山田錦 KIMOTO｜吉川醸造株式会社｜神奈川県,,,,0
8389,8093,2025,クラシック酛部門,プラチナ賞,雨降 水酛愛山 MIZUMOTO,6789,,,draft,0.8,kuramaster_2025,雨降 水酛愛山 MIZUMOTO｜吉川醸造株式会社｜神奈川県,,,,0
8390,8093,2025,クラシック酛部門,プラチナ賞,菊正宗 純米樽酒,463,,,draft,0.8,kuramaster_2025,菊正宗　純米樽酒｜菊正宗酒造株式会社｜兵庫県,,,,0
8391,8093,2025,クラシック酛部門,プラチナ賞,七ツ梅山田錦生もと特別純米,,,,review,0.9,kuramaster_2025,七ツ梅山田錦生もと特別純米｜株式会社小山本家酒造　灘浜福鶴蔵｜兵庫県,,,,0
8392,8093,2025,クラシック酛部門,プラチナ賞,超特撰白雪江戸元禄の酒(復刻酒)原酒,,,,review,0.9,kuramaster_2025,超特撰白雪江戸元禄の酒（復刻酒）原酒｜小西酒造株式会社｜兵庫県,,,,0
8393,8093,2025,クラシック酛部門,プラチナ賞,山廃 吟醸純米 香住鶴,493,,,draft,0.85,kuramaster_2025,山廃 吟醸純米 香住鶴｜香住鶴　株式会社｜兵庫県 [2026-07-20 事後突合: entry_nameに銘柄名「香住鶴」を検出、DB上で唯一の蔵に紐づく銘柄のため自動突合],,,,0
8394,8093,2025,クラシック酛部門,プラチナ賞,桂月 相川譽 山廃純米酒 58,10260,,,draft,0.8,kuramaster_2025,桂月 相川譽 山廃純米酒 58｜土佐酒造株式会社｜高知県,,,,0
8395,8093,2025,クラシック酛部門,プラチナ賞,BYx Yamahai,,,,review,0.8,kuramaster_2025,BYx Yamahai｜Brooklyn Kura｜ニューヨーク,,,,0
8396,8093,2025,クラシック酛部門,金賞,山廃純米大吟醸 浦霞ひらの,,,,review,0.8,kuramaster_2025,山廃純米大吟醸 浦霞ひらの｜株式会社佐浦｜宮城県,,,,0
8397,8093,2025,クラシック酛部門,金賞,生酛仕込純米酒 鳥海山,,,,review,0.8,kuramaster_2025,生酛仕込純米酒　鳥海山｜天寿酒造株式会社｜秋田県,,,,0
8398,8093,2025,クラシック酛部門,金賞,生酛純米大吟醸 天寿,,,,review,0.8,kuramaster_2025,生酛純米大吟醸　天寿｜天寿酒造株式会社｜秋田県,,,,0
8399,8093,2025,クラシック酛部門,金賞,山廃純米 萩原,53048,,,draft,0.85,kuramaster_2025,山廃純米 萩原｜萩原酒造株式会社｜茨城県 [2026-07-20 事後突合: entry_nameに銘柄名「純米」を検出、DB上で唯一の蔵に紐づく銘柄のため自動突合],,,,0
8400,8093,2025,クラシック酛部門,金賞,群馬泉 山廃純米,9981,,,draft,0.8,kuramaster_2025,群馬泉　山廃純米｜島岡酒造株式会社｜群馬県,,,,0
8401,8093,2025,クラシック酛部門,金賞,群馬泉 超特選純米,9981,,,draft,0.8,kuramaster_2025,群馬泉　超特選純米｜島岡酒造株式会社｜群馬県,,,,0
8402,8093,2025,クラシック酛部門,金賞,空色黒とんぼ 生酛純米酒,51250,,,draft,0.85,kuramaster_2025,空色黒とんぼ　生酛純米酒｜泉橋酒造株式会社｜神奈川県 [2026-07-20 事後突合: entry_nameに銘柄名「黒とんぼ」を検出、DB上で唯一の蔵に紐づく銘柄のため自動突合],,,,0
8403,8093,2025,クラシック酛部門,金賞,雨降 亀の尾大吟醸44 KAMENOO,6789,,,draft,0.8,kuramaster_2025,雨降 亀の尾大吟醸44 KAMENOO｜吉川醸造株式会社｜神奈川県,,,,0
8404,8093,2025,クラシック酛部門,金賞,伊乎乃 辛口山廃 純米吟醸原酒,23124,,,draft,0.8,kuramaster_2025,伊乎乃　辛口山廃　純米吟醸原酒｜高の井酒造株式会社｜大阪府,,,,0
8405,8093,2025,クラシック酛部門,金賞,黒帯 堂々 山廃純米,14026,,,draft,0.8,kuramaster_2025,黒帯　堂々　山廃純米｜株式会社 福光屋｜石川県,,,,0
8406,8093,2025,クラシック酛部門,金賞,純米大吟醸生酛造りトSAKU1,,,,review,0.9,kuramaster_2025,純米大吟醸生酛造り㋣SAKU1｜黒澤酒造株式会社｜長野県,,,,0
8407,8093,2025,クラシック酛部門,金賞,蓬莱 純米大吟醸生酛 高島雄町,2912,,,draft,0.8,kuramaster_2025,蓬莱　純米大吟醸生酛　高島雄町｜有限会社　渡辺酒造店｜岐阜県,,,,0
8408,8093,2025,クラシック酛部門,金賞,瀧自慢 純米大吟醸 山廃,5531,,,draft,0.8,kuramaster_2025,瀧自慢　純米大吟醸　山廃｜瀧自慢酒造株式会社｜三重県,,,,0
8409,8093,2025,クラシック酛部門,金賞,特別純米 花洛 生酛,,,,review,0.8,kuramaster_2025,特別純米　花洛　生酛｜招德酒造株式会社｜京都府,,,,0
8410,8093,2025,クラシック酛部門,金賞,雑賀 純米 山廃仕込,19747,,,draft,0.8,kuramaster_2025,雑賀　純米　山廃仕込｜株式会社　九重雜賀｜和歌山県,,,,0
8411,8093,2025,クラシック酛部門,金賞,大号令 無添加生酛八反錦 真吟磨き,12205,,,draft,0.8,kuramaster_2025,大号令　無添加生酛八反錦　真吟磨き｜株式会社馬上酒造｜広島県,,,,0
8412,8093,2025,クラシック酛部門,金賞,三井の寿山廃純米豊醸美田,52296,,,draft,0.9,kuramaster_2025,三井の寿山廃純米豊醸美田｜株式会社みいの寿｜福岡県 [2026-07-20 事後突合: entry_nameに銘柄名「三井の寿」を検出、DB上で唯一の蔵に紐づく銘柄のため自動突合],,,,0
8413,8093,2025,サケ スパークリング部門,プラチナ賞,南部美人 あわさけスパークリング,8376,,,draft,0.8,kuramaster_2025,南部美人　あわさけスパークリング｜株式会社南部美人｜岩手県,,,,0
8414,8093,2025,サケ スパークリング部門,プラチナ賞,出羽桜 AWA SAKE,50957,,,draft,0.85,kuramaster_2025,出羽桜 AWA SAKE｜出羽桜酒造株式会社｜山形県 [2026-07-20 事後突合: entry_nameに銘柄名「出羽桜」を検出、DB上で唯一の蔵に紐づく銘柄のため自動突合],,,,0
8415,8093,2025,サケ スパークリング部門,プラチナ賞,旭興 発泡性貴醸酒,11297,,,draft,0.8,kuramaster_2025,旭興　発泡性貴醸酒｜渡邉酒造株式会社｜栃木県,,,,0
8416,8093,2025,サケ スパークリング部門,プラチナ賞,菊泉ひとすじ,47471,,,draft,0.9,kuramaster_2025,菊泉ひとすじ｜滝澤酒造株式会社｜埼玉県 [2026-07-20 事後突合: entry_nameに銘柄名「ひとすじ」を検出、DB上で唯一の蔵に紐づく銘柄のため自動突合],,,,0
8417,8093,2025,サケ スパークリング部門,プラチナ賞,SAKE HUNDRED 深星 | SHINSEI,,,,review,0.8,kuramaster_2025,SAKE HUNDRED 深星 | SHINSEI｜株式会社Clear｜東京都,,,,0
8418,8093,2025,サケ スパークリング部門,プラチナ賞,七賢 空ノ彩 スパークリング,9412,,,draft,0.8,kuramaster_2025,七賢　空ノ彩　スパークリング｜山梨銘醸株式会社｜山梨県,,,,0
8419,8093,2025,サケ スパークリング部門,プラチナ賞,喜多屋 スパークリング アワサケ,52301,,,draft,0.85,kuramaster_2025,喜多屋 スパークリング アワサケ｜株式会社 喜多屋｜福岡県 [2026-07-20 事後突合: entry_nameに銘柄名「喜多屋」を検出、DB上で唯一の蔵に紐づく銘柄のため自動突合],,,,0
8420,8093,2025,サケ スパークリング部門,金賞,愛宕の松 スパークリング,6968,,,draft,0.8,kuramaster_2025,愛宕の松 スパークリング｜株式会社新澤醸造店｜宮城県,,,,0
8421,8093,2025,サケ スパークリング部門,金賞,MIZUBASHO PURE,,,,review,0.8,kuramaster_2025,MIZUBASHO PURE｜永井酒造株式会社｜群馬県,,,,0
8422,8093,2025,サケ スパークリング部門,金賞,菊泉 ひとすじレイ,3314,,,draft,0.85,kuramaster_2025,菊泉 ひとすじレイ｜滝澤酒造株式会社｜埼玉県 [2026-07-20 事後突合: entry_nameに銘柄名「菊泉 ひとすじ」を検出、DB上で唯一の蔵に紐づく銘柄のため自動突合],,,,0
8423,8093,2025,サケ スパークリング部門,金賞,羽根屋 スパークリング,19895,,,draft,0.8,kuramaster_2025,羽根屋　スパークリング｜富美菊酒造株式会社｜富山県,,,,0
8424,8093,2025,サケ スパークリング部門,金賞,七賢 星ノ輝 スパークリング,9412,,,draft,0.8,kuramaster_2025,七賢　星ノ輝　スパークリング｜山梨銘醸株式会社｜山梨県,,,,0
8425,8093,2025,サケ スパークリング部門,金賞,七賢 山ノ霞 スパークリング,9412,,,draft,0.8,kuramaster_2025,七賢　山ノ霞　スパークリング｜山梨銘醸株式会社｜山梨県,,,,0
8426,8093,2025,サケ スパークリング部門,金賞,初亀 習作 2025-01 瓶内二次発酵清酒 辛口,2326,,,draft,0.8,kuramaster_2025,初亀 習作 2025-01 瓶内二次発酵清酒 辛口｜初亀醸造株式会社｜静岡県,,,,0
8427,8093,2025,サケ スパークリング部門,金賞,花の舞 スパークリング,2307,,,draft,0.8,kuramaster_2025,花の舞　スパークリング｜花の舞酒造株式会社｜静岡県,,,,0
8428,8093,2025,サケ スパークリング部門,金賞,鈿女 スパークリング AWA,5454,,,draft,0.8,kuramaster_2025,鈿女　スパークリング　AWA｜伊藤酒造株式会社｜三重県,,,,0
8429,8093,2025,サケ スパークリング部門,金賞,月山 スパークリング クラウド,94319,,,draft,0.85,kuramaster_2025,月山　スパークリング　クラウド｜吉田酒造株式会社｜島根県 [2026-07-20 事後突合: entry_nameに銘柄名「クラウド」を検出、DB上で唯一の蔵に紐づく銘柄のため自動突合],,,,0
8430,8093,2025,サケ スパークリング部門,金賞,賀茂鶴 SPARKLING SAKE 光壽 750ML,12210,,,draft,0.8,kuramaster_2025,賀茂鶴 SPARKLING SAKE 光壽 750ML｜賀茂鶴酒造株式会社｜広島県,,,,0
8431,8093,2025,サケ スパークリング部門,金賞,繁桝 スパ-クリング,52313,,,draft,0.85,kuramaster_2025,繁桝　スパ－クリング｜株式会社　高橋商店｜福岡県 [2026-07-20 事後突合: entry_nameに銘柄名「繁桝」を検出、DB上で唯一の蔵に紐づく銘柄のため自動突合],,,,0
8432,8093,2025,古酒部門,プラチナ賞,一ノ蔵 Madena,6965,,,draft,0.8,kuramaster_2025,一ノ蔵 Madena｜株式会社一ノ蔵｜宮城県,,,,0
8433,8093,2025,古酒部門,プラチナ賞,NIIZAWA KIZASHI 2020,,,,review,0.8,kuramaster_2025,NIIZAWA KIZASHI 2020｜株式会社新澤醸造店｜宮城県,,,,0
8434,8093,2025,古酒部門,プラチナ賞,天寿 純米吟醸 平成9年醸造,26615,,,draft,0.8,kuramaster_2025,天寿　純米吟醸　平成9年醸造｜天寿酒造株式会社｜秋田県,,,,0
8435,8093,2025,古酒部門,プラチナ賞,出羽桜 貴醸酒 MATURED,,,,review,0.8,kuramaster_2025,出羽桜 貴醸酒 MATURED｜出羽桜酒造株式会社｜山形県,,,,0
8436,8093,2025,古酒部門,プラチナ賞,アフス アンサンブル,,,,review,0.8,kuramaster_2025,アフス　アンサンブル｜木戸泉酒造株式会社｜千葉県,,,,0
8437,8093,2025,古酒部門,プラチナ賞,吟天龍王,,,,review,0.9,kuramaster_2025,吟天龍王｜小田切商事株式会社｜東京都,,,,0
8438,8093,2025,古酒部門,プラチナ賞,古昔の美酒 GOLD,533,,,draft,0.8,kuramaster_2025,古昔の美酒　GOLD｜株式会社匠創生｜兵庫県,,,,0
8439,8093,2025,古酒部門,金賞,陸羽132,,,,review,0.9,kuramaster_2025,陸羽１３２｜株式会社わしの尾｜岩手県,,,,0
8440,8093,2025,古酒部門,金賞,NIIZAWA 2019,,,,review,0.8,kuramaster_2025,NIIZAWA 2019｜株式会社新澤醸造店｜宮城県,,,,0
8441,8093,2025,古酒部門,金賞,TANAKA1789 X CHARTIER BLEND 001 Vintage 2020,,,,review,0.7,kuramaster_2025,TANAKA1789 X CHARTIER BLEND 001 Vintage 2020｜株式会社田,,,,0
8442,8093,2025,古酒部門,金賞,大吟醸古酒 大銀杏,871,,,draft,0.85,kuramaster_2025,大吟醸古酒 大銀杏｜東の麓酒造有限会社｜山形県 [2026-07-20 事後突合: entry_nameに銘柄名「大吟醸」を検出、DB上で唯一の蔵に紐づく銘柄のため自動突合],,,,0
8443,8093,2025,古酒部門,金賞,悠久乃杜 2004,,,,review,0.8,kuramaster_2025,悠久乃杜　2004｜吉乃川株式会社｜新潟県,,,,0
8444,8093,2025,古酒部門,金賞,渓流 大古酒,34,,,draft,0.8,kuramaster_2025,渓流　大古酒｜株式会社遠藤酒造場｜長野県,,,,0
8445,8093,2025,古酒部門,金賞,超特撰白雪江戸元禄の酒(復刻酒)熟成古酒,534,,,draft,0.9,kuramaster_2025,超特撰白雪江戸元禄の酒（復刻酒）熟成古酒｜小西酒造株式会社｜兵庫県 [2026-07-20 事後突合: entry_nameに銘柄名「白雪」を検出、DB上で唯一の蔵に紐づく銘柄のため自動突合],,,,0
8446,8093,2025,古酒部門,金賞,龍力 熟成古酒 玄妙 甘蜜,506,,,draft,0.8,kuramaster_2025,龍力　熟成古酒　玄妙　甘蜜｜株式会社　本田商店｜兵庫県,,,,0
8447,8093,2025,古酒部門,金賞,(仮)白雪 熟成古酒(寛座),,,,review,0.8,kuramaster_2025,（仮）白雪　熟成古酒（寛座）｜小西酒造株式会社｜兵庫県,,,,0
8448,8093,2025,古酒部門,金賞,黒松白鹿 こしゅ 10年貯蔵,483,,,draft,0.8,kuramaster_2025,黒松白鹿 こしゅ １０年貯蔵｜辰馬本家酒造株式会社｜兵庫県,,,,0
8449,8093,2025,古酒部門,金賞,古昔の美酒 天貴,533,,,draft,0.8,kuramaster_2025,古昔の美酒　天貴｜株式会社匠創生｜兵庫県,,,,0
8450,8093,2025,古酒部門,金賞,華鳩 貴醸酒8年貯蔵,12202,,,draft,0.8,kuramaster_2025,華鳩　貴醸酒８年貯蔵｜榎酒造株式会社｜広島県,,,,0
10037,10037,2026,純米酒部門,GOLD,みむろ杉 ろまんシリーズ Dio Abita(ディオアビータ),8723,,,draft,0.9,sake_competition_2026,純米酒部門GOLD表：今西酒造株式会社『みむろ杉 ろまんシリーズ Dio Abita（ディオアビータ,,,,0
10038,10037,2026,純米酒部門,GOLD,ささまさむね 特別純米,51102,,,draft,0.9,sake_competition_2026,純米酒部門GOLD表：笹正宗酒造株式会社『ささまさむね 特別純米』,,,,0
10039,10037,2026,純米酒部門,GOLD,あさまやま 夏純,,,,review,0.9,sake_competition_2026,純米酒部門GOLD表：浅間酒造株式会社『あさまやま 夏純』,,,,0
10040,10037,2026,純米酒部門,GOLD,楽器正宗 純醸,14068,,,draft,0.9,sake_competition_2026,純米酒部門GOLD表：合名会社大木代吉本店『楽器正宗 純醸』,,,,0
10041,10037,2026,純米酒部門,GOLD,松の司 生酛純米酒,9086,,,draft,0.9,sake_competition_2026,純米酒部門GOLD表：松瀬酒造株式会社『松の司 生酛純米酒』,,,,0
10042,10037,2026,純米酒部門,GOLD,みむろ杉 ろまんシリーズ 特別純米辛口 露葉風,8723,,,draft,0.9,sake_competition_2026,純米酒部門GOLD表：今西酒造株式会社『みむろ杉 ろまんシリーズ 特別純米辛口 露葉風』,,,,0
10043,10037,2026,純米酒部門,GOLD,清嘹 舞風 純米酒,9925,,,draft,0.9,sake_competition_2026,純米酒部門GOLD表：株式会社町田酒造店『清嘹 舞風 純米酒』,,,,0
10044,10037,2026,純米酒部門,GOLD,あたごのまつ 特別純米,50821,,,draft,0.9,sake_competition_2026,純米酒部門GOLD表：株式会社新澤醸造店『あたごのまつ 特別純米』,,,,0
10045,10037,2026,純米酒部門,GOLD,雨後の月 純米酒 呉未希米八反錦,12236,,,draft,0.9,sake_competition_2026,純米酒部門GOLD表：相原酒造株式会社『雨後の月 純米酒 呉未希米八反錦』,,,,0
10046,10037,2026,純米酒部門,GOLD,陣屋 特別純米,14105,,,draft,0.9,sake_competition_2026,純米酒部門GOLD表：有賀醸造合資会社『陣屋 特別純米』,,,,0
10047,10037,2026,純米吟醸部門,GOLD,みむろ杉 ろまんシリーズ 純米吟醸 山田錦,8723,,,draft,0.9,sake_competition_2026,純米吟醸部門GOLD表：今西酒造株式会社『みむろ杉 ろまんシリーズ 純米吟醸 山田錦』,,,,0
10048,10037,2026,純米吟醸部門,GOLD,勝山 KIRAKIRA(キラキラ),6955,,,draft,0.9,sake_competition_2026,純米吟醸部門GOLD表：仙台伊澤家　勝山酒造株式会社『勝山 KIRAKIRA（キラキラ）』,,,,0
10049,10037,2026,純米吟醸部門,GOLD,三諸杉 純米吟醸,8724,,,draft,0.9,sake_competition_2026,純米吟醸部門GOLD表：今西酒造株式会社『三諸杉 純米吟醸』,,,,0
10050,10037,2026,純米吟醸部門,GOLD,楽器正宗 愛山中取り,14068,,,draft,0.9,sake_competition_2026,純米吟醸部門GOLD表：合名会社大木代吉本店『楽器正宗 愛山中取り』,,,,0
10051,10037,2026,純米吟醸部門,GOLD,天賦 純米吟醸,1099,,,draft,0.9,sake_competition_2026,純米吟醸部門GOLD表：西酒造株式会社『天賦 純米吟醸』 [2026-07-20 事後突合: entry_nameに銘柄名「純米吟醸」を検出、DB上で唯一の蔵に紐づく銘柄のため自動突合],,,,0
10052,10037,2026,純米吟醸部門,GOLD,会津娘 純米吟醸「穣」松原8,14144,,,draft,0.9,sake_competition_2026,純米吟醸部門GOLD表：株式会社髙橋庄作酒造店『会津娘 純米吟醸「穣」松原8』,,,,0
10053,10037,2026,純米吟醸部門,GOLD,楽器正宗 雄町中取り,14068,,,draft,0.9,sake_competition_2026,純米吟醸部門GOLD表：合名会社大木代吉本店『楽器正宗 雄町中取り』,,,,0
10054,10037,2026,純米吟醸部門,GOLD,紀土 純米吟醸,19750,,,draft,0.9,sake_competition_2026,純米吟醸部門GOLD表：平和酒造株式会社『紀土 純米吟醸』,,,,0
10055,10037,2026,純米吟醸部門,GOLD,松の司 純米吟醸 楽,9086,,,draft,0.9,sake_competition_2026,純米吟醸部門GOLD表：松瀬酒造株式会社『松の司 純米吟醸 楽』,,,,0
10056,10037,2026,純米吟醸部門,GOLD,天美 純米吟醸 蛍天,2552,,,draft,0.9,sake_competition_2026,純米吟醸部門GOLD表：長州酒造株式会社『天美 純米吟醸 蛍天』,,,,0
10057,10037,2026,純米大吟醸部門,GOLD,雨後の月 純米大吟醸,12236,,,draft,0.9,sake_competition_2026,純米大吟醸部門GOLD表：相原酒造株式会社『雨後の月 純米大吟醸』,,,,0
10058,10037,2026,純米大吟醸部門,GOLD,山和 純米大吟醸,6974,,,draft,0.9,sake_competition_2026,純米大吟醸部門GOLD表：株式会社山和酒造店『山和 純米大吟醸』,,,,0
10059,10037,2026,純米大吟醸部門,GOLD,太平山 純米大吟醸 天巧,26693,,,draft,0.9,sake_competition_2026,純米大吟醸部門GOLD表：小玉醸造株式会社『太平山 純米大吟醸 天巧』,,,,0
10060,10037,2026,純米大吟醸部門,GOLD,愛友 純米大吟醸 備前雄町,,,,review,0.9,sake_competition_2026,純米大吟醸部門GOLD表：愛友酒造株式会社『愛友 純米大吟醸 備前雄町』,,,,0
10061,10037,2026,純米大吟醸部門,GOLD,后 50 Black,19898,,,draft,0.5,sake_competition_2026,純米大吟醸部門GOLD表：吉乃友酒造有限会社『后 50 Black』,,,,0
10062,10037,2026,純米大吟醸部門,GOLD,紅花屋重兵衛 雪女神,,,,review,0.55,sake_competition_2026,純米大吟醸部門GOLD表：古澤酒造株式会社『紅花屋重兵衛 雪女神』,,,,0
10063,10037,2026,純米大吟醸部門,GOLD,東洋美人 壱番纏,2558,,,draft,0.9,sake_competition_2026,純米大吟醸部門GOLD表：株式会社澄川酒造場『東洋美人 壱番纏』,,,,0
10064,10037,2026,純米大吟醸部門,GOLD,松の司 純米大吟醸 黒,9086,,,draft,0.9,sake_competition_2026,純米大吟醸部門GOLD表：松瀬酒造株式会社『松の司 純米大吟醸 黒』,,,,0
10065,10037,2026,純米大吟醸部門,GOLD,天鷹 有機純米大吟醸 槽搾り原酒,11307,,,draft,0.9,sake_competition_2026,純米大吟醸部門GOLD表：天鷹酒造株式会社『天鷹 有機純米大吟醸 槽搾り原酒』,,,,0
10066,10037,2026,純米大吟醸部門,GOLD,来福 純米大吟醸 愛山,8300,,,draft,0.9,sake_competition_2026,純米大吟醸部門GOLD表：来福酒造株式会社『来福 純米大吟醸 愛山』,,,,0
10067,10037,2026,SUPER PREMIUM部門,GOLD,而今 特等雄町,5528,,,draft,0.9,sake_competition_2026,SUPER PREMIUM部門GOLD表：木屋正酒造株式会社『而今 特等雄町』,,,,0
10068,10037,2026,SUPER PREMIUM部門,GOLD,東洋美人 志荘,2558,,,draft,0.9,sake_competition_2026,SUPER PREMIUM部門GOLD表：株式会社澄川酒造場『東洋美人 志荘』,,,,0
10069,10037,2026,SUPER PREMIUM部門,GOLD,くどき上手 命 斗瓶囲大吟醸,50998,,,draft,0.9,sake_competition_2026,SUPER PREMIUM部門GOLD表：亀の井酒造株式会社『くどき上手 命 斗瓶囲大吟醸』,,,,0
10070,10037,2026,モダンナチュラル部門,GOLD,たちばなや 純米吟醸,1099,,,draft,0.9,sake_competition_2026,モダンナチュラル部門GOLD表：合名会社川敬商店『たちばなや 純米吟醸』 [2026-07-20 事後突合: entry_nameに銘柄名「純米吟醸」を検出、DB上で唯一の蔵に紐づく銘柄のため自動突合],,,,0
10071,10037,2026,モダンナチュラル部門,GOLD,萩原 山廃純米,53048,,,draft,0.9,sake_competition_2026,モダンナチュラル部門GOLD表：萩原酒造株式会社『萩原 山廃純米』 [2026-07-20 事後突合: entry_nameに銘柄名「純米」を検出、DB上で唯一の蔵に紐づく銘柄のため自動突合],,,,0
10072,10037,2026,モダンナチュラル部門,GOLD,試験醸造2025 Type-Kimoto,,,,review,0.35,sake_competition_2026,モダンナチュラル部門GOLD表：城陽酒造株式会社『試験醸造2025 Type-Kimoto』,,,,0
10073,10037,2026,モダンナチュラル部門,GOLD,神開 純米原酒 水酛,9078,,,draft,0.9,sake_competition_2026,モダンナチュラル部門GOLD表：藤本酒造株式会社『神開 純米原酒 水酛』,,,,0
10074,10037,2026,モダンナチュラル部門,GOLD,久比岐 和希水 生酛,51426,,,draft,0.55,sake_competition_2026,モダンナチュラル部門GOLD表：頚城酒造株式会社『久比岐 和希水 生酛』,,,,0
10075,10037,2026,純米酒部門,SILVER,AKABU 純米酒,8352,,,draft,0.82,sake_competition_2026,純米酒部門SILVER表：赤武酒造株式会社『AKABU 純米酒』,,,,0
10076,10037,2026,純米酒部門,SILVER,山の井 天の川,14177,,,draft,0.82,sake_competition_2026,純米酒部門SILVER表：会津酒造株式会社『山の井 天の川』,,,,0
10077,10037,2026,純米酒部門,SILVER,楽器正宗 FUZZY GREEN 雄町,14068,,,draft,0.82,sake_competition_2026,純米酒部門SILVER表：合名会社大木代吉本店『楽器正宗 FUZZY GREEN 雄町』,,,,0
10078,10037,2026,純米酒部門,SILVER,紀土 純米酒,19750,,,draft,0.82,sake_competition_2026,純米酒部門SILVER表：平和酒造株式会社『紀土 純米酒』,,,,0
10079,10037,2026,純米酒部門,SILVER,土佐金蔵 特別純米,10255,,,draft,0.82,sake_competition_2026,純米酒部門SILVER表：高木酒造株式会社『土佐金蔵 特別純米』,,,,0
10080,10037,2026,純米酒部門,SILVER,朝日榮 特別純米,26775,,,draft,0.82,sake_competition_2026,純米酒部門SILVER表：株式会社相良酒造『朝日榮 特別純米』,,,,0
10081,10037,2026,純米酒部門,SILVER,酔鯨 純米酒 八反錦 六十,10261,,,draft,0.82,sake_competition_2026,純米酒部門SILVER表：酔鯨酒造株式会社『酔鯨 純米酒 八反錦 六十』,,,,0
10082,10037,2026,純米酒部門,SILVER,山和 特別純米,6974,,,draft,0.82,sake_competition_2026,純米酒部門SILVER表：株式会社山和酒造店『山和 特別純米』,,,,0
10083,10037,2026,純米酒部門,SILVER,会津娘 純米酒,14144,,,draft,0.82,sake_competition_2026,純米酒部門SILVER表：株式会社髙橋庄作酒造店『会津娘 純米酒』,,,,0
10084,10037,2026,純米酒部門,SILVER,播州一献 純米 北錦,511,,,draft,0.82,sake_competition_2026,純米酒部門SILVER表：山陽盃酒造株式会社『播州一献 純米 北錦』,,,,0
10085,10037,2026,純米酒部門,SILVER,越後鶴亀 純米,250,,,draft,0.82,sake_competition_2026,純米酒部門SILVER表：株式会社越後鶴亀『越後鶴亀 純米』,,,,0
10086,10037,2026,純米酒部門,SILVER,日高見 特別純米酒 魚ラベル,6991,,,draft,0.82,sake_competition_2026,純米酒部門SILVER表：株式会社平孝酒造『日高見 特別純米酒 魚ラベル』,,,,0
10087,10037,2026,純米酒部門,SILVER,紀土 特別純米酒 雄町,19750,,,draft,0.82,sake_competition_2026,純米酒部門SILVER表：平和酒造株式会社『紀土 特別純米酒 雄町』,,,,0
10088,10037,2026,純米酒部門,SILVER,宝剣 純米酒,12237,,,draft,0.82,sake_competition_2026,純米酒部門SILVER表：宝剣酒造株式会社『宝剣 純米酒』,,,,0
10089,10037,2026,純米酒部門,SILVER,よこやま 純米酒,10681,,,draft,0.82,sake_competition_2026,純米酒部門SILVER表：重家酒造株式会社　横山蔵『よこやま 純米酒』,,,,0
10090,10037,2026,純米酒部門,SILVER,文佳人 純米酒,10256,,,draft,0.82,sake_competition_2026,純米酒部門SILVER表：株式会社アリサワ『文佳人 純米酒』,,,,0
10091,10037,2026,純米酒部門,SILVER,飛露喜 特別純米,51074,,,draft,0.82,sake_competition_2026,純米酒部門SILVER表：株式会社廣木酒造本店『飛露喜 特別純米』,,,,0
10092,10037,2026,純米酒部門,SILVER,澤屋まつもと 守破離 雄町,16628,,,draft,0.82,sake_competition_2026,純米酒部門SILVER表：松本酒造株式会社『澤屋まつもと 守破離 雄町』,,,,0
10093,10037,2026,純米酒部門,SILVER,東洋美人 別撰 山田錦,2558,,,draft,0.82,sake_competition_2026,純米酒部門SILVER表：株式会社澄川酒造場『東洋美人 別撰 山田錦』,,,,0
10094,10037,2026,純米酒部門,BRONZE,越路乃紅梅 純米 五百万石,212,,,draft,0.82,sake_competition_2026,純米酒部門BRONZE表：頚城酒造株式会社『越路乃紅梅 純米 五百万石』,,,,0
10095,10037,2026,純米酒部門,BRONZE,一歩己 純米酒,14092,,,draft,0.82,sake_competition_2026,純米酒部門BRONZE表：豊国酒造合資会社『一歩己 純米酒』,,,,0
10096,10037,2026,純米酒部門,BRONZE,富久長 辛口純米,12181,,,draft,0.82,sake_competition_2026,純米酒部門BRONZE表：株式会社今田酒造本店『富久長 辛口純米』,,,,0
10097,10037,2026,純米酒部門,BRONZE,廣戸川 特別純米,14089,,,draft,0.82,sake_competition_2026,純米酒部門BRONZE表：松崎酒造株式会社『廣戸川 特別純米』,,,,0
10098,10037,2026,純米酒部門,BRONZE,開運 純米 涼々,2324,,,draft,0.82,sake_competition_2026,純米酒部門BRONZE表：株式会社土井酒造場『開運 純米 涼々』,,,,0
10099,10037,2026,純米酒部門,BRONZE,大盃 特別純米 吾妻玉苗,9932,,,draft,0.82,sake_competition_2026,純米酒部門BRONZE表：牧野酒造株式会社『大盃 特別純米 吾妻玉苗』,,,,0
10100,10037,2026,純米酒部門,BRONZE,陸奥八仙 特別純米,4908,,,draft,0.82,sake_competition_2026,純米酒部門BRONZE表：八戸酒造株式会社『陸奥八仙 特別純米』,,,,0
10101,10037,2026,純米酒部門,BRONZE,作 穂乃智 純米,5487,,,draft,0.82,sake_competition_2026,純米酒部門BRONZE表：清水清三郎商店株式会社『作 穂乃智 純米』,,,,0
10102,10037,2026,純米酒部門,BRONZE,陣屋 純米辛口,14105,,,draft,0.82,sake_competition_2026,純米酒部門BRONZE表：有賀醸造合資会社『陣屋 純米辛口』,,,,0
10103,10037,2026,純米酒部門,BRONZE,廣戸川 純米,14089,,,draft,0.82,sake_competition_2026,純米酒部門BRONZE表：松崎酒造株式会社『廣戸川 純米』,,,,0
10104,10037,2026,純米酒部門,BRONZE,ちえびじん 純米酒,10824,,,draft,0.82,sake_competition_2026,純米酒部門BRONZE表：有限会社中野酒造『ちえびじん 純米酒』,,,,0
10105,10037,2026,純米酒部門,BRONZE,浅間山 IBUKI,9951,,,draft,0.82,sake_competition_2026,純米酒部門BRONZE表：浅間酒造株式会社『浅間山 IBUKI』,,,,0
10106,10037,2026,純米酒部門,BRONZE,塩竈 阿部勘 翠潮,6962,,,draft,0.65,sake_competition_2026,純米酒部門BRONZE表：阿部勘酒造株式会社『塩竈 阿部勘 翠潮』,,,,0
10107,10037,2026,純米酒部門,BRONZE,山の井 清か,14177,,,draft,0.82,sake_competition_2026,純米酒部門BRONZE表：会津酒造株式会社『山の井 清か』,,,,0
10108,10037,2026,純米酒部門,BRONZE,土佐しらぎく 斬辛 特別純米,10251,,,draft,0.82,sake_competition_2026,純米酒部門BRONZE表：有限会社仙頭酒造場『土佐しらぎく 斬辛 特別純米』,,,,0
10109,10037,2026,純米酒部門,BRONZE,山丹正宗 純米酒 松山三井,3699,,,draft,0.82,sake_competition_2026,純米酒部門BRONZE表：株式会社八木酒造部『山丹正宗 純米酒 松山三井』,,,,0
10110,10037,2026,純米酒部門,BRONZE,七水 純米62 山田錦,26588,,,draft,0.82,sake_competition_2026,純米酒部門BRONZE表：株式会社虎屋本店『七水 純米６２ 山田錦』,,,,0
10111,10037,2026,純米酒部門,BRONZE,TOSA宇宙深海酒 特別純米酒 空と海,869,,,draft,0.85,sake_competition_2026,純米酒部門BRONZE表：高木酒造株式会社『TOSA宇宙深海酒 特別純米酒 空と海』 [2026-07-20 事後突合: entry_nameに銘柄名「特別純米酒」を検出、DB上で唯一の蔵に紐づく銘柄のため自動突合],,,,0
10112,10037,2026,純米酒部門,BRONZE,東一 山田錦 特別純米酒,10980,,,draft,0.82,sake_competition_2026,純米酒部門BRONZE表：五町田酒造株式会社『東一 山田錦 特別純米酒』,,,,0
10113,10037,2026,純米酒部門,BRONZE,清嘹 純米酒,9925,,,draft,0.82,sake_competition_2026,純米酒部門BRONZE表：株式会社町田酒造店『清嘹 純米酒』,,,,0
10114,10037,2026,純米酒部門,BRONZE,山和 特別純米 中取り原酒Rock,6974,,,draft,0.82,sake_competition_2026,純米酒部門BRONZE表：株式会社山和酒造店『山和 特別純米 中取り原酒Rock』,,,,0
10115,10037,2026,純米酒部門,BRONZE,雁木 純米 ひとつび,2556,,,draft,0.82,sake_competition_2026,純米酒部門BRONZE表：八百新酒造株式会社『雁木 純米 ひとつび』,,,,0
10116,10037,2026,純米酒部門,BRONZE,宝剣 純米酒 レトロラベル,12237,,,draft,0.82,sake_competition_2026,純米酒部門BRONZE表：宝剣酒造株式会社『宝剣 純米酒 レトロラベル』,,,,0
10117,10037,2026,純米酒部門,BRONZE,玄宰 特別純米,14146,,,draft,0.82,sake_competition_2026,純米酒部門BRONZE表：末廣酒造株式会社『玄宰 特別純米』,,,,0
10118,10037,2026,純米酒部門,BRONZE,あぶくま 特別純米,52714,,,draft,0.82,sake_competition_2026,純米酒部門BRONZE表：有限会社玄葉本店『あぶくま 特別純米』,,,,0
10119,10037,2026,純米酒部門,BRONZE,加茂錦 荷札酒 月白,162,,,draft,0.82,sake_competition_2026,純米酒部門BRONZE表：加茂錦酒造株式会社『加茂錦 荷札酒 月白』,,,,0
10120,10037,2026,純米酒部門,BRONZE,森嶋 美山錦 純米酒,51120,,,draft,0.82,sake_competition_2026,純米酒部門BRONZE表：森島酒造株式会社『森嶋 美山錦 純米酒』,,,,0
10121,10037,2026,純米酒部門,BRONZE,浦霞 特別純米酒 生一本,6961,,,draft,0.82,sake_competition_2026,純米酒部門BRONZE表：株式会社佐浦『浦霞 特別純米酒 生一本』,,,,0
10122,10037,2026,純米酒部門,BRONZE,光栄菊 Sukai 清海 特別純米,10951,,,draft,0.82,sake_competition_2026,純米酒部門BRONZE表：光栄菊酒造株式会社『光栄菊 Sukai 清海 特別純米』,,,,0
10123,10037,2026,純米酒部門,BRONZE,宮の雪 特別純米酒 神の穂,51787,,,draft,0.82,sake_competition_2026,純米酒部門BRONZE表：株式会社宮﨑本店『宮の雪 特別純米酒 神の穂』,,,,0
10124,10037,2026,純米吟醸部門,SILVER,南花 純米吟醸 なでしこ,,,,review,0.82,sake_competition_2026,純米吟醸部門SILVER表：開当男山酒造『南花 純米吟醸 なでしこ』,,,,0
10125,10037,2026,純米吟醸部門,SILVER,文佳人 リズール 純米吟醸,10256,,,draft,0.82,sake_competition_2026,純米吟醸部門SILVER表：株式会社アリサワ『文佳人 リズール 純米吟醸』,,,,0
10126,10037,2026,純米吟醸部門,SILVER,酒吞童子  ENJOY  スキューバ,,,,review,0.82,sake_competition_2026,純米吟醸部門SILVER表：ハクレイ酒造株式会社『酒吞童子  ENJOY  スキューバ』,,,,0
10127,10037,2026,純米吟醸部門,SILVER,弐式 TYPE:BASIC,23229,,,draft,0.82,sake_competition_2026,純米吟醸部門SILVER表：原酒造株式会社『弐式 TYPE:BASIC』,,,,0
10128,10037,2026,純米吟醸部門,SILVER,加茂錦 荷札酒 美郷錦,162,,,draft,0.82,sake_competition_2026,純米吟醸部門SILVER表：加茂錦酒造株式会社『加茂錦 荷札酒 美郷錦』,,,,0
10129,10037,2026,純米吟醸部門,SILVER,奥 Trial Brewing No.3,14009,,,draft,0.7,sake_competition_2026,純米吟醸部門SILVER表：山﨑合資会社『奥 Trial Brewing No.3』,,,,0
10130,10037,2026,純米吟醸部門,SILVER,武勇 純米吟醸 山田錦,8273,,,draft,0.82,sake_competition_2026,純米吟醸部門SILVER表：株式会社武勇『武勇 純米吟醸 山田錦』,,,,0
10131,10037,2026,純米吟醸部門,SILVER,越乃梅里 純米吟醸,1099,,,draft,0.85,sake_competition_2026,純米吟醸部門SILVER表：株式会社新潟一粒酒造『越乃梅里 純米吟醸』 [2026-07-20 事後突合: entry_nameに銘柄名「純米吟醸」を検出、DB上で唯一の蔵に紐づく銘柄のため自動突合],,,,0
10132,10037,2026,純米吟醸部門,SILVER,飛露喜 純米吟醸,51074,,,draft,0.82,sake_competition_2026,純米吟醸部門SILVER表：株式会社廣木酒造本店『飛露喜 純米吟醸』,,,,0
10133,10037,2026,純米吟醸部門,SILVER,廣戸川 純米吟醸,14089,,,draft,0.82,sake_competition_2026,純米吟醸部門SILVER表：松崎酒造株式会社『廣戸川 純米吟醸』,,,,0
10134,10037,2026,純米吟醸部門,SILVER,而今 純米吟醸 山田錦,5528,,,draft,0.82,sake_competition_2026,純米吟醸部門SILVER表：木屋正酒造株式会社『而今 純米吟醸 山田錦』,,,,0
10135,10037,2026,純米吟醸部門,SILVER,町田酒造55 純米吟醸 山田錦,840,,,draft,0.85,sake_competition_2026,純米吟醸部門SILVER表：株式会社町田酒造店『町田酒造55 純米吟醸 山田錦』 [2026-07-20 事後突合: entry_nameに銘柄名「純米吟醸 山田錦」を検出、DB上で唯一の蔵に紐づく銘柄のため自動突合],,,,0
10136,10037,2026,純米吟醸部門,SILVER,聖泉 St.Spring,6314,,,draft,0.82,sake_competition_2026,純米吟醸部門SILVER表：和蔵酒造株式会社『聖泉 St.Spring』,,,,0
10137,10037,2026,純米吟醸部門,SILVER,作 恵乃智 純米吟醸,5487,,,draft,0.82,sake_competition_2026,純米吟醸部門SILVER表：清水清三郎商店株式会社『作 恵乃智 純米吟醸』,,,,0
10138,10037,2026,純米吟醸部門,SILVER,而今 純米吟醸 雄町,5528,,,draft,0.82,sake_competition_2026,純米吟醸部門SILVER表：木屋正酒造株式会社『而今 純米吟醸 雄町』,,,,0
10139,10037,2026,純米吟醸部門,SILVER,加茂錦 荷札酒 特等雄町,162,,,draft,0.82,sake_competition_2026,純米吟醸部門SILVER表：加茂錦酒造株式会社『加茂錦 荷札酒 特等雄町』,,,,0
10140,10037,2026,純米吟醸部門,SILVER,ロ万 純米吟醸一回火入れ,14109,,,draft,0.82,sake_competition_2026,純米吟醸部門SILVER表：花泉酒造株式会社『ロ万 純米吟醸一回火入れ』,,,,0
10141,10037,2026,純米吟醸部門,SILVER,石鎚 純米吟醸 緑ラベル,3695,,,draft,0.82,sake_competition_2026,純米吟醸部門SILVER表：石鎚酒造株式会社『石鎚 純米吟醸 緑ラベル』,,,,0
10142,10037,2026,純米吟醸部門,SILVER,豊國 純米吟醸,14139,,,draft,0.82,sake_competition_2026,純米吟醸部門SILVER表：豊國酒造合資会社『豊國 純米吟醸』,,,,0
10143,10037,2026,純米吟醸部門,SILVER,東魁盛 純米吟醸 なのはな,6313,,,draft,0.82,sake_competition_2026,純米吟醸部門SILVER表：小泉酒造合資会社『東魁盛 純米吟醸 なのはな』,,,,0
10144,10037,2026,純米吟醸部門,SILVER,紫の英君 純米吟醸,,,,review,0.7,sake_competition_2026,純米吟醸部門SILVER表：英君酒造株式会社『紫の英君 純米吟醸』,,,,0
10145,10037,2026,純米吟醸部門,SILVER,豊能梅 純米吟醸 宵宵,10254,,,draft,0.82,sake_competition_2026,純米吟醸部門SILVER表：高木酒造株式会社『豊能梅 純米吟醸 宵宵』,,,,0
10146,10037,2026,純米吟醸部門,BRONZE,萩の鶴 別仕込 夕涼み猫,6983,,,draft,0.82,sake_competition_2026,純米吟醸部門BRONZE表：萩野酒造株式会社『萩の鶴 別仕込 夕涼み猫』,,,,0
10147,10037,2026,純米吟醸部門,BRONZE,東洋美人 純米吟醸50,2558,,,draft,0.82,sake_competition_2026,純米吟醸部門BRONZE表：株式会社澄川酒造場『東洋美人 純米吟醸５０』,,,,0
10148,10037,2026,純米吟醸部門,BRONZE,弥右衛門 純米吟醸,14152,,,draft,0.82,sake_competition_2026,純米吟醸部門BRONZE表：合資会社大和川酒造店『弥右衛門 純米吟醸』,,,,0
10149,10037,2026,純米吟醸部門,BRONZE,山丹正宗 しずく媛 純米吟醸,3699,,,draft,0.82,sake_competition_2026,純米吟醸部門BRONZE表：株式会社八木酒造部『山丹正宗 しずく媛 純米吟醸』,,,,0
10150,10037,2026,純米吟醸部門,BRONZE,来福 純米吟醸 愛山,8300,,,draft,0.82,sake_competition_2026,純米吟醸部門BRONZE表：来福酒造株式会社『来福 純米吟醸 愛山』,,,,0
10151,10037,2026,純米吟醸部門,BRONZE,杜來 純米吟醸酒,4921,,,draft,0.82,sake_competition_2026,純米吟醸部門BRONZE表：六花酒造株式会社『杜來 純米吟醸酒』,,,,0
10152,10037,2026,純米吟醸部門,BRONZE,松の司 純米吟醸,9086,,,draft,0.82,sake_competition_2026,純米吟醸部門BRONZE表：松瀬酒造株式会社『松の司 純米吟醸』,,,,0
10153,10037,2026,純米吟醸部門,BRONZE,作 奏乃智 純米吟醸,5487,,,draft,0.82,sake_competition_2026,純米吟醸部門BRONZE表：清水清三郎商店株式会社『作 奏乃智 純米吟醸』,,,,0
10154,10037,2026,純米吟醸部門,BRONZE,今錦 純米吟醸 美山錦,67,,,draft,0.82,sake_competition_2026,純米吟醸部門BRONZE表：米澤酒造株式会社『今錦 純米吟醸 美山錦』,,,,0
10155,10037,2026,純米吟醸部門,BRONZE,雨後の月 純米吟醸 山田錦,12236,,,draft,0.82,sake_competition_2026,純米吟醸部門BRONZE表：相原酒造株式会社『雨後の月 純米吟醸 山田錦』,,,,0
10156,10037,2026,純米吟醸部門,BRONZE,東洋美人 限定純米吟醸 山田錦 醇道一途,2558,,,draft,0.82,sake_competition_2026,純米吟醸部門BRONZE表：株式会社澄川酒造場『東洋美人 限定純米吟醸 山田錦 醇道一途』,,,,0
10157,10037,2026,純米吟醸部門,BRONZE,会津娘 純米吟醸 山田穂,14144,,,draft,0.82,sake_competition_2026,純米吟醸部門BRONZE表：株式会社髙橋庄作酒造店『会津娘 純米吟醸 山田穂』,,,,0
10158,10037,2026,純米吟醸部門,BRONZE,奥 Trial Brewing No.1,14009,,,draft,0.7,sake_competition_2026,純米吟醸部門BRONZE表：山﨑合資会社『奥 Trial Brewing No.1』,,,,0
10159,10037,2026,純米吟醸部門,BRONZE,宮寒梅 純米吟醸,6977,,,draft,0.82,sake_competition_2026,純米吟醸部門BRONZE表：合名会社寒梅酒造『宮寒梅 純米吟醸』,,,,0
10160,10037,2026,純米吟醸部門,BRONZE,よこやま 純米吟醸 SILVER10,10681,,,draft,0.82,sake_competition_2026,純米吟醸部門BRONZE表：重家酒造株式会社　横山蔵『よこやま 純米吟醸 SILVER10』,,,,0
10161,10037,2026,純米吟醸部門,BRONZE,雅楽代〜日和〜,23191,,,draft,0.65,sake_competition_2026,純米吟醸部門BRONZE表：天領盃酒造株式会社『雅楽代〜日和〜』,,,,0
10162,10037,2026,純米吟醸部門,BRONZE,UGO NIMBUS,52168,,,draft,0.45,sake_competition_2026,純米吟醸部門BRONZE表：相原酒造株式会社『UGO NIMBUS』,,,,0
10163,10037,2026,純米吟醸部門,BRONZE,一歩己 純米吟醸,14092,,,draft,0.82,sake_competition_2026,純米吟醸部門BRONZE表：豊国酒造合資会社『一歩己 純米吟醸』,,,,0
10164,10037,2026,純米吟醸部門,BRONZE,渡舟 純米吟醸 無濾過原酒,51111,,,draft,0.82,sake_competition_2026,純米吟醸部門BRONZE表：府中誉株式会社『渡舟 純米吟醸 無濾過原酒』,,,,0
10165,10037,2026,純米吟醸部門,BRONZE,飛良泉 純米吟醸 室町蔵,26750,,,draft,0.82,sake_competition_2026,純米吟醸部門BRONZE表：株式会社飛良泉本舗『飛良泉 純米吟醸 室町蔵』,,,,0
10166,10037,2026,純米吟醸部門,BRONZE,天賦 純米吟醸 播州愛山,1099,,,draft,0.85,sake_competition_2026,純米吟醸部門BRONZE表：西酒造株式会社『天賦 純米吟醸 播州愛山』 [2026-07-20 事後突合: entry_nameに銘柄名「純米吟醸」を検出、DB上で唯一の蔵に紐づく銘柄のため自動突合],,,,0
10167,10037,2026,純米吟醸部門,BRONZE,ささまさむね 純米吟醸 喜多方山田錦,51102,,,draft,0.82,sake_competition_2026,純米吟醸部門BRONZE表：笹正宗酒造株式会社『ささまさむね 純米吟醸 喜多方山田錦』,,,,0
10168,10037,2026,純米吟醸部門,BRONZE,石見銀山 純米吟醸 改良八反流,52394,,,draft,0.82,sake_competition_2026,純米吟醸部門BRONZE表：一宮酒造有限会社『石見銀山 純米吟醸 改良八反流』,,,,0
10169,10037,2026,純米吟醸部門,BRONZE,鳳凰美田 亀の尾 純米吟醸酒,11304,,,draft,0.82,sake_competition_2026,純米吟醸部門BRONZE表：小林酒造株式会社『鳳凰美田 亀の尾 純米吟醸酒』,,,,0
10170,10037,2026,純米吟醸部門,BRONZE,雪の松島 KAI 吟のいろは 純米吟醸原酒,6958,,,draft,0.82,sake_competition_2026,純米吟醸部門BRONZE表：大和蔵酒造株式会社『雪の松島 KAI 吟のいろは 純米吟醸原酒』,,,,0
10171,10037,2026,純米吟醸部門,BRONZE,朝日榮 純米吟醸,26775,,,draft,0.82,sake_competition_2026,純米吟醸部門BRONZE表：株式会社相良酒造『朝日榮 純米吟醸』,,,,0
10172,10037,2026,純米吟醸部門,BRONZE,寒紅梅 純米吟醸 山田錦50%,5431,,,draft,0.82,sake_competition_2026,純米吟醸部門BRONZE表：寒紅梅酒造株式会社『寒紅梅 純米吟醸 山田錦50％』,,,,0
10173,10037,2026,純米吟醸部門,BRONZE,榮光冨士 純米吟醸酒 朝顔ラベル,1099,,,draft,0.85,sake_competition_2026,純米吟醸部門BRONZE表：冨士酒造株式会社『榮光冨士 純米吟醸酒 朝顔ラベル』 [2026-07-20 事後突合: entry_nameに銘柄名「純米吟醸」を検出、DB上で唯一の蔵に紐づく銘柄のため自動突合],,,,0
10174,10037,2026,純米吟醸部門,BRONZE,浦霞禅 純米吟醸,19868,,,draft,0.82,sake_competition_2026,純米吟醸部門BRONZE表：株式会社佐浦『浦霞禅 純米吟醸』,,,,0
10175,10037,2026,純米吟醸部門,BRONZE,尾瀬の雪どけ 純米吟醸,51193,,,draft,0.82,sake_competition_2026,純米吟醸部門BRONZE表：龍神酒造株式会社『尾瀬の雪どけ 純米吟醸』,,,,0
10176,10037,2026,純米吟醸部門,BRONZE,蓬莱 純米吟醸 初汲み,2912,,,draft,0.82,sake_competition_2026,純米吟醸部門BRONZE表：有限会社渡辺酒造店『蓬莱 純米吟醸 初汲み』,,,,0
10177,10037,2026,純米吟醸部門,BRONZE,泉川 純米吟醸,51075,,,draft,0.82,sake_competition_2026,純米吟醸部門BRONZE表：株式会社廣木酒造本店『泉川 純米吟醸』,,,,0
10178,10037,2026,純米吟醸部門,BRONZE,墨廼江 純米吟醸 中垂れ,6992,,,draft,0.82,sake_competition_2026,純米吟醸部門BRONZE表：墨廼江酒造株式会社『墨廼江 純米吟醸 中垂れ』,,,,0
10179,10037,2026,純米吟醸部門,BRONZE,澤の花 純米吟醸 ひまり,23104,,,draft,0.82,sake_competition_2026,純米吟醸部門BRONZE表：伴野酒造株式会社『澤の花 純米吟醸 ひまり』,,,,0
10180,10037,2026,純米大吟醸部門,SILVER,楽器正宗 FUZZY GREEN 酒未来 純米大吟醸,14068,,,draft,0.82,sake_competition_2026,純米大吟醸部門SILVER表：合名会社大木代吉本店『楽器正宗 FUZZY GREEN 酒未来 純米大,,,,0
10181,10037,2026,純米大吟醸部門,SILVER,盛升 純米大吟醸,6792,,,draft,0.82,sake_competition_2026,純米大吟醸部門SILVER表：黄金井酒造株式会社『盛升 純米大吟醸』,,,,0
10182,10037,2026,純米大吟醸部門,SILVER,陸奥八仙 レイメイ40,4908,,,draft,0.82,sake_competition_2026,純米大吟醸部門SILVER表：八戸酒造株式会社『陸奥八仙 レイメイ４０』,,,,0
10183,10037,2026,純米大吟醸部門,SILVER,雁木 純米大吟醸 鶺鴒,2556,,,draft,0.82,sake_competition_2026,純米大吟醸部門SILVER表：八百新酒造株式会社『雁木 純米大吟醸 鶺鴒』,,,,0
10184,10037,2026,純米大吟醸部門,SILVER,陣屋 純米大吟醸 PREMIUM,14105,,,draft,0.82,sake_competition_2026,純米大吟醸部門SILVER表：有賀醸造合資会社『陣屋 純米大吟醸 PREMIUM』,,,,0
10185,10037,2026,純米大吟醸部門,SILVER,酔楽天 純米大吟醸 百田晴,26725,,,draft,0.82,sake_competition_2026,純米大吟醸部門SILVER表：秋田酒造株式会社『酔楽天 純米大吟醸 百田晴』,,,,0
10186,10037,2026,純米大吟醸部門,SILVER,大雪渓 純米大吟醸 山恵錦,20,,,draft,0.82,sake_competition_2026,純米大吟醸部門SILVER表：大雪渓酒造株式会社『大雪渓 純米大吟醸 山恵錦』,,,,0
10187,10037,2026,純米大吟醸部門,SILVER,亀の海 純米大吟醸 金紋錦 Terroir Gorobei Premium Cuvee,43,,,draft,0.82,sake_competition_2026,純米大吟醸部門SILVER表：株式会社土屋酒造店『亀の海 純米大吟醸 金紋錦 Terroir Gor,,,,0
10188,10037,2026,純米大吟醸部門,SILVER,望bo: 純米大吟醸 雄町,738,,,draft,0.85,sake_competition_2026,純米大吟醸部門SILVER表：株式会社外池酒造店『望bo: 純米大吟醸 雄町』 [2026-07-20 事後突合: entry_nameに銘柄名「大吟醸 雄町」を検出、DB上で唯一の蔵に紐づく銘柄のため自動突合],,,,0
10189,10037,2026,純米大吟醸部門,SILVER,陸奥八仙 まっしぐら40,4908,,,draft,0.82,sake_competition_2026,純米大吟醸部門SILVER表：八戸酒造株式会社『陸奥八仙 まっしぐら４０』,,,,0
10190,10037,2026,純米大吟醸部門,SILVER,出世城 純米大吟醸,2306,,,draft,0.82,sake_competition_2026,純米大吟醸部門SILVER表：浜松酒造株式会社『出世城 純米大吟醸』,,,,0
10191,10037,2026,純米大吟醸部門,SILVER,わかむすめ 燕子花 純米大吟醸,19933,,,draft,0.82,sake_competition_2026,純米大吟醸部門SILVER表：新谷酒造株式会社『わかむすめ 燕子花 純米大吟醸』,,,,0
10192,10037,2026,純米大吟醸部門,SILVER,会津中将 純米大吟醸 特醸酒,14060,,,draft,0.82,sake_competition_2026,純米大吟醸部門SILVER表：鶴乃江酒造株式会社『会津中将 純米大吟醸 特醸酒』,,,,0
10193,10037,2026,純米大吟醸部門,SILVER,多賀 純米大吟醸 稲澄,9092,,,draft,0.82,sake_competition_2026,純米大吟醸部門SILVER表：多賀株式会社『多賀 純米大吟醸 稲澄』,,,,0
10194,10037,2026,純米大吟醸部門,SILVER,宮寒梅 純米大吟醸,6977,,,draft,0.82,sake_competition_2026,純米大吟醸部門SILVER表：合名会社寒梅酒造『宮寒梅 純米大吟醸』,,,,0
10195,10037,2026,純米大吟醸部門,SILVER,天吹 純米大吟醸 愛山,10942,,,draft,0.82,sake_competition_2026,純米大吟醸部門SILVER表：天吹酒造合資会社『天吹 純米大吟醸 愛山』,,,,0
10196,10037,2026,純米大吟醸部門,SILVER,月山 純米大吟醸,52125,,,draft,0.82,sake_competition_2026,純米大吟醸部門SILVER表：吉田酒造株式会社『月山 純米大吟醸』,,,,0
10197,10037,2026,純米大吟醸部門,SILVER,富久長 八反草 純米大吟醸,12181,,,draft,0.82,sake_competition_2026,純米大吟醸部門SILVER表：株式会社今田酒造本店『富久長 八反草 純米大吟醸』,,,,0
10198,10037,2026,純米大吟醸部門,SILVER,雅楽代〜瑞華〜,23191,,,draft,0.65,sake_competition_2026,純米大吟醸部門SILVER表：天領盃酒造株式会社『雅楽代〜瑞華〜』,,,,0
10199,10037,2026,純米大吟醸部門,SILVER,酔鯨 純米大吟醸 篠,10261,,,draft,0.82,sake_competition_2026,純米大吟醸部門SILVER表：酔鯨酒造株式会社『酔鯨 純米大吟醸 篠』,,,,0
10200,10037,2026,純米大吟醸部門,SILVER,秘幻 Premium 純米大吟醸,9950,,,draft,0.75,sake_competition_2026,純米大吟醸部門SILVER表：浅間酒造株式会社『秘幻 Premium 純米大吟醸』,,,,0
10201,10037,2026,純米大吟醸部門,SILVER,作 槐山一滴水 純米大吟醸,5487,,,draft,0.82,sake_competition_2026,純米大吟醸部門SILVER表：清水清三郎商店株式会社『作 槐山一滴水 純米大吟醸』,,,,0
10202,10037,2026,純米大吟醸部門,SILVER,生粋左馬 純米大吟醸,14106,,,draft,0.7,sake_competition_2026,純米大吟醸部門SILVER表：有賀醸造合資会社『生粋左馬 純米大吟醸』,,,,0
10203,10037,2026,純米大吟醸部門,BRONZE,福小町 純米大吟醸 百田40,50885,,,draft,0.82,sake_competition_2026,純米大吟醸部門BRONZE表：株式会社木村酒造『福小町 純米大吟醸 百田40』,,,,0
10204,10037,2026,純米大吟醸部門,BRONZE,二兎 純米大吟醸 雄町三十三,14012,,,draft,0.82,sake_competition_2026,純米大吟醸部門BRONZE表：丸石醸造株式会社『二兎 純米大吟醸 雄町三十三』,,,,0
10205,10037,2026,純米大吟醸部門,BRONZE,鳳凰美田 鳳 純米大吟醸酒,11304,,,draft,0.82,sake_competition_2026,純米大吟醸部門BRONZE表：小林酒造株式会社『鳳凰美田 鳳 純米大吟醸酒』,,,,0
10206,10037,2026,純米大吟醸部門,BRONZE,燦爛 純米大吟醸 夢ささら,11285,,,draft,0.82,sake_competition_2026,純米大吟醸部門BRONZE表：株式会社外池酒造店『燦爛 純米大吟醸 夢ささら』,,,,0
10207,10037,2026,純米大吟醸部門,BRONZE,開運 純米大吟醸,2324,,,draft,0.82,sake_competition_2026,純米大吟醸部門BRONZE表：株式会社土井酒造場『開運 純米大吟醸』,,,,0
10208,10037,2026,純米大吟醸部門,BRONZE,我山 純米大吟醸,13958,,,draft,0.82,sake_competition_2026,純米大吟醸部門BRONZE表：鶴見酒造株式会社『我山 純米大吟醸』,,,,0
10209,10037,2026,純米大吟醸部門,BRONZE,萩の鶴 純米大吟醸 山田錦,6983,,,draft,0.82,sake_competition_2026,純米大吟醸部門BRONZE表：萩野酒造株式会社『萩の鶴 純米大吟醸 山田錦』,,,,0
10210,10037,2026,純米大吟醸部門,BRONZE,峰乃白梅 純米大吟醸原酒 瑠璃,204,,,draft,0.82,sake_competition_2026,純米大吟醸部門BRONZE表：峰乃白梅酒造株式会社『峰乃白梅 純米大吟醸原酒 瑠璃』,,,,0
10211,10037,2026,純米大吟醸部門,BRONZE,AKABU 極上ノ斬,8352,,,draft,0.82,sake_competition_2026,純米大吟醸部門BRONZE表：赤武酒造株式会社『AKABU 極上ノ斬』,,,,0
10212,10037,2026,純米大吟醸部門,BRONZE,加茂錦 BRILLIANCE 酒未来,162,,,draft,0.82,sake_competition_2026,純米大吟醸部門BRONZE表：加茂錦酒造株式会社『加茂錦 BRILLIANCE 酒未来』,,,,0
10213,10037,2026,純米大吟醸部門,BRONZE,くどき上手 純米大吟醸 愛山11%,50998,,,draft,0.82,sake_competition_2026,純米大吟醸部門BRONZE表：亀の井酒造株式会社『くどき上手 純米大吟醸 愛山１１％』,,,,0
10214,10037,2026,純米大吟醸部門,BRONZE,雪雀 純米大吟醸 宵い媛,3700,,,draft,0.82,sake_competition_2026,純米大吟醸部門BRONZE表：雪雀酒造株式会社『雪雀 純米大吟醸 宵い媛』,,,,0
10215,10037,2026,純米大吟醸部門,BRONZE,澤の花 中どり純米大吟醸 ひとつぶえり,23104,,,draft,0.82,sake_competition_2026,純米大吟醸部門BRONZE表：伴野酒造株式会社『澤の花 中どり純米大吟醸 ひとつぶえり』,,,,0
10216,10037,2026,純米大吟醸部門,BRONZE,おかげさま 純米大吟醸,5507,,,draft,0.82,sake_competition_2026,純米大吟醸部門BRONZE表：株式会社伊勢萬『おかげさま 純米大吟醸』,,,,0
10217,10037,2026,純米大吟醸部門,BRONZE,金鯱 超特選 純米大吟醸酒,13983,,,draft,0.82,sake_competition_2026,純米大吟醸部門BRONZE表：盛田金しゃち酒造株式会社『金鯱 超特選 純米大吟醸酒』,,,,0
10218,10037,2026,純米大吟醸部門,BRONZE,奥 -刻め-,14009,,,draft,0.7,sake_competition_2026,純米大吟醸部門BRONZE表：山﨑合資会社『奥 -刻め-』,,,,0
10219,10037,2026,純米大吟醸部門,BRONZE,南部美人 純米大吟醸,8376,,,draft,0.82,sake_competition_2026,純米大吟醸部門BRONZE表：株式会社南部美人『南部美人 純米大吟醸』,,,,0
10220,10037,2026,純米大吟醸部門,BRONZE,加茂錦 BRILLIANCE 播州愛山,162,,,draft,0.82,sake_competition_2026,純米大吟醸部門BRONZE表：加茂錦酒造株式会社『加茂錦 BRILLIANCE 播州愛山』,,,,0
10221,10037,2026,純米大吟醸部門,BRONZE,勝山 暁 純米大吟醸,6955,,,draft,0.82,sake_competition_2026,純米大吟醸部門BRONZE表：仙台伊澤家　勝山酒造株式会社『勝山 暁 純米大吟醸』,,,,0
10222,10037,2026,純米大吟醸部門,BRONZE,玄宰 特上,14146,,,draft,0.82,sake_competition_2026,純米大吟醸部門BRONZE表：末廣酒造株式会社『玄宰 特上』,,,,0
10223,10037,2026,純米大吟醸部門,BRONZE,孝の司 まどろみ,14016,,,draft,0.7,sake_competition_2026,純米大吟醸部門BRONZE表：合資会社柴田酒造場『孝の司 まどろみ』,,,,0
10224,10037,2026,純米大吟醸部門,BRONZE,楯野川 純米大吟醸 清流,13930,,,draft,0.82,sake_competition_2026,純米大吟醸部門BRONZE表：楯の川酒造株式会社『楯野川 純米大吟醸 清流』,,,,0
10225,10037,2026,純米大吟醸部門,BRONZE,くどき上手 純米大吟醸 Jr.の愛山,50998,,,draft,0.82,sake_competition_2026,純米大吟醸部門BRONZE表：亀の井酒造株式会社『くどき上手 純米大吟醸 Jr.の愛山』,,,,0
10226,10037,2026,純米大吟醸部門,BRONZE,白菊 山田錦40  純米大吟醸 雫取り,16656,,,draft,0.82,sake_competition_2026,純米大吟醸部門BRONZE表：廣瀬酒造株式会社『白菊 山田錦40  純米大吟醸 雫取り』,,,,0
10227,10037,2026,純米大吟醸部門,BRONZE,寒紅梅 純米大吟醸 山田錦40%,5431,,,draft,0.82,sake_competition_2026,純米大吟醸部門BRONZE表：寒紅梅酒造株式会社『寒紅梅 純米大吟醸 山田錦40％』,,,,0
10228,10037,2026,純米大吟醸部門,BRONZE,喜平 静岡蔵 純米大吟醸 赤,52132,,,draft,0.82,sake_competition_2026,純米大吟醸部門BRONZE表：静岡平喜酒造株式会社『喜平 静岡蔵 純米大吟醸 赤』,,,,0
10229,10037,2026,純米大吟醸部門,BRONZE,喜平 静岡蔵 純米大吟醸 青,52132,,,draft,0.82,sake_competition_2026,純米大吟醸部門BRONZE表：静岡平喜酒造株式会社『喜平 静岡蔵 純米大吟醸 青』,,,,0
10230,10037,2026,純米大吟醸部門,BRONZE,AKABU 純米大吟醸,8352,,,draft,0.82,sake_competition_2026,純米大吟醸部門BRONZE表：赤武酒造株式会社『AKABU 純米大吟醸』,,,,0
10231,10037,2026,純米大吟醸部門,BRONZE,式 Fresh,,,,review,0.65,sake_competition_2026,純米大吟醸部門BRONZE表：河武醸造株式会社『式 Fresh』,,,,0
10232,10037,2026,純米大吟醸部門,BRONZE,京の華 純米大吟醸,14070,,,draft,0.82,sake_competition_2026,純米大吟醸部門BRONZE表：合資会社辰泉酒造『京の華 純米大吟醸』,,,,0
10233,10037,2026,純米大吟醸部門,BRONZE,咲耶美 純米大吟醸,9955,,,draft,0.82,sake_competition_2026,純米大吟醸部門BRONZE表：貴娘酒造株式会社『咲耶美 純米大吟醸』,,,,0
10234,10037,2026,純米大吟醸部門,BRONZE,瀧自慢 純米大吟醸 匠35,5531,,,draft,0.82,sake_competition_2026,純米大吟醸部門BRONZE表：瀧自慢酒造株式会社『瀧自慢 純米大吟醸 匠35』,,,,0
10235,10037,2026,純米大吟醸部門,BRONZE,磯自慢 純米大吟醸 ブルーボトル 西戸,2308,,,draft,0.82,sake_competition_2026,純米大吟醸部門BRONZE表：磯自慢酒造株式会社『磯自慢 純米大吟醸 ブルーボトル 西戸』,,,,0
10236,10037,2026,純米大吟醸部門,BRONZE,越路乃紅梅 純米大吟醸 越淡麗,212,,,draft,0.82,sake_competition_2026,純米大吟醸部門BRONZE表：頚城酒造株式会社『越路乃紅梅 純米大吟醸 越淡麗』,,,,0
10237,10037,2026,純米大吟醸部門,BRONZE,山和 Shizukudori,6974,,,draft,0.82,sake_competition_2026,純米大吟醸部門BRONZE表：株式会社山和酒造店『山和 Shizukudori』,,,,0
10238,10037,2026,SUPER PREMIUM部門,SILVER,田酒 純米大吟醸 PREMIUM,4910,,,draft,0.82,sake_competition_2026,SUPER PREMIUM部門SILVER表：株式会社西田酒造店『田酒 純米大吟醸 PREMIUM』,,,,0
10239,10037,2026,SUPER PREMIUM部門,SILVER,作 特選酒 智 純米大吟醸 滴取り,5487,,,draft,0.82,sake_competition_2026,SUPER PREMIUM部門SILVER表：清水清三郎商店株式会社『作 特選酒 智 純米大吟醸 滴,,,,0
10240,10037,2026,SUPER PREMIUM部門,SILVER,磯自慢 純米大吟醸37 Largo,2308,,,draft,0.82,sake_competition_2026,SUPER PREMIUM部門SILVER表：磯自慢酒造株式会社『磯自慢 純米大吟醸37 Largo,,,,0
10241,10037,2026,SUPER PREMIUM部門,SILVER,富久長 純米大吟醸 百試千改,12181,,,draft,0.82,sake_competition_2026,SUPER PREMIUM部門SILVER表：株式会社今田酒造本店『富久長 純米大吟醸 百試千改』,,,,0
10242,10037,2026,SUPER PREMIUM部門,SILVER,蓬莱 純米大吟醸 心白18,2912,,,draft,0.82,sake_competition_2026,SUPER PREMIUM部門SILVER表：有限会社渡辺酒造店『蓬莱 純米大吟醸 心白18』,,,,0
10243,10037,2026,SUPER PREMIUM部門,BRONZE,武勇 純米大吟醸 TEN,8273,,,draft,0.82,sake_competition_2026,SUPER PREMIUM部門BRONZE表：株式会社武勇『武勇 純米大吟醸 TEN』,,,,0
10244,10037,2026,SUPER PREMIUM部門,BRONZE,米鶴 純米大吟醸 天に舞う鶴の輝き 袋取り,50986,,,draft,0.82,sake_competition_2026,SUPER PREMIUM部門BRONZE表：米鶴酒造株式会社『米鶴 純米大吟醸 天に舞う鶴の輝き ,,,,0
10245,10037,2026,SUPER PREMIUM部門,BRONZE,七賢 純米大吟醸 白心,9412,,,draft,0.82,sake_competition_2026,SUPER PREMIUM部門BRONZE表：山梨銘醸株式会社『七賢 純米大吟醸 白心』,,,,0
10246,10037,2026,SUPER PREMIUM部門,BRONZE,十四代 龍泉,50969,,,draft,0.85,sake_competition_2026,"SUPER PREMIUM部門BRONZE表：高木酒造株式会社『十四代 龍泉』｜要確認：山形県の合名会社高木酒造「十四代」との同名誤マッチの疑いが強く、
自動突合によるbrand_id紐づけを解除した。同一結果ページの他の高木酒造(高知)出品(豊能梅・土佐金蔵)は
正しく実在銘柄と一致しており、本件のみサイト側の表記ミスの可能性が高い。 [2026-07-20 事後突合: entry_nameに銘柄名「十四代」を検出、DB上で唯一の蔵に紐づく銘柄のため自動突合]",,,,0
10247,10037,2026,SUPER PREMIUM部門,BRONZE,Hassenblage,79187,,,draft,0.85,sake_competition_2026,SUPER PREMIUM部門BRONZE表：八戸酒造株式会社『Hassenblage』 [2026-07-20 事後突合: entry_nameに銘柄名「en」を検出、DB上で唯一の蔵に紐づく銘柄のため自動突合],,,,0
10248,10037,2026,SUPER PREMIUM部門,BRONZE,花の舞 18 小仕込み純米大吟醸,2307,,,draft,0.82,sake_competition_2026,SUPER PREMIUM部門BRONZE表：花の舞酒造株式会社『花の舞 18 小仕込み純米大吟醸』,,,,0
10249,10037,2026,SUPER PREMIUM部門,BRONZE,外池 AUTHENTIC 純米大吟醸 袋吊り雫酒,,,,review,0.7,sake_competition_2026,SUPER PREMIUM部門BRONZE表：株式会社外池酒造店『外池 AUTHENTIC 純米大吟,,,,0
10250,10037,2026,SUPER PREMIUM部門,BRONZE,雁木 MUSUHI,2556,,,draft,0.82,sake_competition_2026,SUPER PREMIUM部門BRONZE表：八百新酒造株式会社『雁木 MUSUHI』,,,,0
10251,10037,2026,モダンナチュラル部門,SILVER,雨降 OHANA,6789,,,draft,0.82,sake_competition_2026,モダンナチュラル部門SILVER表：吉川醸造株式会社『雨降 OHANA』,,,,0
10252,10037,2026,モダンナチュラル部門,SILVER,雑賀 純米 山廃仕込,19747,,,draft,0.82,sake_competition_2026,モダンナチュラル部門SILVER表：株式会社九重雜賀『雑賀 純米 山廃仕込』,,,,0
10253,10037,2026,モダンナチュラル部門,SILVER,颯 純米吟醸 神々の黄昏,52771,,,draft,0.82,sake_competition_2026,モダンナチュラル部門SILVER表：合資会社後藤酒造場『颯 純米吟醸 神々の黄昏』,,,,0
10254,10037,2026,モダンナチュラル部門,SILVER,山丹正宗 MINAMOTO,3699,,,draft,0.82,sake_competition_2026,モダンナチュラル部門SILVER表：株式会社八木酒造部『山丹正宗 MINAMOTO』,,,,0
10255,10037,2026,モダンナチュラル部門,SILVER,奥六 純米吟醸生酛 Unite,53151,,,draft,0.82,sake_competition_2026,モダンナチュラル部門SILVER表：岩手銘醸株式会社『奥六 純米吟醸生酛 Unite』,,,,0
10256,10037,2026,モダンナチュラル部門,BRONZE,萩原FOREST series 「Rooted Light」,,,,review,0.55,sake_competition_2026,モダンナチュラル部門BRONZE表：萩原酒造株式会社『萩原FOREST series 「Rooted,,,,0
10257,10037,2026,モダンナチュラル部門,BRONZE,日本魂 純米 無濾過生原酒 水酛スペシャルII,16758,,,draft,0.82,sake_competition_2026,モダンナチュラル部門BRONZE表：江井ヶ嶋酒造株式会社『日本魂 純米 無濾過生原酒 水酛スペシャル,,,,0
10258,10037,2026,モダンナチュラル部門,BRONZE,高砂 山廃純米吟醸あらばしり,2332,,,draft,0.82,sake_competition_2026,モダンナチュラル部門BRONZE表：富士高砂酒造株式会社『高砂 山廃純米吟醸あらばしり』,,,,0
10259,10037,2026,モダンナチュラル部門,BRONZE,Matsuwo 荒瀬原 純米吟醸 生酛,1099,,,draft,0.85,sake_competition_2026,モダンナチュラル部門BRONZE表：株式会社高橋助作酒造店『Matsuwo 荒瀬原 純米吟醸 生酛』 [2026-07-20 事後突合: entry_nameに銘柄名「純米吟醸」を検出、DB上で唯一の蔵に紐づく銘柄のため自動突合],,,,0
10260,10037,2026,モダンナチュラル部門,BRONZE,山形正宗 純米雄町 生もと造り,50979,,,draft,0.82,sake_competition_2026,モダンナチュラル部門BRONZE表：株式会社水戸部酒造『山形正宗 純米雄町 生もと造り』,,,,0
10261,10037,2026,モダンナチュラル部門,BRONZE,五(five)イエロー 純米酒 白糀,,,,review,0.65,sake_competition_2026,モダンナチュラル部門BRONZE表：酒井酒造株式会社『五（five）イエロー 純米酒 白糀』,,,,0
10262,10037,2026,モダンナチュラル部門,BRONZE,KOGANESAWA Merry Go Round,,,,review,0.4,sake_competition_2026,モダンナチュラル部門BRONZE表：合名会社川敬商店『KOGANESAWA Merry Go Rou,,,,0
10263,10037,2026,モダンナチュラル部門,BRONZE,天狗舞 山廃仕込純米酒 黒,3001,,,draft,0.82,sake_competition_2026,モダンナチュラル部門BRONZE表：株式会社車多酒造『天狗舞 山廃仕込純米酒 黒』,,,,0
10264,10037,2026,モダンナチュラル部門,BRONZE,美田 豊醸 山廃純米,52295,,,draft,0.82,sake_competition_2026,モダンナチュラル部門BRONZE表：株式会社みいの寿『美田 豊醸 山廃純米』,,,,0
10700,8061,2025,,Gold,Nanawarai Daiginjo,,,,review,0.8,iwc_sake_gold_2025,"Nanawarai Daiginjo, 2024/2025 / Produced by Nanawarai sake Brewery Co.,Ltd. / From Nagano,Japan / Made with Yamadanishiki",,,,0
10701,8061,2025,,Gold,Nanawarai Junmai Ginjo,,,,review,0.8,iwc_sake_gold_2025,"Nanawarai Junmai Ginjo, 2024/2025 / Produced by Nanawarai sake Brewery Co.,Ltd. / From Nagano,Japan / Made with Miyamanishiki",,,,0
10702,8061,2025,,Gold,Vintagience Koku 1995,79187,,,draft,0.85,iwc_sake_gold_2025,"Vintagience Koku 1995, 1995/1996 / Produced by Morimoto Senuemon Shoten Co., Ltd. / From Mie,Japan / Made with Igamai [2026-07-20 事後突合: entry_nameに銘柄名「en」を検出、DB上で唯一の蔵に紐づく銘柄のため自動突合]",,,,0
10703,8061,2025,,Gold,Okagesama Junmai Ginjo Kaminoho,,,,review,0.8,iwc_sake_gold_2025,"Okagesama Junmai Ginjo Kaminoho, 2024/2025 / Produced by ISEMAN CO.,LTD. / From Mie,Japan / Made with Kaminoho",,,,0
10704,8061,2025,,Gold,Kinoene Junmai Daiginjo Yamadanishiki50,79187,,,draft,0.85,iwc_sake_gold_2025,"Kinoene Junmai Daiginjo Yamadanishiki50, 2024/2025 / Produced by IINUMAHONKE Co.,Ltd. / From Chiba,Japan / Made with Yamadanishiki [2026-07-20 事後突合: entry_nameに銘柄名「en」を検出、DB上で唯一の蔵に紐づく銘柄のため自動突合]",,,,0
10705,8061,2025,,Gold,Rihachi Junmai Ginjo Sake Yeast No. 1801,,,,review,0.8,iwc_sake_gold_2025,"Rihachi Junmai Ginjo Sake Yeast No. 1801, 2024/2025 / Produced by Tanabe-takeshita brewery Co.,Ltd / From Shimane,Japan / Made with Yamadanishiki, syunyou",,,,0
10706,8061,2025,,Gold,Vintagience  Shisen 1996,79187,,,draft,0.85,iwc_sake_gold_2025,"Vintagience  Shisen 1996, 1996/1997 / Produced by Morimoto Senuemon Shoten Co., Ltd. / From Mie,Japan / Made with Gohyakumangoku, Igamai [2026-07-20 事後突合: entry_nameに銘柄名「en」を検出、DB上で唯一の蔵に紐づく銘柄のため自動突合]",,,,0
10707,8061,2025,,Gold,Kikusui Funaguchi,,,,review,0.6,iwc_sake_gold_2025,"Kikusui Funaguchi, 2024/2025 / Produced by Kikusui Sake Co., Ltd / From Niigata,Japan / Made with Niigatakensanmai",,,,0
10708,8061,2025,,Gold,Ishizuchi Junmai Daiginjo Vanquish,,,,review,0.8,iwc_sake_gold_2025,"Ishizuchi Junmai Daiginjo Vanquish, 2024/2025 / Produced by Ishizuchi Shuzo Corporation / From Ehime,Japan / Made with Matsuyamamii",,,,0
10709,8061,2025,,Gold,Sansha Daiginjo Aberia,,,,review,0.8,iwc_sake_gold_2025,"Sansha Daiginjo Aberia, 2024/2025 / Produced by Harada Brewery Co.,Ltd / From Gifu,Japan / Made with Yamadanishiki",,,,0
10710,8061,2025,,Gold,Sansha Kinjirushi Karakuchi,,,,review,0.6,iwc_sake_gold_2025,"Sansha Kinjirushi Karakuchi, 2024/2025 / Produced by Harada Brewery Co.,Ltd / From Gifu,Japan / Made with Kakoumai",,,,0
10711,8061,2025,,Gold,-Gai-,,,,review,0.6,iwc_sake_gold_2025,"-Gai-, 2019/2020 / Produced by Fujinoi sake Brewery Co., Ltd / From Niigata,Japan / Made with Koshitaneri",,,,0
10712,8061,2025,,Gold,Shirayuki Daiginjo Fujiyama-gura,,,,review,0.8,iwc_sake_gold_2025,"Shirayuki Daiginjo Fujiyama-gura, 2024/2025 / Produced by Konishi Brewing Co.,Ltd. / From Hyogo,Japan / Made with Yamadanishiki",,,,0
10713,8061,2025,,Gold,Shirayuki Edo-Genroku extra matured,79187,,,draft,0.85,iwc_sake_gold_2025,"Shirayuki Edo-Genroku extra matured, 2021/2022 / Produced by Konishi Brewing Co.,Ltd. / From Hyogo,Japan / Made with Yamadanishiki [2026-07-20 事後突合: entry_nameに銘柄名「en」を検出、DB上で唯一の蔵に紐づく銘柄のため自動突合]",,,,0
10714,8061,2025,,Gold,Kikuizumi Daiginjo,,,,review,0.8,iwc_sake_gold_2025,"Kikuizumi Daiginjo, 2023/2024 / Produced by Takizawa Brewing Company,Ltd. / From Saitama,Japan / Made with Yamadanishiki",,,,0
10715,8061,2025,,Gold,Hakutsuru Tenku Nakadori Junmai Daiginjo Hakutsurunishiki,79187,,,draft,0.85,iwc_sake_gold_2025,"Hakutsuru Tenku Nakadori Junmai Daiginjo Hakutsurunishiki, NV / Produced by Hakutsuru Sake Brewing Co., Ltd. / From Hyogo,Japan / Made with Hakutsurunishiki [2026-07-20 事後突合: entry_nameに銘柄名「en」を検出、DB上で唯一の蔵に紐づく銘柄のため自動突合]",,,,0
10716,8061,2025,,Gold,Hakutsuru Tenku Nakadori Junmai Daiginjo Yamadanishiki,79187,,,draft,0.85,iwc_sake_gold_2025,"Hakutsuru Tenku Nakadori Junmai Daiginjo Yamadanishiki, NV / Produced by Hakutsuru Sake Brewing Co., Ltd. / From Hyogo,Japan / Made with Yamadanishiki [2026-07-20 事後突合: entry_nameに銘柄名「en」を検出、DB上で唯一の蔵に紐づく銘柄のため自動突合]",,,,0
10717,8061,2025,,Gold,Gangi Sparkling Junmai,,,,review,0.8,iwc_sake_gold_2025,"Gangi Sparkling Junmai, 2024/2025 / Produced by Yaoshin Shuzo Co.,Ltd. / From Yamaguchi,Japan / Made with Yamadanishiki, Saitonosizuku",,,,0
10718,8061,2025,,Gold,Gangi Sparkling Junmai Daiginjo,,,,review,0.8,iwc_sake_gold_2025,"Gangi Sparkling Junmai Daiginjo, 2024/2025 / Produced by Yaoshin Shuzo Co.,Ltd. / From Yamaguchi,Japan / Made with Yamadanishiki",,,,0
10719,8061,2025,,Gold,Daiginjo Matsumidori extra matured H29by(2017by),,,,review,0.6,iwc_sake_gold_2025,"Daiginjo Matsumidori extra matured H29by(2017by), 2021/2022 / Produced by Konishi Brewing Co.,Ltd. / From Hyogo,Japan / Made with Yamadanishiki",,,,0
10720,8061,2025,,Gold,Yoshinosugi no Tarusake,,,,review,0.6,iwc_sake_gold_2025,"Yoshinosugi no Tarusake, NV / Produced by Choryo Shuzo Co.,Ltd / From Nara,Japan / Made with Table rice",,,,0
10721,8061,2025,,Gold,Hanahato Kijoshu Aged for 8 years,,,,review,0.8,iwc_sake_gold_2025,"Hanahato Kijoshu Aged for 8 years, 2016/2017 / Produced by Enoki Shuzo Co., Ltd. / From Hiroshima,Japan / Made with Japanese Edible Rice",,,,0
10722,8061,2025,,Gold,Fukuiwai Yamadanishiki 50%Polish Junmai Ginjo,,,,review,0.8,iwc_sake_gold_2025,"Fukuiwai Yamadanishiki 50%Polish Junmai Ginjo, 2024/2025 / Produced by Tohei Shuzo Corp. / From Chiba,Japan / Made with Yamadanishiki",,,,0
10723,8061,2025,,Gold,Ayakiku Awasake Awakiku,,,,review,0.6,iwc_sake_gold_2025,"Ayakiku Awasake Awakiku, 2023/2024 / Produced by Ayakiku Shuzo Co., Ltd. / From Kagawa,Japan / Made with Oseto",,,,0
10724,8061,2025,,Gold,Born: Awakening of The Angel,79187,,,draft,0.85,iwc_sake_gold_2025,"Born: Awakening of The Angel, 2001/2002 / Produced by Katoukichebee Shouten / From Fukui,Japan / Made with private [2026-07-20 事後突合: entry_nameに銘柄名「en」を検出、DB上で唯一の蔵に紐づく銘柄のため自動突合]",,,,0
10725,8061,2025,,Gold,Taiun Junmai Daiginjo,,,,review,0.8,iwc_sake_gold_2025,"Taiun Junmai Daiginjo, 2024/2025 / Produced by Taiun Sake Brewing LLC. / From Shimane,Japan / Made with Yamadanishiki",,,,0
10726,8061,2025,,Gold,Houmei Junmai Daiginjo Tobindori,,,,review,0.8,iwc_sake_gold_2025,"Houmei Junmai Daiginjo Tobindori, 2024/2025 / Produced by Ishii Sake brewary Co., Ltd. / From Saitama,Japan / Made with Kairyou shinkou",,,,0
10727,8061,2025,,Gold,Naotora Tag Sake Junmai Ginjo,,,,review,0.8,iwc_sake_gold_2025,"Naotora Tag Sake Junmai Ginjo, 2024/2025 / Produced by Endo Brewery Inc. / From Nagano,Japan / Made with Miyamanishiki",,,,0
10728,8061,2025,,Gold,A Normat Sake Against the Grain Junmai Daiginjo,50846,,,draft,0.85,iwc_sake_gold_2025,"A Normat Sake Against the Grain Junmai Daiginjo, 2024/2025 / Produced by Kubiki Sake Brewery Co., Ltd / From Niigata,Japan / Made with Koshitanrei [2026-07-20 事後突合: entry_nameに銘柄名「Again」を検出、DB上で唯一の蔵に紐づく銘柄のため自動突合]",,,,0
10729,8061,2025,,Gold,Yoakemae Junmaishu,,,,review,0.6,iwc_sake_gold_2025,"Yoakemae Junmaishu, 2024/2025 / Produced by Ono Shuzouten Co Ltd / From Nagano,Japan / Made with Yamadanishiki",,,,0
10730,8061,2025,,Gold,Nanbu Bijin All Koji 2003,,,,review,0.6,iwc_sake_gold_2025,"Nanbu Bijin All Koji 2003, 2003/2004 / Produced by NANBU BIJIN CO.,LTD. / From Iwate,Japan / Made with Toyonishiki",,,,0
10731,8061,2025,,Gold,Masuizumi PRIVATE RESERVE,,,,review,0.6,iwc_sake_gold_2025,"Masuizumi PRIVATE RESERVE, 2020/2021 / Produced by MASUDA SAKE COMPANY LTD. / From Toyama,Japan / Made with Hyogo Yamadanishiki",,,,0
10732,8061,2025,,Gold,Masuizumi Kijoshu x Kijoshu,,,,review,0.6,iwc_sake_gold_2025,"Masuizumi Kijoshu x Kijoshu, 2012/2013 / Produced by MASUDA SAKE COMPANY LTD. / From Toyama,Japan / Made with private",,,,0
10733,8061,2025,,Gold,Premium Daiginjo Higen,79187,,,draft,0.85,iwc_sake_gold_2025,"Premium Daiginjo Higen, 2024/2025 / Produced by ASAMA SHUZO CO.,LTD. / From Gunma,Japan / Made with Yamadanishiki [2026-07-20 事後突合: entry_nameに銘柄名「en」を検出、DB上で唯一の蔵に紐づく銘柄のため自動突合]",,,,0
10734,8061,2025,,Gold,Shinboshi Kikunotsukasa -shinboshi-,,,,review,0.6,iwc_sake_gold_2025,"Shinboshi Kikunotsukasa -shinboshi-, 2024/2025 / Produced by KIKUNOTSUKASA SAKE BREWERY Co.,LTD / From Iwate,Japan / Made with Ginotome",,,,0
10735,8061,2025,,Gold,Tanzan Kijoshu,,,,review,0.6,iwc_sake_gold_2025,"Tanzan Kijoshu, 2022/2023 / Produced by Nishiuchi Shuzo / From Nara,Japan / Made with Kinuhikari, Gohyakumangoku",,,,0
10736,8061,2025,,Gold,Tanzan Kijoshu Ruijoshu,,,,review,0.6,iwc_sake_gold_2025,"Tanzan Kijoshu Ruijoshu, 2017/2018 / Produced by Nishiuchi Shuzo / From Nara,Japan / Made with Kinuhikari, Gohyakumangoku",,,,0
10737,8061,2025,,Gold,Atagonomatsu Betsushikomi Honjozo,,,,review,0.8,iwc_sake_gold_2025,"Atagonomatsu Betsushikomi Honjozo, 2024/2025 / Produced by Niizawa Sake Brewery Co., Ltd / From Miyagi,Japan / Made with Kokusanmai",,,,0
10738,8061,2025,,Gold,Atagonomatsu Kennai Honjozo,79187,,,draft,0.85,iwc_sake_gold_2025,"Atagonomatsu Kennai Honjozo, 2024/2025 / Produced by Niizawa Sake Brewery Co., Ltd / From Miyagi,Japan / Made with Kokusanmai [2026-07-20 事後突合: entry_nameに銘柄名「en」を検出、DB上で唯一の蔵に紐づく銘柄のため自動突合]",,,,0
10739,8061,2025,,Gold,Atagonomatsu Senretsu Karakuchi,79187,,,draft,0.85,iwc_sake_gold_2025,"Atagonomatsu Senretsu Karakuchi, 2024/2025 / Produced by Niizawa Sake Brewery Co., Ltd / From Miyagi,Japan / Made with Kokusanmai [2026-07-20 事後突合: entry_nameに銘柄名「en」を検出、DB上で唯一の蔵に紐づく銘柄のため自動突合]",,,,0
10740,8061,2025,,Gold,Hakurakusei Michiba Rokusaburo Junmai Daiginjo 2023,,,,review,0.8,iwc_sake_gold_2025,"Hakurakusei Michiba Rokusaburo Junmai Daiginjo 2023, 2023/2024 / Produced by Niizawa Sake Brewery Co., Ltd / From Miyagi,Japan / Made with Kuranohana",,,,0
10741,8061,2025,,Gold,Junmai Daiginjo Zankyo Super7 2018,,,,review,0.6,iwc_sake_gold_2025,"Junmai Daiginjo Zankyo Super7 2018, 2018/2019 / Produced by Niizawa Sake Brewery Co., Ltd / From Miyagi,Japan / Made with Kuranohana",,,,0
10742,8061,2025,,Gold,Junmai Daiginjo Zankyo Super7 2019,,,,review,0.6,iwc_sake_gold_2025,"Junmai Daiginjo Zankyo Super7 2019, 2019/2020 / Produced by Niizawa Sake Brewery Co., Ltd / From Miyagi,Japan / Made with Kuranohana",,,,0
10743,8061,2025,,Gold,Junmai Daiginjo Zankyo Super7 2023,,,,review,0.6,iwc_sake_gold_2025,"Junmai Daiginjo Zankyo Super7 2023, 2023/2024 / Produced by Niizawa Sake Brewery Co., Ltd / From Miyagi,Japan / Made with Kuranohana",,,,0
10744,8061,2025,,Gold,Niizawa 2018,,,,review,0.6,iwc_sake_gold_2025,"Niizawa 2018, 2018/2019 / Produced by Niizawa Sake Brewery Co., Ltd / From Miyagi,Japan / Made with Kuranohana",,,,0
10745,8061,2025,,Gold,Niizawa 2019,,,,review,0.6,iwc_sake_gold_2025,"Niizawa 2019, 2019/2020 / Produced by Niizawa Sake Brewery Co., Ltd / From Miyagi,Japan / Made with Kuranohana",,,,0
10746,8061,2025,,Gold,Niizawa 2020,,,,review,0.6,iwc_sake_gold_2025,"Niizawa 2020, 2020/2021 / Produced by Niizawa Sake Brewery Co., Ltd / From Miyagi,Japan / Made with Kuranohana",,,,0
10747,8061,2025,,Gold,Niizawa 2023,,,,review,0.6,iwc_sake_gold_2025,"Niizawa 2023, 2023/2024 / Produced by Niizawa Sake Brewery Co., Ltd / From Miyagi,Japan / Made with Kuranohana",,,,0
10748,8061,2025,,Gold,Niizawa Kizashi 2019,,,,review,0.6,iwc_sake_gold_2025,"Niizawa Kizashi 2019, 2019/2020 / Produced by Niizawa Sake Brewery Co., Ltd / From Miyagi,Japan / Made with Kuranohana",,,,0
10749,8061,2025,,Gold,Niizawa Kizashi 2020,,,,review,0.6,iwc_sake_gold_2025,"Niizawa Kizashi 2020, 2020/2021 / Produced by Niizawa Sake Brewery Co., Ltd / From Miyagi,Japan / Made with Kuranohana",,,,0
10750,8061,2025,,Gold,Niizawa Kizashi 2021,,,,review,0.6,iwc_sake_gold_2025,"Niizawa Kizashi 2021, 2021/2022 / Produced by Niizawa Sake Brewery Co., Ltd / From Miyagi,Japan / Made with Kuranohana",,,,0
10751,8061,2025,,Gold,Niizawa Kizashi 2023,,,,review,0.6,iwc_sake_gold_2025,"Niizawa Kizashi 2023, 2023/2024 / Produced by Niizawa Sake Brewery Co., Ltd / From Miyagi,Japan / Made with Kuranohana",,,,0
10752,8061,2025,,Gold,Reikyo 2019 -absolute 0-,,,,review,0.6,iwc_sake_gold_2025,"Reikyo 2019 -absolute 0-, 2018/2019 / Produced by Niizawa Sake Brewery Co., Ltd / From Miyagi,Japan / Made with Kokusanmani",,,,0
10753,8061,2025,,Gold,Reikyo 2022 -absolute 0-,,,,review,0.6,iwc_sake_gold_2025,"Reikyo 2022 -absolute 0-, 2021/2022 / Produced by Niizawa Sake Brewery Co., Ltd / From Miyagi,Japan / Made with Kokusanmani",,,,0
10754,8061,2025,,Gold,Sake Hundred Byakko Bespoke,,,,review,0.6,iwc_sake_gold_2025,"Sake Hundred Byakko Bespoke, 2021/2022 / Produced by Tatenokawa, Inc. / From Yamagata,Japan / Made with Hyogo-grown Yamadanishiki",,,,0
10755,8061,2025,,Gold,Sake Hundred Shirin,,,,review,0.6,iwc_sake_gold_2025,"Sake Hundred Shirin, 2021/2022 / Produced by oujiman.inc / From Yamagata ,Japan / Made with Hyogo-grown Yamadanishiki",,,,0
10756,8061,2025,,Gold,Junmai Daiginjo Tenju,79187,,,draft,0.85,iwc_sake_gold_2025,"Junmai Daiginjo Tenju, 2024/2025 / Produced by TENJU SHUZO CO., LTD. / From Akita,Japan / Made with Hyakuden,100 [2026-07-20 事後突合: entry_nameに銘柄名「en」を検出、DB上で唯一の蔵に紐づく銘柄のため自動突合]",,,,0
10757,8061,2025,,Gold,Shichiken Hakushin Junmai Daiginjo,79187,,,draft,0.85,iwc_sake_gold_2025,"Shichiken Hakushin Junmai Daiginjo, 2023/2024 / Produced by Yamanashi Meijo Co.,Ltd / From Yamanashi,Japan / Made with Yumesansui [2026-07-20 事後突合: entry_nameに銘柄名「en」を検出、DB上で唯一の蔵に紐づく銘柄のため自動突合]",,,,0
10758,8061,2025,,Gold,Shichiken Kaikoma Junmai Daiginjo,79187,,,draft,0.85,iwc_sake_gold_2025,"Shichiken Kaikoma Junmai Daiginjo, 2024/2025 / Produced by Yamanashi Meijo Co.,Ltd / From Yamanashi,Japan / Made with Yumesansui [2026-07-20 事後突合: entry_nameに銘柄名「en」を検出、DB上で唯一の蔵に紐づく銘柄のため自動突合]",,,,0
10759,8061,2025,,Gold,Shichiken Morinokanade Sparkling,79187,,,draft,0.85,iwc_sake_gold_2025,"Shichiken Morinokanade Sparkling, 2019/2020 / Produced by Yamanashi Meijo Co.,Ltd / From Yamanashi,Japan / Made with Hitogokochi [2026-07-20 事後突合: entry_nameに銘柄名「en」を検出、DB上で唯一の蔵に紐づく銘柄のため自動突合]",,,,0
10760,8061,2025,,Gold,Ichinenfudo Yumesansui 30%,79187,,,draft,0.85,iwc_sake_gold_2025,"Ichinenfudo Yumesansui 30%, 2023/2024 / Produced by SEKIYA BREWERY CO.,LTD / From Aichi,Japan / Made with Yumesansui [2026-07-20 事後突合: entry_nameに銘柄名「en」を検出、DB上で唯一の蔵に紐づく銘柄のため自動突合]",,,,0
10761,8061,2025,,Gold,Junmai Daiginjo Yamadanishiki Shichifukujin 38 -Sanpachi-,,,,review,0.6,iwc_sake_gold_2025,"Junmai Daiginjo Yamadanishiki Shichifukujin 38 -Sanpachi-, 2024/2025 / Produced by KIKUNOTSUKASA SAKE BREWERY Co.,LTD / From Iwate,Japan / Made with Yamadanishiki",,,,0
10762,8061,2025,,Gold,Chiyomusubi Junmai Daiginjo Goriki30,,,,review,0.8,iwc_sake_gold_2025,"Chiyomusubi Junmai Daiginjo Goriki30, 2024/2025 / Produced by CHIYOMUSUBI SAKE BREWRY CO., LTD. / From Tottori,Japan / Made with Goriki",,,,0
10763,8061,2025,,Gold,Dassai 23,,,,review,0.6,iwc_sake_gold_2025,"Dassai 23, 2024/2025 / Produced by Asahi shuzo co.,LTD. / From Yamaguchi,Japan / Made with Yamada Nishiki",,,,0
10764,8061,2025,,Gold,Ilaka Silver Black,,,,review,0.6,iwc_sake_gold_2025,"Ilaka Silver Black, 2024/2025 / Produced by Ilaka Sake Inc. / From Nagano,Japan / Made with Hitogokochi",,,,0
10765,8061,2025,,Gold,Hatsumidori Junmai Daiginjo,,,,review,0.8,iwc_sake_gold_2025,"Hatsumidori Junmai Daiginjo, 2024/2025 / Produced by Okuhida Shuzo Co., Ltd / From Gifu,Japan / Made with Yamadanishiki",,,,0
10766,8061,2025,,Gold,Ginjo Aioi Kogen,79187,,,draft,0.85,iwc_sake_gold_2025,"Ginjo Aioi Kogen, 2010/2011 / Produced by masanori tanaka / From Aichi,Japan / Made with Gohyakumangoku, Yumesansui [2026-07-20 事後突合: entry_nameに銘柄名「en」を検出、DB上で唯一の蔵に紐づく銘柄のため自動突合]",,,,0
10767,8061,2025,,Gold,Alps Masamune Junmai Ginjo Sankeinishikigoju,,,,review,0.8,iwc_sake_gold_2025,"Alps Masamune Junmai Ginjo Sankeinishikigoju, 2024/2025 / Produced by Kametaya Sake Brewery Co.,Ltd. / From Nagano,Japan / Made with sankeinishiki",,,,0
10768,8061,2025,,Gold,Suginamiki Kouun Junmai Daiginjo,52465,,,draft,0.85,iwc_sake_gold_2025,"Suginamiki Kouun Junmai Daiginjo, 2024/2025 / Produced by iinumameijo Co., Ltd / From Tochigi,Japan / Made with Yamadanishiki [2026-07-20 事後突合: entry_nameに銘柄名「Suginamiki」を検出、DB上で唯一の蔵に紐づく銘柄のため自動突合]",,,,0
10769,8061,2025,,Gold,Hatsumago Kakushizake Densho Kimoto,79187,,,draft,0.85,iwc_sake_gold_2025,"Hatsumago Kakushizake Densho Kimoto, 2017/2018 / Produced by Tohoku meijo Co., Ltd. / From Yamagata,Japan / Made with Haenuki [2026-07-20 事後突合: entry_nameに銘柄名「en」を検出、DB上で唯一の蔵に紐づく銘柄のため自動突合]",,,,0
10770,8061,2025,,Gold,Daisekkei Junmai Ginjo D Omachi,,,,review,0.8,iwc_sake_gold_2025,"Daisekkei Junmai Ginjo D Omachi, 2024/2025 / Produced by Daisekkei Sake Brewing Co., Ltd. / From Nagano,Japan / Made with Omachi",,,,0
10771,8061,2025,,Gold,Premium Junmai Daiginjo Higen,79187,,,draft,0.85,iwc_sake_gold_2025,"Premium Junmai Daiginjo Higen, 2024/2025 / Produced by ASAMA SHUZO CO.,LTD. / From Gunma,Japan / Made with Yamadanishiki [2026-07-20 事後突合: entry_nameに銘柄名「en」を検出、DB上で唯一の蔵に紐づく銘柄のため自動突合]",,,,0
10772,8061,2025,,Gold,Asamayama Ibuki,,,,review,0.6,iwc_sake_gold_2025,"Asamayama Ibuki, 2024/2025 / Produced by ASAMA SHUZO CO.,LTD. / From Gunma,Japan / Made with KAIRYOUSINKOU",,,,0
10773,8061,2025,,Gold,Ichinokura Sake Madena,50847,,,draft,0.85,iwc_sake_gold_2025,"Ichinokura Sake Madena, 2017/2018 / Produced by ICHINOKURA Co.,Ltd. / From Miyagi,Japan / Made with Toyonishiki [2026-07-20 事後突合: entry_nameに銘柄名「Madena」を検出、DB上で唯一の蔵に紐づく銘柄のため自動突合]",,,,0
10774,8061,2025,,Gold,Echigobijin Koshu H16,,,,review,0.8,iwc_sake_gold_2025,"Echigobijin Koshu H16, 2004/2005 / Produced by jouetsu shuzo co.,ltd. / From Niigata,Japan / Made with Yamadanishiki",,,,0
10775,8061,2025,,Gold,Kamotsuru Sparkling Sake KOJU,,,,review,0.8,iwc_sake_gold_2025,"Kamotsuru Sparkling Sake KOJU, 2022/2023 / Produced by Kamotsuru Sake Brewing Co.,Ltd. / From Hiroshima,Japan / Made with Yamadanishiki",,,,0
10776,8061,2025,,Gold,Leio Crystal Junmai Daiginjo,,,,review,0.8,iwc_sake_gold_2025,"Leio Crystal Junmai Daiginjo, 2020/2021 / Produced by Koshimeijo Co.,Ltd / From Niigata,Japan / Made with Gohyakumangoku, Koshitanrei",,,,0
10777,8061,2025,,Gold,Reikyo 2024 -absolute 0-,,,,review,0.6,iwc_sake_gold_2025,"Reikyo 2024 -absolute 0-, 2023/2024 / Produced by Niizawa Sake Brewery Co., Ltd / From Miyagi,Japan / Made with Kokusanmai",,,,0
10778,8061,2025,,Gold,Hakurakusei Michiba Rokusaburo Junmai Daiginjo,,,,review,0.8,iwc_sake_gold_2025,"Hakurakusei Michiba Rokusaburo Junmai Daiginjo, 2024/2025 / Produced by Niizawa Sake Brewery Co., Ltd / From Miyagi,Japan / Made with Kuranohana",,,,0
10779,8061,2025,,Gold,Shochikubai Shirakabegura Nend,79187,,,draft,0.85,iwc_sake_gold_2025,"Shochikubai Shirakabegura Nend, 2024/2025 / Produced by Takara Shuzo Co Ltd / From Hyogo,Japan / Made with Yamadanishiki [2026-07-20 事後突合: entry_nameに銘柄名「en」を検出、DB上で唯一の蔵に紐づく銘柄のため自動突合]",,,,0
10780,8061,2025,,Gold,Mizuo Tokubetsu Junmaishu Kinmon-nishiki Jikomi,,,,review,0.8,iwc_sake_gold_2025,"Mizuo Tokubetsu Junmaishu Kinmon-nishiki Jikomi, 2024/2025 / Produced by Tanakaya Brewing Co. Ltd / From Nagano,Japan / Made with Kinmon-nishiki",,,,0
10781,8061,2025,,Gold,Junmai Daiginjo Suehiro Yumenokaori,79187,,,draft,0.85,iwc_sake_gold_2025,"Junmai Daiginjo Suehiro Yumenokaori, 2024/2025 / Produced by Suehiro Sake Brewery Co.,Ltd / From Fukushima,Japan / Made with Yumenokaori [2026-07-20 事後突合: entry_nameに銘柄名「en」を検出、DB上で唯一の蔵に紐づく銘柄のため自動突合]",,,,0
10782,8061,2025,,Gold,Yuki no Matsushima Kai Junmai Daiginjo Genshu,79187,,,draft,0.85,iwc_sake_gold_2025,"Yuki no Matsushima Kai Junmai Daiginjo Genshu, 2024/2025 / Produced by Taiwagura Sake Brewery Co.,Ltd / From Miyagi,Japan / Made with Yamadanishiki [2026-07-20 事後突合: entry_nameに銘柄名「en」を検出、DB上で唯一の蔵に紐づく銘柄のため自動突合]",,,,0
10783,8061,2025,,Gold,Dewazakura Dewanosato,,,,review,0.6,iwc_sake_gold_2025,"Dewazakura Dewanosato, 2024/2025 / Produced by Dewazakura Sake Brewery Co., Ltd. / From Yamagata,Japan / Made with Dewanosato",,,,0
10784,8061,2025,,Gold,Dewazakura SWeeeeeT Matured,,,,review,0.6,iwc_sake_gold_2025,"Dewazakura SWeeeeeT Matured, 2015/2016 / Produced by Dewazakura Sake Brewery Co., Ltd. / From Yamagata,Japan / Made with Haenuki",,,,0
10785,8061,2025,,Gold,Junmai Daiginjo Aratana,,,,review,0.6,iwc_sake_gold_2025,"Junmai Daiginjo Aratana, 2022/2023 / Produced by Kikunosato Shuzo co.,ltd. / From Tochigi,Japan / Made with Yamadanishiki",,,,0
10786,8061,2025,,Gold,Sanran Daiginjo,,,,review,0.8,iwc_sake_gold_2025,"Sanran Daiginjo, 2024/2025 / Produced by Tonoikeshuzouten Co.,Ltd. / From Tochigi,Japan / Made with Yamadanishiki",,,,0
10787,8061,2025,,Gold,Banshu-Ikkon Junmai Daiginjo Yamadanishiki,,,,review,0.8,iwc_sake_gold_2025,"Banshu-Ikkon Junmai Daiginjo Yamadanishiki, 2024/2025 / Produced by Sanyohai Shuzo Co.,Ltd. / From Hyogo,Japan / Made with Yamadanishiki",,,,0
10788,8061,2025,,Gold,Daiginjo Gazan,,,,review,0.6,iwc_sake_gold_2025,"Daiginjo Gazan, 2024/2025 / Produced by Tsurumi Shuzo Co.,Ltd / From Aichi,Japan / Made with Yamadanishiki",,,,0
10789,8061,2025,,Gold,Junmai Daiginjo Gazan,,,,review,0.6,iwc_sake_gold_2025,"Junmai Daiginjo Gazan, 2024/2025 / Produced by Tsurumi Shuzo Co.,Ltd / From Aichi,Japan / Made with Yamadanishiki",,,,0
10790,8061,2025,,Gold,Shuho Junmai Daiginjo Yukimegami,,,,review,0.8,iwc_sake_gold_2025,"Shuho Junmai Daiginjo Yukimegami, 2024/2025 / Produced by Shuho Sake Brewey Co.,Ltd / From Yamagata,Japan / Made with Yukimegami",,,,0
10791,8061,2025,,Gold,Bo: Junmai Ginjo Gohyakumangoku,,,,review,0.8,iwc_sake_gold_2025,"Bo: Junmai Ginjo Gohyakumangoku, 2024/2025 / Produced by Tonoikeshuzouten CO., Ltd / From Tochigi,Japan / Made with Ghyakumangoku",,,,0
10792,8061,2025,,Gold,Takijiman   Junmai Daiginjo,,,,review,0.8,iwc_sake_gold_2025,"Takijiman   Junmai Daiginjo, 2024/2025 / Produced by Takijiman Shuzo Co., Ltd. / From Mie,Japan / Made with Yamadanishiki",,,,0
10793,8061,2025,,Gold,Tenmei Junmai Daiginjo Gold Label,79187,,,draft,0.85,iwc_sake_gold_2025,"Tenmei Junmai Daiginjo Gold Label, 2024/2025 / Produced by Akebono Shuzo Co., Ltd. / From Fukushima,Japan / Made with Yumenokaori [2026-07-20 事後突合: entry_nameに銘柄名「en」を検出、DB上で唯一の蔵に紐づく銘柄のため自動突合]",,,,0
10794,8061,2025,,Gold,Nakashimaya Junmai Ginjo,,,,review,0.8,iwc_sake_gold_2025,"Nakashimaya Junmai Ginjo, 2024/2025 / Produced by NAKASHIMAYA SHUZOJO., LTD / From Yamaguchi,Japan / Made with Yamadanishiki",,,,0
10795,8061,2025,,Gold,Imanishiki Junmai Ginjo Sankeinishiki,,,,review,0.8,iwc_sake_gold_2025,"Imanishiki Junmai Ginjo Sankeinishiki, 2024/2025 / Produced by YONEZAWA SAKE BREWERY Co.,Ltd. / From Nagano,Japan / Made with sankeinishiki",,,,0
10796,8061,2025,,Gold,"Okunomatsu Daiginjo Shizuku-sake ""Juhachidai-Ihei""",,,,review,0.8,iwc_sake_gold_2025,"Okunomatsu Daiginjo Shizuku-sake ""Juhachidai-Ihei"", 2024/2025 / Produced by Higashi-Nihon Shuzo Productivity Improvement Cooperative. / From Fukushima,Japan / Made with Yamadanishiki",,,,0
10797,8061,2025,,Gold,Fukuju Kimoto junmai,,,,review,0.8,iwc_sake_gold_2025,"Fukuju Kimoto junmai, 2024/2025 / Produced by Kobe Shu-Shin-Kan Breweries,Ltd / From Hyogo,Japan / Made with Hyogoyumenishiki",,,,0
10798,8061,2025,,Gold,Nagasaki Bijin Daiginjo,,,,review,0.8,iwc_sake_gold_2025,"Nagasaki Bijin Daiginjo, 2024/2025 / Produced by Fukuda Sake Brewing Company / From Nagasaki,Japan / Made with Yamadanishiki",,,,0
10799,8061,2025,,Gold,Wataribune Junmai Daiginjo,,,,review,0.8,iwc_sake_gold_2025,"Wataribune Junmai Daiginjo, 2024/2025 / Produced by HUCHU HOMARE SAKE COMPANY / From Ibaraki,Japan / Made with Wataribune",,,,0
10800,8061,2025,,Gold,Enasan Junmai Ginjo Hidahomare Koshu,,,,review,0.8,iwc_sake_gold_2025,"Enasan Junmai Ginjo Hidahomare Koshu, 2015/2016 / Produced by Hazama Shuzo Co.,Ltd. / From Gifu,Japan / Made with Hidahomare",,,,0
10801,8061,2025,,Gold,Sawahime Tokubetsu Junmai Premium,,,,review,0.8,iwc_sake_gold_2025,"Sawahime Tokubetsu Junmai Premium, NV / Produced by Inoue Seikichi Co Ltd / From Tochigi,Japan / Made with Yume Sasara",,,,0
10802,8061,2025,,Gold,Nagurayama Junmai Daiginjo Hyoutenkabingakoi,79187,,,draft,0.85,iwc_sake_gold_2025,"Nagurayama Junmai Daiginjo Hyoutenkabingakoi, 2018/2019 / Produced by NagurayamaShuzouCo,Ltd / From Fukushima,Japan / Made with Yamadanishiki [2026-07-20 事後突合: entry_nameに銘柄名「en」を検出、DB上で唯一の蔵に紐づく銘柄のため自動突合]",,,,0
10803,8061,2025,,Gold,Mutsu Hassen Pink Label,79187,,,draft,0.85,iwc_sake_gold_2025,"Mutsu Hassen Pink Label, 2024/2025 / Produced by Hachinohe Shuzo Co., Ltd / From Aomori,Japan / Made with Hanafubuki [2026-07-20 事後突合: entry_nameに銘柄名「en」を検出、DB上で唯一の蔵に紐づく銘柄のため自動突合]",,,,0
10804,8061,2025,,Gold,"Yonetsuru (Grateful Cranes) Junmai Daiginjo ""The Brilliance of Grateful Cranes Flying Sky High""",,,,review,0.8,iwc_sake_gold_2025,"Yonetsuru (Grateful Cranes) Junmai Daiginjo ""The Brilliance of Grateful Cranes Flying Sky High"", NV / Produced by Yonetsuru Shuzo Co., Ltd. / From Yamagata,Japan / Made with Yukimegami",,,,0
10805,8061,2025,,Gold,Yonetsuru (Grateful Cranes) Sparkling Rose,,,,review,0.8,iwc_sake_gold_2025,"Yonetsuru (Grateful Cranes) Sparkling Rose, NV / Produced by Yonetsuru Shuzo Co., Ltd. / From Yamagata,Japan / Made with Yamagata Rice",,,,0
10806,8061,2025,,Gold,Kiku-Masamune Shiboritate Gin-Rich,,,,review,0.6,iwc_sake_gold_2025,"Kiku-Masamune Shiboritate Gin-Rich, 2024/2025 / Produced by Kiku-Masamune Sake Brewing Co., Ltd. / From Hyogo,Japan / Made with Japanese Domestic Rice",,,,0
10807,8061,2025,,Gold,Inishie Tenki,79187,,,draft,0.85,iwc_sake_gold_2025,"Inishie Tenki, 2006/2007 / Produced by Japanese Koshukura Inc. / From Hyogo,Japan / Made with wakaranai [2026-07-20 事後突合: entry_nameに銘柄名「en」を検出、DB上で唯一の蔵に紐づく銘柄のため自動突合]",,,,0
10808,8061,2025,,Gold,Kiku-Masamune Junmai Taru Sake,,,,review,0.8,iwc_sake_gold_2025,"Kiku-Masamune Junmai Taru Sake, 2022/2023 / Produced by Kiku-Masamune Sake Brewing Co., Ltd. / From Hyogo,Japan / Made with Japanese Domestic Rice",,,,0
10809,8061,2025,,Gold,Junmai Daiginjo Toji Hiraoka Seiji special order,,,,review,0.6,iwc_sake_gold_2025,"Junmai Daiginjo Toji Hiraoka Seiji special order, 2024/2025 / Produced by Funasaka Sake Brewery / From Gifu,Japan / Made with Yamadanishiki",,,,0
10810,8061,2025,,Gold,Zaku Ho-no-Tomo,,,,review,0.6,iwc_sake_gold_2025,"Zaku Ho-no-Tomo, 2024/2025 / Produced by Shimizu Sizaburo Shoten LTD. / From Mie,Japan / Made with Domestic Rice",,,,0
10811,8061,2025,,Gold,Zaku Kaizan Ittekisui,,,,review,0.6,iwc_sake_gold_2025,"Zaku Kaizan Ittekisui, 2024/2025 / Produced by Shimizu Sizaburo Shoten LTD. / From Mie,Japan / Made with Yamadanishiki",,,,0
10812,8061,2025,,Gold,Zaku Kizui,,,,review,0.6,iwc_sake_gold_2025,"Zaku Kizui, 2024/2025 / Produced by Shimizu Sizaburo Shoten LTD. / From Mie,Japan / Made with Yamadanishiki",,,,0
10813,8061,2025,,Gold,Zaku Naguwashi Tojo Yamadanishiki,,,,review,0.6,iwc_sake_gold_2025,"Zaku Naguwashi Tojo Yamadanishiki, 2024/2025 / Produced by Shimizu Sizaburo Shoten LTD. / From Mie,Japan / Made with Yamadanishiki",,,,0
10814,8061,2025,,Gold,Zaku Yozan Ittekisui,,,,review,0.6,iwc_sake_gold_2025,"Zaku Yozan Ittekisui, 2024/2025 / Produced by Shimizu Sizaburo Shoten LTD. / From Mie,Japan / Made with Yamadanishiki",,,,0
10815,8061,2025,,Gold,Kamitaka Daiginjo35,,,,review,0.6,iwc_sake_gold_2025,"Kamitaka Daiginjo35, 2024/2025 / Produced by Eigashima Shuzo CO., LTD. / From Hyogo,Japan / Made with Yamadanishiki",,,,0
10816,8061,2025,,Gold,Kyokuko Junmai Ginjo Ver6,,,,review,0.8,iwc_sake_gold_2025,"Kyokuko Junmai Ginjo Ver6, 2024/2025 / Produced by watanabe sakebrewery co.,ltd / From Tochigi,Japan / Made with Yamadanishiki",,,,0
10817,8061,2025,,Gold,Jumangame Junmai Koshu,,,,review,0.8,iwc_sake_gold_2025,"Jumangame Junmai Koshu, 1976/1977 / Produced by Kameda Shuzo Co.,Ltd. / From Chiba,Japan / Made with Koshihikari",,,,0
10818,8061,2025,,Gold,Go Diner,,,,review,0.6,iwc_sake_gold_2025,"Go Diner, 2024/2025 / Produced by TSUNAN SAKE BREWERY CO.,LTD / From Niigata,Japan / Made with Gohyakumangoku",,,,0
10819,8061,2025,,Gold,Kessen Sekigahara Junmai Daiginjo Hiirehonjin(W),79187,,,draft,0.85,iwc_sake_gold_2025,"Kessen Sekigahara Junmai Daiginjo Hiirehonjin(W), 2024/2025 / Produced by Miwa Shuzo Co., Ltd. / From Gifu,Japan / Made with Hidahomare [2026-07-20 事後突合: entry_nameに銘柄名「en」を検出、DB上で唯一の蔵に紐づく銘柄のため自動突合]",,,,0
10820,8061,2025,,Gold,Junmai Daiginjo Kyonohana Shizuku,,,,review,0.6,iwc_sake_gold_2025,"Junmai Daiginjo Kyonohana Shizuku, 2024/2025 / Produced by Tatsuizumi-shuzo Limited Partnership / From Fukushima,Japan / Made with Kyonohana 1 gou",,,,0
10821,8061,2025,,Gold,Kikusui Honjozo ShirokiTenryu,79187,,,draft,0.85,iwc_sake_gold_2025,"Kikusui Honjozo ShirokiTenryu, 2024/2025 / Produced by Kikusui Brewery CO.,LTD / From Nagano,Japan / Made with General Rice [2026-07-20 事後突合: entry_nameに銘柄名「en」を検出、DB上で唯一の蔵に紐づく銘柄のため自動突合]",,,,0
10822,8061,2025,,Gold,Hanaakita,,,,review,0.6,iwc_sake_gold_2025,"Hanaakita, 2024/2025 / Produced by Hokushika Co., Ltd. / From Akita ,Japan / Made with Domestic Rice",,,,0
10823,8061,2025,,Gold,Kid Muryozan Junmai Daiginjo 25,,,,review,0.8,iwc_sake_gold_2025,"Kid Muryozan Junmai Daiginjo 25, 2023/2024 / Produced by Heiwa Shuzou Co., Ltd / From Wakayama,Japan / Made with Yamadanishiki",,,,0
10824,8061,2025,,Gold,Kid Muryozan Junmai Daiginjo 35,,,,review,0.8,iwc_sake_gold_2025,"Kid Muryozan Junmai Daiginjo 35, 2024/2025 / Produced by Heiwa Shuzou Co., Ltd / From Wakayama,Japan / Made with Yamadanishiki",,,,0
10825,8061,2025,,Gold,Kid Muryozan Junmai Ginjo,,,,review,0.8,iwc_sake_gold_2025,"Kid Muryozan Junmai Ginjo, 2024/2025 / Produced by Heiwa Shuzou Co., Ltd / From Wakayama,Japan / Made with Yamadanishiki",,,,0
10826,8061,2025,,Gold,Kid Tokubetsu Junmai Omachi,,,,review,0.8,iwc_sake_gold_2025,"Kid Tokubetsu Junmai Omachi, 2024/2025 / Produced by Heiwa Shuzou Co., Ltd / From Wakayama,Japan / Made with Omachi50%, Omachi60%",,,,0
10827,8061,2025,,Gold,Shichisui Junmai Ginjo55 Kimoto Omachi,,,,review,0.8,iwc_sake_gold_2025,"Shichisui Junmai Ginjo55 Kimoto Omachi, 2024/2025 / Produced by Toraya Honten Co.,Ltd. / From Tochigi,Japan / Made with Omachi",,,,0
10828,8061,2025,,Gold,Junmai Ginjo Munemasa-15,,,,review,0.6,iwc_sake_gold_2025,"Junmai Ginjo Munemasa-15, 2024/2025 / Produced by Munemasa Shuzo Co.,Ltd. / From Saga,Japan / Made with Yamadanishiki, Saganohana",,,,0
10829,8061,2025,,Gold,Nabeshima Junmai Daiginjo Yamadanishiki 35%,,,,review,0.8,iwc_sake_gold_2025,"Nabeshima Junmai Daiginjo Yamadanishiki 35%, 2024/2025 / Produced by Fukuchiyo Shuzo Co., Ltd / From Saga,Japan / Made with Yamadanishiki",,,,0
10830,8061,2025,,Gold,Nabeshima Junmai Daiginjo Kitashizuku,,,,review,0.8,iwc_sake_gold_2025,"Nabeshima Junmai Daiginjo Kitashizuku, 2024/2025 / Produced by Fukuchiyo Shuzo Co., Ltd / From Saga,Japan / Made with Kitashizuku",,,,0
10831,8061,2025,,Gold,Junmai Ginjo Ugonotsuki Yamadanishiki,,,,review,0.6,iwc_sake_gold_2025,"Junmai Ginjo Ugonotsuki Yamadanishiki, 2024/2025 / Produced by Aihara Shuzo Co., Ltd. / From Hiroshima,Japan / Made with Yamadanishiki",,,,0
10832,8061,2025,,Gold,Tokubetsu Junmai Ugonotsuki Jusanya,,,,review,0.6,iwc_sake_gold_2025,"Tokubetsu Junmai Ugonotsuki Jusanya, 2024/2025 / Produced by Aihara Shuzo Co., Ltd. / From Hiroshima,Japan / Made with Yamadanishiki",,,,0
10833,8061,2025,,Gold,Junmai Ginjo Torai,,,,review,0.6,iwc_sake_gold_2025,"Junmai Ginjo Torai, 2024/2025 / Produced by Rokka Shuzo Co., Ltd / From Aomori,Japan / Made with Hanaomoi",,,,0
10834,8061,2025,,Gold,Junmai Daiginjo Hanaomoi Torai,,,,review,0.6,iwc_sake_gold_2025,"Junmai Daiginjo Hanaomoi Torai, 2024/2025 / Produced by Rokka Shuzo Co., Ltd / From Aomori,Japan / Made with Hanaomoi",,,,0
10835,8061,2025,,Gold,Daiginjo Kiwamihijiri,,,,review,0.6,iwc_sake_gold_2025,"Daiginjo Kiwamihijiri, 2024/2025 / Produced by Miyashita Sake Brewery.,Co.Ltd / From Okayama,Japan / Made with Yamadanishiki",,,,0
10836,8061,2025,,Gold,Afuri Yamahai,,,,review,0.8,iwc_sake_gold_2025,"Afuri Yamahai, 2024/2025 / Produced by Kikkawa Jozo / From Kanagawa,Japan / Made with Omachi",,,,0
10837,8061,2025,,Gold,Tokigasane Nijunen Jukusei Junmai Genshu,79187,,,draft,0.85,iwc_sake_gold_2025,"Tokigasane Nijunen Jukusei Junmai Genshu, 1998/1999 / Produced by Koshinoiso Brewing Co Ltd / From Fukui,Japan / Made with Gohyakumangoku [2026-07-20 事後突合: entry_nameに銘柄名「en」を検出、DB上で唯一の蔵に紐づく銘柄のため自動突合]",,,,0
10838,8061,2025,,Gold,Yamatozakura Dewanosato Junmai-shu,,,,review,0.6,iwc_sake_gold_2025,"Yamatozakura Dewanosato Junmai-shu, 2024/2025 / Produced by SATOSAJIEMON.,Ltd. / From Yamagata,Japan / Made with Dewanosato",,,,0
10839,8061,2025,,Gold,Sen,79187,,,draft,0.85,iwc_sake_gold_2025,"Sen, 2024/2025 / Produced by Hokkan Sake Brewing.co.,Ltd. / From Tochigi,Japan / Made with Ippanmai [2026-07-20 事後突合: entry_nameに銘柄名「en」を検出、DB上で唯一の蔵に紐づく銘柄のため自動突合]",,,,0
10840,8061,2025,,Gold,Aiyu Daiginjo,,,,review,0.8,iwc_sake_gold_2025,"Aiyu Daiginjo, 2024/2025 / Produced by Aiyu syuzo Co.,Ltd. / From Ibaraki,Japan / Made with Yamada-nisiki",,,,0
10841,8061,2025,,Gold,Gunmaizumi Chotokusen Junmai,79187,,,draft,0.85,iwc_sake_gold_2025,"Gunmaizumi Chotokusen Junmai, NV / Produced by Shimaoka Shuzo Co.,Ltd / From Gunma,Japan / Made with Wakamizu [2026-07-20 事後突合: entry_nameに銘柄名「en」を検出、DB上で唯一の蔵に紐づく銘柄のため自動突合]",,,,0
10842,8061,2025,,Gold,Izumibashi Kimoto Junmai Daiginjo Rakufumai,,,,review,0.8,iwc_sake_gold_2025,"Izumibashi Kimoto Junmai Daiginjo Rakufumai, 2023/2024 / Produced by Izumibashi Shuzo Co., Ltd. / From Kanagawa,Japan / Made with Rakufumai",,,,0
10843,8061,2025,,Gold,Setoichi Kakukakushikajika,,,,review,0.6,iwc_sake_gold_2025,"Setoichi Kakukakushikajika, 2024/2025 / Produced by Setoshuzo-Ten Co.,Ltd. / From Kanagawa,Japan / Made with Omachi",,,,0
10844,8061,2025,,Gold,16th Kurouemon Junmai Ginjo Aiyama,,,,review,0.8,iwc_sake_gold_2025,"16th Kurouemon Junmai Ginjo Aiyama, 2024/2025 / Produced by Yukawa Sake Brewery Co., Ltd. / From Nagano,Japan / Made with Aiyama",,,,0
10845,8061,2025,,Gold,Kisoji Kimoto Junmai Daiginjo,,,,review,0.8,iwc_sake_gold_2025,"Kisoji Kimoto Junmai Daiginjo, 2024/2025 / Produced by Yukawa Sake Brewery Co., Ltd. / From Nagano,Japan / Made with Yamadanishiki",,,,0
10846,8061,2025,,Gold,Kisoji Kimoto Junmai Daiginjo 2017,,,,review,0.8,iwc_sake_gold_2025,"Kisoji Kimoto Junmai Daiginjo 2017, 2017/2018 / Produced by Yukawa Sake Brewery Co., Ltd. / From Nagano,Japan / Made with Yamadanishiki",,,,0
10847,8061,2025,,Gold,Boken Ringo,79187,,,draft,0.85,iwc_sake_gold_2025,"Boken Ringo, 2024/2025 / Produced by Takagi Shuzo / From Kochi ,Japan / Made with Gin no yume, Tosa urara [2026-07-20 事後突合: entry_nameに銘柄名「en」を検出、DB上で唯一の蔵に紐づく銘柄のため自動突合]",,,,0
10848,8061,2025,,Gold,Hourai Junmai Ginjo Kadentezukuri,79187,,,draft,0.85,iwc_sake_gold_2025,"Hourai Junmai Ginjo Kadentezukuri, 2024/2025 / Produced by Watanabe Shuzoten Co., Ltd / From Gifu,Japan / Made with Hidahomare [2026-07-20 事後突合: entry_nameに銘柄名「en」を検出、DB上で唯一の蔵に紐づく銘柄のため自動突合]",,,,0
10849,8061,2025,,Gold,Hourai Kuramoto no Kakushisake,,,,review,0.6,iwc_sake_gold_2025,"Hourai Kuramoto no Kakushisake, 2024/2025 / Produced by Watanabe Shuzoten Co., Ltd / From Gifu,Japan / Made with Hidahomare",,,,0
10850,8061,2025,,Gold,Hourai Hatsugumi,,,,review,0.6,iwc_sake_gold_2025,"Hourai Hatsugumi, 2024/2025 / Produced by Watanabe Shuzouten Co, Ltd. / From Gifu,Japan / Made with Hidahomare",,,,0
10851,8061,2025,,Gold,Haneya Junmai Ginjo Ginpu,,,,review,0.8,iwc_sake_gold_2025,"Haneya Junmai Ginjo Ginpu, 2024/2025 / Produced by Fumigiku Sake Brewery Co.,Ltd. / From Toyama,Japan / Made with Ginpu , Yamadanishiki",,,,0
10852,8061,2025,,Gold,Haneya Diamond Omachi,,,,review,0.6,iwc_sake_gold_2025,"Haneya Diamond Omachi, 2024/2025 / Produced by Fumigiku Sake Brewery Co.,Ltd. / From Toyama,Japan / Made with Omachi",,,,0
10853,4,2023,,第2位 (Gold 2nd),浪の音,,2,4698,verified,0.98,,,SAKE COMPETITION,浪の音,有限会社佐々木酒造店,1
10854,2,2025,,SAKE Trophy (世界1位),風の森,,3,5793,verified,0.98,,,IWC (International Wine Challenge) SAKE部門,風の森,油長酒造株式会社,1
10855,3,2024,,金賞 (Gold Award),風の森,,5,5793,verified,0.98,,,全米日本酒歓評会 (U.S. National Sake Appraisal),風の森,油長酒造株式会社,1
10856,5,2023,,最高金賞 (Grand Gold),越の初梅,,20,277,verified,0.98,,,ワイングラスでおいしい日本酒アワード (Fine Sake Awards Japan),越の初梅,高の井酒造株式会社,1
10857,3,2020,,銀賞 (Silver Award),〆張鶴,,34,230,verified,0.98,,,全米日本酒歓評会 (U.S. National Sake Appraisal),〆張鶴,宮尾酒造株式会社,0
10858,3,2021,,グランプリ (Grand Prix),100人のきき酒師,,215,614,verified,0.98,,,全米日本酒歓評会 (U.S. National Sake Appraisal),100人のきき酒師,沢の鶴株式会社,0
10859,4,2024,,金賞 (Gold),AFS,,6271,4298,verified,0.98,,,SAKE COMPETITION,AFS,木戸泉酒造,1
10860,4,2025,,第2位 (Gold 2nd),AGEO 純米大吟醸 無濾過生原酒,,60,2490,verified,0.98,,,SAKE COMPETITION,AGEO 純米大吟醸 無濾過生原酒,北西酒造株式会社,1
10861,2,2022,,SAKE Trophy (世界1位),BaSaRa,,74,980,verified,0.98,,,IWC (International Wine Challenge) SAKE部門,BaSaRa,山の壽酒造 株式会社,1
10862,5,2025,,金賞 (Gold Award),Beau Michelle,,78,,verified,0.98,,,ワイングラスでおいしい日本酒アワード (Fine Sake Awards Japan),Beau Michelle,伴野酒造（株）,1
10863,4,2022,,第3位 (Gold 3rd),COKUN,,83,,verified,0.98,,,SAKE COMPETITION,COKUN,賀茂泉酒造（株）,1
10864,4,2023,,銀賞 (Silver),CUVÉE,,86,,verified,0.98,,,SAKE COMPETITION,CUVÉE,田嶋酒造(株),0
10865,4,2023,,銀賞 (Silver),Cremisi,,88,1400,verified,0.98,,,SAKE COMPETITION,Cremisi,神杉酒造株式会社,0
10866,4,2022,,金賞 (Gold),EARTH,,173,,verified,0.98,,,SAKE COMPETITION,EARTH,（株）井賀屋酒造場,1
10867,4,2023,,第3位 (Gold 3rd),Espoir,,95,4702,verified,0.98,,,SAKE COMPETITION,Espoir,新澤醸造店,1
10868,2,2024,,SAKE Trophy (世界1位),Eye collection,,96,1378,verified,0.98,,,IWC (International Wine Challenge) SAKE部門,Eye collection,株式会社萬乗醸造,1
10869,5,2023,,最高金賞 (Grand Gold),Faucon 純米吟醸57 出羽の里 生貯蔵,,100,,verified,0.98,,,ワイングラスでおいしい日本酒アワード (Fine Sake Awards Japan),Faucon 純米吟醸57 出羽の里 生貯蔵,浜田（株）,1
10870,2,2025,,Gold Medal (金賞),Hakutsuru Blanc,,114,616,verified,0.98,,,IWC (International Wine Challenge) SAKE部門,Hakutsuru Blanc,白鶴酒造株式会社,1
10871,2,2021,,Gold Medal (金賞),Honjozo Nigori Sake,,116,3188,verified,0.98,,,IWC (International Wine Challenge) SAKE部門,Honjozo Nigori Sake,宮下酒造,1
10872,3,2023,,銀賞 (Silver Award),INISHIE,,119,677,verified,0.98,,,全米日本酒歓評会 (U.S. National Sake Appraisal),INISHIE,株式会社日本の古酒蔵,0
10873,5,2024,,最高金賞 (Grand Gold),ISONOSAWA,,121,992,verified,0.98,,,ワイングラスでおいしい日本酒アワード (Fine Sake Awards Japan),ISONOSAWA,株式会社 いそのさわ,1
10874,5,2024,,金賞 (Gold Award),IWA5,,124,6075,verified,0.98,,,ワイングラスでおいしい日本酒アワード (Fine Sake Awards Japan),IWA5,株式会社 白岩,1
10875,2,2024,,SAKE Trophy (世界1位),JIN JIN,,251,,verified,0.98,,,IWC (International Wine Challenge) SAKE部門,JIN JIN,小野酒造（有）,1
10876,3,2024,,金賞 (Gold Award),Jazz Brew,,130,2688,verified,0.98,,,全米日本酒歓評会 (U.S. National Sake Appraisal),Jazz Brew,株式会社八木酒造部,1
10877,2,2022,,SAKE Trophy (世界1位),KIRAMEKI,,6218,6756,verified,0.98,,,IWC (International Wine Challenge) SAKE部門,KIRAMEKI,文本酒造,1
10878,5,2024,,最高金賞 (Grand Gold),KURAMOTO,,144,5781,verified,0.98,,,ワイングラスでおいしい日本酒アワード (Fine Sake Awards Japan),KURAMOTO,倉本酒造 株式会社,1
10879,5,2021,,最高金賞 (Grand Gold),Masterpiece,,159,5989,verified,0.98,,,ワイングラスでおいしい日本酒アワード (Fine Sake Awards Japan),Masterpiece,笑四季酒造株式会社,1
10880,3,2024,,金賞 (Gold Award),Mizuchi,,161,1929,verified,0.98,,,全米日本酒歓評会 (U.S. National Sake Appraisal),Mizuchi,酒井酒造株式会社,1
10881,3,2020,,銀賞 (Silver Award),Monsoon,,159,5989,verified,0.98,,,全米日本酒歓評会 (U.S. National Sake Appraisal),Monsoon,笑四季酒造株式会社,0
10882,2,2025,,Commended (推奨),NAMIとUMI,,166,4713,verified,0.98,,,IWC (International Wine Challenge) SAKE部門,NAMIとUMI,角星,0
10883,4,2024,,金賞 (Gold),NIWARINGO,,173,,verified,0.98,,,SAKE COMPETITION,NIWARINGO,（株）井賀屋酒造場,1
10884,2,2025,,SAKE Trophy (世界1位),NY,,20104,7350,verified,0.98,,,IWC (International Wine Challenge) SAKE部門,NY,森戸酒造,1
10885,4,2023,,第1位 (Gold 1st),Organic,,130,2688,verified,0.98,,,SAKE COMPETITION,Organic,株式会社八木酒造部,1
10886,5,2021,,金賞 (Gold Award),Rakes,,244,7197,verified,0.98,,,ワイングラスでおいしい日本酒アワード (Fine Sake Awards Japan),Rakes,合資会社基山商店,1
10887,3,2022,,グランプリ (Grand Prix),Ryon,,203,1129,verified,0.98,,,全米日本酒歓評会 (U.S. National Sake Appraisal),Ryon,若宮酒造株式会社,0
10888,3,2020,,グランプリ (Grand Prix),SAKUTA,,208,,verified,0.98,,,全米日本酒歓評会 (U.S. National Sake Appraisal),SAKUTA,（株）盛田庄兵衛,0
10889,3,2022,,金賞 (Gold Award),SHUSHU Light,,215,614,verified,0.98,,,全米日本酒歓評会 (U.S. National Sake Appraisal),SHUSHU Light,沢の鶴株式会社,1
10890,4,2023,,第2位 (Gold 2nd),SUSTAINABLE CHALLENGE300,,215,614,verified,0.98,,,SAKE COMPETITION,SUSTAINABLE CHALLENGE300,沢の鶴株式会社,1
10891,5,2022,,最高金賞 (Grand Gold),Type-FY2,,238,982,verified,0.98,,,ワイングラスでおいしい日本酒アワード (Fine Sake Awards Japan),Type-FY2,若波酒造 合名会社,1
10892,3,2022,,銀賞 (Silver Award),Velvet,,244,7197,verified,0.98,,,全米日本酒歓評会 (U.S. National Sake Appraisal),Velvet,合資会社基山商店,0
10893,4,2025,,第3位 (Gold 3rd),WANOTSUKI,,246,,verified,0.98,,,SAKE COMPETITION,WANOTSUKI,（有）月の輪酒造店,1
10894,4,2024,,第2位 (Gold 2nd),X3,,250,539,verified,0.98,,,SAKE COMPETITION,X3,合名会社秋田富士酒造店,1
10895,5,2023,,金賞 (Gold Award),YUFUDAKE,,251,,verified,0.98,,,ワイングラスでおいしい日本酒アワード (Fine Sake Awards Japan),YUFUDAKE,小野酒造（有）,1
10896,3,2020,,銀賞 (Silver Award),Yuzu Omoi,,254,1155,verified,0.98,,,全米日本酒歓評会 (U.S. National Sake Appraisal),Yuzu Omoi,株式会社山本本家,0
10897,3,2023,,銀賞 (Silver Award),ZERO,,256,6988,verified,0.98,,,全米日本酒歓評会 (U.S. National Sake Appraisal),ZERO,白嶽酒造株式会社,0
10898,4,2024,,銀賞 (Silver),afs,,257,4298,verified,0.98,,,SAKE COMPETITION,afs,木戸泉酒造,0
10899,4,2024,,銀賞 (Silver),h(エイチ),,3199,966,verified,0.98,,,SAKE COMPETITION,h(エイチ),比翼鶴酒造 株式会社,0
10900,3,2022,,グランプリ (Grand Prix),あたごのまつ,,95,4702,verified,0.98,,,全米日本酒歓評会 (U.S. National Sake Appraisal),あたごのまつ,新澤醸造店,0
10901,3,2024,,銀賞 (Silver Award),あの花,,3178,2487,verified,0.98,,,全米日本酒歓評会 (U.S. National Sake Appraisal),あの花,武甲酒造株式会社,0
10902,5,2024,,最高金賞 (Grand Gold),あべ,,4750,237,verified,0.98,,,ワイングラスでおいしい日本酒アワード (Fine Sake Awards Japan),あべ,阿部酒造株式会社,1
10903,2,2022,,Commended (推奨),あやめさけ,,297,538,verified,0.98,,,IWC (International Wine Challenge) SAKE部門,あやめさけ,寿酒造株式会社,0
10904,3,2023,,金賞 (Gold Award),あら玉,,5195,,verified,0.98,,,全米日本酒歓評会 (U.S. National Sake Appraisal),あら玉,和田酒造（資）,1
10905,5,2024,,金賞 (Gold Award),あら玉 純米吟醸 啓翁桜,,5195,,verified,0.98,,,ワイングラスでおいしい日本酒アワード (Fine Sake Awards Japan),あら玉 純米吟醸 啓翁桜,和田酒造（資）,1
10906,4,2024,,第2位 (Gold 2nd),いも美,,318,6896,verified,0.98,,,SAKE COMPETITION,いも美,寿海酒造株式会社,1
10907,3,2023,,金賞 (Gold Award),いわお,,1892,6535,verified,0.98,,,全米日本酒歓評会 (U.S. National Sake Appraisal),いわお,高井株式会社,1
10908,5,2025,,金賞 (Gold Award),いわき郷,,324,112,verified,0.98,,,ワイングラスでおいしい日本酒アワード (Fine Sake Awards Japan),いわき郷,合名会社 四家酒造店,1
10909,5,2025,,金賞 (Gold Award),うきは,,121,992,verified,0.98,,,ワイングラスでおいしい日本酒アワード (Fine Sake Awards Japan),うきは,株式会社 いそのさわ,1
10910,5,2021,,金賞 (Gold Award),うとうと。純米酒,,328,5589,verified,0.98,,,ワイングラスでおいしい日本酒アワード (Fine Sake Awards Japan),うとうと。純米酒,小豆島酒造株式会社,1
10911,5,2024,,最高金賞 (Grand Gold),おしゅん,,4111,,verified,0.98,,,ワイングラスでおいしい日本酒アワード (Fine Sake Awards Japan),おしゅん,亀の井酒造（株）,1
10912,4,2022,,第2位 (Gold 2nd),お福正宗,,10906,269,verified,0.98,,,SAKE COMPETITION,お福正宗,お福酒造株式会社,1
10913,3,2021,,金賞 (Gold Award),かかみ野,,371,,verified,0.98,,,全米日本酒歓評会 (U.S. National Sake Appraisal),かかみ野,小町酒造（株）,1
10914,3,2022,,銀賞 (Silver Award),かくれい,,373,287,verified,0.98,,,全米日本酒歓評会 (U.S. National Sake Appraisal),かくれい,青木酒造株式会社,0
10915,3,2020,,銀賞 (Silver Award),かっぱ,,4031,,verified,0.98,,,全米日本酒歓評会 (U.S. National Sake Appraisal),かっぱ,米鶴酒造（株）,0
10916,5,2021,,金賞 (Gold Award),かんなびの里,,395,7364,verified,0.98,,,ワイングラスでおいしい日本酒アワード (Fine Sake Awards Japan),かんなびの里,小島酒造店,1
10917,4,2023,,金賞 (Gold),きたのはな,,9910,81,verified,0.98,,,SAKE COMPETITION,きたのはな,合資会社 喜多の華酒造場,1
10918,5,2024,,最高金賞 (Grand Gold),くろさわ,,413,,verified,0.98,,,ワイングラスでおいしい日本酒アワード (Fine Sake Awards Japan),くろさわ,黒澤酒造（株）,1
10919,4,2025,,第2位 (Gold 2nd),さくら浪漫,,435,676,verified,0.98,,,SAKE COMPETITION,さくら浪漫,キング醸造株式会社,1
10920,3,2020,,銀賞 (Silver Award),さやか,,447,6072,verified,0.98,,,全米日本酒歓評会 (U.S. National Sake Appraisal),さやか,銀盤酒造株式会社,0
10921,4,2023,,第1位 (Gold 1st),しげます 大吟醸生原酒,,453,952,verified,0.98,,,SAKE COMPETITION,しげます 大吟醸生原酒,株式会社 高橋商店,1
10922,4,2024,,第2位 (Gold 2nd),しずくしぼり大吟醸 麓寿泉,,454,943,verified,0.98,,,SAKE COMPETITION,しずくしぼり大吟醸 麓寿泉,勝屋酒造 合名会社,1
10923,3,2020,,銀賞 (Silver Award),しぜんしゅ,,455,129,verified,0.98,,,全米日本酒歓評会 (U.S. National Sake Appraisal),しぜんしゅ,有限会社 仁井田本家,0
10924,5,2021,,最高金賞 (Grand Gold),しぼりたて生原酒,,454,943,verified,0.98,,,ワイングラスでおいしい日本酒アワード (Fine Sake Awards Japan),しぼりたて生原酒,勝屋酒造 合名会社,1
10925,5,2021,,最高金賞 (Grand Gold),しゃばだ,,836,4281,verified,0.98,,,ワイングラスでおいしい日本酒アワード (Fine Sake Awards Japan),しゃばだ,合同酒精株式会社,1
10926,2,2022,,Gold Medal (金賞),しゅムリエ,,466,6047,verified,0.98,,,IWC (International Wine Challenge) SAKE部門,しゅムリエ,㈱本家松浦酒造場,1
10927,3,2024,,金賞 (Gold Award),しろがっぱ,,469,,verified,0.98,,,全米日本酒歓評会 (U.S. National Sake Appraisal),しろがっぱ,戸塚酒造（株）,1
10928,2,2024,,Commended (推奨),すてら,,489,,verified,0.98,,,IWC (International Wine Challenge) SAKE部門,すてら,(株)稲葉酒造,0
10929,4,2025,,第3位 (Gold 3rd),せきのいち,,790,,verified,0.98,,,SAKE COMPETITION,せきのいち,世嬉の一酒造（株）,1
10930,3,2024,,銀賞 (Silver Award),せせらぎ,,493,,verified,0.98,,,全米日本酒歓評会 (U.S. National Sake Appraisal),せせらぎ,平野醸造（資）,0
10931,3,2024,,銀賞 (Silver Award),それがし,,501,122,verified,0.98,,,全米日本酒歓評会 (U.S. National Sake Appraisal),それがし,合資会社 大和川酒造店,0
10932,4,2024,,金賞 (Gold),たからやま,,505,252,verified,0.98,,,SAKE COMPETITION,たからやま,たからやま醸造株式会社,1
10933,2,2023,,Commended (推奨),たまの慶,,508,1852,verified,0.98,,,IWC (International Wine Challenge) SAKE部門,たまの慶,石川酒造株式会社,0
10934,3,2024,,グランプリ (Grand Prix),だちゅー,,10103,107,verified,0.98,,,全米日本酒歓評会 (U.S. National Sake Appraisal),だちゅー,花泉酒造 株式会社,0
10935,4,2022,,銀賞 (Silver),だんない,,512,666,verified,0.98,,,SAKE COMPETITION,だんない,神結酒造株式会社,0
10936,3,2023,,銀賞 (Silver Award),て、咲く,,580,1918,verified,0.98,,,全米日本酒歓評会 (U.S. National Sake Appraisal),て、咲く,株式会社はつもみぢ,0
10937,3,2021,,グランプリ (Grand Prix),なごやか,,551,,verified,0.98,,,全米日本酒歓評会 (U.S. National Sake Appraisal),なごやか,(株)武勇,0
10938,5,2022,,最高金賞 (Grand Gold),なでしこ,,553,6990,verified,0.98,,,ワイングラスでおいしい日本酒アワード (Fine Sake Awards Japan),なでしこ,壱岐の蔵酒造株式会社,1
10939,3,2022,,銀賞 (Silver Award),なま生,,557,6164,verified,0.98,,,全米日本酒歓評会 (U.S. National Sake Appraisal),なま生,山梨銘醸株式会社,0
10940,5,2023,,金賞 (Gold Award),はつもみぢ,,580,1918,verified,0.98,,,ワイングラスでおいしい日本酒アワード (Fine Sake Awards Japan),はつもみぢ,株式会社はつもみぢ,1
10941,5,2024,,金賞 (Gold Award),ぱんだ祭り,,590,7126,verified,0.98,,,ワイングラスでおいしい日本酒アワード (Fine Sake Awards Japan),ぱんだ祭り,矢野酒造株式会社,1
10942,2,2025,,Gold Medal (金賞),ひこ孫 純米大吟醸,,594,2486,verified,0.98,,,IWC (International Wine Challenge) SAKE部門,ひこ孫 純米大吟醸,神亀酒造株式会社,1
10943,5,2025,,最高金賞 (Grand Gold),ひだほまれ,,597,,verified,0.98,,,ワイングラスでおいしい日本酒アワード (Fine Sake Awards Japan),ひだほまれ,天領酒造（株）,1
10944,3,2021,,銀賞 (Silver Award),ひだ正宗,,599,2160,verified,0.98,,,全米日本酒歓評会 (U.S. National Sake Appraisal),ひだ正宗,川尻酒造場,0
10945,4,2025,,第3位 (Gold 3rd),ひとすじ,,600,,verified,0.98,,,SAKE COMPETITION,ひとすじ,和田龍酒造（株）,1
10946,2,2023,,Gold Medal (金賞),ひめの凜,,610,2681,verified,0.98,,,IWC (International Wine Challenge) SAKE部門,ひめの凜,梅錦山川株式会社,1
10947,2,2022,,Commended (推奨),びびび。本醸造,,328,5589,verified,0.98,,,IWC (International Wine Challenge) SAKE部門,びびび。本醸造,小豆島酒造株式会社,0
10948,2,2023,,Silver Medal (銀賞),ふかもり,,617,,verified,0.98,,,IWC (International Wine Challenge) SAKE部門,ふかもり,山内酒造（株）,0
10949,5,2022,,最高金賞 (Grand Gold),ふくしま春空,,619,78,verified,0.98,,,ワイングラスでおいしい日本酒アワード (Fine Sake Awards Japan),ふくしま春空,花春酒造 株式会社,1
10950,4,2024,,銀賞 (Silver),ほの香,,634,1132,verified,0.98,,,SAKE COMPETITION,ほの香,大石酒造株式会社,0
10951,5,2022,,金賞 (Gold Award),みかんちゅ,,653,1841,verified,0.98,,,ワイングラスでおいしい日本酒アワード (Fine Sake Awards Japan),みかんちゅ,浜松酒造株式会社,1
10952,4,2025,,第3位 (Gold 3rd),めぐる,,669,1386,verified,0.98,,,SAKE COMPETITION,めぐる,水谷酒造株式会社,1
10953,4,2024,,銀賞 (Silver),めだかの宿,,1994,220,verified,0.98,,,SAKE COMPETITION,めだかの宿,新潟銘醸株式会社,0
10954,2,2022,,Gold Medal (金賞),やまねこ,,256,6988,verified,0.98,,,IWC (International Wine Challenge) SAKE部門,やまねこ,白嶽酒造株式会社,1
10955,2,2023,,Commended (推奨),ゆきのまゆ,,11139,294,verified,0.98,,,IWC (International Wine Challenge) SAKE部門,ゆきのまゆ,苗場酒造株式会社,0
10956,3,2020,,銀賞 (Silver Award),ゆず兵衛,,693,,verified,0.98,,,全米日本酒歓評会 (U.S. National Sake Appraisal),ゆず兵衛,（有）舩坂酒造店,0
10957,2,2023,,SAKE Trophy (世界1位),ゆり,,4966,2242,verified,0.98,,,IWC (International Wine Challenge) SAKE部門,ゆり,株式会社福光屋,1
10958,3,2021,,グランプリ (Grand Prix),よかいち,,705,625,verified,0.98,,,全米日本酒歓評会 (U.S. National Sake Appraisal),よかいち,宝酒造株式会社,0
10959,4,2022,,第2位 (Gold 2nd),ゑなのほまれ,,728,,verified,0.98,,,SAKE COMPETITION,ゑなのほまれ,岩村醸造（株）,1
10960,3,2024,,グランプリ (Grand Prix),アイスブレーカー,,731,1121,verified,0.98,,,全米日本酒歓評会 (U.S. National Sake Appraisal),アイスブレーカー,木下酒造有限会社,0
10961,4,2023,,第2位 (Gold 2nd),アチャラパ天国,,733,,verified,0.98,,,SAKE COMPETITION,アチャラパ天国,磐乃井酒造（株）,1
10962,2,2021,,Gold Medal (金賞),カマヤ,,119,677,verified,0.98,,,IWC (International Wine Challenge) SAKE部門,カマヤ,株式会社日本の古酒蔵,1
10963,4,2023,,第1位 (Gold 1st),カルイワノイ,,733,,verified,0.98,,,SAKE COMPETITION,カルイワノイ,磐乃井酒造（株）,1
10964,3,2020,,グランプリ (Grand Prix),クラビトノウタ,,18605,5784,verified,0.98,,,全米日本酒歓評会 (U.S. National Sake Appraisal),クラビトノウタ,株式会社中本酒造店,0
10965,5,2024,,金賞 (Gold Award),コウノトリ育むお酒,,11814,627,verified,0.98,,,ワイングラスでおいしい日本酒アワード (Fine Sake Awards Japan),コウノトリ育むお酒,櫻正宗株式会社,1
10966,2,2025,,Silver Medal (銀賞),コバトンビール,,4183,2492,verified,0.98,,,IWC (International Wine Challenge) SAKE部門,コバトンビール,麻原酒造株式会社,0
10967,3,2024,,銀賞 (Silver Award),コーヒースペシャリテ,,771,989,verified,0.98,,,全米日本酒歓評会 (U.S. National Sake Appraisal),コーヒースペシャリテ,株式会社 天盃,0
10968,2,2024,,Gold Medal (金賞),サワードッグ,,779,550,verified,0.98,,,IWC (International Wine Challenge) SAKE部門,サワードッグ,福乃友酒造株式会社,1
10969,5,2023,,金賞 (Gold Award),スキー正宗,,785,217,verified,0.98,,,ワイングラスでおいしい日本酒アワード (Fine Sake Awards Japan),スキー正宗,株式会社武蔵野酒造,1
10970,2,2024,,SAKE Trophy (世界1位),スパークリング日本酒 喜多屋スパークリング AWA SAK,,789,945,verified,0.98,,,IWC (International Wine Challenge) SAKE部門,スパークリング日本酒 喜多屋スパークリング AWA SAK,株式会社 喜多屋,1
10971,4,2022,,第2位 (Gold 2nd),スパークリング清酒,,790,,verified,0.98,,,SAKE COMPETITION,スパークリング清酒,世嬉の一酒造（株）,1
10972,4,2022,,金賞 (Gold),タクシードライバー,,794,,verified,0.98,,,SAKE COMPETITION,タクシードライバー,喜久盛酒造（株）,1
10973,4,2024,,第1位 (Gold 1st),ツメタク,,802,678,verified,0.98,,,SAKE COMPETITION,ツメタク,小西酒造株式会社,1
10974,4,2023,,第1位 (Gold 1st),ナリマサ,,119,677,verified,0.98,,,SAKE COMPETITION,ナリマサ,株式会社日本の古酒蔵,1
10975,4,2024,,第3位 (Gold 3rd),ニセコ蝦夷富士,,7601,211,verified,0.98,,,SAKE COMPETITION,ニセコ蝦夷富士,八海醸造株式会社,1
10976,3,2023,,グランプリ (Grand Prix),ニッポンプレミアム,,836,4281,verified,0.98,,,全米日本酒歓評会 (U.S. National Sake Appraisal),ニッポンプレミアム,合同酒精株式会社,0
10977,2,2025,,SAKE Trophy (世界1位),ヌップシル,,813,36,verified,0.98,,,IWC (International Wine Challenge) SAKE部門,ヌップシル,喜久水酒造合資会社,1
10978,2,2022,,Gold Medal (金賞),ビキニ娘,,844,,verified,0.98,,,IWC (International Wine Challenge) SAKE部門,ビキニ娘,三浦酒造（株）,1
10979,2,2024,,Silver Medal (銀賞),ピオン,,823,,verified,0.98,,,IWC (International Wine Challenge) SAKE部門,ピオン,白牡丹酒造（株）,0
10980,5,2023,,最高金賞 (Grand Gold),フモトヰ 純大吟雪女神,,829,,verified,0.98,,,ワイングラスでおいしい日本酒アワード (Fine Sake Awards Japan),フモトヰ 純大吟雪女神,麓井酒造（株）,1
10981,3,2021,,銀賞 (Silver Award),マイィ グラン・クリュ,,836,4281,verified,0.98,,,全米日本酒歓評会 (U.S. National Sake Appraisal),マイィ グラン・クリュ,合同酒精株式会社,0
10982,5,2022,,金賞 (Gold Award),ミツボシ,,840,,verified,0.98,,,ワイングラスでおいしい日本酒アワード (Fine Sake Awards Japan),ミツボシ,（株）岡本亀太郎本店,1
10983,3,2024,,グランプリ (Grand Prix),ミライザケ,,841,4617,verified,0.98,,,全米日本酒歓評会 (U.S. National Sake Appraisal),ミライザケ,株式会社金井酒造店,0
10984,2,2021,,Commended (推奨),モヒカン娘,,844,,verified,0.98,,,IWC (International Wine Challenge) SAKE部門,モヒカン娘,三浦酒造（株）,0
10985,4,2025,,銀賞 (Silver),ヤマサン正宗,,5923,7296,verified,0.98,,,SAKE COMPETITION,ヤマサン正宗,株式会社酒持田本店,0
10986,2,2022,,Silver Medal (銀賞),ヨサムスメ,,850,1125,verified,0.98,,,IWC (International Wine Challenge) SAKE部門,ヨサムスメ,与謝娘酒造合名会社,0
10987,2,2024,,Gold Medal (金賞),ラッキーキャッツ,,855,299,verified,0.98,,,IWC (International Wine Challenge) SAKE部門,ラッキーキャッツ,株式会社越後鶴亀,1
10988,3,2024,,金賞 (Gold Award),ロ万,,10103,107,verified,0.98,,,全米日本酒歓評会 (U.S. National Sake Appraisal),ロ万,花泉酒造 株式会社,1
10989,2,2023,,Gold Medal (金賞),一,,83,,verified,0.98,,,IWC (International Wine Challenge) SAKE部門,一,賀茂泉酒造（株）,1
10990,5,2023,,金賞 (Gold Award),一念不動,,8447,1409,verified,0.98,,,ワイングラスでおいしい日本酒アワード (Fine Sake Awards Japan),一念不動,関谷醸造株式会社,1
10991,5,2021,,金賞 (Gold Award),一望千里,,6549,7204,verified,0.98,,,ワイングラスでおいしい日本酒アワード (Fine Sake Awards Japan),一望千里,鳴滝酒造株式会社,1
10992,4,2022,,第1位 (Gold 1st),一期一会,,891,3193,verified,0.98,,,SAKE COMPETITION,一期一会,赤磐酒造,1
10993,5,2021,,最高金賞 (Grand Gold),一生幸福 大吟醸,,901,,verified,0.98,,,ワイングラスでおいしい日本酒アワード (Fine Sake Awards Japan),一生幸福 大吟醸,（株）鈴木酒造店 長井蔵,1
10994,3,2021,,金賞 (Gold Award),一番流 特別本醸造,,121,992,verified,0.98,,,全米日本酒歓評会 (U.S. National Sake Appraisal),一番流 特別本醸造,株式会社 いそのさわ,1
10995,4,2024,,第1位 (Gold 1st),七人の侍,,916,,verified,0.98,,,SAKE COMPETITION,七人の侍,田端酒造（株）,1
10996,5,2023,,金賞 (Gold Award),七代目姫野,,917,6900,verified,0.98,,,ワイングラスでおいしい日本酒アワード (Fine Sake Awards Japan),七代目姫野,姫泉酒造合資会社,1
10997,4,2025,,第3位 (Gold 3rd),七水,,924,7357,verified,0.98,,,SAKE COMPETITION,七水,虎屋本店,1
10998,2,2025,,Silver Medal (銀賞),七田,,4069,7202,verified,0.98,,,IWC (International Wine Challenge) SAKE部門,七田,天山酒造株式会社,0
10999,2,2021,,Silver Medal (銀賞),三つ柏,,6667,253,verified,0.98,,,IWC (International Wine Challenge) SAKE部門,三つ柏,柏露酒造株式会社,0
11000,4,2025,,第2位 (Gold 2nd),三春五万石,,958,108,verified,0.98,,,SAKE COMPETITION,三春五万石,三春酒造 株式会社,1
11001,5,2025,,金賞 (Gold Award),三重,,4829,,verified,0.98,,,ワイングラスでおいしい日本酒アワード (Fine Sake Awards Japan),三重,中山酒造(株),1
11002,2,2023,,Gold Medal (金賞),上げ馬,,983,,verified,0.98,,,IWC (International Wine Challenge) SAKE部門,上げ馬,細川酒造(株),1
11003,3,2022,,銀賞 (Silver Award),上善如水 純米吟醸,,10397,216,verified,0.98,,,全米日本酒歓評会 (U.S. National Sake Appraisal),上善如水 純米吟醸,白瀧酒造株式会社,0
11004,3,2022,,金賞 (Gold Award),上喜元 限定大吟醸 しずく採り,,993,,verified,0.98,,,全米日本酒歓評会 (U.S. National Sake Appraisal),上喜元 限定大吟醸 しずく採り,酒田酒造（株）,1
11005,4,2023,,金賞 (Gold),上撰,,998,,verified,0.98,,,SAKE COMPETITION,上撰,畠山酒造(株),1
11006,3,2024,,金賞 (Gold Award),上撰黒松 能鷹,,1003,212,verified,0.98,,,全米日本酒歓評会 (U.S. National Sake Appraisal),上撰黒松 能鷹,田中酒造株式会社,1
11007,3,2024,,銀賞 (Silver Award),不二若竹,,1009,,verified,0.98,,,全米日本酒歓評会 (U.S. National Sake Appraisal),不二若竹,相原酒造（株）,0
11008,5,2025,,最高金賞 (Grand Gold),不滅の巨人,,1011,,verified,0.98,,,ワイングラスでおいしい日本酒アワード (Fine Sake Awards Japan),不滅の巨人,（株）市野屋,1
11009,4,2025,,第2位 (Gold 2nd),与謝娘,,850,1125,verified,0.98,,,SAKE COMPETITION,与謝娘,与謝娘酒造合名会社,1
11010,5,2024,,最高金賞 (Grand Gold),中州,,121,992,verified,0.98,,,ワイングラスでおいしい日本酒アワード (Fine Sake Awards Japan),中州,株式会社 いそのさわ,1
11011,2,2022,,Silver Medal (銀賞),中秋の風花,,993,,verified,0.98,,,IWC (International Wine Challenge) SAKE部門,中秋の風花,酒田酒造（株）,0
11012,4,2025,,第2位 (Gold 2nd),丹の国,,203,1129,verified,0.98,,,SAKE COMPETITION,丹の国,若宮酒造株式会社,1
11013,5,2023,,最高金賞 (Grand Gold),丹波美酒,,1037,659,verified,0.98,,,ワイングラスでおいしい日本酒アワード (Fine Sake Awards Japan),丹波美酒,株式会社西山酒造場,1
11014,3,2022,,銀賞 (Silver Award),久保田,,1046,298,verified,0.98,,,全米日本酒歓評会 (U.S. National Sake Appraisal),久保田,朝日酒造株式会社,0
11015,4,2022,,第3位 (Gold 3rd),久寿玉,,1048,,verified,0.98,,,SAKE COMPETITION,久寿玉,（有）平瀬酒造店,1
11016,5,2024,,最高金賞 (Grand Gold),乗丹坊,,6009,119,verified,0.98,,,ワイングラスでおいしい日本酒アワード (Fine Sake Awards Japan),乗丹坊,磐梯酒造 株式会社,1
11017,4,2025,,第3位 (Gold 3rd),九々鱗,,1711,3233,verified,0.98,,,SAKE COMPETITION,九々鱗,長龍酒造 株式会社,1
11018,4,2025,,銀賞 (Silver),九州男児 本醸造,,4485,944,verified,0.98,,,SAKE COMPETITION,九州男児 本醸造,菊美人酒造 株式会社,0
11019,5,2025,,金賞 (Gold Award),九重桜 五百万石純米吟醸 無濾過生酒,,1074,2498,verified,0.98,,,ワイングラスでおいしい日本酒アワード (Fine Sake Awards Japan),九重桜 五百万石純米吟醸 無濾過生酒,大瀧酒造株式会社,1
11020,5,2022,,最高金賞 (Grand Gold),九重桜 純米酒,,1074,2498,verified,0.98,,,ワイングラスでおいしい日本酒アワード (Fine Sake Awards Japan),九重桜 純米酒,大瀧酒造株式会社,1
11021,4,2025,,第3位 (Gold 3rd),九頭龍,,1079,,verified,0.98,,,SAKE COMPETITION,九頭龍,黒龍酒造(株),1
11022,3,2023,,グランプリ (Grand Prix),乾坤一,,1081,4717,verified,0.98,,,全米日本酒歓評会 (U.S. National Sake Appraisal),乾坤一,大沼酒造店,0
11023,3,2024,,銀賞 (Silver Award),亀の翁,,1090,235,verified,0.98,,,全米日本酒歓評会 (U.S. National Sake Appraisal),亀の翁,久須美酒造株式会社,0
11024,2,2022,,Commended (推奨),亀甲花菱 特別純米酒,,1100,111,verified,0.98,,,IWC (International Wine Challenge) SAKE部門,亀甲花菱 特別純米酒,清水酒造株式会社,0
11025,4,2022,,第3位 (Gold 3rd),亀鶴,,5770,,verified,0.98,,,SAKE COMPETITION,亀鶴,初桜酒造（株）,1
11026,3,2024,,銀賞 (Silver Award),事無笑酒,,1107,,verified,0.98,,,全米日本酒歓評会 (U.S. National Sake Appraisal),事無笑酒,(株)一本義久保本店,0
11027,2,2023,,SAKE Trophy (世界1位),二波山松緑,,1117,,verified,0.98,,,IWC (International Wine Challenge) SAKE部門,二波山松緑,(株)笹目宗兵衛商店,1
11028,4,2025,,第1位 (Gold 1st),五十嵐,,2138,2503,verified,0.98,,,SAKE COMPETITION,五十嵐,五十嵐酒造株式会社,1
11029,3,2023,,金賞 (Gold Award),五条大橋,,1127,1135,verified,0.98,,,全米日本酒歓評会 (U.S. National Sake Appraisal),五条大橋,羽田酒造有限会社,1
11030,3,2024,,グランプリ (Grand Prix),井乃頭,,1139,,verified,0.98,,,全米日本酒歓評会 (U.S. National Sake Appraisal),井乃頭,春日酒造（株）,0
11031,4,2022,,銀賞 (Silver),井筒屋伊兵衛,,1140,1143,verified,0.98,,,SAKE COMPETITION,井筒屋伊兵衛,齊藤酒造株式会社,0
11032,2,2022,,Silver Medal (銀賞),京の香梅,,254,1155,verified,0.98,,,IWC (International Wine Challenge) SAKE部門,京の香梅,株式会社山本本家,0
11033,2,2024,,Gold Medal (金賞),亮,,1838,4614,verified,0.98,,,IWC (International Wine Challenge) SAKE部門,亮,中沢酒造株式会社,1
11034,4,2025,,第3位 (Gold 3rd),人気一,,6963,126,verified,0.98,,,SAKE COMPETITION,人気一,人気酒造 株式会社,1
11035,4,2022,,銀賞 (Silver),人魚の涙,,794,,verified,0.98,,,SAKE COMPETITION,人魚の涙,喜久盛酒造（株）,0
11036,2,2023,,SAKE Trophy (世界1位),仁喜多津 大吟醸酒,,1172,2691,verified,0.98,,,IWC (International Wine Challenge) SAKE部門,仁喜多津 大吟醸酒,水口酒造株式会社,1
11037,5,2022,,金賞 (Gold Award),仙亀,,594,2486,verified,0.98,,,ワイングラスでおいしい日本酒アワード (Fine Sake Awards Japan),仙亀,神亀酒造株式会社,1
11038,5,2023,,金賞 (Gold Award),仙勲,,4247,265,verified,0.98,,,ワイングラスでおいしい日本酒アワード (Fine Sake Awards Japan),仙勲,美峰酒類株式会社新潟支社,1
11039,5,2025,,金賞 (Gold Award),伊勢,,1203,,verified,0.98,,,ワイングラスでおいしい日本酒アワード (Fine Sake Awards Japan),伊勢,(株)タカハシ酒造,1
11040,2,2023,,Commended (推奨),伊勢の銘酒鬼ころし,,1205,,verified,0.98,,,IWC (International Wine Challenge) SAKE部門,伊勢の銘酒鬼ころし,寒紅梅酒造(株),0
11041,3,2022,,グランプリ (Grand Prix),伊藤,,256,6988,verified,0.98,,,全米日本酒歓評会 (U.S. National Sake Appraisal),伊藤,白嶽酒造株式会社,0
11042,3,2024,,銀賞 (Silver Award),伊豆山々,,1216,1850,verified,0.98,,,全米日本酒歓評会 (U.S. National Sake Appraisal),伊豆山々,富士錦酒造株式会社,0
11043,4,2025,,第1位 (Gold 1st),会津中将,,7885,80,verified,0.98,,,SAKE COMPETITION,会津中将,鶴乃江酒造 株式会社,1
11044,5,2025,,金賞 (Gold Award),会津男山,,1232,131,verified,0.98,,,ワイングラスでおいしい日本酒アワード (Fine Sake Awards Japan),会津男山,合資会社 男山酒造店,1
11045,5,2022,,最高金賞 (Grand Gold),伝承 大吟醸,,121,992,verified,0.98,,,ワイングラスでおいしい日本酒アワード (Fine Sake Awards Japan),伝承 大吟醸,株式会社 いそのさわ,1
11046,2,2021,,Gold Medal (金賞),伝衛門,,1237,273,verified,0.98,,,IWC (International Wine Challenge) SAKE部門,伝衛門,株式会社越後伝衛門,1
11047,2,2021,,Silver Medal (銀賞),倉敷小町,,2891,3205,verified,0.98,,,IWC (International Wine Challenge) SAKE部門,倉敷小町,菊池酒造,0
11048,3,2020,,金賞 (Gold Award),僧房酒,,1292,3234,verified,0.98,,,全米日本酒歓評会 (U.S. National Sake Appraisal),僧房酒,西條合資会社,1
11049,5,2024,,金賞 (Gold Award),元朝,,1296,3235,verified,0.98,,,ワイングラスでおいしい日本酒アワード (Fine Sake Awards Japan),元朝,寺田酒造有限会社,1
11050,3,2024,,金賞 (Gold Award),元禄美人,,836,4281,verified,0.98,,,全米日本酒歓評会 (U.S. National Sake Appraisal),元禄美人,合同酒精株式会社,1
11051,2,2025,,Gold Medal (金賞),光節,,1307,546,verified,0.98,,,IWC (International Wine Challenge) SAKE部門,光節,両関酒造株式会社,1
11052,3,2021,,銀賞 (Silver Award),入魂の技,,1310,243,verified,0.98,,,全米日本酒歓評会 (U.S. National Sake Appraisal),入魂の技,笹祝酒造株式会社,0
11053,5,2022,,金賞 (Gold Award),八一,,1312,256,verified,0.98,,,ワイングラスでおいしい日本酒アワード (Fine Sake Awards Japan),八一,葵酒造株式会社,1
11054,2,2023,,Silver Medal (銀賞),八千万年の雫,,1317,91,verified,0.98,,,IWC (International Wine Challenge) SAKE部門,八千万年の雫,有限会社 玄葉本店,0
11055,5,2022,,金賞 (Gold Award),八幡川,,2124,263,verified,0.98,,,ワイングラスでおいしい日本酒アワード (Fine Sake Awards Japan),八幡川,魚沼酒造株式会社,1
11056,4,2023,,第3位 (Gold 3rd),八潮,,1328,,verified,0.98,,,SAKE COMPETITION,八潮,中井酒造（株）,1
11057,2,2022,,Gold Medal (金賞),八賢士,,5729,,verified,0.98,,,IWC (International Wine Challenge) SAKE部門,八賢士,元帥酒造（株）,1
11058,5,2024,,最高金賞 (Grand Gold),八重垣,,12063,651,verified,0.98,,,ワイングラスでおいしい日本酒アワード (Fine Sake Awards Japan),八重垣,ヤヱガキ酒造株式会社,1
11059,4,2022,,第2位 (Gold 2nd),八鹿,,2171,646,verified,0.98,,,SAKE COMPETITION,八鹿,八鹿酒造,1
11060,3,2024,,グランプリ (Grand Prix),冷やおろし,,3167,964,verified,0.98,,,全米日本酒歓評会 (U.S. National Sake Appraisal),冷やおろし,林酒造場,0
11061,4,2025,,銀賞 (Silver),凌雲,,2669,7283,verified,0.98,,,SAKE COMPETITION,凌雲,株式会社桑原酒場,0
11062,3,2024,,グランプリ (Grand Prix),凌駕,,10469,221,verified,0.98,,,全米日本酒歓評会 (U.S. National Sake Appraisal),凌駕,株式会社松乃井酒造場,0
11063,3,2023,,グランプリ (Grand Prix),凛,,2259,2708,verified,0.98,,,全米日本酒歓評会 (U.S. National Sake Appraisal),凛,株式会社媛囃子,0
11064,5,2021,,金賞 (Gold Award),凛美,,5266,641,verified,0.98,,,ワイングラスでおいしい日本酒アワード (Fine Sake Awards Japan),凛美,都美人酒造株式会社,1
11065,4,2022,,第1位 (Gold 1st),出世男 大吟醸,,1386,5788,verified,0.98,,,SAKE COMPETITION,出世男 大吟醸,河合酒造 株式会社,1
11066,5,2023,,最高金賞 (Grand Gold),出羽の冨士 天之美禄 大吟醸,,1388,88,verified,0.98,,,ワイングラスでおいしい日本酒アワード (Fine Sake Awards Japan),出羽の冨士 天之美禄 大吟醸,株式会社佐藤酒造店,1
11067,2,2024,,Silver Medal (銀賞),刈穂 山廃純米超辛口 +12,,1410,532,verified,0.98,,,IWC (International Wine Challenge) SAKE部門,刈穂 山廃純米超辛口 +12,刈穂酒造株式会社,0
11068,4,2024,,第2位 (Gold 2nd),初亀,,1415,1855,verified,0.98,,,SAKE COMPETITION,初亀,初亀醸造株式会社,1
11069,5,2022,,最高金賞 (Grand Gold),初夢,,1848,,verified,0.98,,,ワイングラスでおいしい日本酒アワード (Fine Sake Awards Japan),初夢,今村酒造(株),1
11070,2,2025,,Commended (推奨),初孫,,1425,,verified,0.98,,,IWC (International Wine Challenge) SAKE部門,初孫,東北銘醸（株）,0
11071,2,2024,,Commended (推奨),初孫 大吟醸,,1425,,verified,0.98,,,IWC (International Wine Challenge) SAKE部門,初孫 大吟醸,東北銘醸（株）,0
11072,3,2021,,金賞 (Gold Award),初孫 雪女神 純米大吟醸,,1425,,verified,0.98,,,全米日本酒歓評会 (U.S. National Sake Appraisal),初孫 雪女神 純米大吟醸,東北銘醸（株）,1
11073,3,2022,,銀賞 (Silver Award),初桜,,5770,,verified,0.98,,,全米日本酒歓評会 (U.S. National Sake Appraisal),初桜,初桜酒造（株）,0
11074,4,2024,,金賞 (Gold),初陣 特撰大吟醸津和野,,1443,7298,verified,0.98,,,SAKE COMPETITION,初陣 特撰大吟醸津和野,古橋酒造株式会社,1
11075,5,2025,,最高金賞 (Grand Gold),利休梅,,1452,3232,verified,0.98,,,ワイングラスでおいしい日本酒アワード (Fine Sake Awards Japan),利休梅,大門酒造株式会社,1
11076,5,2021,,金賞 (Gold Award),剣菱,,3134,618,verified,0.98,,,ワイングラスでおいしい日本酒アワード (Fine Sake Awards Japan),剣菱,剣菱酒造株式会社,1
11077,5,2021,,最高金賞 (Grand Gold),創家 大坂屋,,1462,638,verified,0.98,,,ワイングラスでおいしい日本酒アワード (Fine Sake Awards Japan),創家 大坂屋,大関株式会社,1
11078,3,2020,,グランプリ (Grand Prix),加茂五葉 生貯蔵 なま,,1471,3223,verified,0.98,,,全米日本酒歓評会 (U.S. National Sake Appraisal),加茂五葉 生貯蔵 なま,多胡本家酒造場,0
11079,4,2022,,金賞 (Gold),勇心 純米大吟醸 生酒,,1491,5591,verified,0.98,,,SAKE COMPETITION,勇心 純米大吟醸 生酒,勇心酒造株式会社,1
11080,4,2025,,銀賞 (Silver),勝保,,21609,298,verified,0.98,,,SAKE COMPETITION,勝保,朝日酒造株式会社,0
11081,5,2025,,最高金賞 (Grand Gold),北の誉,,836,4281,verified,0.98,,,ワイングラスでおいしい日本酒アワード (Fine Sake Awards Japan),北の誉,合同酒精株式会社,1
11082,2,2024,,SAKE Trophy (世界1位),北乃風雪,,1515,227,verified,0.98,,,IWC (International Wine Challenge) SAKE部門,北乃風雪,朝妻酒造株式会社,1
11083,3,2021,,金賞 (Gold Award),北信流,,2902,,verified,0.98,,,全米日本酒歓評会 (U.S. National Sake Appraisal),北信流,（株）松葉屋本店,1
11084,5,2021,,金賞 (Gold Award),北光正宗,,1517,,verified,0.98,,,ワイングラスでおいしい日本酒アワード (Fine Sake Awards Japan),北光正宗,（株）角口酒造店,1
11085,5,2021,,最高金賞 (Grand Gold),北安大國,,1523,,verified,0.98,,,ワイングラスでおいしい日本酒アワード (Fine Sake Awards Japan),北安大國,北安醸造（株）,1
11086,5,2021,,最高金賞 (Grand Gold),北斗随想,,1527,947,verified,0.98,,,ワイングラスでおいしい日本酒アワード (Fine Sake Awards Japan),北斗随想,小林酒造株式会社,1
11087,5,2025,,金賞 (Gold Award),北酒場,,1535,7342,verified,0.98,,,ワイングラスでおいしい日本酒アワード (Fine Sake Awards Japan),北酒場,北関酒造,1
11088,2,2024,,SAKE Trophy (世界1位),匠,,8377,1139,verified,0.98,,,IWC (International Wine Challenge) SAKE部門,匠,株式会社京姫酒造,1
11089,2,2021,,Gold Medal (金賞),十一代,,254,1155,verified,0.98,,,IWC (International Wine Challenge) SAKE部門,十一代,株式会社 山本本家,1
11090,2,2022,,Gold Medal (金賞),十五番,,1549,538,verified,0.98,,,IWC (International Wine Challenge) SAKE部門,十五番,福禄寿酒造株式会社,1
11091,3,2021,,グランプリ (Grand Prix),十和田 八幡平,,1561,540,verified,0.98,,,全米日本酒歓評会 (U.S. National Sake Appraisal),十和田 八幡平,千歳盛酒造株式会社,0
11092,3,2021,,グランプリ (Grand Prix),十旭日,,3612,7286,verified,0.98,,,全米日本酒歓評会 (U.S. National Sake Appraisal),十旭日,旭日酒造有限会社,0
11093,4,2022,,第1位 (Gold 1st),千代の光,,1575,286,verified,0.98,,,SAKE COMPETITION,千代の光,千代の光酒造株式会社,1
11094,4,2025,,金賞 (Gold),千代乃花,,1583,,verified,0.98,,,SAKE COMPETITION,千代乃花,杉原酒造（株）,1
11095,4,2025,,第2位 (Gold 2nd),千古乃岩,,1593,,verified,0.98,,,SAKE COMPETITION,千古乃岩,千古乃岩酒造（株）,1
11096,2,2024,,Silver Medal (銀賞),千寿,,1598,3197,verified,0.98,,,IWC (International Wine Challenge) SAKE部門,千寿,高祖酒造,0
11097,3,2023,,銀賞 (Silver Award),千年乃松 上撰・千歳,,1601,956,verified,0.98,,,全米日本酒歓評会 (U.S. National Sake Appraisal),千年乃松 上撰・千歳,株式会社 千歳乃松,0
11098,2,2025,,Silver Medal (銀賞),千徳,,1605,6868,verified,0.98,,,IWC (International Wine Challenge) SAKE部門,千徳,千徳酒造株式会社,0
11099,4,2022,,金賞 (Gold),千徳純米酒,,1605,6868,verified,0.98,,,SAKE COMPETITION,千徳純米酒,千徳酒造株式会社,1
11100,3,2024,,グランプリ (Grand Prix),千歳 大吟醸,,1601,956,verified,0.98,,,全米日本酒歓評会 (U.S. National Sake Appraisal),千歳 大吟醸,株式会社 千歳乃松,0
11101,4,2025,,第3位 (Gold 3rd),千歳鶴,,1611,6556,verified,0.98,,,SAKE COMPETITION,千歳鶴,日本清酒株式会社,1
11102,3,2022,,銀賞 (Silver Award),千瓢,,669,1386,verified,0.98,,,全米日本酒歓評会 (U.S. National Sake Appraisal),千瓢,水谷酒造株式会社,0
11103,4,2025,,第2位 (Gold 2nd),千羽鶴,,1615,649,verified,0.98,,,SAKE COMPETITION,千羽鶴,名城酒造株式会社,1
11104,4,2025,,第1位 (Gold 1st),千駒,,1618,79,verified,0.98,,,SAKE COMPETITION,千駒,千駒酒造 株式会社,1
11105,4,2023,,銀賞 (Silver),南,,3535,6741,verified,0.98,,,SAKE COMPETITION,南,南酒造場,0
11106,5,2024,,最高金賞 (Grand Gold),博多練酒,,1645,981,verified,0.98,,,ワイングラスでおいしい日本酒アワード (Fine Sake Awards Japan),博多練酒,株式会社 若竹屋酒造場,1
11107,5,2022,,金賞 (Gold Award),原蔵,,1714,113,verified,0.98,,,ワイングラスでおいしい日本酒アワード (Fine Sake Awards Japan),原蔵,名倉山酒造 株式会社,1
11108,5,2025,,金賞 (Gold Award),又兵衛 720ml,,5487,940,verified,0.98,,,ワイングラスでおいしい日本酒アワード (Fine Sake Awards Japan),又兵衛 720ml,大里酒造 株式会社,1
11109,3,2022,,グランプリ (Grand Prix),古代米 赤米酒,,1664,631,verified,0.98,,,全米日本酒歓評会 (U.S. National Sake Appraisal),古代米 赤米酒,野田酒造 株式会社,0
11110,2,2022,,Silver Medal (銀賞),古熟,,1107,,verified,0.98,,,IWC (International Wine Challenge) SAKE部門,古熟,(株)一本義久保本店,0
11111,2,2024,,Silver Medal (銀賞),古鷹,,3501,,verified,0.98,,,IWC (International Wine Challenge) SAKE部門,古鷹,江田島銘醸（株）,0
11112,3,2022,,銀賞 (Silver Award),右近,,5138,5800,verified,0.98,,,全米日本酒歓評会 (U.S. National Sake Appraisal),右近,芳村酒造 株式会社,0
11113,2,2024,,Commended (推奨),司牡丹,,6214,6754,verified,0.98,,,IWC (International Wine Challenge) SAKE部門,司牡丹,司牡丹酒造,0
11114,4,2023,,第1位 (Gold 1st),吉乃川,,1694,274,verified,0.98,,,SAKE COMPETITION,吉乃川,吉乃川株式会社,1
11115,3,2022,,金賞 (Gold Award),吉野杉の樽酒,,1711,3233,verified,0.98,,,全米日本酒歓評会 (U.S. National Sake Appraisal),吉野杉の樽酒,長龍酒造 株式会社,1
11116,2,2023,,Gold Medal (金賞),名倉山,,1714,113,verified,0.98,,,IWC (International Wine Challenge) SAKE部門,名倉山,名倉山酒造 株式会社,1
11117,3,2020,,銀賞 (Silver Award),君萬代（きみばんだい）,,1731,,verified,0.98,,,全米日本酒歓評会 (U.S. National Sake Appraisal),君萬代（きみばんだい）,(株)田中酒造店,0
11118,4,2025,,第2位 (Gold 2nd),吟の瞳,,789,945,verified,0.98,,,SAKE COMPETITION,吟の瞳,株式会社 喜多屋,1
11119,5,2022,,金賞 (Gold Award),吟仕込み米焼酎 まゆり,,1735,976,verified,0.98,,,ワイングラスでおいしい日本酒アワード (Fine Sake Awards Japan),吟仕込み米焼酎 まゆり,柳川酒造 株式会社,1
11120,3,2022,,グランプリ (Grand Prix),吾有事,,1761,,verified,0.98,,,全米日本酒歓評会 (U.S. National Sake Appraisal),吾有事,奥羽自慢（株）,0
11121,2,2025,,Silver Medal (銀賞),呼友,,21609,298,verified,0.98,,,IWC (International Wine Challenge) SAKE部門,呼友,朝日酒造株式会社,0
11122,5,2024,,最高金賞 (Grand Gold),和の果のしずく,,1771,6011,verified,0.98,,,ワイングラスでおいしい日本酒アワード (Fine Sake Awards Japan),和の果のしずく,株式会社福井弥平商店,1
11123,3,2020,,銀賞 (Silver Award),和ら麦,,12784,987,verified,0.98,,,全米日本酒歓評会 (U.S. National Sake Appraisal),和ら麦,株式会社 楽丸酒造,0
11124,3,2020,,金賞 (Gold Award),和韻,,1786,7303,verified,0.98,,,全米日本酒歓評会 (U.S. National Sake Appraisal),和韻,株式会社岡田屋本店,1
11125,5,2023,,最高金賞 (Grand Gold),善哉,,1798,,verified,0.98,,,ワイングラスでおいしい日本酒アワード (Fine Sake Awards Japan),善哉,善哉酒造（株）,1
11126,3,2021,,金賞 (Gold Award),善次郎,,1800,4289,verified,0.98,,,全米日本酒歓評会 (U.S. National Sake Appraisal),善次郎,和蔵酒造貞元蔵,1
11127,4,2025,,第3位 (Gold 3rd),喜久醉,,1812,1851,verified,0.98,,,SAKE COMPETITION,喜久醉,青島酒造株式会社,1
11128,2,2023,,Commended (推奨),喜多屋,,789,945,verified,0.98,,,IWC (International Wine Challenge) SAKE部門,喜多屋,株式会社 喜多屋,0
11129,5,2021,,金賞 (Gold Award),喜量能,,1825,231,verified,0.98,,,ワイングラスでおいしい日本酒アワード (Fine Sake Awards Japan),喜量能,畑酒造有限会社,1
11130,5,2021,,最高金賞 (Grand Gold),嘉六,,2849,978,verified,0.98,,,ワイングラスでおいしい日本酒アワード (Fine Sake Awards Japan),嘉六,森山酒造 株式会社,1
11131,4,2022,,第3位 (Gold 3rd),四季の箱根,,1838,4614,verified,0.98,,,SAKE COMPETITION,四季の箱根,中沢酒造株式会社,1
11132,5,2022,,最高金賞 (Grand Gold),国ノ春,,1848,,verified,0.98,,,ワイングラスでおいしい日本酒アワード (Fine Sake Awards Japan),国ノ春,今村酒造(株),1
11133,4,2025,,第1位 (Gold 1st),国菊,,1852,948,verified,0.98,,,SAKE COMPETITION,国菊,株式会社 篠崎,1
11134,2,2023,,SAKE Trophy (世界1位),國,,1939,124,verified,0.98,,,IWC (International Wine Challenge) SAKE部門,國,国権酒造 株式会社,1
11135,2,2024,,Gold Medal (金賞),國華の薫,,3346,,verified,0.98,,,IWC (International Wine Challenge) SAKE部門,國華の薫,上閉伊酒造（株）,1
11136,2,2023,,Commended (推奨),土地の詩,,1873,1862,verified,0.98,,,IWC (International Wine Challenge) SAKE部門,土地の詩,萩錦酒造株式会社,0
11137,4,2023,,第1位 (Gold 1st),土遊野,,8741,6076,verified,0.98,,,SAKE COMPETITION,土遊野,株式会社桝田酒造店,1
11138,3,2023,,銀賞 (Silver Award),堀の井,,18256,533,verified,0.98,,,全米日本酒歓評会 (U.S. National Sake Appraisal),堀の井,高橋酒造店,0
11139,5,2025,,最高金賞 (Grand Gold),堀仙江輪,,1890,1922,verified,0.98,,,ワイングラスでおいしい日本酒アワード (Fine Sake Awards Japan),堀仙江輪,有限会社堀江酒場,1
11140,4,2023,,第3位 (Gold 3rd),堀越二郎,,1892,6535,verified,0.98,,,SAKE COMPETITION,堀越二郎,高井株式会社,1
11141,2,2023,,SAKE Trophy (世界1位),壱岐っ娘,,553,6990,verified,0.98,,,IWC (International Wine Challenge) SAKE部門,壱岐っ娘,壱岐の蔵酒造株式会社,1
11142,2,2022,,Gold Medal (金賞),夏呼の酒,,6105,4706,verified,0.98,,,IWC (International Wine Challenge) SAKE部門,夏呼の酒,川敬商店,1
11143,5,2021,,最高金賞 (Grand Gold),夏蔵舞,,1919,1120,verified,0.98,,,ワイングラスでおいしい日本酒アワード (Fine Sake Awards Japan),夏蔵舞,竹野酒造有限会社,1
11144,2,2022,,Silver Medal (銀賞),外伝,,1922,238,verified,0.98,,,IWC (International Wine Challenge) SAKE部門,外伝,河忠酒造株式会社,0
11145,3,2020,,グランプリ (Grand Prix),外池AUTHENTIC,,1923,7340,verified,0.98,,,全米日本酒歓評会 (U.S. National Sake Appraisal),外池AUTHENTIC,外池酒造店,0
11146,4,2022,,第1位 (Gold 1st),夜明け前,,1930,,verified,0.98,,,SAKE COMPETITION,夜明け前,（株）小野酒造店,1
11147,3,2021,,銀賞 (Silver Award),夢の香,,1939,124,verified,0.98,,,全米日本酒歓評会 (U.S. National Sake Appraisal),夢の香,国権酒造 株式会社,0
11148,2,2025,,Gold Medal (金賞),夢一杯,,1941,,verified,0.98,,,IWC (International Wine Challenge) SAKE部門,夢一杯,伊藤酒造(株),1
11149,2,2021,,Gold Medal (金賞),夢乃寒梅,,1942,1385,verified,0.98,,,IWC (International Wine Challenge) SAKE部門,夢乃寒梅,鶴見酒造株式会社,1
11150,4,2022,,第1位 (Gold 1st),夢見草,,1956,3,verified,0.98,,,SAKE COMPETITION,夢見草,伊東株式会社,1
11151,5,2023,,金賞 (Gold Award),大いばり,,1961,,verified,0.98,,,ワイングラスでおいしい日本酒アワード (Fine Sake Awards Japan),大いばり,若葉（株）,1
11152,3,2024,,銀賞 (Silver Award),大典白菊,,2005,3218,verified,0.98,,,全米日本酒歓評会 (U.S. National Sake Appraisal),大典白菊,白菊酒造株式会社,0
11153,5,2022,,最高金賞 (Grand Gold),大吟醸 しずく搾り,,453,952,verified,0.98,,,ワイングラスでおいしい日本酒アワード (Fine Sake Awards Japan),大吟醸 しずく搾り,株式会社 高橋商店,1
11154,4,2025,,第1位 (Gold 1st),大吟醸 壷天,,1980,,verified,0.98,,,SAKE COMPETITION,大吟醸 壷天,男山酒造（株）,1
11155,3,2023,,銀賞 (Silver Award),大吟醸 川波,,1983,933,verified,0.98,,,全米日本酒歓評会 (U.S. National Sake Appraisal),大吟醸 川波,池亀酒造 株式会社,0
11156,4,2022,,第1位 (Gold 1st),大吟醸 極醸 喜多屋,,789,945,verified,0.98,,,SAKE COMPETITION,大吟醸 極醸 喜多屋,株式会社 喜多屋,1
11157,2,2024,,Gold Medal (金賞),大吟醸 箱入娘,,453,952,verified,0.98,,,IWC (International Wine Challenge) SAKE部門,大吟醸 箱入娘,株式会社 高橋商店,1
11158,2,2022,,Commended (推奨),大吟醸 美禄長者盛,,1994,220,verified,0.98,,,IWC (International Wine Challenge) SAKE部門,大吟醸 美禄長者盛,新潟銘醸株式会社,0
11159,4,2025,,第3位 (Gold 3rd),大吟醸 興譲,,100,,verified,0.98,,,SAKE COMPETITION,大吟醸 興譲,浜田（株）,1
11160,4,2022,,第2位 (Gold 2nd),大吟醸 蕨岡延年の舞,,5196,,verified,0.98,,,SAKE COMPETITION,大吟醸 蕨岡延年の舞,（資）杉勇蕨岡酒造場,1
11161,2,2021,,Gold Medal (金賞),大吟醸 連理,,3199,966,verified,0.98,,,IWC (International Wine Challenge) SAKE部門,大吟醸 連理,比翼鶴酒造 株式会社,1
11162,5,2024,,金賞 (Gold Award),大吟醸 金の蔵,,2001,,verified,0.98,,,ワイングラスでおいしい日本酒アワード (Fine Sake Awards Japan),大吟醸 金の蔵,（株）オードヴィ庄内,1
11163,4,2025,,第2位 (Gold 2nd),大吟醸 雄町,,2002,,verified,0.98,,,SAKE COMPETITION,大吟醸 雄町,寿虎屋酒造（株）,1
11164,4,2022,,第1位 (Gold 1st),大吟醸 国重,,2003,5590,verified,0.98,,,SAKE COMPETITION,大吟醸 国重,綾菊酒造株式会社,1
11165,4,2022,,銀賞 (Silver),大吟醸 重陽,,2003,5590,verified,0.98,,,SAKE COMPETITION,大吟醸 重陽,綾菊酒造株式会社,0
11166,4,2022,,第2位 (Gold 2nd),大吟醸「大典白菊」,,2005,3218,verified,0.98,,,SAKE COMPETITION,大吟醸「大典白菊」,白菊酒造株式会社,1
11167,4,2023,,第3位 (Gold 3rd),大吟醸宮の雪,,7089,,verified,0.98,,,SAKE COMPETITION,大吟醸宮の雪,(株)宮﨑本店,1
11168,5,2025,,金賞 (Gold Award),大吟醸梅酒 吟の梅,,1735,976,verified,0.98,,,ワイングラスでおいしい日本酒アワード (Fine Sake Awards Japan),大吟醸梅酒 吟の梅,柳川酒造 株式会社,1
11169,5,2022,,最高金賞 (Grand Gold),大吟醸華泉,,2012,7302,verified,0.98,,,ワイングラスでおいしい日本酒アワード (Fine Sake Awards Japan),大吟醸華泉,合資会社石州酒造,1
11170,2,2022,,Gold Medal (金賞),大吟醸越後桜,,8092,218,verified,0.98,,,IWC (International Wine Challenge) SAKE部門,大吟醸越後桜,越後桜酒造株式会社,1
11171,5,2021,,金賞 (Gold Award),大吟醸酒,,3996,955,verified,0.98,,,ワイングラスでおいしい日本酒アワード (Fine Sake Awards Japan),大吟醸酒,筑紫の誉酒造 株式会社,1
11172,2,2021,,SAKE Trophy (世界1位),大吟醸雫酒 「飛翔天」,,2016,2491,verified,0.98,,,IWC (International Wine Challenge) SAKE部門,大吟醸雫酒 「飛翔天」,寒梅酒造株式会社,1
11173,4,2022,,第1位 (Gold 1st),大和楽,,6425,2713,verified,0.98,,,SAKE COMPETITION,大和楽,宇都宮酒造株式会社,1
11174,5,2024,,金賞 (Gold Award),大和郡山,,2022,5786,verified,0.98,,,ワイングラスでおいしい日本酒アワード (Fine Sake Awards Japan),大和郡山,中谷酒造 株式会社,1
11175,5,2023,,最高金賞 (Grand Gold),大唐津,,6549,7204,verified,0.98,,,ワイングラスでおいしい日本酒アワード (Fine Sake Awards Japan),大唐津,鳴滝酒造株式会社,1
11176,3,2022,,グランプリ (Grand Prix),大天狗,,10225,123,verified,0.98,,,全米日本酒歓評会 (U.S. National Sake Appraisal),大天狗,大天狗酒造 株式会社,0
11177,5,2024,,最高金賞 (Grand Gold),大峰山,,2032,5804,verified,0.98,,,ワイングラスでおいしい日本酒アワード (Fine Sake Awards Japan),大峰山,藤村酒造 株式会社,1
11178,5,2025,,金賞 (Gold Award),大浦の玄米焼酎,,2052,6877,verified,0.98,,,ワイングラスでおいしい日本酒アワード (Fine Sake Awards Japan),大浦の玄米焼酎,大浦酒造株式会社,1
11179,3,2024,,銀賞 (Silver Award),大番,,15715,2707,verified,0.98,,,全米日本酒歓評会 (U.S. National Sake Appraisal),大番,西本酒造株式会社,0
11180,3,2023,,グランプリ (Grand Prix),大納川,,11196,526,verified,0.98,,,全米日本酒歓評会 (U.S. National Sake Appraisal),大納川,株式会社大納川,0
11181,4,2023,,銀賞 (Silver),大門,,1452,3232,verified,0.98,,,SAKE COMPETITION,大門,大門酒造株式会社,0
11182,5,2021,,最高金賞 (Grand Gold),大雪渓,,2073,,verified,0.98,,,ワイングラスでおいしい日本酒アワード (Fine Sake Awards Japan),大雪渓,大雪渓酒造（株）,1
11183,3,2024,,金賞 (Gold Award),大鬼,,6990,1126,verified,0.98,,,全米日本酒歓評会 (U.S. National Sake Appraisal),大鬼,ハクレイ酒造株式会社,1
11184,3,2021,,グランプリ (Grand Prix),天上夢幻,,17523,4708,verified,0.98,,,全米日本酒歓評会 (U.S. National Sake Appraisal),天上夢幻,中勇酒造店,0
11185,4,2023,,第3位 (Gold 3rd),天仁 原酒,,2091,2482,verified,0.98,,,SAKE COMPETITION,天仁 原酒,株式会社横関酒造店,1
11186,5,2022,,最高金賞 (Grand Gold),天明,,2109,120,verified,0.98,,,ワイングラスでおいしい日本酒アワード (Fine Sake Awards Japan),天明,曙酒造 株式会社,1
11187,2,2023,,Gold Medal (金賞),天涼,,597,,verified,0.98,,,IWC (International Wine Challenge) SAKE部門,天涼,天領酒造（株）,1
11188,4,2022,,金賞 (Gold),天狗舞,,5982,2248,verified,0.98,,,SAKE COMPETITION,天狗舞,株式会社車多酒造,1
11189,4,2022,,第1位 (Gold 1st),天瓢,,6122,,verified,0.98,,,SAKE COMPETITION,天瓢,岩手銘醸（株）,1
11190,5,2022,,金賞 (Gold Award),天神囃子,,2124,263,verified,0.98,,,ワイングラスでおいしい日本酒アワード (Fine Sake Awards Japan),天神囃子,魚沼酒造株式会社,1
11191,5,2022,,最高金賞 (Grand Gold),天空,,114,616,verified,0.98,,,ワイングラスでおいしい日本酒アワード (Fine Sake Awards Japan),天空,白鶴酒造株式会社,1
11192,2,2023,,Silver Medal (銀賞),天舎,,2132,2709,verified,0.98,,,IWC (International Wine Challenge) SAKE部門,天舎,名門サカイ株式会社,0
11193,3,2021,,銀賞 (Silver Award),天虹,,13729,1848,verified,0.98,,,全米日本酒歓評会 (U.S. National Sake Appraisal),天虹,株式会社駿河酒造場,0
11194,5,2024,,最高金賞 (Grand Gold),天覧山 純米酒直汲み,,2138,2503,verified,0.98,,,ワイングラスでおいしい日本酒アワード (Fine Sake Awards Japan),天覧山 純米酒直汲み,五十嵐酒造株式会社,1
11195,3,2023,,金賞 (Gold Award),天野酒,,1292,3234,verified,0.98,,,全米日本酒歓評会 (U.S. National Sake Appraisal),天野酒,西條合資会社,1
11196,5,2021,,最高金賞 (Grand Gold),天鷹,,20224,7362,verified,0.98,,,ワイングラスでおいしい日本酒アワード (Fine Sake Awards Japan),天鷹,天鷹酒造,1
11197,3,2022,,グランプリ (Grand Prix),太冠 大吟醸,,2157,6166,verified,0.98,,,全米日本酒歓評会 (U.S. National Sake Appraisal),太冠 大吟醸,太冠酒造株式会社,0
11198,5,2024,,金賞 (Gold Award),太平山 純米大吟醸 天巧,,2160,547,verified,0.98,,,ワイングラスでおいしい日本酒アワード (Fine Sake Awards Japan),太平山 純米大吟醸 天巧,小玉醸造株式会社,1
11199,5,2023,,金賞 (Gold Award),太陽色のひととき,,2168,6565,verified,0.98,,,ワイングラスでおいしい日本酒アワード (Fine Sake Awards Japan),太陽色のひととき,福司酒造株式会社,1
11200,2,2023,,SAKE Trophy (世界1位),夫婦杉 自然米酒,,2171,646,verified,0.98,,,IWC (International Wine Challenge) SAKE部門,夫婦杉 自然米酒,八鹿酒造有限会社,1
11201,5,2025,,金賞 (Gold Award),奈良萬,,2176,93,verified,0.98,,,ワイングラスでおいしい日本酒アワード (Fine Sake Awards Japan),奈良萬,夢心酒造 株式会社,1
11202,4,2025,,第1位 (Gold 1st),奥の松,,8041,86,verified,0.98,,,SAKE COMPETITION,奥の松,奥の松酒造 株式会社,1
11203,5,2022,,最高金賞 (Grand Gold),奥州安達ケ原,,2188,109,verified,0.98,,,ワイングラスでおいしい日本酒アワード (Fine Sake Awards Japan),奥州安達ケ原,株式会社 檜物屋酒造店,1
11204,5,2024,,最高金賞 (Grand Gold),奥能登の白菊,,2191,2270,verified,0.98,,,ワイングラスでおいしい日本酒アワード (Fine Sake Awards Japan),奥能登の白菊,株式会社白藤酒造店,1
11205,4,2022,,第3位 (Gold 3rd),奥鹿,,2195,3225,verified,0.98,,,SAKE COMPETITION,奥鹿,秋鹿酒造有限会社,1
11206,5,2023,,金賞 (Gold Award),奥鹿之助,,2195,3225,verified,0.98,,,ワイングラスでおいしい日本酒アワード (Fine Sake Awards Japan),奥鹿之助,秋鹿酒造有限会社,1
11207,5,2024,,最高金賞 (Grand Gold),女城主,,728,,verified,0.98,,,ワイングラスでおいしい日本酒アワード (Fine Sake Awards Japan),女城主,岩村醸造（株）,1
11208,2,2025,,SAKE Trophy (世界1位),奴奈川族,,2199,240,verified,0.98,,,IWC (International Wine Challenge) SAKE部門,奴奈川族,田原酒造株式会社,1
11209,5,2023,,金賞 (Gold Award),媛の愛,,6425,2713,verified,0.98,,,ワイングラスでおいしい日本酒アワード (Fine Sake Awards Japan),媛の愛,宇都宮酒造株式会社,1
11210,4,2024,,第3位 (Gold 3rd),媛一会,,2218,2686,verified,0.98,,,SAKE COMPETITION,媛一会,武田酒造株式会社,1
11211,5,2024,,最高金賞 (Grand Gold),宇寿屋,,10532,229,verified,0.98,,,ワイングラスでおいしい日本酒アワード (Fine Sake Awards Japan),宇寿屋,福顔酒造株式会社,1
11212,2,2022,,Gold Medal (金賞),完全焙煎こふくろう,,2239,985,verified,0.98,,,IWC (International Wine Challenge) SAKE部門,完全焙煎こふくろう,博多焼酎 研醸 株式会社,1
11213,2,2021,,Commended (推奨),宗像 特別純米 寿限無,,2242,936,verified,0.98,,,IWC (International Wine Challenge) SAKE部門,宗像 特別純米 寿限無,株式会社 伊豆本店,0
11214,2,2023,,Gold Medal (金賞),宗花,,2249,5985,verified,0.98,,,IWC (International Wine Challenge) SAKE部門,宗花,古川酒造有限会社,1
11215,2,2021,,Commended (推奨),宝泉坊,,2259,2708,verified,0.98,,,IWC (International Wine Challenge) SAKE部門,宝泉坊,株式会社媛囃子,0
11216,2,2022,,Commended (推奨),宮乃舞,,2268,2701,verified,0.98,,,IWC (International Wine Challenge) SAKE部門,宮乃舞,松田酒造株式会社,0
11217,4,2024,,銀賞 (Silver),宮水の華,,11814,627,verified,0.98,,,SAKE COMPETITION,宮水の華,櫻正宗株式会社,0
11218,4,2024,,銀賞 (Silver),富久福,,2283,,verified,0.98,,,SAKE COMPETITION,富久福,結城酒造(株),0
11219,2,2023,,Silver Medal (銀賞),富久錦,,12197,668,verified,0.98,,,IWC (International Wine Challenge) SAKE部門,富久錦,富久錦株式会社,0
11220,3,2024,,金賞 (Gold Award),富士の関,,2292,,verified,0.98,,,全米日本酒歓評会 (U.S. National Sake Appraisal),富士の関,朝日酒造(株),1
11221,2,2023,,Commended (推奨),富士乃関,,2292,,verified,0.98,,,IWC (International Wine Challenge) SAKE部門,富士乃関,朝日酒造(株),0
11222,3,2021,,銀賞 (Silver Award),富士山,,2299,1858,verified,0.98,,,全米日本酒歓評会 (U.S. National Sake Appraisal),富士山,牧野酒造合資会社,0
11223,4,2024,,金賞 (Gold),寒北斗 純米大吟醸 吟遊,,2319,953,verified,0.98,,,SAKE COMPETITION,寒北斗 純米大吟醸 吟遊,寒北斗酒造 株式会社,1
11224,2,2024,,SAKE Trophy (世界1位),寒河江の荘,,4598,,verified,0.98,,,IWC (International Wine Challenge) SAKE部門,寒河江の荘,千代寿虎屋（株）,1
11225,3,2021,,金賞 (Gold Award),寒紅梅の雫,,2329,,verified,0.98,,,全米日本酒歓評会 (U.S. National Sake Appraisal),寒紅梅の雫,吉久保酒造(株),1
11226,3,2023,,金賞 (Gold Award),寛文の雫,,5116,7285,verified,0.98,,,全米日本酒歓評会 (U.S. National Sake Appraisal),寛文の雫,若林酒造有限会社,1
11227,5,2022,,金賞 (Gold Award),寳娘,,2338,635,verified,0.98,,,ワイングラスでおいしい日本酒アワード (Fine Sake Awards Japan),寳娘,大澤本家酒造株式会社,1
11228,5,2024,,金賞 (Gold Award),寿々乃井,,2344,103,verified,0.98,,,ワイングラスでおいしい日本酒アワード (Fine Sake Awards Japan),寿々乃井,株式会社 寿々乃井酒造店,1
11229,3,2022,,グランプリ (Grand Prix),寿亀正宗,,785,217,verified,0.98,,,全米日本酒歓評会 (U.S. National Sake Appraisal),寿亀正宗,株式会社武蔵野酒造,0
11230,2,2022,,Gold Medal (金賞),寿福,,2352,3190,verified,0.98,,,IWC (International Wine Challenge) SAKE部門,寿福,板野酒造場,1
11231,5,2022,,金賞 (Gold Award),射美,,1583,,verified,0.98,,,ワイングラスでおいしい日本酒アワード (Fine Sake Awards Japan),射美,杉原酒造（株）,1
11232,2,2023,,Silver Medal (銀賞),尊徳,,2356,7355,verified,0.98,,,IWC (International Wine Challenge) SAKE部門,尊徳,渡辺佐平商店,0
11233,5,2022,,金賞 (Gold Award),小国桜川 純米吟醸 小国産美山錦,,2364,,verified,0.98,,,ワイングラスでおいしい日本酒アワード (Fine Sake Awards Japan),小国桜川 純米吟醸 小国産美山錦,桜川酒造(株),1
11234,5,2022,,最高金賞 (Grand Gold),小国桜川 純米大吟醸,,2364,,verified,0.98,,,ワイングラスでおいしい日本酒アワード (Fine Sake Awards Japan),小国桜川 純米大吟醸,桜川酒造(株),1
11235,3,2020,,金賞 (Gold Award),小国桜川 純米大吟醸 雪女神 ぶな乃森,,2364,,verified,0.98,,,全米日本酒歓評会 (U.S. National Sake Appraisal),小国桜川 純米大吟醸 雪女神 ぶな乃森,桜川酒造(株),1
11236,4,2022,,銀賞 (Silver),小天狗,,8274,541,verified,0.98,,,SAKE COMPETITION,小天狗,株式会社北鹿,0
11237,2,2021,,SAKE Trophy (世界1位),小山本家 界,,4986,626,verified,0.98,,,IWC (International Wine Challenge) SAKE部門,小山本家 界,株式会社 小山本家酒造,1
11238,2,2023,,SAKE Trophy (世界1位),尾張男山,,2385,1393,verified,0.98,,,IWC (International Wine Challenge) SAKE部門,尾張男山,盛田金しゃち酒造株式会社,1
11239,2,2022,,Commended (推奨),尾根桜,,2386,4113,verified,0.98,,,IWC (International Wine Challenge) SAKE部門,尾根桜,有限会社小澤酒造場,0
11240,2,2025,,SAKE Trophy (世界1位),山に雲が,,2399,6751,verified,0.98,,,IWC (International Wine Challenge) SAKE部門,山に雲が,川澤酒造株式会社,1
11241,2,2021,,SAKE Trophy (世界1位),山の井,,2401,132,verified,0.98,,,IWC (International Wine Challenge) SAKE部門,山の井,会津酒造 株式会社,1
11242,3,2022,,金賞 (Gold Award),山ノ湊,,2407,,verified,0.98,,,全米日本酒歓評会 (U.S. National Sake Appraisal),山ノ湊,（資）山田商店,1
11243,2,2022,,SAKE Trophy (世界1位),山内杜氏,,11196,526,verified,0.98,,,IWC (International Wine Challenge) SAKE部門,山内杜氏,株式会社大納川,1
11244,4,2022,,第2位 (Gold 2nd),山吹鶴,,2418,1915,verified,0.98,,,SAKE COMPETITION,山吹鶴,金光酒造株式会社,1
11245,2,2021,,Gold Medal (金賞),山恵錦,,2427,,verified,0.98,,,IWC (International Wine Challenge) SAKE部門,山恵錦,大塚酒造（株）,1
11246,3,2023,,銀賞 (Silver Award),山猪,,2435,6874,verified,0.98,,,全米日本酒歓評会 (U.S. National Sake Appraisal),山猪,すき酒造株式会社,0
11247,5,2021,,金賞 (Gold Award),山猿,,5868,1924,verified,0.98,,,ワイングラスでおいしい日本酒アワード (Fine Sake Awards Japan),山猿,永山酒造合名会社,1
11248,4,2023,,第1位 (Gold 1st),山猿,,2437,6873,verified,0.98,,,SAKE COMPETITION,山猿,株式会社尾鈴山蒸留所,1
11249,3,2022,,銀賞 (Silver Award),山紫,,15437,258,verified,0.98,,,全米日本酒歓評会 (U.S. National Sake Appraisal),山紫,近藤酒造株式会社,0
11250,2,2022,,SAKE Trophy (世界1位),山背諸白,,2446,1157,verified,0.98,,,IWC (International Wine Challenge) SAKE部門,山背諸白,城陽酒造株式会社,1
11251,5,2021,,金賞 (Gold Award),岡山白桃ワイン,,2459,3211,verified,0.98,,,ワイングラスでおいしい日本酒アワード (Fine Sake Awards Japan),岡山白桃ワイン,妹尾酒造本店,1
11252,5,2021,,最高金賞 (Grand Gold),岩手誉,,6122,,verified,0.98,,,ワイングラスでおいしい日本酒アワード (Fine Sake Awards Japan),岩手誉,岩手銘醸（株）,1
11253,2,2025,,SAKE Trophy (世界1位),岩槻 吟譲,,2464,104,verified,0.98,,,IWC (International Wine Challenge) SAKE部門,岩槻 吟譲,鈴木酒造株式会社,1
11254,3,2022,,金賞 (Gold Award),巌,,1892,6535,verified,0.98,,,全米日本酒歓評会 (U.S. National Sake Appraisal),巌,高井株式会社,1
11255,3,2021,,銀賞 (Silver Award),川亀,,2487,2703,verified,0.98,,,全米日本酒歓評会 (U.S. National Sake Appraisal),川亀,川亀酒造合資会社,0
11256,2,2022,,Commended (推奨),川鶴 吉祥翔鶴,,2496,5594,verified,0.98,,,IWC (International Wine Challenge) SAKE部門,川鶴 吉祥翔鶴,川鶴酒造株式会社,0
11257,5,2025,,最高金賞 (Grand Gold),川鶴 讃岐くらうでぃ,,2496,5594,verified,0.98,,,ワイングラスでおいしい日本酒アワード (Fine Sake Awards Japan),川鶴 讃岐くらうでぃ,川鶴酒造株式会社,1
11258,5,2025,,金賞 (Gold Award),川鶴 金印,,2496,5594,verified,0.98,,,ワイングラスでおいしい日本酒アワード (Fine Sake Awards Japan),川鶴 金印,川鶴酒造株式会社,1
11259,5,2025,,最高金賞 (Grand Gold),左多六,,1561,540,verified,0.98,,,ワイングラスでおいしい日本酒アワード (Fine Sake Awards Japan),左多六,千歳盛酒造株式会社,1
11260,4,2025,,銀賞 (Silver),帝松 山田錦38%精白 特逸品 大吟醸,,2510,2481,verified,0.98,,,SAKE COMPETITION,帝松 山田錦38%精白 特逸品 大吟醸,松岡醸造株式会社,0
11261,4,2024,,銀賞 (Silver),常蔵,,2519,7115,verified,0.98,,,SAKE COMPETITION,常蔵,久家本店,0
11262,4,2025,,銀賞 (Silver),幻の瀧,,19046,6071,verified,0.98,,,SAKE COMPETITION,幻の瀧,皇国晴酒造株式会社,0
11263,2,2024,,SAKE Trophy (世界1位),庭のうぐいす うぐいすラベル 特別純米酒,,2543,979,verified,0.98,,,IWC (International Wine Challenge) SAKE部門,庭のうぐいす うぐいすラベル 特別純米酒,株式会社 山口酒造場,1
11264,2,2023,,Gold Medal (金賞),庭のうぐいす だるまラベル特別純米酒,,2543,979,verified,0.98,,,IWC (International Wine Challenge) SAKE部門,庭のうぐいす だるまラベル特別純米酒,株式会社 山口酒造場,1
11265,5,2025,,最高金賞 (Grand Gold),弁慶岬,,2553,4716,verified,0.98,,,ワイングラスでおいしい日本酒アワード (Fine Sake Awards Japan),弁慶岬,墨廼江酒造,1
11266,4,2025,,第2位 (Gold 2nd),彩葉,,2570,5790,verified,0.98,,,SAKE COMPETITION,彩葉,株式会社 大倉本家,1
11267,4,2024,,第1位 (Gold 1st),御湖鶴,,2589,,verified,0.98,,,SAKE COMPETITION,御湖鶴,磐栄運送（株）諏訪御湖鶴酒造場,1
11268,4,2022,,銀賞 (Silver),御苑,,2592,,verified,0.98,,,SAKE COMPETITION,御苑,（株）酒千蔵野,0
11269,4,2023,,銀賞 (Silver),心月輪,,6414,292,verified,0.98,,,SAKE COMPETITION,心月輪,池浦酒造株式会社,0
11270,4,2023,,金賞 (Gold),恒の月,,2617,1141,verified,0.98,,,SAKE COMPETITION,恒の月,月桂冠株式会社,1
11271,3,2024,,銀賞 (Silver Award),惣邑 純米大吟醸 羽州誉,,2634,,verified,0.98,,,全米日本酒歓評会 (U.S. National Sake Appraisal),惣邑 純米大吟醸 羽州誉,長沼（名）,0
11272,2,2025,,Gold Medal (金賞),惣邑 純米大吟醸 雪女神,,2634,,verified,0.98,,,IWC (International Wine Challenge) SAKE部門,惣邑 純米大吟醸 雪女神,長沼（名）,1
11273,3,2023,,金賞 (Gold Award),戎面,,2649,619,verified,0.98,,,全米日本酒歓評会 (U.S. National Sake Appraisal),戎面,坊垣醸造合名会社,1
11274,2,2022,,SAKE Trophy (世界1位),成田霊水,,2651,4277,verified,0.98,,,IWC (International Wine Challenge) SAKE部門,成田霊水,滝沢本店,1
11275,2,2025,,SAKE Trophy (世界1位),扇正宗,,2660,639,verified,0.98,,,IWC (International Wine Challenge) SAKE部門,扇正宗,今津酒造株式会社,1
11276,2,2023,,SAKE Trophy (世界1位),手づくり,,2661,6888,verified,0.98,,,IWC (International Wine Challenge) SAKE部門,手づくり,古澤醸造合名会社,1
11277,4,2022,,銀賞 (Silver),手取川正宗,,2663,2249,verified,0.98,,,SAKE COMPETITION,手取川正宗,株式会社吉田酒造店,0
11278,3,2021,,グランプリ (Grand Prix),手間暇 純米大吟醸 雪女神,,2668,,verified,0.98,,,全米日本酒歓評会 (U.S. National Sake Appraisal),手間暇 純米大吟醸 雪女神,（株）六歌仙,0
11279,5,2022,,金賞 (Gold Award),扶桑鶴,,2669,7283,verified,0.98,,,ワイングラスでおいしい日本酒アワード (Fine Sake Awards Japan),扶桑鶴,株式会社桑原酒場,1
11280,3,2020,,金賞 (Gold Award),拓ひらく,,5273,228,verified,0.98,,,全米日本酒歓評会 (U.S. National Sake Appraisal),拓ひらく,有限会社加藤酒造店,1
11281,5,2023,,最高金賞 (Grand Gold),招德,,2677,1144,verified,0.98,,,ワイングラスでおいしい日本酒アワード (Fine Sake Awards Japan),招德,招德酒造株式会社,1
11282,3,2024,,金賞 (Gold Award),揖斐川,,1583,,verified,0.98,,,全米日本酒歓評会 (U.S. National Sake Appraisal),揖斐川,杉原酒造（株）,1
11283,2,2025,,Gold Medal (金賞),放心,,733,,verified,0.98,,,IWC (International Wine Challenge) SAKE部門,放心,磐乃井酒造（株）,1
11284,3,2021,,グランプリ (Grand Prix),文佳人,,7249,6747,verified,0.98,,,全米日本酒歓評会 (U.S. National Sake Appraisal),文佳人,アリサワ,0
11285,2,2023,,Gold Medal (金賞),文楽,,60,2490,verified,0.98,,,IWC (International Wine Challenge) SAKE部門,文楽,北西酒造株式会社,1
11286,2,2022,,Silver Medal (銀賞),日光囃子,,20058,7348,verified,0.98,,,IWC (International Wine Challenge) SAKE部門,日光囃子,松井酒造店,0
11287,4,2025,,銀賞 (Silver),日本橋 純米大吟醸,,2737,2510,verified,0.98,,,SAKE COMPETITION,日本橋 純米大吟醸,横田酒造株式会社,0
11288,5,2025,,最高金賞 (Grand Gold),日本橋本醸造 行田育ち,,2737,2510,verified,0.98,,,ワイングラスでおいしい日本酒アワード (Fine Sake Awards Japan),日本橋本醸造 行田育ち,横田酒造株式会社,1
11289,4,2022,,第2位 (Gold 2nd),旭松 純米大吟醸,,2760,932,verified,0.98,,,SAKE COMPETITION,旭松 純米大吟醸,旭松酒造 株式会社,1
11290,4,2024,,第1位 (Gold 1st),旭若松,,2767,6046,verified,0.98,,,SAKE COMPETITION,旭若松,那賀酒造㈲,1
11291,3,2023,,銀賞 (Silver Award),旭菊 大吟醸・雫斗り,,2769,931,verified,0.98,,,全米日本酒歓評会 (U.S. National Sake Appraisal),旭菊 大吟醸・雫斗り,旭菊酒造 株式会社,0
11292,3,2020,,金賞 (Gold Award),明乃鶴,,2783,,verified,0.98,,,全米日本酒歓評会 (U.S. National Sake Appraisal),明乃鶴,力泉酒造(有),1
11293,5,2022,,金賞 (Gold Award),昔むかしのどぶろく,,1735,976,verified,0.98,,,ワイングラスでおいしい日本酒アワード (Fine Sake Awards Japan),昔むかしのどぶろく,柳川酒造 株式会社,1
11294,3,2024,,金賞 (Gold Award),春うらら,,2798,1396,verified,0.98,,,全米日本酒歓評会 (U.S. National Sake Appraisal),春うらら,澤田酒造株式会社,1
11295,3,2021,,金賞 (Gold Award),春の光,,328,5589,verified,0.98,,,全米日本酒歓評会 (U.S. National Sake Appraisal),春の光,小豆島酒造株式会社,1
11296,4,2023,,第1位 (Gold 1st),春夏秋雪,,2805,,verified,0.98,,,SAKE COMPETITION,春夏秋雪,(株)越の磯,1
11297,4,2024,,第2位 (Gold 2nd),春鶯囀,,24453,6167,verified,0.98,,,SAKE COMPETITION,春鶯囀,株式会社萬屋醸造店,1
11298,5,2022,,金賞 (Gold Award),春鹿,,6943,5779,verified,0.98,,,ワイングラスでおいしい日本酒アワード (Fine Sake Awards Japan),春鹿,株式会社 今西清兵衛商店,1
11299,3,2024,,グランプリ (Grand Prix),昴,,705,625,verified,0.98,,,全米日本酒歓評会 (U.S. National Sake Appraisal),昴,宝酒造株式会社,0
11300,3,2024,,グランプリ (Grand Prix),智則,,17754,990,verified,0.98,,,全米日本酒歓評会 (U.S. National Sake Appraisal),智則,吉田酒造株式会社,0
11301,5,2024,,最高金賞 (Grand Gold),曻勢,,3204,1399,verified,0.98,,,ワイングラスでおいしい日本酒アワード (Fine Sake Awards Japan),曻勢,永井治一郎,1
11302,3,2023,,銀賞 (Silver Award),會津宮泉,,8069,128,verified,0.98,,,全米日本酒歓評会 (U.S. National Sake Appraisal),會津宮泉,宮泉銘醸 株式会社,0
11303,5,2022,,金賞 (Gold Award),月と虹,,9951,94,verified,0.98,,,ワイングラスでおいしい日本酒アワード (Fine Sake Awards Japan),月と虹,株式会社 矢澤酒造店,1
11304,2,2025,,SAKE Trophy (世界1位),月の中,,2846,6870,verified,0.98,,,IWC (International Wine Challenge) SAKE部門,月の中,株式会社岩倉酒造,1
11305,3,2022,,グランプリ (Grand Prix),月の井,,2847,,verified,0.98,,,全米日本酒歓評会 (U.S. National Sake Appraisal),月の井,(株)月の井酒造店,0
11306,5,2023,,金賞 (Gold Award),月の桂,,2849,978,verified,0.98,,,ワイングラスでおいしい日本酒アワード (Fine Sake Awards Japan),月の桂,森山酒造 株式会社,1
11307,2,2024,,Gold Medal (金賞),朝日榮,,7239,7343,verified,0.98,,,IWC (International Wine Challenge) SAKE部門,朝日榮,相良酒造,1
11308,3,2020,,銀賞 (Silver Award),朝紫,,2883,,verified,0.98,,,全米日本酒歓評会 (U.S. National Sake Appraisal),朝紫,（株）わしの尾,0
11309,3,2023,,グランプリ (Grand Prix),木村式 奇跡のお酒,,2891,3205,verified,0.98,,,全米日本酒歓評会 (U.S. National Sake Appraisal),木村式 奇跡のお酒,菊池酒造,0
11310,3,2021,,グランプリ (Grand Prix),未来,,3200,6010,verified,0.98,,,全米日本酒歓評会 (U.S. National Sake Appraisal),未来,上原酒造株式会社,0
11311,4,2024,,金賞 (Gold),本吉乃川,,2902,,verified,0.98,,,SAKE COMPETITION,本吉乃川,（株）松葉屋本店,1
11312,2,2025,,SAKE Trophy (世界1位),本格焼酎 龍呑樽貯蔵,,3920,2488,verified,0.98,,,IWC (International Wine Challenge) SAKE部門,本格焼酎 龍呑樽貯蔵,株式会社タイセー秩父菊水酒造所,1
11313,2,2023,,Silver Medal (銀賞),本荘,,8237,528,verified,0.98,,,IWC (International Wine Challenge) SAKE部門,本荘,株式会社 齋彌酒造店,0
11314,2,2021,,Silver Medal (銀賞),朱雀門,,5475,5780,verified,0.98,,,IWC (International Wine Challenge) SAKE部門,朱雀門,奈良豊澤酒造 株式会社,0
11315,5,2021,,金賞 (Gold Award),李空,,2160,547,verified,0.98,,,ワイングラスでおいしい日本酒アワード (Fine Sake Awards Japan),李空,小玉醸造株式会社,1
11316,3,2021,,銀賞 (Silver Award),杜の蔵 純米大吟醸 颯,,2952,977,verified,0.98,,,全米日本酒歓評会 (U.S. National Sake Appraisal),杜の蔵 純米大吟醸 颯,株式会社 杜の蔵,0
11317,3,2021,,銀賞 (Silver Award),杜の蔵 純米大吟醸酒,,2953,977,verified,0.98,,,全米日本酒歓評会 (U.S. National Sake Appraisal),杜の蔵 純米大吟醸酒,株式会社 杜の蔵,0
11318,2,2025,,Commended (推奨),杜氏の舞,,2959,6003,verified,0.98,,,IWC (International Wine Challenge) SAKE部門,杜氏の舞,藤居本家,0
11319,2,2023,,Commended (推奨),杜氏の蔵,,435,676,verified,0.98,,,IWC (International Wine Challenge) SAKE部門,杜氏の蔵,キング醸造株式会社,0
11320,5,2025,,金賞 (Gold Award),東京盛,,2972,1142,verified,0.98,,,ワイングラスでおいしい日本酒アワード (Fine Sake Awards Japan),東京盛,株式会社小山本家酒造京都伏見工場,1
11321,4,2023,,金賞 (Gold),東京酒蔵魂,,2973,1914,verified,0.98,,,SAKE COMPETITION,東京酒蔵魂,中村酒造,1
11322,5,2021,,金賞 (Gold Award),東光,,2976,,verified,0.98,,,ワイングラスでおいしい日本酒アワード (Fine Sake Awards Japan),東光,（株）小嶋総本店,1
11323,3,2024,,銀賞 (Silver Award),東光 純米吟醸 出羽燦々,,2976,,verified,0.98,,,全米日本酒歓評会 (U.S. National Sake Appraisal),東光 純米吟醸 出羽燦々,（株）小嶋総本店,0
11324,4,2024,,銀賞 (Silver),東光 純米吟醸原酒,,2976,,verified,0.98,,,SAKE COMPETITION,東光 純米吟醸原酒,（株）小嶋総本店,0
11325,4,2024,,第2位 (Gold 2nd),東光 純米大吟醸 雪女神,,2976,,verified,0.98,,,SAKE COMPETITION,東光 純米大吟醸 雪女神,（株）小嶋総本店,1
11326,3,2022,,金賞 (Gold Award),東照,,7239,7343,verified,0.98,,,全米日本酒歓評会 (U.S. National Sake Appraisal),東照,相良酒造,1
11327,5,2022,,金賞 (Gold Award),東露（あづまつゆ）,,2997,6978,verified,0.98,,,ワイングラスでおいしい日本酒アワード (Fine Sake Awards Japan),東露（あづまつゆ）,合資会社伊藤酒造場,1
11328,4,2022,,金賞 (Gold),松の翆,,254,1155,verified,0.98,,,SAKE COMPETITION,松の翆,株式会社山本本家,1
11329,2,2021,,Commended (推奨),松乃井,,10469,221,verified,0.98,,,IWC (International Wine Challenge) SAKE部門,松乃井,株式会社松乃井酒造場,0
11330,4,2023,,金賞 (Gold),松美酉,,1838,4614,verified,0.98,,,SAKE COMPETITION,松美酉,中沢酒造株式会社,1
11331,4,2024,,第2位 (Gold 2nd),柏盛,,20041,5260,verified,0.98,,,SAKE COMPETITION,柏盛,片山酒造,1
11332,4,2025,,第3位 (Gold 3rd),柏露,,6667,253,verified,0.98,,,SAKE COMPETITION,柏露,柏露酒造株式会社,1
11333,3,2022,,グランプリ (Grand Prix),栄光冨士,,3045,,verified,0.98,,,全米日本酒歓評会 (U.S. National Sake Appraisal),栄光冨士,冨士酒造（株）,0
11334,3,2020,,銀賞 (Silver Award),栄花,,3048,7114,verified,0.98,,,全米日本酒歓評会 (U.S. National Sake Appraisal),栄花,四ツ谷酒造,0
11335,5,2021,,最高金賞 (Grand Gold),栗林,,3049,544,verified,0.98,,,ワイングラスでおいしい日本酒アワード (Fine Sake Awards Japan),栗林,合名会社 栗林酒造店,1
11336,3,2023,,金賞 (Gold Award),桂川,,3053,6528,verified,0.98,,,全米日本酒歓評会 (U.S. National Sake Appraisal),桂川,栁澤酒造株式会社,1
11337,3,2020,,金賞 (Gold Award),桃の里,,891,3193,verified,0.98,,,全米日本酒歓評会 (U.S. National Sake Appraisal),桃の里,赤磐酒造,1
11338,5,2025,,金賞 (Gold Award),桜吹雪,,3069,,verified,0.98,,,ワイングラスでおいしい日本酒アワード (Fine Sake Awards Japan),桜吹雪,金光酒造（資）,1
11339,4,2025,,第3位 (Gold 3rd),桜玉,,1535,7342,verified,0.98,,,SAKE COMPETITION,桜玉,北関酒造,1
11340,3,2022,,銀賞 (Silver Award),桜花,,3078,6762,verified,0.98,,,全米日本酒歓評会 (U.S. National Sake Appraisal),桜花,花の香酒造株式会社,0
11341,5,2023,,金賞 (Gold Award),桜顔 楽歳,,3080,,verified,0.98,,,ワイングラスでおいしい日本酒アワード (Fine Sake Awards Japan),桜顔 楽歳,（株）桜顔酒造,1
11342,5,2025,,金賞 (Gold Award),桝川 大吟醸,,3083,2509,verified,0.98,,,ワイングラスでおいしい日本酒アワード (Fine Sake Awards Japan),桝川 大吟醸,川端酒造株式会社,1
11343,4,2025,,第2位 (Gold 2nd),桝川 純米原酒,,3083,2509,verified,0.98,,,SAKE COMPETITION,桝川 純米原酒,川端酒造株式会社,1
11344,3,2024,,グランプリ (Grand Prix),梅ヶ枝,,3091,6982,verified,0.98,,,全米日本酒歓評会 (U.S. National Sake Appraisal),梅ヶ枝,梅ヶ枝酒造株式会社,0
11345,2,2022,,SAKE Trophy (世界1位),梅萬,,3106,7110,verified,0.98,,,IWC (International Wine Challenge) SAKE部門,梅萬,藤居醸造,1
11346,5,2022,,最高金賞 (Grand Gold),梅錦,,610,2681,verified,0.98,,,ワイングラスでおいしい日本酒アワード (Fine Sake Awards Japan),梅錦,梅錦山川株式会社,1
11347,2,2022,,Commended (推奨),梅音,,244,7197,verified,0.98,,,IWC (International Wine Challenge) SAKE部門,梅音,合資会社基山商店,0
11348,5,2025,,最高金賞 (Grand Gold),森本,,3120,1863,verified,0.98,,,ワイングラスでおいしい日本酒アワード (Fine Sake Awards Japan),森本,森本酒造合資会社,1
11349,3,2023,,銀賞 (Silver Award),極,,6012,125,verified,0.98,,,全米日本酒歓評会 (U.S. National Sake Appraisal),極,ほまれ酒造 株式会社,0
11350,3,2023,,銀賞 (Silver Award),極上宮の雪,,7089,,verified,0.98,,,全米日本酒歓評会 (U.S. National Sake Appraisal),極上宮の雪,(株)宮﨑本店,0
11351,2,2024,,Silver Medal (銀賞),極雫,,3137,5533,verified,0.98,,,IWC (International Wine Challenge) SAKE部門,極雫,島崎酒造,0
11352,5,2021,,金賞 (Gold Award),榛名山,,2299,1858,verified,0.98,,,ワイングラスでおいしい日本酒アワード (Fine Sake Awards Japan),榛名山,牧野酒造株式会社,1
11353,3,2020,,金賞 (Gold Award),榮川,,3146,96,verified,0.98,,,全米日本酒歓評会 (U.S. National Sake Appraisal),榮川,天鏡株式会社,1
11354,4,2022,,第2位 (Gold 2nd),櫻一文字,,3158,555,verified,0.98,,,SAKE COMPETITION,櫻一文字,櫻酒造株式会社,1
11355,3,2024,,銀賞 (Silver Award),櫻室町,,23716,3194,verified,0.98,,,全米日本酒歓評会 (U.S. National Sake Appraisal),櫻室町,室町酒造,0
11356,2,2024,,Commended (推奨),歓びの絆 純米大吟醸,,3167,964,verified,0.98,,,IWC (International Wine Challenge) SAKE部門,歓びの絆 純米大吟醸,林酒造場,0
11357,3,2022,,銀賞 (Silver Award),武甲正宗 大吟醸,,3178,2487,verified,0.98,,,全米日本酒歓評会 (U.S. National Sake Appraisal),武甲正宗 大吟醸,武甲酒造株式会社,0
11358,5,2025,,最高金賞 (Grand Gold),残草蓬莱,,3190,4618,verified,0.98,,,ワイングラスでおいしい日本酒アワード (Fine Sake Awards Japan),残草蓬莱,大矢孝酒造株式会社,1
11359,2,2022,,SAKE Trophy (世界1位),比翼鶴 大吟醸,,3199,966,verified,0.98,,,IWC (International Wine Challenge) SAKE部門,比翼鶴 大吟醸,比翼鶴酒造 株式会社,1
11360,2,2022,,Commended (推奨),比翼鶴 金冠 超辛口,,3199,966,verified,0.98,,,IWC (International Wine Challenge) SAKE部門,比翼鶴 金冠 超辛口,比翼鶴酒造 株式会社,0
11361,5,2025,,金賞 (Gold Award),比良の誉,,3200,6010,verified,0.98,,,ワイングラスでおいしい日本酒アワード (Fine Sake Awards Japan),比良の誉,上原酒造株式会社,1
11362,3,2020,,グランプリ (Grand Prix),毘びしゃもん,,3203,245,verified,0.98,,,全米日本酒歓評会 (U.S. National Sake Appraisal),毘びしゃもん,鮎正宗酒造株式会社,0
11363,3,2023,,グランプリ (Grand Prix),毘沙門天,,3204,1399,verified,0.98,,,全米日本酒歓評会 (U.S. National Sake Appraisal),毘沙門天,永井治一郎,0
11364,4,2022,,銀賞 (Silver),水尾,,3214,,verified,0.98,,,SAKE COMPETITION,水尾,（株）玉村本店,0
11365,3,2020,,グランプリ (Grand Prix),水月,,3217,3820,verified,0.98,,,全米日本酒歓評会 (U.S. National Sake Appraisal),水月,森喜酒造株式会社,0
11366,3,2023,,グランプリ (Grand Prix),水月,,3218,3824,verified,0.98,,,全米日本酒歓評会 (U.S. National Sake Appraisal),水月,(名)福持酒造場,0
11367,4,2025,,金賞 (Gold),永寳屋,,7885,80,verified,0.98,,,SAKE COMPETITION,永寳屋,鶴乃江酒造 株式会社,1
11368,3,2022,,金賞 (Gold Award),洌 純米大吟醸,,2976,,verified,0.98,,,全米日本酒歓評会 (U.S. National Sake Appraisal),洌 純米大吟醸,（株）小嶋総本店,1
11369,4,2023,,銀賞 (Silver),洒落衛門,,3259,6745,verified,0.98,,,SAKE COMPETITION,洒落衛門,仙頭酒造場,0
11370,5,2022,,金賞 (Gold Award),洗心,,21609,298,verified,0.98,,,ワイングラスでおいしい日本酒アワード (Fine Sake Awards Japan),洗心,朝日酒造株式会社,1
11371,4,2023,,銀賞 (Silver),洛中,,4312,1133,verified,0.98,,,SAKE COMPETITION,洛中,佐々木酒造株式会社,0
11372,5,2021,,最高金賞 (Grand Gold),津島屋,,3264,,verified,0.98,,,ワイングラスでおいしい日本酒アワード (Fine Sake Awards Japan),津島屋,御代桜醸造（株）,1
11373,2,2023,,Silver Medal (銀賞),浜娘,,3276,,verified,0.98,,,IWC (International Wine Challenge) SAKE部門,浜娘,赤武酒造（株）,0
11374,3,2024,,グランプリ (Grand Prix),浦霞No.12,,3280,4699,verified,0.98,,,全米日本酒歓評会 (U.S. National Sake Appraisal),浦霞No.12,佐浦,0
11375,2,2025,,Silver Medal (銀賞),浪花正宗,,3284,3238,verified,0.98,,,IWC (International Wine Challenge) SAKE部門,浪花正宗,浪花酒造有限会社,0
11376,5,2024,,金賞 (Gold Award),海雀,,2132,2709,verified,0.98,,,ワイングラスでおいしい日本酒アワード (Fine Sake Awards Japan),海雀,名門サカイ株式会社,1
11377,4,2025,,第1位 (Gold 1st),海風土,,3295,,verified,0.98,,,SAKE COMPETITION,海風土,（株）今田酒造本店,1
11378,5,2021,,金賞 (Gold Award),涼霞,,3297,,verified,0.98,,,ワイングラスでおいしい日本酒アワード (Fine Sake Awards Japan),涼霞,（株）福来,1
11379,5,2023,,金賞 (Gold Award),清夜,,3314,6764,verified,0.98,,,ワイングラスでおいしい日本酒アワード (Fine Sake Awards Japan),清夜,株式会社美少年,1
11380,4,2024,,第2位 (Gold 2nd),清泉川,,2001,,verified,0.98,,,SAKE COMPETITION,清泉川,（株）オードヴィ庄内,1
11381,2,2022,,Gold Medal (金賞),清洲城信長 鬼ころし,,3322,1375,verified,0.98,,,IWC (International Wine Challenge) SAKE部門,清洲城信長 鬼ころし,清洲桜醸造株式会社,1
11382,2,2025,,Gold Medal (金賞),清酒 「花笑み」「さいき雪正宗」,,3326,7113,verified,0.98,,,IWC (International Wine Challenge) SAKE部門,清酒 「花笑み」「さいき雪正宗」,大地酒造,1
11383,2,2024,,Silver Medal (銀賞),清酒 佐伯飛翔,,3330,7127,verified,0.98,,,IWC (International Wine Challenge) SAKE部門,清酒 佐伯飛翔,ぶんご銘醸,0
11384,3,2024,,グランプリ (Grand Prix),清酒イーハトーブ,,3346,,verified,0.98,,,全米日本酒歓評会 (U.S. National Sake Appraisal),清酒イーハトーブ,上閉伊酒造（株）,0
11385,4,2022,,第3位 (Gold 3rd),清須,,3322,1375,verified,0.98,,,SAKE COMPETITION,清須,清洲桜醸造株式会社,1
11386,5,2024,,最高金賞 (Grand Gold),清鶴,,3351,3230,verified,0.98,,,ワイングラスでおいしい日本酒アワード (Fine Sake Awards Japan),清鶴,清鶴酒造株式会社,1
11387,3,2023,,グランプリ (Grand Prix),渡 舟(わたりぶね),,3357,,verified,0.98,,,全米日本酒歓評会 (U.S. National Sake Appraisal),渡 舟(わたりぶね),府中誉(株),0
11388,4,2025,,第3位 (Gold 3rd),渡辺あさ 山廃,,3360,,verified,0.98,,,SAKE COMPETITION,渡辺あさ 山廃,（有）渡辺酒造店,1
11389,4,2023,,第2位 (Gold 2nd),源作,,3374,4302,verified,0.98,,,SAKE COMPETITION,源作,寒菊銘醸,1
11390,5,2024,,最高金賞 (Grand Gold),源次郎,,3377,6894,verified,0.98,,,ワイングラスでおいしい日本酒アワード (Fine Sake Awards Japan),源次郎,幸蔵酒造株式会社,1
11391,3,2022,,金賞 (Gold Award),潟舟,,10726,246,verified,0.98,,,全米日本酒歓評会 (U.S. National Sake Appraisal),潟舟,合資会社竹田酒造店,1
11392,2,2022,,SAKE Trophy (世界1位),澤姫,,19937,7336,verified,0.98,,,IWC (International Wine Challenge) SAKE部門,澤姫,井上清吉商店,1
11393,3,2024,,金賞 (Gold Award),瀧,,6549,7204,verified,0.98,,,全米日本酒歓評会 (U.S. National Sake Appraisal),瀧,鳴滝酒造株式会社,1
11394,2,2021,,Silver Medal (銀賞),瀧鯉,,11814,627,verified,0.98,,,IWC (International Wine Challenge) SAKE部門,瀧鯉,櫻正宗株式会社,0
11395,3,2020,,金賞 (Gold Award),焙煎麦こふくろう,,2239,985,verified,0.98,,,全米日本酒歓評会 (U.S. National Sake Appraisal),焙煎麦こふくろう,博多焼酎 研醸 株式会社,1
11396,2,2024,,Commended (推奨),然土,,705,625,verified,0.98,,,IWC (International Wine Challenge) SAKE部門,然土,宝酒造株式会社,0
11397,3,2024,,グランプリ (Grand Prix),焼稀,,11814,627,verified,0.98,,,全米日本酒歓評会 (U.S. National Sake Appraisal),焼稀,櫻正宗株式会社,0
11398,4,2025,,金賞 (Gold),煌金陵 純米大吟醸,,18448,5593,verified,0.98,,,SAKE COMPETITION,煌金陵 純米大吟醸,西野金陵株式会社,1
11399,2,2025,,Gold Medal (金賞),燦水木,,3468,,verified,0.98,,,IWC (International Wine Challenge) SAKE部門,燦水木,（株）湯川酒造店,1
11400,5,2024,,金賞 (Gold Award),燦然 純米雄町,,2891,3205,verified,0.98,,,ワイングラスでおいしい日本酒アワード (Fine Sake Awards Japan),燦然 純米雄町,菊池酒造,1
11401,5,2024,,最高金賞 (Grand Gold),燦爛,,1923,7340,verified,0.98,,,ワイングラスでおいしい日本酒アワード (Fine Sake Awards Japan),燦爛,外池酒造店,1
11402,4,2022,,第2位 (Gold 2nd),燧ケ岳,,2401,132,verified,0.98,,,SAKE COMPETITION,燧ケ岳,会津酒造 株式会社,1
11403,5,2021,,金賞 (Gold Award),爛漫,,11610,556,verified,0.98,,,ワイングラスでおいしい日本酒アワード (Fine Sake Awards Japan),爛漫,秋田銘醸株式会社,1
11404,3,2020,,金賞 (Gold Award),特別純米酒 喜多屋 夢一献,,789,945,verified,0.98,,,全米日本酒歓評会 (U.S. National Sake Appraisal),特別純米酒 喜多屋 夢一献,株式会社 喜多屋,1
11405,5,2022,,最高金賞 (Grand Gold),特別警備隊同期の桜,,3501,,verified,0.98,,,ワイングラスでおいしい日本酒アワード (Fine Sake Awards Japan),特別警備隊同期の桜,江田島銘醸（株）,1
11406,2,2025,,Gold Medal (金賞),特撰本醸造・「神露」,,3505,3207,verified,0.98,,,IWC (International Wine Challenge) SAKE部門,特撰本醸造・「神露」,神露酒造,1
11407,3,2020,,金賞 (Gold Award),独楽蔵 沁 豊熟純米大吟醸,,3509,977,verified,0.98,,,全米日本酒歓評会 (U.S. National Sake Appraisal),独楽蔵 沁 豊熟純米大吟醸,株式会社 杜の蔵,1
11408,2,2023,,Silver Medal (銀賞),狭山茶梅酒,,4183,2492,verified,0.98,,,IWC (International Wine Challenge) SAKE部門,狭山茶梅酒,麻原酒造株式会社,0
11409,5,2022,,最高金賞 (Grand Gold),猩々之舞,,3513,6009,verified,0.98,,,ワイングラスでおいしい日本酒アワード (Fine Sake Awards Japan),猩々之舞,川島酒造株式会社,1
11410,4,2024,,第3位 (Gold 3rd),獺祭,,3523,1921,verified,0.98,,,SAKE COMPETITION,獺祭,旭酒造株式会社,1
11411,5,2021,,最高金賞 (Grand Gold),玄武,,2592,,verified,0.98,,,ワイングラスでおいしい日本酒アワード (Fine Sake Awards Japan),玄武,（株）酒千蔵野,1
11412,2,2025,,Commended (推奨),玉の井,,3535,6741,verified,0.98,,,IWC (International Wine Challenge) SAKE部門,玉の井,南酒造場,0
11413,4,2025,,第2位 (Gold 2nd),玉出泉 純米大吟醸,,12551,939,verified,0.98,,,SAKE COMPETITION,玉出泉 純米大吟醸,大賀酒造 株式会社,1
11414,2,2021,,Commended (推奨),玉栄,,3548,5990,verified,0.98,,,IWC (International Wine Challenge) SAKE部門,玉栄,安井利彦酒造場,0
11415,4,2023,,銀賞 (Silver),玉笹,,3553,2700,verified,0.98,,,SAKE COMPETITION,玉笹,養老酒造株式会社,0
11416,3,2022,,グランプリ (Grand Prix),玉鋼 大吟醸,,3554,7299,verified,0.98,,,全米日本酒歓評会 (U.S. National Sake Appraisal),玉鋼 大吟醸,簸上清酒合名会社,0
11417,4,2024,,銀賞 (Silver),玉風味,,6671,291,verified,0.98,,,SAKE COMPETITION,玉風味,玉川酒造株式会社,0
11418,4,2025,,第3位 (Gold 3rd),玉鶴,,3558,265,verified,0.98,,,SAKE COMPETITION,玉鶴,美峰酒類株式会社,1
11419,3,2022,,金賞 (Gold Award),珠韻,,3900,,verified,0.98,,,全米日本酒歓評会 (U.S. National Sake Appraisal),珠韻,（有）秀鳳酒造場,1
11420,3,2021,,銀賞 (Silver Award),理非,,1919,1120,verified,0.98,,,全米日本酒歓評会 (U.S. National Sake Appraisal),理非,竹野酒造有限会社,0
11421,5,2025,,最高金賞 (Grand Gold),瑞音,,705,625,verified,0.98,,,ワイングラスでおいしい日本酒アワード (Fine Sake Awards Japan),瑞音,宝酒造株式会社,1
11422,4,2022,,第3位 (Gold 3rd),瑠璃,,6474,,verified,0.98,,,SAKE COMPETITION,瑠璃,(株)竹村酒造店,1
11423,3,2023,,銀賞 (Silver Award),環日本海,,3591,7294,verified,0.98,,,全米日本酒歓評会 (U.S. National Sake Appraisal),環日本海,日本海酒造株式会社,0
11424,3,2023,,金賞 (Gold Award),甘雨,,6675,297,verified,0.98,,,全米日本酒歓評会 (U.S. National Sake Appraisal),甘雨,株式会社越後酒造場,1
11425,3,2020,,金賞 (Gold Award),生酛,,2677,1144,verified,0.98,,,全米日本酒歓評会 (U.S. National Sake Appraisal),生酛,招德酒造株式会社,1
11426,2,2023,,SAKE Trophy (世界1位),生酛純米 改良雄町十旭日,,3612,7286,verified,0.98,,,IWC (International Wine Challenge) SAKE部門,生酛純米 改良雄町十旭日,旭日酒造有限会社,1
11427,4,2024,,第1位 (Gold 1st),生駒宝山,,3614,5782,verified,0.98,,,SAKE COMPETITION,生駒宝山,上田酒造 株式会社,1
11428,2,2025,,Gold Medal (金賞),田友,,10954,277,verified,0.98,,,IWC (International Wine Challenge) SAKE部門,田友,高の井酒造株式会社,1
11429,4,2023,,銀賞 (Silver),田林,,3627,4704,verified,0.98,,,SAKE COMPETITION,田林,田中酒造店,0
11430,2,2021,,Commended (推奨),甲子正宗,,3632,4276,verified,0.98,,,IWC (International Wine Challenge) SAKE部門,甲子正宗,飯沼本家,0
11431,2,2024,,SAKE Trophy (世界1位),甲斐の開運,,3633,6171,verified,0.98,,,IWC (International Wine Challenge) SAKE部門,甲斐の開運,井出醸造店,1
11432,5,2021,,最高金賞 (Grand Gold),発芽玄米酒むすひ,,3645,4310,verified,0.98,,,ワイングラスでおいしい日本酒アワード (Fine Sake Awards Japan),発芽玄米酒むすひ,寺田本家,1
11433,5,2023,,最高金賞 (Grand Gold),白扇 純米吟醸,,3664,2493,verified,0.98,,,ワイングラスでおいしい日本酒アワード (Fine Sake Awards Japan),白扇 純米吟醸,株式会社 藤﨑摠兵衛商店,1
11434,2,2025,,Silver Medal (銀賞),白牡丹,,823,,verified,0.98,,,IWC (International Wine Challenge) SAKE部門,白牡丹,白牡丹酒造（株）,0
11435,3,2024,,グランプリ (Grand Prix),白神のしずく,,3680,,verified,0.98,,,全米日本酒歓評会 (U.S. National Sake Appraisal),白神のしずく,尾崎酒造（株）,0
11436,5,2025,,金賞 (Gold Award),白金,,3691,,verified,0.98,,,ワイングラスでおいしい日本酒アワード (Fine Sake Awards Japan),白金,（株）桝一市村酒造場,1
11437,5,2023,,最高金賞 (Grand Gold),白陽,,3692,84,verified,0.98,,,ワイングラスでおいしい日本酒アワード (Fine Sake Awards Japan),白陽,合名会社 大谷忠吉本店,1
11438,2,2023,,Commended (推奨),白隠正宗,,6760,1866,verified,0.98,,,IWC (International Wine Challenge) SAKE部門,白隠正宗,髙嶋酒造株式会社,0
11439,3,2020,,グランプリ (Grand Prix),白雪姫,,4622,2134,verified,0.98,,,全米日本酒歓評会 (U.S. National Sake Appraisal),白雪姫,渡辺酒造醸,0
11440,2,2025,,SAKE Trophy (世界1位),百姓おどり,,794,,verified,0.98,,,IWC (International Wine Challenge) SAKE部門,百姓おどり,喜久盛酒造（株）,1
11441,2,2022,,SAKE Trophy (世界1位),直実 特別純米,,15129,2483,verified,0.98,,,IWC (International Wine Challenge) SAKE部門,直実 特別純米,権田酒造株式会社,1
11442,5,2025,,金賞 (Gold Award),相模灘,,17204,4621,verified,0.98,,,ワイングラスでおいしい日本酒アワード (Fine Sake Awards Japan),相模灘,久保田酒造株式会社,1
11443,5,2025,,最高金賞 (Grand Gold),真名鶴,,3754,,verified,0.98,,,ワイングラスでおいしい日本酒アワード (Fine Sake Awards Japan),真名鶴,真名鶴酒造(資),1
11444,2,2023,,Commended (推奨),真心,,733,,verified,0.98,,,IWC (International Wine Challenge) SAKE部門,真心,磐乃井酒造（株）,0
11445,5,2022,,最高金賞 (Grand Gold),真政,,3759,7131,verified,0.98,,,ワイングラスでおいしい日本酒アワード (Fine Sake Awards Japan),真政,赤嶺酒造場,1
11446,5,2025,,金賞 (Gold Award),碧の無二,,3780,637,verified,0.98,,,ワイングラスでおいしい日本酒アワード (Fine Sake Awards Japan),碧の無二,万代大澤醸造株式会社,1
11447,4,2024,,銀賞 (Silver),碧龍,,4966,2242,verified,0.98,,,SAKE COMPETITION,碧龍,株式会社福光屋,0
11448,5,2025,,最高金賞 (Grand Gold),碧龍泉BIRYUSEN,,19867,6753,verified,0.98,,,ワイングラスでおいしい日本酒アワード (Fine Sake Awards Japan),碧龍泉BIRYUSEN,亀泉酒造,1
11449,4,2022,,銀賞 (Silver),確蔵,,3788,6989,verified,0.98,,,SAKE COMPETITION,確蔵,重家酒造株式会社,0
11450,2,2023,,Silver Medal (銀賞),磐乃井13,,733,,verified,0.98,,,IWC (International Wine Challenge) SAKE部門,磐乃井13,磐乃井酒造（株）,0
11451,4,2024,,第3位 (Gold 3rd),磐城壽,,3791,104,verified,0.98,,,SAKE COMPETITION,磐城壽,株式会社 鈴木酒造店,1
11452,2,2025,,Gold Medal (金賞),磐城寿,,901,,verified,0.98,,,IWC (International Wine Challenge) SAKE部門,磐城寿,（株）鈴木酒造店 長井蔵,1
11453,3,2020,,グランプリ (Grand Prix),磯自慢,,7758,1843,verified,0.98,,,全米日本酒歓評会 (U.S. National Sake Appraisal),磯自慢,磯自慢酒造株式会社,0
11454,3,2021,,グランプリ (Grand Prix),祇園ハナビ,,8358,1137,verified,0.98,,,全米日本酒歓評会 (U.S. National Sake Appraisal),祇園ハナビ,株式会社北川本家,0
11455,4,2022,,第1位 (Gold 1st),祝砲,,3810,,verified,0.98,,,SAKE COMPETITION,祝砲,祝砲酒造（株）,1
11456,5,2023,,最高金賞 (Grand Gold),神仙,,489,,verified,0.98,,,ワイングラスでおいしい日本酒アワード (Fine Sake Awards Japan),神仙,(株)稲葉酒造,1
11457,4,2024,,金賞 (Gold),神戸さくら,,11814,627,verified,0.98,,,SAKE COMPETITION,神戸さくら,櫻正宗株式会社,1
11458,5,2022,,金賞 (Gold Award),神杉,,88,1400,verified,0.98,,,ワイングラスでおいしい日本酒アワード (Fine Sake Awards Japan),神杉,神杉酒造株式会社,1
11459,2,2024,,SAKE Trophy (世界1位),神開,,18840,5987,verified,0.98,,,IWC (International Wine Challenge) SAKE部門,神開,藤本酒造株式会社,1
11460,2,2025,,SAKE Trophy (世界1位),神鶴,,1942,1385,verified,0.98,,,IWC (International Wine Challenge) SAKE部門,神鶴,鶴見酒造株式会社,1
11461,3,2024,,銀賞 (Silver Award),福のしずく,,1771,6011,verified,0.98,,,全米日本酒歓評会 (U.S. National Sake Appraisal),福のしずく,株式会社福井弥平商店,0
11462,3,2022,,銀賞 (Silver Award),福乃香,,1939,124,verified,0.98,,,全米日本酒歓評会 (U.S. National Sake Appraisal),福乃香,国権酒造 株式会社,0
11463,2,2021,,Silver Medal (銀賞),福小町,,11308,534,verified,0.98,,,IWC (International Wine Challenge) SAKE部門,福小町,株式会社木村酒造,0
11464,4,2025,,第2位 (Gold 2nd),福徳長 米だけの酒,,3865,970,verified,0.98,,,SAKE COMPETITION,福徳長 米だけの酒,福徳長酒類株式会社,1
11465,3,2023,,グランプリ (Grand Prix),福扇,,1922,238,verified,0.98,,,全米日本酒歓評会 (U.S. National Sake Appraisal),福扇,河忠酒造株式会社,0
11466,5,2025,,最高金賞 (Grand Gold),福正宗,,4966,2242,verified,0.98,,,ワイングラスでおいしい日本酒アワード (Fine Sake Awards Japan),福正宗,株式会社福光屋,1
11467,2,2025,,SAKE Trophy (世界1位),福無量,,3873,,verified,0.98,,,IWC (International Wine Challenge) SAKE部門,福無量,沓掛酒造（株）,1
11468,5,2021,,最高金賞 (Grand Gold),福禄寿,,1549,538,verified,0.98,,,ワイングラスでおいしい日本酒アワード (Fine Sake Awards Japan),福禄寿,福禄寿酒造株式会社,1
11469,5,2025,,最高金賞 (Grand Gold),秀吉Boasorte,,3891,,verified,0.98,,,ワイングラスでおいしい日本酒アワード (Fine Sake Awards Japan),秀吉Boasorte,日本泉酒造（株）,1
11470,2,2025,,Silver Medal (銀賞),秀松,,3896,281,verified,0.98,,,IWC (International Wine Challenge) SAKE部門,秀松,王紋酒造株式会社,0
11471,5,2022,,金賞 (Gold Award),秀鳳,,3900,,verified,0.98,,,ワイングラスでおいしい日本酒アワード (Fine Sake Awards Japan),秀鳳,（有）秀鳳酒造場,1
11472,5,2023,,最高金賞 (Grand Gold),秀鳳 純米大吟醸 吟酔匠,,3900,,verified,0.98,,,ワイングラスでおいしい日本酒アワード (Fine Sake Awards Japan),秀鳳 純米大吟醸 吟酔匠,（有）秀鳳酒造場,1
11473,5,2022,,最高金賞 (Grand Gold),秋櫻,,3295,,verified,0.98,,,ワイングラスでおいしい日本酒アワード (Fine Sake Awards Japan),秋櫻,（株）今田酒造本店,1
11474,2,2024,,Gold Medal (金賞),秋田サワー,,836,4281,verified,0.98,,,IWC (International Wine Challenge) SAKE部門,秋田サワー,合同酒精株式会社,1
11475,4,2024,,第1位 (Gold 1st),秘幻,,6188,6538,verified,0.98,,,SAKE COMPETITION,秘幻,浅間酒造株式会社,1
11476,2,2025,,Gold Medal (金賞),秘蔵,,790,,verified,0.98,,,IWC (International Wine Challenge) SAKE部門,秘蔵,世嬉の一酒造（株）,1
11477,3,2020,,金賞 (Gold Award),秩父小次郎 純米生原酒,,3920,2488,verified,0.98,,,全米日本酒歓評会 (U.S. National Sake Appraisal),秩父小次郎 純米生原酒,株式会社タイセー秩父菊水酒造所,1
11478,2,2022,,Gold Medal (金賞),秩父錦 技の極み,,3924,2511,verified,0.98,,,IWC (International Wine Challenge) SAKE部門,秩父錦 技の極み,株式会社矢尾本店,1
11479,2,2021,,Silver Medal (銀賞),秩父錦 特別純米酒,,3924,2511,verified,0.98,,,IWC (International Wine Challenge) SAKE部門,秩父錦 特別純米酒,株式会社矢尾本店,0
11480,2,2021,,SAKE Trophy (世界1位),秩父錦 純米大吟醸,,3924,2511,verified,0.98,,,IWC (International Wine Challenge) SAKE部門,秩父錦 純米大吟醸,株式会社矢尾本店,1
11481,3,2024,,金賞 (Gold Award),稲花,,3938,4294,verified,0.98,,,全米日本酒歓評会 (U.S. National Sake Appraisal),稲花,稲花酒造,1
11482,4,2025,,第2位 (Gold 2nd),稲見城,,3940,674,verified,0.98,,,SAKE COMPETITION,稲見城,稲見酒造株式会社,1
11483,5,2021,,最高金賞 (Grand Gold),積善,,3946,,verified,0.98,,,ワイングラスでおいしい日本酒アワード (Fine Sake Awards Japan),積善,（株）西飯田酒造店,1
11484,2,2021,,Gold Medal (金賞),穣,,3948,116,verified,0.98,,,IWC (International Wine Challenge) SAKE部門,穣,株式会社 髙橋庄作酒造店,1
11485,3,2022,,グランプリ (Grand Prix),窓乃梅,,3955,7198,verified,0.98,,,全米日本酒歓評会 (U.S. National Sake Appraisal),窓乃梅,佐嘉酒造株式会社,0
11486,3,2023,,グランプリ (Grand Prix),竹の露,,4158,,verified,0.98,,,全米日本酒歓評会 (U.S. National Sake Appraisal),竹の露,竹の露（資）,0
11487,4,2025,,第3位 (Gold 3rd),竹岡,,5762,4291,verified,0.98,,,SAKE COMPETITION,竹岡,和蔵酒造竹岡蔵,1
11488,3,2020,,金賞 (Gold Award),竹林,,3963,3209,verified,0.98,,,全米日本酒歓評会 (U.S. National Sake Appraisal),竹林,丸本酒造,1
11489,2,2024,,Gold Medal (金賞),竿灯,,3973,536,verified,0.98,,,IWC (International Wine Challenge) SAKE部門,竿灯,秋田醸造株式会社,1
11490,4,2023,,第3位 (Gold 3rd),笑満壽 特別純米酒,,3977,279,verified,0.98,,,SAKE COMPETITION,笑満壽 特別純米酒,住乃井酒造株式会社,1
11491,2,2022,,Gold Medal (金賞),第一義諦,,1107,,verified,0.98,,,IWC (International Wine Challenge) SAKE部門,第一義諦,(株)一本義久保本店,1
11492,3,2023,,グランプリ (Grand Prix),笹の誉,,3985,,verified,0.98,,,全米日本酒歓評会 (U.S. National Sake Appraisal),笹の誉,笹井酒造（株）,0
11493,5,2024,,最高金賞 (Grand Gold),筑後川,,3993,967,verified,0.98,,,ワイングラスでおいしい日本酒アワード (Fine Sake Awards Japan),筑後川,飛龍酒造 株式会社,1
11494,5,2024,,最高金賞 (Grand Gold),筑波の星,,3995,,verified,0.98,,,ワイングラスでおいしい日本酒アワード (Fine Sake Awards Japan),筑波の星,萩原酒造(株),1
11495,5,2024,,最高金賞 (Grand Gold),筑紫の誉 上撰,,3996,955,verified,0.98,,,ワイングラスでおいしい日本酒アワード (Fine Sake Awards Japan),筑紫の誉 上撰,筑紫の誉酒造 株式会社,1
11496,2,2022,,Silver Medal (銀賞),節五郎 元禄酒,,4003,233,verified,0.98,,,IWC (International Wine Challenge) SAKE部門,節五郎 元禄酒,菊水酒造株式会社,0
11497,5,2024,,金賞 (Gold Award),節五郎 出品酒,,4003,233,verified,0.98,,,ワイングラスでおいしい日本酒アワード (Fine Sake Awards Japan),節五郎 出品酒,菊水酒造株式会社,1
11498,5,2025,,最高金賞 (Grand Gold),米の恩返し,,4015,242,verified,0.98,,,ワイングラスでおいしい日本酒アワード (Fine Sake Awards Japan),米の恩返し,恩田酒造株式会社,1
11499,5,2022,,最高金賞 (Grand Gold),米一途,,4986,626,verified,0.98,,,ワイングラスでおいしい日本酒アワード (Fine Sake Awards Japan),米一途,株式会社 小山本家酒造,1
11500,2,2021,,Commended (推奨),米焼酎 粋(すい),,4023,3220,verified,0.98,,,IWC (International Wine Challenge) SAKE部門,米焼酎 粋(すい),三光正宗,0
11501,5,2024,,最高金賞 (Grand Gold),米焼酎露々,,4024,6897,verified,0.98,,,ワイングラスでおいしい日本酒アワード (Fine Sake Awards Japan),米焼酎露々,高千穂酒造株式会社,1
11502,2,2022,,Commended (推奨),米鶴 盗み吟醸 大吟,,4031,,verified,0.98,,,IWC (International Wine Challenge) SAKE部門,米鶴 盗み吟醸 大吟,米鶴酒造（株）,0
11503,4,2022,,第2位 (Gold 2nd),米鶴 純米大吟醸 天に舞う鶴の輝き,,4031,,verified,0.98,,,SAKE COMPETITION,米鶴 純米大吟醸 天に舞う鶴の輝き,米鶴酒造（株）,1
11504,4,2025,,第2位 (Gold 2nd),米鶴 超辛純米,,4031,,verified,0.98,,,SAKE COMPETITION,米鶴 超辛純米,米鶴酒造（株）,1
11505,5,2022,,金賞 (Gold Award),粋光,,600,,verified,0.98,,,ワイングラスでおいしい日本酒アワード (Fine Sake Awards Japan),粋光,和田龍酒造（株）,1
11506,4,2022,,銀賞 (Silver),紀ノ酒,,4043,,verified,0.98,,,SAKE COMPETITION,紀ノ酒,髙垣酒造（株）,0
11507,5,2024,,金賞 (Gold Award),紅小町,,17967,4285,verified,0.98,,,ワイングラスでおいしい日本酒アワード (Fine Sake Awards Japan),紅小町,須藤本家,1
11508,3,2022,,金賞 (Gold Award),紅葉姫,,6990,1126,verified,0.98,,,全米日本酒歓評会 (U.S. National Sake Appraisal),紅葉姫,ハクレイ酒造株式会社,1
11509,5,2022,,最高金賞 (Grand Gold),純,,34,230,verified,0.98,,,ワイングラスでおいしい日本酒アワード (Fine Sake Awards Japan),純,宮尾酒造株式会社,1
11510,4,2025,,第3位 (Gold 3rd),純天山,,4069,7202,verified,0.98,,,SAKE COMPETITION,純天山,天山酒造株式会社,1
11511,4,2024,,金賞 (Gold),純米,,6999,1373,verified,0.98,,,SAKE COMPETITION,純米,金虎酒造株式会社,1
11512,5,2021,,最高金賞 (Grand Gold),純米 白銀蔵王,,4106,,verified,0.98,,,ワイングラスでおいしい日本酒アワード (Fine Sake Awards Japan),純米 白銀蔵王,嵐山酒造（株）,1
11513,3,2020,,銀賞 (Silver Award),純米 雄町 「碧天」,,4081,3204,verified,0.98,,,全米日本酒歓評会 (U.S. National Sake Appraisal),純米 雄町 「碧天」,ヨイキゲン,0
11514,4,2025,,金賞 (Gold),純米吟醸 久保桜,,4090,,verified,0.98,,,SAKE COMPETITION,純米吟醸 久保桜,(株)加茂川,1
11515,3,2020,,金賞 (Gold Award),純米吟醸 亀治好日,,4152,,verified,0.98,,,全米日本酒歓評会 (U.S. National Sake Appraisal),純米吟醸 亀治好日,鯉川酒造（株）,1
11516,4,2024,,第2位 (Gold 2nd),純米吟醸 白銀蔵王,,4106,,verified,0.98,,,SAKE COMPETITION,純米吟醸 白銀蔵王,嵐山酒造（株）,1
11517,4,2023,,金賞 (Gold),純米吟醸 酒未来,,4111,,verified,0.98,,,SAKE COMPETITION,純米吟醸 酒未来,亀の井酒造（株）,1
11518,4,2023,,銀賞 (Silver),純米吟醸原酒,,4121,942,verified,0.98,,,SAKE COMPETITION,純米吟醸原酒,片岡酒造場,0
11519,5,2025,,最高金賞 (Grand Gold),純米吟醸酒 花の関 原酒,,4128,961,verified,0.98,,,ワイングラスでおいしい日本酒アワード (Fine Sake Awards Japan),純米吟醸酒 花の関 原酒,花関酒造 株式会社,1
11520,5,2022,,金賞 (Gold Award),純米大吟醸,,5909,7291,verified,0.98,,,ワイングラスでおいしい日本酒アワード (Fine Sake Awards Japan),純米大吟醸,奥出雲酒造株式会社,1
11521,4,2025,,第3位 (Gold 3rd),純米大吟醸 50,,453,952,verified,0.98,,,SAKE COMPETITION,純米大吟醸 50,株式会社 高橋商店,1
11522,2,2021,,Commended (推奨),純米大吟醸 善祥,,4143,2500,verified,0.98,,,IWC (International Wine Challenge) SAKE部門,純米大吟醸 善祥,晴雲酒造株式会社,0
11523,2,2021,,Silver Medal (銀賞),純米大吟醸 壷中之天,,4144,,verified,0.98,,,IWC (International Wine Challenge) SAKE部門,純米大吟醸 壷中之天,（株）渡會本店,0
11524,2,2025,,Gold Medal (金賞),純米大吟醸 醸心 雪女神,,4148,,verified,0.98,,,IWC (International Wine Challenge) SAKE部門,純米大吟醸 醸心 雪女神,（株）中沖酒造店,1
11525,2,2021,,Commended (推奨),純米大吟醸 鯉川 亀の尾100％,,4152,,verified,0.98,,,IWC (International Wine Challenge) SAKE部門,純米大吟醸 鯉川 亀の尾100％,鯉川酒造（株）,0
11526,4,2023,,金賞 (Gold),純米大吟醸原酒 はくろすいしゅ 雪女神33 羅針盤,,4158,,verified,0.98,,,SAKE COMPETITION,純米大吟醸原酒 はくろすいしゅ 雪女神33 羅針盤,竹の露（資）,1
11527,4,2024,,第3位 (Gold 3rd),純米梅酒,,83,,verified,0.98,,,SAKE COMPETITION,純米梅酒,賀茂泉酒造（株）,1
11528,5,2024,,金賞 (Gold Award),純米酒,,4121,942,verified,0.98,,,ワイングラスでおいしい日本酒アワード (Fine Sake Awards Japan),純米酒,片岡酒造場,1
11529,2,2022,,Gold Medal (金賞),純米酒 櫻舞,,4171,6160,verified,0.98,,,IWC (International Wine Challenge) SAKE部門,純米酒 櫻舞,谷櫻酒造有限会社,1
11530,4,2023,,金賞 (Gold),純麗たまラベル,,4179,6740,verified,0.98,,,SAKE COMPETITION,純麗たまラベル,濵川商店,1
11531,3,2022,,銀賞 (Silver Award),素敵 Japan（黒）,,4183,2492,verified,0.98,,,全米日本酒歓評会 (U.S. National Sake Appraisal),素敵 Japan（黒）,麻原酒造株式会社,0
11532,4,2024,,銀賞 (Silver),素素人,,5469,946,verified,0.98,,,SAKE COMPETITION,素素人,合資会社 後藤酒造場,0
11533,4,2023,,金賞 (Gold),絆,,3938,4294,verified,0.98,,,SAKE COMPETITION,絆,稲花酒造,1
11534,4,2022,,金賞 (Gold),結の香,,4198,,verified,0.98,,,SAKE COMPETITION,結の香,（株）南部美人,1
11535,4,2022,,第2位 (Gold 2nd),綾梅,,203,1129,verified,0.98,,,SAKE COMPETITION,綾梅,若宮酒造株式会社,1
11536,5,2023,,最高金賞 (Grand Gold),綾花,,2769,931,verified,0.98,,,ワイングラスでおいしい日本酒アワード (Fine Sake Awards Japan),綾花,旭菊酒造 株式会社,1
11537,3,2022,,グランプリ (Grand Prix),緑川,,4222,278,verified,0.98,,,全米日本酒歓評会 (U.S. National Sake Appraisal),緑川,緑川酒造株式会社,0
11538,4,2022,,第2位 (Gold 2nd),織姫の里,,4229,3231,verified,0.98,,,SAKE COMPETITION,織姫の里,山野酒造株式会社,1
11539,4,2025,,第3位 (Gold 3rd),織星,,4230,288,verified,0.98,,,SAKE COMPETITION,織星,丸山酒造株式会社,1
11540,3,2023,,金賞 (Gold Award),美峰盛,,4247,265,verified,0.98,,,全米日本酒歓評会 (U.S. National Sake Appraisal),美峰盛,美峰酒類株式会社新潟支社,1
11541,5,2022,,金賞 (Gold Award),美波太平洋 純米吟醸,,4250,7288,verified,0.98,,,ワイングラスでおいしい日本酒アワード (Fine Sake Awards Japan),美波太平洋 純米吟醸,木次酒造株式会社,1
11542,2,2022,,Gold Medal (金賞),美濃天狗,,6117,,verified,0.98,,,IWC (International Wine Challenge) SAKE部門,美濃天狗,林酒造（株）,1
11543,3,2021,,銀賞 (Silver Award),美濃菊,,4254,,verified,0.98,,,全米日本酒歓評会 (U.S. National Sake Appraisal),美濃菊,玉泉堂酒造（株）,0
11544,2,2024,,Commended (推奨),美穂,,3295,,verified,0.98,,,IWC (International Wine Challenge) SAKE部門,美穂,（株）今田酒造本店,0
11545,2,2025,,SAKE Trophy (世界1位),美酒天寿,,4260,545,verified,0.98,,,IWC (International Wine Challenge) SAKE部門,美酒天寿,天寿酒造株式会社,1
11546,4,2022,,第1位 (Gold 1st),群馬泉,,19453,6550,verified,0.98,,,SAKE COMPETITION,群馬泉,島岡酒造株式会社,1
11547,4,2024,,銀賞 (Silver),羽前白梅 穂の香,,4271,,verified,0.98,,,SAKE COMPETITION,羽前白梅 穂の香,羽根田酒造（株）,0
11548,2,2022,,Gold Medal (金賞),羽水,,4277,7347,verified,0.98,,,IWC (International Wine Challenge) SAKE部門,羽水,せんきん,1
11549,2,2025,,Gold Medal (金賞),羽陽一献 スパークリング,,4148,,verified,0.98,,,IWC (International Wine Challenge) SAKE部門,羽陽一献 スパークリング,（株）中沖酒造店,1
11550,4,2025,,金賞 (Gold),羽陽錦爛 純米吟醸生,,4287,,verified,0.98,,,SAKE COMPETITION,羽陽錦爛 純米吟醸生,錦爛酒造（株）,1
11551,4,2025,,第1位 (Gold 1st),翔,,4290,1374,verified,0.98,,,SAKE COMPETITION,翔,東春酒造株式会社,1
11552,3,2022,,銀賞 (Silver Award),翔空,,4291,239,verified,0.98,,,全米日本酒歓評会 (U.S. National Sake Appraisal),翔空,LAGOON BREWERY合同会社(ラグーンブリュワリー),0
11553,4,2022,,金賞 (Gold),翠露,,6052,,verified,0.98,,,SAKE COMPETITION,翠露,（株）舞姫,1
11554,5,2024,,最高金賞 (Grand Gold),聖火,,19354,6529,verified,0.98,,,ワイングラスでおいしい日本酒アワード (Fine Sake Awards Japan),聖火,聖酒造株式会社,1
11555,3,2023,,銀賞 (Silver Award),聚楽菊,,4312,1133,verified,0.98,,,全米日本酒歓評会 (U.S. National Sake Appraisal),聚楽菊,佐々木酒造株式会社,0
11556,5,2021,,最高金賞 (Grand Gold),至,,4337,285,verified,0.98,,,ワイングラスでおいしい日本酒アワード (Fine Sake Awards Japan),至,逸見酒造株式会社,1
11557,2,2021,,SAKE Trophy (世界1位),舞桜,,4341,4301,verified,0.98,,,IWC (International Wine Challenge) SAKE部門,舞桜,守屋酒造,1
11558,3,2024,,銀賞 (Silver Award),舞美人,,4343,5244,verified,0.98,,,全米日本酒歓評会 (U.S. National Sake Appraisal),舞美人,美川酒造場,0
11559,2,2024,,Commended (推奨),舞鶴,,6990,1126,verified,0.98,,,IWC (International Wine Challenge) SAKE部門,舞鶴,ハクレイ酒造株式会社,0
11560,5,2024,,最高金賞 (Grand Gold),芝の井,,4356,1123,verified,0.98,,,ワイングラスでおいしい日本酒アワード (Fine Sake Awards Japan),芝の井,谷口酒造株式会社,1
11561,3,2022,,グランプリ (Grand Prix),花おぼろ,,4360,2267,verified,0.98,,,全米日本酒歓評会 (U.S. National Sake Appraisal),花おぼろ,合名会社中島酒造店,0
11562,4,2025,,金賞 (Gold),花凛,,4374,,verified,0.98,,,SAKE COMPETITION,花凛,山陽鶴酒造（株）,1
11563,2,2023,,Gold Medal (金賞),花撫子,,4379,4718,verified,0.98,,,IWC (International Wine Challenge) SAKE部門,花撫子,蔵王酒造,1
11564,4,2022,,金賞 (Gold),花泉,,10103,107,verified,0.98,,,SAKE COMPETITION,花泉,花泉酒造 株式会社,1
11565,3,2021,,金賞 (Gold Award),花神,,6425,2713,verified,0.98,,,全米日本酒歓評会 (U.S. National Sake Appraisal),花神,宇都宮酒造株式会社,1
11566,4,2024,,第1位 (Gold 1st),花美蔵,,4391,,verified,0.98,,,SAKE COMPETITION,花美蔵,白扇酒造（株）,1
11567,4,2025,,第1位 (Gold 1st),花羽陽,,4437,,verified,0.98,,,SAKE COMPETITION,花羽陽,（株）小屋酒造,1
11568,5,2023,,最高金賞 (Grand Gold),花越路,,4397,264,verified,0.98,,,ワイングラスでおいしい日本酒アワード (Fine Sake Awards Japan),花越路,村祐酒造株式会社,1
11569,3,2023,,銀賞 (Silver Award),花雫,,4403,650,verified,0.98,,,全米日本酒歓評会 (U.S. National Sake Appraisal),花雫,壺坂酒造株式会社,0
11570,5,2025,,最高金賞 (Grand Gold),若水,,5528,6527,verified,0.98,,,ワイングラスでおいしい日本酒アワード (Fine Sake Awards Japan),若水,株式会社町田酒造店,1
11571,2,2023,,Silver Medal (銀賞),若清水,,4418,111,verified,0.98,,,IWC (International Wine Challenge) SAKE部門,若清水,若清水酒造 株式会社,0
11572,5,2022,,金賞 (Gold Award),若狭自慢,,4419,,verified,0.98,,,ワイングラスでおいしい日本酒アワード (Fine Sake Awards Japan),若狭自慢,鳥浜酒造(株),1
11573,4,2024,,銀賞 (Silver),若竹,,4421,1847,verified,0.98,,,SAKE COMPETITION,若竹,株式会社大村屋酒造場,0
11574,3,2023,,グランプリ (Grand Prix),若紫,,130,2688,verified,0.98,,,全米日本酒歓評会 (U.S. National Sake Appraisal),若紫,株式会社八木酒造部,0
11575,5,2025,,金賞 (Gold Award),若緑,,5686,,verified,0.98,,,ワイングラスでおいしい日本酒アワード (Fine Sake Awards Japan),若緑,（株）今井酒造店,1
11576,3,2023,,銀賞 (Silver Award),若鮎物語,,4437,,verified,0.98,,,全米日本酒歓評会 (U.S. National Sake Appraisal),若鮎物語,（株）小屋酒造,0
11577,3,2022,,グランプリ (Grand Prix),若鶴,,4438,6084,verified,0.98,,,全米日本酒歓評会 (U.S. National Sake Appraisal),若鶴,若鶴酒造株式会社,0
11578,2,2023,,Gold Medal (金賞),荷札酒,,10382,215,verified,0.98,,,IWC (International Wine Challenge) SAKE部門,荷札酒,加茂錦酒造株式会社,1
11579,3,2021,,銀賞 (Silver Award),菊の司,,4456,,verified,0.98,,,全米日本酒歓評会 (U.S. National Sake Appraisal),菊の司,菊の司酒造（株）,0
11580,4,2023,,銀賞 (Silver),菊の里,,4457,7339,verified,0.98,,,SAKE COMPETITION,菊の里,菊の里酒造,0
11581,5,2021,,最高金賞 (Grand Gold),菊勇,,4459,4616,verified,0.98,,,ワイングラスでおいしい日本酒アワード (Fine Sake Awards Japan),菊勇,吉川醸造株式会社,1
11582,4,2025,,第1位 (Gold 1st),菊司,,18573,5783,verified,0.98,,,SAKE COMPETITION,菊司,菊司醸造 株式会社,1
11583,4,2022,,金賞 (Gold),菊水ふなぐち,,4003,233,verified,0.98,,,SAKE COMPETITION,菊水ふなぐち,菊水酒造株式会社,1
11584,4,2025,,第3位 (Gold 3rd),菊泉,,4477,2497,verified,0.98,,,SAKE COMPETITION,菊泉,滝澤酒造株式会社,1
11585,2,2022,,Gold Medal (金賞),菊泉 大吟醸,,4477,2497,verified,0.98,,,IWC (International Wine Challenge) SAKE部門,菊泉 大吟醸,滝澤酒造株式会社,1
11586,5,2022,,金賞 (Gold Award),菊美人 大吟醸 しずくどり斗瓶囲い,,4485,944,verified,0.98,,,ワイングラスでおいしい日本酒アワード (Fine Sake Awards Japan),菊美人 大吟醸 しずくどり斗瓶囲い,菊美人酒造 株式会社,1
11587,2,2022,,SAKE Trophy (世界1位),菊鷹,,4492,1382,verified,0.98,,,IWC (International Wine Challenge) SAKE部門,菊鷹,藤市酒造株式会社,1
11588,5,2023,,金賞 (Gold Award),華鷹,,4502,7123,verified,0.98,,,ワイングラスでおいしい日本酒アワード (Fine Sake Awards Japan),華鷹,浜嶋酒造,1
11589,3,2021,,銀賞 (Silver Award),華鷹,,4503,7129,verified,0.98,,,全米日本酒歓評会 (U.S. National Sake Appraisal),華鷹,小松酒造場,0
11590,5,2024,,金賞 (Gold Award),萩乃露,,1771,6011,verified,0.98,,,ワイングラスでおいしい日本酒アワード (Fine Sake Awards Japan),萩乃露,株式会社福井弥平商店,1
11591,3,2022,,グランプリ (Grand Prix),萬代芳,,4517,115,verified,0.98,,,全米日本酒歓評会 (U.S. National Sake Appraisal),萬代芳,合資会社 白井酒造店,0
11592,2,2024,,Gold Medal (金賞),萬歳楽,,4524,2247,verified,0.98,,,IWC (International Wine Challenge) SAKE部門,萬歳楽,株式会社小堀酒造店,1
11593,5,2023,,最高金賞 (Grand Gold),萬耀,,13700,1846,verified,0.98,,,ワイングラスでおいしい日本酒アワード (Fine Sake Awards Japan),萬耀,万大醸造合資会社,1
11594,3,2024,,金賞 (Gold Award),葛城,,18662,5791,verified,0.98,,,全米日本酒歓評会 (U.S. National Sake Appraisal),葛城,梅乃宿酒造 株式会社,1
11595,5,2024,,金賞 (Gold Award),葵御紋,,653,1841,verified,0.98,,,ワイングラスでおいしい日本酒アワード (Fine Sake Awards Japan),葵御紋,浜松酒造株式会社,1
11596,4,2022,,第2位 (Gold 2nd),蔵元の梅酒,,15604,2692,verified,0.98,,,SAKE COMPETITION,蔵元の梅酒,栄光酒造株式会社,1
11597,5,2024,,金賞 (Gold Award),蔵元の隠し酒,,3360,,verified,0.98,,,ワイングラスでおいしい日本酒アワード (Fine Sake Awards Japan),蔵元の隠し酒,（有）渡辺酒造店,1
11598,3,2022,,金賞 (Gold Award),蔵出し,,557,6164,verified,0.98,,,全米日本酒歓評会 (U.S. National Sake Appraisal),蔵出し,山梨銘醸株式会社,1
11599,3,2021,,グランプリ (Grand Prix),蔵子,,4563,,verified,0.98,,,全米日本酒歓評会 (U.S. National Sake Appraisal),蔵子,六花酒造（株）,0
11600,4,2023,,第3位 (Gold 3rd),蔵美人,,10792,255,verified,0.98,,,SAKE COMPETITION,蔵美人,越つかの酒造株式会社,1
11601,3,2023,,銀賞 (Silver Award),薪水,,11814,627,verified,0.98,,,全米日本酒歓評会 (U.S. National Sake Appraisal),薪水,櫻正宗株式会社,0
11602,2,2023,,SAKE Trophy (世界1位),藤乃井,,1388,88,verified,0.98,,,IWC (International Wine Challenge) SAKE部門,藤乃井,有限会社 佐藤酒造店,1
11603,5,2024,,金賞 (Gold Award),虎マッコリ,,4590,106,verified,0.98,,,ワイングラスでおいしい日本酒アワード (Fine Sake Awards Japan),虎マッコリ,有賀醸造 合資会社,1
11604,2,2023,,Gold Medal (金賞),虎乃子,,4598,,verified,0.98,,,IWC (International Wine Challenge) SAKE部門,虎乃子,千代寿虎屋（株）,1
11605,5,2023,,最高金賞 (Grand Gold),虎屋,,4598,,verified,0.98,,,ワイングラスでおいしい日本酒アワード (Fine Sake Awards Japan),虎屋,千代寿虎屋（株）,1
11606,2,2024,,Gold Medal (金賞),虎屋の虎乃子,,4598,,verified,0.98,,,IWC (International Wine Challenge) SAKE部門,虎屋の虎乃子,千代寿虎屋（株）,1
11607,3,2021,,金賞 (Gold Award),西條鶴,,4617,,verified,0.98,,,全米日本酒歓評会 (U.S. National Sake Appraisal),西條鶴,西條鶴醸造（株）,1
11608,5,2024,,最高金賞 (Grand Gold),覚眠森水酒,,4622,2134,verified,0.98,,,ワイングラスでおいしい日本酒アワード (Fine Sake Awards Japan),覚眠森水酒,渡辺酒造醸,1
11609,2,2023,,Gold Medal (金賞),誉国光,,6190,6540,verified,0.98,,,IWC (International Wine Challenge) SAKE部門,誉国光,土田酒造株式会社,1
11610,5,2023,,最高金賞 (Grand Gold),譽國光,,6190,6540,verified,0.98,,,ワイングラスでおいしい日本酒アワード (Fine Sake Awards Japan),譽國光,土田酒造株式会社,1
11611,2,2023,,Commended (推奨),讃岐くらうでぃ,,2496,5594,verified,0.98,,,IWC (International Wine Challenge) SAKE部門,讃岐くらうでぃ,川鶴酒造株式会社,0
11612,5,2023,,金賞 (Gold Award),谷風,,2553,4716,verified,0.98,,,ワイングラスでおいしい日本酒アワード (Fine Sake Awards Japan),谷風,墨廼江酒造,1
11613,2,2023,,Commended (推奨),豊の秋,,4649,7290,verified,0.98,,,IWC (International Wine Challenge) SAKE部門,豊の秋,米田酒造株式会社,0
11614,2,2023,,Silver Medal (銀賞),豊國,,10186,114,verified,0.98,,,IWC (International Wine Challenge) SAKE部門,豊國,豊國酒造 合資会社,0
11615,4,2023,,第2位 (Gold 2nd),豊明 純米大吟醸,,4659,2496,verified,0.98,,,SAKE COMPETITION,豊明 純米大吟醸,石井酒造株式会社,1
11616,3,2023,,金賞 (Gold Award),豊潤,,4503,7129,verified,0.98,,,全米日本酒歓評会 (U.S. National Sake Appraisal),豊潤,小松酒造場,1
11617,5,2023,,金賞 (Gold Award),豊盛 原酒,,4667,957,verified,0.98,,,ワイングラスでおいしい日本酒アワード (Fine Sake Awards Japan),豊盛 原酒,豊村酒造 有限会社,1
11618,4,2023,,銀賞 (Silver),豊祝,,5475,5780,verified,0.98,,,SAKE COMPETITION,豊祝,奈良豊澤酒造 株式会社,0
11619,4,2023,,金賞 (Gold),貴,,5586,1933,verified,0.98,,,SAKE COMPETITION,貴,株式会社永山本家酒造場,1
11620,5,2021,,金賞 (Gold Award),貴生娘,,4688,5991,verified,0.98,,,ワイングラスでおいしい日本酒アワード (Fine Sake Awards Japan),貴生娘,滋賀酒造株式会社,1
11621,3,2022,,グランプリ (Grand Prix),貴醸酒,,8741,6076,verified,0.98,,,全米日本酒歓評会 (U.S. National Sake Appraisal),貴醸酒,株式会社桝田酒造店,0
11622,2,2025,,SAKE Trophy (世界1位),賜冠,,4695,1407,verified,0.98,,,IWC (International Wine Challenge) SAKE部門,賜冠,中垣酒造株式会社,1
11623,5,2021,,金賞 (Gold Award),賞己,,4696,1383,verified,0.98,,,ワイングラスでおいしい日本酒アワード (Fine Sake Awards Japan),賞己,内藤醸造株式会社,1
11624,5,2022,,最高金賞 (Grand Gold),赤瓦,,1714,113,verified,0.98,,,ワイングラスでおいしい日本酒アワード (Fine Sake Awards Japan),赤瓦,名倉山酒造 株式会社,1
11625,5,2023,,金賞 (Gold Award),赤福助,,5196,,verified,0.98,,,ワイングラスでおいしい日本酒アワード (Fine Sake Awards Japan),赤福助,（資）杉勇蕨岡酒造場,1
11626,4,2025,,第1位 (Gold 1st),超特撰 喜平 大吟醸,,4714,1849,verified,0.98,,,SAKE COMPETITION,超特撰 喜平 大吟醸,平喜酒造,1
11627,2,2022,,SAKE Trophy (世界1位),超群,,4716,,verified,0.98,,,IWC (International Wine Challenge) SAKE部門,超群,生熊酒造（株）,1
11628,3,2021,,金賞 (Gold Award),越の磯,,2805,,verified,0.98,,,全米日本酒歓評会 (U.S. National Sake Appraisal),越の磯,(株)越の磯,1
11629,2,2021,,Gold Medal (金賞),越の誉,,4731,101,verified,0.98,,,IWC (International Wine Challenge) SAKE部門,越の誉,原酒造株式会社,1
11630,3,2023,,金賞 (Gold Award),越乃冬雪花,,4742,222,verified,0.98,,,全米日本酒歓評会 (U.S. National Sake Appraisal),越乃冬雪花,高野酒造株式会社,1
11631,2,2024,,SAKE Trophy (世界1位),越乃男山,,4750,237,verified,0.98,,,IWC (International Wine Challenge) SAKE部門,越乃男山,阿部酒造株式会社,1
11632,5,2021,,金賞 (Gold Award),越天翔,,2124,263,verified,0.98,,,ワイングラスでおいしい日本酒アワード (Fine Sake Awards Japan),越天翔,魚沼酒造株式会社,1
11633,4,2025,,第2位 (Gold 2nd),越後,,1922,238,verified,0.98,,,SAKE COMPETITION,越後,河忠酒造株式会社,1
11634,4,2025,,金賞 (Gold),越後平野,,10532,229,verified,0.98,,,SAKE COMPETITION,越後平野,福顔酒造株式会社,1
11635,3,2024,,金賞 (Gold Award),越後鶴亀,,855,299,verified,0.98,,,全米日本酒歓評会 (U.S. National Sake Appraisal),越後鶴亀,株式会社越後鶴亀,1
11636,3,2024,,金賞 (Gold Award),越生梅林 純米大吟醸,,1388,88,verified,0.98,,,全米日本酒歓評会 (U.S. National Sake Appraisal),越生梅林 純米大吟醸,有限会社 佐藤酒造店,1
11637,2,2024,,Silver Medal (銀賞),越生梅林 純米酒,,1388,88,verified,0.98,,,IWC (International Wine Challenge) SAKE部門,越生梅林 純米酒,有限会社 佐藤酒造店,0
11638,3,2024,,金賞 (Gold Award),越生梅林 赤紫蘇酒,,1388,88,verified,0.98,,,全米日本酒歓評会 (U.S. National Sake Appraisal),越生梅林 赤紫蘇酒,有限会社 佐藤酒造店,1
11639,4,2022,,第2位 (Gold 2nd),路上有花,,1037,659,verified,0.98,,,SAKE COMPETITION,路上有花,株式会社西山酒造場,1
11640,2,2025,,SAKE Trophy (世界1位),辛丹波,,1462,638,verified,0.98,,,IWC (International Wine Challenge) SAKE部門,辛丹波,大関株式会社,1
11641,2,2021,,Gold Medal (金賞),辛口一献,,4816,665,verified,0.98,,,IWC (International Wine Challenge) SAKE部門,辛口一献,黄桜株式会社,1
11642,4,2023,,第3位 (Gold 3rd),辯天 雪女神 純米大吟醸原酒,,4824,,verified,0.98,,,SAKE COMPETITION,辯天 雪女神 純米大吟醸原酒,（株）後藤酒造店,1
11643,3,2023,,銀賞 (Silver Award),辰,,4827,83,verified,0.98,,,全米日本酒歓評会 (U.S. National Sake Appraisal),辰,合資会社 辰泉酒造,0
11644,5,2023,,金賞 (Gold Award),辰泉,,4827,83,verified,0.98,,,ワイングラスでおいしい日本酒アワード (Fine Sake Awards Japan),辰泉,合資会社 辰泉酒造,1
11645,4,2024,,金賞 (Gold),農と匠の酒,,4829,,verified,0.98,,,SAKE COMPETITION,農と匠の酒,中山酒造(株),1
11646,5,2024,,金賞 (Gold Award),近江米のしずく,,4835,5986,verified,0.98,,,ワイングラスでおいしい日本酒アワード (Fine Sake Awards Japan),近江米のしずく,北島酒造株式会社,1
11647,4,2025,,第3位 (Gold 3rd),逢地,,4845,7129,verified,0.98,,,SAKE COMPETITION,逢地,小松酒造株式会社,1
11648,2,2025,,Gold Medal (金賞),連華山,,2199,240,verified,0.98,,,IWC (International Wine Challenge) SAKE部門,連華山,田原酒造株式会社,1
11649,4,2025,,金賞 (Gold),遊,,5681,6545,verified,0.98,,,SAKE COMPETITION,遊,分福酒造株式会社,1
11650,5,2022,,金賞 (Gold Award),達磨,,4859,,verified,0.98,,,ワイングラスでおいしい日本酒アワード (Fine Sake Awards Japan),達磨,（株）サクラオ ブルワリー アンド ディスティラリー,1
11651,4,2023,,金賞 (Gold),郷-PINボトル-,,4869,213,verified,0.98,,,SAKE COMPETITION,郷-PINボトル-,津南醸造株式会社,1
11652,4,2024,,第2位 (Gold 2nd),都娘,,4877,3237,verified,0.98,,,SAKE COMPETITION,都娘,有限会社北庄司酒造店,1
11653,2,2023,,Silver Medal (銀賞),都鶴,,4880,1154,verified,0.98,,,IWC (International Wine Challenge) SAKE部門,都鶴,都鶴酒造株式会社,0
11654,2,2023,,Commended (推奨),酒の芸術品,,6414,292,verified,0.98,,,IWC (International Wine Challenge) SAKE部門,酒の芸術品,池浦酒造株式会社,0
11655,4,2023,,第2位 (Gold 2nd),酒ジン,,4885,986,verified,0.98,,,SAKE COMPETITION,酒ジン,叡醂酒造 株式会社,1
11656,5,2021,,金賞 (Gold Award),酒屋五兵衛,,1205,,verified,0.98,,,ワイングラスでおいしい日本酒アワード (Fine Sake Awards Japan),酒屋五兵衛,寒紅梅酒造(株),1
11657,5,2024,,最高金賞 (Grand Gold),酒屋八兵衛,,4899,,verified,0.98,,,ワイングラスでおいしい日本酒アワード (Fine Sake Awards Japan),酒屋八兵衛,元坂酒造(株),1
11658,5,2023,,金賞 (Gold Award),酒岳堂,,4901,4612,verified,0.98,,,ワイングラスでおいしい日本酒アワード (Fine Sake Awards Japan),酒岳堂,石井醸造株式会社,1
11659,3,2022,,グランプリ (Grand Prix),酔夢譚,,4918,,verified,0.98,,,全米日本酒歓評会 (U.S. National Sake Appraisal),酔夢譚,清水清三郎商店(株),0
11660,5,2021,,最高金賞 (Grand Gold),酔星,,15437,258,verified,0.98,,,ワイングラスでおいしい日本酒アワード (Fine Sake Awards Japan),酔星,近藤酒造株式会社,1
11661,4,2024,,第3位 (Gold 3rd),酔芙蓉,,4924,,verified,0.98,,,SAKE COMPETITION,酔芙蓉,（株）水戸部酒造,1
11662,3,2024,,金賞 (Gold Award),醉心,,4926,,verified,0.98,,,全米日本酒歓評会 (U.S. National Sake Appraisal),醉心,（株）醉心山根本店,1
11663,4,2022,,第1位 (Gold 1st),里の華,,1941,,verified,0.98,,,SAKE COMPETITION,里の華,伊藤酒造(株),1
11664,2,2025,,Gold Medal (金賞),金沢美人,,4966,2242,verified,0.98,,,IWC (International Wine Challenge) SAKE部門,金沢美人,株式会社福光屋,1
11665,3,2022,,金賞 (Gold Award),金滴彗星,,4973,6559,verified,0.98,,,全米日本酒歓評会 (U.S. National Sake Appraisal),金滴彗星,金滴酒造株式会社,1
11666,2,2024,,Silver Medal (銀賞),金紋,,4986,626,verified,0.98,,,IWC (International Wine Challenge) SAKE部門,金紋,株式会社 小山本家酒造,0
11667,4,2024,,金賞 (Gold),金紋世界鷹 吟醸50,,4986,626,verified,0.98,,,SAKE COMPETITION,金紋世界鷹 吟醸50,株式会社 小山本家酒造,1
11668,2,2023,,Gold Medal (金賞),金紋世界鷹 純米吟醸,,4986,626,verified,0.98,,,IWC (International Wine Challenge) SAKE部門,金紋世界鷹 純米吟醸,株式会社 小山本家酒造,1
11669,4,2023,,第1位 (Gold 1st),金紋世界鷹 純米吟醸原酒 ひやおろし,,4986,626,verified,0.98,,,SAKE COMPETITION,金紋世界鷹 純米吟醸原酒 ひやおろし,株式会社 小山本家酒造,1
11670,2,2024,,Silver Medal (銀賞),金華山,,4992,,verified,0.98,,,IWC (International Wine Challenge) SAKE部門,金華山,足立酒造（資）,0
11671,3,2022,,銀賞 (Silver Award),金葵,,4993,8819,verified,0.98,,,全米日本酒歓評会 (U.S. National Sake Appraisal),金葵,平松本家酒造場,0
11672,3,2024,,グランプリ (Grand Prix),金襴藤娘,,5469,946,verified,0.98,,,全米日本酒歓評会 (U.S. National Sake Appraisal),金襴藤娘,合資会社 後藤酒造場,0
11673,2,2022,,Commended (推奨),金陵,,18448,5593,verified,0.98,,,IWC (International Wine Challenge) SAKE部門,金陵,西野金陵株式会社,0
11674,2,2025,,Gold Medal (金賞),金雀,,1890,1922,verified,0.98,,,IWC (International Wine Challenge) SAKE部門,金雀,有限会社堀江酒場,1
11675,5,2021,,金賞 (Gold Award),金鯱,,2385,1393,verified,0.98,,,ワイングラスでおいしい日本酒アワード (Fine Sake Awards Japan),金鯱,盛田金しゃち酒造株式会社,1
11676,3,2024,,金賞 (Gold Award),金鵄正宗,,5013,1140,verified,0.98,,,全米日本酒歓評会 (U.S. National Sake Appraisal),金鵄正宗,キンシ正宗株式会社,1
11677,5,2022,,金賞 (Gold Award),金鹿,,1462,638,verified,0.98,,,ワイングラスでおいしい日本酒アワード (Fine Sake Awards Japan),金鹿,大関株式会社,1
11678,5,2025,,金賞 (Gold Award),金鼓,,2570,5790,verified,0.98,,,ワイングラスでおいしい日本酒アワード (Fine Sake Awards Japan),金鼓,株式会社 大倉本家,1
11679,2,2021,,Commended (推奨),鉄盛,,5028,,verified,0.98,,,IWC (International Wine Challenge) SAKE部門,鉄盛,（株）三千盛,0
11680,4,2023,,第3位 (Gold 3rd),銀嶺月山 純米大吟醸 斗瓶囲い,,5041,,verified,0.98,,,SAKE COMPETITION,銀嶺月山 純米大吟醸 斗瓶囲い,月山酒造（株）,1
11681,3,2020,,グランプリ (Grand Prix),銀座のすずめ,,2171,646,verified,0.98,,,全米日本酒歓評会 (U.S. National Sake Appraisal),銀座のすずめ,八鹿酒造,0
11682,2,2024,,Gold Medal (金賞),銀河,,5046,,verified,0.98,,,IWC (International Wine Challenge) SAKE部門,銀河,(株)剛烈酒造,1
11683,2,2024,,SAKE Trophy (世界1位),銀閣,,5013,1140,verified,0.98,,,IWC (International Wine Challenge) SAKE部門,銀閣,キンシ正宗株式会社,1
11684,5,2022,,金賞 (Gold Award),錦蔵舞,,1919,1120,verified,0.98,,,ワイングラスでおいしい日本酒アワード (Fine Sake Awards Japan),錦蔵舞,竹野酒造有限会社,1
11685,4,2023,,第3位 (Gold 3rd),錦鯉の里,,1994,220,verified,0.98,,,SAKE COMPETITION,錦鯉の里,新潟銘醸株式会社,1
11686,4,2023,,第2位 (Gold 2nd),鍋島,,5064,7218,verified,0.98,,,SAKE COMPETITION,鍋島,富久千代酒造有限会社,1
11687,5,2021,,最高金賞 (Grand Gold),鏡山,,5067,2507,verified,0.98,,,ワイングラスでおいしい日本酒アワード (Fine Sake Awards Japan),鏡山,小江戸鏡山酒造株式会社,1
11688,3,2020,,グランプリ (Grand Prix),長久,,5079,,verified,0.98,,,全米日本酒歓評会 (U.S. National Sake Appraisal),長久,中野BC（株）,0
11689,3,2022,,グランプリ (Grand Prix),長亨,,5080,529,verified,0.98,,,全米日本酒歓評会 (U.S. National Sake Appraisal),長亨,株式会社 飛良泉本舗,0
11690,2,2025,,Silver Medal (銀賞),長兵衛,,1462,638,verified,0.98,,,IWC (International Wine Challenge) SAKE部門,長兵衛,大関株式会社,0
11691,5,2023,,最高金賞 (Grand Gold),長寿,,5083,6002,verified,0.98,,,ワイングラスでおいしい日本酒アワード (Fine Sake Awards Japan),長寿,株式会社岡村本家,1
11692,3,2020,,銀賞 (Silver Award),長珍,,5096,1384,verified,0.98,,,全米日本酒歓評会 (U.S. National Sake Appraisal),長珍,長珍酒造株式会社,0
11693,2,2021,,SAKE Trophy (世界1位),長門峡,,14217,1934,verified,0.98,,,IWC (International Wine Challenge) SAKE部門,長門峡,有限会社岡崎酒造場,1
11694,3,2020,,銀賞 (Silver Award),開夏,,5112,295,verified,0.98,,,全米日本酒歓評会 (U.S. National Sake Appraisal),開夏,第一酒造株式会社,0
11695,5,2024,,最高金賞 (Grand Gold),開春 純米超辛口,,5116,7285,verified,0.98,,,ワイングラスでおいしい日本酒アワード (Fine Sake Awards Japan),開春 純米超辛口,若林酒造有限会社,1
11696,2,2024,,SAKE Trophy (世界1位),開花,,5112,295,verified,0.98,,,IWC (International Wine Challenge) SAKE部門,開花,第一酒造株式会社,1
11697,3,2023,,金賞 (Gold Award),開運,,7357,1853,verified,0.98,,,全米日本酒歓評会 (U.S. National Sake Appraisal),開運,株式会社土井酒造場,1
11698,5,2021,,最高金賞 (Grand Gold),閖,,5122,4698,verified,0.98,,,ワイングラスでおいしい日本酒アワード (Fine Sake Awards Japan),閖,佐々木酒造店,1
11699,5,2025,,最高金賞 (Grand Gold),関西,,5127,,verified,0.98,,,ワイングラスでおいしい日本酒アワード (Fine Sake Awards Japan),関西,片山酒造(株),1
11700,2,2025,,Commended (推奨),阿櫻 純米大吟醸無濾過原酒 美郷錦仕込,,5134,555,verified,0.98,,,IWC (International Wine Challenge) SAKE部門,阿櫻 純米大吟醸無濾過原酒 美郷錦仕込,阿櫻酒造株式会社,0
11701,2,2025,,Gold Medal (金賞),阿部勘,,5137,4700,verified,0.98,,,IWC (International Wine Challenge) SAKE部門,阿部勘,阿部勘酒造,1
11702,4,2025,,第3位 (Gold 3rd),阿騎野,,5138,5800,verified,0.98,,,SAKE COMPETITION,阿騎野,芳村酒造 株式会社,1
11703,2,2022,,SAKE Trophy (世界1位),陸奥八仙,,7017,,verified,0.98,,,IWC (International Wine Challenge) SAKE部門,陸奥八仙,八戸酒造（株）,1
11704,4,2024,,銀賞 (Silver),隠岐の海,,5150,7281,verified,0.98,,,SAKE COMPETITION,隠岐の海,隠岐酒造株式会社,0
11705,2,2021,,Gold Medal (金賞),隠岐誉,,5150,7281,verified,0.98,,,IWC (International Wine Challenge) SAKE部門,隠岐誉,隠岐酒造株式会社,1
11706,4,2023,,第2位 (Gold 2nd),雁木,,5583,1928,verified,0.98,,,SAKE COMPETITION,雁木,八百新酒造株式会社,1
11707,3,2023,,グランプリ (Grand Prix),雅の舞,,733,,verified,0.98,,,全米日本酒歓評会 (U.S. National Sake Appraisal),雅の舞,磐乃井酒造（株）,0
11708,3,2021,,金賞 (Gold Award),雨降,,4459,4616,verified,0.98,,,全米日本酒歓評会 (U.S. National Sake Appraisal),雨降,吉川醸造株式会社,1
11709,2,2023,,SAKE Trophy (世界1位),雪の松島,,17284,4697,verified,0.98,,,IWC (International Wine Challenge) SAKE部門,雪の松島,大和蔵酒造,1
11710,2,2023,,Gold Medal (金賞),雪の精,,5182,2702,verified,0.98,,,IWC (International Wine Challenge) SAKE部門,雪の精,梅美人酒造株式会社,1
11711,3,2020,,銀賞 (Silver Award),雪女神 純米大吟醸 あら玉,,5195,,verified,0.98,,,全米日本酒歓評会 (U.S. National Sake Appraisal),雪女神 純米大吟醸 あら玉,和田酒造（資）,0
11712,3,2020,,銀賞 (Silver Award),雪女神 純米大吟醸 杉勇,,5196,,verified,0.98,,,全米日本酒歓評会 (U.S. National Sake Appraisal),雪女神 純米大吟醸 杉勇,（資）杉勇蕨岡酒造場,0
11713,3,2021,,金賞 (Gold Award),雪舟,,5208,,verified,0.98,,,全米日本酒歓評会 (U.S. National Sake Appraisal),雪舟,戸田酒造（株）,1
11714,3,2021,,銀賞 (Silver Award),雫原酒,,5218,1402,verified,0.98,,,全米日本酒歓評会 (U.S. National Sake Appraisal),雫原酒,山﨑合資会社,0
11715,4,2025,,第2位 (Gold 2nd),雫滴,,5219,2495,verified,0.98,,,SAKE COMPETITION,雫滴,株式会社 釜屋,1
11716,5,2022,,最高金賞 (Grand Gold),雲乃井,,5221,,verified,0.98,,,ワイングラスでおいしい日本酒アワード (Fine Sake Awards Japan),雲乃井,(株)吉田金右衛門商店,1
11717,3,2023,,金賞 (Gold Award),霧の榛名,,5237,6533,verified,0.98,,,全米日本酒歓評会 (U.S. National Sake Appraisal),霧の榛名,柴崎酒造株式会社,1
11718,5,2023,,最高金賞 (Grand Gold),霧筑波,,5240,,verified,0.98,,,ワイングラスでおいしい日本酒アワード (Fine Sake Awards Japan),霧筑波,(資)浦里酒造店,1
11719,2,2024,,Silver Medal (銀賞),霧降,,4277,7347,verified,0.98,,,IWC (International Wine Challenge) SAKE部門,霧降,せんきん,0
11720,4,2025,,金賞 (Gold),青嵐,,2592,,verified,0.98,,,SAKE COMPETITION,青嵐,（株）酒千蔵野,1
11721,2,2022,,Silver Medal (銀賞),青鹿毛,,5255,6878,verified,0.98,,,IWC (International Wine Challenge) SAKE部門,青鹿毛,柳田酒造合名会社,0
11722,2,2021,,Silver Medal (銀賞),静ごころ,,5256,1840,verified,0.98,,,IWC (International Wine Challenge) SAKE部門,静ごころ,三和酒造株式会社,0
11723,4,2024,,第1位 (Gold 1st),風のまヽ,,5266,641,verified,0.98,,,SAKE COMPETITION,風のまヽ,都美人酒造株式会社,1
11724,3,2021,,銀賞 (Silver Award),風和かぜやわらか,,5273,228,verified,0.98,,,全米日本酒歓評会 (U.S. National Sake Appraisal),風和かぜやわらか,有限会社加藤酒造店,0
11725,2,2023,,Commended (推奨),飛騨路,,599,2160,verified,0.98,,,IWC (International Wine Challenge) SAKE部門,飛騨路,川尻酒造場,0
11726,2,2022,,Gold Medal (金賞),養老,,3553,2700,verified,0.98,,,IWC (International Wine Challenge) SAKE部門,養老,養老酒造株式会社,1
11727,5,2024,,最高金賞 (Grand Gold),香田,,6990,1126,verified,0.98,,,ワイングラスでおいしい日本酒アワード (Fine Sake Awards Japan),香田,ハクレイ酒造株式会社,1
11728,5,2021,,金賞 (Gold Award),香薫光,,5312,,verified,0.98,,,ワイングラスでおいしい日本酒アワード (Fine Sake Awards Japan),香薫光,須藤本家(株),1
11729,3,2023,,金賞 (Gold Award),駿州,,3940,674,verified,0.98,,,全米日本酒歓評会 (U.S. National Sake Appraisal),駿州,稲見酒造株式会社,1
11730,2,2025,,Silver Medal (銀賞),高垣,,4043,,verified,0.98,,,IWC (International Wine Challenge) SAKE部門,高垣,髙垣酒造（株）,0
11731,4,2025,,金賞 (Gold),高天,,5323,,verified,0.98,,,SAKE COMPETITION,高天,高天酒造（株）,1
11732,5,2021,,金賞 (Gold Award),高村桂,,4397,264,verified,0.98,,,ワイングラスでおいしい日本酒アワード (Fine Sake Awards Japan),高村桂,村祐酒造株式会社,1
11733,5,2025,,最高金賞 (Grand Gold),高清水 純米大吟醸,,5330,530,verified,0.98,,,ワイングラスでおいしい日本酒アワード (Fine Sake Awards Japan),高清水 純米大吟醸,秋田酒類製造株式会社,1
11734,2,2024,,Silver Medal (銀賞),鬼ころし,,5346,628,verified,0.98,,,IWC (International Wine Challenge) SAKE部門,鬼ころし,日本盛株式会社,0
11735,2,2022,,Gold Medal (金賞),魔愚魔,,5360,,verified,0.98,,,IWC (International Wine Challenge) SAKE部門,魔愚魔,来福酒造(株),1
11736,2,2024,,Silver Medal (銀賞),鯵ケ澤,,3680,,verified,0.98,,,IWC (International Wine Challenge) SAKE部門,鯵ケ澤,尾崎酒造（株）,0
11737,5,2023,,金賞 (Gold Award),鳩正宗,,6201,,verified,0.98,,,ワイングラスでおいしい日本酒アワード (Fine Sake Awards Japan),鳩正宗,鳩正宗（株）,1
11738,2,2023,,Gold Medal (金賞),鳳凰美田,,1527,947,verified,0.98,,,IWC (International Wine Challenge) SAKE部門,鳳凰美田,小林酒造,1
11739,3,2023,,グランプリ (Grand Prix),鳳瑞,,836,4281,verified,0.98,,,全米日本酒歓評会 (U.S. National Sake Appraisal),鳳瑞,合同酒精株式会社,0
11740,4,2023,,第2位 (Gold 2nd),鳳陽,,17232,4696,verified,0.98,,,SAKE COMPETITION,鳳陽,内ヶ崎酒造店,1
11741,5,2021,,最高金賞 (Grand Gold),鳴海,,16930,4296,verified,0.98,,,ワイングラスでおいしい日本酒アワード (Fine Sake Awards Japan),鳴海,東灘醸造,1
11742,4,2025,,第2位 (Gold 2nd),鳴門鯛,,466,6047,verified,0.98,,,SAKE COMPETITION,鳴門鯛,㈱本家松浦酒造場,1
11743,3,2020,,銀賞 (Silver Award),鴻城乃誉,,14174,1927,verified,0.98,,,全米日本酒歓評会 (U.S. National Sake Appraisal),鴻城乃誉,山城屋酒造株式会社,0
11744,2,2024,,SAKE Trophy (世界1位),鶴の友,,5403,300,verified,0.98,,,IWC (International Wine Challenge) SAKE部門,鶴の友,樋木酒造株式会社,1
11745,5,2021,,最高金賞 (Grand Gold),鶴水,,619,78,verified,0.98,,,ワイングラスでおいしい日本酒アワード (Fine Sake Awards Japan),鶴水,花春酒造 株式会社,1
11746,2,2021,,Gold Medal (金賞),鶴齢,,373,287,verified,0.98,,,IWC (International Wine Challenge) SAKE部門,鶴齢,青木酒造株式会社,1
11747,5,2023,,最高金賞 (Grand Gold),鷹勇,,5414,,verified,0.98,,,ワイングラスでおいしい日本酒アワード (Fine Sake Awards Japan),鷹勇,大谷酒造（株）,1
11748,4,2022,,第2位 (Gold 2nd),鸞,,5422,1393,verified,0.98,,,SAKE COMPETITION,鸞,盛田株式会社,1
11749,4,2024,,銀賞 (Silver),麒麟,,5427,272,verified,0.98,,,SAKE COMPETITION,麒麟,下越酒造株式会社,0
11750,3,2022,,銀賞 (Silver Award),麒麟山,,5428,283,verified,0.98,,,全米日本酒歓評会 (U.S. National Sake Appraisal),麒麟山,麒麟山酒造株式会社,0
11751,4,2023,,金賞 (Gold),麦焼酎 ばっかい 25度,,5437,994,verified,0.98,,,SAKE COMPETITION,麦焼酎 ばっかい 25度,鷹正宗 株式会社,1
11752,5,2025,,最高金賞 (Grand Gold),黄桜S純米大吟醸,,5455,665,verified,0.98,,,ワイングラスでおいしい日本酒アワード (Fine Sake Awards Japan),黄桜S純米大吟醸,黄桜株式会社,1
11753,3,2023,,銀賞 (Silver Award),黄桜ピアノ,,5456,665,verified,0.98,,,全米日本酒歓評会 (U.S. National Sake Appraisal),黄桜ピアノ,黄桜株式会社,0
11754,3,2020,,グランプリ (Grand Prix),黄金澤,,6105,4706,verified,0.98,,,全米日本酒歓評会 (U.S. National Sake Appraisal),黄金澤,川敬商店,0
11755,4,2025,,第1位 (Gold 1st),黒兜,,1983,933,verified,0.98,,,SAKE COMPETITION,黒兜,池亀酒造 株式会社,1
11756,4,2023,,第3位 (Gold 3rd),黒木,,2760,932,verified,0.98,,,SAKE COMPETITION,黒木,旭松酒造 株式会社,1
11757,3,2021,,グランプリ (Grand Prix),黒木大藤 米,,5469,946,verified,0.98,,,全米日本酒歓評会 (U.S. National Sake Appraisal),黒木大藤 米,合資会社 後藤酒造場,0
11758,5,2022,,最高金賞 (Grand Gold),黒松稲天,,18620,5785,verified,0.98,,,ワイングラスでおいしい日本酒アワード (Fine Sake Awards Japan),黒松稲天,稲田酒造 合名会社,1
11759,3,2021,,金賞 (Gold Award),黒松貴仙寿,,5475,5780,verified,0.98,,,全米日本酒歓評会 (U.S. National Sake Appraisal),黒松貴仙寿,奈良豊澤酒造 株式会社,1
11760,3,2024,,金賞 (Gold Award),黒檜,,15437,258,verified,0.98,,,全米日本酒歓評会 (U.S. National Sake Appraisal),黒檜,近藤酒造株式会社,1
11761,5,2022,,金賞 (Gold Award),黒泉山,,6562,7210,verified,0.98,,,ワイングラスでおいしい日本酒アワード (Fine Sake Awards Japan),黒泉山,宗政酒造株式会社,1
11762,4,2025,,金賞 (Gold),黒田武士 大吟醸酒 720ml,,5487,940,verified,0.98,,,SAKE COMPETITION,黒田武士 大吟醸酒 720ml,大里酒造 株式会社,1
11763,5,2021,,金賞 (Gold Award),黒騎士,,5495,990,verified,0.98,,,ワイングラスでおいしい日本酒アワード (Fine Sake Awards Japan),黒騎士,西吉田酒造 株式会社,1
11764,3,2023,,グランプリ (Grand Prix),龍の瞳,,5506,,verified,0.98,,,全米日本酒歓評会 (U.S. National Sake Appraisal),龍の瞳,（株）老田酒造店,0
11765,4,2025,,金賞 (Gold),龍力,,5509,652,verified,0.98,,,SAKE COMPETITION,龍力,株式会社本田商店,1
11766,2,2025,,Commended (推奨),龍王の舞,,12031,648,verified,0.98,,,IWC (International Wine Challenge) SAKE部門,龍王の舞,神崎酒造有限会社,0
11767,5,2022,,金賞 (Gold Award),？？？,,5528,6527,verified,0.98,,,ワイングラスでおいしい日本酒アワード (Fine Sake Awards Japan),？？？,株式会社町田酒造店,1
11768,4,2023,,第1位 (Gold 1st),｢神露」・純米吟醸,,3505,3207,verified,0.98,,,SAKE COMPETITION,｢神露」・純米吟醸,神露酒造,1
11769,3,2020,,金賞 (Gold Award),醸し人九平次,,5534,1378,verified,0.98,,,全米日本酒歓評会 (U.S. National Sake Appraisal),醸し人九平次,株式会社萬乗醸造,1
11770,4,2024,,第2位 (Gold 2nd),夏みかん酒,,5554,4295,verified,0.98,,,SAKE COMPETITION,夏みかん酒,吉野酒造,1
11771,2,2025,,Commended (推奨),益喜,,3759,7131,verified,0.98,,,IWC (International Wine Challenge) SAKE部門,益喜,赤嶺酒造場,0
11772,5,2025,,最高金賞 (Grand Gold),酔っちょくれ,,5567,7137,verified,0.98,,,ワイングラスでおいしい日本酒アワード (Fine Sake Awards Japan),酔っちょくれ,久保酒蔵,1
11773,3,2022,,金賞 (Gold Award),奴さん,,5572,7138,verified,0.98,,,全米日本酒歓評会 (U.S. National Sake Appraisal),奴さん,麻生本店,1
11774,3,2022,,金賞 (Gold Award),伊達之都,,17284,4697,verified,0.98,,,全米日本酒歓評会 (U.S. National Sake Appraisal),伊達之都,大和蔵酒造,1
11775,2,2021,,Silver Medal (銀賞),玉旭ECHOES,,5578,6080,verified,0.98,,,IWC (International Wine Challenge) SAKE部門,玉旭ECHOES,玉旭酒造有限会社,0
11776,2,2021,,Silver Medal (銀賞),雁木LIGHT,,5583,1928,verified,0.98,,,IWC (International Wine Challenge) SAKE部門,雁木LIGHT,八百新酒造株式会社,0
11777,3,2020,,グランプリ (Grand Prix),ハーモニー,,5586,1933,verified,0.98,,,全米日本酒歓評会 (U.S. National Sake Appraisal),ハーモニー,株式会社永山本家酒造場,0
11778,5,2021,,最高金賞 (Grand Gold),すずかぜ,,5605,,verified,0.98,,,ワイングラスでおいしい日本酒アワード (Fine Sake Awards Japan),すずかぜ,柄酒造（株）,1
11779,4,2024,,第1位 (Gold 1st),TAiiiiCHI,,5620,260,verified,0.98,,,SAKE COMPETITION,TAiiiiCHI,雪椿酒造株式会社,1
11780,5,2025,,金賞 (Gold Award),福寿松の井,,5632,7358,verified,0.98,,,ワイングラスでおいしい日本酒アワード (Fine Sake Awards Japan),福寿松の井,白相酒造,1
11781,2,2024,,Gold Medal (金賞),菜々,,5634,6760,verified,0.98,,,IWC (International Wine Challenge) SAKE部門,菜々,瑞鷹株式会社,1
11782,3,2021,,金賞 (Gold Award),珍珠,,5646,6768,verified,0.98,,,全米日本酒歓評会 (U.S. National Sake Appraisal),珍珠,亀萬酒造合資会社,1
11783,2,2023,,Gold Medal (金賞),しゅわり,,5646,6768,verified,0.98,,,IWC (International Wine Challenge) SAKE部門,しゅわり,亀萬酒造合資会社,1
11784,3,2023,,グランプリ (Grand Prix),加州菊酒,,5653,2246,verified,0.98,,,全米日本酒歓評会 (U.S. National Sake Appraisal),加州菊酒,菊姫合資会社,0
11785,4,2022,,第2位 (Gold 2nd),加州劔,,5653,2246,verified,0.98,,,SAKE COMPETITION,加州劔,菊姫合資会社,1
11786,2,2021,,SAKE Trophy (世界1位),譽,,5127,,verified,0.98,,,IWC (International Wine Challenge) SAKE部門,譽,片山酒造(株),1
11787,4,2022,,金賞 (Gold),運大吉,,12705,973,verified,0.98,,,SAKE COMPETITION,運大吉,瑞穂菊酒造 株式会社,1
11788,3,2023,,金賞 (Gold Award),やまとしずく,,11569,551,verified,0.98,,,全米日本酒歓評会 (U.S. National Sake Appraisal),やまとしずく,出羽鶴酒造株式会社,1
11789,5,2022,,金賞 (Gold Award),男一心,,5681,6545,verified,0.98,,,ワイングラスでおいしい日本酒アワード (Fine Sake Awards Japan),男一心,分福酒造株式会社,1
11790,4,2022,,第2位 (Gold 2nd),cuore di mela,,5686,,verified,0.98,,,SAKE COMPETITION,cuore di mela,（株）今井酒造店,1
11791,5,2024,,最高金賞 (Grand Gold),中川村のたま子,,5690,,verified,0.98,,,ワイングラスでおいしい日本酒アワード (Fine Sake Awards Japan),中川村のたま子,米澤酒造（株）,1
11792,4,2023,,第2位 (Gold 2nd),蔵隠し,,5693,,verified,0.98,,,SAKE COMPETITION,蔵隠し,七笑酒造（株）,1
11793,5,2024,,金賞 (Gold Award),緑の英君,,5706,1861,verified,0.98,,,ワイングラスでおいしい日本酒アワード (Fine Sake Awards Japan),緑の英君,英君酒造株式会社,1
11794,2,2024,,Silver Medal (銀賞),宵宵,,19676,868,verified,0.98,,,IWC (International Wine Challenge) SAKE部門,宵宵,高木酒造,0
11795,3,2023,,銀賞 (Silver Award),くらよし白壁土蔵,,5729,,verified,0.98,,,全米日本酒歓評会 (U.S. National Sake Appraisal),くらよし白壁土蔵,元帥酒造（株）,0
11796,4,2023,,金賞 (Gold),梅多利体,,5729,,verified,0.98,,,SAKE COMPETITION,梅多利体,元帥酒造（株）,1
11797,4,2025,,銀賞 (Silver),SORAH,,5734,,verified,0.98,,,SAKE COMPETITION,SORAH,千代むすび酒造（株）,0
11798,3,2023,,銀賞 (Silver Award),やまいし,,5738,,verified,0.98,,,全米日本酒歓評会 (U.S. National Sake Appraisal),やまいし,石川酒造(株),0
11799,5,2023,,金賞 (Gold Award),梅ヶ谷,,3955,7198,verified,0.98,,,ワイングラスでおいしい日本酒アワード (Fine Sake Awards Japan),梅ヶ谷,佐嘉酒造株式会社,1
11800,2,2021,,SAKE Trophy (世界1位),里の雪,,5749,7209,verified,0.98,,,IWC (International Wine Challenge) SAKE部門,里の雪,古伊万里酒造有限会社,1
11801,5,2021,,金賞 (Gold Award),清風極,,5753,6557,verified,0.98,,,ワイングラスでおいしい日本酒アワード (Fine Sake Awards Japan),清風極,国稀酒造株式会社,1
11802,2,2024,,Gold Medal (金賞),紫紺,,16855,4290,verified,0.98,,,IWC (International Wine Challenge) SAKE部門,紫紺,小泉酒造,1
11803,5,2025,,最高金賞 (Grand Gold),南白亀,,5762,4291,verified,0.98,,,ワイングラスでおいしい日本酒アワード (Fine Sake Awards Japan),南白亀,和蔵酒造竹岡蔵,1
11804,3,2024,,金賞 (Gold Award),真田忍び,,5770,,verified,0.98,,,全米日本酒歓評会 (U.S. National Sake Appraisal),真田忍び,初桜酒造（株）,1
11805,3,2021,,グランプリ (Grand Prix),歓喜,,5774,,verified,0.98,,,全米日本酒歓評会 (U.S. National Sake Appraisal),歓喜,初光酒造（株）,0
11806,4,2022,,第1位 (Gold 1st),Vサイン,,5774,,verified,0.98,,,SAKE COMPETITION,Vサイン,初光酒造（株）,1
11807,4,2024,,第1位 (Gold 1st),貉藻,,6289,2508,verified,0.98,,,SAKE COMPETITION,貉藻,株式会社東亜酒造,1
11808,2,2021,,Gold Medal (金賞),やつがい,,5791,7139,verified,0.98,,,IWC (International Wine Challenge) SAKE部門,やつがい,二階堂酒造,1
11809,5,2025,,最高金賞 (Grand Gold),神秘薫,,18705,5797,verified,0.98,,,ワイングラスでおいしい日本酒アワード (Fine Sake Awards Japan),神秘薫,五條酒造 株式会社,1
11810,4,2023,,金賞 (Gold),星河一天,,5804,6867,verified,0.98,,,SAKE COMPETITION,星河一天,佐藤焼酎製造場株式会社,1
11811,4,2024,,第2位 (Gold 2nd),明月まさり,,6324,6876,verified,0.98,,,SAKE COMPETITION,明月まさり,明石酒造株式会社,1
11812,4,2023,,第3位 (Gold 3rd),梶並,,5822,6885,verified,0.98,,,SAKE COMPETITION,梶並,株式会社酒蔵王手門,1
11813,5,2024,,最高金賞 (Grand Gold),牢,,5822,6885,verified,0.98,,,ワイングラスでおいしい日本酒アワード (Fine Sake Awards Japan),牢,株式会社酒蔵王手門,1
11814,4,2025,,銀賞 (Silver),油津吟,,5829,6886,verified,0.98,,,SAKE COMPETITION,油津吟,株式会社京屋酒造,0
11815,4,2024,,銀賞 (Silver),河童の誘い水,,5829,6886,verified,0.98,,,SAKE COMPETITION,河童の誘い水,株式会社京屋酒造,0
11816,2,2022,,Gold Medal (金賞),宮田屋,,5844,6890,verified,0.98,,,IWC (International Wine Challenge) SAKE部門,宮田屋,株式会社宮田本店,1
11817,4,2024,,第1位 (Gold 1st),大地の香味,,5844,6890,verified,0.98,,,SAKE COMPETITION,大地の香味,株式会社宮田本店,1
11818,2,2022,,SAKE Trophy (世界1位),KUROUMA taru,,5863,3802,verified,0.98,,,IWC (International Wine Challenge) SAKE部門,KUROUMA taru,神楽酒造株式会社,1
11819,4,2025,,銀賞 (Silver),富の香,,19116,6077,verified,0.98,,,SAKE COMPETITION,富の香,富美菊酒造株式会社,0
11820,5,2024,,最高金賞 (Grand Gold),シャトーヤマグチ,,5868,1924,verified,0.98,,,ワイングラスでおいしい日本酒アワード (Fine Sake Awards Japan),シャトーヤマグチ,永山酒造合名会社,1
11821,2,2021,,Gold Medal (金賞),ヴァンフォーレ甲府ワイン,,5873,6168,verified,0.98,,,IWC (International Wine Challenge) SAKE部門,ヴァンフォーレ甲府ワイン,株式会社サン．フーズ,1
11822,3,2022,,グランプリ (Grand Prix),吟香室町,,23716,3194,verified,0.98,,,全米日本酒歓評会 (U.S. National Sake Appraisal),吟香室町,室町酒造,0
11823,3,2020,,グランプリ (Grand Prix),備州,,2005,3218,verified,0.98,,,全米日本酒歓評会 (U.S. National Sake Appraisal),備州,白菊酒造株式会社,0
11824,5,2023,,最高金賞 (Grand Gold),香春梅,,2005,3218,verified,0.98,,,ワイングラスでおいしい日本酒アワード (Fine Sake Awards Japan),香春梅,白菊酒造株式会社,1
11825,2,2023,,Commended (推奨),うん、何？,,4250,7288,verified,0.98,,,IWC (International Wine Challenge) SAKE部門,うん、何？,木次酒造株式会社,0
11826,4,2025,,第2位 (Gold 2nd),奥出雲の一滴,,5909,7291,verified,0.98,,,SAKE COMPETITION,奥出雲の一滴,奥出雲酒造株式会社,1
11827,5,2021,,最高金賞 (Grand Gold),白ブタ,,3591,7294,verified,0.98,,,ワイングラスでおいしい日本酒アワード (Fine Sake Awards Japan),白ブタ,日本海酒造株式会社,1
11828,4,2025,,第2位 (Gold 2nd),縁の舞,,5923,7296,verified,0.98,,,SAKE COMPETITION,縁の舞,株式会社酒持田本店,1
11829,5,2022,,金賞 (Gold Award),濃酒井,,5923,7296,verified,0.98,,,ワイングラスでおいしい日本酒アワード (Fine Sake Awards Japan),濃酒井,株式会社酒持田本店,1
11830,5,2023,,最高金賞 (Grand Gold),からさでの梅酒,,5923,7296,verified,0.98,,,ワイングラスでおいしい日本酒アワード (Fine Sake Awards Japan),からさでの梅酒,株式会社酒持田本店,1
11831,4,2023,,第1位 (Gold 1st),出雲神庭,,5923,7296,verified,0.98,,,SAKE COMPETITION,出雲神庭,株式会社酒持田本店,1
11832,2,2022,,SAKE Trophy (世界1位),NOBU,,5946,244,verified,0.98,,,IWC (International Wine Challenge) SAKE部門,NOBU,株式会社北雪酒造,1
11833,2,2022,,Silver Medal (銀賞),加賀雪梅,,2973,1914,verified,0.98,,,IWC (International Wine Challenge) SAKE部門,加賀雪梅,中村酒造株式会社,0
11834,2,2024,,Commended (推奨),GRAND-LUXE UMESHU,,5982,2248,verified,0.98,,,IWC (International Wine Challenge) SAKE部門,GRAND-LUXE UMESHU,株式会社車多酒造,0
11835,5,2023,,最高金賞 (Grand Gold),真紅,,5988,,verified,0.98,,,ワイングラスでおいしい日本酒アワード (Fine Sake Awards Japan),真紅,安本酒造(有),1
11836,4,2024,,第3位 (Gold 3rd),桜鼠,,5988,,verified,0.98,,,SAKE COMPETITION,桜鼠,安本酒造(有),1
11837,4,2024,,第2位 (Gold 2nd),PEAK,,5997,,verified,0.98,,,SAKE COMPETITION,PEAK,吉田酒造(有),1
11838,3,2023,,銀賞 (Silver Award),米てきてき,,5997,,verified,0.98,,,全米日本酒歓評会 (U.S. National Sake Appraisal),米てきてき,吉田酒造(有),0
11839,2,2023,,Gold Medal (金賞),SOW,,3754,,verified,0.98,,,IWC (International Wine Challenge) SAKE部門,SOW,真名鶴酒造(資),1
11840,2,2025,,Gold Medal (金賞),@Party,,6009,119,verified,0.98,,,IWC (International Wine Challenge) SAKE部門,@Party,磐梯酒造 株式会社,1
11841,3,2023,,金賞 (Gold Award),無重力,,6009,119,verified,0.98,,,全米日本酒歓評会 (U.S. National Sake Appraisal),無重力,磐梯酒造 株式会社,1
11842,4,2025,,第3位 (Gold 3rd),ホマレ焼酎,,6012,125,verified,0.98,,,SAKE COMPETITION,ホマレ焼酎,ほまれ酒造 株式会社,1
11843,3,2024,,銀賞 (Silver Award),ねっかHI,,6016,33103,verified,0.98,,,全米日本酒歓評会 (U.S. National Sake Appraisal),ねっかHI,合同会社ねっか,0
11844,5,2024,,最高金賞 (Grand Gold),一穂積,,11272,531,verified,0.98,,,ワイングラスでおいしい日本酒アワード (Fine Sake Awards Japan),一穂積,浅舞酒造株式会社,1
11845,4,2024,,第2位 (Gold 2nd),シュワトロ,,11272,531,verified,0.98,,,SAKE COMPETITION,シュワトロ,浅舞酒造株式会社,1
11846,2,2024,,Gold Medal (金賞),天黒,,11272,531,verified,0.98,,,IWC (International Wine Challenge) SAKE部門,天黒,浅舞酒造株式会社,1
11847,5,2025,,金賞 (Gold Award),美稲八〇,,11272,531,verified,0.98,,,ワイングラスでおいしい日本酒アワード (Fine Sake Awards Japan),美稲八〇,浅舞酒造株式会社,1
11848,3,2020,,銀賞 (Silver Award),夏金魚,,6052,,verified,0.98,,,全米日本酒歓評会 (U.S. National Sake Appraisal),夏金魚,（株）舞姫,0
11849,2,2022,,Gold Medal (金賞),蛍,,6056,,verified,0.98,,,IWC (International Wine Challenge) SAKE部門,蛍,若林醸造（株）,1
11850,4,2024,,銀賞 (Silver),松緑,,6058,,verified,0.98,,,SAKE COMPETITION,松緑,（株）松緑酒造,0
11851,4,2022,,第3位 (Gold 3rd),蔵酒生,,6065,6742,verified,0.98,,,SAKE COMPETITION,蔵酒生,土佐鶴酒造,1
11852,4,2024,,第2位 (Gold 2nd),香りレギュラー,,6065,6742,verified,0.98,,,SAKE COMPETITION,香りレギュラー,土佐鶴酒造,1
11853,5,2025,,金賞 (Gold Award),寅,,8802,6750,verified,0.98,,,ワイングラスでおいしい日本酒アワード (Fine Sake Awards Japan),寅,酔鯨酒造有限会社,1
11854,3,2021,,銀賞 (Silver Award),嘉宝,,8282,617,verified,0.98,,,全米日本酒歓評会 (U.S. National Sake Appraisal),嘉宝,菊正宗酒造株式会社,0
11855,5,2024,,最高金賞 (Grand Gold),TUMUGI,,6097,7132,verified,0.98,,,ワイングラスでおいしい日本酒アワード (Fine Sake Awards Japan),TUMUGI,三和酒類株式会社,1
11856,3,2020,,グランプリ (Grand Prix),小野屋のゆず,,251,,verified,0.98,,,全米日本酒歓評会 (U.S. National Sake Appraisal),小野屋のゆず,小野酒造（有）,0
11857,2,2022,,SAKE Trophy (世界1位),吉野物語,,6103,5803,verified,0.98,,,IWC (International Wine Challenge) SAKE部門,吉野物語,株式会社 北岡本店,1
11858,3,2024,,グランプリ (Grand Prix),HITOMEBORE,,6105,4706,verified,0.98,,,全米日本酒歓評会 (U.S. National Sake Appraisal),HITOMEBORE,川敬商店,0
11859,2,2025,,SAKE Trophy (世界1位),芋の達人,,6106,4613,verified,0.98,,,IWC (International Wine Challenge) SAKE部門,芋の達人,井上酒造株式会社,1
11860,4,2022,,銀賞 (Silver),十二代目伊兵衛,,6117,,verified,0.98,,,SAKE COMPETITION,十二代目伊兵衛,林酒造（株）,0
11861,2,2025,,SAKE Trophy (世界1位),あばの颯,,6118,3222,verified,0.98,,,IWC (International Wine Challenge) SAKE部門,あばの颯,難波酒造,1
11862,3,2021,,金賞 (Gold Award),奥州ノ龍,,6122,,verified,0.98,,,全米日本酒歓評会 (U.S. National Sake Appraisal),奥州ノ龍,岩手銘醸（株）,1
11863,4,2025,,第2位 (Gold 2nd),陸奥の友,,6122,,verified,0.98,,,SAKE COMPETITION,陸奥の友,岩手銘醸（株）,1
11864,4,2024,,第1位 (Gold 1st),美月,,17754,990,verified,0.98,,,SAKE COMPETITION,美月,吉田酒造株式会社,1
11865,5,2023,,金賞 (Gold Award),蔵誉,,6675,297,verified,0.98,,,ワイングラスでおいしい日本酒アワード (Fine Sake Awards Japan),蔵誉,株式会社越後酒造場,1
11866,2,2022,,Gold Medal (金賞),さくや,,6150,6761,verified,0.98,,,IWC (International Wine Challenge) SAKE部門,さくや,通潤酒造株式会社,1
11867,5,2022,,金賞 (Gold Award),フィジーイーパッション,,6156,6766,verified,0.98,,,ワイングラスでおいしい日本酒アワード (Fine Sake Awards Japan),フィジーイーパッション,河津酒造株式会社,1
11868,3,2023,,金賞 (Gold Award),秋水,,6156,6766,verified,0.98,,,全米日本酒歓評会 (U.S. National Sake Appraisal),秋水,河津酒造株式会社,1
11869,3,2023,,銀賞 (Silver Award),シラヤマフウロ,,14959,2252,verified,0.98,,,全米日本酒歓評会 (U.S. National Sake Appraisal),シラヤマフウロ,合同会社西出酒造,0
11870,5,2021,,最高金賞 (Grand Gold),古久,,6170,988,verified,0.98,,,ワイングラスでおいしい日本酒アワード (Fine Sake Awards Japan),古久,ゑびす酒造 株式会社,1
11871,2,2025,,Silver Medal (銀賞),いにしえ,,771,989,verified,0.98,,,IWC (International Wine Challenge) SAKE部門,いにしえ,株式会社 天盃,0
11872,2,2023,,SAKE Trophy (世界1位),益益繁盛,,771,989,verified,0.98,,,IWC (International Wine Challenge) SAKE部門,益益繁盛,株式会社 天盃,1
11873,5,2025,,最高金賞 (Grand Gold),無彩キュービック,,6178,993,verified,0.98,,,ワイングラスでおいしい日本酒アワード (Fine Sake Awards Japan),無彩キュービック,溝上酒造 株式会社,1
11874,3,2021,,金賞 (Gold Award),皆伝,,6185,98,verified,0.98,,,全米日本酒歓評会 (U.S. National Sake Appraisal),皆伝,大七酒造 株式会社,1
11875,5,2021,,金賞 (Gold Award),純米生酛CLASSIC,,6185,98,verified,0.98,,,ワイングラスでおいしい日本酒アワード (Fine Sake Awards Japan),純米生酛CLASSIC,大七酒造 株式会社,1
11876,3,2021,,金賞 (Gold Award),八ッ場の風,,6188,6538,verified,0.98,,,全米日本酒歓評会 (U.S. National Sake Appraisal),八ッ場の風,浅間酒造株式会社,1
11877,2,2025,,SAKE Trophy (世界1位),尾瀬の木道,,6190,6540,verified,0.98,,,IWC (International Wine Challenge) SAKE部門,尾瀬の木道,土田酒造株式会社,1
11878,4,2025,,金賞 (Gold),森嶋25＋,,6195,,verified,0.98,,,SAKE COMPETITION,森嶋25＋,森島酒造(株),1
11879,2,2021,,Gold Medal (金賞),本菊泉,,6199,,verified,0.98,,,IWC (International Wine Challenge) SAKE部門,本菊泉,橘倉酒造（株）,1
11880,3,2021,,グランプリ (Grand Prix),稲本屋利右衛門,,6201,,verified,0.98,,,全米日本酒歓評会 (U.S. National Sake Appraisal),稲本屋利右衛門,鳩正宗（株）,0
11881,5,2025,,金賞 (Gold Award),武士道,,6201,,verified,0.98,,,ワイングラスでおいしい日本酒アワード (Fine Sake Awards Japan),武士道,鳩正宗（株）,1
11882,5,2022,,最高金賞 (Grand Gold),土佐麗,,6214,6754,verified,0.98,,,ワイングラスでおいしい日本酒アワード (Fine Sake Awards Japan),土佐麗,司牡丹酒造,1
11883,5,2025,,最高金賞 (Grand Gold),かまわぬ,,6214,6754,verified,0.98,,,ワイングラスでおいしい日本酒アワード (Fine Sake Awards Japan),かまわぬ,司牡丹酒造,1
11884,5,2023,,金賞 (Gold Award),柚子の大バカ,,6214,6754,verified,0.98,,,ワイングラスでおいしい日本酒アワード (Fine Sake Awards Japan),柚子の大バカ,司牡丹酒造,1
11885,4,2023,,金賞 (Gold),SHIMANTO BLUE,,6218,6756,verified,0.98,,,SAKE COMPETITION,SHIMANTO BLUE,文本酒造,1
11886,4,2024,,銀賞 (Silver),DARUMA GLITCH,,6218,6756,verified,0.98,,,SAKE COMPETITION,DARUMA GLITCH,文本酒造,0
11887,4,2022,,第2位 (Gold 2nd),八上姫,,6222,,verified,0.98,,,SAKE COMPETITION,八上姫,諏訪酒造（株）,1
11888,2,2022,,Silver Medal (銀賞),大国主命,,6222,,verified,0.98,,,IWC (International Wine Challenge) SAKE部門,大国主命,諏訪酒造（株）,0
11889,4,2022,,第1位 (Gold 1st),田中農場,,6222,,verified,0.98,,,SAKE COMPETITION,田中農場,諏訪酒造（株）,1
11890,4,2024,,第1位 (Gold 1st),海人ロマン,,7365,,verified,0.98,,,SAKE COMPETITION,海人ロマン,(株)伊勢萬,1
11891,4,2025,,第3位 (Gold 3rd),ウメノミコト,,7365,,verified,0.98,,,SAKE COMPETITION,ウメノミコト,(株)伊勢萬,1
11892,2,2024,,Silver Medal (銀賞),ReBrew,,6234,,verified,0.98,,,IWC (International Wine Challenge) SAKE部門,ReBrew,瀧自慢酒造(株),0
11893,5,2025,,金賞 (Gold Award),BariPi,,6562,7210,verified,0.98,,,ワイングラスでおいしい日本酒アワード (Fine Sake Awards Japan),BariPi,宗政酒造株式会社,1
11894,3,2023,,金賞 (Gold Award),XYGIN,,6241,7217,verified,0.98,,,全米日本酒歓評会 (U.S. National Sake Appraisal),XYGIN,合資会社光武酒造場,1
11895,2,2022,,Gold Medal (金賞),生の贅沢,,5346,628,verified,0.98,,,IWC (International Wine Challenge) SAKE部門,生の贅沢,日本盛株式会社,1
11896,3,2023,,グランプリ (Grand Prix),百宝,,1611,6556,verified,0.98,,,全米日本酒歓評会 (U.S. National Sake Appraisal),百宝,日本清酒株式会社,0
11897,2,2023,,Gold Medal (金賞),千乃匠,,1611,6556,verified,0.98,,,IWC (International Wine Challenge) SAKE部門,千乃匠,日本清酒株式会社,1
11898,2,2023,,Commended (推奨),星合,,3632,4276,verified,0.98,,,IWC (International Wine Challenge) SAKE部門,星合,飯沼本家,0
11899,4,2022,,第3位 (Gold 3rd),K Ensemble,,6271,4298,verified,0.98,,,SAKE COMPETITION,K Ensemble,木戸泉酒造,1
11900,5,2024,,金賞 (Gold Award),古今,,6271,4298,verified,0.98,,,ワイングラスでおいしい日本酒アワード (Fine Sake Awards Japan),古今,木戸泉酒造,1
11901,5,2023,,金賞 (Gold Award),ゴールデンホース,,6289,2508,verified,0.98,,,ワイングラスでおいしい日本酒アワード (Fine Sake Awards Japan),ゴールデンホース,株式会社東亜酒造,1
11902,2,2025,,Gold Medal (金賞),天眞,,3326,7113,verified,0.98,,,IWC (International Wine Challenge) SAKE部門,天眞,大地酒造,1
11903,2,2024,,Silver Medal (銀賞),瑞鳳,,3326,7113,verified,0.98,,,IWC (International Wine Challenge) SAKE部門,瑞鳳,大地酒造,0
11904,5,2021,,金賞 (Gold Award),毛利,,3330,7127,verified,0.98,,,ワイングラスでおいしい日本酒アワード (Fine Sake Awards Japan),毛利,ぶんご銘醸,1
11905,3,2020,,グランプリ (Grand Prix),山乃かみ,,6301,5799,verified,0.98,,,全米日本酒歓評会 (U.S. National Sake Appraisal),山乃かみ,西内酒造,0
11906,3,2021,,銀賞 (Silver Award),29福,,2016,2491,verified,0.98,,,全米日本酒歓評会 (U.S. National Sake Appraisal),29福,寒梅酒造,0
11907,5,2023,,最高金賞 (Grand Gold),秋空,,4379,4718,verified,0.98,,,ワイングラスでおいしい日本酒アワード (Fine Sake Awards Japan),秋空,蔵王酒造,1
11908,5,2023,,金賞 (Gold Award),明月ほまれ,,6324,6876,verified,0.98,,,ワイングラスでおいしい日本酒アワード (Fine Sake Awards Japan),明月ほまれ,明石酒造株式会社,1
11909,2,2024,,Silver Medal (銀賞),六観音,,6324,6876,verified,0.98,,,IWC (International Wine Challenge) SAKE部門,六観音,明石酒造株式会社,0
11910,5,2025,,金賞 (Gold Award),えびのいそじ,,6324,6876,verified,0.98,,,ワイングラスでおいしい日本酒アワード (Fine Sake Awards Japan),えびのいそじ,明石酒造株式会社,1
11911,5,2023,,金賞 (Gold Award),薩摩古秘,,6328,6883,verified,0.98,,,ワイングラスでおいしい日本酒アワード (Fine Sake Awards Japan),薩摩古秘,雲海酒造株式会社,1
11912,3,2024,,金賞 (Gold Award),初御代,,6328,6883,verified,0.98,,,全米日本酒歓評会 (U.S. National Sake Appraisal),初御代,雲海酒造株式会社,1
11913,4,2025,,第1位 (Gold 1st),ノ壱,,5583,1928,verified,0.98,,,SAKE COMPETITION,ノ壱,八百新酒造株式会社,1
11914,3,2024,,銀賞 (Silver Award),大棟梁,,6117,,verified,0.98,,,全米日本酒歓評会 (U.S. National Sake Appraisal),大棟梁,林酒造（株）,0
11915,5,2024,,金賞 (Gold Award),いそっ子,,5150,7281,verified,0.98,,,ワイングラスでおいしい日本酒アワード (Fine Sake Awards Japan),いそっ子,隠岐酒造株式会社,1
11916,3,2023,,銀賞 (Silver Award),神々の国 出雲,,6377,7297,verified,0.98,,,全米日本酒歓評会 (U.S. National Sake Appraisal),神々の国 出雲,金鳳酒造有限会社,0
11917,5,2023,,金賞 (Gold Award),歌舞伎座 大吟醸,,6380,7305,verified,0.98,,,ワイングラスでおいしい日本酒アワード (Fine Sake Awards Japan),歌舞伎座 大吟醸,一宮酒造有限会社,1
11918,2,2021,,Commended (推奨),大入,,10382,215,verified,0.98,,,IWC (International Wine Challenge) SAKE部門,大入,加茂錦酒造株式会社,0
11919,5,2023,,最高金賞 (Grand Gold),深静MIJO,,6394,231,verified,0.98,,,ワイングラスでおいしい日本酒アワード (Fine Sake Awards Japan),深静MIJO,尾畑酒造株式会社,1
11920,5,2023,,最高金賞 (Grand Gold),魔の鶴,,6394,231,verified,0.98,,,ワイングラスでおいしい日本酒アワード (Fine Sake Awards Japan),魔の鶴,尾畑酒造株式会社,1
11921,4,2024,,第2位 (Gold 2nd),涼鈴,,5620,260,verified,0.98,,,SAKE COMPETITION,涼鈴,雪椿酒造株式会社,1
11922,5,2021,,最高金賞 (Grand Gold),MURAMATSU-SAKURA,,6413,290,verified,0.98,,,ワイングラスでおいしい日本酒アワード (Fine Sake Awards Japan),MURAMATSU-SAKURA,金鵄盃酒造株式会社,1
11923,4,2024,,銀賞 (Silver),蔵人の味と技,,6414,292,verified,0.98,,,SAKE COMPETITION,蔵人の味と技,池浦酒造株式会社,0
11924,5,2024,,最高金賞 (Grand Gold),夢ささら,,6425,2713,verified,0.98,,,ワイングラスでおいしい日本酒アワード (Fine Sake Awards Japan),夢ささら,宇都宮酒造,1
11925,3,2020,,グランプリ (Grand Prix),はつはな,,6425,2713,verified,0.98,,,全米日本酒歓評会 (U.S. National Sake Appraisal),はつはな,宇都宮酒造,0
11926,5,2025,,最高金賞 (Grand Gold),尚仁沢,,20104,7350,verified,0.98,,,ワイングラスでおいしい日本酒アワード (Fine Sake Awards Japan),尚仁沢,森戸酒造,1
11927,3,2022,,銀賞 (Silver Award),いきいき生ゆず,,6444,5983,verified,0.98,,,全米日本酒歓評会 (U.S. National Sake Appraisal),いきいき生ゆず,浪乃音酒造株式会社,0
11928,2,2021,,Gold Medal (金賞),桜とんぼ,,6454,4622,verified,0.98,,,IWC (International Wine Challenge) SAKE部門,桜とんぼ,泉橋酒造株式会社,1
11929,5,2021,,最高金賞 (Grand Gold),イカシタ,,6454,4622,verified,0.98,,,ワイングラスでおいしい日本酒アワード (Fine Sake Awards Japan),イカシタ,泉橋酒造株式会社,1
11930,4,2022,,第2位 (Gold 2nd),越前忘憂,,2805,,verified,0.98,,,SAKE COMPETITION,越前忘憂,(株)越の磯,1
11931,4,2025,,第2位 (Gold 2nd),会津印,,619,78,verified,0.98,,,SAKE COMPETITION,会津印,花春酒造 株式会社,1
11932,2,2021,,Commended (推奨),あまいすえひろ,,6460,117,verified,0.98,,,IWC (International Wine Challenge) SAKE部門,あまいすえひろ,末廣酒造 株式会社 嘉永蔵,0
11933,4,2025,,第3位 (Gold 3rd),やわら三万石,,6474,,verified,0.98,,,SAKE COMPETITION,やわら三万石,(株)竹村酒造店,1
11934,4,2023,,第1位 (Gold 1st),福田,,6477,6986,verified,0.98,,,SAKE COMPETITION,福田,福田酒造株式会社,1
11935,3,2020,,金賞 (Gold Award),金寿,,6485,,verified,0.98,,,全米日本酒歓評会 (U.S. National Sake Appraisal),金寿,宮坂醸造（株）,1
11936,3,2024,,金賞 (Gold Award),深海酒,,4003,233,verified,0.98,,,全米日本酒歓評会 (U.S. National Sake Appraisal),深海酒,菊水酒造,1
11937,4,2023,,金賞 (Gold),E-style,,4003,233,verified,0.98,,,SAKE COMPETITION,E-style,菊水酒造,1
11938,4,2023,,第3位 (Gold 3rd),ヤマモモワイン,,4003,233,verified,0.98,,,SAKE COMPETITION,ヤマモモワイン,菊水酒造,1
11939,4,2024,,第1位 (Gold 1st),潦（にわたずみ）,,6532,6744,verified,0.98,,,SAKE COMPETITION,潦（にわたずみ）,有光酒造場,1
11940,4,2023,,銀賞 (Silver),PRUNE MAGIC,,6537,6172,verified,0.98,,,SAKE COMPETITION,PRUNE MAGIC,濵田酒造株式会社,0
11941,4,2022,,銀賞 (Silver),天璋院篤姫,,6537,6172,verified,0.98,,,SAKE COMPETITION,天璋院篤姫,濵田酒造株式会社,0
11942,5,2021,,金賞 (Gold Award),ポンド,,12978,1127,verified,0.98,,,ワイングラスでおいしい日本酒アワード (Fine Sake Awards Japan),ポンド,池田酒造株式会社,1
11943,3,2022,,グランプリ (Grand Prix),からつくんち,,6549,7204,verified,0.98,,,全米日本酒歓評会 (U.S. National Sake Appraisal),からつくんち,鳴滝酒造株式会社,0
11944,2,2024,,SAKE Trophy (世界1位),太閤梅,,6549,7204,verified,0.98,,,IWC (International Wine Challenge) SAKE部門,太閤梅,鳴滝酒造株式会社,1
11945,2,2024,,SAKE Trophy (世界1位),古陶里,,6562,7210,verified,0.98,,,IWC (International Wine Challenge) SAKE部門,古陶里,宗政酒造株式会社,1
11946,5,2023,,金賞 (Gold Award),美鶴乃舞,,6562,7210,verified,0.98,,,ワイングラスでおいしい日本酒アワード (Fine Sake Awards Japan),美鶴乃舞,宗政酒造株式会社,1
11947,4,2022,,金賞 (Gold),嬉遊-KIYOU-,,6562,7210,verified,0.98,,,SAKE COMPETITION,嬉遊-KIYOU-,宗政酒造株式会社,1
11948,4,2022,,銀賞 (Silver),柔道,,6568,654,verified,0.98,,,SAKE COMPETITION,柔道,姫路灘菊酒造株式会社,0
11949,2,2022,,SAKE Trophy (世界1位),復古酒,,19537,89,verified,0.98,,,IWC (International Wine Challenge) SAKE部門,復古酒,男山株式会社,1
11950,4,2023,,金賞 (Gold),御免酒,,19537,89,verified,0.98,,,SAKE COMPETITION,御免酒,男山株式会社,1
11951,4,2024,,第1位 (Gold 1st),ブルーサーマル,,15129,2483,verified,0.98,,,SAKE COMPETITION,ブルーサーマル,権田酒造株式会社,1
11952,5,2022,,最高金賞 (Grand Gold),神龜乃黄金酒,,18605,5784,verified,0.98,,,ワイングラスでおいしい日本酒アワード (Fine Sake Awards Japan),神龜乃黄金酒,株式会社中本酒造店,1
11953,5,2021,,金賞 (Gold Award),稲章,,6105,4706,verified,0.98,,,ワイングラスでおいしい日本酒アワード (Fine Sake Awards Japan),稲章,川敬商店,1
11954,4,2024,,第1位 (Gold 1st),岩泉,,8741,6076,verified,0.98,,,SAKE COMPETITION,岩泉,株式会社桝田酒造店,1
11955,5,2022,,最高金賞 (Grand Gold),やまぐちワイン,,5868,1924,verified,0.98,,,ワイングラスでおいしい日本酒アワード (Fine Sake Awards Japan),やまぐちワイン,永山酒造合名会社,1
11956,3,2023,,銀賞 (Silver Award),Bd-14,,6604,1931,verified,0.98,,,全米日本酒歓評会 (U.S. National Sake Appraisal),Bd-14,八千代酒造合名会社,0
11957,3,2024,,グランプリ (Grand Prix),夏吟,,14217,1934,verified,0.98,,,全米日本酒歓評会 (U.S. National Sake Appraisal),夏吟,有限会社岡崎酒造場,0
11958,3,2022,,金賞 (Gold Award),出羽桜 ヴィンテージ・サケ・コレクション,,6613,,verified,0.98,,,全米日本酒歓評会 (U.S. National Sake Appraisal),出羽桜 ヴィンテージ・サケ・コレクション,出羽桜酒造（株）,1
11959,5,2023,,最高金賞 (Grand Gold),生いき,,4171,6160,verified,0.98,,,ワイングラスでおいしい日本酒アワード (Fine Sake Awards Japan),生いき,谷櫻酒造有限会社,1
11960,5,2021,,最高金賞 (Grand Gold),吟醸おり酒,,4171,6160,verified,0.98,,,ワイングラスでおいしい日本酒アワード (Fine Sake Awards Japan),吟醸おり酒,谷櫻酒造有限会社,1
11961,5,2023,,金賞 (Gold Award),OLIFANT,,6626,6170,verified,0.98,,,ワイングラスでおいしい日本酒アワード (Fine Sake Awards Japan),OLIFANT,笹一酒造株式会社,1
11962,2,2024,,Silver Medal (銀賞),白八咫,,6626,6170,verified,0.98,,,IWC (International Wine Challenge) SAKE部門,白八咫,笹一酒造株式会社,0
11963,5,2022,,金賞 (Gold Award),時次郎,,6634,3199,verified,0.98,,,ワイングラスでおいしい日本酒アワード (Fine Sake Awards Japan),時次郎,十八盛酒造,1
11964,2,2022,,Silver Medal (銀賞),おをおおぎ,,6645,7304,verified,0.98,,,IWC (International Wine Challenge) SAKE部門,おをおおぎ,株式会社田部竹下酒造,0
11965,2,2022,,Silver Medal (銀賞),江戸の粋,,6380,7305,verified,0.98,,,IWC (International Wine Challenge) SAKE部門,江戸の粋,一宮酒造有限会社,0
11966,3,2024,,グランプリ (Grand Prix),菊水のお晩です,,4003,233,verified,0.98,,,全米日本酒歓評会 (U.S. National Sake Appraisal),菊水のお晩です,菊水酒造株式会社,0
11967,3,2023,,銀賞 (Silver Award),華甲,,6666,248,verified,0.98,,,全米日本酒歓評会 (U.S. National Sake Appraisal),華甲,塩川酒造株式会社,0
11968,2,2024,,Commended (推奨),柏露花火,,6667,253,verified,0.98,,,IWC (International Wine Challenge) SAKE部門,柏露花火,柏露酒造株式会社,0
11969,2,2024,,Silver Medal (銀賞),赤玉風味,,6671,291,verified,0.98,,,IWC (International Wine Challenge) SAKE部門,赤玉風味,玉川酒造株式会社,0
11970,2,2022,,Silver Medal (銀賞),越後の辛口純米酒,,6675,297,verified,0.98,,,IWC (International Wine Challenge) SAKE部門,越後の辛口純米酒,株式会社越後酒造場,0
11971,2,2023,,SAKE Trophy (世界1位),益子の炎,,1923,7340,verified,0.98,,,IWC (International Wine Challenge) SAKE部門,益子の炎,外池酒造店,1
11972,5,2022,,最高金賞 (Grand Gold),鏡田,,1561,540,verified,0.98,,,ワイングラスでおいしい日本酒アワード (Fine Sake Awards Japan),鏡田,千歳盛酒造株式会社,1
11973,5,2022,,金賞 (Gold Award),九割一分,,1561,540,verified,0.98,,,ワイングラスでおいしい日本酒アワード (Fine Sake Awards Japan),九割一分,千歳盛酒造株式会社,1
11974,4,2022,,銀賞 (Silver),土田生酛,,6190,6540,verified,0.98,,,SAKE COMPETITION,土田生酛,土田酒造株式会社,0
11975,2,2023,,Gold Medal (金賞),吟織,,6738,,verified,0.98,,,IWC (International Wine Challenge) SAKE部門,吟織,大澤酒造（株）,1
11976,5,2021,,金賞 (Gold Award),日本の夏,,6738,,verified,0.98,,,ワイングラスでおいしい日本酒アワード (Fine Sake Awards Japan),日本の夏,大澤酒造（株）,1
11977,4,2024,,第2位 (Gold 2nd),酒の華,,413,,verified,0.98,,,SAKE COMPETITION,酒の華,黒澤酒造（株）,1
11978,3,2024,,銀賞 (Silver Award),カワセミ,,6749,,verified,0.98,,,全米日本酒歓評会 (U.S. National Sake Appraisal),カワセミ,（株）仙醸,0
11979,4,2025,,第2位 (Gold 2nd),裏男山,,7017,,verified,0.98,,,SAKE COMPETITION,裏男山,八戸酒造（株）,1
11980,4,2024,,第3位 (Gold 3rd),八梅,,7017,,verified,0.98,,,SAKE COMPETITION,八梅,八戸酒造（株）,1
11981,3,2021,,銀賞 (Silver Award),きもとぶれんど,,6760,1866,verified,0.98,,,全米日本酒歓評会 (U.S. National Sake Appraisal),きもとぶれんど,髙嶋酒造株式会社,0
11982,4,2025,,銀賞 (Silver),国稀,,7193,,verified,0.98,,,SAKE COMPETITION,国稀,不明,0
11983,5,2025,,金賞 (Gold Award),千代寿,,6915,247,verified,0.98,,,ワイングラスでおいしい日本酒アワード (Fine Sake Awards Japan),千代寿,千代酒造 株式会社,1
11984,2,2021,,Commended (推奨),純米大吟醸,,6775,1373,verified,0.98,,,IWC (International Wine Challenge) SAKE部門,純米大吟醸,金虎酒造株式会社,0
11985,4,2024,,第2位 (Gold 2nd),力士,,7193,,verified,0.98,,,SAKE COMPETITION,力士,不明,1
11986,5,2024,,最高金賞 (Grand Gold),寒梅,,7193,,verified,0.98,,,ワイングラスでおいしい日本酒アワード (Fine Sake Awards Japan),寒梅,不明,1
11987,4,2024,,第1位 (Gold 1st),酒の精,,7193,,verified,0.98,,,SAKE COMPETITION,酒の精,不明,1
11988,2,2025,,Gold Medal (金賞),金紋,,6792,626,verified,0.98,,,IWC (International Wine Challenge) SAKE部門,金紋,株式会社 小山本家酒造,1
11989,5,2022,,最高金賞 (Grand Gold),美冨久,,6793,5988,verified,0.98,,,ワイングラスでおいしい日本酒アワード (Fine Sake Awards Japan),美冨久,美冨久酒造株式会社,1
11990,4,2025,,第1位 (Gold 1st),純米大吟醸,,6796,1373,verified,0.98,,,SAKE COMPETITION,純米大吟醸,金虎酒造株式会社,1
11991,2,2022,,SAKE Trophy (世界1位),龍力,,6798,652,verified,0.98,,,IWC (International Wine Challenge) SAKE部門,龍力,株式会社本田商店,1
11992,2,2022,,Gold Medal (金賞),紀伊国屋,,6800,,verified,0.98,,,IWC (International Wine Challenge) SAKE部門,紀伊国屋,不明,1
11993,2,2024,,Commended (推奨),初陣,,1443,7298,verified,0.98,,,IWC (International Wine Challenge) SAKE部門,初陣,古橋酒造株式会社,0
11994,2,2024,,Silver Medal (銀賞),大典,,6802,,verified,0.98,,,IWC (International Wine Challenge) SAKE部門,大典,不明,0
11995,4,2025,,銀賞 (Silver),特製金紋,,6805,,verified,0.98,,,SAKE COMPETITION,特製金紋,不明,0
11996,3,2023,,銀賞 (Silver Award),基峰鶴,,6813,7197,verified,0.98,,,全米日本酒歓評会 (U.S. National Sake Appraisal),基峰鶴,合資会社基山商店,0
11997,2,2023,,Commended (推奨),大吟醸,,6814,,verified,0.98,,,IWC (International Wine Challenge) SAKE部門,大吟醸,（株）小屋酒造,0
11998,5,2022,,金賞 (Gold Award),Asamayama,,6818,,verified,0.98,,,ワイングラスでおいしい日本酒アワード (Fine Sake Awards Japan),Asamayama,不明,1
11999,5,2025,,最高金賞 (Grand Gold),Atagonomatsu,,6819,,verified,0.98,,,ワイングラスでおいしい日本酒アワード (Fine Sake Awards Japan),Atagonomatsu,不明,1
12000,5,2023,,最高金賞 (Grand Gold),Boken,,6822,,verified,0.98,,,ワイングラスでおいしい日本酒アワード (Fine Sake Awards Japan),Boken,不明,1
12001,3,2024,,銀賞 (Silver Award),Gangi,,6826,,verified,0.98,,,全米日本酒歓評会 (U.S. National Sake Appraisal),Gangi,不明,0
12002,5,2022,,最高金賞 (Grand Gold),Junmai,,6829,,verified,0.98,,,ワイングラスでおいしい日本酒アワード (Fine Sake Awards Japan),Junmai,不明,1
12003,3,2022,,銀賞 (Silver Award),Kikuizumi,,6833,,verified,0.98,,,全米日本酒歓評会 (U.S. National Sake Appraisal),Kikuizumi,不明,0
12004,5,2024,,金賞 (Gold Award),Kinoene,,6835,,verified,0.98,,,ワイングラスでおいしい日本酒アワード (Fine Sake Awards Japan),Kinoene,不明,1
12005,4,2024,,銀賞 (Silver),Sake,,6841,,verified,0.98,,,SAKE COMPETITION,Sake,不明,0
12006,2,2022,,Gold Medal (金賞),Shichiken,,6844,,verified,0.98,,,IWC (International Wine Challenge) SAKE部門,Shichiken,不明,1
12007,2,2024,,Commended (推奨),Shochikubai,,6845,,verified,0.98,,,IWC (International Wine Challenge) SAKE部門,Shochikubai,不明,0
12008,3,2021,,グランプリ (Grand Prix),Tanzan,,6846,,verified,0.98,,,全米日本酒歓評会 (U.S. National Sake Appraisal),Tanzan,不明,0
12009,3,2023,,グランプリ (Grand Prix),Tokubetsu,,6847,,verified,0.98,,,全米日本酒歓評会 (U.S. National Sake Appraisal),Tokubetsu,不明,0
12010,4,2022,,第1位 (Gold 1st),来福,,6850,,verified,0.98,,,SAKE COMPETITION,来福,来福酒造(株),1
12011,4,2022,,銀賞 (Silver),越後桜38,,6852,238,verified,0.98,,,SAKE COMPETITION,越後桜38,河忠酒造株式会社,0
12012,5,2022,,金賞 (Gold Award),大吟醸,,6854,,verified,0.98,,,ワイングラスでおいしい日本酒アワード (Fine Sake Awards Japan),大吟醸,（株）小屋酒造,1
12013,4,2025,,金賞 (Gold),おかげさま大吟醸,,7365,,verified,0.98,,,SAKE COMPETITION,おかげさま大吟醸,(株)伊勢萬,1
12014,3,2024,,銀賞 (Silver Award),一ノ蔵,,8663,4701,verified,0.98,,,全米日本酒歓評会 (U.S. National Sake Appraisal),一ノ蔵,一ノ蔵,0
12015,2,2022,,SAKE Trophy (世界1位),刈穂,,6861,551,verified,0.98,,,IWC (International Wine Challenge) SAKE部門,刈穂,出羽鶴酒造株式会社,1
12016,3,2022,,金賞 (Gold Award),惣誉,,6862,7360,verified,0.98,,,全米日本酒歓評会 (U.S. National Sake Appraisal),惣誉,惣誉酒造,1
12017,5,2022,,最高金賞 (Grand Gold),初緑,,6866,2496,verified,0.98,,,ワイングラスでおいしい日本酒アワード (Fine Sake Awards Japan),初緑,石井酒造株式会社,1
12018,2,2024,,Commended (推奨),本洲一,,6872,,verified,0.98,,,IWC (International Wine Challenge) SAKE部門,本洲一,（名）梅田酒造場,0
12019,4,2022,,第1位 (Gold 1st),国士無双,,6876,6560,verified,0.98,,,SAKE COMPETITION,国士無双,髙砂酒造株式会社,1
12020,4,2023,,第1位 (Gold 1st),メトロポリタン仙台,,6878,,verified,0.98,,,SAKE COMPETITION,メトロポリタン仙台,不明,1
12021,4,2024,,金賞 (Gold),水芭蕉,,6880,6542,verified,0.98,,,SAKE COMPETITION,水芭蕉,永井酒造株式会社,1
12022,3,2020,,銀賞 (Silver Award),SAKE,,6881,,verified,0.98,,,全米日本酒歓評会 (U.S. National Sake Appraisal),SAKE,不明,0
12023,4,2022,,金賞 (Gold),玉柏,,6883,,verified,0.98,,,SAKE COMPETITION,玉柏,（資）山田商店,1
12024,5,2022,,金賞 (Gold Award),氷温貯蔵,,6890,,verified,0.98,,,ワイングラスでおいしい日本酒アワード (Fine Sake Awards Japan),氷温貯蔵,不明,1
12025,2,2022,,Gold Medal (金賞),北の錦,,6891,947,verified,0.98,,,IWC (International Wine Challenge) SAKE部門,北の錦,小林酒造株式会社,1
12026,2,2023,,SAKE Trophy (世界1位),出羽桜,,6897,,verified,0.98,,,IWC (International Wine Challenge) SAKE部門,出羽桜,出羽桜酒造（株）,1
12027,5,2023,,最高金賞 (Grand Gold),梵・日本の翼,,7193,,verified,0.98,,,ワイングラスでおいしい日本酒アワード (Fine Sake Awards Japan),梵・日本の翼,不明,1
12028,5,2023,,最高金賞 (Grand Gold),七賢,,6904,6164,verified,0.98,,,ワイングラスでおいしい日本酒アワード (Fine Sake Awards Japan),七賢,山梨銘醸株式会社,1
12029,3,2020,,金賞 (Gold Award),アルプス正宗,,6906,,verified,0.98,,,全米日本酒歓評会 (U.S. National Sake Appraisal),アルプス正宗,（株）亀田屋酒造店,1
12030,3,2024,,グランプリ (Grand Prix),大雪渓,,6907,6560,verified,0.98,,,全米日本酒歓評会 (U.S. National Sake Appraisal),大雪渓,髙砂酒造株式会社,0
12031,5,2024,,最高金賞 (Grand Gold),我逢人,,6912,1392,verified,0.98,,,ワイングラスでおいしい日本酒アワード (Fine Sake Awards Japan),我逢人,中埜酒造株式会社,1
12032,2,2023,,Silver Medal (銀賞),千代むすび純米大吟醸強力30,,6915,247,verified,0.98,,,IWC (International Wine Challenge) SAKE部門,千代むすび純米大吟醸強力30,千代酒造 株式会社,0
12033,5,2022,,最高金賞 (Grand Gold),陸奥八仙,,6916,,verified,0.98,,,ワイングラスでおいしい日本酒アワード (Fine Sake Awards Japan),陸奥八仙,八戸酒造（株）,1
12034,3,2020,,金賞 (Gold Award),七賢,,6925,6164,verified,0.98,,,全米日本酒歓評会 (U.S. National Sake Appraisal),七賢,山梨銘醸株式会社,1
12035,5,2023,,最高金賞 (Grand Gold),旦,,6926,,verified,0.98,,,ワイングラスでおいしい日本酒アワード (Fine Sake Awards Japan),旦,不明,1
12036,4,2023,,銀賞 (Silver),アルプス正宗,,6927,,verified,0.98,,,SAKE COMPETITION,アルプス正宗,（株）亀田屋酒造店,0
12037,5,2021,,金賞 (Gold Award),初亀,,6929,1855,verified,0.98,,,ワイングラスでおいしい日本酒アワード (Fine Sake Awards Japan),初亀,初亀醸造株式会社,1
12038,3,2022,,銀賞 (Silver Award),臥龍梅,,6931,1840,verified,0.98,,,全米日本酒歓評会 (U.S. National Sake Appraisal),臥龍梅,三和酒造株式会社,0
12039,4,2022,,第3位 (Gold 3rd),純米大吟醸,,6939,1373,verified,0.98,,,SAKE COMPETITION,純米大吟醸,金虎酒造株式会社,1
12040,5,2023,,金賞 (Gold Award),神池,,6940,661,verified,0.98,,,ワイングラスでおいしい日本酒アワード (Fine Sake Awards Japan),神池,鴨庄酒造株式会社,1
12041,3,2021,,グランプリ (Grand Prix),黒松白鹿,,6941,633,verified,0.98,,,全米日本酒歓評会 (U.S. National Sake Appraisal),黒松白鹿,辰馬本家酒造株式会社,0
12042,3,2021,,金賞 (Gold Award),瓢太閤,,6944,,verified,0.98,,,全米日本酒歓評会 (U.S. National Sake Appraisal),瓢太閤,不明,1
12043,5,2023,,最高金賞 (Grand Gold),酔鯨,,6948,6750,verified,0.98,,,ワイングラスでおいしい日本酒アワード (Fine Sake Awards Japan),酔鯨,酔鯨酒造有限会社,1
12044,5,2021,,金賞 (Gold Award),Roga,,7488,,verified,0.98,,,ワイングラスでおいしい日本酒アワード (Fine Sake Awards Japan),Roga,不明,1
12045,5,2021,,金賞 (Gold Award),Desheng,,6950,,verified,0.98,,,ワイングラスでおいしい日本酒アワード (Fine Sake Awards Japan),Desheng,不明,1
12046,3,2021,,銀賞 (Silver Award),純米大吟醸,,6953,1373,verified,0.98,,,全米日本酒歓評会 (U.S. National Sake Appraisal),純米大吟醸,金虎酒造株式会社,0
12047,4,2024,,第1位 (Gold 1st),純米大吟醸鳳陽だるま,,6999,1373,verified,0.98,,,SAKE COMPETITION,純米大吟醸鳳陽だるま,金虎酒造株式会社,1
12048,5,2021,,金賞 (Gold Award),人気一純米大吟醸,,6963,126,verified,0.98,,,ワイングラスでおいしい日本酒アワード (Fine Sake Awards Japan),人気一純米大吟醸,人気酒造 株式会社,1
12049,5,2025,,金賞 (Gold Award),水芭蕉,,6968,6542,verified,0.98,,,ワイングラスでおいしい日本酒アワード (Fine Sake Awards Japan),水芭蕉,永井酒造株式会社,1
12050,5,2022,,金賞 (Gold Award),Aumont,,6971,,verified,0.98,,,ワイングラスでおいしい日本酒アワード (Fine Sake Awards Japan),Aumont,不明,1
12051,2,2023,,Silver Medal (銀賞),伊乎乃,,6972,277,verified,0.98,,,IWC (International Wine Challenge) SAKE部門,伊乎乃,高の井酒造株式会社,0
12052,3,2022,,グランプリ (Grand Prix),たかの井,,10962,277,verified,0.98,,,全米日本酒歓評会 (U.S. National Sake Appraisal),たかの井,高の井酒造株式会社,0
12053,5,2025,,最高金賞 (Grand Gold),羽根屋,,19101,6077,verified,0.98,,,ワイングラスでおいしい日本酒アワード (Fine Sake Awards Japan),羽根屋,富美菊酒造株式会社,1
12054,4,2022,,第3位 (Gold 3rd),加賀鳶,,6975,2242,verified,0.98,,,SAKE COMPETITION,加賀鳶,株式会社福光屋,1
12055,4,2023,,第3位 (Gold 3rd),福千歳,,6976,,verified,0.98,,,SAKE COMPETITION,福千歳,田嶋酒造(株),1
12056,2,2021,,Commended (推奨),七笑,,6978,,verified,0.98,,,IWC (International Wine Challenge) SAKE部門,七笑,七笑酒造（株）,0
12057,2,2023,,SAKE Trophy (世界1位),奉納酒,,6982,,verified,0.98,,,IWC (International Wine Challenge) SAKE部門,奉納酒,不明,1
12058,4,2025,,第3位 (Gold 3rd),宮の雪,,6987,,verified,0.98,,,SAKE COMPETITION,宮の雪,(株)宮﨑本店,1
12059,3,2024,,金賞 (Gold Award),萩乃露,,6988,6011,verified,0.98,,,全米日本酒歓評会 (U.S. National Sake Appraisal),萩乃露,株式会社福井弥平商店,1
12060,2,2025,,Gold Medal (金賞),白嶺プラチナ,,6990,1126,verified,0.98,,,IWC (International Wine Challenge) SAKE部門,白嶺プラチナ,ハクレイ酒造株式会社,1
12061,3,2022,,金賞 (Gold Award),超特撰,,6993,,verified,0.98,,,全米日本酒歓評会 (U.S. National Sake Appraisal),超特撰,不明,1
12062,4,2022,,銀賞 (Silver),隠岐誉,,6995,7281,verified,0.98,,,SAKE COMPETITION,隠岐誉,隠岐酒造株式会社,0
12063,2,2021,,Commended (推奨),旭鳳,,6997,,verified,0.98,,,IWC (International Wine Challenge) SAKE部門,旭鳳,旭鳳酒造（株）,0
12064,4,2024,,銀賞 (Silver),純米大吟醸まぼろし赤箱,,6999,1373,verified,0.98,,,SAKE COMPETITION,純米大吟醸まぼろし赤箱,金虎酒造株式会社,0
12065,5,2022,,金賞 (Gold Award),原田弦月,,7002,1918,verified,0.98,,,ワイングラスでおいしい日本酒アワード (Fine Sake Awards Japan),原田弦月,株式会社はつもみぢ,1
12066,4,2025,,第3位 (Gold 3rd),ながら、,,7193,,verified,0.98,,,SAKE COMPETITION,ながら、,不明,1
12067,2,2023,,Gold Medal (金賞),亀泉,,7007,6753,verified,0.98,,,IWC (International Wine Challenge) SAKE部門,亀泉,亀泉酒造,1
12068,3,2020,,グランプリ (Grand Prix),酔鯨,,7008,6750,verified,0.98,,,全米日本酒歓評会 (U.S. National Sake Appraisal),酔鯨,酔鯨酒造有限会社,0
12069,3,2024,,銀賞 (Silver Award),酔鯨,,7009,6750,verified,0.98,,,全米日本酒歓評会 (U.S. National Sake Appraisal),酔鯨,酔鯨酒造有限会社,0
12070,2,2025,,Commended (推奨),羽根屋,,7029,6077,verified,0.98,,,IWC (International Wine Challenge) SAKE部門,羽根屋,富美菊酒造株式会社,0
12071,4,2024,,第2位 (Gold 2nd),羽根屋,,7032,6077,verified,0.98,,,SAKE COMPETITION,羽根屋,富美菊酒造株式会社,1
12072,3,2023,,銀賞 (Silver Award),純米吟醸,,7038,1373,verified,0.98,,,全米日本酒歓評会 (U.S. National Sake Appraisal),純米吟醸,金虎酒造株式会社,0
12073,3,2024,,銀賞 (Silver Award),純米吟醸酒,,7049,1373,verified,0.98,,,全米日本酒歓評会 (U.S. National Sake Appraisal),純米吟醸酒,金虎酒造株式会社,0
12074,5,2025,,金賞 (Gold Award),あたごのまつ,,7054,4702,verified,0.98,,,ワイングラスでおいしい日本酒アワード (Fine Sake Awards Japan),あたごのまつ,新澤醸造店,1
12075,2,2023,,Commended (推奨),出羽桜,,7061,,verified,0.98,,,IWC (International Wine Challenge) SAKE部門,出羽桜,出羽桜酒造（株）,0
12076,2,2021,,Commended (推奨),不動,,7065,4311,verified,0.98,,,IWC (International Wine Challenge) SAKE部門,不動,鍋店,0
12077,5,2023,,金賞 (Gold Award),あしがり郷,,7068,,verified,0.98,,,ワイングラスでおいしい日本酒アワード (Fine Sake Awards Japan),あしがり郷,不明,1
12078,3,2022,,グランプリ (Grand Prix),セトイチ,,7069,,verified,0.98,,,全米日本酒歓評会 (U.S. National Sake Appraisal),セトイチ,不明,0
12079,4,2022,,銀賞 (Silver),セトイチ,,7070,,verified,0.98,,,SAKE COMPETITION,セトイチ,不明,0
12080,4,2025,,金賞 (Gold),セトイチ,,7072,,verified,0.98,,,SAKE COMPETITION,セトイチ,不明,1
12081,4,2025,,金賞 (Gold),純米吟醸,,7084,1373,verified,0.98,,,SAKE COMPETITION,純米吟醸,金虎酒造株式会社,1
12082,5,2021,,金賞 (Gold Award),作,,7090,,verified,0.98,,,ワイングラスでおいしい日本酒アワード (Fine Sake Awards Japan),作,不明,1
12083,3,2024,,銀賞 (Silver Award),亀の甲五拾五,,7193,,verified,0.98,,,全米日本酒歓評会 (U.S. National Sake Appraisal),亀の甲五拾五,不明,0
12084,5,2022,,金賞 (Gold Award),台中六十五,,7193,,verified,0.98,,,ワイングラスでおいしい日本酒アワード (Fine Sake Awards Japan),台中六十五,不明,1
12085,3,2024,,グランプリ (Grand Prix),豊能梅,,7113,868,verified,0.98,,,全米日本酒歓評会 (U.S. National Sake Appraisal),豊能梅,高木酒造,0
12086,2,2021,,Gold Medal (金賞),純米吟醸,,7115,1373,verified,0.98,,,IWC (International Wine Challenge) SAKE部門,純米吟醸,金虎酒造株式会社,1
12087,5,2021,,金賞 (Gold Award),酒一筋,,7123,3195,verified,0.98,,,ワイングラスでおいしい日本酒アワード (Fine Sake Awards Japan),酒一筋,利守酒造,1
12088,5,2023,,金賞 (Gold Award),木桶仕込み,,7126,4310,verified,0.98,,,ワイングラスでおいしい日本酒アワード (Fine Sake Awards Japan),木桶仕込み,寺田本家,1
12089,3,2020,,銀賞 (Silver Award),爛漫,,7127,556,verified,0.98,,,全米日本酒歓評会 (U.S. National Sake Appraisal),爛漫,秋田銘醸株式会社,0
12090,2,2022,,Silver Medal (銀賞),妙の華,,7131,3820,verified,0.98,,,IWC (International Wine Challenge) SAKE部門,妙の華,森喜酒造株式会社,0
12091,2,2022,,SAKE Trophy (世界1位),BYx,,7518,,verified,0.98,,,IWC (International Wine Challenge) SAKE部門,BYx,不明,1
12092,5,2022,,最高金賞 (Grand Gold),山廃純米大吟醸,,7144,,verified,0.98,,,ワイングラスでおいしい日本酒アワード (Fine Sake Awards Japan),山廃純米大吟醸,不明,1
12093,3,2023,,グランプリ (Grand Prix),生酛純米大吟醸,,7146,1144,verified,0.98,,,全米日本酒歓評会 (U.S. National Sake Appraisal),生酛純米大吟醸,招德酒造株式会社,0
12094,2,2025,,Commended (推奨),黒帯,,7153,2242,verified,0.98,,,IWC (International Wine Challenge) SAKE部門,黒帯,株式会社福光屋,0
12095,4,2025,,銀賞 (Silver),瀧自慢,,7156,,verified,0.98,,,SAKE COMPETITION,瀧自慢,瀧自慢酒造(株),0
12096,3,2021,,銀賞 (Silver Award),大号令,,7159,,verified,0.98,,,全米日本酒歓評会 (U.S. National Sake Appraisal),大号令,（株）馬上酒造,0
12097,3,2022,,金賞 (Gold Award),七賢,,7166,6164,verified,0.98,,,全米日本酒歓評会 (U.S. National Sake Appraisal),七賢,山梨銘醸株式会社,1
12098,5,2022,,最高金賞 (Grand Gold),MIZUBASHO,,7169,,verified,0.98,,,ワイングラスでおいしい日本酒アワード (Fine Sake Awards Japan),MIZUBASHO,不明,1
12099,2,2024,,Silver Medal (銀賞),羽根屋,,7171,6077,verified,0.98,,,IWC (International Wine Challenge) SAKE部門,羽根屋,富美菊酒造株式会社,0
12100,4,2023,,第3位 (Gold 3rd),賀茂鶴,,7178,,verified,0.98,,,SAKE COMPETITION,賀茂鶴,賀茂鶴酒造（株）,1
12101,4,2024,,第3位 (Gold 3rd),NIIZAWA,,7181,,verified,0.98,,,SAKE COMPETITION,NIIZAWA,不明,1
12102,2,2024,,Silver Medal (銀賞),吟天龍王,,7193,,verified,0.98,,,IWC (International Wine Challenge) SAKE部門,吟天龍王,不明,0
12103,2,2024,,Silver Medal (銀賞),陸羽132,,7193,,verified,0.98,,,IWC (International Wine Challenge) SAKE部門,陸羽132,不明,0
12104,3,2020,,グランプリ (Grand Prix),大吟醸古酒,,7190,,verified,0.98,,,全米日本酒歓評会 (U.S. National Sake Appraisal),大吟醸古酒,（株）小屋酒造,0
12105,2,2024,,SAKE Trophy (世界1位),超特撰白雪江戸元禄の酒(復刻酒)熟成古酒,,7193,,verified,0.98,,,IWC (International Wine Challenge) SAKE部門,超特撰白雪江戸元禄の酒(復刻酒)熟成古酒,不明,1
12106,4,2022,,第3位 (Gold 3rd),龍力,,7194,652,verified,0.98,,,SAKE COMPETITION,龍力,株式会社本田商店,1
12107,3,2023,,グランプリ (Grand Prix),華鳩,,7198,,verified,0.98,,,全米日本酒歓評会 (U.S. National Sake Appraisal),華鳩,榎酒造（株）,0
12108,2,2025,,SAKE Trophy (世界1位),陣屋,,7207,106,verified,0.98,,,IWC (International Wine Challenge) SAKE部門,陣屋,有賀醸造 合資会社,1
12109,3,2021,,グランプリ (Grand Prix),楽器正宗,,7211,82,verified,0.98,,,全米日本酒歓評会 (U.S. National Sake Appraisal),楽器正宗,合名会社 大木代吉本店,0
12110,2,2024,,Commended (推奨),天賦,,7212,,verified,0.98,,,IWC (International Wine Challenge) SAKE部門,天賦,不明,0
12111,4,2022,,第1位 (Gold 1st),会津娘,,7213,132,verified,0.98,,,SAKE COMPETITION,会津娘,会津酒造 株式会社,1
12112,5,2021,,最高金賞 (Grand Gold),楽器正宗,,7214,82,verified,0.98,,,ワイングラスでおいしい日本酒アワード (Fine Sake Awards Japan),楽器正宗,合名会社 大木代吉本店,1
12113,5,2025,,最高金賞 (Grand Gold),雨後の月,,7218,,verified,0.98,,,ワイングラスでおいしい日本酒アワード (Fine Sake Awards Japan),雨後の月,相原酒造（株）,1
12114,5,2021,,最高金賞 (Grand Gold),東洋美人,,7627,1930,verified,0.98,,,ワイングラスでおいしい日本酒アワード (Fine Sake Awards Japan),東洋美人,株式会社澄川酒造場,1
12115,5,2023,,金賞 (Gold Award),松の司,,18898,5995,verified,0.98,,,ワイングラスでおいしい日本酒アワード (Fine Sake Awards Japan),松の司,松瀬酒造株式会社,1
12116,5,2024,,金賞 (Gold Award),而今,,7226,,verified,0.98,,,ワイングラスでおいしい日本酒アワード (Fine Sake Awards Japan),而今,木屋正酒造(株),1
12117,3,2020,,銀賞 (Silver Award),東洋美人,,7227,1930,verified,0.98,,,全米日本酒歓評会 (U.S. National Sake Appraisal),東洋美人,株式会社澄川酒造場,0
12118,3,2022,,銀賞 (Silver Award),山の井,,7235,132,verified,0.98,,,全米日本酒歓評会 (U.S. National Sake Appraisal),山の井,会津酒造 株式会社,0
12119,4,2023,,第3位 (Gold 3rd),紀土,,7237,8823,verified,0.98,,,SAKE COMPETITION,紀土,平和酒造株式会社,1
12120,3,2023,,金賞 (Gold Award),酔鯨,,7240,6750,verified,0.98,,,全米日本酒歓評会 (U.S. National Sake Appraisal),酔鯨,酔鯨酒造有限会社,1
12121,5,2025,,金賞 (Gold Award),会津娘,,7242,132,verified,0.98,,,ワイングラスでおいしい日本酒アワード (Fine Sake Awards Japan),会津娘,会津酒造 株式会社,1
12122,3,2023,,グランプリ (Grand Prix),一歩己,,9985,97,verified,0.98,,,全米日本酒歓評会 (U.S. National Sake Appraisal),一歩己,豊国酒造 合資会社,0
12123,2,2021,,Commended (推奨),塩竈,,7263,,verified,0.98,,,IWC (International Wine Challenge) SAKE部門,塩竈,不明,0
12124,5,2022,,金賞 (Gold Award),山和,,7271,4705,verified,0.98,,,ワイングラスでおいしい日本酒アワード (Fine Sake Awards Japan),山和,山和酒造店,1
12125,5,2021,,金賞 (Gold Award),玄宰,,7274,117,verified,0.98,,,ワイングラスでおいしい日本酒アワード (Fine Sake Awards Japan),玄宰,末廣酒造 株式会社 嘉永蔵,1
12126,3,2022,,グランプリ (Grand Prix),弐式,,7284,101,verified,0.98,,,全米日本酒歓評会 (U.S. National Sake Appraisal),弐式,原酒造株式会社,0
12127,5,2023,,最高金賞 (Grand Gold),町田酒造55,,7292,6527,verified,0.98,,,ワイングラスでおいしい日本酒アワード (Fine Sake Awards Japan),町田酒造55,株式会社町田酒造店,1
12128,2,2022,,Silver Medal (銀賞),而今,,7295,,verified,0.98,,,IWC (International Wine Challenge) SAKE部門,而今,木屋正酒造(株),0
12129,5,2021,,金賞 (Gold Award),ロ万,,10039,107,verified,0.98,,,ワイングラスでおいしい日本酒アワード (Fine Sake Awards Japan),ロ万,花泉酒造 株式会社,1
12130,5,2021,,最高金賞 (Grand Gold),石鎚,,7298,2684,verified,0.98,,,ワイングラスでおいしい日本酒アワード (Fine Sake Awards Japan),石鎚,石鎚酒造株式会社,1
12131,3,2021,,金賞 (Gold Award),奥,,7314,,verified,0.98,,,全米日本酒歓評会 (U.S. National Sake Appraisal),奥,不明,1
12132,5,2025,,金賞 (Gold Award),雅楽代〜日和〜,,7317,224,verified,0.98,,,ワイングラスでおいしい日本酒アワード (Fine Sake Awards Japan),雅楽代〜日和〜,天領盃酒造株式会社,1
12133,3,2021,,金賞 (Gold Award),寒紅梅,,7376,,verified,0.98,,,全米日本酒歓評会 (U.S. National Sake Appraisal),寒紅梅,寒紅梅酒造(株),1
12134,2,2022,,SAKE Trophy (世界1位),浦霞禅,,7664,4699,verified,0.98,,,IWC (International Wine Challenge) SAKE部門,浦霞禅,佐浦,1
12135,5,2024,,金賞 (Gold Award),楽器正宗,,7336,82,verified,0.98,,,ワイングラスでおいしい日本酒アワード (Fine Sake Awards Japan),楽器正宗,合名会社 大木代吉本店,1
12136,2,2022,,Gold Medal (金賞),亀の海,,7340,,verified,0.98,,,IWC (International Wine Challenge) SAKE部門,亀の海,（株）土屋酒造店,1
12137,2,2024,,Silver Medal (銀賞),秘幻,,7351,6538,verified,0.98,,,IWC (International Wine Challenge) SAKE部門,秘幻,浅間酒造株式会社,0
12138,5,2025,,最高金賞 (Grand Gold),生粋左馬,,7353,106,verified,0.98,,,ワイングラスでおいしい日本酒アワード (Fine Sake Awards Japan),生粋左馬,有賀醸造 合資会社,1
12139,2,2024,,Gold Medal (金賞),我山,,7358,1385,verified,0.98,,,IWC (International Wine Challenge) SAKE部門,我山,鶴見酒造株式会社,1
12140,4,2022,,第3位 (Gold 3rd),くどき上手,,7362,,verified,0.98,,,SAKE COMPETITION,くどき上手,亀の井酒造（株）,1
12141,4,2025,,金賞 (Gold),澤の花,,7364,,verified,0.98,,,SAKE COMPETITION,澤の花,伴野酒造（株）,1
12142,4,2022,,第3位 (Gold 3rd),おかげさま,,7365,,verified,0.98,,,SAKE COMPETITION,おかげさま,(株)伊勢萬,1
12143,2,2022,,Gold Medal (金賞),喜平,,7377,1849,verified,0.98,,,IWC (International Wine Challenge) SAKE部門,喜平,平喜酒造,1
12144,5,2021,,最高金賞 (Grand Gold),AKABU,,7379,,verified,0.98,,,ワイングラスでおいしい日本酒アワード (Fine Sake Awards Japan),AKABU,赤武酒造（株）,1
12145,4,2022,,第2位 (Gold 2nd),咲耶美,,7382,6539,verified,0.98,,,SAKE COMPETITION,咲耶美,貴娘酒造株式会社,1
12146,4,2024,,第2位 (Gold 2nd),瀧自慢,,7383,,verified,0.98,,,SAKE COMPETITION,瀧自慢,瀧自慢酒造(株),1
12147,3,2022,,グランプリ (Grand Prix),磯自慢,,7389,1843,verified,0.98,,,全米日本酒歓評会 (U.S. National Sake Appraisal),磯自慢,磯自慢酒造株式会社,0
12148,5,2023,,最高金賞 (Grand Gold),富久長,,7390,,verified,0.98,,,ワイングラスでおいしい日本酒アワード (Fine Sake Awards Japan),富久長,（株）今田酒造本店,1
12149,5,2025,,最高金賞 (Grand Gold),山丹正宗,,7400,2688,verified,0.98,,,ワイングラスでおいしい日本酒アワード (Fine Sake Awards Japan),山丹正宗,株式会社八木酒造部,1
12150,2,2021,,Gold Medal (金賞),萩原FOREST,,7402,,verified,0.98,,,IWC (International Wine Challenge) SAKE部門,萩原FOREST,不明,1
12151,3,2021,,銀賞 (Silver Award),美田,,7410,937,verified,0.98,,,全米日本酒歓評会 (U.S. National Sake Appraisal),美田,株式会社 みいの寿,0
12152,4,2024,,銀賞 (Silver),Hakutsuru,,7425,,verified,0.98,,,SAKE COMPETITION,Hakutsuru,不明,0
12153,5,2025,,最高金賞 (Grand Gold),Ayakiku,,7431,,verified,0.98,,,ワイングラスでおいしい日本酒アワード (Fine Sake Awards Japan),Ayakiku,不明,1
12154,4,2023,,第1位 (Gold 1st),Shichiken,,7457,,verified,0.98,,,SAKE COMPETITION,Shichiken,不明,1
12155,4,2023,,第3位 (Gold 3rd),Ilaka,,7461,,verified,0.98,,,SAKE COMPETITION,Ilaka,不明,1
12156,5,2024,,金賞 (Gold Award),Alps,,7464,,verified,0.98,,,ワイングラスでおいしい日本酒アワード (Fine Sake Awards Japan),Alps,不明,1
12157,3,2020,,グランプリ (Grand Prix),Hakurakusei,,7471,,verified,0.98,,,全米日本酒歓評会 (U.S. National Sake Appraisal),Hakurakusei,不明,0
12158,3,2024,,銀賞 (Silver Award),Dewazakura,,7476,,verified,0.98,,,全米日本酒歓評会 (U.S. National Sake Appraisal),Dewazakura,不明,0
12159,4,2022,,第1位 (Gold 1st),Takijiman,,7488,,verified,0.98,,,SAKE COMPETITION,Takijiman,不明,1
12160,3,2021,,金賞 (Gold Award),Wataribune,,7488,,verified,0.98,,,全米日本酒歓評会 (U.S. National Sake Appraisal),Wataribune,不明,1
12161,3,2023,,金賞 (Gold Award),Sawahime,,7490,,verified,0.98,,,全米日本酒歓評会 (U.S. National Sake Appraisal),Sawahime,不明,1
12162,3,2024,,金賞 (Gold Award),Nagurayama,,7491,,verified,0.98,,,全米日本酒歓評会 (U.S. National Sake Appraisal),Nagurayama,不明,1
12163,3,2021,,銀賞 (Silver Award),Kessen,,7504,,verified,0.98,,,全米日本酒歓評会 (U.S. National Sake Appraisal),Kessen,不明,0
12164,3,2022,,金賞 (Gold Award),Junmai,,7515,,verified,0.98,,,全米日本酒歓評会 (U.S. National Sake Appraisal),Junmai,不明,1
12165,5,2022,,最高金賞 (Grand Gold),Afuri,,7518,,verified,0.98,,,ワイングラスでおいしい日本酒アワード (Fine Sake Awards Japan),Afuri,不明,1
12166,3,2021,,金賞 (Gold Award),Tokigasane,,7519,,verified,0.98,,,全米日本酒歓評会 (U.S. National Sake Appraisal),Tokigasane,不明,1
12167,5,2024,,最高金賞 (Grand Gold),Aiyu,,6833,,verified,0.98,,,ワイングラスでおいしい日本酒アワード (Fine Sake Awards Japan),Aiyu,不明,1
12168,10038,2024,プレミアム大吟醸部門,最高金賞 (Grand Gold),蒼天伝 純米大吟醸,,7586,4714,approved,1.0,,Official Verified (ワイングラスでおいしい日本酒アワード2024 公式発表),ワイングラスでおいしい日本酒アワード,蒼天伝,株式会社男山本店,1
12169,10038,2024,プレミアム純米部門,金賞 (Gold),蒼天伝 特別純米酒,,7586,4714,approved,1.0,,Official Verified (ワイングラスでおいしい日本酒アワード2024 公式発表),ワイングラスでおいしい日本酒アワード,蒼天伝,株式会社男山本店,1
12170,10038,2024,プレミアム大吟醸部門,最高金賞 (Grand Gold),八海山 大吟醸,,7601,211,approved,1.0,,Official Verified (ワイングラスでおいしい日本酒アワード2024 公式発表),ワイングラスでおいしい日本酒アワード,八海山,八海醸造株式会社,1
12171,10038,2024,メイン部門,金賞 (Gold),特別本醸造 八海山,,7601,211,approved,1.0,,Official Verified (ワイングラスでおいしい日本酒アワード2024 公式発表),ワイングラスでおいしい日本酒アワード,八海山,八海醸造株式会社,1
12172,10038,2024,プレミアム大吟醸部門,最高金賞 (Grand Gold),獺祭 磨き二割三分,,3523,1921,approved,1.0,,Official Verified (ワイングラスでおいしい日本酒アワード2024 公式発表),ワイングラスでおいしい日本酒アワード,獺祭,旭酒造株式会社,1
12173,10038,2024,プレミアム純米部門,最高金賞 (Grand Gold),出羽桜 出羽燦々誕生記念,,6613,895,approved,1.0,,Official Verified (ワイングラスでおいしい日本酒アワード2024 公式発表),ワイングラスでおいしい日本酒アワード,出羽桜,出羽桜酒造株式会社,1
12174,10039,2024,プレミアム燗酒部門,最高金賞 (Grand Gold),神亀 純米酒,,594,2486,approved,1.0,,Official Verified (全国燗酒コンテスト2024 公式発表),全国燗酒コンテスト,神亀,神亀酒造株式会社,1
12175,10039,2024,お値打ちぬる燗部門,最高金賞 (Grand Gold),黒松剣菱,,3134,618,approved,1.0,,Official Verified (全国燗酒コンテスト2024 公式発表),全国燗酒コンテスト,剣菱,剣菱酒造株式会社,1
12176,10039,2024,プレミアム燗酒部門,金賞 (Gold),特別純米 飛露喜,,46,121,approved,1.0,,Official Verified (全国燗酒コンテスト2024 公式発表),全国燗酒コンテスト,飛露喜,合資会社廣木酒造本店,1
12177,10039,2024,お値打ち熱燗部門,金賞 (Gold),末廣 伝承山廃純米,,10,117,approved,1.0,,Official Verified (全国燗酒コンテスト2024 公式発表),全国燗酒コンテスト,末廣,末廣酒造株式会社,1
12178,10041,2024,大吟醸A部門,グランプリ (Grand Prix),梵 日本の翼,,93,5263,approved,1.0,,Official Verified (全米日本酒歓評会2024 公式結果),全米日本酒歓評会 (U.S. National Sake Appraisal),梵,合資会社加藤吉平商店,1
12179,10041,2024,純米部門,金賞 (Gold),田酒 特別純米酒,,3351,3447,approved,1.0,,Official Verified (全米日本酒歓評会2024 公式結果),全米日本酒歓評会 (U.S. National Sake Appraisal),田酒,株式会社西田酒造店,1
12180,10040,2024,芋焼酎部門,最高金賞 (Best of the Best),魔王,,784,57832,approved,1.0,,Official Verified (TWSC 2024 焼酎部門 公式結果),東京ウイスキー＆スピリッツコンペティション (TWSC) 焼酎部門,魔王,白玉醸造合名会社,1
12181,10040,2024,麦焼酎部門,最高金賞 (Grand Gold),百年の孤独,,7952,6871,approved,1.0,,Official Verified (TWSC 2024 焼酎部門 公式結果),東京ウイスキー＆スピリッツコンペティション (TWSC) 焼酎部門,百年の孤独,株式会社黒木本店,1
12182,10038,2024,メイン部門,最高金賞 (Grand Gold),菊正宗 しぼりたてギンパック,,8282,617,approved,1.0,,Official Verified (ワイングラスでおいしい日本酒アワード2024公式結果),ワイングラスでおいしい日本酒アワード,菊正宗,菊正宗酒造株式会社,1
12183,10038,2024,プレミアム大吟醸部門,最高金賞 (Grand Gold),作 雅乃智 中取り,,4918,3811,approved,1.0,,Official Verified (ワイングラスでおいしい日本酒アワード2024公式結果),ワイングラスでおいしい日本酒アワード,作,清水清三郎商店株式会社,1
12184,10038,2024,プレミアム純米部門,最高金賞 (Grand Gold),紀土 KID 純米大吟醸,,7045,8823,approved,1.0,,Official Verified (ワイングラスでおいしい日本酒アワード2024公式結果),ワイングラスでおいしい日本酒アワード,紀土,平和酒造株式会社,1
12185,10038,2024,プレミアム純米部門,最高金賞 (Grand Gold),蓬莱 蔵元の隠し酒,,3190,2169,approved,1.0,,Official Verified (ワイングラスでおいしい日本酒アワード2024公式結果),ワイングラスでおいしい日本酒アワード,蓬莱,有限会社渡辺酒造店,1
12186,10038,2024,プレミアム大吟醸部門,最高金賞 (Grand Gold),鳳凰美田 別誂至高 大吟醸,,1527,6558,approved,1.0,,Official Verified (ワイングラスでおいしい日本酒アワード2024公式結果),ワイングラスでおいしい日本酒アワード,鳳凰美田,小林酒造株式会社,1
12187,10038,2024,プレミアム純米部門,金賞 (Gold),陸奥八仙 赤ラベル 特別純米,,7017,3446,approved,1.0,,Official Verified (ワイングラスでおいしい日本酒アワード2024公式結果),ワイングラスでおいしい日本酒アワード,陸奥八仙,八戸酒造株式会社,1
12188,10038,2024,スパークリングSAKE部門,最高金賞 (Grand Gold),一ノ蔵 すず音,,14,4701,approved,1.0,,Official Verified (ワイングラスでおいしい日本酒アワード2024公式結果),ワイングラスでおいしい日本酒アワード,一ノ蔵,株式会社一ノ蔵,1
12189,10038,2024,プレミアム純米部門,金賞 (Gold),惣誉 特別純米,,20175,7360,approved,1.0,,Official Verified (ワイングラスでおいしい日本酒アワード2024公式結果),ワイングラスでおいしい日本酒アワード,惣誉,惣誉酒造株式会社,1
12190,10038,2024,プレミアム大吟醸部門,金賞 (Gold),醸し人九平次 彼の地,,41,1378,approved,1.0,,Official Verified (ワイングラスでおいしい日本酒アワード2024公式結果),ワイングラスでおいしい日本酒アワード,醸し人九平次,株式会社萬乗醸造,1
12191,10038,2024,メイン部門,金賞 (Gold),浦霞 純米酒,,3280,4699,approved,1.0,,Official Verified (ワイングラスでおいしい日本酒アワード2024公式結果),ワイングラスでおいしい日本酒アワード,浦霞,株式会社佐浦,1
12192,10039,2024,お値打ちぬる燗部門,最高金賞 (Grand Gold),菊正宗 上撰 本醸造,,8282,617,approved,1.0,,Official Verified (全国燗酒コンテスト2024公式結果),全国燗酒コンテスト,菊正宗,菊正宗酒造株式会社,1
12193,10039,2024,プレミアム燗酒部門,最高金賞 (Grand Gold),司牡丹 船中八策 純米酒,,6214,6754,approved,1.0,,Official Verified (全国燗酒コンテスト2024公式結果),全国燗酒コンテスト,司牡丹,司牡丹酒造株式会社,1
12194,10039,2024,プレミアム燗酒部門,最高金賞 (Grand Gold),酔鯨 特別純米酒,,8802,6750,approved,1.0,,Official Verified (全国燗酒コンテスト2024公式結果),全国燗酒コンテスト,酔鯨,酔鯨酒造株式会社,1
12195,10039,2024,お値打ち熱燗部門,最高金賞 (Grand Gold),大関 上撰 金冠,,1462,638,approved,1.0,,Official Verified (全国燗酒コンテスト2024公式結果),全国燗酒コンテスト,大関,大関株式会社,1
12196,10039,2024,プレミアム燗酒部門,金賞 (Gold),澤乃井 純米大辛口,,8597,4108,approved,1.0,,Official Verified (全国燗酒コンテスト2024公式結果),全国燗酒コンテスト,澤乃井,小澤酒造株式会社,1
12197,10039,2024,お値打ち熱燗部門,金賞 (Gold),賀茂鶴 本醸造 からくち,,6382,7918,approved,1.0,,Official Verified (全国燗酒コンテスト2024公式結果),全国燗酒コンテスト,賀茂鶴,賀茂鶴酒造株式会社,1
12198,10039,2024,プレミアム燗酒部門,金賞 (Gold),玉乃光 純米吟醸 酒楽,,8425,1146,approved,1.0,,Official Verified (全国燗酒コンテスト2024公式結果),全国燗酒コンテスト,玉乃光,玉乃光酒造株式会社,1
12199,10039,2024,お値打ちぬる燗部門,金賞 (Gold),月桂冠 上撰,,2617,1141,approved,1.0,,Official Verified (全国燗酒コンテスト2024公式結果),全国燗酒コンテスト,月桂冠,月桂冠株式会社,1
12200,10039,2024,プレミアム燗酒部門,金賞 (Gold),一ノ蔵 特別純米酒 超辛口,,14,4701,approved,1.0,,Official Verified (全国燗酒コンテスト2024公式結果),全国燗酒コンテスト,一ノ蔵,株式会社一ノ蔵,1
12201,10039,2024,お値打ち熱燗部門,金賞 (Gold),白鹿 旨口鹿,,8288,633,approved,1.0,,Official Verified (全国燗酒コンテスト2024公式結果),全国燗酒コンテスト,白鹿,辰馬本家酒造株式会社,1
12202,10040,2024,芋焼酎部門,最高金賞 (Grand Gold),森伊蔵,,7531,57784,approved,1.0,,Official Verified (TWSC 2024焼酎部門公式結果),東京ウイスキー＆スピリッツコンペティション (TWSC) 焼酎部門,森伊蔵,有限会社森伊蔵酒造,1
12203,10040,2024,芋焼酎部門,金賞 (Gold),村尾,,7533,57814,approved,1.0,,Official Verified (TWSC 2024焼酎部門公式結果),東京ウイスキー＆スピリッツコンペティション (TWSC) 焼酎部門,村尾,村尾酒造合資会社,1
12204,10040,2024,麦焼酎部門,最高金賞 (Grand Gold),兼八,,3048,7114,approved,1.0,,Official Verified (TWSC 2024焼酎部門公式結果),東京ウイスキー＆スピリッツコンペティション (TWSC) 焼酎部門,兼八,四ツ谷酒造有限会社,1
12205,10040,2024,米焼酎部門,最高金賞 (Grand Gold),吟香 鳥飼,,7549,57887,approved,1.0,,Official Verified (TWSC 2024焼酎部門公式結果),東京ウイスキー＆スピリッツコンペティション (TWSC) 焼酎部門,鳥飼,株式会社鳥飼酒造,1
12206,10040,2024,泡盛部門,最高金賞 (Grand Gold),残波 プレミアム 30度,,7553,57896,approved,1.0,,Official Verified (TWSC 2024焼酎部門公式結果),東京ウイスキー＆スピリッツコンペティション (TWSC) 焼酎部門,残波,比嘉酒造,1
12207,10040,2024,泡盛部門,金賞 (Gold),琉球泡盛 瑞泉 古酒,,3579,57936,approved,1.0,,Official Verified (TWSC 2024焼酎部門公式結果),東京ウイスキー＆スピリッツコンペティション (TWSC) 焼酎部門,瑞泉,瑞泉酒造株式会社,1
12208,10040,2024,芋焼酎部門,金賞 (Gold),だいやめ DAIYAME,,6537,6172,approved,1.0,,Official Verified (TWSC 2024焼酎部門公式結果),東京ウイスキー＆スピリッツコンペティション (TWSC) 焼酎部門,だいやめ,濵田酒造株式会社,1
12209,10040,2024,麦焼酎部門,金賞 (Gold),いいちこ スペシャル,,6097,7132,approved,1.0,,Official Verified (TWSC 2024焼酎部門公式結果),東京ウイスキー＆スピリッツコンペティション (TWSC) 焼酎部門,いいちこ,三和酒類株式会社,1
12210,10041,2024,大吟醸A部門,金賞 (Gold),獺祭 磨き三割九分,,3523,1921,approved,1.0,,Official Verified (全米日本酒歓評会2024公式結果),全米日本酒歓評会 (U.S. National Sake Appraisal),獺祭,旭酒造株式会社,1
12211,10041,2024,大吟醸B部門,グランプリ (Grand Prix),久保田 萬寿,,1046,298,approved,1.0,,Official Verified (全米日本酒歓評会2024公式結果),全米日本酒歓評会 (U.S. National Sake Appraisal),久保田,朝日酒造株式会社,1
12212,10041,2024,大吟醸A部門,金賞 (Gold),越乃寒梅 特醸大吟醸,,8221,249,approved,1.0,,Official Verified (全米日本酒歓評会2024公式結果),全米日本酒歓評会 (U.S. National Sake Appraisal),越乃寒梅,石本酒造株式会社,1
12213,10041,2024,吟醸部門,金賞 (Gold),出羽桜 桜花吟醸酒,,6613,895,approved,1.0,,Official Verified (全米日本酒歓評会2024公式結果),全米日本酒歓評会 (U.S. National Sake Appraisal),出羽桜,出羽桜酒造株式会社,1
12214,10041,2024,純米部門,グランプリ (Grand Prix),特別純米 鍋島,,5064,7218,approved,1.0,,Official Verified (全米日本酒歓評会2024公式結果),全米日本酒歓評会 (U.S. National Sake Appraisal),鍋島,富久千代酒造有限会社,1
12215,10041,2024,大吟醸A部門,金賞 (Gold),磯自慢 特撰大吟醸,,7758,1843,approved,1.0,,Official Verified (全米日本酒歓評会2024公式結果),全米日本酒歓評会 (U.S. National Sake Appraisal),磯自慢,磯自慢酒造株式会社,1
12216,10041,2024,純米部門,金賞 (Gold),東洋美人 アジアン・ビューティー,,2985,1930,approved,1.0,,Official Verified (全米日本酒歓評会2024公式結果),全米日本酒歓評会 (U.S. National Sake Appraisal),東洋美人,株式会社澄川酒造場,1
12217,10042,2024,純米大吟醸部門,プラチナ賞 (Platinum),作 奏乃智 純米吟醸,,4918,3811,approved,1.0,,Official Verified (Milano Sake Challenge 2024公式結果),ミラノ酒チャレンジ (Milano Sake Challenge),作,清水清三郎商店株式会社,1
12218,10042,2024,純米大吟醸部門,ダブル金賞 (Double Gold),獺祭 純米大吟醸45,,3523,1921,approved,1.0,,Official Verified (Milano Sake Challenge 2024公式結果),ミラノ酒チャレンジ (Milano Sake Challenge),獺祭,旭酒造株式会社,1
12219,10042,2024,純米部門,金賞 (Gold),伯楽星 純米吟醸,,95,4702,approved,1.0,,Official Verified (Milano Sake Challenge 2024公式結果),ミラノ酒チャレンジ (Milano Sake Challenge),伯楽星,株式会社新澤醸造店,1
12220,10042,2024,フードペアリング部門（生ハム）,ベストペアリング賞 (Best Pairing),梵 GOLD 純米大吟醸,,93,5263,approved,1.0,,Official Verified (Milano Sake Challenge 2024公式結果),ミラノ酒チャレンジ (Milano Sake Challenge),梵,合資会社加藤吉平商店,1
12221,10042,2024,純米部門,金賞 (Gold),今代司 極上純米酒,,32,223,approved,1.0,,Official Verified (Milano Sake Challenge 2024公式結果),ミラノ酒チャレンジ (Milano Sake Challenge),今代司,今代司酒造株式会社,1
12222,10043,2024,ボタニカル・ハーブ部門,最優秀賞 (Best of Craft Sake),WAKAZE THE CLASSIC,,7558,62604,approved,1.0,,Official Verified (クラフトサケアワード2024公式結果),クラフトサケアワード (Craft Sake Award),WAKAZE,株式会社WAKAZE,1
12223,10043,2024,ホップサケ部門,金賞 (Gold),稲とアガベ CRAFT CRAFT,,3929,33102,approved,1.0,,Official Verified (クラフトサケアワード2024公式結果),クラフトサケアワード (Craft Sake Award),稲とアガベ,稲とアガベ株式会社,1
12224,10043,2024,フルーツサケ部門,金賞 (Gold),haccoba はなうたホップス,,7564,62596,approved,1.0,,Official Verified (クラフトサケアワード2024公式結果),クラフトサケアワード (Craft Sake Award),haccoba,株式会社haccoba,1
12225,10043,2024,ボタニカル部門,金賞 (Gold),LIBROM Strawberry,,7566,70754,approved,1.0,,Official Verified (クラフトサケアワード2024公式結果),クラフトサケアワード (Craft Sake Award),LIBROM,LIBROM Craft Sake Brewery,1
12226,10043,2024,イノベーティブ部門,審査員特別賞 (Special Jury Prize),飛良泉 FLYING CLOUD,,5080,529,approved,1.0,,Official Verified (クラフトサケアワード2024公式結果),クラフトサケアワード (Craft Sake Award),飛良泉,株式会社飛良泉本舗,1
12227,10038,2024,メイン部門,最高金賞,ZAO 純米酒 K,,4379,4718,approved,1.0,,Official Verified (ワイングラスでおいしい日本酒アワード 2024 公式審査結果),ワイングラスでおいしい日本酒アワード,ZAO,蔵王酒造株式会社,1
12228,10038,2024,メイン部門,最高金賞,あたごのまつ 鮮烈辛口,,95,4702,approved,1.0,,Official Verified (ワイングラスでおいしい日本酒アワード 2024 公式審査結果),ワイングラスでおいしい日本酒アワード,あたごのまつ,株式会社新澤醸造店,1
12229,10038,2024,メイン部門,最高金賞,大吟醸 高清水,,5330,530,approved,1.0,,Official Verified (ワイングラスでおいしい日本酒アワード 2024 公式審査結果),ワイングラスでおいしい日本酒アワード,高清水,秋田酒類製造株式会社,1
12230,10038,2024,メイン部門,最高金賞,純米大吟醸 北秋田,,8274,541,approved,1.0,,Official Verified (ワイングラスでおいしい日本酒アワード 2024 公式審査結果),ワイングラスでおいしい日本酒アワード,北秋田,株式会社北鹿,1
12231,10038,2024,メイン部門,最高金賞,奥の松 純米大吟醸 紺ラベル,,8041,86,approved,1.0,,Official Verified (ワイングラスでおいしい日本酒アワード 2024 公式審査結果),ワイングラスでおいしい日本酒アワード,奥の松,奥の松酒造株式会社,1
12232,10038,2024,メイン部門,最高金賞,仁勇 純米吟醸,,518,4311,approved,1.0,,Official Verified (ワイングラスでおいしい日本酒アワード 2024 公式審査結果),ワイングラスでおいしい日本酒アワード,仁勇,鍋店株式会社,1
12233,10038,2024,メイン部門,最高金賞,純米大吟醸 越後桜,,8092,218,approved,1.0,,Official Verified (ワイングラスでおいしい日本酒アワード 2024 公式審査結果),ワイングラスでおいしい日本酒アワード,越後桜,越後桜酒造株式会社,1
12234,10038,2024,メイン部門,最高金賞,越後鶴亀 なごみ酒 無濾過純米,,855,299,approved,1.0,,Official Verified (ワイングラスでおいしい日本酒アワード 2024 公式審査結果),ワイングラスでおいしい日本酒アワード,越後鶴亀,株式会社越後鶴亀,1
12235,10038,2024,メイン部門,最高金賞,彗 HALLEY直汲み 純米,,1275,34,approved,1.0,,Official Verified (ワイングラスでおいしい日本酒アワード 2024 公式審査結果),ワイングラスでおいしい日本酒アワード,彗,株式会社遠藤酒造場,1
12236,10038,2024,メイン部門,最高金賞,御園竹しぼりたて純米 一回火入れ,,6196,41,approved,1.0,,Official Verified (ワイングラスでおいしい日本酒アワード 2024 公式審査結果),ワイングラスでおいしい日本酒アワード,御園竹,武重本家酒造株式会社,1
12237,10038,2024,メイン部門,最高金賞,開運 特別本醸造 夢仕込み,,18,1853,approved,1.0,,Official Verified (ワイングラスでおいしい日本酒アワード 2024 公式審査結果),ワイングラスでおいしい日本酒アワード,開運,株式会社土井酒造場,1
12238,10038,2024,メイン部門,最高金賞,山田錦大吟醸 匠,,8377,1139,approved,1.0,,Official Verified (ワイングラスでおいしい日本酒アワード 2024 公式審査結果),ワイングラスでおいしい日本酒アワード,京姫,株式会社京姫酒造,1
12239,10038,2024,メイン部門,最高金賞,千代むすび 純米酒,,5734,7403,approved,1.0,,Official Verified (ワイングラスでおいしい日本酒アワード 2024 公式審査結果),ワイングラスでおいしい日本酒アワード,千代むすび,千代むすび酒造株式会社,1
12240,10038,2024,メイン部門,最高金賞,伊七 源流域水仕込み 純米吟醸,,4093,3200,approved,1.0,,Official Verified (ワイングラスでおいしい日本酒アワード 2024 公式審査結果),ワイングラスでおいしい日本酒アワード,伊七,熊屋酒造有限会社,1
12241,10038,2024,メイン部門,最高金賞,石鎚 無濾過純米,,8556,2684,approved,1.0,,Official Verified (ワイングラスでおいしい日本酒アワード 2024 公式審査結果),ワイングラスでおいしい日本酒アワード,石鎚,石鎚酒造株式会社,1
12242,10038,2024,プレミアム大吟醸部門,最高金賞,桂月 にごり 純米大吟醸 50,,2592,6749,approved,1.0,,Official Verified (ワイングラスでおいしい日本酒アワード 2024 公式審査結果),ワイングラスでおいしい日本酒アワード,桂月,土佐酒造株式会社,1
12243,10038,2024,プレミアム大吟醸部門,最高金賞,極上吉乃川 純米大吟醸,,1694,274,approved,1.0,,Official Verified (ワイングラスでおいしい日本酒アワード 2024 公式審査結果),ワイングラスでおいしい日本酒アワード,吉乃川,吉乃川株式会社,1
12244,10038,2024,プレミアム大吟醸部門,最高金賞,手取川 純米大吟醸 本流,,2663,2249,approved,1.0,,Official Verified (ワイングラスでおいしい日本酒アワード 2024 公式審査結果),ワイングラスでおいしい日本酒アワード,手取川,株式会社吉田酒造店,1
12245,10038,2024,プレミアム大吟醸部門,金賞,純米大吟醸 じょっぱり,,4563,3452,approved,1.0,,Official Verified (ワイングラスでおいしい日本酒アワード 2024 公式審査結果),ワイングラスでおいしい日本酒アワード,じょっぱり,六花酒造株式会社,1
12246,10038,2024,プレミアム大吟醸部門,金賞,南部美人 純米大吟醸,,4198,5588,approved,1.0,,Official Verified (ワイングラスでおいしい日本酒アワード 2024 公式審査結果),ワイングラスでおいしい日本酒アワード,南部美人,株式会社南部美人,1
12247,10038,2024,プレミアム大吟醸部門,金賞,水芭蕉 純米大吟醸 翠,,2390,6542,approved,1.0,,Official Verified (ワイングラスでおいしい日本酒アワード 2024 公式審査結果),ワイングラスでおいしい日本酒アワード,水芭蕉,永井酒造株式会社,1
12248,10038,2024,プレミアム大吟醸部門,金賞,七賢 大中屋 純米大吟醸,,557,6164,approved,1.0,,Official Verified (ワイングラスでおいしい日本酒アワード 2024 公式審査結果),ワイングラスでおいしい日本酒アワード,七賢,山梨銘醸株式会社,1
12249,10038,2024,プレミアム大吟醸部門,金賞,蓬莱泉 空 純米大吟醸,,8447,1409,approved,1.0,,Official Verified (ワイングラスでおいしい日本酒アワード 2024 公式審査結果),ワイングラスでおいしい日本酒アワード,蓬莱泉,関谷醸造株式会社,1
12250,10038,2024,プレミアム大吟醸部門,金賞,龍力 米のささやき 大吟醸,,5509,652,approved,1.0,,Official Verified (ワイングラスでおいしい日本酒アワード 2024 公式審査結果),ワイングラスでおいしい日本酒アワード,龍力,株式会社本田商店,1
12251,10038,2024,プレミアム純米部門,最高金賞,会津中将 純米吟醸 夢の香,,7885,80,approved,1.0,,Official Verified (ワイングラスでおいしい日本酒アワード 2024 公式審査結果),ワイングラスでおいしい日本酒アワード,会津中将,鶴乃江酒造株式会社,1
12252,10038,2024,プレミアム純米部門,最高金賞,雪の茅舎 純米吟醸,,8237,528,approved,1.0,,Official Verified (ワイングラスでおいしい日本酒アワード 2024 公式審査結果),ワイングラスでおいしい日本酒アワード,雪の茅舎,株式会社齋彌酒造店,1
12253,10038,2024,プレミアム純米部門,最高金賞,満寿泉 純米吟醸,,8741,6076,approved,1.0,,Official Verified (ワイングラスでおいしい日本酒アワード 2024 公式審査結果),ワイングラスでおいしい日本酒アワード,満寿泉,株式会社桝田酒造店,1
12254,10038,2024,プレミアム純米部門,金賞,一ノ蔵 純米吟醸 蔵の華,,14,4701,approved,1.0,,Official Verified (ワイングラスでおいしい日本酒アワード 2024 公式審査結果),ワイングラスでおいしい日本酒アワード,一ノ蔵,株式会社一ノ蔵,1
12255,10038,2024,プレミアム純米部門,金賞,黒牛 純米酒,,3974,8827,approved,1.0,,Official Verified (ワイングラスでおいしい日本酒アワード 2024 公式審査結果),ワイングラスでおいしい日本酒アワード,黒牛,株式会社名手酒造店,1
12256,10038,2024,プレミアム純米部門,金賞,東洋美人 醇道一閃,,2985,1930,approved,1.0,,Official Verified (ワイングラスでおいしい日本酒アワード 2024 公式審査結果),ワイングラスでおいしい日本酒アワード,東洋美人,株式会社澄川酒造場,1
12257,10038,2024,プレミアム純米部門,金賞,美丈夫 純米吟醸 慎太郎,,4179,70753,approved,1.0,,Official Verified (ワイングラスでおいしい日本酒アワード 2024 公式審査結果),ワイングラスでおいしい日本酒アワード,美丈夫,有限会社濱川商店,1
12258,10038,2024,スパークリングSAKE部門,最高金賞,越の誉 発泡純米酒 あわっしゅ,,4731,232,approved,1.0,,Official Verified (ワイングラスでおいしい日本酒アワード 2024 公式審査結果),ワイングラスでおいしい日本酒アワード,越の誉,原酒造株式会社,1
12259,10038,2024,スパークリングSAKE部門,最高金賞,Spark Riz Vin,,6734,38,approved,1.0,,Official Verified (ワイングラスでおいしい日本酒アワード 2024 公式審査結果),ワイングラスでおいしい日本酒アワード,千曲錦,千曲錦酒造株式会社,1
12260,10038,2024,プレミアムスパークリングSAKE部門,最高金賞,SPARKLING SAKE 光壽,,6382,7918,approved,1.0,,Official Verified (ワイングラスでおいしい日本酒アワード 2024 公式審査結果),ワイングラスでおいしい日本酒アワード,賀茂鶴,賀茂鶴酒造株式会社,1
12261,10039,2024,お値打ちぬる燗部門,最高金賞,おいらせ流 純米吟醸酒,,177,3444,approved,1.0,,Official Verified (全国燗酒コンテスト 2024 公式審査結果),全国燗酒コンテスト,桃川,桃川株式会社,1
12262,10039,2024,お値打ちぬる燗部門,最高金賞,南部美人 吟醸 結のしずく,,4198,5588,approved,1.0,,Official Verified (全国燗酒コンテスト 2024 公式審査結果),全国燗酒コンテスト,南部美人,株式会社南部美人,1
12263,10039,2024,お値打ちぬる燗部門,最高金賞,本仕込 浦霞,,3280,4699,approved,1.0,,Official Verified (全国燗酒コンテスト 2024 公式審査結果),全国燗酒コンテスト,浦霞,株式会社佐浦,1
12264,10039,2024,お値打ちぬる燗部門,最高金賞,愛宕の松 別仕込本醸造,,95,4702,approved,1.0,,Official Verified (全国燗酒コンテスト 2024 公式審査結果),全国燗酒コンテスト,愛宕の松,株式会社新澤醸造店,1
12265,10039,2024,お値打ちぬる燗部門,最高金賞,かおりらんまん純米吟醸,,11610,556,approved,1.0,,Official Verified (全国燗酒コンテスト 2024 公式審査結果),全国燗酒コンテスト,爛漫,秋田銘醸株式会社,1
12266,10039,2024,お値打ちぬる燗部門,最高金賞,金紋秀,,3791,552,approved,1.0,,Official Verified (全国燗酒コンテスト 2024 公式審査結果),全国燗酒コンテスト,秀よし,合名会社鈴木酒造店,1
12267,10039,2024,お値打ちぬる燗部門,最高金賞,特別純米 北秋田,,8274,541,approved,1.0,,Official Verified (全国燗酒コンテスト 2024 公式審査結果),全国燗酒コンテスト,北秋田,株式会社北鹿,1
12268,10039,2024,お値打ちぬる燗部門,最高金賞,開華 純米酒,,5112,295,approved,1.0,,Official Verified (全国燗酒コンテスト 2024 公式審査結果),全国燗酒コンテスト,開華,第一酒造株式会社,1
12269,10039,2024,お値打ちぬる燗部門,最高金賞,吟醸 晴雲,,4143,2500,approved,1.0,,Official Verified (全国燗酒コンテスト 2024 公式審査結果),全国燗酒コンテスト,晴雲,晴雲酒造株式会社,1
12270,10039,2024,お値打ちぬる燗部門,最高金賞,澤乃花 辛口純米 花ごころ,,78,45,approved,1.0,,Official Verified (全国燗酒コンテスト 2024 公式審査結果),全国燗酒コンテスト,澤乃花,伴野酒造株式会社,1
12271,10039,2024,お値打ちぬる燗部門,最高金賞,豊麗司牡丹,,6214,6754,approved,1.0,,Official Verified (全国燗酒コンテスト 2024 公式審査結果),全国燗酒コンテスト,司牡丹,司牡丹酒造株式会社,1
12272,10039,2024,お値打ちぬる燗部門,最高金賞,和香牡丹 福貴野,,6097,7132,approved,1.0,,Official Verified (全国燗酒コンテスト 2024 公式審査結果),全国燗酒コンテスト,和香牡丹,三和酒類株式会社,1
12273,10039,2024,お値打ち熱燗部門,最高金賞,男山 生酛純米,,7586,6562,approved,1.0,,Official Verified (全国燗酒コンテスト 2024 公式審査結果),全国燗酒コンテスト,男山,男山株式会社,1
12274,10039,2024,お値打ち熱燗部門,最高金賞,吉乃川 厳選辛口,,1694,274,approved,1.0,,Official Verified (全国燗酒コンテスト 2024 公式審査結果),全国燗酒コンテスト,吉乃川,吉乃川株式会社,1
12275,10039,2024,お値打ち熱燗部門,最高金賞,若竹屋 特別本醸造,,1645,981,approved,1.0,,Official Verified (全国燗酒コンテスト 2024 公式審査結果),全国燗酒コンテスト,若竹屋,合資会社若竹屋酒造場,1
12276,10039,2024,お値打ち熱燗部門,金賞,高清水 精撰,,5330,530,approved,1.0,,Official Verified (全国燗酒コンテスト 2024 公式審査結果),全国燗酒コンテスト,高清水,秋田酒類製造株式会社,1
12277,10039,2024,お値打ち熱燗部門,金賞,白真弓 栄冠,,5881,2170,approved,1.0,,Official Verified (全国燗酒コンテスト 2024 公式審査結果),全国燗酒コンテスト,白真弓,有限会社蒲酒造場,1
12278,10039,2024,お値打ち熱燗部門,金賞,富翁 上撰 辛口,,8358,1137,approved,1.0,,Official Verified (全国燗酒コンテスト 2024 公式審査結果),全国燗酒コンテスト,富翁,株式会社北川本家,1
12279,10039,2024,プレミアム燗酒部門,最高金賞,初孫 生酛純米本辛口 魔斬,,1425,896,approved,1.0,,Official Verified (全国燗酒コンテスト 2024 公式審査結果),全国燗酒コンテスト,初孫,東北銘醸株式会社,1
12280,10039,2024,プレミアム燗酒部門,最高金賞,大山 特別純米酒 十水,,2927,885,approved,1.0,,Official Verified (全国燗酒コンテスト 2024 公式審査結果),全国燗酒コンテスト,大山,加藤嘉八郎酒造株式会社,1
12281,10039,2024,プレミアム燗酒部門,最高金賞,真澄 すずみさけ 純米吟醸,,7715,4,approved,1.0,,Official Verified (全国燗酒コンテスト 2024 公式審査結果),全国燗酒コンテスト,真澄,宮坂醸造株式会社,1
12282,10039,2024,プレミアム燗酒部門,金賞,九頭龍 純米,,1079,5246,approved,1.0,,Official Verified (全国燗酒コンテスト 2024 公式審査結果),全国燗酒コンテスト,九頭龍,黒龍酒造株式会社,1
12283,10039,2024,プレミアム燗酒部門,金賞,春鹿 純米 超辛口,,6943,5779,approved,1.0,,Official Verified (全国燗酒コンテスト 2024 公式審査結果),全国燗酒コンテスト,春鹿,株式会社今西清兵衛商店,1
12284,10039,2024,プレミアム燗酒部門,金賞,賀茂泉 朱泉本仕込,,83,7923,approved,1.0,,Official Verified (全国燗酒コンテスト 2024 公式審査結果),全国燗酒コンテスト,賀茂泉,賀茂泉酒造株式会社,1
12285,10039,2024,プレミアム燗酒部門,金賞,千代の亀 特別純米 黒ラベル,,1574,2699,approved,1.0,,Official Verified (全国燗酒コンテスト 2024 公式審査結果),全国燗酒コンテスト,千代の亀,千代の亀酒造株式会社,1
12286,10041,2024,大吟醸A部門,グランプリ,極上諸白 十四代,,45,868,approved,1.0,,Official Verified (全米日本酒歓評会 (U.S. National Sake Appraisal) 2024 公式審査結果),全米日本酒歓評会 (U.S. National Sake Appraisal),十四代,高木酒造株式会社,1
12287,10041,2024,大吟醸A部門,金賞,黒龍 しずく,,1079,5246,approved,1.0,,Official Verified (全米日本酒歓評会 (U.S. National Sake Appraisal) 2024 公式審査結果),全米日本酒歓評会 (U.S. National Sake Appraisal),黒龍,黒龍酒造株式会社,1
12288,10041,2024,大吟醸A部門,金賞,鳳凰美田 荒走押切 プレミアム,,1527,6558,approved,1.0,,Official Verified (全米日本酒歓評会 (U.S. National Sake Appraisal) 2024 公式審査結果),全米日本酒歓評会 (U.S. National Sake Appraisal),鳳凰美田,小林酒造株式会社,1
12289,10041,2024,大吟醸B部門,金賞,飛露喜 純米大吟醸,,46,121,approved,1.0,,Official Verified (全米日本酒歓評会 (U.S. National Sake Appraisal) 2024 公式審査結果),全米日本酒歓評会 (U.S. National Sake Appraisal),飛露喜,合資会社廣木酒造本店,1
12290,10041,2024,大吟醸B部門,金賞,獺祭 磨き二割三分 遠心分離,,3523,1921,approved,1.0,,Official Verified (全米日本酒歓評会 (U.S. National Sake Appraisal) 2024 公式審査結果),全米日本酒歓評会 (U.S. National Sake Appraisal),獺祭,旭酒造株式会社,1
12291,10041,2024,吟醸部門,金賞,寫樂 純米吟醸,,,128,approved,1.0,,Official Verified (全米日本酒歓評会 (U.S. National Sake Appraisal) 2024 公式審査結果),全米日本酒歓評会 (U.S. National Sake Appraisal),寫樂,宮泉銘醸株式会社,1
12292,10041,2024,吟醸部門,金賞,みむろ杉 ろまんシリーズ 純米吟醸,,29,5798,approved,1.0,,Official Verified (全米日本酒歓評会 (U.S. National Sake Appraisal) 2024 公式審査結果),全米日本酒歓評会 (U.S. National Sake Appraisal),みむろ杉,今西酒造株式会社,1
12293,10041,2024,純米部門,金賞,勝駒 純米酒,,7747,6082,approved,1.0,,Official Verified (全米日本酒歓評会 (U.S. National Sake Appraisal) 2024 公式審査結果),全米日本酒歓評会 (U.S. National Sake Appraisal),勝駒,清都酒造場,1
12294,10041,2024,純米部門,金賞,伯楽星 特別純米,,95,4702,approved,1.0,,Official Verified (全米日本酒歓評会 (U.S. National Sake Appraisal) 2024 公式審査結果),全米日本酒歓評会 (U.S. National Sake Appraisal),伯楽星,株式会社新澤醸造店,1
12295,10041,2024,純米部門,金賞,赤武 AKABU 純米酒,,3276,5570,approved,1.0,,Official Verified (全米日本酒歓評会 (U.S. National Sake Appraisal) 2024 公式審査結果),全米日本酒歓評会 (U.S. National Sake Appraisal),AKABU,赤武酒造株式会社,1
12296,10040,2024,芋焼酎部門,最高金賞,フラミンゴオレンジ,,,57748,approved,1.0,,Official Verified (東京ウイスキー＆スピリッツコンペティション (TWSC) 焼酎部門 2024 公式審査結果),東京ウイスキー＆スピリッツコンペティション (TWSC) 焼酎部門,フラミンゴオレンジ,国分酒造株式会社,1
12297,10040,2024,芋焼酎部門,金賞,伊佐美,,7534,57815,approved,1.0,,Official Verified (東京ウイスキー＆スピリッツコンペティション (TWSC) 焼酎部門 2024 公式審査結果),東京ウイスキー＆スピリッツコンペティション (TWSC) 焼酎部門,伊佐美,甲斐商店,1
12298,10040,2024,芋焼酎部門,金賞,富乃宝山,,7702,678,approved,1.0,,Official Verified (東京ウイスキー＆スピリッツコンペティション (TWSC) 焼酎部門 2024 公式審査結果),東京ウイスキー＆スピリッツコンペティション (TWSC) 焼酎部門,富乃宝山,西酒造株式会社,1
12299,10040,2024,芋焼酎部門,金賞,吉兆宝山,,7702,678,approved,1.0,,Official Verified (東京ウイスキー＆スピリッツコンペティション (TWSC) 焼酎部門 2024 公式審査結果),東京ウイスキー＆スピリッツコンペティション (TWSC) 焼酎部門,吉兆宝山,西酒造株式会社,1
12300,10040,2024,麦焼酎部門,金賞,中々,,7952,6871,approved,1.0,,Official Verified (東京ウイスキー＆スピリッツコンペティション (TWSC) 焼酎部門 2024 公式審査結果),東京ウイスキー＆スピリッツコンペティション (TWSC) 焼酎部門,中々,株式会社黒木本店,1
12301,10040,2024,麦焼酎部門,金賞,二階堂 吉四六,,5791,7139,approved,1.0,,Official Verified (東京ウイスキー＆スピリッツコンペティション (TWSC) 焼酎部門 2024 公式審査結果),東京ウイスキー＆スピリッツコンペティション (TWSC) 焼酎部門,吉四六,二階堂酒造有限会社,1
12302,10040,2024,米焼酎部門,金賞,獺祭 焼酎 39度,,3523,1921,approved,1.0,,Official Verified (東京ウイスキー＆スピリッツコンペティション (TWSC) 焼酎部門 2024 公式審査結果),東京ウイスキー＆スピリッツコンペティション (TWSC) 焼酎部門,獺祭,旭酒造株式会社,1
12303,10040,2024,泡盛部門,金賞,泡盛 菊之露 VIPゴールド,,,57905,approved,1.0,,Official Verified (東京ウイスキー＆スピリッツコンペティション (TWSC) 焼酎部門 2024 公式審査結果),東京ウイスキー＆スピリッツコンペティション (TWSC) 焼酎部門,菊之露,菊之露酒造株式会社,1
12304,10040,2024,泡盛部門,金賞,八重泉 黒真珠,,,57932,approved,1.0,,Official Verified (東京ウイスキー＆スピリッツコンペティション (TWSC) 焼酎部門 2024 公式審査結果),東京ウイスキー＆スピリッツコンペティション (TWSC) 焼酎部門,八重泉,有限会社八重泉酒造,1
12305,10040,2024,黒糖焼酎部門,最高金賞,朝日 30度,,2045,298,approved,1.0,,Official Verified (東京ウイスキー＆スピリッツコンペティション (TWSC) 焼酎部門 2024 公式審査結果),東京ウイスキー＆スピリッツコンペティション (TWSC) 焼酎部門,朝日,朝日酒造株式会社,1
12306,10042,2024,大吟醸・純米大吟醸部門,ダブル金賞,醸し人九平次 別誂,,41,1378,approved,1.0,,Official Verified (ミラノ酒チャレンジ (Milano Sake Challenge) 2024 公式審査結果),ミラノ酒チャレンジ (Milano Sake Challenge),醸し人九平次,株式会社萬乗醸造,1
12307,10042,2024,純米部門,プラチナ賞,惣誉 生酛特別純米,,20175,7360,approved,1.0,,Official Verified (ミラノ酒チャレンジ (Milano Sake Challenge) 2024 公式審査結果),ミラノ酒チャレンジ (Milano Sake Challenge),惣誉,惣誉酒造株式会社,1
12308,10042,2024,純米吟醸部門,金賞,手取川 純米吟醸 酒魂,,2663,2249,approved,1.0,,Official Verified (ミラノ酒チャレンジ (Milano Sake Challenge) 2024 公式審査結果),ミラノ酒チャレンジ (Milano Sake Challenge),手取川,株式会社吉田酒造店,1
12309,10042,2024,デザイン部門,ベストデザイン金賞,雨後の月 純米大吟醸 Black Moon,,1009,7936,approved,1.0,,Official Verified (ミラノ酒チャレンジ (Milano Sake Challenge) 2024 公式審査結果),ミラノ酒チャレンジ (Milano Sake Challenge),雨後の月,相原酒造株式会社,1
12310,10042,2024,フードペアリング部門（パルミジャーノ）,ベストペアリング賞,龍力 純米大吟醸 秋津,,5509,652,approved,1.0,,Official Verified (ミラノ酒チャレンジ (Milano Sake Challenge) 2024 公式審査結果),ミラノ酒チャレンジ (Milano Sake Challenge),龍力,株式会社本田商店,1
12311,10043,2024,ホップサケ部門,最優秀賞,haccoba はなうたホップス 2024,,7564,62596,approved,1.0,,Official Verified (クラフトサケアワード (Craft Sake Award) 2024 公式審査結果),クラフトサケアワード (Craft Sake Award),haccoba,株式会社haccoba,1
12312,10043,2024,フルーツ部門,最優秀賞,LIBROM Mango Craft,,7566,70754,approved,1.0,,Official Verified (クラフトサケアワード (Craft Sake Award) 2024 公式審査結果),クラフトサケアワード (Craft Sake Award),LIBROM,LIBROM Craft Sake Brewery,1
12313,10043,2024,ボタニカル部門,金賞,WAKAZE Botanical SAKE 柚子,,7558,62604,approved,1.0,,Official Verified (クラフトサケアワード (Craft Sake Award) 2024 公式審査結果),クラフトサケアワード (Craft Sake Award),WAKAZE,株式会社WAKAZE,1
12314,10043,2024,イノベーティブ部門,金賞,LAGOON BREWERY 翔空 ピーチ,,4291,239,approved,1.0,,Official Verified (クラフトサケアワード (Craft Sake Award) 2024 公式審査結果),クラフトサケアワード (Craft Sake Award),翔空,LAGOON BREWERY合同会社,1
12315,10043,2024,地域素材部門,金賞,稲とアガベ トマトサケ,,3929,33102,approved,1.0,,Official Verified (クラフトサケアワード (Craft Sake Award) 2024 公式審査結果),クラフトサケアワード (Craft Sake Award),稲とアガベ,稲とアガベ株式会社,1
12316,10044,2024,純米大吟醸部門,第1位 (GOLD),蓬莱 極意傳 純米大吟醸,2912,6980,2169,verified,1.0,official_release,Official Competition Website (https://sakecompetition.com/),SAKE COMPETITION,蓬莱,有限会社渡辺酒造店,1
12317,10044,2024,純米吟醸部門,第1位 (GOLD),飛露喜 純米吟醸 黒ラベル,51074,8130,121,verified,1.0,official_release,Official Competition Website (https://sakecompetition.com/),SAKE COMPETITION,飛露喜,合資会社廣木酒造本店,1
12318,10044,2024,純米酒部門,第1位 (GOLD),みむろ杉 特別純米 辛口 露葉風,8723,7861,5798,verified,1.0,official_release,Official Competition Website (https://sakecompetition.com/),SAKE COMPETITION,みむろ杉,株式会社今西酒造,1
12319,10044,2024,Super Premium部門,第1位 (GOLD),超特撰 純米大吟醸 残響 Super7,,7974,4702,verified,1.0,official_release,Official Competition Website (https://sakecompetition.com/),SAKE COMPETITION,残響,株式会社新澤醸造店,1
12320,10044,2024,吟醸部門,第1位 (GOLD),出羽桜 桜花吟醸酒 本生,50957,9015,895,verified,1.0,official_release,Official Competition Website (https://sakecompetition.com/),SAKE COMPETITION,出羽桜,出羽桜酒造株式会社,1
12321,10045,2024,日本酒 スパークリング部門,TOP OF THE BEST (最高金賞),水芭蕉 Pure 瓶内二次発酵 スパークリング,9965,9016,6542,verified,1.0,official_release,Official Competition Website (https://feminalise-japon.com/),フェミナリーズ世界ワインコンクール 日本酒・本格焼酎部門,水芭蕉,永井酒造株式会社,1
12322,10045,2024,日本酒 純米大吟醸部門,金賞 (GOLD),七賢 絹の味 純米大吟醸,9412,7877,6164,verified,1.0,official_release,Official Competition Website (https://feminalise-japon.com/),フェミナリーズ世界ワインコンクール 日本酒・本格焼酎部門,七賢,山梨銘醸株式会社,1
12323,10045,2024,本格焼酎部門,金賞 (GOLD),だいやめ DAIYAME 40 40度,71868,7917,6172,verified,1.0,official_release,Official Competition Website (https://feminalise-japon.com/),フェミナリーズ世界ワインコンクール 日本酒・本格焼酎部門,だいやめ,濵田酒造株式会社,1
12324,10045,2024,リキュール部門,金賞 (GOLD),鶴梅 完熟にごり梅酒,19751,7858,8823,verified,1.0,official_release,Official Competition Website (https://feminalise-japon.com/),フェミナリーズ世界ワインコンクール 日本酒・本格焼酎部門,鶴梅,平和酒造株式会社,1
12325,10046,2024,純米大吟醸（香り部門）,Sake of the Year (最高賞),作 智 純米大吟醸 滴取り,5487,6934,3811,verified,1.0,official_release,Official Competition Website (https://www.orientalsakeawards.com/),オリエンタル・サケ・アワード (Oriental Sake Awards / OSA),作,清水清三郎商店株式会社,1
12326,10046,2024,純米吟醸部門,金賞 (GOLD),伯楽星 純米吟醸 雄町,6967,7602,4702,verified,1.0,official_release,Official Competition Website (https://www.orientalsakeawards.com/),オリエンタル・サケ・アワード (Oriental Sake Awards / OSA),伯楽星,株式会社新澤醸造店,1
12327,10046,2024,スパークリング部門,金賞 (GOLD),ESHIKOTO AWA 瓶内二次発酵 スパークリング,,7849,5246,verified,1.0,official_release,Official Competition Website (https://www.orientalsakeawards.com/),オリエンタル・サケ・アワード (Oriental Sake Awards / OSA),ESHIKOTO,黒龍酒造株式会社,1
12328,10047,2024,純米大吟醸部門,プラチナ賞 (Platinum),梵 日本の翼 純米大吟醸,7853,9017,5263,verified,1.0,official_release,Official Competition Website (https://londonsakechallenge.com/),ロンドン酒チャレンジ (London Sake Challenge),梵,加藤吉平商店,1
12329,10047,2024,純米吟醸部門,金賞 (Gold),真澄 漆黒 KURO 純米吟醸,4,7715,4,verified,1.0,official_release,Official Competition Website (https://londonsakechallenge.com/),ロンドン酒チャレンジ (London Sake Challenge),真澄,宮坂醸造株式会社,1
12330,10047,2024,大吟醸部門,金賞 (Gold),陸奥八仙 大吟醸 華想い40,4908,9019,3446,verified,1.0,official_release,Official Competition Website (https://londonsakechallenge.com/),ロンドン酒チャレンジ (London Sake Challenge),陸奥八仙,八戸酒造株式会社,1
12331,10037,2024,純米大吟醸部門,第2位 (GOLD),陸奥八仙 華想い40 純米大吟醸,4908,9019,3446,verified,1.0,official_release,Official Competition Website (https://sakecompetition.com/),SAKE COMPETITION,陸奥八仙,八戸酒造株式会社,1
12332,10037,2024,純米大吟醸部門,第3位 (GOLD),伯楽星 純米大吟醸 東条秋津産山田錦,6967,7823,4702,verified,1.0,official_release,Official Competition Website (https://sakecompetition.com/),SAKE COMPETITION,伯楽星,株式会社新澤醸造店,1
12333,10037,2024,純米吟醸部門,第2位 (GOLD),作 雅乃智 中取り 純米吟醸,5487,9020,3811,verified,1.0,official_release,Official Competition Website (https://sakecompetition.com/),SAKE COMPETITION,作,清水清三郎商店株式会社,1
12334,10037,2024,純米吟醸部門,第3位 (GOLD),鍋島 純米吟醸 山田錦,10992,9021,7218,verified,1.0,official_release,Official Competition Website (https://sakecompetition.com/),SAKE COMPETITION,鍋島,富久千代酒造有限会社,1
12335,10037,2024,純米酒部門,第2位 (GOLD),紀土 KID 特別純米 カラクチ,19750,9022,8823,verified,1.0,official_release,Official Competition Website (https://sakecompetition.com/),SAKE COMPETITION,紀土,平和酒造株式会社,1
12336,10037,2024,Super Premium部門,第2位 (GOLD),梵 超吟 純米大吟醸 皇室献上品,7853,9023,5263,verified,1.0,official_release,Official Competition Website (https://sakecompetition.com/),SAKE COMPETITION,梵,合資会社加藤吉平商店,1
12337,10045,2024,日本酒 純米吟醸部門,金賞 (GOLD),出羽桜 出羽燦々誕生記念 純米吟醸 本生,50957,9024,895,verified,1.0,official_release,Official Competition Website (https://feminalise-japon.com/),フェミナリーズ世界ワインコンクール 日本酒・本格焼酎部門,出羽桜,出羽桜酒造株式会社,1
12338,10045,2024,日本酒 純米大吟醸部門,金賞 (GOLD),獺祭 磨き二割三分 純米大吟醸,2545,9025,1921,verified,1.0,official_release,Official Competition Website (https://feminalise-japon.com/),フェミナリーズ世界ワインコンクール 日本酒・本格焼酎部門,獺祭,旭酒造株式会社,1
12339,10045,2024,本格焼酎部門,金賞 (GOLD),フラミンゴオレンジ 芋焼酎 26度,,7914,57748,verified,1.0,official_release,Official Competition Website (https://feminalise-japon.com/),フェミナリーズ世界ワインコンクール 日本酒・本格焼酎部門,フラミンゴオレンジ,国分酒造株式会社,1
12340,10045,2024,リキュール部門,金賞 (GOLD),鳳凰美田 完熟もも酒,138616,7852,7359,verified,1.0,official_release,Official Competition Website (https://feminalise-japon.com/),フェミナリーズ世界ワインコンクール 日本酒・本格焼酎部門,鳳凰美田,小林酒造株式会社,1
12341,10046,2024,純米大吟醸（旨味部門）,金賞 (GOLD),みむろ杉 ろまんシリーズ 純米大吟醸 山田錦,8723,7860,5798,verified,1.0,official_release,Official Competition Website (https://www.orientalsakeawards.com/),オリエンタル・サケ・アワード (Oriental Sake Awards / OSA),みむろ杉,今西酒造株式会社,1
12342,10046,2024,純米酒部門,金賞 (GOLD),田酒 特別純米酒 山廃仕込,4910,9027,3447,verified,1.0,official_release,Official Competition Website (https://www.orientalsakeawards.com/),オリエンタル・サケ・アワード (Oriental Sake Awards / OSA),田酒,株式会社西田酒造店,1
12343,10046,2024,本醸造部門,金賞 (GOLD),特撰 朝日鷹 本醸造 低温貯蔵酒,50970,7842,868,verified,1.0,official_release,Official Competition Website (https://www.orientalsakeawards.com/),オリエンタル・サケ・アワード (Oriental Sake Awards / OSA),朝日鷹,高木酒造株式会社,1
12344,10047,2024,純米大吟醸部門,プラチナ賞 (Platinum),黒龍 石田屋 純米大吟醸 熟成酒,7835,7844,5246,verified,1.0,official_release,Official Competition Website (https://londonsakechallenge.com/),ロンドン酒チャレンジ (London Sake Challenge),黒龍,黒龍酒造株式会社,1
12345,10047,2024,純米吟醸部門,金賞 (Gold),東洋美人 醇道一閃 雄町 純米吟醸,2558,7864,1930,verified,1.0,official_release,Official Competition Website (https://londonsakechallenge.com/),ロンドン酒チャレンジ (London Sake Challenge),東洋美人,株式会社澄川酒造場,1
12346,10047,2024,スパークリング部門,金賞 (Gold),七賢 星ノ輝 スパークリング 日本酒,9412,7878,6164,verified,1.0,official_release,Official Competition Website (https://londonsakechallenge.com/),ロンドン酒チャレンジ (London Sake Challenge),七賢,山梨銘醸株式会社,1
12347,10048,2024,吟醸酒の部,優等賞 (首席/最優秀賞),あたごのまつ 大吟醸 出品酒,50821,7828,4702,verified,1.0,nta_official_release,National Tax Agency Official Release (https://www.nta.go.jp/about/organization/sendai/release/),東北清酒鑑評会,あたごのまつ,株式会社新澤醸造店,1
12348,10048,2024,純米酒の部,優等賞,出羽桜 出羽燦々 純米吟醸 本生,50957,9038,895,verified,1.0,nta_official_release,National Tax Agency Official Release (https://www.nta.go.jp/about/organization/sendai/release/),東北清酒鑑評会,出羽桜,出羽桜酒造株式会社,1
12349,10048,2024,吟醸酒の部,優等賞,泉川 鑑評会出品酒 大吟醸,51075,9039,121,verified,1.0,nta_official_release,National Tax Agency Official Release (https://www.nta.go.jp/about/organization/sendai/release/),東北清酒鑑評会,泉川,合資会社廣木酒造本店,1
12350,10048,2024,純米酒の部,優等賞,陸奥八仙 赤ラベル 特別純米酒,4908,9040,3446,verified,1.0,nta_official_release,National Tax Agency Official Release (https://www.nta.go.jp/about/organization/sendai/release/),東北清酒鑑評会,陸奥八仙,八戸酒造株式会社,1
12351,10049,2024,吟醸酒の部,最優秀賞 (第1位),越乃寒梅 超特撰 純米大吟醸 斗瓶取り,198,8135,249,verified,1.0,nta_official_release,National Tax Agency Official Release (https://www.nta.go.jp/about/organization/kantoshinetsu/release/),関東信越国税局酒類鑑評会,越乃寒梅,石本酒造株式会社,1
12352,10049,2024,純米吟醸酒の部,優等賞,真澄 夢殿 純米大吟醸 鑑評会出品仕様,4,9041,4,verified,1.0,nta_official_release,National Tax Agency Official Release (https://www.nta.go.jp/about/organization/kantoshinetsu/release/),関東信越国税局酒類鑑評会,真澄,宮坂醸造株式会社,1
12353,10049,2024,純米酒の部,優等賞,水芭蕉 雪ほたか 純米大吟醸,9965,7870,6542,verified,1.0,nta_official_release,National Tax Agency Official Release (https://www.nta.go.jp/about/organization/kantoshinetsu/release/),関東信越国税局酒類鑑評会,水芭蕉,永井酒造株式会社,1
12354,10049,2024,吟醸酒の部,優等賞,鳳凰美田 別誂至高 大吟醸 原酒 雫酒,138616,9042,7359,verified,1.0,nta_official_release,National Tax Agency Official Release (https://www.nta.go.jp/about/organization/kantoshinetsu/release/),関東信越国税局酒類鑑評会,鳳凰美田,小林酒造株式会社,1
12355,10050,2024,吟醸酒の部,優等賞 (首位),蓬莱 天才杜氏の入魂酒 大吟醸,2912,9043,219,verified,1.0,nta_official_release,National Tax Agency Official Release (https://www.nta.go.jp/about/organization/nagoya/release/),名古屋国税局酒類鑑評会,蓬莱,有限会社渡辺酒造店,1
12356,10050,2024,純米酒の部,優等賞,磯自慢 中取り純米大吟醸35,2308,7756,1843,verified,1.0,nta_official_release,National Tax Agency Official Release (https://www.nta.go.jp/about/organization/nagoya/release/),名古屋国税局酒類鑑評会,磯自慢,磯自慢酒造株式会社,1
12357,10050,2024,純米酒の部,優等賞,作 槐山一滴水 純米大吟醸,5487,7352,3811,verified,1.0,nta_official_release,National Tax Agency Official Release (https://www.nta.go.jp/about/organization/nagoya/release/),名古屋国税局酒類鑑評会,作,清水清三郎商店株式会社,1
12358,10050,2024,吟醸酒の部,優等賞,蓬莱泉 摩訶 純米大吟醸 最高峰,14020,7960,1409,verified,1.0,nta_official_release,National Tax Agency Official Release (https://www.nta.go.jp/about/organization/nagoya/release/),名古屋国税局酒類鑑評会,蓬莱泉,関谷醸造株式会社,1
12359,10051,2024,吟醸酒の部,優等賞 (最優秀),みむろ杉 三輪山 純米大吟醸 鑑評会出品仕様,8723,9045,5798,verified,1.0,nta_official_release,National Tax Agency Official Release (https://www.nta.go.jp/about/organization/osaka/release/),大阪国税局清酒鑑評会,みむろ杉,株式会社今西酒造,1
12360,10051,2024,純米酒の部,優等賞,紀土 KID 無濾過純米生原酒,19750,7855,1150,verified,1.0,nta_official_release,National Tax Agency Official Release (https://www.nta.go.jp/about/organization/osaka/release/),大阪国税局清酒鑑評会,紀土,平和酒造株式会社,1
12361,10051,2024,燗酒の部,優等賞,黒松剣菱 特撰,465,8018,618,verified,1.0,nta_official_release,National Tax Agency Official Release (https://www.nta.go.jp/about/organization/osaka/release/),大阪国税局清酒鑑評会,剣菱,剣菱酒造株式会社,1
12362,10051,2024,吟醸酒の部,優等賞,月桂冠 鳳麟 純米大吟醸,1314,7897,1141,verified,1.0,nta_official_release,National Tax Agency Official Release (https://www.nta.go.jp/about/organization/osaka/release/),大阪国税局清酒鑑評会,月桂冠,月桂冠株式会社,1
12363,10052,2024,吟醸酒の部,優等賞 (首席),東洋美人 壱番纏 播州愛山 純米大吟醸,2558,7866,1930,verified,1.0,nta_official_release,National Tax Agency Official Release (https://www.nta.go.jp/about/organization/hiroshima/release/),広島国税局清酒鑑評会,東洋美人,株式会社澄川酒造場,1
12364,10052,2024,純米酒の部,優等賞,獺祭 磨き その先へ 純米大吟醸,2545,9047,7130,verified,1.0,nta_official_release,National Tax Agency Official Release (https://www.nta.go.jp/about/organization/hiroshima/release/),広島国税局清酒鑑評会,獺祭,旭酒造株式会社,1
12365,10052,2024,純米酒の部,優等賞,賀茂鶴 大吟醸 双鶴 プレミアム,12210,9048,7918,verified,1.0,nta_official_release,National Tax Agency Official Release (https://www.nta.go.jp/about/organization/hiroshima/release/),広島国税局清酒鑑評会,賀茂鶴,賀茂鶴酒造株式会社,1
12366,10052,2024,燗酒の部,優等賞,千代むすび 特別純米 辛口 完全発酵,11332,7909,7403,verified,1.0,nta_official_release,National Tax Agency Official Release (https://www.nta.go.jp/about/organization/hiroshima/release/),広島国税局清酒鑑評会,千代むすび,千代むすび酒造株式会社,1
12367,10053,2024,清酒 吟醸酒の部,優等賞 (第1位),鍋島 純米大吟醸 雫取 愛山,10992,9049,7218,verified,1.0,nta_official_release,National Tax Agency Official Release (https://www.nta.go.jp/about/organization/kumamoto/release/),熊本国税局酒類鑑評会,鍋島,富久千代酒造有限会社,1
12368,10053,2024,本格焼酎 芋部門,優等賞 (金賞),だいやめ DAIYAME 25 25度,71868,7917,6172,verified,1.0,nta_official_release,National Tax Agency Official Release (https://www.nta.go.jp/about/organization/kumamoto/release/),熊本国税局酒類鑑評会,だいやめ,濵田酒造株式会社,1
12369,10053,2024,本格焼酎 麦部門,優等賞 (金賞),兼八 麦焼酎 25度,10818,7709,7114,verified,1.0,nta_official_release,National Tax Agency Official Release (https://www.nta.go.jp/about/organization/kumamoto/release/),熊本国税局酒類鑑評会,兼八,四ツ谷酒造有限会社,1
12370,10053,2024,本格焼酎 米部門,優等賞 (金賞),吟香 鳥飼 米焼酎 25度 720ml,140191,8118,57887,verified,1.0,nta_official_release,National Tax Agency Official Release (https://www.nta.go.jp/about/organization/kumamoto/release/),熊本国税局酒類鑑評会,鳥飼,株式会社鳥飼酒造,1
12371,10054,2024,プレミアム出展酒,CSW Special Selection,十四代 双虹 大吟醸 斗瓶囲い 氷温熟成,50969,25180,6746,verified,1.0,festival_official,Official Festival Website (https://craftsakeweek.com/),CRAFT SAKE WEEK,十四代,高木酒造株式会社,1
12372,10054,2024,プレミアム出展酒,CSW Special Selection,黒龍 二左衛門 純米大吟醸 斗瓶囲い,7835,7845,5246,verified,1.0,festival_official,Official Festival Website (https://craftsakeweek.com/),CRAFT SAKE WEEK,黒龍,黒龍酒造株式会社,1
12373,10054,2024,プレミアム出展酒,CSW Special Selection,零響 Absolute 0 精米歩合0.85%,,25181,4702,verified,1.0,festival_official,Official Festival Website (https://craftsakeweek.com/),CRAFT SAKE WEEK,零響,株式会社新澤醸造店,1
12374,10054,2024,新世代出展酒,CSW Special Selection,AKABU 純米大吟醸 魂ノ刻 TAMASHII NO TOKI,8352,8008,5570,verified,1.0,festival_official,Official Festival Website (https://craftsakeweek.com/),CRAFT SAKE WEEK,AKABU,赤武酒造株式会社,1
12375,10055,2024,酒の陣限定出展酒,酒の陣 出展銘酒,越乃寒梅 浹 amane 純米吟醸,198,25182,249,verified,1.0,festival_official,Official Festival Website (https://www.sakenojin.jp/),にいがた酒の陣,越乃寒梅,石本酒造株式会社,1
12376,10055,2024,酒の陣限定出展酒,酒の陣 出展銘酒,八海山 雪室貯蔵三年 純米大吟醸,23036,7598,211,verified,1.0,festival_official,Official Festival Website (https://www.sakenojin.jp/),にいがた酒の陣,八海山,八海醸造株式会社,1
12377,10055,2024,酒の陣限定出展酒,酒の陣 出展銘酒,久保田 萬寿 自社酵母仕込 純米大吟醸,249,25183,298,verified,1.0,festival_official,Official Festival Website (https://www.sakenojin.jp/),にいがた酒の陣,久保田,朝日酒造株式会社,1
12378,10056,2024,酒ひろば銘酒,酒まつり 厳選銘柄,賀茂鶴 特製ゴールド賀茂鶴 大吟醸 純金箔入,12210,25184,7918,verified,1.0,festival_official,Official Festival Website (https://sakematsuri.com/),西条酒まつり,賀茂鶴,賀茂鶴酒造株式会社,1
12379,10056,2024,酒ひろば銘酒,酒まつり 厳選銘柄,白牡丹 純米大吟醸 万和,12212,25185,7920,verified,1.0,festival_official,Official Festival Website (https://sakematsuri.com/),西条酒まつり,白牡丹,白牡丹酒造株式会社,1
12380,10056,2024,酒ひろば銘酒,酒まつり 厳選銘柄,西条鶴 純米大吟醸 原酒 醸華町,,25186,,verified,1.0,festival_official,Official Festival Website (https://sakematsuri.com/),西条酒まつり,西条鶴,西条鶴醸造株式会社,1
12381,10057,2024,クラフトサケ出展酒,SAKE PARK Featured,haccoba はなうたホップス クラフトサケ,140228,25187,62596,verified,1.0,festival_official,Official Festival Website (https://sakepark.jp/),SAKE PARK,haccoba,株式会社haccoba,1
12382,10057,2024,クラフトサケ出展酒,SAKE PARK Featured,LIBROM Craft Sake Lemon Verbena,140229,25188,70754,verified,1.0,festival_official,Official Festival Website (https://sakepark.jp/),SAKE PARK,LIBROM,株式会社LIBROM,1
12383,10057,2024,新世代日本酒出展,SAKE PARK Featured,WAKAZE THE CLASSIC クラフト清酒,140236,25189,62604,verified,1.0,festival_official,Official Festival Website (https://sakepark.jp/),SAKE PARK,WAKAZE,株式会社WAKAZE,1
12384,10002,2024,純米大吟醸の部,Champion Sake (世界一),青雲 純米大吟醸,5441,,946,verified,1.0,competition_official_archive,Official Verified (IWC (International Wine Challenge) 2024 Archive),IWC (International Wine Challenge),青雲,合資会社後藤酒造場,1
12385,10002,2023,大吟醸の部,Champion Sake (世界一),十六代九郎右衛門 純米大吟醸 愛山,23219,,68,verified,1.0,competition_official_archive,Official Verified (IWC (International Wine Challenge) 2023 Archive),IWC (International Wine Challenge),十六代九郎右衛門,湯川酒造店,1
12386,10002,2022,大吟醸の部,Champion Sake (世界一),御湖鶴 純米大吟醸 山田錦,7,9163,7,verified,1.0,competition_official_archive,Official Verified (IWC (International Wine Challenge) 2022 Archive),IWC (International Wine Challenge),御湖鶴,諏訪御湖鶴酒造場,1
12387,10002,2021,純米酒の部,Champion Sake (世界一),奥の松 純米大吟醸 雫酒,14076,7882,86,verified,1.0,competition_official_archive,Official Verified (IWC (International Wine Challenge) 2021 Archive),IWC (International Wine Challenge),奥の松,合名会社奥の松酒造,1
12388,10002,2020,純米酒の部,Champion Sake (世界一),喜多屋 純米大吟醸 極醸,52301,789,945,verified,1.0,competition_official_archive,Official Verified (IWC (International Wine Challenge) 2020 Archive),IWC (International Wine Challenge),喜多屋,株式会社喜多屋,1
12389,10002,2019,吟醸酒の部,Champion Sake (世界一),勝山 献 純米吟醸,6955,7209,4695,verified,1.0,competition_official_archive,Official Verified (IWC (International Wine Challenge) 2019 Archive),IWC (International Wine Challenge),勝山,勝山酒造株式会社,1
12390,10002,2018,古酒の部,Champion Sake (世界一),南部美人 特別純米酒,8376,18416,5588,verified,1.0,competition_official_archive,Official Verified (IWC (International Wine Challenge) 2018 Archive),IWC (International Wine Challenge),南部美人,南部美人,1
12391,10003,2024,クラシック純米酒部門,プレジデント賞 (最高賞),鍋島 特別純米酒,10992,25877,7218,verified,1.0,competition_official_archive,Official Verified (Kura Master 2024 Archive),Kura Master,鍋島,富久千代酒造有限会社,1
12392,10003,2023,純米大吟醸部門,プレジデント賞 (最高賞),伯楽星 純米大吟醸,6967,7826,4702,verified,1.0,competition_official_archive,Official Verified (Kura Master 2023 Archive),Kura Master,伯楽星,株式会社新澤醸造店,1
12393,10003,2022,純米酒部門,プレジデント賞 (最高賞),クラシック仙禽 亀ノ尾,11292,6778,7347,verified,1.0,competition_official_archive,Official Verified (Kura Master 2022 Archive),Kura Master,仙禽,株式会社せんきん,1
12394,10003,2021,サケスパークリング部門,プレジデント賞 (最高賞),水芭蕉 PURE スパークリング,9965,6922,6542,verified,1.0,competition_official_archive,Official Verified (Kura Master 2021 Archive),Kura Master,水芭蕉,永井酒造株式会社,1
12395,10037,2024,純米大吟醸部門,第1位 (GOLD),十四代 超特選 純米大吟醸 播州山田錦,50969,7838,6746,verified,1.0,competition_official_archive,Official Verified (SAKE COMPETITION 2024 Archive),SAKE COMPETITION,十四代,高木酒造株式会社,1
12396,10037,2024,純米吟醸部門,第1位 (GOLD),AKABU 純米吟醸 雄町,8352,8154,5570,verified,1.0,competition_official_archive,Official Verified (SAKE COMPETITION 2024 Archive),SAKE COMPETITION,AKABU,赤武酒造株式会社,1
12397,10037,2024,純米酒部門,第1位 (GOLD),磯自慢 特別純米 雄町53,2308,7756,1843,verified,1.0,competition_official_archive,Official Verified (SAKE COMPETITION 2024 Archive),SAKE COMPETITION,磯自慢,磯自慢酒造株式会社,1
12398,10037,2023,Super Premium部門,第1位 (GOLD),作 智 純米大吟醸 滴取り,5487,20977,3811,verified,1.0,competition_official_archive,Official Verified (SAKE COMPETITION 2023 Archive),SAKE COMPETITION,作,清水清三郎商店株式会社,1
12399,10037,2023,純米大吟醸部門,第1位 (GOLD),黒龍 しずく 大吟醸,7835,7933,5246,verified,1.0,competition_official_archive,Official Verified (SAKE COMPETITION 2023 Archive),SAKE COMPETITION,黒龍,黒龍酒造株式会社,1
12400,10037,2019,純米吟醸部門,第1位 (GOLD),而今 純米吟醸 千本錦火入,5528,7226,3823,verified,1.0,competition_official_archive,Official Verified (SAKE COMPETITION 2019 Archive),SAKE COMPETITION,而今,木屋正酒造株式会社,1
12401,10037,2018,純米酒部門,第1位 (GOLD),三井の寿 純米吟醸 大辛口+14,52296,7160,937,verified,1.0,competition_official_archive,Official Verified (SAKE COMPETITION 2018 Archive),SAKE COMPETITION,三井の寿,株式会社みいの寿,1
12402,10001,2024,吟醸酒の部,金賞,十四代 大吟醸 斗瓶囲い 龍泉,50969,7838,6746,verified,1.0,competition_official_archive,Official Verified (全国新酒鑑評会 2024 Archive),全国新酒鑑評会,十四代,高木酒造株式会社,1
12403,10001,2024,吟醸酒の部,金賞,飛露喜 大吟醸,51074,7681,121,verified,1.0,competition_official_archive,Official Verified (全国新酒鑑評会 2024 Archive),全国新酒鑑評会,飛露喜,廣木酒造本店,1
12404,10001,2024,吟醸酒の部,金賞,獺祭 磨きその先へ,2545,7593,7130,verified,1.0,competition_official_archive,Official Verified (全国新酒鑑評会 2024 Archive),全国新酒鑑評会,獺祭,旭酒造株式会社,1
12405,10001,2023,吟醸酒の部,金賞,磯自慢 中取り純米大吟醸35,2308,7756,1843,verified,1.0,competition_official_archive,Official Verified (全国新酒鑑評会 2023 Archive),全国新酒鑑評会,磯自慢,磯自慢酒造株式会社,1
12406,10001,2023,吟醸酒の部,金賞,残響 Super 7 純米大吟醸,,6893,4702,verified,1.0,competition_official_archive,Official Verified (全国新酒鑑評会 2023 Archive),全国新酒鑑評会,残響,株式会社新澤醸造店,1
12407,10001,2022,吟醸酒の部,金賞,黒龍 石田屋 純米大吟醸 熟成,7835,7933,5246,verified,1.0,competition_official_archive,Official Verified (全国新酒鑑評会 2022 Archive),全国新酒鑑評会,黒龍,黒龍酒造株式会社,1
12408,10001,2021,吟醸酒の部,金賞,AKABU 純米大吟醸 極上ノ斬,8352,8154,5570,verified,1.0,competition_official_archive,Official Verified (全国新酒鑑評会 2021 Archive),全国新酒鑑評会,AKABU,赤武酒造株式会社,1
