id,brewery_id,name,name_kana,name_en,status,confidence,source_id,evidence
1,1,麗人,,,draft,0.9,kumiai_nagano,
2,2,本金,,,draft,0.9,kumiai_nagano,
3,3,横笛,,,draft,0.9,kumiai_nagano,
4,4,真澄,,,draft,0.9,kumiai_nagano,
5,5,高天,,,draft,0.9,kumiai_nagano,
6,6,神渡,,,draft,0.9,kumiai_nagano,
7,7,御湖鶴,,,draft,0.9,kumiai_nagano,
8,8,ダイヤ菊,,,draft,0.9,kumiai_nagano,
9,9,舞姫,,,draft,0.9,kumiai_nagano,
10,10,勢正宗,,,draft,0.9,kumiai_nagano,
11,11,岩清水,,,draft,0.9,kumiai_nagano,
12,12,縁喜,,,draft,0.9,kumiai_nagano,
13,13,雲山,,,draft,0.85,kumiai_nagano,
14,14,水尾,,,draft,0.9,kumiai_nagano,
15,15,北光正宗,,,draft,0.9,kumiai_nagano,
16,16,志賀泉,,,draft,0.9,kumiai_nagano,
17,17,金蘭黒部,,,draft,0.9,kumiai_nagano,
18,18,白馬錦,,,draft,0.9,kumiai_nagano,
19,19,いいずら,,,draft,0.9,kumiai_nagano,
20,20,大雪渓,,,draft,0.9,kumiai_nagano,
21,21,北アルプス,,,draft,0.9,kumiai_nagano,
22,22,若緑,,,draft,0.9,kumiai_nagano,
23,23,松尾,,,draft,0.9,kumiai_nagano,
24,24,本老の松,,,draft,0.9,kumiai_nagano,
25,25,桂正宗,,,draft,0.9,kumiai_nagano,
26,26,オバステ正宗,,,draft,0.9,kumiai_nagano,
27,27,信濃光,,,draft,0.9,kumiai_nagano,
28,28,十九,,,draft,0.9,kumiai_nagano,
29,29,スクウェア・ワン,,,draft,0.9,kumiai_nagano,
30,30,北信流,,,draft,0.9,kumiai_nagano,
31,31,米川,,,draft,0.9,kumiai_nagano,
32,32,雲山,,,draft,0.9,kumiai_nagano,
33,33,雲山,,,draft,0.9,kumiai_nagano,
34,34,渓流,,,draft,0.9,kumiai_nagano,
35,35,天法,,,draft,0.9,kumiai_nagano,
36,36,喜久水,,,draft,0.9,kumiai_nagano,
37,37,浅間嶽,,,draft,0.9,kumiai_nagano,
38,38,千曲錦,,,draft,0.9,kumiai_nagano,
39,39,寒竹,,,draft,0.9,kumiai_nagano,
40,40,深山桜,,,draft,0.9,kumiai_nagano,
41,41,御園竹,,,draft,0.9,kumiai_nagano,
42,42,信濃のかたりべ,,,draft,0.9,kumiai_nagano,
43,43,亀の海,,,draft,0.9,kumiai_nagano,
44,44,金宝芙蓉,,,draft,0.9,kumiai_nagano,
45,45,澤乃花,,,draft,0.9,kumiai_nagano,
46,46,初鶯,,,draft,0.9,kumiai_nagano,
47,47,菊秀,,,draft,0.9,kumiai_nagano,
48,48,佐久の花,,,draft,0.9,kumiai_nagano,
49,49,井筒長,,,draft,0.9,kumiai_nagano,
50,50,金宝芙蓉,,,draft,0.9,kumiai_nagano,
51,51,深志鶴,,,draft,0.85,kumiai_nagano,
52,52,善哉,,,draft,0.85,kumiai_nagano,
53,53,岩波,,,draft,0.9,kumiai_nagano,
54,54,笹の誉,,,draft,0.9,kumiai_nagano,
55,55,大信州,,,draft,0.9,kumiai_nagano,
56,56,アルプス正宗,,,draft,0.9,kumiai_nagano,
57,57,高波,,,draft,0.9,kumiai_nagano,
58,58,和饗,,,draft,0.9,kumiai_nagano,
59,59,美寿々,,,draft,0.9,kumiai_nagano,
60,60,酔園幻の酒,,,draft,0.9,kumiai_nagano,
61,61,夜明け前,,,draft,0.9,kumiai_nagano,
62,62,岸の松,,,draft,0.85,kumiai_nagano,
63,63,井の頭,,,draft,0.9,kumiai_nagano,
64,64,信濃錦,,,draft,0.9,kumiai_nagano,
65,65,仙醸,,,draft,0.9,kumiai_nagano,
66,66,信濃鶴,,,draft,0.85,kumiai_nagano,
67,67,今錦,,,draft,0.9,kumiai_nagano,
68,68,木曽路,,,draft,0.9,kumiai_nagano,
69,69,七笑,,,draft,0.9,kumiai_nagano,
70,70,中乗さん,,,draft,0.9,kumiai_nagano,
71,71,木曽のかけはし,,,draft,0.85,kumiai_nagano,
72,72,信州亀齢,,,draft,0.9,kumiai_nagano,
73,73,福無量,,,draft,0.9,kumiai_nagano,
74,74,月吉野,,,draft,0.9,kumiai_nagano,
75,75,和田龍,,,draft,0.9,kumiai_nagano,
76,76,真田六文銭,,,draft,0.9,kumiai_nagano,
77,77,喜久盛,,,draft,0.9,kumiai_nagano,
155,210,越後美人,,,draft,0.9,kumiai_niigata_detail,
156,211,特別本醸造 八海山,,,draft,0.95,kumiai_niigata_detail,
157,212,上撰黒松 能鷹,,,draft,0.95,kumiai_niigata_detail,
158,213,つなん,,,draft,0.95,kumiai_niigata_detail,
159,214,萬寿鏡,,,draft,0.95,kumiai_niigata_detail,
160,214,蔵之主,,,draft,0.95,kumiai_niigata_detail,
161,214,甕覗,,,draft,0.95,kumiai_niigata_detail,
162,215,加茂錦,,,draft,0.95,kumiai_niigata_detail,
163,216,上善如水 純米吟醸,,,draft,0.95,kumiai_niigata_detail,
164,217,スキー正宗,,,draft,0.9,kumiai_niigata_detail,
165,218,大吟醸越後桜,,,draft,0.95,kumiai_niigata_detail,
166,219,根知男山,,,draft,0.95,kumiai_niigata_detail,
167,220,大吟醸 美禄長者盛,,,draft,0.95,kumiai_niigata_detail,
168,221,松乃井,,,draft,0.95,kumiai_niigata_detail,
169,222,越路吹雪,,,draft,0.95,kumiai_niigata_detail,
170,223,錦鯉,,,draft,0.95,kumiai_niigata_detail,
171,224,天領盃,,,draft,0.95,kumiai_niigata_detail,
172,225,君の井 山廃純米吟醸,,,draft,0.95,kumiai_niigata_detail,
173,226,悠天,,,draft,0.95,kumiai_niigata_detail,
174,227,雪の幻,,,draft,0.95,kumiai_niigata_detail,
175,228,金鶴,,,draft,0.95,kumiai_niigata_detail,
176,229,越後五十嵐川,,,draft,0.95,kumiai_niigata_detail,
177,230,〆張鶴,,,draft,0.95,kumiai_niigata_detail,
178,231,真野鶴,,,draft,0.95,kumiai_niigata_detail,
179,232,群亀,,,draft,0.95,kumiai_niigata_detail,
180,233,菊水ふなぐち,,,draft,0.95,kumiai_niigata_detail,
181,234,加賀の井,,,draft,0.95,kumiai_niigata_detail,
182,235,清泉,,,draft,0.95,kumiai_niigata_detail,
183,236,よしかわ杜氏,,,draft,0.95,kumiai_niigata_detail,
184,236,天恵楽,,,draft,0.95,kumiai_niigata_detail,
185,236,有りがたし,,,draft,0.95,kumiai_niigata_detail,
186,237,越乃男山,,,draft,0.95,kumiai_niigata_detail,
187,238,想天坊,,,draft,0.95,kumiai_niigata_detail,
188,239,翔空,,,draft,0.95,kumiai_niigata_detail,
189,240,雪鶴,,,draft,0.95,kumiai_niigata_detail,
190,241,金升,,,draft,0.95,kumiai_niigata_detail,
191,242,舞鶴鼓,,,draft,0.95,kumiai_niigata_detail,
192,243,笹祝 別撰,,,draft,0.95,kumiai_niigata_detail,
193,244,北雪,,,draft,0.95,kumiai_niigata_detail,
194,245,鮎正宗,,,draft,0.95,kumiai_niigata_detail,
195,246,かたふね,,,draft,0.95,kumiai_niigata_detail,
196,247,髙千代,,,draft,0.95,kumiai_niigata_detail,
197,248,越の関,,,draft,0.95,kumiai_niigata_detail,
198,249,越乃寒梅,,,draft,0.95,kumiai_niigata_detail,
199,250,SAKENOVA,,,draft,0.95,kumiai_niigata_detail,
200,251,越後自慢,,,draft,0.9,kumiai_niigata_detail,
201,251,醸し香,,,draft,0.9,kumiai_niigata_detail,
202,252,たからやま,,,draft,0.95,kumiai_niigata_detail,
203,253,柏露,,,draft,0.95,kumiai_niigata_detail,
204,254,峰乃白梅,,,draft,0.9,kumiai_niigata_detail,
205,255,越乃あじわい,,,draft,0.95,kumiai_niigata_detail,
206,256,Maison Aoi,,,draft,0.9,kumiai_niigata_detail,
207,257,越後雪紅梅,,,draft,0.95,kumiai_niigata_detail,
208,258,純米吟醸 越乃鹿六,,,draft,0.95,kumiai_niigata_detail,
209,259,姫の井,,,draft,0.95,kumiai_niigata_detail,
210,260,越乃雪椿,,,draft,0.9,kumiai_niigata_detail,
211,261,大吟醸 越の鶴,,,draft,0.9,kumiai_niigata_detail,
212,262,越路乃紅梅,,,draft,0.95,kumiai_niigata_detail,
213,263,特別本醸造天神囃子,,,draft,0.95,kumiai_niigata_detail,
214,264,花越路,,,draft,0.9,kumiai_niigata_detail,
215,265,越後の米焼酎 こしひかり,,,draft,0.95,kumiai_niigata_detail,
216,266,清正,,,draft,0.9,kumiai_niigata_detail,
217,267,大洋盛,,,draft,0.95,kumiai_niigata_detail,
218,268,彌彦 PREMIUM33 純米大吟醸,,,draft,0.95,kumiai_niigata_detail,
219,269,お福正宗 上撰,,,draft,0.95,kumiai_niigata_detail,
220,270,月不見の池,,,draft,0.95,kumiai_niigata_detail,
221,271,雪と里山,,,draft,0.95,kumiai_niigata_detail,
222,272,ほまれ麒麟,,,draft,0.95,kumiai_niigata_detail,
223,273,GOZ,,,draft,0.9,kumiai_niigata_detail,
224,274,吟醸 極上吉乃川,,,draft,0.95,kumiai_niigata_detail,
225,275,越乃白雁 黒松,,,draft,0.95,kumiai_niigata_detail,
226,276,米百俵 伝統の酒,,,draft,0.9,kumiai_niigata_detail,
227,277,越の初梅 辛口本醸造（ハチカラ）,,,draft,0.95,kumiai_niigata_detail,
228,278,純米 緑川,,,draft,0.9,kumiai_niigata_detail,
229,279,笑満壽 特別純米酒,,,draft,0.95,kumiai_niigata_detail,
230,280,謙信,,,draft,0.9,kumiai_niigata_detail,
231,281,王紋,,,draft,0.95,kumiai_niigata_detail,
232,282,妙高山,,,draft,0.95,kumiai_niigata_detail,
233,282,越乃雪月花,,,draft,0.95,kumiai_niigata_detail,
234,283,麒麟山,,,draft,0.95,kumiai_niigata_detail,
235,284,越乃景虎,,,draft,0.95,kumiai_niigata_detail,
236,285,真稜,,,draft,0.95,kumiai_niigata_detail,
237,286,千代の光 特別本醸造,,,draft,0.95,kumiai_niigata_detail,
238,287,鶴齢,,,draft,0.95,kumiai_niigata_detail,
239,288,雪中梅,,,draft,0.95,kumiai_niigata_detail,
240,289,大吟醸 白龍,,,draft,0.95,kumiai_niigata_detail,
241,290,越後杜氏,,,draft,0.95,kumiai_niigata_detail,
242,291,魚沼玉風味,,,draft,0.95,kumiai_niigata_detail,
243,292,和楽互尊,,,draft,0.95,kumiai_niigata_detail,
244,293,ふじの井 上撰,,,draft,0.95,kumiai_niigata_detail,
245,294,醸す森,,,draft,0.95,kumiai_niigata_detail,
246,295,越の白鳥,,,draft,0.95,kumiai_niigata_detail,
247,296,越後の蔵元 吟田川,,,draft,0.9,kumiai_niigata_detail,
248,297,越の八豊,,,draft,0.95,kumiai_niigata_detail,
249,298,久保田,,,draft,0.95,kumiai_niigata_detail,
250,299,越後鶴亀,,,draft,0.95,kumiai_niigata_detail,
251,300,鶴の友,,,draft,0.9,kumiai_niigata_detail,
252,301,越の誉,,,draft,0.95,kumiai_niigata_detail,
428,223,今代司,,,draft,0.85,brewery_official_sites_pilot,今代司酒造公式サイト商品ページで確認（会社名=看板銘柄名）
429,78,花春,,,draft,0.85,brewery_official_sites_pilot,花春酒造公式サイト商品ページで確認（会社名=看板銘柄名）
430,98,大七,,,draft,0.85,brewery_official_sites_pilot,大七酒造公式サイト商品ページで確認（会社名=看板銘柄名）
431,526,大納川 純米大吟醸原酒 金賞受賞記念酒,,,draft,0.88,kumiai_akita_detail,
432,527,純米吟醸 竜乃涙 黒,,,draft,0.88,kumiai_akita_detail,
433,528,雪の茅舎 純米吟醸,,,draft,0.88,kumiai_akita_detail,
434,529,飛良泉 山廃純米酒,,,draft,0.95,kumiai_akita_detail,
435,530,高清水 純米大吟醸,,,draft,0.88,kumiai_akita_detail,
436,531,天の戸 美稲,,,draft,0.88,kumiai_akita_detail,
437,532,刈穂 山廃純米超辛口 +12,,,draft,0.88,kumiai_akita_detail,
438,534,大吟醸 福小町,,,draft,0.88,kumiai_akita_detail,
439,536,ゆきの美人,,,draft,0.88,kumiai_akita_detail,
440,537,出羽の冨士 天之美禄 大吟醸,,,draft,0.88,kumiai_akita_detail,
441,539,熟成酒 山吹ゴールド,,,draft,0.88,kumiai_akita_detail,
442,540,純米大吟醸 チトセザカリ:緑色,,,draft,0.88,kumiai_akita_detail,
443,541,大吟醸 北秋田,,,draft,0.88,kumiai_akita_detail,
444,542,特別純米 うまからまんさく,,,draft,0.88,kumiai_akita_detail,
445,544,春霞 緑ラベル,,,draft,0.88,kumiai_akita_detail,
446,545,純米大吟醸 鳥海山,,,draft,0.88,kumiai_akita_detail,
447,546,純米大吟醸 しずくざけ 袋吊り,,,draft,0.88,kumiai_akita_detail,
448,547,太平山 純米大吟醸 天巧,,,draft,0.88,kumiai_akita_detail,
449,548,秋田晴,,,draft,0.88,kumiai_akita_detail,
450,549,山本ピュアブラック,,,draft,0.88,kumiai_akita_detail,
451,550,純米吟醸原酒 冬樹,,,draft,0.88,kumiai_akita_detail,
452,551,出羽鶴 自然栽培米醸造 カゼノオト,,,draft,0.88,kumiai_akita_detail,
453,552,秀よし 十九代目 松右衛門,,,draft,0.88,kumiai_akita_detail,
454,554,一滴千両純米大吟醸 一回火入れ,,,draft,0.88,kumiai_akita_detail,
455,555,阿櫻 純米大吟醸無濾過原酒 美郷錦仕込,,,draft,0.88,kumiai_akita_detail,
456,556,純米酒 萌稲 百田,,,draft,0.88,kumiai_akita_detail,
457,557,No.6 X-type,,,draft,0.95,kumiai_akita_detail,
458,558,秋田誉 特別純米酒,,,draft,0.8,kumiai_akita_detail,
459,614,沢の鶴,,,draft,0.95,kumiai_hyogo_detail,
460,615,富久娘,,,draft,0.95,kumiai_hyogo_detail,
461,615,力,,,draft,0.95,kumiai_hyogo_detail,
462,616,白鶴,,,draft,0.9,kumiai_hyogo_detail,
463,617,菊正宗,,,draft,0.95,kumiai_hyogo_detail,
464,617,百黙,,,draft,0.95,kumiai_hyogo_detail,
465,618,剣菱,,,draft,0.95,kumiai_hyogo_detail,
466,619,戎面,,,draft,0.85,kumiai_hyogo_detail,
467,620,福寿,,,draft,0.95,kumiai_hyogo_detail,
468,621,仙介,,,draft,0.9,kumiai_hyogo_detail,
469,621,琥泉,,,draft,0.9,kumiai_hyogo_detail,
470,622,大黒正宗,,,draft,0.95,kumiai_hyogo_detail,
471,623,甲南漬,,,rejected,0.2,kumiai_hyogo_detail,甲南漬は酒粕を使った漬物ブランドであり清酒銘柄ではないと判明。髙嶋酒類食品は清酒を製造しておらず本みりん(はくびし本みりん)と漬物が主力。
472,624,千代田蔵,,,draft,0.85,kumiai_hyogo_detail,
473,625,松竹梅白壁蔵,,,draft,0.8,kumiai_hyogo_detail,
474,625,澪,,,draft,0.8,kumiai_hyogo_detail,
475,626,浜福鶴,,,draft,0.85,kumiai_hyogo_detail,
476,627,櫻正宗,,,draft,0.95,kumiai_hyogo_detail,
477,628,日本盛,,,draft,0.95,kumiai_hyogo_detail,
478,629,灘自慢,,,draft,0.9,kumiai_hyogo_detail,
479,629,國産一,,,draft,0.9,kumiai_hyogo_detail,
480,630,喜一,,,draft,0.9,kumiai_hyogo_detail,
481,631,金鷹,,,draft,0.75,kumiai_hyogo_detail,
482,632,白鷹,,,draft,0.95,kumiai_hyogo_detail,
483,633,黒松白鹿,,,draft,0.95,kumiai_hyogo_detail,
484,633,白鹿,,,draft,0.95,kumiai_hyogo_detail,
485,634,灘一,,,draft,0.8,kumiai_hyogo_detail,
486,635,寳娘,,,draft,0.9,kumiai_hyogo_detail,
487,636,島美人,,,draft,0.9,kumiai_hyogo_detail,
488,637,德若,,,draft,0.8,kumiai_hyogo_detail,
489,638,大関,,,draft,0.95,kumiai_hyogo_detail,
490,639,扇正宗,,,draft,0.85,kumiai_hyogo_detail,
491,640,千代の縁,,,draft,0.9,kumiai_hyogo_detail,
492,641,無限大,,,draft,0.8,kumiai_hyogo_detail,
493,642,香住鶴,,,draft,0.85,kumiai_hyogo_detail,
494,642,生酛からくち,,,draft,0.85,kumiai_hyogo_detail,
495,643,竹泉,,,draft,0.8,kumiai_hyogo_detail,
496,644,但馬,,,draft,0.9,kumiai_hyogo_detail,
497,645,楽々鶴,,,draft,0.9,kumiai_hyogo_detail,
498,646,夫婦杉 自然米酒,,,draft,0.75,kumiai_hyogo_detail,
499,647,稜線,,,draft,0.8,kumiai_hyogo_detail,
500,648,龍王の舞,,,draft,0.85,kumiai_hyogo_detail,
501,649,名城千姫,,,draft,0.9,kumiai_hyogo_detail,
502,650,雪彦山,,,draft,0.9,kumiai_hyogo_detail,
503,651,八重墻,,,draft,0.9,kumiai_hyogo_detail,
504,651,八重垣,,,draft,0.9,kumiai_hyogo_detail,
505,651,無,,,draft,0.9,kumiai_hyogo_detail,
506,652,龍力,,,draft,0.85,kumiai_hyogo_detail,
507,652,米のささやき,,,draft,0.85,kumiai_hyogo_detail,
508,653,白鷺の城,,,draft,0.85,kumiai_hyogo_detail,
509,654,きくのしずく,,,draft,0.85,kumiai_hyogo_detail,
510,655,奥播磨,,,draft,0.9,kumiai_hyogo_detail,
511,656,播州一献,,,draft,0.9,kumiai_hyogo_detail,
512,657,寿惠広,,,draft,0.8,kumiai_hyogo_detail,
513,657,老松,,,draft,0.8,kumiai_hyogo_detail,
514,658,忠臣蔵,,,draft,0.85,kumiai_hyogo_detail,
515,659,小鼓,,,draft,0.9,kumiai_hyogo_detail,
516,660,奥丹波,,,draft,0.85,kumiai_hyogo_detail,
517,661,花鳥末廣,,,draft,0.9,kumiai_hyogo_detail,
518,662,鳳鳴,,,draft,0.9,kumiai_hyogo_detail,
519,663,秀月,,,draft,0.8,kumiai_hyogo_detail,
520,664,櫻一文字,,,draft,0.75,kumiai_hyogo_detail,
521,665,黄桜 S,,,draft,0.75,kumiai_hyogo_detail,
522,666,神結,,,draft,0.8,kumiai_hyogo_detail,
523,667,菊日本,,,draft,0.85,kumiai_hyogo_detail,
524,668,播州古式,,,draft,0.9,kumiai_hyogo_detail,
525,669,明石鯛,,,draft,0.8,kumiai_hyogo_detail,
526,670,神鷹,,,draft,0.75,kumiai_hyogo_detail,
527,671,来楽,,,draft,0.9,kumiai_hyogo_detail,
528,672,空の鶴,,,draft,0.85,kumiai_hyogo_detail,
529,673,大吟醸 大和鶴,,,draft,0.75,kumiai_hyogo_detail,
530,674,葵鶴,,,draft,0.85,kumiai_hyogo_detail,
531,675,盛典,,,draft,0.9,kumiai_hyogo_detail,
532,676,播州錦,,,draft,0.85,kumiai_hyogo_detail,
533,677,古昔の美酒,,,draft,0.75,kumiai_hyogo_detail,
534,678,白雪,,,draft,0.85,kumiai_hyogo_detail,
535,679,伊丹郷,,,draft,0.75,kumiai_hyogo_detail,
536,679,老松,,,draft,0.75,kumiai_hyogo_detail,
537,680,猪名の露,,,draft,0.8,kumiai_hyogo_detail,
538,680,花衣,,,draft,0.8,kumiai_hyogo_detail,
539,681,千鳥正宗,,,draft,0.85,kumiai_hyogo_detail,
715,851,惣邑 純米大吟醸 雪女神,,,draft,0.95,kumiai_yamagata_detail,
716,851,惣邑 純米大吟醸 羽州誉,,,draft,0.95,kumiai_yamagata_detail,
717,851,惣邑 純米吟醸 出羽燦々,,,draft,0.95,kumiai_yamagata_detail,
718,852,東光 純米大吟醸袋吊り,,,draft,0.85,kumiai_yamagata_detail,
719,852,東光 純米大吟醸 雪女神,,,draft,0.85,kumiai_yamagata_detail,
720,852,東光 純米吟醸 出羽燦々,,,draft,0.85,kumiai_yamagata_detail,
721,852,東光 純米吟醸原酒,,,draft,0.85,kumiai_yamagata_detail,
722,852,洌 純米大吟醸,,,draft,0.85,kumiai_yamagata_detail,
723,853,Faucon 純米大吟醸38 雪女神 生貯蔵,,,draft,0.85,kumiai_yamagata_detail,
724,853,Faucon 純米吟醸47 出羽燦々 生貯蔵,,,draft,0.85,kumiai_yamagata_detail,
725,853,Faucon 純米吟醸56 出羽燦々 生貯蔵,,,draft,0.85,kumiai_yamagata_detail,
726,853,Faucon 純米吟醸57 出羽の里 生貯蔵,,,draft,0.85,kumiai_yamagata_detail,
727,853,Faucon 純米吟醸58 つや姫 生貯蔵,,,draft,0.85,kumiai_yamagata_detail,
728,853,大吟醸 興譲,,,draft,0.85,kumiai_yamagata_detail,
729,853,沖正宗 吟醸酒,,,draft,0.85,kumiai_yamagata_detail,
730,853,出羽路 淡麗 吟醸酒,,,draft,0.85,kumiai_yamagata_detail,
731,853,純米 沖正宗 はえぬき,,,draft,0.85,kumiai_yamagata_detail,
732,854,大吟醸 やまと桜 金ラベル,,,draft,0.85,kumiai_yamagata_detail,
733,854,純米大吟醸 倭櫻 雪女神,,,draft,0.85,kumiai_yamagata_detail,
734,854,純米吟醸 やまと桜 出羽燦々,,,draft,0.85,kumiai_yamagata_detail,
735,854,純米酒 やまと桜 出羽の里,,,draft,0.85,kumiai_yamagata_detail,
736,854,純米酒 メダカライス,,,draft,0.85,kumiai_yamagata_detail,
737,855,大吟醸 寿久蔵,,,draft,0.95,kumiai_yamagata_detail,
738,855,大吟醸 雄町,,,draft,0.95,kumiai_yamagata_detail,
739,855,純米大吟醸 霞城寿 雪女神,,,draft,0.95,kumiai_yamagata_detail,
740,855,純米吟醸 霞城寿 出羽燦々,,,draft,0.95,kumiai_yamagata_detail,
741,855,純米吟醸 霞城寿,,,draft,0.95,kumiai_yamagata_detail,
742,856,純米大吟醸 鯉川 亀の尾100％,,,draft,0.95,kumiai_yamagata_detail,
743,856,純米大吟醸 Beppin 雪女神 100％,,,draft,0.95,kumiai_yamagata_detail,
744,856,純米吟醸 Beppin つや姫 100％ うすにごり酒,,,draft,0.95,kumiai_yamagata_detail,
745,856,純米吟醸 亀治好日,,,draft,0.95,kumiai_yamagata_detail,
746,856,特別純米 鯉川,,,draft,0.95,kumiai_yamagata_detail,
747,857,秀鳳 純米大吟醸 吟酔匠,,,draft,0.85,kumiai_yamagata_detail,
748,857,秀鳳 純米大吟醸 雪女神,,,draft,0.85,kumiai_yamagata_detail,
749,857,秀鳳 純米大吟醸 超辛口,,,draft,0.85,kumiai_yamagata_detail,
750,857,秀鳳 特別純米 無濾過 雄町,,,draft,0.85,kumiai_yamagata_detail,
751,858,大吟醸 金の蔵,,,draft,0.85,kumiai_yamagata_detail,
752,858,純米吟醸 銀の蔵,,,draft,0.85,kumiai_yamagata_detail,
753,859,一生幸福 大吟醸,,,draft,0.85,kumiai_yamagata_detail,
754,859,一生幸福 本醸造,,,draft,0.85,kumiai_yamagata_detail,
755,859,鄙の影法師,,,draft,0.85,kumiai_yamagata_detail,
756,860,大吟醸 若の井,,,draft,0.85,kumiai_yamagata_detail,
757,860,雪室熟成 雪解けの誘い,,,draft,0.85,kumiai_yamagata_detail,
758,860,純米吟醸生酒,,,draft,0.85,kumiai_yamagata_detail,
759,860,ひめさゆりの詩,,,draft,0.85,kumiai_yamagata_detail,
760,861,古酒屋の ひとりよがり,,,draft,0.85,kumiai_yamagata_detail,
761,861,純米酒 生酒 なまいき,,,draft,0.85,kumiai_yamagata_detail,
762,861,本醸造 辛口,,,draft,0.85,kumiai_yamagata_detail,
763,861,ゆい,,,draft,0.85,kumiai_yamagata_detail,
764,862,大吟醸 くどき上手,,,draft,0.85,kumiai_yamagata_detail,
765,862,純米吟醸 くどき上手,,,draft,0.85,kumiai_yamagata_detail,
766,862,純吟辛口 くどき上手,,,draft,0.85,kumiai_yamagata_detail,
767,862,純米吟醸 酒未来,,,draft,0.85,kumiai_yamagata_detail,
768,862,純米大吟醸 出羽燦々,,,draft,0.85,kumiai_yamagata_detail,
769,863,純米大吟醸原酒 久保桜,,,draft,0.85,kumiai_yamagata_detail,
770,863,純米吟醸 久保桜,,,draft,0.85,kumiai_yamagata_detail,
771,863,手造り純米 加茂川,,,draft,0.85,kumiai_yamagata_detail,
772,864,羽前白梅 百花夢一輪,,,draft,0.85,kumiai_yamagata_detail,
773,864,羽前白梅 純米大吟醸,,,draft,0.85,kumiai_yamagata_detail,
774,864,羽前白梅 純米吟醸,,,draft,0.85,kumiai_yamagata_detail,
775,864,羽前白梅 純米酒,,,draft,0.85,kumiai_yamagata_detail,
776,864,羽前白梅 穂の香,,,draft,0.85,kumiai_yamagata_detail,
777,865,銀嶺月山 純米大吟醸 斗瓶囲い,,,draft,0.85,kumiai_yamagata_detail,
778,865,銀嶺月山 純米,,,draft,0.85,kumiai_yamagata_detail,
779,865,銀嶺月山 純米大吟醸,,,draft,0.85,kumiai_yamagata_detail,
780,865,銀嶺月山 大吟醸,,,draft,0.85,kumiai_yamagata_detail,
781,865,銀嶺月山 純米吟醸 月山の雪,,,draft,0.85,kumiai_yamagata_detail,
782,866,参年熟成 九郎左衛門,,,draft,0.85,kumiai_yamagata_detail,
783,866,生原酒 九郎左衛門,,,draft,0.85,kumiai_yamagata_detail,
784,866,雅山流 如月,,,draft,0.85,kumiai_yamagata_detail,
785,866,DEWA33 もきち,,,draft,0.85,kumiai_yamagata_detail,
786,867,大吟醸 ささのいのち,,,draft,0.85,kumiai_yamagata_detail,
787,867,純米大吟醸 壷中之天,,,draft,0.85,kumiai_yamagata_detail,
788,867,生酛特別純米 自然酒,,,draft,0.85,kumiai_yamagata_detail,
789,867,祇王祇女,,,draft,0.85,kumiai_yamagata_detail,
790,869,純米大吟醸 「秘めごと」,,,draft,0.85,kumiai_yamagata_detail,
791,869,純米吟醸 「秘めごと」,,,draft,0.85,kumiai_yamagata_detail,
792,869,大吟醸「高橋杜氏のたわごと」,,,draft,0.85,kumiai_yamagata_detail,
793,869,本醸造 上撰「松嶺の富士」,,,draft,0.85,kumiai_yamagata_detail,
794,870,上喜元 限定大吟醸 しずく採り,,,draft,0.85,kumiai_yamagata_detail,
795,870,上喜元 純米大吟醸,,,draft,0.85,kumiai_yamagata_detail,
796,870,上喜元 純米吟醸 雄町,,,draft,0.85,kumiai_yamagata_detail,
797,870,上喜元 特別純米 からくち,,,draft,0.85,kumiai_yamagata_detail,
798,870,上喜元 純米酒,,,draft,0.85,kumiai_yamagata_detail,
799,871,米鶴 純米大吟醸 天に舞う鶴の輝き,,,draft,0.85,kumiai_yamagata_detail,
800,871,米鶴 スパークリング・ロゼ,,,draft,0.85,kumiai_yamagata_detail,
801,871,米鶴 超辛純米,,,draft,0.85,kumiai_yamagata_detail,
802,871,米鶴 盗み吟醸 大吟,,,draft,0.85,kumiai_yamagata_detail,
803,872,手間暇 純米大吟醸 山田錦,,,draft,0.95,kumiai_yamagata_detail,
804,872,手間暇 純米大吟醸 雪女神,,,draft,0.95,kumiai_yamagata_detail,
805,872,六歌仙 五段仕込み純米,,,draft,0.95,kumiai_yamagata_detail,
806,872,六歌仙 純米超辛口,,,draft,0.95,kumiai_yamagata_detail,
807,872,Hitotoki 白 純米,,,draft,0.95,kumiai_yamagata_detail,
808,873,花娘,,,draft,0.85,kumiai_yamagata_detail,
809,873,純米大吟醸 白銀蔵王,,,draft,0.85,kumiai_yamagata_detail,
810,873,純米吟醸 白銀蔵王,,,draft,0.85,kumiai_yamagata_detail,
811,873,純米 白銀蔵王,,,draft,0.85,kumiai_yamagata_detail,
812,873,純米吟醸 DEWA33 白銀蔵王,,,draft,0.85,kumiai_yamagata_detail,
813,874,雪女神 純米大吟醸 杉勇,,,draft,0.85,kumiai_yamagata_detail,
814,874,出羽燦々 純米吟醸 杉勇,,,draft,0.85,kumiai_yamagata_detail,
815,874,特別純米辛口原酒 杉勇,,,draft,0.85,kumiai_yamagata_detail,
816,874,出羽の里 純米酒 杉勇,,,draft,0.85,kumiai_yamagata_detail,
817,874,大吟醸 蕨岡延年の舞,,,draft,0.85,kumiai_yamagata_detail,
818,875,大吟醸 壷天,,,draft,0.85,kumiai_yamagata_detail,
819,875,寒造り大吟醸,,,draft,0.85,kumiai_yamagata_detail,
820,875,つららぎ 吟醸生酒,,,draft,0.85,kumiai_yamagata_detail,
821,875,特別純米酒 壷天,,,draft,0.85,kumiai_yamagata_detail,
822,875,特別本醸造 壷天,,,draft,0.85,kumiai_yamagata_detail,
823,876,純米大吟醸 香梅,,,draft,0.85,kumiai_yamagata_detail,
824,876,純米吟醸 香梅,,,draft,0.85,kumiai_yamagata_detail,
825,876,吟醸 香梅,,,draft,0.85,kumiai_yamagata_detail,
826,876,純米生酒 香梅,,,draft,0.85,kumiai_yamagata_detail,
827,876,マイ・ミニオン,,,draft,0.85,kumiai_yamagata_detail,
828,877,麓井の圓 大吟醸,,,draft,0.95,kumiai_yamagata_detail,
829,877,麓井の圓 きもと純米本辛,,,draft,0.95,kumiai_yamagata_detail,
830,877,フモトヰ 純吟山田錦,,,draft,0.95,kumiai_yamagata_detail,
831,877,フモトヰ 純大吟山田錦,,,draft,0.95,kumiai_yamagata_detail,
832,877,フモトヰ 純大吟雪女神,,,draft,0.95,kumiai_yamagata_detail,
833,878,辯天 雪女神 純米大吟醸原酒,,,draft,0.85,kumiai_yamagata_detail,
834,878,辯天 山田錦 極上 大吟醸原酒,,,draft,0.85,kumiai_yamagata_detail,
835,878,辯天 出羽燦々 純米大吟醸原酒,,,draft,0.85,kumiai_yamagata_detail,
836,878,辯天 出羽の里 特別純米原酒,,,draft,0.85,kumiai_yamagata_detail,
837,878,辯天 つや姫 特別純米酒,,,draft,0.85,kumiai_yamagata_detail,
838,879,大吟醸 芳 (かおり),,,draft,0.85,kumiai_yamagata_detail,
839,879,純米大吟醸 Mt.Chokai,,,draft,0.85,kumiai_yamagata_detail,
840,879,純米吟醸 山田錦,,,draft,0.85,kumiai_yamagata_detail,
841,879,純米吟醸 美山錦,,,draft,0.85,kumiai_yamagata_detail,
842,879,東北泉 本醸造,,,draft,0.85,kumiai_yamagata_detail,
843,880,純米大吟醸 醸心 雪女神,,,draft,0.95,kumiai_yamagata_detail,
844,880,純米吟醸 夜游,,,draft,0.95,kumiai_yamagata_detail,
845,880,羽陽一献 純米 出羽の里,,,draft,0.95,kumiai_yamagata_detail,
846,880,羽陽一献 スパークリング,,,draft,0.95,kumiai_yamagata_detail,
847,881,特別純米酒 銀樽平,,,draft,0.85,kumiai_yamagata_detail,
848,881,特別純米原酒 極掬粋 樽平,,,draft,0.85,kumiai_yamagata_detail,
849,881,純米大吟醸 雪むかえ 究極35,,,draft,0.85,kumiai_yamagata_detail,
850,881,特別純米酒 超辛口住吉+10,,,draft,0.85,kumiai_yamagata_detail,
851,881,純粕取 本格焼酎 たるへい 十五年熟成25度,,,draft,0.85,kumiai_yamagata_detail,
852,883,純米大吟醸原酒 はくろすいしゅ 出羽燦々33 ULTRA DIAMOND,,,draft,0.85,kumiai_yamagata_detail,
853,883,純米大吟醸原酒 はくろすいしゅ 雪女神33 羅針盤,,,draft,0.85,kumiai_yamagata_detail,
854,883,純米大吟醸 はくろすいしゅ 出羽燦々39,,,draft,0.85,kumiai_yamagata_detail,
855,883,純米吟醸 白露垂珠 美山錦55 永遠のアイドル,,,draft,0.85,kumiai_yamagata_detail,
856,883,清酒 竹の露,,,draft,0.85,kumiai_yamagata_detail,
857,884,虎乃子,,,draft,0.85,kumiai_yamagata_detail,
858,884,虎睡 千代寿,,,draft,0.85,kumiai_yamagata_detail,
859,884,虎屋,,,draft,0.85,kumiai_yamagata_detail,
860,884,出羽の里 千代寿,,,draft,0.85,kumiai_yamagata_detail,
861,884,大辛口純米 大虎,,,draft,0.85,kumiai_yamagata_detail,
862,884,虎屋の虎乃子,,,draft,0.85,kumiai_yamagata_detail,
863,884,杜氏の蔵隠し,,,draft,0.85,kumiai_yamagata_detail,
864,884,雪逍遥,,,draft,0.85,kumiai_yamagata_detail,
865,884,育てもと 千代寿,,,draft,0.85,kumiai_yamagata_detail,
866,884,寒河江の荘,,,draft,0.85,kumiai_yamagata_detail,
867,885,吟雅凛匠,,,draft,0.85,kumiai_yamagata_detail,
868,885,特別純米 十水,,,draft,0.85,kumiai_yamagata_detail,
869,885,特別純米酒,,,draft,0.85,kumiai_yamagata_detail,
870,885,本醸造ささの舞,,,draft,0.85,kumiai_yamagata_detail,
871,886,大吟醸,,,draft,0.85,kumiai_yamagata_detail,
872,886,吟醸原酒 とろり五年,,,draft,0.85,kumiai_yamagata_detail,
873,886,辛口吟醸 花羽陽 花の枝,,,draft,0.85,kumiai_yamagata_detail,
874,886,コシヒカリ純米吟醸花羽陽,,,draft,0.85,kumiai_yamagata_detail,
875,889,小国桜川 純米吟醸 小国産美山錦,,,draft,0.85,kumiai_yamagata_detail,
876,889,小国米出羽の里 純米吟醸 小国桜川,,,draft,0.85,kumiai_yamagata_detail,
877,889,小国桜川純米吟醸 穏甘（おんかん）,,,draft,0.85,kumiai_yamagata_detail,
878,889,小国桜川 純米大吟醸 雪女神 ぶな乃森,,,draft,0.85,kumiai_yamagata_detail,
879,889,小国桜川 純米大吟醸,,,draft,0.85,kumiai_yamagata_detail,
880,890,山形正宗 稲造,,,draft,0.85,kumiai_yamagata_detail,
881,890,山形正宗 純米吟醸雄町,,,draft,0.85,kumiai_yamagata_detail,
882,891,澤正宗 芳醇,,,draft,0.85,kumiai_yamagata_detail,
883,891,澤正宗 大吟醸紅花弥重兵衛,,,draft,0.85,kumiai_yamagata_detail,
884,891,澤正宗 純米大吟醸 紅花屋重兵衛雪女神,,,draft,0.85,kumiai_yamagata_detail,
885,891,澤正宗 純米大吟醸 美田美酒,,,draft,0.85,kumiai_yamagata_detail,
886,891,澤正宗 純米吟醸 出羽の里山形コレクション認定,,,draft,0.85,kumiai_yamagata_detail,
887,892,雪女神 純米大吟醸 あら玉,,,draft,0.95,kumiai_yamagata_detail,
888,892,改良信交 純米大吟醸 あら玉,,,draft,0.95,kumiai_yamagata_detail,
889,892,大吟醸 名刀 月山丸,,,draft,0.95,kumiai_yamagata_detail,
890,892,つや姫 純米吟醸 あら玉,,,draft,0.95,kumiai_yamagata_detail,
891,892,あら玉 純米吟醸 啓翁桜,,,draft,0.95,kumiai_yamagata_detail,
892,893,羽陽錦爛 黒フロスト,,,draft,0.85,kumiai_yamagata_detail,
893,893,羽陽錦爛 純米吟醸生,,,draft,0.85,kumiai_yamagata_detail,
894,893,桜羽前,,,draft,0.85,kumiai_yamagata_detail,
895,893,羽陽錦爛 手造り純米酒,,,draft,0.85,kumiai_yamagata_detail,
896,893,羽陽錦爛 DEWA33 生酒,,,draft,0.85,kumiai_yamagata_detail,
897,894,大吟醸 東の麓,,,draft,0.85,kumiai_yamagata_detail,
898,894,純米大吟醸 龍龍龍龍（てつ）,,,draft,0.85,kumiai_yamagata_detail,
899,894,純米吟醸酒 つや姫なんどでも,,,draft,0.85,kumiai_yamagata_detail,
900,894,純米酒 東の麓,,,draft,0.85,kumiai_yamagata_detail,
901,895,出羽桜 桜花吟醸酒,,,draft,0.95,kumiai_yamagata_detail,
902,895,出羽桜 一路,,,draft,0.95,kumiai_yamagata_detail,
903,895,出羽桜 出羽燦々誕生記念,,,draft,0.95,kumiai_yamagata_detail,
904,895,出羽桜 出羽の里,,,draft,0.95,kumiai_yamagata_detail,
905,895,出羽桜 雪女神四割八分,,,draft,0.95,kumiai_yamagata_detail,
906,896,初孫 雪女神 純米大吟醸,,,draft,0.85,kumiai_yamagata_detail,
907,896,初孫 大吟醸,,,draft,0.85,kumiai_yamagata_detail,
908,896,初孫 いなほ★生詰,,,draft,0.85,kumiai_yamagata_detail,
909,896,初孫 魔斬 純米本辛口,,,draft,0.85,kumiai_yamagata_detail,
910,896,初孫 出羽の里純米酒,,,draft,0.85,kumiai_yamagata_detail,
939,931,旭菊 手造り大吟醸,,,draft,0.9,kumiai_fukuoka_detail,
940,931,旭菊 純米吟醸 山田錦,,,draft,0.9,kumiai_fukuoka_detail,
941,931,旭菊 純米吟醸 麗,,,draft,0.9,kumiai_fukuoka_detail,
942,931,旭菊 純米大吟醸・雫斗り,,,draft,0.9,kumiai_fukuoka_detail,
943,931,旭菊 大吟醸・雫斗り,,,draft,0.9,kumiai_fukuoka_detail,
944,931,旭菊 特別純米,,,draft,0.9,kumiai_fukuoka_detail,
945,931,綾花 特別純米 (2回火入れ）,,,draft,0.9,kumiai_fukuoka_detail,
946,931,綾花 特別純米瓶囲い,,,draft,0.9,kumiai_fukuoka_detail,
947,932,旭松 純米大吟醸,,,draft,0.9,kumiai_fukuoka_detail,
948,932,旭松 大吟醸,,,draft,0.9,kumiai_fukuoka_detail,
949,932,甘酒,,,draft,0.9,kumiai_fukuoka_detail,
950,932,紅,,,draft,0.9,kumiai_fukuoka_detail,
951,932,黒木,,,draft,0.9,kumiai_fukuoka_detail,
952,932,松富,,,draft,0.9,kumiai_fukuoka_detail,
953,932,松和,,,draft,0.9,kumiai_fukuoka_detail,
954,932,素素人,,,draft,0.9,kumiai_fukuoka_detail,
955,933,吟香米焼酎 川,,,draft,0.9,kumiai_fukuoka_detail,
956,933,吟醸 川波,,,draft,0.9,kumiai_fukuoka_detail,
957,933,純米吟醸 黒兜,,,draft,0.9,kumiai_fukuoka_detail,
958,933,常圧式大麦焼酎 ちくご胡坐,,,draft,0.9,kumiai_fukuoka_detail,
959,933,振ってぷるぷる ゼリー梅酒,,,draft,0.9,kumiai_fukuoka_detail,
960,933,大吟醸 川波,,,draft,0.9,kumiai_fukuoka_detail,
961,933,特別純米酒 明治乃酒,,,draft,0.9,kumiai_fukuoka_detail,
962,933,米焼酎 流石,,,draft,0.9,kumiai_fukuoka_detail,
963,935,スパークリング清酒 あわゆら,,,draft,0.9,kumiai_fukuoka_detail,
964,935,如水,,,draft,0.9,kumiai_fukuoka_detail,
965,936,伊豆本店 亀の尾 純米,,,draft,0.9,kumiai_fukuoka_detail,
966,936,宗像 純米夢一献,,,draft,0.9,kumiai_fukuoka_detail,
967,936,宗像 特別純米 山田錦,,,draft,0.9,kumiai_fukuoka_detail,
968,936,宗像 特別純米 寿限無,,,draft,0.9,kumiai_fukuoka_detail,
969,938,"梅ヶ谷 純米吟醸 (1,800ml)",,,draft,0.9,kumiai_fukuoka_detail,
970,938,梅ヶ谷 純米吟醸 (720ml),,,draft,0.9,kumiai_fukuoka_detail,
971,938,梅ヶ谷 純米酒 (720ml),,,draft,0.9,kumiai_fukuoka_detail,
972,938,梅ヶ谷 蔵生,,,draft,0.9,kumiai_fukuoka_detail,
973,938,"梅ヶ谷 大吟醸 (1,800ml)",,,draft,0.9,kumiai_fukuoka_detail,
974,938,梅ヶ谷 大吟醸 (720ml),,,draft,0.9,kumiai_fukuoka_detail,
975,938,"梅ヶ谷 本醸造 （1,800ml）",,,draft,0.9,kumiai_fukuoka_detail,
976,938,梅ヶ谷 本醸造 （720ml）,,,draft,0.9,kumiai_fukuoka_detail,
977,939,玉出泉 純米大吟醸,,,draft,0.9,kumiai_fukuoka_detail,
978,939,菅公の酒 純米大吟醸,,,draft,0.9,kumiai_fukuoka_detail,
979,939,大吟醸 筑紫野,,,draft,0.9,kumiai_fukuoka_detail,
980,940,ばあちゃんのあま酒,,,draft,0.9,kumiai_fukuoka_detail,
981,940,黒田武士 純米酒 1.8L,,,draft,0.9,kumiai_fukuoka_detail,
982,940,黒田武士 純米酒 720ml,,,draft,0.9,kumiai_fukuoka_detail,
983,940,黒田武士 大吟醸酒 1.8L,,,draft,0.9,kumiai_fukuoka_detail,
984,940,黒田武士 大吟醸酒 720ml,,,draft,0.9,kumiai_fukuoka_detail,
985,940,黒田武士 呑みとり純米酒 1.8L,,,draft,0.9,kumiai_fukuoka_detail,
986,940,黒田武士 呑みとり純米酒 720ml,,,draft,0.9,kumiai_fukuoka_detail,
987,940,純米吟醸酒 K NeXT,,,draft,0.9,kumiai_fukuoka_detail,
988,940,純米吟醸酒 K NEXT 720ml,,,draft,0.9,kumiai_fukuoka_detail,
989,940,太兵衛 1.8L,,,draft,0.9,kumiai_fukuoka_detail,
990,940,太兵衛 720ml,,,draft,0.9,kumiai_fukuoka_detail,
991,940,又兵衛 1.8L,,,draft,0.9,kumiai_fukuoka_detail,
992,940,又兵衛 720ml,,,draft,0.9,kumiai_fukuoka_detail,
993,942,しぼりたて生酒,,,draft,0.9,kumiai_fukuoka_detail,
994,942,にごり酒 岩屋大椿,,,draft,0.9,kumiai_fukuoka_detail,
995,942,今夜は最高,,,draft,0.9,kumiai_fukuoka_detail,
996,942,純米吟醸原酒,,,draft,0.9,kumiai_fukuoka_detail,
997,942,純米酒,,,draft,0.9,kumiai_fukuoka_detail,
998,942,宝珠山吟醸,,,draft,0.9,kumiai_fukuoka_detail,
999,943,あまざけ,,,draft,0.9,kumiai_fukuoka_detail,
1000,943,しずくしぼり大吟醸 麓寿泉,,,draft,0.9,kumiai_fukuoka_detail,
1001,943,しぼりたて生原酒,,,draft,0.9,kumiai_fukuoka_detail,
1002,943,にごり酒 生原酒,,,draft,0.9,kumiai_fukuoka_detail,
1003,943,沖ノ島,,,draft,0.9,kumiai_fukuoka_detail,
1004,943,赤間宿,,,draft,0.9,kumiai_fukuoka_detail,
1005,943,楢の露,,,draft,0.9,kumiai_fukuoka_detail,
1006,943,養生訓,,,draft,0.9,kumiai_fukuoka_detail,
1007,944,菊美人 純米吟醸酒,,,draft,0.9,kumiai_fukuoka_detail,
1008,944,菊美人 上撰,,,draft,0.9,kumiai_fukuoka_detail,
1009,944,菊美人 辛口 上撰,,,draft,0.9,kumiai_fukuoka_detail,
1010,944,菊美人 大吟醸,,,draft,0.9,kumiai_fukuoka_detail,
1011,944,菊美人 大吟醸 しずくどり斗瓶囲い,,,draft,0.9,kumiai_fukuoka_detail,
1012,944,菊美人 特撰,,,draft,0.9,kumiai_fukuoka_detail,
1013,944,菊美人 特別純米酒,,,draft,0.9,kumiai_fukuoka_detail,
1014,944,菊美人 本醸造,,,draft,0.9,kumiai_fukuoka_detail,
1015,944,九州男児 上撰辛口,,,draft,0.9,kumiai_fukuoka_detail,
1016,944,九州男児 本醸造,,,draft,0.9,kumiai_fukuoka_detail,
1017,945,スパークリング日本酒 喜多屋スパークリング AWA SAK,,,draft,0.9,kumiai_fukuoka_detail,
1018,945,芋焼酎 尽空,,,draft,0.9,kumiai_fukuoka_detail,
1019,945,純米吟醸 寒山水 55%磨き,,,draft,0.9,kumiai_fukuoka_detail,
1020,945,純米大吟醸 寒山水 45%磨き,,,draft,0.9,kumiai_fukuoka_detail,
1021,945,尽空梅酒 恋空,,,draft,0.9,kumiai_fukuoka_detail,
1022,945,大吟醸 極醸 喜多屋,,,draft,0.9,kumiai_fukuoka_detail,
1023,945,特別純米酒 喜多屋 夢一献,,,draft,0.9,kumiai_fukuoka_detail,
1024,945,特別純米酒 蒼田 山廃仕込,,,draft,0.9,kumiai_fukuoka_detail,
1025,945,麦焼酎 吾空,,,draft,0.9,kumiai_fukuoka_detail,
1026,946,金襴藤娘,,,draft,0.9,kumiai_fukuoka_detail,
1027,946,金襴藤娘純米酒,,,draft,0.9,kumiai_fukuoka_detail,
1028,946,金襴藤娘純米酒720ml,,,draft,0.9,kumiai_fukuoka_detail,
1029,946,金襴藤娘本醸造,,,draft,0.9,kumiai_fukuoka_detail,
1030,946,金襴藤娘本醸造特撰,,,draft,0.9,kumiai_fukuoka_detail,
1031,946,金襴藤娘夢らさき,,,draft,0.9,kumiai_fukuoka_detail,
1032,946,黒木大藤 古久 10年貯蔵,,,draft,0.9,kumiai_fukuoka_detail,
1033,946,黒木大藤 米,,,draft,0.9,kumiai_fukuoka_detail,
1034,946,素素人,,,draft,0.9,kumiai_fukuoka_detail,
1035,947,かほり吟醸 竹滴,,,draft,0.9,kumiai_fukuoka_detail,
1036,947,超辛口純米酒 博多の森,,,draft,0.9,kumiai_fukuoka_detail,
1037,947,萬代 大吟醸,,,draft,0.9,kumiai_fukuoka_detail,
1038,952,クラシック 特別純米酒,,,draft,0.9,kumiai_fukuoka_detail,
1039,952,麹屋 純米吟醸,,,draft,0.9,kumiai_fukuoka_detail,
1040,952,手造り地酒 本醸造,,,draft,0.9,kumiai_fukuoka_detail,
1041,952,純米 梅酒,,,draft,0.9,kumiai_fukuoka_detail,
1042,952,純米大吟醸,,,draft,0.9,kumiai_fukuoka_detail,
1043,952,純米大吟醸 50,,,draft,0.9,kumiai_fukuoka_detail,
1044,952,大吟醸 50,,,draft,0.9,kumiai_fukuoka_detail,
1045,952,大吟醸 しずく搾り,,,draft,0.9,kumiai_fukuoka_detail,
1046,952,大吟醸 箱入娘,,,draft,0.9,kumiai_fukuoka_detail,
1047,952,大吟醸酒粕 焼酎,,,draft,0.9,kumiai_fukuoka_detail,
1048,953,寒北斗 吟醸,,,draft,0.9,kumiai_fukuoka_detail,
1049,953,寒北斗 純米吟醸,,,draft,0.9,kumiai_fukuoka_detail,
1050,953,寒北斗 純米大吟醸 吟遊,,,draft,0.9,kumiai_fukuoka_detail,
1051,953,寒北斗 大吟醸 吟遊,,,draft,0.9,kumiai_fukuoka_detail,
1052,953,寒北斗 特別純米,,,draft,0.9,kumiai_fukuoka_detail,
1053,953,寒北斗 特別純米 生酒,,,draft,0.9,kumiai_fukuoka_detail,
1054,953,寒北斗 本醸造,,,draft,0.9,kumiai_fukuoka_detail,
1055,954,玉水 大吟醸,,,draft,0.9,kumiai_fukuoka_detail,
1056,954,神力,,,draft,0.9,kumiai_fukuoka_detail,
1057,955,極醸酒<限定品>,,,draft,0.9,kumiai_fukuoka_detail,
1058,955,原酒,,,draft,0.9,kumiai_fukuoka_detail,
1059,955,原酒 初蔵だより,,,draft,0.9,kumiai_fukuoka_detail,
1060,955,大吟醸酒,,,draft,0.9,kumiai_fukuoka_detail,
1061,955,筑紫の誉 上撰,,,draft,0.9,kumiai_fukuoka_detail,
1062,955,筑紫の誉特別純米酒,,,draft,0.9,kumiai_fukuoka_detail,
1063,955,樋の口原酒「にごり酒」,,,draft,0.9,kumiai_fukuoka_detail,
1064,956,千歳 純米酒,,,draft,0.9,kumiai_fukuoka_detail,
1065,956,千歳 大吟醸,,,draft,0.9,kumiai_fukuoka_detail,
1066,956,千年乃松 上撰・千歳,,,draft,0.9,kumiai_fukuoka_detail,
1067,956,千年乃松 生滓酒,,,draft,0.9,kumiai_fukuoka_detail,
1068,957,豊盛 にごり酒,,,draft,0.9,kumiai_fukuoka_detail,
1069,957,豊盛 原酒,,,draft,0.9,kumiai_fukuoka_detail,
1070,957,豊盛 純米,,,draft,0.9,kumiai_fukuoka_detail,
1071,957,豊盛 大吟醸,,,draft,0.9,kumiai_fukuoka_detail,
1072,959,うめ,,,draft,0.9,kumiai_fukuoka_detail,
1073,959,金柑,,,draft,0.9,kumiai_fukuoka_detail,
1074,959,古代米 赤米酒,,,draft,0.9,kumiai_fukuoka_detail,
1075,960,玄海,,,draft,0.8,kumiai_fukuoka_detail,
1076,961,純米吟醸酒 花の関 原酒,,,draft,0.9,kumiai_fukuoka_detail,
1077,961,大吟醸 沖屋儀七,,,draft,0.9,kumiai_fukuoka_detail,
1078,961,本格麦焼酎 花の関 麦,,,draft,0.9,kumiai_fukuoka_detail,
1079,961,本格麦焼酎長期（3年以上）熟成酒 天神さま,,,draft,0.9,kumiai_fukuoka_detail,
1080,961,本格米焼酎 菅公さま,,,draft,0.9,kumiai_fukuoka_detail,
1081,961,本醸造酒 花の関,,,draft,0.9,kumiai_fukuoka_detail,
1082,961,本醸造生貯蔵酒 花の関,,,draft,0.9,kumiai_fukuoka_detail,
1083,962,からす,,,draft,0.9,kumiai_fukuoka_detail,
1084,962,花の露 しぼりたて純米吟醸生酒,,,draft,0.9,kumiai_fukuoka_detail,
1085,962,花の露 純米,,,draft,0.9,kumiai_fukuoka_detail,
1086,962,花の露 純米吟醸 山田錦,,,draft,0.9,kumiai_fukuoka_detail,
1087,962,鴻臚館 純米大吟醸,,,draft,0.9,kumiai_fukuoka_detail,
1088,962,左文字 古酒,,,draft,0.9,kumiai_fukuoka_detail,
1089,962,山の香,,,draft,0.9,kumiai_fukuoka_detail,
1090,962,舞水,,,draft,0.9,kumiai_fukuoka_detail,
1091,962,名島,,,draft,0.9,kumiai_fukuoka_detail,
1092,964,にごり酒,,,draft,0.9,kumiai_fukuoka_detail,
1093,964,歓びの絆 純米大吟醸,,,draft,0.9,kumiai_fukuoka_detail,
1094,964,源じいの森,,,draft,0.9,kumiai_fukuoka_detail,
1095,964,五代目龍平,,,draft,0.9,kumiai_fukuoka_detail,
1096,964,残心 三割磨き,,,draft,0.9,kumiai_fukuoka_detail,
1097,964,残心 純米吟醸,,,draft,0.9,kumiai_fukuoka_detail,
1098,964,残心 雄町60,,,draft,0.9,kumiai_fukuoka_detail,
1099,964,純米吟醸,,,draft,0.9,kumiai_fukuoka_detail,
1100,964,純米大吟醸,,,draft,0.9,kumiai_fukuoka_detail,
1101,964,冷やおろし,,,draft,0.9,kumiai_fukuoka_detail,
1102,966,酒匠酎 不比等,,,draft,0.9,kumiai_fukuoka_detail,
1103,966,上撰 比翼鶴,,,draft,0.9,kumiai_fukuoka_detail,
1104,966,城島の地酒,,,draft,0.9,kumiai_fukuoka_detail,
1105,966,大吟醸 連理,,,draft,0.9,kumiai_fukuoka_detail,
1106,966,特撰 比翼鶴,,,draft,0.9,kumiai_fukuoka_detail,
1107,966,特別純米 耶馬寒梅,,,draft,0.9,kumiai_fukuoka_detail,
1108,966,比翼鶴 金冠 超辛口,,,draft,0.9,kumiai_fukuoka_detail,
1109,966,比翼鶴 純米酒,,,draft,0.9,kumiai_fukuoka_detail,
1110,966,比翼鶴 大吟醸,,,draft,0.9,kumiai_fukuoka_detail,
1111,967,筑後川 純米酒,,,draft,0.9,kumiai_fukuoka_detail,
1112,971,ゆうま,,,draft,0.9,kumiai_fukuoka_detail,
1113,973,一鳥万宝,,,draft,0.9,kumiai_fukuoka_detail,
1114,973,五穀豊穣,,,draft,0.9,kumiai_fukuoka_detail,
1115,975,孔雀王,,,draft,0.9,kumiai_fukuoka_detail,
1116,975,小倉の梅酒 三岳梅林,,,draft,0.9,kumiai_fukuoka_detail,
1117,975,無法松 吟醸酒,,,draft,0.9,kumiai_fukuoka_detail,
1118,975,無法松 純米酒,,,draft,0.9,kumiai_fukuoka_detail,
1119,975,無法松 純米大吟醸,,,draft,0.9,kumiai_fukuoka_detail,
1120,975,無法松 上撰,,,draft,0.9,kumiai_fukuoka_detail,
1121,975,無法松 大吟醸,,,draft,0.9,kumiai_fukuoka_detail,
1122,975,無法松 粕取焼酎 25度,,,draft,0.9,kumiai_fukuoka_detail,
1123,975,無法松 麦焼酎 25度,,,draft,0.9,kumiai_fukuoka_detail,
1124,976,ひまわり焼酎 向日葵,,,draft,0.9,kumiai_fukuoka_detail,
1125,976,吟仕込み米焼酎 まゆり,,,draft,0.9,kumiai_fukuoka_detail,
1126,976,古式どぶろく 立花宗茂,,,draft,0.9,kumiai_fukuoka_detail,
1127,976,昔むかしのどぶろく,,,draft,0.9,kumiai_fukuoka_detail,
1128,976,大吟醸梅酒 吟の梅,,,draft,0.9,kumiai_fukuoka_detail,
1129,977,「杜の蔵」のしそ梅酒,,,draft,0.9,kumiai_fukuoka_detail,
1130,977,歌垣,,,draft,0.9,kumiai_fukuoka_detail,
1131,977,吟香露,,,draft,0.9,kumiai_fukuoka_detail,
1132,977,豪気 麦,,,draft,0.9,kumiai_fukuoka_detail,
1133,977,杜の蔵 純米酒,,,draft,0.9,kumiai_fukuoka_detail,
1134,977,杜の蔵 純米大吟醸 颯,,,draft,0.9,kumiai_fukuoka_detail,
1135,977,杜の蔵 純米大吟醸酒,,,draft,0.9,kumiai_fukuoka_detail,
1136,977,独楽蔵 玄 円熟純米吟醸,,,draft,0.9,kumiai_fukuoka_detail,
1137,977,独楽蔵 沁 豊熟純米大吟醸,,,draft,0.9,kumiai_fukuoka_detail,
1138,979,おいしい雑穀甘酒,,,draft,0.9,kumiai_fukuoka_detail,
1139,979,庭のうぐいす うぐいすラベル 特別純米酒,,,draft,0.9,kumiai_fukuoka_detail,
1140,979,庭のうぐいす だるまラベル特別純米酒,,,draft,0.9,kumiai_fukuoka_detail,
1141,979,庭のうぐいす ぬるはだ,,,draft,0.9,kumiai_fukuoka_detail,
1142,979,庭のうぐいす 特撰梅酒 うぐいすとまり,,,draft,0.9,kumiai_fukuoka_detail,
1143,979,庭のうぐいす 鶯辛（おうから）,,,draft,0.9,kumiai_fukuoka_detail,
1144,979,鶯印のどぶろく,,,draft,0.9,kumiai_fukuoka_detail,
1145,980,山の壽純米吟醸山田錦辛口,,,draft,0.9,kumiai_fukuoka_detail,
1146,981,あまざけ,,,draft,0.9,kumiai_fukuoka_detail,
1147,981,でんべえ梅酒,,,draft,0.9,kumiai_fukuoka_detail,
1148,981,若竹屋 純米 坐,,,draft,0.9,kumiai_fukuoka_detail,
1149,981,若竹屋 純米吟醸 渓,,,draft,0.9,kumiai_fukuoka_detail,
1150,981,若竹屋 大吟醸 饗,,,draft,0.9,kumiai_fukuoka_detail,
1151,981,若竹屋 本醸造 風,,,draft,0.9,kumiai_fukuoka_detail,
1152,981,若竹屋伝兵衛 馥郁元禄之酒,,,draft,0.9,kumiai_fukuoka_detail,
1153,981,博多練酒,,,draft,0.9,kumiai_fukuoka_detail,
1154,982,蜻蛉,,,draft,0.9,kumiai_fukuoka_detail,
1155,983,博多っ子,,,draft,0.9,kumiai_fukuoka_detail,
1156,984,紅乙女ゴールド,,,draft,0.9,kumiai_fukuoka_detail,
1157,984,時の超越スペリオーレ,,,draft,0.9,kumiai_fukuoka_detail,
1158,984,十八番梅酒,,,draft,0.9,kumiai_fukuoka_detail,
1159,985,【珈琲酒】「新黒」,,,draft,0.9,kumiai_fukuoka_detail,
1160,985,ミルクたっぷりいちごの梅酒,,,draft,0.9,kumiai_fukuoka_detail,
1161,985,ミルクたっぷりマンゴーの梅酒,,,draft,0.9,kumiai_fukuoka_detail,
1162,985,レモネード梅酒,,,draft,0.9,kumiai_fukuoka_detail,
1163,985,完全焙煎こふくろう,,,draft,0.9,kumiai_fukuoka_detail,
1164,985,賢者の選択,,,draft,0.9,kumiai_fukuoka_detail,
1165,985,人参焼酎「珍」,,,draft,0.9,kumiai_fukuoka_detail,
1166,985,千年寝坊助,,,draft,0.9,kumiai_fukuoka_detail,
1167,985,長期熟成麦焼酎「梟」,,,draft,0.9,kumiai_fukuoka_detail,
1168,985,長期樽熟成麦焼酎「梟」,,,draft,0.9,kumiai_fukuoka_detail,
1169,985,白ふくろう,,,draft,0.9,kumiai_fukuoka_detail,
1170,985,焙煎麦こふくろう,,,draft,0.9,kumiai_fukuoka_detail,
1171,988,らんびき 25 1800ml,,,draft,0.9,kumiai_fukuoka_detail,
1172,988,らんびき 25 720ml,,,draft,0.9,kumiai_fukuoka_detail,
1173,988,らんびき GOLD,,,draft,0.9,kumiai_fukuoka_detail,
1174,988,らんびき 角,,,draft,0.9,kumiai_fukuoka_detail,
1175,989,クラフトマン多田キャンティブラウン,,,draft,0.9,kumiai_fukuoka_detail,
1176,989,クラフトマン多田スパニッシュオレンジ,,,draft,0.9,kumiai_fukuoka_detail,
1177,989,コーヒースペシャリテ,,,draft,0.9,kumiai_fukuoka_detail,
1178,989,博多どんたく,,,draft,0.9,kumiai_fukuoka_detail,
1179,990,つくし いちご酒,,,draft,0.9,kumiai_fukuoka_detail,
1180,990,つくし梅酒 17度,,,draft,0.9,kumiai_fukuoka_detail,
1181,990,黒騎士,,,draft,0.9,kumiai_fukuoka_detail,
1182,990,黒麹一番太鼓,,,draft,0.9,kumiai_fukuoka_detail,
1183,990,釈云麦,,,draft,0.9,kumiai_fukuoka_detail,
1184,990,初潮,,,draft,0.9,kumiai_fukuoka_detail,
1185,990,本格芋焼酎 NOMITAKA,,,draft,0.9,kumiai_fukuoka_detail,
1186,990,本格芋焼酎 こんの,,,draft,0.9,kumiai_fukuoka_detail,
1187,990,本格麦焼酎 つくし 黒ラベル,,,draft,0.9,kumiai_fukuoka_detail,
1188,990,本格麦焼酎 つくし 白ラベル,,,draft,0.9,kumiai_fukuoka_detail,
1189,990,焙煎麦焼酎 金太郎,,,draft,0.9,kumiai_fukuoka_detail,
1190,991,求菩提,,,draft,0.8,kumiai_fukuoka_detail,
1191,992,こりん ゆず発泡酒,,,draft,0.9,kumiai_fukuoka_detail,
1192,992,磯吉 吟醸酒,,,draft,0.9,kumiai_fukuoka_detail,
1193,992,磯吉 純米酒,,,draft,0.9,kumiai_fukuoka_detail,
1194,992,磯吉 上撰 四段仕込み,,,draft,0.9,kumiai_fukuoka_detail,
1195,992,一番流 特別本醸造,,,draft,0.9,kumiai_fukuoka_detail,
1196,992,吟燦 吟醸粕取り焼酎,,,draft,0.9,kumiai_fukuoka_detail,
1197,992,健々 生姜蒸酎,,,draft,0.9,kumiai_fukuoka_detail,
1198,992,中洲 純米大吟醸焼酎,,,draft,0.9,kumiai_fukuoka_detail,
1199,992,伝承 大吟醸,,,draft,0.9,kumiai_fukuoka_detail,
1200,994,焼酎 あずき 25度,,,draft,0.9,kumiai_fukuoka_detail,
1201,994,清酒 純米酒 筑水17,,,draft,0.9,kumiai_fukuoka_detail,
1202,994,清酒 上撰 鷹正宗,,,draft,0.9,kumiai_fukuoka_detail,
1203,994,清酒 上撰 鷹正宗 4斗,,,draft,0.9,kumiai_fukuoka_detail,
1204,994,清酒 蔵 鷹正宗 吟醸,,,draft,0.9,kumiai_fukuoka_detail,
1205,994,清酒 超特撰 大吟醸瓶,,,draft,0.9,kumiai_fukuoka_detail,
1206,994,麦焼酎 ばっかい 25度,,,draft,0.9,kumiai_fukuoka_detail,
1207,994,麦焼酎 筑紫の坊主 38度,,,draft,0.9,kumiai_fukuoka_detail,
1208,994,麦焼酎 麦快極 25度,,,draft,0.9,kumiai_fukuoka_detail,
1209,994,麦焼酎 麦快極 原酒 44度,,,draft,0.9,kumiai_fukuoka_detail,
1291,1118,白木久,,,draft,0.9,kumiai_kyoto_detail,
1292,1119,吉野山,,,draft,0.9,kumiai_kyoto_detail,
1293,1120,弥栄鶴,,,draft,0.9,kumiai_kyoto_detail,
1294,1121,玉川,,,draft,0.9,kumiai_kyoto_detail,
1295,1122,久美の浦・吟客,,,draft,0.9,kumiai_kyoto_detail,
1296,1123,芝の井,,,draft,0.9,kumiai_kyoto_detail,
1297,1124,京の春,,,draft,0.9,kumiai_kyoto_detail,
1298,1125,与謝娘,,,draft,0.9,kumiai_kyoto_detail,
1299,1126,白嶺・酒呑童子,,,draft,0.9,kumiai_kyoto_detail,
1300,1127,池雲,,,draft,0.9,kumiai_kyoto_detail,
1301,1128,福知三萬二千石、六歓,,,draft,0.9,kumiai_kyoto_detail,
1302,1129,綾小町,,,draft,0.9,kumiai_kyoto_detail,
1303,1130,長老,,,draft,0.9,kumiai_kyoto_detail,
1304,1131,この花桜,,,draft,0.9,kumiai_kyoto_detail,
1305,1132,翁鶴,,,draft,0.9,kumiai_kyoto_detail,
1306,1133,聚楽第,,,draft,0.9,kumiai_kyoto_detail,
1307,1134,神蔵,,,draft,0.9,kumiai_kyoto_detail,
1308,1135,初日の出,,,draft,0.9,kumiai_kyoto_detail,
1309,1136,黄桜,,,draft,0.9,kumiai_kyoto_detail,
1310,1137,富翁,,,draft,0.9,kumiai_kyoto_detail,
1311,1138,美山,,,draft,0.9,kumiai_kyoto_detail,
1312,1139,京姫,,,draft,0.9,kumiai_kyoto_detail,
1313,1140,金鵄正宗,,,draft,0.9,kumiai_kyoto_detail,
1314,1141,月桂冠,,,draft,0.9,kumiai_kyoto_detail,
1315,1142,世界鷹,,,draft,0.9,kumiai_kyoto_detail,
1316,1143,英勲,,,draft,0.9,kumiai_kyoto_detail,
1317,1144,招德,,,draft,0.9,kumiai_kyoto_detail,
1318,1145,松竹梅,,,draft,0.9,kumiai_kyoto_detail,
1319,1146,玉乃光,,,draft,0.9,kumiai_kyoto_detail,
1320,1147,豊祝,,,draft,0.9,kumiai_kyoto_detail,
1321,1148,坤滴,,,draft,0.9,kumiai_kyoto_detail,
1322,1149,蒼空,,,draft,0.9,kumiai_kyoto_detail,
1323,1150,慶長,,,draft,0.9,kumiai_kyoto_detail,
1324,1151,月の桂,,,draft,0.9,kumiai_kyoto_detail,
1325,1152,桃の滴,,,draft,0.9,kumiai_kyoto_detail,
1326,1153,十石,,,draft,0.9,kumiai_kyoto_detail,
1327,1154,都鶴,,,draft,0.9,kumiai_kyoto_detail,
1328,1155,神聖,,,draft,0.9,kumiai_kyoto_detail,
1329,1156,伏見銘酒,,,draft,0.5,kumiai_kyoto_detail,
1330,1157,城陽,,,draft,0.9,kumiai_kyoto_detail,
1702,1374,菅公,,,draft,0.92,kumiai_aichi_detail,
1703,1375,清洲城信長 鬼ころし,,,draft,0.92,kumiai_aichi_detail,
1704,1376,神の井,,,draft,0.92,kumiai_aichi_detail,
1705,1377,鷹の夢,,,draft,0.92,kumiai_aichi_detail,
1706,1384,長珍,,,draft,0.92,kumiai_aichi_detail,
1707,1406,菊石,,,draft,0.92,kumiai_aichi_detail,
2303,1840,羽衣の舞,,,draft,0.95,kumiai_shizuoka_detail,
2304,1840,臥龍梅,,,draft,0.95,kumiai_shizuoka_detail,
2305,1840,静ごころ,,,draft,0.95,kumiai_shizuoka_detail,
2306,1841,出世城,,,draft,0.95,kumiai_shizuoka_detail,
2307,1842,花の舞,,,draft,0.95,kumiai_shizuoka_detail,
2308,1843,磯自慢,,,draft,0.95,kumiai_shizuoka_detail,
2309,1844,正雪,,,draft,0.95,kumiai_shizuoka_detail,
2310,1845,志太泉,,,draft,0.95,kumiai_shizuoka_detail,
2311,1846,あらばしり,,,draft,0.95,kumiai_shizuoka_detail,
2312,1846,萬耀,,,draft,0.95,kumiai_shizuoka_detail,
2313,1847,おんな泣かせ,,,draft,0.95,kumiai_shizuoka_detail,
2314,1847,若竹鬼ころし,,,draft,0.95,kumiai_shizuoka_detail,
2315,1848,天虹,,,draft,0.95,kumiai_shizuoka_detail,
2316,1848,忠正,,,draft,0.95,kumiai_shizuoka_detail,
2317,1848,曽我鶴,,,draft,0.95,kumiai_shizuoka_detail,
2318,1848,萩の蔵,,,draft,0.95,kumiai_shizuoka_detail,
2319,1849,静岡蔵謹醸 喜平,,,draft,0.95,kumiai_shizuoka_detail,
2320,1850,富士錦,,,draft,0.95,kumiai_shizuoka_detail,
2321,1851,喜久醉,,,draft,0.95,kumiai_shizuoka_detail,
2322,1852,榮,,,draft,0.95,kumiai_shizuoka_detail,
2323,1852,雪解,,,draft,0.95,kumiai_shizuoka_detail,
2324,1853,開運,,,draft,0.95,kumiai_shizuoka_detail,
2325,1854,葵天下,,,draft,0.95,kumiai_shizuoka_detail,
2326,1855,初亀,,,draft,0.95,kumiai_shizuoka_detail,
2327,1856,杉錦,,,draft,0.95,kumiai_shizuoka_detail,
2328,1857,傳一郎,,,draft,0.95,kumiai_shizuoka_detail,
2329,1857,國香,,,draft,0.95,kumiai_shizuoka_detail,
2330,1858,富士山,,,draft,0.95,kumiai_shizuoka_detail,
2331,1858,白糸,,,draft,0.95,kumiai_shizuoka_detail,
2332,1859,高砂,,,draft,0.95,kumiai_shizuoka_detail,
2333,1860,千代乃峯,,,draft,0.95,kumiai_shizuoka_detail,
2334,1860,富士正,,,draft,0.95,kumiai_shizuoka_detail,
2335,1861,英君,,,draft,0.95,kumiai_shizuoka_detail,
2336,1862,萩錦,,,draft,0.95,kumiai_shizuoka_detail,
2337,1863,小夜衣,,,draft,0.95,kumiai_shizuoka_detail,
2338,1864,千寿,,,draft,0.95,kumiai_shizuoka_detail,
2339,1865,金明,,,draft,0.95,kumiai_shizuoka_detail,
2340,1866,白隠正宗,,,draft,0.95,kumiai_shizuoka_detail,
2537,1913,毛利公,,,draft,0.95,kumiai_yamaguchi_detail,
2538,1914,宝船,,,draft,0.95,kumiai_yamaguchi_detail,
2539,1915,山頭火,,,draft,0.95,kumiai_yamaguchi_detail,
2540,1916,涛乃花,,,draft,0.9,kumiai_yamaguchi_detail,
2541,1917,寿,,,draft,0.95,kumiai_yamaguchi_detail,
2542,1918,原田,,,draft,0.95,kumiai_yamaguchi_detail,
2543,1919,錦世界,,,draft,0.95,kumiai_yamaguchi_detail,
2544,1920,Ohmine Junmai Daiginjo,,,draft,0.75,kumiai_yamaguchi_detail,
2545,1921,獺祭,,,draft,0.9,kumiai_yamaguchi_detail,
2546,1922,金雀,,,draft,0.9,kumiai_yamaguchi_detail,
2547,1922,清流錦川,,,draft,0.9,kumiai_yamaguchi_detail,
2548,1922,堀仙江輪,,,draft,0.9,kumiai_yamaguchi_detail,
2549,1922,黒まいん,,,draft,0.9,kumiai_yamaguchi_detail,
2550,1923,和可娘,,,draft,0.95,kumiai_yamaguchi_detail,
2551,1924,山猿,,,draft,0.95,kumiai_yamaguchi_detail,
2552,1925,天美,,,draft,0.9,kumiai_yamaguchi_detail,
2553,1926,村重,,,draft,0.8,kumiai_yamaguchi_detail,
2554,1926,金冠黒松,,,draft,0.8,kumiai_yamaguchi_detail,
2555,1927,杉姫,,,draft,0.95,kumiai_yamaguchi_detail,
2556,1928,雁木,,,draft,0.95,kumiai_yamaguchi_detail,
2557,1929,五橋,,,draft,0.95,kumiai_yamaguchi_detail,
2558,1930,東洋美人,,,draft,0.9,kumiai_yamaguchi_detail,
2559,1931,八千代,,,draft,0.95,kumiai_yamaguchi_detail,
2560,1932,東洋男山,,,draft,0.85,kumiai_yamaguchi_detail,
2561,1933,貴,,,draft,0.95,kumiai_yamaguchi_detail,
2562,1934,長門峡,,,draft,0.95,kumiai_yamaguchi_detail,
2563,1935,阿武の鶴,,,draft,0.85,kumiai_yamaguchi_detail,
2564,1936,長陽福娘,,,draft,0.95,kumiai_yamaguchi_detail,
2870,2127,金華山,,,draft,0.9,kumiai_gifu_detail,
2871,2128,日本泉,,,draft,0.9,kumiai_gifu_detail,
2872,2129,篝火,,,draft,0.9,kumiai_gifu_detail,
2873,2130,長良川,,,draft,0.9,kumiai_gifu_detail,
2874,2131,千代菊,,,draft,0.9,kumiai_gifu_detail,
2875,2132,白川郷,,,draft,0.9,kumiai_gifu_detail,
2876,2133,美濃紅梅,,,draft,0.9,kumiai_gifu_detail,
2877,2134,白雪姫,,,draft,0.9,kumiai_gifu_detail,
2878,2135,竹雀,,,draft,0.9,kumiai_gifu_detail,
2879,2136,富久若松,,,draft,0.9,kumiai_gifu_detail,
2880,2137,房島屋,,,draft,0.9,kumiai_gifu_detail,
2881,2138,揖斐川,,,draft,0.9,kumiai_gifu_detail,
2882,2139,醴泉,,,draft,0.9,kumiai_gifu_detail,
2883,2140,百春,,,draft,0.9,kumiai_gifu_detail,
2884,2141,御代櫻,,,draft,0.9,kumiai_gifu_detail,
2885,2142,花美蔵,,,draft,0.9,kumiai_gifu_detail,
2886,2143,飛騨路の寒椿,,,draft,0.9,kumiai_gifu_detail,
2887,2144,玉柏,,,draft,0.9,kumiai_gifu_detail,
2888,2145,はなざかり,,,draft,0.9,kumiai_gifu_detail,
2889,2146,やっちく,,,draft,0.9,kumiai_gifu_detail,
2890,2147,元文,,,draft,0.9,kumiai_gifu_detail,
2891,2148,小左衛門,,,draft,0.9,kumiai_gifu_detail,
2892,2149,若葉,,,draft,0.9,kumiai_gifu_detail,
2893,2150,千古乃岩,,,draft,0.9,kumiai_gifu_detail,
2894,2151,三千盛,,,draft,0.9,kumiai_gifu_detail,
2895,2152,美濃天狗,,,draft,0.9,kumiai_gifu_detail,
2896,2153,宮太鼓,,,draft,0.9,kumiai_gifu_detail,
2897,2154,恵那山,,,draft,0.9,kumiai_gifu_detail,
2898,2155,小野櫻,,,draft,0.9,kumiai_gifu_detail,
2899,2156,笠置鶴,,,draft,0.9,kumiai_gifu_detail,
2900,2157,女城主,,,draft,0.9,kumiai_gifu_detail,
2901,2158,市乃川,,,draft,0.9,kumiai_gifu_detail,
2902,2159,鯨波,,,draft,0.9,kumiai_gifu_detail,
2903,2160,ひだ正宗,,,draft,0.9,kumiai_gifu_detail,
2904,2161,玉の井,,,draft,0.9,kumiai_gifu_detail,
2905,2162,久寿玉,,,draft,0.9,kumiai_gifu_detail,
2906,2163,鬼ころし,,,draft,0.9,kumiai_gifu_detail,
2907,2164,深山菊,,,draft,0.9,kumiai_gifu_detail,
2908,2165,飛騨の華,,,draft,0.9,kumiai_gifu_detail,
2909,2166,山車,,,draft,0.9,kumiai_gifu_detail,
2910,2167,初緑,,,draft,0.9,kumiai_gifu_detail,
2911,2168,天領,,,draft,0.9,kumiai_gifu_detail,
2912,2169,蓬莱,,,draft,0.9,kumiai_gifu_detail,
2913,2170,白真弓,,,draft,0.9,kumiai_gifu_detail,
2914,2171,飛騨娘,,,draft,0.9,kumiai_gifu_detail,
2996,2241,御所泉,,,draft,0.85,kumiai_ishikawa_detail,
2997,2243,栄,,,draft,0.7,kumiai_ishikawa_detail,
2998,2244,加賀鶴,,,draft,0.85,kumiai_ishikawa_detail,
2999,2246,菊姫,,,draft,0.8,kumiai_ishikawa_detail,
3000,2247,萬歳楽,,,draft,0.85,kumiai_ishikawa_detail,
3001,2248,天狗舞,,,draft,0.85,kumiai_ishikawa_detail,
3002,2249,手取川正宗,,,draft,0.75,kumiai_ishikawa_detail,
3003,2250,加賀の月,,,draft,0.75,kumiai_ishikawa_detail,
3004,2255,獅子の里,,,draft,0.75,kumiai_ishikawa_detail,
3005,2256,夢醸,,,draft,0.85,kumiai_ishikawa_detail,
3006,2259,遊穂,,,draft,0.85,kumiai_ishikawa_detail,
3007,2261,大慶,,,draft,0.85,kumiai_ishikawa_detail,
3008,2261,初桜,,,draft,0.85,kumiai_ishikawa_detail,
3009,2262,宗玄,,,draft,0.85,kumiai_ishikawa_detail,
3010,2264,竹葉,,,draft,0.85,kumiai_ishikawa_detail,
3011,2265,能登誉,,,draft,0.85,kumiai_ishikawa_detail,
3012,2265,奥能登輪島千枚田,,,draft,0.85,kumiai_ishikawa_detail,
3013,2266,谷泉,,,draft,0.8,kumiai_ishikawa_detail,
3229,2481,帝松 雄町38%精白 純米大吟醸 鳳翔,,,draft,0.95,kumiai_saitama_detail,
3230,2481,帝松 山田錦38%精白 特逸品 大吟醸,,,draft,0.95,kumiai_saitama_detail,
3231,2481,帝松 吟醸 社長の酒,,,draft,0.95,kumiai_saitama_detail,
3232,2481,帝松 PREMIUM 純米吟醸生原酒,,,draft,0.95,kumiai_saitama_detail,
3233,2481,帝松 純米吟醸 蒼,,,draft,0.95,kumiai_saitama_detail,
3234,2482,天仁 大吟醸,,,draft,0.95,kumiai_saitama_detail,
3235,2482,天仁 特別純米,,,draft,0.95,kumiai_saitama_detail,
3236,2482,天仁 原酒,,,draft,0.95,kumiai_saitama_detail,
3237,2482,天仁 上撰,,,draft,0.95,kumiai_saitama_detail,
3238,2483,直実 純米大吟醸,,,draft,0.97,kumiai_saitama_detail,
3239,2483,直実 大辛純米無濾過生原酒,,,draft,0.97,kumiai_saitama_detail,
3240,2483,直実 特別純米,,,draft,0.97,kumiai_saitama_detail,
3241,2483,直実 辛口,,,draft,0.97,kumiai_saitama_detail,
3242,2483,はちみつ梅酒 玉津留,,,draft,0.97,kumiai_saitama_detail,
3243,2484,高麗王 純米,,,draft,0.95,kumiai_saitama_detail,
3244,2484,高麗王 純米吟醸,,,draft,0.95,kumiai_saitama_detail,
3245,2485,藍の郷,,,draft,0.97,kumiai_saitama_detail,
3246,2486,ひこ孫 純米大吟醸,,,draft,0.97,kumiai_saitama_detail,
3247,2486,ひこ孫 純米吟醸,,,draft,0.97,kumiai_saitama_detail,
3248,2486,ひこ孫 純米酒,,,draft,0.97,kumiai_saitama_detail,
3249,2486,神亀 純米酒,,,draft,0.97,kumiai_saitama_detail,
3250,2486,神亀 ひやおろし,,,draft,0.97,kumiai_saitama_detail,
3251,2487,武甲正宗 大吟醸,,,draft,0.95,kumiai_saitama_detail,
3252,2487,秩父 吟嶺 純米大吟醸,,,draft,0.95,kumiai_saitama_detail,
3253,2487,無濾過原酒 純米,,,draft,0.95,kumiai_saitama_detail,
3254,2487,武甲正宗 本醸造,,,draft,0.95,kumiai_saitama_detail,
3255,2487,花ちちぶ 純米生,,,draft,0.95,kumiai_saitama_detail,
3256,2487,純米酒,,,draft,0.95,kumiai_saitama_detail,
3257,2487,にごり酒,,,draft,0.95,kumiai_saitama_detail,
3258,2487,武甲,,,draft,0.95,kumiai_saitama_detail,
3259,2488,秩父小次郎 純米酒,,,draft,0.95,kumiai_saitama_detail,
3260,2488,秩父小次郎 大吟醸,,,draft,0.95,kumiai_saitama_detail,
3261,2488,秩父小次郎 純米生原酒,,,draft,0.95,kumiai_saitama_detail,
3262,2488,本格焼酎 龍呑樽貯蔵,,,draft,0.95,kumiai_saitama_detail,
3263,2488,酒蔵の梅酒,,,draft,0.95,kumiai_saitama_detail,
3264,2489,金大星正宗 普通酒,,,draft,0.97,kumiai_saitama_detail,
3265,2489,金大星正宗 本醸造酒,,,draft,0.97,kumiai_saitama_detail,
3266,2489,金大星 玉液,,,draft,0.97,kumiai_saitama_detail,
3267,2489,瞬喜道,,,draft,0.97,kumiai_saitama_detail,
3268,2489,織星,,,draft,0.97,kumiai_saitama_detail,
3269,2489,酔眺月,,,draft,0.97,kumiai_saitama_detail,
3270,2489,青淵 渋沢栄一翁,,,draft,0.97,kumiai_saitama_detail,
3271,2490,文楽 純米吟醸,,,draft,0.97,kumiai_saitama_detail,
3272,2490,文楽 本醸造,,,draft,0.97,kumiai_saitama_detail,
3273,2490,AGEO 純米大吟醸 無濾過生原酒,,,draft,0.97,kumiai_saitama_detail,
3274,2490,文楽 生酛純米酒,,,draft,0.97,kumiai_saitama_detail,
3275,2491,純米吟醸 さけ武蔵,,,draft,0.97,kumiai_saitama_detail,
3276,2491,寒梅 純米酒,,,draft,0.97,kumiai_saitama_detail,
3277,2491,純米吟醸 久喜,,,draft,0.97,kumiai_saitama_detail,
3278,2491,大吟醸雫酒 「飛翔天」,,,draft,0.97,kumiai_saitama_detail,
3279,2491,寒梅 大吟醸,,,draft,0.97,kumiai_saitama_detail,
3280,2492,琵琶のささ浪 純米,,,draft,0.95,kumiai_saitama_detail,
3281,2492,コバトンビール,,,draft,0.95,kumiai_saitama_detail,
3282,2492,素敵 Japan（白）,,,draft,0.95,kumiai_saitama_detail,
3283,2492,素敵 Japan（黒）,,,draft,0.95,kumiai_saitama_detail,
3284,2492,リジエール,,,draft,0.95,kumiai_saitama_detail,
3285,2492,「すてきな」シリーズ,,,draft,0.95,kumiai_saitama_detail,
3286,2492,狭山茶梅酒,,,draft,0.95,kumiai_saitama_detail,
3287,2492,柚子梅酒,,,draft,0.95,kumiai_saitama_detail,
3288,2492,TOKYOキウイ酒,,,draft,0.95,kumiai_saitama_detail,
3289,2492,ササナミサワーノモト檸檬,,,draft,0.95,kumiai_saitama_detail,
3290,2493,長瀞 純米大吟醸,,,draft,0.97,kumiai_saitama_detail,
3291,2493,長瀞 純米吟醸,,,draft,0.97,kumiai_saitama_detail,
3292,2493,長瀞 純米,,,draft,0.97,kumiai_saitama_detail,
3293,2493,白扇 純米大吟醸,,,draft,0.97,kumiai_saitama_detail,
3294,2493,白扇 大吟醸50,,,draft,0.97,kumiai_saitama_detail,
3295,2493,白扇 純米吟醸,,,draft,0.97,kumiai_saitama_detail,
3296,2493,白扇 山廃純米（扇）,,,draft,0.97,kumiai_saitama_detail,
3297,2493,白扇 本醸造（扇）,,,draft,0.97,kumiai_saitama_detail,
3298,2494,円満家族鬼ころし,,,draft,0.97,kumiai_saitama_detail,
3299,2495,力士 大吟醸,,,draft,0.95,kumiai_saitama_detail,
3300,2495,力士 純米酒,,,draft,0.95,kumiai_saitama_detail,
3301,2495,力士 金撰本醸造,,,draft,0.95,kumiai_saitama_detail,
3302,2495,純米吟醸酒 釜屋 雫滴 無ろ過生原酒,,,draft,0.95,kumiai_saitama_detail,
3303,2495,1994年醸造 特別本醸造 釜屋,,,draft,0.95,kumiai_saitama_detail,
3304,2495,純米吟醸 生酛仕込 釜屋新八 青ラベル,,,draft,0.95,kumiai_saitama_detail,
3305,2495,純米吟醸 生酛仕込 釜屋新八 赤ラベル,,,draft,0.95,kumiai_saitama_detail,
3306,2495,ワイン酵母仕込み純米酒 ARROZ -アロス-,,,draft,0.95,kumiai_saitama_detail,
3307,2495,純米にごり原酒 英雄-hideo-,,,draft,0.95,kumiai_saitama_detail,
3308,2495,発泡純米酒 ゆきあわ,,,draft,0.95,kumiai_saitama_detail,
3309,2496,豊明 純米大吟醸,,,draft,0.95,kumiai_saitama_detail,
3310,2496,豊明 ひやおろし 純米原酒,,,draft,0.95,kumiai_saitama_detail,
3311,2496,豊明 純米酒,,,draft,0.95,kumiai_saitama_detail,
3312,2496,豊明 純米吟醸,,,draft,0.95,kumiai_saitama_detail,
3313,2496,健誠 酒酒酒,,,draft,0.95,kumiai_saitama_detail,
3314,2497,菊泉 ひとすじ,,,draft,0.97,kumiai_saitama_detail,
3315,2497,菊泉 ひとすじ ロゼ,,,draft,0.97,kumiai_saitama_detail,
3316,2497,菊泉 大吟醸,,,draft,0.97,kumiai_saitama_detail,
3317,2497,菊泉 さけ武蔵吟醸 生原酒,,,draft,0.97,kumiai_saitama_detail,
3318,2497,菊泉 純米酒,,,draft,0.97,kumiai_saitama_detail,
3319,2497,純米吟醸 青淵郷,,,draft,0.97,kumiai_saitama_detail,
3320,2498,九重桜 大吟醸,,,draft,0.95,kumiai_saitama_detail,
3321,2498,九重桜 純米吟醸,,,draft,0.95,kumiai_saitama_detail,
3322,2498,九重桜 純米酒,,,draft,0.95,kumiai_saitama_detail,
3323,2498,九重桜 本醸造,,,draft,0.95,kumiai_saitama_detail,
3324,2498,九重桜 五百万石純米吟醸 無濾過生酒,,,draft,0.95,kumiai_saitama_detail,
3325,2499,清龍 自信作,,,draft,0.95,kumiai_saitama_detail,
3326,2499,純米辛口 伝 ＋7,,,draft,0.95,kumiai_saitama_detail,
3327,2499,生酛造り 伝承辛口 伝,,,draft,0.95,kumiai_saitama_detail,
3328,2499,清龍 大吟醸,,,draft,0.95,kumiai_saitama_detail,
3329,2500,おがわの自然酒,,,draft,0.95,kumiai_saitama_detail,
3330,2500,純米吟醸 晴雲,,,draft,0.95,kumiai_saitama_detail,
3331,2500,吟醸 晴雲,,,draft,0.95,kumiai_saitama_detail,
3332,2500,純米 晴雲,,,draft,0.95,kumiai_saitama_detail,
3333,2500,本醸造 金勝山,,,draft,0.95,kumiai_saitama_detail,
3334,2500,本醸造 晴雲,,,draft,0.95,kumiai_saitama_detail,
3335,2500,晴雲,,,draft,0.95,kumiai_saitama_detail,
3336,2500,純米大吟醸 善祥,,,draft,0.95,kumiai_saitama_detail,
3337,2500,純米吟醸 善祥,,,draft,0.95,kumiai_saitama_detail,
3338,2500,晴雲 大吟醸,,,draft,0.95,kumiai_saitama_detail,
3339,2501,万両 大吟醸,,,draft,0.95,kumiai_saitama_detail,
3340,2501,岩槻 吟譲,,,draft,0.95,kumiai_saitama_detail,
3341,2501,大手門 生吟醸,,,draft,0.95,kumiai_saitama_detail,
3342,2501,大手門 純米酒,,,draft,0.95,kumiai_saitama_detail,
3343,2501,大手門 大吟醸,,,draft,0.95,kumiai_saitama_detail,
3344,2502,亀甲花菱 特別純米酒,,,draft,0.95,kumiai_saitama_detail,
3345,2503,天覧山 秋あがり,,,draft,0.95,kumiai_saitama_detail,
3346,2503,天覧山 純米酒直汲み,,,draft,0.95,kumiai_saitama_detail,
3347,2503,天覧山 大吟醸,,,draft,0.95,kumiai_saitama_detail,
3348,2504,栄一翁 純米大吟醸,,,draft,0.95,kumiai_saitama_detail,
3349,2504,深谷の地酒 特別本醸造,,,draft,0.95,kumiai_saitama_detail,
3350,2504,雫 大吟醸原酒,,,draft,0.95,kumiai_saitama_detail,
3351,2504,忠恕 吟醸,,,draft,0.95,kumiai_saitama_detail,
3352,2504,城址宴 特別純米,,,draft,0.95,kumiai_saitama_detail,
3353,2505,旭正宗 純米吟醸酒,,,draft,0.97,kumiai_saitama_detail,
3354,2505,旭正宗 吟醸生貯蔵酒,,,draft,0.97,kumiai_saitama_detail,
3355,2505,旭正宗 特別純米酒,,,draft,0.97,kumiai_saitama_detail,
3356,2505,純 純米酒,,,draft,0.97,kumiai_saitama_detail,
3357,2505,うらら 本醸造,,,draft,0.97,kumiai_saitama_detail,
3358,2506,越生梅林 大吟醸,,,draft,0.97,kumiai_saitama_detail,
3359,2506,越生梅林 純米大吟醸,,,draft,0.97,kumiai_saitama_detail,
3360,2506,越生梅林 純米吟醸,,,draft,0.97,kumiai_saitama_detail,
3361,2506,越生梅林 特別純米酒,,,draft,0.97,kumiai_saitama_detail,
3362,2506,越生梅林 特別本醸造,,,draft,0.97,kumiai_saitama_detail,
3363,2506,越生梅林 純米酒,,,draft,0.97,kumiai_saitama_detail,
3364,2506,越生梅林 辛口,,,draft,0.97,kumiai_saitama_detail,
3365,2506,越生梅林 梅酒,,,draft,0.97,kumiai_saitama_detail,
3366,2506,越生梅林 赤紫蘇酒,,,draft,0.97,kumiai_saitama_detail,
3367,2506,越生梅林 柚子酒,,,draft,0.97,kumiai_saitama_detail,
3368,2507,鏡山 純米原酒秋あがり,,,draft,0.95,kumiai_saitama_detail,
3369,2507,鏡山 純米生酛無垢,,,draft,0.95,kumiai_saitama_detail,
3370,2507,鏡山 純米吟醸生酒,,,draft,0.95,kumiai_saitama_detail,
3371,2507,鏡山特別純米無濾過生原酒雄町,,,draft,0.95,kumiai_saitama_detail,
3372,2507,鏡山 ワイン酵母仕込み純米,,,draft,0.95,kumiai_saitama_detail,
3373,2508,晴菊 大吟醸,,,draft,0.97,kumiai_saitama_detail,
3374,2508,晴菊 特別純米酒,,,draft,0.97,kumiai_saitama_detail,
3375,2508,上撰 晴菊,,,draft,0.97,kumiai_saitama_detail,
3376,2509,桝川 純米大吟醸,,,draft,0.97,kumiai_saitama_detail,
3377,2509,桝川 大吟醸,,,draft,0.97,kumiai_saitama_detail,
3378,2509,桝川 純米原酒,,,draft,0.97,kumiai_saitama_detail,
3379,2509,桝川 純米酒,,,draft,0.97,kumiai_saitama_detail,
3380,2509,桝川 本醸造辛口,,,draft,0.97,kumiai_saitama_detail,
3381,2510,日本橋 純米大吟醸,,,draft,0.95,kumiai_saitama_detail,
3382,2510,日本橋大吟醸,,,draft,0.95,kumiai_saitama_detail,
3383,2510,日本橋純米酒 ひやおろし,,,draft,0.95,kumiai_saitama_detail,
3384,2510,日本橋本醸造 行田育ち,,,draft,0.95,kumiai_saitama_detail,
3385,2510,日本橋 濃醇純米江戸の宴,,,draft,0.95,kumiai_saitama_detail,
3386,2511,秩父錦 技の極み,,,draft,0.95,kumiai_saitama_detail,
3387,2511,秩父錦 特別純米酒,,,draft,0.95,kumiai_saitama_detail,
3388,2511,秩父錦 純米吟醸,,,draft,0.95,kumiai_saitama_detail,
3389,2511,秩父錦 純米大吟醸,,,draft,0.95,kumiai_saitama_detail,
3390,2512,金紋世界鷹 吟醸50,,,draft,0.97,kumiai_saitama_detail,
3391,2512,金紋世界鷹 純米吟醸,,,draft,0.97,kumiai_saitama_detail,
3392,2512,金紋世界鷹 純米吟醸原酒 ひやおろし,,,draft,0.97,kumiai_saitama_detail,
3393,2512,天狗のとぶろく,,,draft,0.97,kumiai_saitama_detail,
3394,2512,小山本家 界,,,draft,0.97,kumiai_saitama_detail,
3691,2680,豊稔,,,draft,0.9,kumiai_ehime_detail,
3692,2681,梅錦,,,draft,0.9,kumiai_ehime_detail,
3693,2682,華姫桜,,,draft,0.9,kumiai_ehime_detail,
3694,2683,蔵本屋市兵衛,,,draft,0.9,kumiai_ehime_detail,
3695,2684,石鎚,,,draft,0.9,kumiai_ehime_detail,
3696,2685,寿喜心,,,draft,0.9,kumiai_ehime_detail,
3697,2686,媛一会,,,draft,0.9,kumiai_ehime_detail,
3698,2687,伊予賀儀屋,,,draft,0.9,kumiai_ehime_detail,
3699,2688,山丹正宗,,,draft,0.9,kumiai_ehime_detail,
3700,2689,雪雀,,,draft,0.9,kumiai_ehime_detail,
3701,2690,桜うづまき,,,draft,0.9,kumiai_ehime_detail,
3702,2691,仁喜多津,,,draft,0.9,kumiai_ehime_detail,
3703,2692,酒仙栄光,,,draft,0.9,kumiai_ehime_detail,
3704,2693,小冨士,,,draft,0.9,kumiai_ehime_detail,
3705,2694,武士心,,,draft,0.9,kumiai_ehime_detail,
3706,2695,かち鶴,,,draft,0.9,kumiai_ehime_detail,
3707,2696,初雪盃,,,draft,0.9,kumiai_ehime_detail,
3708,2697,八重菊,,,draft,0.9,kumiai_ehime_detail,
3709,2698,京ひな,,,draft,0.9,kumiai_ehime_detail,
3710,2699,千代の亀,,,draft,0.9,kumiai_ehime_detail,
3711,2700,養老,,,draft,0.9,kumiai_ehime_detail,
3712,2701,宮の舞,,,draft,0.9,kumiai_ehime_detail,
3713,2702,梅美人,,,draft,0.9,kumiai_ehime_detail,
3714,2703,川亀,,,draft,0.9,kumiai_ehime_detail,
3715,2704,開明,,,draft,0.85,kumiai_ehime_detail,
3716,2705,玉川,,,draft,0.85,kumiai_ehime_detail,
3717,2706,城川郷,,,draft,0.9,kumiai_ehime_detail,
3718,2707,虎の尾,,,draft,0.9,kumiai_ehime_detail,
3719,2708,媛囃子,,,draft,0.9,kumiai_ehime_detail,
3720,2709,名門,,,draft,0.9,kumiai_ehime_detail,
3721,2710,野武士,,,draft,0.9,kumiai_ehime_detail,
3722,2711,泰山,,,draft,0.9,kumiai_ehime_detail,
3723,2712,誠心,,,draft,0.9,kumiai_ehime_detail,
3724,2713,千鳥,,,draft,0.9,kumiai_ehime_detail,
4355,3188,大吟醸「極聖」昔搾り斗瓶どり,,,draft,0.9,kumiai_okayama_detail,
4356,3188,「極聖」おかやま 雄町米 純米吟醸,,,draft,0.9,kumiai_okayama_detail,
4357,3193,純米吟醸「桃の里」,,,draft,0.9,kumiai_okayama_detail,
4358,3193,大吟醸「桃の里」,,,draft,0.9,kumiai_okayama_detail,
4359,3194,櫻室町 極大吟醸 室町時代,,,draft,0.9,kumiai_okayama_detail,
4360,3194,櫻室町 甘熟とろける清水白桃酒,,,draft,0.9,kumiai_okayama_detail,
4361,3195,赤磐雄町,,,draft,0.9,kumiai_okayama_detail,
4362,3195,酒一筋 純米吟醸（金麗）,,,draft,0.9,kumiai_okayama_detail,
4363,3196,上撰 日月,,,draft,0.9,kumiai_okayama_detail,
4364,3196,純米吟醸 日月,,,draft,0.9,kumiai_okayama_detail,
4365,3197,純米吟醸「唐子踊」,,,draft,0.9,kumiai_okayama_detail,
4366,3197,リキュール「白桃酒」,,,draft,0.9,kumiai_okayama_detail,
4367,3199,十八盛 金紋,,,draft,0.9,kumiai_okayama_detail,
4368,3199,十八盛 備前蒼海,,,draft,0.9,kumiai_okayama_detail,
4369,3200,純米吟醸 倉敷吟醸 伊七,,,draft,0.9,kumiai_okayama_detail,
4370,3200,特別純米 備前伊七,,,draft,0.9,kumiai_okayama_detail,
4371,3201,本醸造“萬年雪”,,,draft,0.9,kumiai_okayama_detail,
4372,3201,見搾り純米酒“荒走り”,,,draft,0.9,kumiai_okayama_detail,
4373,3203,粹府 大吟醸,,,draft,0.9,kumiai_okayama_detail,
4374,3203,粹府 純米吟醸 媛,,,draft,0.9,kumiai_okayama_detail,
4375,3204,純米 雄町 「碧天」,,,draft,0.9,kumiai_okayama_detail,
4376,3204,吉備路白いも焼酎 「土根醸」,,,draft,0.9,kumiai_okayama_detail,
4377,3205,燦然 大吟醸,,,draft,0.9,kumiai_okayama_detail,
4378,3205,燦然 純米雄町,,,draft,0.9,kumiai_okayama_detail,
4379,3207,特撰本醸造・「神露」,,,draft,0.9,kumiai_okayama_detail,
4380,3207,｢神露」・純米吟醸,,,draft,0.9,kumiai_okayama_detail,
4381,3208,超特撰 喜平 大吟醸,,,draft,0.9,kumiai_okayama_detail,
4382,3208,特撰 喜平 生貯蔵酒,,,draft,0.9,kumiai_okayama_detail,
4383,3209,純米 農産酒蔵,,,draft,0.9,kumiai_okayama_detail,
4384,3209,竹林 かろやかオーガニック,,,draft,0.9,kumiai_okayama_detail,
4385,3210,嘉美心 純米大吟醸,,,draft,0.98,kumiai_okayama_detail,
4386,3210,嘉美心 特別純米,,,draft,0.98,kumiai_okayama_detail,
4387,3211,岡山白桃ワイン,,,draft,0.9,kumiai_okayama_detail,
4388,3211,純米本みりん,,,draft,0.9,kumiai_okayama_detail,
4389,3212,旭富士 手造り本みりん,,,draft,0.9,kumiai_okayama_detail,
4390,3212,旭富士 手造り白酒,,,draft,0.9,kumiai_okayama_detail,
4391,3213,御嶽鶴,,,draft,0.9,kumiai_okayama_detail,
4392,3213,吟醸生貯蔵酒 みたけづる,,,draft,0.9,kumiai_okayama_detail,
4393,3214,吟醸「一品」「早雲の里」,,,draft,0.9,kumiai_okayama_detail,
4394,3214,純米酒「一品」「田中苑の四季」,,,draft,0.9,kumiai_okayama_detail,
4395,3215,清酒 蘭の誉,,,draft,0.9,kumiai_okayama_detail,
4396,3215,大吟醸 朗廬の里（ろうろのさと）,,,draft,0.9,kumiai_okayama_detail,
4397,3217,大正の鶴 特別純米 朝日 無濾過生原酒,,,draft,0.92,kumiai_okayama_detail,
4398,3217,大正の鶴 純米吟醸 朝日 無濾過生原酒 中取り,,,draft,0.92,kumiai_okayama_detail,
4399,3218,大吟醸「大典白菊」,,,draft,0.98,kumiai_okayama_detail,
4400,3218,上撰「大典白菊」,,,draft,0.98,kumiai_okayama_detail,
4401,3219,清酒・本醸造 「曲水辛口」 1.8ℓ,,,draft,0.9,kumiai_okayama_detail,
4402,3219,焼酎 「真きび」 25度 1.8ℓ,,,draft,0.9,kumiai_okayama_detail,
4403,3220,清酒 三光,,,draft,0.9,kumiai_okayama_detail,
4404,3220,米焼酎 粋(すい),,,draft,0.9,kumiai_okayama_detail,
4405,3221,純米 美作（みまさか）,,,draft,0.9,kumiai_okayama_detail,
4406,3221,菩提酛純米 GOZENSHU9(NINE),,,draft,0.9,kumiai_okayama_detail,
4407,3222,作州武蔵 剣豪劇辛,,,draft,0.9,kumiai_okayama_detail,
4408,3222,作州武蔵 純米吟醸,,,draft,0.9,kumiai_okayama_detail,
4409,3223,加茂五葉 大吟醸酒,,,draft,0.9,kumiai_okayama_detail,
4410,3223,加茂五葉 生貯蔵 なま,,,draft,0.9,kumiai_okayama_detail,
4411,3224,武蔵の里 山廃酛仕込 純米酒,,,draft,0.9,kumiai_okayama_detail,
4412,3224,武蔵の里 純米原酒,,,draft,0.9,kumiai_okayama_detail,
4413,3225,秋鹿,,,draft,0.85,kumiai_osaka_detail,
4414,3226,緑一,,,draft,0.8,kumiai_osaka_detail,
4415,3227,呉春,,,draft,0.85,kumiai_osaka_detail,
4416,3228,寿盃,,,draft,0.85,kumiai_osaka_detail,
4417,3229,國乃長,,,draft,0.9,kumiai_osaka_detail,
4418,3230,清鶴,,,draft,0.9,kumiai_osaka_detail,
4419,3231,片野桜,,,draft,0.9,kumiai_osaka_detail,
4420,3232,利休梅,,,draft,0.9,kumiai_osaka_detail,
4421,3233,長龍,,,draft,0.9,kumiai_osaka_detail,
4422,3234,天野酒,,,draft,0.7,kumiai_osaka_detail,
4423,3235,元朝,,,draft,0.8,kumiai_osaka_detail,
4424,3236,三輪福,,,draft,0.85,kumiai_osaka_detail,
4425,3237,荘の郷,,,draft,0.85,kumiai_osaka_detail,
4426,3237,北,,,draft,0.85,kumiai_osaka_detail,
4427,3237,上神谷,,,draft,0.85,kumiai_osaka_detail,
4428,3237,都娘,,,draft,0.85,kumiai_osaka_detail,
4429,3238,浪花正宗,,,draft,0.75,kumiai_osaka_detail,
4430,3239,わんこ,,,draft,0.6,kumiai_osaka_detail,
4431,3240,千利休,,,draft,0.85,kumiai_osaka_detail,
4894,3440,関乃井,,,draft,0.85,kumiai_aomori_detail,
4895,3440,北勇,,,draft,0.85,kumiai_aomori_detail,
4896,3441,朔田,,,draft,0.9,kumiai_aomori_detail,
4897,3441,駒泉,,,draft,0.9,kumiai_aomori_detail,
4898,3441,作田,,,draft,0.9,kumiai_aomori_detail,
4899,3441,七力,,,draft,0.9,kumiai_aomori_detail,
4900,3442,鳩正宗,,,draft,0.8,kumiai_aomori_detail,
4901,3442,八甲田おろし,,,draft,0.8,kumiai_aomori_detail,
4902,3443,如空,,,draft,0.9,kumiai_aomori_detail,
4903,3444,桃川,,,draft,0.9,kumiai_aomori_detail,
4904,3444,ねぶた,,,draft,0.9,kumiai_aomori_detail,
4905,3444,杉玉,,,draft,0.9,kumiai_aomori_detail,
4906,3445,八鶴,,,draft,0.9,kumiai_aomori_detail,
4907,3446,陸奥男山,,,draft,0.8,kumiai_aomori_detail,
4908,3446,陸奥八仙,,,draft,0.8,kumiai_aomori_detail,
4909,3447,喜久泉,,,draft,0.9,kumiai_aomori_detail,
4910,3447,田酒,,,draft,0.9,kumiai_aomori_detail,
4911,3447,外ヶ濱,,,draft,0.9,kumiai_aomori_detail,
4912,3448,稲村屋,,,draft,0.9,kumiai_aomori_detail,
4913,3448,稲村屋文四郎,,,draft,0.9,kumiai_aomori_detail,
4914,3448,菊乃井,,,draft,0.9,kumiai_aomori_detail,
4915,3449,玉垂,,,draft,0.9,kumiai_aomori_detail,
4916,3449,亀吉,,,draft,0.9,kumiai_aomori_detail,
4917,3450,津軽じょんから,,,draft,0.9,kumiai_aomori_detail,
4918,3450,華一風,,,draft,0.9,kumiai_aomori_detail,
4919,3450,斬,,,draft,0.9,kumiai_aomori_detail,
4920,3451,豊盃,,,draft,0.75,kumiai_aomori_detail,
4921,3452,杜來,,,draft,0.7,kumiai_aomori_detail,
4922,3453,六根,,,draft,0.85,kumiai_aomori_detail,
4923,3453,麗峰,,,draft,0.85,kumiai_aomori_detail,
4924,3453,刑事,,,draft,0.85,kumiai_aomori_detail,
4925,3454,白神,,,draft,0.9,kumiai_aomori_detail,
4926,3455,安東水軍,,,draft,0.9,kumiai_aomori_detail,
4927,3455,神の座,,,draft,0.9,kumiai_aomori_detail,
4928,3455,ブナの白神,,,draft,0.9,kumiai_aomori_detail,
4929,3455,白神のしずく,,,draft,0.9,kumiai_aomori_detail,
4930,3456,六趣,,,draft,0.8,kumiai_aomori_detail,
5420,3796,高虎,,,draft,0.9,kumiai_mie_detail,
5421,3796,初わらひ,,,draft,0.9,kumiai_mie_detail,
5422,3796,晴れ娘,,,draft,0.9,kumiai_mie_detail,
5423,3796,秀峰,,,draft,0.9,kumiai_mie_detail,
5424,3796,安濃誉,,,draft,0.9,kumiai_mie_detail,
5425,3796,みさと龍神,,,draft,0.9,kumiai_mie_detail,
5426,3797,きげんよし,,,draft,0.9,kumiai_mie_detail,
5427,3797,白砂青松,,,draft,0.9,kumiai_mie_detail,
5428,3797,国ノ春,,,draft,0.9,kumiai_mie_detail,
5429,3797,初夢,,,draft,0.9,kumiai_mie_detail,
5430,3797,伊勢乃神,,,draft,0.9,kumiai_mie_detail,
5431,3798,寒紅梅,,,draft,0.9,kumiai_mie_detail,
5432,3798,白雪盛,,,draft,0.9,kumiai_mie_detail,
5433,3798,酒屋五兵衛,,,draft,0.9,kumiai_mie_detail,
5434,3798,伊勢の銘酒鬼ころし,,,draft,0.9,kumiai_mie_detail,
5435,3798,赤のれん,,,draft,0.9,kumiai_mie_detail,
5436,3798,寒紅梅しぼりたて原酒,,,draft,0.9,kumiai_mie_detail,
5437,3799,八千代,,,draft,0.9,kumiai_mie_detail,
5438,3799,福千代,,,draft,0.9,kumiai_mie_detail,
5439,3799,酒祝,,,draft,0.9,kumiai_mie_detail,
5440,3799,本醸造豊津郷なま,,,draft,0.9,kumiai_mie_detail,
5441,3800,青雲,,,draft,0.9,kumiai_mie_detail,
5442,3800,久波奈,,,draft,0.9,kumiai_mie_detail,
5443,3801,上げ馬,,,draft,0.9,kumiai_mie_detail,
5444,3801,鳳春,,,draft,0.9,kumiai_mie_detail,
5445,3801,養老山系多度鬼殺し,,,draft,0.9,kumiai_mie_detail,
5446,3801,その手は桑名の鬼殺し,,,draft,0.9,kumiai_mie_detail,
5447,3801,上げ馬名水正宗,,,draft,0.9,kumiai_mie_detail,
5448,3802,神楽,,,draft,0.9,kumiai_mie_detail,
5449,3802,天美禄,,,draft,0.9,kumiai_mie_detail,
5450,3802,酒入門,,,draft,0.9,kumiai_mie_detail,
5451,3803,噴井,,,draft,0.9,kumiai_mie_detail,
5452,3803,花の井,,,draft,0.9,kumiai_mie_detail,
5453,3803,松梅升升半升,,,draft,0.9,kumiai_mie_detail,
5454,3804,鈿女,,,draft,0.9,kumiai_mie_detail,
5455,3804,猿田彦,,,draft,0.9,kumiai_mie_detail,
5456,3804,神話物語,,,draft,0.9,kumiai_mie_detail,
5457,3804,里の華,,,draft,0.9,kumiai_mie_detail,
5458,3804,美酒工房,,,draft,0.9,kumiai_mie_detail,
5459,3804,鈿女の舞,,,draft,0.9,kumiai_mie_detail,
5460,3804,日本華,,,draft,0.9,kumiai_mie_detail,
5461,3804,夢一杯,,,draft,0.9,kumiai_mie_detail,
5462,3804,鈴鹿山麓,,,draft,0.9,kumiai_mie_detail,
5463,3805,早春,,,draft,0.9,kumiai_mie_detail,
5464,3805,田光,,,draft,0.9,kumiai_mie_detail,
5465,3806,天一,,,draft,0.9,kumiai_mie_detail,
5466,3806,天慶,,,draft,0.9,kumiai_mie_detail,
5467,3806,粋,,,draft,0.9,kumiai_mie_detail,
5468,3807,天遊琳,,,draft,0.9,kumiai_mie_detail,
5469,3807,伊勢,,,draft,0.9,kumiai_mie_detail,
5470,3807,伊勢物語,,,draft,0.9,kumiai_mie_detail,
5471,3807,伊勢の白酒,,,draft,0.9,kumiai_mie_detail,
5472,3808,三重の寒梅,,,draft,0.9,kumiai_mie_detail,
5473,3808,はま娘,,,draft,0.9,kumiai_mie_detail,
5474,3808,女このみ,,,draft,0.9,kumiai_mie_detail,
5475,3808,穂波,,,draft,0.9,kumiai_mie_detail,
5476,3808,押忍,,,draft,0.9,kumiai_mie_detail,
5477,3808,千萬,,,draft,0.9,kumiai_mie_detail,
5478,3808,桃太郎鬼ころし,,,draft,0.9,kumiai_mie_detail,
5479,3809,富士の光,,,draft,0.9,kumiai_mie_detail,
5480,3809,清鷹,,,draft,0.9,kumiai_mie_detail,
5481,3810,極上宮の雪,,,draft,0.9,kumiai_mie_detail,
5482,3810,純米酒生粋宮の雪,,,draft,0.9,kumiai_mie_detail,
5483,3810,大吟醸宮の雪,,,draft,0.9,kumiai_mie_detail,
5484,3810,特選宮の雪,,,draft,0.9,kumiai_mie_detail,
5485,3810,金鳳宮の雪,,,draft,0.9,kumiai_mie_detail,
5486,3811,鈴鹿川,,,draft,0.9,kumiai_mie_detail,
5487,3811,作,,,draft,0.9,kumiai_mie_detail,
5488,3811,大黒屋光太夫,,,draft,0.9,kumiai_mie_detail,
5489,3811,酔夢譚,,,draft,0.9,kumiai_mie_detail,
5490,3811,笙,,,draft,0.9,kumiai_mie_detail,
5491,3811,鼓,,,draft,0.9,kumiai_mie_detail,
5492,3811,絃,,,draft,0.9,kumiai_mie_detail,
5493,3811,箏,,,draft,0.9,kumiai_mie_detail,
5494,3812,夢窓,,,draft,0.9,kumiai_mie_detail,
5495,3812,一粒一滴,,,draft,0.9,kumiai_mie_detail,
5496,3812,東海千代乃松,,,draft,0.9,kumiai_mie_detail,
5497,3812,古色蒼然,,,draft,0.9,kumiai_mie_detail,
5498,3813,白米城,,,draft,0.9,kumiai_mie_detail,
5499,3813,白米城純金入祝酒,,,draft,0.9,kumiai_mie_detail,
5500,3813,農と匠の酒,,,draft,0.9,kumiai_mie_detail,
5501,3813,三重,,,draft,0.9,kumiai_mie_detail,
5502,3814,鉾杉,,,draft,0.9,kumiai_mie_detail,
5503,3814,花の宴,,,draft,0.9,kumiai_mie_detail,
5504,3815,酒屋八兵衛,,,draft,0.9,kumiai_mie_detail,
5505,3815,伊勢五十鈴川,,,draft,0.9,kumiai_mie_detail,
5506,3815,東獅子,,,draft,0.9,kumiai_mie_detail,
5507,3816,おかげさま,,,draft,0.9,kumiai_mie_detail,
5508,3816,老緑,,,draft,0.9,kumiai_mie_detail,
5509,3817,伊勢旭,,,draft,0.9,kumiai_mie_detail,
5510,3817,志摩娘,,,draft,0.9,kumiai_mie_detail,
5511,3817,吟醸兄弟酒,,,draft,0.9,kumiai_mie_detail,
5512,3817,松正宗,,,draft,0.9,kumiai_mie_detail,
5513,3818,福和蔵,,,draft,0.9,kumiai_mie_detail,
5514,3819,三重錦,,,draft,0.9,kumiai_mie_detail,
5515,3820,妙の華,,,draft,0.9,kumiai_mie_detail,
5516,3820,るみ子の酒,,,draft,0.9,kumiai_mie_detail,
5517,3820,英,,,draft,0.9,kumiai_mie_detail,
5518,3820,水月,,,draft,0.9,kumiai_mie_detail,
5519,3821,東海白鷺,,,draft,0.9,kumiai_mie_detail,
5520,3821,芭蕉紀行,,,draft,0.9,kumiai_mie_detail,
5521,3821,半蔵,,,draft,0.9,kumiai_mie_detail,
5522,3821,蔵ばやし,,,draft,0.9,kumiai_mie_detail,
5523,3821,旭達磨,,,draft,0.9,kumiai_mie_detail,
5524,3822,俳聖芭蕉,,,draft,0.75,kumiai_mie_detail,
5525,3822,御代司,,,draft,0.75,kumiai_mie_detail,
5526,3823,高砂,,,draft,0.9,kumiai_mie_detail,
5527,3823,幻影城,,,draft,0.9,kumiai_mie_detail,
5528,3823,而今,,,draft,0.9,kumiai_mie_detail,
5529,3824,天下錦,,,draft,0.9,kumiai_mie_detail,
5530,3824,水月,,,draft,0.9,kumiai_mie_detail,
5531,3825,瀧自慢,,,draft,0.9,kumiai_mie_detail,
5532,3825,名張乙女,,,draft,0.9,kumiai_mie_detail,
5533,3825,滝水流(はやせ),,,draft,0.9,kumiai_mie_detail,
5534,3826,若戎,,,draft,0.9,kumiai_mie_detail,
5535,3826,義左衛門,,,draft,0.9,kumiai_mie_detail,
5536,3826,真秀,,,draft,0.9,kumiai_mie_detail,
5537,3826,完熟酒,,,draft,0.9,kumiai_mie_detail,
5994,4108,澤乃井,,,draft,0.95,kumiai_tokyo_detail,
5995,4109,多満自慢,,,draft,0.95,kumiai_tokyo_detail,
5996,4110,嘉泉,,,draft,0.95,kumiai_tokyo_detail,
5997,4111,喜正,,,draft,0.95,kumiai_tokyo_detail,
5998,4112,千代鶴,,,draft,0.95,kumiai_tokyo_detail,
5999,4113,桑乃都,,,draft,0.95,kumiai_tokyo_detail,
6000,4114,金婚,,,draft,0.95,kumiai_tokyo_detail,
6001,4115,國府鶴,,,draft,0.95,kumiai_tokyo_detail,
6002,4116,江戸開城,,,draft,0.95,kumiai_tokyo_detail,
6003,4118,鳳桜,,,draft,0.9,kumiai_tokyo_detail,
6299,4276,甲子正宗,,,draft,0.8,kumiai_chiba_detail,
6300,4277,長命泉,,,draft,0.8,kumiai_chiba_detail,
6301,4278,旭鶴,,,draft,0.8,kumiai_chiba_detail,
6302,4279,勝鹿,,,draft,0.8,kumiai_chiba_detail,
6303,4280,松竹梅,,,draft,0.75,kumiai_chiba_detail,
6304,4281,富貴,,,draft,0.7,kumiai_chiba_detail,
6305,4282,北斎,,,draft,0.85,kumiai_chiba_detail,
6306,4283,一番札,,,draft,0.85,kumiai_chiba_detail,
6307,4284,峰の精,,,draft,0.8,kumiai_chiba_detail,
6308,4285,天乃原,,,draft,0.8,kumiai_chiba_detail,
6309,4286,吉寿,,,draft,0.8,kumiai_chiba_detail,
6310,4287,福祝,,,draft,0.8,kumiai_chiba_detail,
6311,4288,飛鶴,,,draft,0.8,kumiai_chiba_detail,
6312,4289,善次郎,,,draft,0.8,kumiai_chiba_detail,
6313,4290,東魁盛,,,draft,0.8,kumiai_chiba_detail,
6314,4291,聖泉,,,draft,0.8,kumiai_chiba_detail,
6315,4292,寿萬亀,,,draft,0.8,kumiai_chiba_detail,
6316,4293,秀楽,,,draft,0.8,kumiai_chiba_detail,
6317,4294,稲花正宗,,,draft,0.8,kumiai_chiba_detail,
6318,4295,腰古井,,,draft,0.8,kumiai_chiba_detail,
6319,4296,東灘,,,draft,0.8,kumiai_chiba_detail,
6320,4297,大多喜城,,,draft,0.8,kumiai_chiba_detail,
6321,4298,木戸泉,,,draft,0.8,kumiai_chiba_detail,
6322,4299,岩の井,,,draft,0.8,kumiai_chiba_detail,
6323,4300,梅一輪,,,draft,0.8,kumiai_chiba_detail,
6324,4301,舞桜,,,draft,0.8,kumiai_chiba_detail,
6325,4302,寒菊,,,draft,0.8,kumiai_chiba_detail,
6326,4303,花いちもんめ,,,draft,0.8,kumiai_chiba_detail,
6327,4304,銚子の誉,,,draft,0.8,kumiai_chiba_detail,
6328,4305,祥兆,,,draft,0.8,kumiai_chiba_detail,
6329,4306,富士乃友,,,draft,0.8,kumiai_chiba_detail,
6330,4308,東薫,,,draft,0.8,kumiai_chiba_detail,
6331,4309,海舟散人,,,draft,0.8,kumiai_chiba_detail,
6332,4310,五人娘,,,draft,0.8,kumiai_chiba_detail,
6333,4311,仁勇,,,draft,0.8,kumiai_chiba_detail,
6334,4312,大姫,,,draft,0.8,kumiai_chiba_detail,
6784,4612,曽我の誉,,,draft,0.95,kumiai_kanagawa_detail,
6785,4613,箱根山,,,draft,0.95,kumiai_kanagawa_detail,
6786,4614,松美酉,,,draft,0.95,kumiai_kanagawa_detail,
6787,4615,丹沢山,,,draft,0.9,kumiai_kanagawa_detail,
6788,4616,菊勇,,,draft,0.95,kumiai_kanagawa_detail,
6789,4616,雨降,,,draft,0.95,kumiai_kanagawa_detail,
6790,4617,白笹鼓,,,draft,0.9,kumiai_kanagawa_detail,
6791,4618,残草蓬萊,,,draft,0.95,kumiai_kanagawa_detail,
6792,4619,盛升,,,draft,0.95,kumiai_kanagawa_detail,
6793,4620,巖乃泉,,,draft,0.9,kumiai_kanagawa_detail,
6794,4621,相模灘,,,draft,0.95,kumiai_kanagawa_detail,
6795,4622,いづみ橋,,,draft,0.95,kumiai_kanagawa_detail,
6796,4623,天青,,,draft,0.95,kumiai_kanagawa_detail,
6955,4695,勝山,,,draft,0.65,kumiai_miyagi_detail,
6956,4695,戦勝政宗,,,draft,0.65,kumiai_miyagi_detail,
6957,4696,鳳陽,,,draft,0.65,kumiai_miyagi_detail,
6958,4697,雪の松島,,,draft,0.65,kumiai_miyagi_detail,
6959,4697,大和蔵,,,draft,0.65,kumiai_miyagi_detail,
6960,4698,宝船浪の音,,,draft,0.65,kumiai_miyagi_detail,
6961,4699,浦霞,,,draft,0.65,kumiai_miyagi_detail,
6962,4700,阿部勘,,,draft,0.65,kumiai_miyagi_detail,
6963,4700,於茂多加男山,,,draft,0.65,kumiai_miyagi_detail,
6964,4700,四季の松島,,,draft,0.65,kumiai_miyagi_detail,
6965,4701,一ノ蔵,,,draft,0.65,kumiai_miyagi_detail,
6966,4701,すず音,,,draft,0.65,kumiai_miyagi_detail,
6967,4702,伯楽星,,,draft,0.65,kumiai_miyagi_detail,
6968,4702,愛宕の松,,,draft,0.65,kumiai_miyagi_detail,
6969,4703,森泉,,,draft,0.6,kumiai_miyagi_detail,
6970,4703,もりいずみ,,,draft,0.6,kumiai_miyagi_detail,
6971,4704,真鶴,,,draft,0.65,kumiai_miyagi_detail,
6972,4704,田林,,,draft,0.65,kumiai_miyagi_detail,
6973,4705,わしが國,,,draft,0.65,kumiai_miyagi_detail,
6974,4705,山和,,,draft,0.65,kumiai_miyagi_detail,
6975,4706,黄金澤,,,draft,0.65,kumiai_miyagi_detail,
6976,4706,橘屋,,,draft,0.65,kumiai_miyagi_detail,
6977,4707,宮寒梅,,,draft,0.65,kumiai_miyagi_detail,
6978,4707,鶯咲,,,draft,0.65,kumiai_miyagi_detail,
6979,4708,天上夢幻,,,draft,0.65,kumiai_miyagi_detail,
6980,4709,栗駒山,,,draft,0.65,kumiai_miyagi_detail,
6981,4709,奥鶴,,,draft,0.65,kumiai_miyagi_detail,
6982,4710,綿屋,,,draft,0.65,kumiai_miyagi_detail,
6983,4711,萩の鶴,,,draft,0.65,kumiai_miyagi_detail,
6984,4711,日輪田,,,draft,0.65,kumiai_miyagi_detail,
6985,4712,澤乃泉,,,draft,0.65,kumiai_miyagi_detail,
6986,4713,金紋両國,,,draft,0.65,kumiai_miyagi_detail,
6987,4713,水鳥記,,,draft,0.65,kumiai_miyagi_detail,
6988,4714,蒼天伝,,,draft,0.65,kumiai_miyagi_detail,
6989,4714,気仙沼男山,,,draft,0.65,kumiai_miyagi_detail,
6990,4714,美禄,,,draft,0.65,kumiai_miyagi_detail,
6991,4715,日高見,,,draft,0.65,kumiai_miyagi_detail,
6992,4716,墨廼江,,,draft,0.6,kumiai_miyagi_detail,
6993,4716,谷風,,,draft,0.6,kumiai_miyagi_detail,
6994,4716,弁慶岬,,,draft,0.6,kumiai_miyagi_detail,
6995,4717,乾坤一,,,draft,0.65,kumiai_miyagi_detail,
6996,4718,蔵王,,,draft,0.65,kumiai_miyagi_detail,
7828,5239,常山,,,draft,0.9,kumiai_fukui_detail,
7829,5240,福千歳,,,draft,0.9,kumiai_fukui_detail,
7830,5241,越の磯,,,draft,0.9,kumiai_fukui_detail,
7831,5242,紗利,,,draft,0.9,kumiai_fukui_detail,
7832,5243,白岳仙,,,draft,0.9,kumiai_fukui_detail,
7833,5244,舞美人,,,draft,0.6,kumiai_fukui_detail,
7834,5245,北の庄,,,draft,0.9,kumiai_fukui_detail,
7835,5246,黒龍,,,draft,0.9,kumiai_fukui_detail,
7836,5246,九頭龍,,,draft,0.9,kumiai_fukui_detail,
7837,5247,越前岬,,,draft,0.9,kumiai_fukui_detail,
7838,5248,白龍,,,draft,0.9,kumiai_fukui_detail,
7839,5249,月丸,,,draft,0.9,kumiai_fukui_detail,
7840,5250,雲乃井,,,draft,0.9,kumiai_fukui_detail,
7841,5251,明乃鶴,,,draft,0.9,kumiai_fukui_detail,
7842,5252,越の鷹,,,draft,0.9,kumiai_fukui_detail,
7843,5253,富久駒,,,draft,0.9,kumiai_fukui_detail,
7844,5254,福喜久,,,draft,0.9,kumiai_fukui_detail,
7845,5255,眞名鶴,,,draft,0.9,kumiai_fukui_detail,
7846,5256,花垣,,,draft,0.9,kumiai_fukui_detail,
7847,5257,一乃谷,,,draft,0.9,kumiai_fukui_detail,
7848,5258,源平,,,draft,0.9,kumiai_fukui_detail,
7849,5259,一本義,,,draft,0.9,kumiai_fukui_detail,
7850,5260,関西,,,draft,0.9,kumiai_fukui_detail,
7851,5261,鳴り瓢,,,draft,0.9,kumiai_fukui_detail,
7852,5262,雪きらら,,,draft,0.9,kumiai_fukui_detail,
7853,5263,梵,,,draft,0.9,kumiai_fukui_detail,
7854,5264,華燭,,,draft,0.9,kumiai_fukui_detail,
7855,5265,富士乃関,,,draft,0.9,kumiai_fukui_detail,
7856,5266,飛鳥井,,,draft,0.9,kumiai_fukui_detail,
7857,5267,加茂栄,,,draft,0.9,kumiai_fukui_detail,
7858,5268,早瀬浦,,,draft,0.9,kumiai_fukui_detail,
8256,5502,五百万石,,,draft,0.9,kumiai_ibaraki_detail,
8257,5502,友寿,,,draft,0.9,kumiai_ibaraki_detail,
8258,5503,福の花,,,draft,0.9,kumiai_ibaraki_detail,
8259,5503,牡丹正宗,,,draft,0.9,kumiai_ibaraki_detail,
8260,5504,金門,,,draft,0.9,kumiai_ibaraki_detail,
8261,5505,君萬代（きみばんだい）,,,draft,0.9,kumiai_ibaraki_detail,
8262,5506,御慶事,,,draft,0.9,kumiai_ibaraki_detail,
8263,5506,十大,,,draft,0.9,kumiai_ibaraki_detail,
8264,5506,ふるさとどぶろく,,,draft,0.9,kumiai_ibaraki_detail,
8265,5507,徳正宗,,,draft,0.9,kumiai_ibaraki_detail,
8266,5507,酒丸,,,draft,0.9,kumiai_ibaraki_detail,
8267,5507,筑波の星,,,draft,0.9,kumiai_ibaraki_detail,
8268,5507,逅(めぐりあい),,,draft,0.9,kumiai_ibaraki_detail,
8269,5507,農(みのり),,,draft,0.9,kumiai_ibaraki_detail,
8270,5507,思い出桜,,,draft,0.9,kumiai_ibaraki_detail,
8271,5507,本格焼酎シェリー樽貯蔵 樽,,,draft,0.9,kumiai_ibaraki_detail,
8272,5507,乙甲混和焼酎 ピュアレディ,,,draft,0.9,kumiai_ibaraki_detail,
8273,5508,武勇,,,draft,0.9,kumiai_ibaraki_detail,
8274,5509,一人娘,,,draft,0.9,kumiai_ibaraki_detail,
8275,5510,清酒 紬美人,,,draft,0.9,kumiai_ibaraki_detail,
8276,5511,瑠璃,,,draft,0.9,kumiai_ibaraki_detail,
8277,5511,京の夢,,,draft,0.9,kumiai_ibaraki_detail,
8278,5511,富士龍,,,draft,0.9,kumiai_ibaraki_detail,
8279,5511,必勝,,,draft,0.9,kumiai_ibaraki_detail,
8280,5512,富久福,,,draft,0.9,kumiai_ibaraki_detail,
8281,5512,結ゆい,,,draft,0.9,kumiai_ibaraki_detail,
8282,5513,郷乃譽,,,draft,0.9,kumiai_ibaraki_detail,
8283,5513,山桜桃,,,draft,0.9,kumiai_ibaraki_detail,
8284,5513,霞山,,,draft,0.9,kumiai_ibaraki_detail,
8285,5513,花薫光,,,draft,0.9,kumiai_ibaraki_detail,
8286,5514,二波山松緑,,,draft,0.9,kumiai_ibaraki_detail,
8287,5515,稲里,,,draft,0.9,kumiai_ibaraki_detail,
8288,5516,精撰白菊,,,draft,0.9,kumiai_ibaraki_detail,
8289,5516,白菊大吟醸,,,draft,0.9,kumiai_ibaraki_detail,
8290,5516,純米吟醸つくばの紅梅一輪,,,draft,0.9,kumiai_ibaraki_detail,
8291,5516,柚子しらぎく,,,draft,0.9,kumiai_ibaraki_detail,
8292,5517,渡 舟(わたりぶね),,,draft,0.9,kumiai_ibaraki_detail,
8293,5517,太平海(たいへいかい),,,draft,0.9,kumiai_ibaraki_detail,
8294,5518,男女川(みなのがわ),,,draft,0.9,kumiai_ibaraki_detail,
8295,5518,すてら,,,draft,0.9,kumiai_ibaraki_detail,
8296,5518,神仙,,,draft,0.9,kumiai_ibaraki_detail,
8297,5519,霧筑波,,,draft,0.9,kumiai_ibaraki_detail,
8298,5519,知可良,,,draft,0.9,kumiai_ibaraki_detail,
8299,5519,福笑,,,draft,0.9,kumiai_ibaraki_detail,
8300,5520,来福,,,draft,0.9,kumiai_ibaraki_detail,
8301,5521,公明,,,draft,0.9,kumiai_ibaraki_detail,
8302,5522,花の井,,,draft,0.9,kumiai_ibaraki_detail,
8303,5522,ふるさとさくら,,,draft,0.9,kumiai_ibaraki_detail,
8304,5522,明笑輝,,,draft,0.9,kumiai_ibaraki_detail,
8305,5523,一品,,,draft,0.9,kumiai_ibaraki_detail,
8306,5523,百歳,,,draft,0.9,kumiai_ibaraki_detail,
8307,5524,月の井,,,draft,0.9,kumiai_ibaraki_detail,
8308,5525,副将軍,,,draft,0.9,kumiai_ibaraki_detail,
8309,5525,漫遊記,,,draft,0.9,kumiai_ibaraki_detail,
8310,5525,百年梅酒,,,draft,0.9,kumiai_ibaraki_detail,
8311,5526,菊盛(きくさかり),,,draft,0.9,kumiai_ibaraki_detail,
8312,5527,清酒 松盛(まつざかり),,,draft,0.9,kumiai_ibaraki_detail,
8313,5527,本格焼酎 よかっぺ,,,draft,0.9,kumiai_ibaraki_detail,
8314,5527,梅酒 西山の里,,,draft,0.9,kumiai_ibaraki_detail,
8315,5528,剛烈,,,draft,0.9,kumiai_ibaraki_detail,
8316,5529,光圀,,,draft,0.9,kumiai_ibaraki_detail,
8317,5529,千姫,,,draft,0.9,kumiai_ibaraki_detail,
8318,5529,朝日正宗,,,draft,0.9,kumiai_ibaraki_detail,
8319,5529,常陸姫,,,draft,0.9,kumiai_ibaraki_detail,
8320,5529,本格焼酎千姫,,,draft,0.9,kumiai_ibaraki_detail,
8321,5529,常陸ワイン,,,draft,0.9,kumiai_ibaraki_detail,
8322,5530,家久長,,,draft,0.9,kumiai_ibaraki_detail,
8323,5531,久慈の山,,,draft,0.9,kumiai_ibaraki_detail,
8324,5532,日乃出鶴,,,draft,0.9,kumiai_ibaraki_detail,
8325,5532,里美人,,,draft,0.9,kumiai_ibaraki_detail,
8326,5533,玉の雫,,,draft,0.9,kumiai_ibaraki_detail,
8327,5533,恵泉,,,draft,0.9,kumiai_ibaraki_detail,
8328,5533,多賀錦,,,draft,0.9,kumiai_ibaraki_detail,
8329,5534,富士大観（ふじたいかん）,,,draft,0.9,kumiai_ibaraki_detail,
8330,5535,二人舞台,,,draft,0.9,kumiai_ibaraki_detail,
8331,5536,富久心(ふくごころ),,,draft,0.9,kumiai_ibaraki_detail,
8350,5569,桜顔,,,draft,0.9,kumiai_iwate_detail,
8351,5570,浜娘,,,draft,0.9,kumiai_iwate_detail,
8352,5570,AKABU,,,draft,0.9,kumiai_iwate_detail,
8353,5571,菊の司,,,draft,0.9,kumiai_iwate_detail,
8354,5571,七福神,,,draft,0.9,kumiai_iwate_detail,
8355,5572,鷲の尾,,,draft,0.9,kumiai_iwate_detail,
8356,5573,月の輪,,,draft,0.9,kumiai_iwate_detail,
8357,5574,廣喜,,,draft,0.9,kumiai_iwate_detail,
8358,5575,吾妻嶺,,,draft,0.9,kumiai_iwate_detail,
8359,5576,堀の井,,,draft,0.9,kumiai_iwate_detail,
8360,5577,喜久盛,,,draft,0.9,kumiai_iwate_detail,
8361,5577,鬼剣舞,,,draft,0.9,kumiai_iwate_detail,
8362,5577,タクシードライバー,,,draft,0.9,kumiai_iwate_detail,
8363,5578,南部関,,,draft,0.9,kumiai_iwate_detail,
8364,5579,岩手誉,,,draft,0.9,kumiai_iwate_detail,
8365,5579,玉の春,,,draft,0.9,kumiai_iwate_detail,
8366,5579,天瓢,,,draft,0.9,kumiai_iwate_detail,
8367,5580,世嬉の一,,,draft,0.9,kumiai_iwate_detail,
8368,5581,磐乃井,,,draft,0.9,kumiai_iwate_detail,
8369,5582,酔仙,,,draft,0.85,kumiai_iwate_detail,
8370,5582,雪っこ,,,draft,0.85,kumiai_iwate_detail,
8371,5583,浜千鳥,,,draft,0.9,kumiai_iwate_detail,
8372,5584,国華,,,draft,0.9,kumiai_iwate_detail,
8373,5585,千両男山,,,draft,0.9,kumiai_iwate_detail,
8374,5586,龍泉八重桜,,,draft,0.9,kumiai_iwate_detail,
8375,5587,福来,,,draft,0.9,kumiai_iwate_detail,
8376,5588,南部美人,,,draft,0.9,kumiai_iwate_detail,
8377,5589,ふわふわ。純米吟醸酒,,,draft,0.9,kumiai_kagawa_detail,
8378,5589,ふふふ。吟醸酒,,,draft,0.9,kumiai_kagawa_detail,
8379,5589,うとうと。純米酒,,,draft,0.9,kumiai_kagawa_detail,
8380,5589,びびび。本醸造,,,draft,0.9,kumiai_kagawa_detail,
8381,5589,春の光,,,draft,0.9,kumiai_kagawa_detail,
8382,5589,はちはち 純米酒,,,draft,0.9,kumiai_kagawa_detail,
8383,5589,ホシガジョウノソラ,,,draft,0.9,kumiai_kagawa_detail,
8384,5589,至宝 森,,,draft,0.9,kumiai_kagawa_detail,
8385,5590,純米大吟醸,,,draft,0.95,kumiai_kagawa_detail,
8386,5590,大吟醸 国重,,,draft,0.95,kumiai_kagawa_detail,
8387,5590,大吟醸 重陽,,,draft,0.95,kumiai_kagawa_detail,
8388,5590,国重シリーズ,,,draft,0.95,kumiai_kagawa_detail,
8389,5590,樫樽貯蔵 讃岐の米焼酎 空海の道,,,draft,0.95,kumiai_kagawa_detail,
8390,5590,ゆず酒,,,draft,0.95,kumiai_kagawa_detail,
8391,5590,かりん酒,,,draft,0.95,kumiai_kagawa_detail,
8392,5591,勇心 純米吟醸9号,,,draft,0.9,kumiai_kagawa_detail,
8393,5591,勇心 純米吟醸14号,,,draft,0.9,kumiai_kagawa_detail,
8394,5591,勇心 純米 山田錦80,,,draft,0.9,kumiai_kagawa_detail,
8395,5591,勇心 純米 おいでまい,,,draft,0.9,kumiai_kagawa_detail,
8396,5591,勇心 純米大吟醸 生酒,,,draft,0.9,kumiai_kagawa_detail,
8397,5592,凱陣,,,draft,0.85,kumiai_kagawa_detail,
8398,5593,煌金陵 純米大吟醸,,,draft,0.95,kumiai_kagawa_detail,
8399,5593,超金陵 大吟醸,,,draft,0.95,kumiai_kagawa_detail,
8400,5593,金陵瀬戸内オリーブ純米吟醸,,,draft,0.95,kumiai_kagawa_detail,
8401,5593,純米大吟醸 大瀬戸の花嫁,,,draft,0.95,kumiai_kagawa_detail,
8402,5593,NIPPON COLORSシリーズ,,,draft,0.95,kumiai_kagawa_detail,
8403,5594,川鶴 吉祥翔鶴,,,draft,0.95,kumiai_kagawa_detail,
8404,5594,川鶴 純米大吟醸,,,draft,0.95,kumiai_kagawa_detail,
8405,5594,川鶴 艶鶴シリーズ,,,draft,0.95,kumiai_kagawa_detail,
8406,5594,川鶴 讃岐くらうでぃ,,,draft,0.95,kumiai_kagawa_detail,
8407,5594,川鶴 上撰,,,draft,0.95,kumiai_kagawa_detail,
8408,5594,川鶴 金印,,,draft,0.95,kumiai_kagawa_detail,
8409,5594,川鶴 炙りいりこ酒,,,draft,0.95,kumiai_kagawa_detail,
8410,5594,川鶴 伝承シリーズ,,,draft,0.95,kumiai_kagawa_detail,
8701,5779,春鹿,,,draft,0.9,kumiai_nara_detail,
8702,5780,豊祝,,,draft,0.9,kumiai_nara_detail,
8703,5781,金嶽,,,draft,0.9,kumiai_nara_detail,
8704,5782,嬉長,,,draft,0.9,kumiai_nara_detail,
8705,5783,菊司,,,draft,0.9,kumiai_nara_detail,
8706,5784,山鶴,,,draft,0.9,kumiai_nara_detail,
8707,5785,黒松稲天,,,draft,0.9,kumiai_nara_detail,
8708,5786,大和郡山,,,draft,0.9,kumiai_nara_detail,
8709,5786,中谷,,,draft,0.9,kumiai_nara_detail,
8710,5787,御代菊,,,draft,0.9,kumiai_nara_detail,
8711,5788,出世男,,,draft,0.9,kumiai_nara_detail,
8712,5789,歓喜光,,,draft,0.9,kumiai_nara_detail,
8713,5790,金鼓,,,draft,0.9,kumiai_nara_detail,
8714,5791,梅乃宿,,,draft,0.9,kumiai_nara_detail,
8715,5792,吉野杉の樽酒,,,draft,0.9,kumiai_nara_detail,
8716,5793,風の森,,,draft,0.9,kumiai_nara_detail,
8717,5793,鷹長,,,draft,0.9,kumiai_nara_detail,
8718,5793,水端,,,draft,0.9,kumiai_nara_detail,
8719,5794,百楽門,,,draft,0.9,kumiai_nara_detail,
8720,5795,櫛羅,,,draft,0.9,kumiai_nara_detail,
8721,5796,松の友,,,draft,0.9,kumiai_nara_detail,
8722,5797,五神,,,draft,0.9,kumiai_nara_detail,
8723,5798,みむろ杉,,,draft,0.9,kumiai_nara_detail,
8724,5798,三諸杉,,,draft,0.9,kumiai_nara_detail,
8725,5798,今西,,,draft,0.9,kumiai_nara_detail,
8726,5799,談山,,,draft,0.75,kumiai_nara_detail,
8727,5800,千代乃松,,,draft,0.9,kumiai_nara_detail,
8728,5801,初霞,,,draft,0.9,kumiai_nara_detail,
8729,5802,猩々,,,draft,0.9,kumiai_nara_detail,
8730,5803,八咫烏,,,draft,0.9,kumiai_nara_detail,
8731,5804,万代老松,,,draft,0.9,kumiai_nara_detail,
9073,5982,浅茅生,,,draft,0.95,kumiai_shiga_detail,
9074,5983,浪乃音,,,draft,0.95,kumiai_shiga_detail,
9075,5984,道灌,,,draft,0.95,kumiai_shiga_detail,
9076,5985,天井川,,,draft,0.95,kumiai_shiga_detail,
9077,5986,御代栄,,,draft,0.95,kumiai_shiga_detail,
9078,5987,神開,,,draft,0.95,kumiai_shiga_detail,
9079,5988,美冨久,,,draft,0.95,kumiai_shiga_detail,
9080,5989,笑四季,,,draft,0.95,kumiai_shiga_detail,
9081,5990,初桜,,,draft,0.6,kumiai_shiga_detail,
9082,5991,貴生娘,,,draft,0.95,kumiai_shiga_detail,
9083,5992,春乃峰,,,draft,0.95,kumiai_shiga_detail,
9084,5993,忍者,,,draft,0.95,kumiai_shiga_detail,
9085,5994,寿々兜,,,draft,0.95,kumiai_shiga_detail,
9086,5995,松の司,,,draft,0.95,kumiai_shiga_detail,
9087,5996,鈴正宗,,,draft,0.9,kumiai_shiga_detail,
9088,5997,大治郎,,,draft,0.95,kumiai_shiga_detail,
9089,5998,喜楽長,,,draft,0.95,kumiai_shiga_detail,
9090,5999,薄桜,,,draft,0.6,kumiai_shiga_detail,
9091,6000,一博,,,draft,0.9,kumiai_shiga_detail,
9092,6001,多賀,,,draft,0.95,kumiai_shiga_detail,
9093,6002,金亀,,,draft,0.95,kumiai_shiga_detail,
9094,6003,旭日,,,draft,0.6,kumiai_shiga_detail,
9095,6004,湖濱,,,draft,0.95,kumiai_shiga_detail,
9096,6005,七本鎗,,,draft,0.95,kumiai_shiga_detail,
9097,6006,北國街道,,,draft,0.95,kumiai_shiga_detail,
9098,6007,竹生嶋,,,draft,0.95,kumiai_shiga_detail,
9099,6008,琵琶の長寿,,,draft,0.95,kumiai_shiga_detail,
9100,6009,松の花,,,draft,0.95,kumiai_shiga_detail,
9101,6010,不老泉,,,draft,0.95,kumiai_shiga_detail,
9102,6011,萩乃露,,,draft,0.95,kumiai_shiga_detail,
9141,6052,今小町,,,draft,0.9,kumiai_tokushima_detail,
9152,6070,黒部峡,,,draft,0.6,kumiai_toyama_detail,
9153,6071,幻の瀧,,,draft,0.9,kumiai_toyama_detail,
9154,6072,銀盤,,,draft,0.9,kumiai_toyama_detail,
9155,6073,北洋,,,draft,0.9,kumiai_toyama_detail,
9156,6074,千代鶴,,,draft,0.9,kumiai_toyama_detail,
9157,6075,IWA 5,,,draft,0.9,kumiai_toyama_detail,
9158,6076,満寿泉,,,draft,0.9,kumiai_toyama_detail,
9159,6077,富美菊,,,draft,0.9,kumiai_toyama_detail,
9160,6078,よしのとも,,,draft,0.9,kumiai_toyama_detail,
9161,6079,風の盆,,,draft,0.9,kumiai_toyama_detail,
9162,6080,おわら娘,,,draft,0.9,kumiai_toyama_detail,
9163,6081,曙,,,draft,0.9,kumiai_toyama_detail,
9164,6082,勝駒,,,draft,0.9,kumiai_toyama_detail,
9165,6083,立山,,,draft,0.9,kumiai_toyama_detail,
9166,6084,若鶴,,,draft,0.9,kumiai_toyama_detail,
9167,6085,太刀山,,,draft,0.9,kumiai_toyama_detail,
9168,6086,北一,,,draft,0.9,kumiai_toyama_detail,
9169,6087,若駒,,,draft,0.9,kumiai_toyama_detail,
9170,6088,成政,,,draft,0.9,kumiai_toyama_detail,
9171,6089,三笑楽,,,draft,0.9,kumiai_toyama_detail,
9396,6160,谷桜,,,draft,0.9,kumiai_yamanashi_detail,
9397,6160,純米大吟醸生酒 古銭屋の酒,,,draft,0.9,kumiai_yamanashi_detail,
9398,6160,サクラサクラ,,,draft,0.9,kumiai_yamanashi_detail,
9399,6160,純米酒 櫻舞,,,draft,0.9,kumiai_yamanashi_detail,
9400,6160,本醸造 櫻守,,,draft,0.9,kumiai_yamanashi_detail,
9401,6161,青煌,,,draft,0.9,kumiai_yamanashi_detail,
9402,6161,武の井,,,draft,0.9,kumiai_yamanashi_detail,
9403,6161,八ヶ岳の舞,,,draft,0.9,kumiai_yamanashi_detail,
9404,6161,太陽の恵み。,,,draft,0.9,kumiai_yamanashi_detail,
9405,6162,甲斐男山,,,draft,0.9,kumiai_yamanashi_detail,
9406,6162,巫女の舞,,,draft,0.9,kumiai_yamanashi_detail,
9407,6162,お館様,,,draft,0.9,kumiai_yamanashi_detail,
9408,6163,福徳長 米だけのす～っと飲めてやさしいお酒,,,draft,0.75,kumiai_yamanashi_detail,
9409,6163,蔵人のかくし酒,,,draft,0.75,kumiai_yamanashi_detail,
9410,6163,福徳長 米だけの酒,,,draft,0.75,kumiai_yamanashi_detail,
9411,6163,蔵人の譽,,,draft,0.75,kumiai_yamanashi_detail,
9412,6164,七賢,,,draft,0.85,kumiai_yamanashi_detail,
9413,6164,純米吟醸 天鵞絨の味,,,draft,0.85,kumiai_yamanashi_detail,
9414,6164,純米大吟醸 大中屋 斗瓶囲い,,,draft,0.85,kumiai_yamanashi_detail,
9415,6164,七賢スパークリング 杜ノ奏,,,draft,0.85,kumiai_yamanashi_detail,
9416,6165,榊正宗,,,draft,0.7,kumiai_yamanashi_detail,
9417,6166,太冠,,,draft,0.75,kumiai_yamanashi_detail,
9418,6166,太冠 大吟醸,,,draft,0.75,kumiai_yamanashi_detail,
9419,6166,太冠 スパークリング,,,draft,0.75,kumiai_yamanashi_detail,
9420,6167,春鶯囀,,,draft,0.9,kumiai_yamanashi_detail,
9421,6167,春鶯囀 純米酒 鷹座巣,,,draft,0.9,kumiai_yamanashi_detail,
9422,6167,春鶯囀のかもさるゝ蔵,,,draft,0.9,kumiai_yamanashi_detail,
9423,6168,本格焼酎 紫芋 黒力,,,draft,0.6,kumiai_yamanashi_detail,
9424,6168,南蛮鬼ごろし,,,draft,0.6,kumiai_yamanashi_detail,
9425,6168,吟大陸,,,draft,0.6,kumiai_yamanashi_detail,
9426,6169,櫂,,,draft,0.85,kumiai_yamanashi_detail,
9427,6169,六波,,,draft,0.85,kumiai_yamanashi_detail,
9428,6169,567(みろく),,,draft,0.85,kumiai_yamanashi_detail,
9429,6169,養老,,,draft,0.85,kumiai_yamanashi_detail,
9430,6169,玉笹,,,draft,0.85,kumiai_yamanashi_detail,
9431,6170,笹一,,,draft,0.8,kumiai_yamanashi_detail,
9432,6170,旦,,,draft,0.8,kumiai_yamanashi_detail,
9433,6171,甲斐の開運,,,draft,0.75,kumiai_yamanashi_detail,
9434,6171,甲斐の開運 雪解流,,,draft,0.75,kumiai_yamanashi_detail,
9435,6172,薩州正宗,,,draft,0.9,kagoshima_hamadasyuzou,
9436,6173,黎明,,,draft,0.95,okinawa_taikokushuzo,
9925,6527,清嘹,,,draft,0.9,kumiai_gunma_detail,
9926,6527,町田酒造,,,draft,0.9,kumiai_gunma_detail,
9927,6528,桂川,,,draft,0.9,kumiai_gunma_detail,
9928,6528,結人,,,draft,0.9,kumiai_gunma_detail,
9929,6529,かんとうのはな,,,draft,0.9,kumiai_gunma_detail,
9930,6529,聖,,,draft,0.9,kumiai_gunma_detail,
9931,6530,不盡泉,,,draft,0.85,kumiai_gunma_detail,
9932,6532,大盃,,,draft,0.9,kumiai_gunma_detail,
9933,6532,榛名山,,,draft,0.9,kumiai_gunma_detail,
9934,6532,夢二ものがたり,,,draft,0.9,kumiai_gunma_detail,
9935,6533,船尾瀧,,,draft,0.85,kumiai_gunma_detail,
9936,6533,霧の榛名,,,draft,0.85,kumiai_gunma_detail,
9937,6535,巖,,,draft,0.9,kumiai_gunma_detail,
9938,6535,上州の寒梅,,,draft,0.9,kumiai_gunma_detail,
9939,6535,十代目作右衛門,,,draft,0.9,kumiai_gunma_detail,
9940,6535,勝運当選,,,draft,0.9,kumiai_gunma_detail,
9941,6536,流輝,,,draft,0.85,kumiai_gunma_detail,
9942,6536,當選,,,draft,0.85,kumiai_gunma_detail,
9943,6536,手造りとうせん,,,draft,0.85,kumiai_gunma_detail,
9944,6536,芳樹,,,draft,0.85,kumiai_gunma_detail,
9945,6536,都初雪,,,draft,0.85,kumiai_gunma_detail,
9946,6536,平井城,,,draft,0.85,kumiai_gunma_detail,
9947,6537,鳳凰聖徳,,,draft,0.9,kumiai_gunma_detail,
9948,6537,城下町小幡,,,draft,0.9,kumiai_gunma_detail,
9949,6537,妙義山,,,draft,0.9,kumiai_gunma_detail,
9950,6538,秘幻,,,draft,0.9,kumiai_gunma_detail,
9951,6538,浅間山,,,draft,0.9,kumiai_gunma_detail,
9952,6538,草津節,,,draft,0.9,kumiai_gunma_detail,
9953,6538,浅間正宗,,,draft,0.9,kumiai_gunma_detail,
9954,6539,貴娘,,,draft,0.9,kumiai_gunma_detail,
9955,6539,咲耶美,,,draft,0.9,kumiai_gunma_detail,
9956,6539,牧水の詩,,,draft,0.9,kumiai_gunma_detail,
9957,6539,風の詩,,,draft,0.9,kumiai_gunma_detail,
9958,6540,譽國光,,,draft,0.9,kumiai_gunma_detail,
9959,6540,土田,,,draft,0.9,kumiai_gunma_detail,
9960,6541,左大臣,,,draft,0.9,kumiai_gunma_detail,
9961,6541,沼田城,,,draft,0.9,kumiai_gunma_detail,
9962,6541,尾瀬の雫,,,draft,0.9,kumiai_gunma_detail,
9963,6541,花一匁,,,draft,0.9,kumiai_gunma_detail,
9964,6541,奥利根紀行,,,draft,0.9,kumiai_gunma_detail,
9965,6542,水芭蕉,,,draft,0.9,kumiai_gunma_detail,
9966,6542,谷川岳,,,draft,0.9,kumiai_gunma_detail,
9967,6543,利根錦,,,draft,0.9,kumiai_gunma_detail,
9968,6543,八木節,,,draft,0.9,kumiai_gunma_detail,
9969,6543,尾瀬のあわ雪,,,draft,0.9,kumiai_gunma_detail,
9970,6543,天狗の里,,,draft,0.9,kumiai_gunma_detail,
9971,6543,玉原,,,draft,0.9,kumiai_gunma_detail,
9972,6544,赤城山,,,draft,0.9,kumiai_gunma_detail,
9973,6545,分福,,,draft,0.9,kumiai_gunma_detail,
9974,6547,SAKAEMASU,,,draft,0.9,kumiai_gunma_detail,
9975,6547,KIYOMIZU,,,draft,0.9,kumiai_gunma_detail,
9976,6548,光東,,,draft,0.9,kumiai_gunma_detail,
9977,6548,利根川育ち,,,draft,0.9,kumiai_gunma_detail,
9978,6549,日本誉,,,draft,0.9,kumiai_gunma_detail,
9979,6549,太平記の里,,,draft,0.9,kumiai_gunma_detail,
9980,6549,誠の心,,,draft,0.9,kumiai_gunma_detail,
9981,6550,群馬泉,,,draft,0.9,kumiai_gunma_detail,
9982,6550,淡緑,,,draft,0.9,kumiai_gunma_detail,
9983,6550,淡雪草,,,draft,0.9,kumiai_gunma_detail,
9984,6555,宝川,,,draft,0.9,kumiai_hokkaido_detail,
9985,6556,千歳鶴,,,draft,0.9,kumiai_hokkaido_detail,
9986,6557,國稀,,,draft,0.9,kumiai_hokkaido_detail,
9987,6558,北の錦,,,draft,0.9,kumiai_hokkaido_detail,
9988,6560,国士無双,,,draft,0.9,kumiai_hokkaido_detail,
9989,6565,福司,,,draft,0.9,kumiai_hokkaido_detail,
9990,6566,北の勝,,,draft,0.8,kumiai_hokkaido_detail,
10240,6740,美丈夫,,,draft,0.8,kumiai_kochi_detail,
10241,6740,夢許,,,draft,0.8,kumiai_kochi_detail,
10242,6740,純麗たまラベル,,,draft,0.8,kumiai_kochi_detail,
10243,6740,ゆずしゅわっ!!,,,draft,0.8,kumiai_kochi_detail,
10244,6741,南,,,draft,0.8,kumiai_kochi_detail,
10245,6741,玉の井,,,draft,0.8,kumiai_kochi_detail,
10246,6742,土佐鶴,,,draft,0.7,kumiai_kochi_detail,
10247,6743,菊水,,,draft,0.75,kumiai_kochi_detail,
10248,6743,四万十川,,,draft,0.75,kumiai_kochi_detail,
10249,6743,龍馬,,,draft,0.75,kumiai_kochi_detail,
10250,6744,安芸虎,,,draft,0.85,kumiai_kochi_detail,
10251,6745,土佐しらぎく,,,draft,0.85,kumiai_kochi_detail,
10252,6745,土佐深海,,,draft,0.85,kumiai_kochi_detail,
10253,6745,美潮,,,draft,0.85,kumiai_kochi_detail,
10254,6746,豊能梅,,,draft,0.7,kumiai_kochi_detail,
10255,6746,土佐金蔵,,,draft,0.7,kumiai_kochi_detail,
10256,6747,文佳人,,,draft,0.6,kumiai_kochi_detail,
10257,6748,松翁,,,draft,0.8,kumiai_kochi_detail,
10258,6748,土陽正宗,,,draft,0.8,kumiai_kochi_detail,
10259,6748,山田太鼓,,,draft,0.8,kumiai_kochi_detail,
10260,6749,桂月,,,draft,0.8,kumiai_kochi_detail,
10261,6750,酔鯨,,,draft,0.85,kumiai_kochi_detail,
10262,6751,山に雲が,,,draft,0.8,kumiai_kochi_detail,
10263,6752,瀧嵐,,,draft,0.8,kumiai_kochi_detail,
10264,6752,仁淀川,,,draft,0.8,kumiai_kochi_detail,
10265,6753,亀泉,,,draft,0.8,kumiai_kochi_detail,
10266,6754,司牡丹,,,draft,0.75,kumiai_kochi_detail,
10267,6754,船中八策,,,draft,0.75,kumiai_kochi_detail,
10268,6754,豊麗,,,draft,0.75,kumiai_kochi_detail,
10269,6755,純平,,,draft,0.85,kumiai_kochi_detail,
10270,6755,雪柳,,,draft,0.85,kumiai_kochi_detail,
10271,6756,四万十,,,draft,0.75,kumiai_kochi_detail,
10272,6756,KIRAMEKI,,,draft,0.75,kumiai_kochi_detail,
10273,6756,SILVER,,,draft,0.75,kumiai_kochi_detail,
10274,6756,HANAYAGI,,,draft,0.75,kumiai_kochi_detail,
10275,6757,無手無冠,,,draft,0.8,kumiai_kochi_detail,
10276,6757,千代登,,,draft,0.8,kumiai_kochi_detail,
10277,6758,藤娘,,,draft,0.8,kumiai_kochi_detail,
10278,6759,香露,,,draft,0.85,kumiai_kumamoto_detail,
10279,6760,瑞鷹,,,draft,0.95,kumiai_kumamoto_detail,
10280,6760,崇薫,,,draft,0.95,kumiai_kumamoto_detail,
10281,6761,蛍丸,,,draft,0.95,kumiai_kumamoto_detail,
10282,6762,花の香,,,draft,0.95,kumiai_kumamoto_detail,
10283,6762,桜花,,,draft,0.95,kumiai_kumamoto_detail,
10284,6763,千代の園,,,draft,0.95,kumiai_kumamoto_detail,
10285,6764,美少年,,,draft,0.75,kumiai_kumamoto_detail,
10286,6764,清夜,,,draft,0.75,kumiai_kumamoto_detail,
10287,6764,菊池,,,draft,0.75,kumiai_kumamoto_detail,
10288,6765,霊山,,,draft,0.95,kumiai_kumamoto_detail,
10289,6765,れいざん,,,draft,0.95,kumiai_kumamoto_detail,
10290,6766,花雪,,,draft,0.9,kumiai_kumamoto_detail,
10291,6766,一本〆,,,draft,0.9,kumiai_kumamoto_detail,
10292,6767,和田志ら露,,,draft,0.85,kumiai_kumamoto_detail,
10293,6768,亀萬,,,draft,0.95,kumiai_kumamoto_detail,
10494,6864,園の露,,,draft,0.85,kumiai_miyazaki_detail,
10495,6865,藤の露,,,draft,0.5,kumiai_miyazaki_detail,
10496,6866,日向あくがれ,,,draft,0.5,kumiai_miyazaki_detail,
10497,6866,日向あくがれ14°,,,draft,0.5,kumiai_miyazaki_detail,
10498,6866,東郷大地の夢,,,draft,0.5,kumiai_miyazaki_detail,
10499,6867,天の刻印,,,draft,0.85,kumiai_miyazaki_detail,
10500,6867,亮天白麹,,,draft,0.85,kumiai_miyazaki_detail,
10501,6867,銀の水,,,draft,0.85,kumiai_miyazaki_detail,
10502,6868,千徳純米酒,,,draft,0.95,kumiai_miyazaki_detail,
10503,6868,夢の中まで,,,draft,0.95,kumiai_miyazaki_detail,
10504,6868,はなかぐら,,,draft,0.95,kumiai_miyazaki_detail,
10505,6869,逢初,,,draft,0.5,kumiai_miyazaki_detail,
10506,6869,正春,,,draft,0.5,kumiai_miyazaki_detail,
10507,6869,うめにゃん,,,draft,0.5,kumiai_miyazaki_detail,
10508,6870,月の中,,,draft,0.85,kumiai_miyazaki_detail,
10509,6870,三段じこみ,,,draft,0.85,kumiai_miyazaki_detail,
10510,6870,妻,,,draft,0.85,kumiai_miyazaki_detail,
10511,6871,㐂六,,,draft,0.5,kumiai_miyazaki_detail,
10512,6871,中々,,,draft,0.5,kumiai_miyazaki_detail,
10513,6871,野うさぎの走り,,,draft,0.5,kumiai_miyazaki_detail,
10514,6872,一刻者,,,draft,0.85,kumiai_miyazaki_detail,
10515,6872,ISAINA,,,draft,0.85,kumiai_miyazaki_detail,
10516,6872,よかいち,,,draft,0.85,kumiai_miyazaki_detail,
10517,6873,山ねこ,,,draft,0.5,kumiai_miyazaki_detail,
10518,6873,山猿,,,draft,0.5,kumiai_miyazaki_detail,
10519,6873,山翡翠,,,draft,0.5,kumiai_miyazaki_detail,
10520,6874,山猪,,,draft,0.5,kumiai_miyazaki_detail,
10521,6874,山雀,,,draft,0.5,kumiai_miyazaki_detail,
10522,6874,伝須木,,,draft,0.5,kumiai_miyazaki_detail,
10523,6875,牧場の櫻,,,draft,0.5,kumiai_miyazaki_detail,
10524,6876,明月,,,draft,0.85,kumiai_miyazaki_detail,
10525,6876,明月プレミアムホワイト,,,draft,0.85,kumiai_miyazaki_detail,
10526,6876,？ないな,,,draft,0.85,kumiai_miyazaki_detail,
10527,6877,みやこざくら,,,draft,0.7,kumiai_miyazaki_detail,
10528,6877,優咲,,,draft,0.7,kumiai_miyazaki_detail,
10529,6877,大浦の玄米焼酎,,,draft,0.7,kumiai_miyazaki_detail,
10530,6878,青鹿毛,,,draft,0.85,kumiai_miyazaki_detail,
10531,6878,赤鹿毛,,,draft,0.85,kumiai_miyazaki_detail,
10532,6878,駒,,,draft,0.85,kumiai_miyazaki_detail,
10533,6879,黒霧島,,,draft,0.85,kumiai_miyazaki_detail,
10534,6879,KIRISHIMA No.8,,,draft,0.85,kumiai_miyazaki_detail,
10535,6879,SUZUKIRISHIMA,,,draft,0.85,kumiai_miyazaki_detail,
10536,6880,白麹旭萬年,,,draft,0.5,kumiai_miyazaki_detail,
10537,6880,黒麹旭萬年,,,draft,0.5,kumiai_miyazaki_detail,
10538,6880,麦麦旭万年,,,draft,0.5,kumiai_miyazaki_detail,
10539,6881,川越,,,draft,0.85,kumiai_miyazaki_detail,
10540,6881,金の露,,,draft,0.85,kumiai_miyazaki_detail,
10541,6881,赤とんぼの詩,,,draft,0.85,kumiai_miyazaki_detail,
10542,6882,赤江,,,draft,0.85,kumiai_miyazaki_detail,
10543,6882,竈猫,,,draft,0.85,kumiai_miyazaki_detail,
10544,6882,山吹の里,,,draft,0.85,kumiai_miyazaki_detail,
10545,6883,木挽BLUE,,,draft,0.85,kumiai_miyazaki_detail,
10546,6883,いいともBLUE,,,draft,0.85,kumiai_miyazaki_detail,
10547,6883,久蔵,,,draft,0.85,kumiai_miyazaki_detail,
10548,6884,杜氏潤平,,,draft,0.85,kumiai_miyazaki_detail,
10549,6884,紅芋原酒,,,draft,0.85,kumiai_miyazaki_detail,
10550,6884,紅芋華どり,,,draft,0.85,kumiai_miyazaki_detail,
10551,6885,献上銀滴,,,draft,0.85,kumiai_miyazaki_detail,
10552,6885,あくのくろぶか,,,draft,0.85,kumiai_miyazaki_detail,
10553,6885,銭にあらず,,,draft,0.85,kumiai_miyazaki_detail,
10554,6886,かね京かんろ,,,draft,0.8,kumiai_miyazaki_detail,
10555,6886,麦笛,,,draft,0.8,kumiai_miyazaki_detail,
10556,6886,甕雫,,,draft,0.8,kumiai_miyazaki_detail,
10557,6887,黒麹平蔵,,,draft,0.5,kumiai_miyazaki_detail,
10558,6887,平蔵（麦）,,,draft,0.5,kumiai_miyazaki_detail,
10559,6887,平蔵ゴールド,,,draft,0.5,kumiai_miyazaki_detail,
10560,6888,八重桜いも,,,draft,0.85,kumiai_miyazaki_detail,
10561,6888,手づくり,,,draft,0.85,kumiai_miyazaki_detail,
10562,6888,郷酒,,,draft,0.85,kumiai_miyazaki_detail,
10563,6889,松の露,,,draft,0.85,kumiai_miyazaki_detail,
10564,6889,匠蔵,,,draft,0.85,kumiai_miyazaki_detail,
10565,6889,酒谷川,,,draft,0.85,kumiai_miyazaki_detail,
10566,6890,黒麹日南娘,,,draft,0.85,kumiai_miyazaki_detail,
10567,6890,日南娘,,,draft,0.85,kumiai_miyazaki_detail,
10568,6890,銀の星,,,draft,0.85,kumiai_miyazaki_detail,
10569,6891,爽 飫肥杉,,,draft,0.85,kumiai_miyazaki_detail,
10570,6891,櫻泉,,,draft,0.85,kumiai_miyazaki_detail,
10571,6891,大金持 麦,,,draft,0.85,kumiai_miyazaki_detail,
10572,6892,むげつ,,,draft,0.85,kumiai_miyazaki_detail,
10573,6892,シルクスイート仕込,,,draft,0.85,kumiai_miyazaki_detail,
10574,6892,長期甕貯蔵酒,,,draft,0.85,kumiai_miyazaki_detail,
10575,6893,乾杯日南,,,draft,0.5,kumiai_miyazaki_detail,
10576,6894,幸蔵,,,draft,0.5,kumiai_miyazaki_detail,
10577,6894,源次郎,,,draft,0.5,kumiai_miyazaki_detail,
10578,6894,昔気質,,,draft,0.5,kumiai_miyazaki_detail,
10579,6895,松露,,,draft,0.85,kumiai_miyazaki_detail,
10580,6895,心水,,,draft,0.85,kumiai_miyazaki_detail,
10581,6895,うすにごり,,,draft,0.85,kumiai_miyazaki_detail,
10582,6896,ひむか寿,,,draft,0.5,kumiai_miyazaki_detail,
10583,6896,いも美,,,draft,0.5,kumiai_miyazaki_detail,
10584,6896,ひむか寿Blues,,,draft,0.5,kumiai_miyazaki_detail,
10585,6897,高千穂 零,,,draft,0.85,kumiai_miyazaki_detail,
10586,6897,そば焼酎刈干,,,draft,0.85,kumiai_miyazaki_detail,
10587,6897,米焼酎露々,,,draft,0.85,kumiai_miyazaki_detail,
10588,6898,暁,,,draft,0.85,kumiai_miyazaki_detail,
10589,6899,天孫降臨,,,draft,0.85,kumiai_miyazaki_detail,
10590,6899,そば焼酎天照,,,draft,0.85,kumiai_miyazaki_detail,
10591,6899,ひむかのくろうま,,,draft,0.85,kumiai_miyazaki_detail,
10592,6900,七代目姫野,,,draft,0.85,kumiai_miyazaki_detail,
10593,6900,紫空,,,draft,0.85,kumiai_miyazaki_detail,
10594,6900,天保二年原酒甕壷,,,draft,0.85,kumiai_miyazaki_detail,
10595,6900,御幣,,,draft,0.85,kumiai_miyazaki_detail,
10673,6978,東露（あづまつゆ）,,,draft,0.9,kumiai_nagasaki_detail,
10674,6980,杵の川,,,draft,0.9,kumiai_nagasaki_detail,
10675,6980,黎明,,,draft,0.9,kumiai_nagasaki_detail,
10676,6981,六十餘洲,,,draft,0.9,kumiai_nagasaki_detail,
10677,6984,あい娘,,,draft,0.85,kumiai_nagasaki_detail,
10678,6985,飛鸞,,,draft,0.9,kumiai_nagasaki_detail,
10679,6987,本陣,,,draft,0.8,kumiai_nagasaki_detail,
10680,6988,白嶽,,,draft,0.9,kumiai_nagasaki_detail,
10681,6989,よこやま,,,draft,0.8,kumiai_nagasaki_detail,
10811,7109,山水,,,draft,0.6,kumiai_oita_detail,
10812,7109,閻魔,,,draft,0.6,kumiai_oita_detail,
10813,7110,特蒸泰明,,,draft,0.85,kumiai_oita_detail,
10814,7111,安心院蔵,,,draft,0.75,kumiai_oita_detail,
10815,7112,豊乃関,,,draft,0.4,kumiai_oita_detail,
10816,7113,清酒 「花笑み」「さいき雪正宗」,,,draft,0.7,kumiai_oita_detail,
10817,7113,焼酎「浄瑠璃」,,,draft,0.7,kumiai_oita_detail,
10818,7114,兼八,,,draft,0.85,kumiai_oita_detail,
10819,7115,一の井手,,,draft,0.4,kumiai_oita_detail,
10820,7115,常蔵,,,draft,0.4,kumiai_oita_detail,
10821,7116,八鹿,,,draft,0.4,kumiai_oita_detail,
10822,7116,銀座のすずめ,,,draft,0.4,kumiai_oita_detail,
10823,7117,智恵美人,,,draft,0.85,kumiai_oita_detail,
10824,7117,ちえびじん,,,draft,0.85,kumiai_oita_detail,
10825,7118,大分麦焼酎「とっぱい」,,,draft,0.8,kumiai_oita_detail,
10826,7119,清酒 龍梅,,,draft,0.85,kumiai_oita_detail,
10827,7120,宇佐ぼうず 道中,,,draft,0.6,kumiai_oita_detail,
10828,7121,清酒 宗麟,,,draft,0.7,kumiai_oita_detail,
10829,7121,大分麦焼酎 白寿,,,draft,0.7,kumiai_oita_detail,
10830,7122,本格むぎ焼酎「牟禮鶴（むれづる）」,,,draft,0.85,kumiai_oita_detail,
10831,7123,鷹来屋（たかきや）,,,draft,0.6,kumiai_oita_detail,
10832,7124,西の関,,,draft,0.85,kumiai_oita_detail,
10833,7125,亀の井,,,draft,0.65,kumiai_oita_detail,
10834,7125,玄亀,,,draft,0.65,kumiai_oita_detail,
10835,7125,空可,,,draft,0.65,kumiai_oita_detail,
10836,7126,清酒 松の露,,,draft,0.9,kumiai_oita_detail,
10837,7126,清酒 森羅万象,,,draft,0.9,kumiai_oita_detail,
10838,7127,麦焼酎 杜谷,,,draft,0.6,kumiai_oita_detail,
10839,7127,清酒 佐伯飛翔,,,draft,0.6,kumiai_oita_detail,
10840,7128,久住 千羽鶴,,,draft,0.85,kumiai_oita_detail,
10841,7129,豊潤、勲の松,,,draft,0.85,kumiai_oita_detail,
10842,7130,耶馬美人,,,draft,0.85,kumiai_oita_detail,
10843,7131,どっとん,,,draft,0.4,kumiai_oita_detail,
10844,7132,いいちこ,,,draft,0.85,kumiai_oita_detail,
10845,7132,和香牡丹 純米吟醸ヒノヒカリ50,,,draft,0.85,kumiai_oita_detail,
10846,7132,西の星（20%）,,,draft,0.85,kumiai_oita_detail,
10847,7133,民潮,,,draft,0.55,kumiai_oita_detail,
10848,7135,倉光,,,draft,0.85,kumiai_oita_detail,
10849,7135,双樹,,,draft,0.85,kumiai_oita_detail,
10850,7135,沙羅,,,draft,0.85,kumiai_oita_detail,
10851,7136,清酒 薫長,,,draft,0.85,kumiai_oita_detail,
10852,7136,大吟醸 瑞華,,,draft,0.85,kumiai_oita_detail,
10853,7137,長洲蒸留蔵「久保」,,,draft,0.75,kumiai_oita_detail,
10854,7138,清酒「豊後富士」,,,draft,0.7,kumiai_oita_detail,
10855,7138,焼酎「蘖（ひこばえ）」,,,draft,0.7,kumiai_oita_detail,
10856,7139,大分むぎ焼酎 二階堂,,,draft,0.9,kumiai_oita_detail,
10857,7139,吉四六,,,draft,0.9,kumiai_oita_detail,
10858,7139,速津媛,,,draft,0.9,kumiai_oita_detail,
10859,7140,丹誠,,,draft,0.85,kumiai_oita_detail,
10860,7140,ゆすらもも,,,draft,0.85,kumiai_oita_detail,
10861,7141,麦焼酎「豊後清明」,,,draft,0.85,kumiai_oita_detail,
10862,7142,清酒 角の井 百合仕込み,,,draft,0.7,kumiai_oita_detail,
10863,7142,焼酎 百助,,,draft,0.7,kumiai_oita_detail,
10941,7196,アポロン,,,draft,0.85,kumiai_saga_detail,
10942,7196,天吹,,,draft,0.85,kumiai_saga_detail,
10943,7196,天吹米焼酎花酵母仕込み,,,draft,0.85,kumiai_saga_detail,
10944,7197,基峰鶴,,,draft,0.92,kumiai_saga_detail,
10945,7198,佐がんもん,,,draft,0.92,kumiai_saga_detail,
10946,7198,佐嘉,,,draft,0.92,kumiai_saga_detail,
10947,7198,窓乃梅,,,draft,0.92,kumiai_saga_detail,
10948,7199,吟醸 肥前杜氏,,,draft,0.92,kumiai_saga_detail,
10949,7199,本格麦焼酎 竹伝説,,,draft,0.92,kumiai_saga_detail,
10950,7199,肥前杜氏,,,draft,0.92,kumiai_saga_detail,
10951,7200,光栄菊,,,draft,0.92,kumiai_saga_detail,
10952,7201,高砂,,,draft,0.85,kumiai_saga_detail,
10953,7202,がばい,,,draft,0.92,kumiai_saga_detail,
10954,7202,七田,,,draft,0.92,kumiai_saga_detail,
10955,7202,天山,,,draft,0.92,kumiai_saga_detail,
10956,7202,岩の蔵,,,draft,0.92,kumiai_saga_detail,
10957,7203,東鶴,,,draft,0.92,kumiai_saga_detail,
10958,7204,一望千里,,,draft,0.92,kumiai_saga_detail,
10959,7204,大唐津,,,draft,0.92,kumiai_saga_detail,
10960,7204,瀧,,,draft,0.92,kumiai_saga_detail,
10961,7204,聚楽太閤,,,draft,0.92,kumiai_saga_detail,
10962,7205,おおち,,,draft,0.85,kumiai_saga_detail,
10963,7205,万齢,,,draft,0.85,kumiai_saga_detail,
10964,7205,二十二時,,,draft,0.85,kumiai_saga_detail,
10965,7205,未来響,,,draft,0.85,kumiai_saga_detail,
10966,7205,永遠の一瞬,,,draft,0.85,kumiai_saga_detail,
10967,7205,逢地,,,draft,0.85,kumiai_saga_detail,
10968,7206,万里長,,,draft,0.92,kumiai_saga_detail,
10969,7207,富士の雪,,,draft,0.92,kumiai_saga_detail,
10970,7208,松浦一,,,draft,0.92,kumiai_saga_detail,
10971,7209,古伊万里,,,draft,0.92,kumiai_saga_detail,
10972,7210,のんのこ,,,draft,0.92,kumiai_saga_detail,
10973,7210,のんのこ黒,,,draft,0.92,kumiai_saga_detail,
10974,7210,宗政,,,draft,0.92,kumiai_saga_detail,
10975,7210,梅酔い人,,,draft,0.92,kumiai_saga_detail,
10976,7210,黒泉山,,,draft,0.92,kumiai_saga_detail,
10977,7211,虎之児,,,draft,0.92,kumiai_saga_detail,
10978,7212,東長,,,draft,0.92,kumiai_saga_detail,
10979,7213,日本一,,,draft,0.92,kumiai_saga_detail,
10980,7213,東一,,,draft,0.92,kumiai_saga_detail,
10981,7213,金瓶梅,,,draft,0.92,kumiai_saga_detail,
10982,7214,竹の園,,,draft,0.92,kumiai_saga_detail,
10983,7214,肥前蔵心,,,draft,0.92,kumiai_saga_detail,
10984,7215,能古見,,,draft,0.92,kumiai_saga_detail,
10985,7215,芳薫,,,draft,0.92,kumiai_saga_detail,
10986,7216,幸姫,,,draft,0.92,kumiai_saga_detail,
10987,7217,光武,,,draft,0.92,kumiai_saga_detail,
10988,7217,舞ここち,,,draft,0.92,kumiai_saga_detail,
10989,7217,赤鳥居,,,draft,0.92,kumiai_saga_detail,
10990,7217,金波,,,draft,0.92,kumiai_saga_detail,
10991,7217,魔界への誘い,,,draft,0.92,kumiai_saga_detail,
10992,7218,鍋島,,,draft,0.92,kumiai_saga_detail,
11189,7281,隠岐誉 純米吟醸,,,draft,0.9,kumiai_shimane_detail,
11190,7281,隠岐誉 純米酒,,,draft,0.9,kumiai_shimane_detail,
11191,7282,純米 佐香錦 無濾過生原酒,,,draft,0.9,kumiai_shimane_detail,
11192,7282,純米吟醸 八反錦 50,,,draft,0.9,kumiai_shimane_detail,
11193,7283,扶桑鶴 純米吟醸 佐香錦,,,draft,0.9,kumiai_shimane_detail,
11194,7283,扶桑鶴 純米酒 高津川,,,draft,0.9,kumiai_shimane_detail,
11195,7284,天穏 純米吟醸,,,draft,0.9,kumiai_shimane_detail,
11196,7284,天穏 純米酒,,,draft,0.9,kumiai_shimane_detail,
11197,7285,開春 純米超辛口,,,draft,0.9,kumiai_shimane_detail,
11198,7285,開春 西田,,,draft,0.9,kumiai_shimane_detail,
11199,7286,生酛純米 改良雄町十旭日,,,draft,0.9,kumiai_shimane_detail,
11200,7286,純米吟醸 八千矛,,,draft,0.9,kumiai_shimane_detail,
11201,7287,出雲富士 純米吟醸 赤ラベル,,,draft,0.9,kumiai_shimane_detail,
11202,7287,出雲富士 特別純米 黒ラベル,,,draft,0.9,kumiai_shimane_detail,
11203,7288,美波太平洋 純米,,,draft,0.9,kumiai_shimane_detail,
11204,7288,美波太平洋 純米吟醸,,,draft,0.9,kumiai_shimane_detail,
11205,7289,李白純米吟醸 WANDERING POET（ワンダリング ポエット）,,,draft,0.9,kumiai_shimane_detail,
11206,7289,李白大吟醸月下獨酌,,,draft,0.9,kumiai_shimane_detail,
11207,7290,豊の秋 大吟醸,,,draft,0.9,kumiai_shimane_detail,
11208,7290,豊の秋 特別純米 雀と稲穂,,,draft,0.9,kumiai_shimane_detail,
11209,7291,奥出雲 純米大吟醸,,,draft,0.9,kumiai_shimane_detail,
11210,7291,仁多米コシヒカリ純米大吟醸,,,draft,0.9,kumiai_shimane_detail,
11211,7292,ほろ酔 上撰,,,draft,0.85,kumiai_shimane_detail,
11212,7292,蒼斗七星/特別純米酒65,,,draft,0.85,kumiai_shimane_detail,
11213,7293,月山 純米吟醸,,,draft,0.9,kumiai_shimane_detail,
11214,7293,月山 芳醇辛口純米,,,draft,0.9,kumiai_shimane_detail,
11215,7294,環日本海 純米大吟醸 水澄みの里,,,draft,0.9,kumiai_shimane_detail,
11216,7294,純米吟醸 渦 山田錦五割五分,,,draft,0.9,kumiai_shimane_detail,
11217,7295,清酒 都錦,,,draft,0.9,kumiai_shimane_detail,
11218,7296,ヤマサン正宗 純米吟醸原酒 佐香錦,,,draft,0.9,kumiai_shimane_detail,
11219,7296,ヤマサン 古滴 十年熟成 大吟醸,,,draft,0.9,kumiai_shimane_detail,
11220,7297,金鳳 大吟醸,,,draft,0.9,kumiai_shimane_detail,
11221,7297,純米酒,,,draft,0.9,kumiai_shimane_detail,
11222,7298,初陣 特撰大吟醸津和野,,,draft,0.9,kumiai_shimane_detail,
11223,7298,初陣 純米吟醸,,,draft,0.9,kumiai_shimane_detail,
11224,7299,玉鋼 大吟醸,,,draft,0.9,kumiai_shimane_detail,
11225,7299,七冠馬 純米大吟醸,,,draft,0.9,kumiai_shimane_detail,
11226,7300,玉櫻 純米 五百万石,,,draft,0.9,kumiai_shimane_detail,
11227,7300,玉櫻 生酛 純米 山田錦,,,draft,0.9,kumiai_shimane_detail,
11228,7301,加茂福 純米吟醸無濾過生,,,draft,0.9,kumiai_shimane_detail,
11229,7301,死神,,,draft,0.9,kumiai_shimane_detail,
11230,7302,大吟醸華泉,,,draft,0.9,kumiai_shimane_detail,
11231,7302,純米吟醸津和野盛,,,draft,0.9,kumiai_shimane_detail,
11232,7303,菊弥栄 石見野,,,draft,0.9,kumiai_shimane_detail,
11233,7303,無用の用 特別純米酒,,,draft,0.9,kumiai_shimane_detail,
11234,7304,理八 酵母1801号,,,draft,0.85,kumiai_shimane_detail,
11235,7304,理八 酵母901号,,,draft,0.85,kumiai_shimane_detail,
11236,7305,石見銀山 特別純米,,,draft,0.9,kumiai_shimane_detail,
11237,7305,発泡清酒 雪香,,,draft,0.9,kumiai_shimane_detail,
11238,7306,純米酒 絹乃峰,,,draft,0.9,kumiai_shimane_detail,
11239,7307,高砂,,,draft,0.9,kumiai_shimane_detail,
11240,7307,鴎外,,,draft,0.9,kumiai_shimane_detail,
11241,7308,改良雄町純米大吟醸,,,draft,0.9,kumiai_shimane_detail,
11242,7308,佐香錦純米吟醸,,,draft,0.9,kumiai_shimane_detail,
11281,7336,澤姫,,,draft,0.6,kumiai_tochigi_detail,
11282,7337,杉並木,,,draft,0.6,kumiai_tochigi_detail,
11283,7338,初戎,,,draft,0.6,kumiai_tochigi_detail,
11284,7339,菊の里,,,draft,0.6,kumiai_tochigi_detail,
11285,7340,燦爛,,,draft,0.6,kumiai_tochigi_detail,
11286,7341,富美川,,,draft,0.6,kumiai_tochigi_detail,
11287,7342,北冠,,,draft,0.6,kumiai_tochigi_detail,
11288,7343,朝日栄,,,draft,0.6,kumiai_tochigi_detail,
11289,7344,若駒,,,draft,0.6,kumiai_tochigi_detail,
11290,7345,柏盛,,,draft,0.6,kumiai_tochigi_detail,
11291,7346,三福,,,draft,0.6,kumiai_tochigi_detail,
11292,7347,仙禽,,,draft,0.6,kumiai_tochigi_detail,
11293,7348,松の寿,,,draft,0.6,kumiai_tochigi_detail,
11294,7349,四季桜,,,draft,0.6,kumiai_tochigi_detail,
11295,7350,十一正宗,,,draft,0.6,kumiai_tochigi_detail,
11296,7351,開華,,,draft,0.85,kumiai_tochigi_detail,
11297,7352,旭興,,,draft,0.6,kumiai_tochigi_detail,
11298,7353,雄東正宗,,,draft,0.6,kumiai_tochigi_detail,
11299,7354,東力士,,,draft,0.6,kumiai_tochigi_detail,
11300,7355,清開,,,draft,0.6,kumiai_tochigi_detail,
11301,7356,若盛,,,draft,0.6,kumiai_tochigi_detail,
11302,7357,菊,,,draft,0.6,kumiai_tochigi_detail,
11303,7358,とちあかね,,,draft,0.6,kumiai_tochigi_detail,
11304,7359,鳳凰美田,,,draft,0.6,kumiai_tochigi_detail,
11305,7360,惣誉,,,draft,0.6,kumiai_tochigi_detail,
11306,7361,桜川,,,draft,0.85,kumiai_tochigi_detail,
11307,7362,天鷹,,,draft,0.6,kumiai_tochigi_detail,
11308,7363,池錦,,,draft,0.6,kumiai_tochigi_detail,
11309,7364,かんなびの里,,,draft,0.6,kumiai_tochigi_detail,
11321,7396,日置桜,,,draft,0.95,kumiai_tottori_detail,
11322,7397,瑞泉,,,draft,0.9,kumiai_tottori_detail,
11323,7398,山陰東郷,,,draft,0.95,kumiai_tottori_detail,
11324,7398,福泉,,,draft,0.95,kumiai_tottori_detail,
11325,7399,久米桜,,,draft,0.95,kumiai_tottori_detail,
11326,7399,八郷,,,draft,0.95,kumiai_tottori_detail,
11327,7400,トップ水雷,,,draft,0.95,kumiai_tottori_detail,
11328,7400,稲田姫,,,draft,0.95,kumiai_tottori_detail,
11329,7401,八潮,,,draft,0.95,kumiai_tottori_detail,
11330,7402,元帥,,,draft,0.95,kumiai_tottori_detail,
11331,7402,八賢士,,,draft,0.95,kumiai_tottori_detail,
11332,7403,千代むすび,,,draft,0.95,kumiai_tottori_detail,
11333,7403,浜の芋太(芋),,,draft,0.95,kumiai_tottori_detail,
11334,7404,いなば鶴,,,draft,0.95,kumiai_tottori_detail,
11335,7404,福寿海,,,draft,0.95,kumiai_tottori_detail,
11336,7405,鷹勇,,,draft,0.95,kumiai_tottori_detail,
11337,7406,三朝正宗,,,draft,0.95,kumiai_tottori_detail,
11338,7406,白狼,,,draft,0.95,kumiai_tottori_detail,
11339,7407,辨天娘,,,draft,0.95,kumiai_tottori_detail,
11340,7408,秀峰 岩泉,,,draft,0.95,kumiai_tottori_detail,
11341,7409,諏訪泉,,,draft,0.95,kumiai_tottori_detail,
11342,7409,諏訪娘,,,draft,0.95,kumiai_tottori_detail,
12175,7891,トモエ,,,draft,0.85,kumiai_hiroshima_detail,
12176,7892,ミツボシ,,,draft,0.85,kumiai_hiroshima_detail,
12177,7893,龍勢,,,draft,0.9,kumiai_hiroshima_detail,
12178,7893,宝寿,,,draft,0.9,kumiai_hiroshima_detail,
12179,7894,誠鏡,,,draft,0.9,kumiai_hiroshima_detail,
12180,7894,まぼろし,,,draft,0.9,kumiai_hiroshima_detail,
12181,7895,富久長,,,draft,0.9,kumiai_hiroshima_detail,
12182,7896,於多福,,,draft,0.9,kumiai_hiroshima_detail,
12183,7896,関西一,,,draft,0.9,kumiai_hiroshima_detail,
12184,7897,白鴻,,,draft,0.9,kumiai_hiroshima_detail,
12185,7897,沙羅双樹,,,draft,0.9,kumiai_hiroshima_detail,
12186,7898,醉心,,,draft,0.9,kumiai_hiroshima_detail,
12187,7898,橅のしずく,,,draft,0.9,kumiai_hiroshima_detail,
12188,7899,寿齢,,,draft,0.9,kumiai_hiroshima_detail,
12189,7900,三吉正宗,,,draft,0.85,kumiai_hiroshima_detail,
12190,7901,天寶一,,,draft,0.9,kumiai_hiroshima_detail,
12191,7902,美の鶴,,,draft,0.85,kumiai_hiroshima_detail,
12192,7902,瑞穂正宗,,,draft,0.85,kumiai_hiroshima_detail,
12193,7903,神雷,,,draft,0.9,kumiai_hiroshima_detail,
12194,7904,瑞冠,,,draft,0.9,kumiai_hiroshima_detail,
12195,7904,いい風,,,draft,0.9,kumiai_hiroshima_detail,
12196,7905,花酔,,,draft,0.85,kumiai_hiroshima_detail,
12197,7906,美和桜,,,draft,0.85,kumiai_hiroshima_detail,
12198,7907,比婆美人,,,draft,0.85,kumiai_hiroshima_detail,
12199,7908,超群,,,draft,0.9,kumiai_hiroshima_detail,
12200,7909,菊文明,,,draft,0.85,kumiai_hiroshima_detail,
12201,7910,同期の桜,,,draft,0.9,kumiai_hiroshima_detail,
12202,7911,華鳩,,,draft,0.9,kumiai_hiroshima_detail,
12203,7911,清盛,,,draft,0.9,kumiai_hiroshima_detail,
12204,7912,三谷春,,,draft,0.9,kumiai_hiroshima_detail,
12205,7913,大号令,,,draft,0.85,kumiai_hiroshima_detail,
12206,7914,本洲一,,,draft,0.9,kumiai_hiroshima_detail,
12207,7915,旭鳳,,,draft,0.9,kumiai_hiroshima_detail,
12208,7916,老亀,,,draft,0.9,kumiai_hiroshima_detail,
12209,7917,三段峽,,,draft,0.5,kumiai_hiroshima_detail,
12210,7918,賀茂鶴,,,draft,0.9,kumiai_hiroshima_detail,
12211,7919,福美人,,,draft,0.9,kumiai_hiroshima_detail,
12212,7920,白牡丹,,,draft,0.9,kumiai_hiroshima_detail,
12213,7921,西條鶴,,,draft,0.85,kumiai_hiroshima_detail,
12214,7922,亀齢,,,draft,0.85,kumiai_hiroshima_detail,
12215,7923,賀茂泉,,,draft,0.9,kumiai_hiroshima_detail,
12216,7924,山陽鶴,,,draft,0.9,kumiai_hiroshima_detail,
12217,7924,花凛,,,draft,0.9,kumiai_hiroshima_detail,
12218,7925,桜吹雪,,,draft,0.9,kumiai_hiroshima_detail,
12219,7925,賀茂金秀,,,draft,0.9,kumiai_hiroshima_detail,
12220,7926,向井櫻,,,draft,0.9,kumiai_hiroshima_detail,
12221,7926,神の蔵,,,draft,0.9,kumiai_hiroshima_detail,
12222,7927,竹鶴,,,draft,0.85,kumiai_hiroshima_detail,
12223,7928,蓬莱鶴,,,draft,0.85,kumiai_hiroshima_detail,
12224,7929,御幸,,,draft,0.85,kumiai_hiroshima_detail,
12225,7929,延寿菊,,,draft,0.85,kumiai_hiroshima_detail,
12226,7930,島の香,,,draft,0.9,kumiai_hiroshima_detail,
12227,7930,月の宝箱,,,draft,0.9,kumiai_hiroshima_detail,
12228,7930,金の鳳凰,,,draft,0.9,kumiai_hiroshima_detail,
12229,7931,八幡川,,,draft,0.8,kumiai_hiroshima_detail,
12230,7931,天鴻,,,draft,0.8,kumiai_hiroshima_detail,
12231,7932,一代 弥山,,,draft,0.85,kumiai_hiroshima_detail,
12232,7932,達磨,,,draft,0.85,kumiai_hiroshima_detail,
12233,7933,千福,,,draft,0.9,kumiai_hiroshima_detail,
12234,7934,水龍,,,draft,0.6,kumiai_hiroshima_detail,
12235,7935,白天龍,,,draft,0.85,kumiai_hiroshima_detail,
12236,7936,雨後の月,,,draft,0.85,kumiai_hiroshima_detail,
12237,7937,宝剣,,,draft,0.85,kumiai_hiroshima_detail,
13617,8817,太平洋,,,draft,0.95,kumiai_wakayama_detail,
13618,8817,熊野水軍,,,draft,0.95,kumiai_wakayama_detail,
13619,8817,備長炭のしらべ,,,draft,0.95,kumiai_wakayama_detail,
13620,8817,熊野三山,,,draft,0.95,kumiai_wakayama_detail,
13621,8818,紀勢鶴,,,draft,0.95,kumiai_wakayama_detail,
13622,8818,紀ノ酒,,,draft,0.95,kumiai_wakayama_detail,
13623,8819,金葵,,,draft,0.6,kumiai_wakayama_detail,
13624,8819,宗祇誉,,,draft,0.6,kumiai_wakayama_detail,
13625,8820,雜賀孫市,,,draft,0.8,kumiai_wakayama_detail,
13626,8821,初桜,,,draft,0.95,kumiai_wakayama_detail,
13627,8821,高野山聖般若湯,,,draft,0.95,kumiai_wakayama_detail,
13628,8822,よろこび,,,draft,0.95,kumiai_wakayama_detail,
13629,8823,紀土 -KID-,,,draft,0.95,kumiai_wakayama_detail,
13630,8824,通宝,,,draft,0.95,kumiai_wakayama_detail,
13631,8824,不老鶴,,,draft,0.95,kumiai_wakayama_detail,
13632,8825,紀伊国屋文左衛門,,,draft,0.95,kumiai_wakayama_detail,
13633,8825,超久,,,draft,0.95,kumiai_wakayama_detail,
13634,8826,御代正宗,,,draft,0.6,kumiai_wakayama_detail,
13635,8827,黒牛,,,draft,0.95,kumiai_wakayama_detail,
13636,8827,菊御代,,,draft,0.95,kumiai_wakayama_detail,
13637,8828,羅生門,,,draft,0.95,kumiai_wakayama_detail,
13638,8828,大東一,,,draft,0.95,kumiai_wakayama_detail,
13639,8829,祝砲,,,draft,0.95,kumiai_wakayama_detail,
13640,8829,紀州 魁,,,draft,0.95,kumiai_wakayama_detail,
13641,8830,天長,,,draft,0.95,kumiai_wakayama_detail,
13642,8830,吉宗,,,draft,0.95,kumiai_wakayama_detail,
13643,8831,南方,,,draft,0.9,kumiai_wakayama_detail,
13644,8831,和歌のめぐみ,,,draft,0.9,kumiai_wakayama_detail,
13908,6553,五稜,,,draft,0.6,brewery_official_sites_brand,
13909,6559,金滴,,,draft,0.9,brewery_official_sites_brand,
13910,6561,鍛高譚,,,draft,0.55,brewery_official_sites_brand,
13911,6561,大雪乃蔵,,,draft,0.55,brewery_official_sites_brand,
13912,6561,一滴千両,,,rejected,0.1,brewery_official_sites_brand,"秋田県醗酵工業株式会社(id554,秋田県)の自社ブランドと確認済み(同社のkumiai_akita_detail由来の登録銘柄「一滴千両純米大吟醸」と同一)。オエノングループ製品カタログページの汎用スクレイピングによる誤帰属。"
13913,6561,元禄美人,,,draft,0.55,brewery_official_sites_brand,要確認:オエノングループ製品カタログページ由来で、合同酒精(千葉/北海道)・福徳長酒類・秋田県醗酵工業のいずれの自社ブランドか未確定。
13914,6561,ニッポンプレミアム,,,draft,0.55,brewery_official_sites_brand,
13915,6561,秋田サワー,,,draft,0.55,brewery_official_sites_brand,
13916,6561,ここよい,,,draft,0.55,brewery_official_sites_brand,
13917,6561,マイィ グラン・クリュ,,,draft,0.55,brewery_official_sites_brand,
13918,6561,TAN TAKA TAN SHISO梅酒,,,draft,0.55,brewery_official_sites_brand,
13919,6561,鴬宿梅,,,draft,0.55,brewery_official_sites_brand,
13920,6561,ネプチューン,,,draft,0.55,brewery_official_sites_brand,
13921,6561,博多の華,,,rejected,0.1,brewery_official_sites_brand,"福徳長酒類株式会社(id970,福岡県)の自社ブランドと確認済み(同社の唯一の登録銘柄)。オエノングループ製品カタログページの汎用スクレイピングによる誤帰属。"
13922,6562,男山,,,draft,0.8,brewery_official_sites_brand,
13923,6563,三千櫻,,,draft,0.6,brewery_official_sites_brand,
13924,6563,愛山,,,draft,0.6,brewery_official_sites_brand,
13925,6563,彗星,,,draft,0.6,brewery_official_sites_brand,
13926,6563,きたしずく,,,draft,0.6,brewery_official_sites_brand,
13927,6563,R CLASS,,,draft,0.6,brewery_official_sites_brand,
13928,6564,上川大雪,,,draft,0.55,brewery_official_sites_brand,
13929,6564,十勝,,,draft,0.55,brewery_official_sites_brand,
13930,882,楯野川,,,draft,0.85,brewery_official_sites_brand,
13931,882,吾有事,,,draft,0.85,brewery_official_sites_brand,
13932,887,一声,,,draft,0.6,brewery_official_sites_brand,
13933,887,銀嶺月山,,,draft,0.6,brewery_official_sites_brand,
13934,3190,きびの吟風,,,draft,0.65,brewery_official_sites_brand,
13935,3190,牡丹鶴,,,draft,0.65,brewery_official_sites_brand,
13936,3190,寿福,,,draft,0.65,brewery_official_sites_brand,
13937,6043,御殿桜,,,draft,0.9,brewery_official_sites_brand,
13938,6047,鳴門鯛,,,draft,0.9,brewery_official_sites_brand,
13939,6050,喜来,,,draft,0.8,brewery_official_sites_brand,
13940,6050,貴吹川,,,draft,0.8,brewery_official_sites_brand,
13941,6050,喜々来々樽酒,,,draft,0.8,brewery_official_sites_brand,
13942,6054,芳水,,,draft,0.85,brewery_official_sites_brand,
13943,6058,焼きいも焼酎,,,draft,0.8,brewery_official_sites_brand,
13944,6058,なると小町,,,draft,0.8,brewery_official_sites_brand,
13945,6058,鳴門のすだちゅう,,,draft,0.8,brewery_official_sites_brand,
13946,6058,丸まま苺の一番雫,,,draft,0.8,brewery_official_sites_brand,
13947,1373,金虎,,,draft,0.9,brewery_official_sites_brand,
13948,1373,虎変,,,draft,0.9,brewery_official_sites_brand,
13949,1378,醸し人九平次,,,draft,0.9,brewery_official_sites_brand,
13950,1378,彼の岸,,,draft,0.9,brewery_official_sites_brand,
13951,1378,黒田庄,,,draft,0.9,brewery_official_sites_brand,
13952,1378,久野九平治本店,,,draft,0.9,brewery_official_sites_brand,
13953,1381,勲碧,,,draft,0.85,brewery_official_sites_brand,
13954,1383,七重桜,,,draft,0.9,brewery_official_sites_brand,
13955,1383,賞己,,,draft,0.9,brewery_official_sites_brand,
13956,1383,飛猿,,,draft,0.9,brewery_official_sites_brand,
13957,1383,木曽三川,,,draft,0.9,brewery_official_sites_brand,
13958,1385,我山,,,draft,0.85,brewery_official_sites_brand,
13959,1385,山荘,,,draft,0.85,brewery_official_sites_brand,
13960,1385,神鶴,,,draft,0.85,brewery_official_sites_brand,
13961,1385,夢乃寒梅,,,draft,0.85,brewery_official_sites_brand,
13962,1386,千瓢,,,draft,0.85,brewery_official_sites_brand,
13963,1386,めぐる,,,draft,0.85,brewery_official_sites_brand,
13964,1386,千実,,,draft,0.85,brewery_official_sites_brand,
13965,1387,弥栄の酒 寿,,,draft,0.9,brewery_official_sites_brand,
13966,1388,義侠,,,draft,0.8,brewery_official_sites_brand,
13967,1388,慶,,,draft,0.8,brewery_official_sites_brand,
13968,1389,米宗,,,draft,0.75,brewery_official_sites_brand,
13969,1389,夢吟香,,,draft,0.75,brewery_official_sites_brand,
13970,1390,長春,,,draft,0.85,brewery_official_sites_brand,
13971,1390,いっこく,,,draft,0.85,brewery_official_sites_brand,
13972,1390,名古屋正宗,,,draft,0.85,brewery_official_sites_brand,
13973,1390,上撰,,,draft,0.85,brewery_official_sites_brand,
13974,1390,鬼ころし,,,draft,0.85,brewery_official_sites_brand,
13975,1391,醉泉,,,draft,0.7,brewery_official_sites_brand,
13976,1391,最愛,,,draft,0.7,brewery_official_sites_brand,
13977,1391,山狐,,,draft,0.7,brewery_official_sites_brand,
13978,1391,FOX FIZ,,,draft,0.7,brewery_official_sites_brand,
13979,1392,國盛,,,draft,0.9,brewery_official_sites_brand,
13980,1392,とらじの唄,,,draft,0.9,brewery_official_sites_brand,
13981,1392,半田郷,,,draft,0.9,brewery_official_sites_brand,
13982,1392,我逢人,,,draft,0.9,brewery_official_sites_brand,
13983,1393,金鯱,,,draft,0.75,brewery_official_sites_brand,
13984,1393,初夢桜,,,draft,0.75,brewery_official_sites_brand,
13985,1393,夢吟香,,,draft,0.75,brewery_official_sites_brand,
13986,1393,本荷樽,,,draft,0.75,brewery_official_sites_brand,
13987,1395,生道井,,,draft,0.85,brewery_official_sites_brand,
13988,1395,於大,,,draft,0.85,brewery_official_sites_brand,
13989,1396,白老,,,draft,0.8,brewery_official_sites_brand,
13990,1396,春うらら,,,draft,0.8,brewery_official_sites_brand,
13991,1397,子乃日松,,,draft,0.75,brewery_official_sites_brand,
13992,1398,敷嶋,,,draft,0.8,brewery_official_sites_brand,
13993,1398,夢見草,,,draft,0.8,brewery_official_sites_brand,
13994,1398,金紋敷嶋,,,draft,0.8,brewery_official_sites_brand,
13995,1399,曻勢,,,draft,0.75,brewery_official_sites_brand,
13996,1399,治郎平,,,draft,0.75,brewery_official_sites_brand,
13997,1399,毘沙門天,,,draft,0.75,brewery_official_sites_brand,
13998,1399,達吉の里,,,draft,0.75,brewery_official_sites_brand,
13999,1399,八柱,,,draft,0.75,brewery_official_sites_brand,
14000,1400,濁NIGO,,,draft,0.7,brewery_official_sites_brand,
14001,1400,古原酒,,,draft,0.7,brewery_official_sites_brand,
14002,1400,Cremisi,,,draft,0.7,brewery_official_sites_brand,
14003,1401,碧の空,,,draft,0.7,brewery_official_sites_brand,
14004,1401,万朶,,,draft,0.7,brewery_official_sites_brand,
14005,1401,相生古幻,,,draft,0.7,brewery_official_sites_brand,
14006,1402,尊皇,,,draft,0.85,brewery_official_sites_brand,
14007,1402,一糀,,,draft,0.85,brewery_official_sites_brand,
14008,1402,幻々,,,draft,0.85,brewery_official_sites_brand,
14009,1402,奥,,,draft,0.85,brewery_official_sites_brand,
14010,1402,焚火,,,draft,0.85,brewery_official_sites_brand,
14011,1402,山崎醸,,,draft,0.85,brewery_official_sites_brand,
14012,1403,二兎,,,draft,0.85,brewery_official_sites_brand,
14013,1403,徳川家康,,,draft,0.85,brewery_official_sites_brand,
14014,1403,三河武士,,,draft,0.85,brewery_official_sites_brand,
14015,1403,長誉,,,draft,0.85,brewery_official_sites_brand,
14016,1404,孝の司,,,draft,0.65,brewery_official_sites_brand,
14017,1404,众,,,draft,0.65,brewery_official_sites_brand,
14018,1407,賜冠,,,draft,0.85,brewery_official_sites_brand,
14019,1408,四海王,,,draft,0.9,brewery_official_sites_brand,
14020,1409,蓬莱泉,,,draft,0.9,brewery_official_sites_brand,
14021,1409,明眸,,,draft,0.9,brewery_official_sites_brand,
14022,1409,吟乃精,,,draft,0.9,brewery_official_sites_brand,
14023,4117,prototype1,,,draft,0.6,brewery_official_sites_brand,
14024,2240,長生舞,,,draft,0.9,brewery_official_sites_brand,
14025,2240,能登路,,,draft,0.9,brewery_official_sites_brand,
14026,2242,黒帯,,,draft,0.9,brewery_official_sites_brand,
14027,2242,加賀鳶,,,draft,0.9,brewery_official_sites_brand,
14028,2242,風よ水よ人よ,,,draft,0.9,brewery_official_sites_brand,
14029,2242,鏡花,,,draft,0.9,brewery_official_sites_brand,
14030,2242,福正宗,,,draft,0.9,brewery_official_sites_brand,
14031,2242,瑞秀,,,draft,0.9,brewery_official_sites_brand,
14032,2242,初心,,,draft,0.9,brewery_official_sites_brand,
14033,2242,百々登勢,,,draft,0.9,brewery_official_sites_brand,
14034,2242,フロム・ザ・セラー,,,draft,0.9,brewery_official_sites_brand,
14035,2242,禱と稔,,,draft,0.9,brewery_official_sites_brand,
14036,2242,えじゃのんおんぼらぁと,,,draft,0.9,brewery_official_sites_brand,
14037,2242,金沢美人,,,draft,0.9,brewery_official_sites_brand,
14038,2242,すっぴん,,,draft,0.9,brewery_official_sites_brand,
14039,2245,高砂,,,draft,0.75,brewery_official_sites_brand,
14040,2251,常きげん,,,draft,0.9,brewery_official_sites_brand,
14041,2252,春心,,,draft,0.75,brewery_official_sites_brand,
14042,2252,裕恒,,,draft,0.75,brewery_official_sites_brand,
14043,2263,大江山,,,draft,0.4,brewery_official_sites_brand,
14044,2267,能登末廣,,,draft,0.85,brewery_official_sites_brand,
14045,2267,紅い花,,,draft,0.85,brewery_official_sites_brand,
14046,2267,花おぼろ,,,draft,0.85,brewery_official_sites_brand,
14047,2267,遼,,,draft,0.85,brewery_official_sites_brand,
14048,965,博多小女郎,,,draft,0.85,brewery_official_sites_brand,
14049,965,夢想仙楽,,,draft,0.85,brewery_official_sites_brand,
14050,970,博多の華,,,draft,0.8,brewery_official_sites_brand,
14051,986,麦快極,,,draft,0.75,brewery_official_sites_brand,
14052,986,酒ジン,,,draft,0.75,brewery_official_sites_brand,
14053,986,叡醂 CRAFT GIN,,,draft,0.75,brewery_official_sites_brand,
14054,987,和ら麦,,,draft,0.75,brewery_official_sites_brand,
14055,987,黒和ら麦,,,draft,0.75,brewery_official_sites_brand,
14056,993,天心,,,draft,0.85,brewery_official_sites_brand,
14057,79,千駒,,,draft,0.85,brewery_official_sites_brand,
14058,79,千龍,,,draft,0.85,brewery_official_sites_brand,
14059,79,遖 APPARE,,,draft,0.85,brewery_official_sites_brand,
14060,80,会津中将,,,draft,0.85,brewery_official_sites_brand,
14061,80,ゆり,,,draft,0.85,brewery_official_sites_brand,
14062,80,鶴乃江,,,draft,0.85,brewery_official_sites_brand,
14063,81,喜多の華,,,draft,0.55,brewery_official_sites_brand,
14064,81,星正宗,,,draft,0.55,brewery_official_sites_brand,
14065,81,金澤屋,,,draft,0.55,brewery_official_sites_brand,
14066,81,蔵太鼓,,,draft,0.55,brewery_official_sites_brand,
14067,82,自然郷,,,draft,0.85,brewery_official_sites_brand,
14068,82,楽器正宗,,,draft,0.85,brewery_official_sites_brand,
14069,83,辰泉,,,draft,0.8,brewery_official_sites_brand,
14070,83,京の華,,,draft,0.8,brewery_official_sites_brand,
14071,83,会津流,,,draft,0.8,brewery_official_sites_brand,
14072,83,鶴ヶ城,,,draft,0.8,brewery_official_sites_brand,
14073,84,白陽,,,draft,0.8,brewery_official_sites_brand,
14074,84,登龍,,,draft,0.8,brewery_official_sites_brand,
14075,85,金水晶,,,draft,0.6,brewery_official_sites_brand,
14076,86,奥の松,,,draft,0.55,brewery_official_sites_brand,
14077,86,あだたら吟醸,,,draft,0.55,brewery_official_sites_brand,
14078,88,藤乃井,,,draft,0.85,brewery_official_sites_brand,
14079,89,開当男山,,,draft,0.85,brewery_official_sites_brand,
14080,90,雪小町,,,draft,0.6,brewery_official_sites_brand,
14081,94,南郷,,,draft,0.9,brewery_official_sites_brand,
14082,94,天狼の宙,,,draft,0.9,brewery_official_sites_brand,
14083,94,Giudice,,,draft,0.9,brewery_official_sites_brand,
14084,94,薄紅葉,,,draft,0.9,brewery_official_sites_brand,
14085,94,白孔雀,,,draft,0.9,brewery_official_sites_brand,
14086,94,月と虹,,,draft,0.9,brewery_official_sites_brand,
14087,94,銀箭,,,draft,0.9,brewery_official_sites_brand,
14088,94,こんるり,,,draft,0.9,brewery_official_sites_brand,
14089,95,廣戸川,,,draft,0.95,brewery_official_sites_brand,
14090,96,榮川,,,draft,0.8,brewery_official_sites_brand,
14091,96,榮四郎,,,draft,0.8,brewery_official_sites_brand,
14092,97,一歩己,,,draft,0.9,brewery_official_sites_brand,
14093,97,超,,,draft,0.9,brewery_official_sites_brand,
14094,97,東豊国,,,draft,0.9,brewery_official_sites_brand,
14095,99,七重郎,,,draft,0.65,brewery_official_sites_brand,
14096,101,蔵粋,,,draft,0.85,brewery_official_sites_brand,
14097,101,交響曲,,,draft,0.85,brewery_official_sites_brand,
14098,101,再生,,,draft,0.85,brewery_official_sites_brand,
14099,101,桃色にごり桜,,,draft,0.85,brewery_official_sites_brand,
14100,101,國光,,,draft,0.85,brewery_official_sites_brand,
14101,101,1984,,,draft,0.85,brewery_official_sites_brand,
14102,104,磐城壽,,,draft,0.65,brewery_official_sites_brand,
14103,105,大和屋善内,,,draft,0.55,brewery_official_sites_brand,
14104,105,ハツユキソウ,,,draft,0.55,brewery_official_sites_brand,
14105,106,陣屋,,,draft,0.5,brewery_official_sites_brand,
14106,106,生粋左馬,,,draft,0.5,brewery_official_sites_brand,
14107,106,虎マッコリ,,,draft,0.5,brewery_official_sites_brand,
14108,107,花泉,,,draft,0.85,brewery_official_sites_brand,
14109,107,ロ万,,,draft,0.85,brewery_official_sites_brand,
14110,107,七ロ万,,,draft,0.85,brewery_official_sites_brand,
14111,108,三春駒,,,draft,0.55,brewery_official_sites_brand,
14112,109,千功成,,,draft,0.85,brewery_official_sites_brand,
14113,109,奥州安達ケ原,,,draft,0.85,brewery_official_sites_brand,
14114,110,栄川,,,draft,0.7,brewery_official_sites_brand,
14115,110,越後街道野澤宿,,,draft,0.7,brewery_official_sites_brand,
14116,110,富国論,,,draft,0.7,brewery_official_sites_brand,
14117,110,はしご酒,,,draft,0.7,brewery_official_sites_brand,
14118,111,若清水,,,draft,0.85,brewery_official_sites_brand,
14119,111,逢田岳,,,draft,0.85,brewery_official_sites_brand,
14120,111,蓬田岳,,,draft,0.85,brewery_official_sites_brand,
14121,111,四季の花,,,draft,0.85,brewery_official_sites_brand,
14122,111,和泉式部,,,draft,0.85,brewery_official_sites_brand,
14123,111,やまんば,,,draft,0.85,brewery_official_sites_brand,
14124,111,八世勘左衛門,,,draft,0.85,brewery_official_sites_brand,
14125,111,古々酒,,,draft,0.85,brewery_official_sites_brand,
14126,112,福美,,,draft,0.8,brewery_official_sites_brand,
14127,112,雀竹林,,,draft,0.8,brewery_official_sites_brand,
14128,112,いわき郷,,,draft,0.8,brewery_official_sites_brand,
14129,112,いわき丸,,,draft,0.8,brewery_official_sites_brand,
14130,112,又兵衛,,,draft,0.8,brewery_official_sites_brand,
14131,113,名倉山,,,draft,0.85,brewery_official_sites_brand,
14132,113,善き哉,,,draft,0.85,brewery_official_sites_brand,
14133,113,月弓,,,draft,0.85,brewery_official_sites_brand,
14134,113,会津の八重,,,draft,0.85,brewery_official_sites_brand,
14135,113,赤瓦,,,draft,0.85,brewery_official_sites_brand,
14136,113,名倉流,,,draft,0.85,brewery_official_sites_brand,
14137,113,原蔵,,,draft,0.85,brewery_official_sites_brand,
14138,113,蔵酒,,,draft,0.85,brewery_official_sites_brand,
14139,114,豊國,,,draft,0.85,brewery_official_sites_brand,
14140,114,學十郎,,,draft,0.85,brewery_official_sites_brand,
14141,114,夫婦さくら,,,draft,0.85,brewery_official_sites_brand,
14142,114,真実,,,draft,0.85,brewery_official_sites_brand,
14143,114,ばんげぼんげ,,,draft,0.85,brewery_official_sites_brand,
14144,116,会津娘,,,draft,0.9,brewery_official_sites_brand,
14145,116,穣,,,draft,0.9,brewery_official_sites_brand,
14146,117,玄宰,,,draft,0.6,brewery_official_sites_brand,
14147,119,磐梯山,,,draft,0.85,brewery_official_sites_brand,
14148,119,乗丹坊,,,draft,0.85,brewery_official_sites_brand,
14149,119,会津桜,,,draft,0.85,brewery_official_sites_brand,
14150,120,天明,,,draft,0.8,brewery_official_sites_brand,
14151,120,snowdrop,,,draft,0.8,brewery_official_sites_brand,
14152,122,弥右衛門,,,draft,0.8,brewery_official_sites_brand,
14153,122,いのち,,,draft,0.8,brewery_official_sites_brand,
14154,122,四方四里,,,draft,0.8,brewery_official_sites_brand,
14155,123,大天狗,,,draft,0.75,brewery_official_sites_brand,
14156,123,なないろ,,,draft,0.75,brewery_official_sites_brand, [2026-08-02修正: なななな→なないろ、公式サイト複数商品ページ(pid=174417319/186913926)で確認、旧表記は転記ミスと判断]
14157,124,國権,,,draft,0.8,brewery_official_sites_brand,
14158,124,一吉,,,draft,0.8,brewery_official_sites_brand,
14159,124,てふ,,,draft,0.8,brewery_official_sites_brand,
14160,124,福乃香,,,draft,0.8,brewery_official_sites_brand,
14161,124,垂れ口,,,draft,0.8,brewery_official_sites_brand,
14162,124,春一番,,,draft,0.8,brewery_official_sites_brand,
14163,124,俺の出番,,,draft,0.8,brewery_official_sites_brand,
14164,124,夢の香,,,draft,0.8,brewery_official_sites_brand,
14165,124,小法師,,,draft,0.8,brewery_official_sites_brand,
14166,125,会津ほまれ,,,draft,0.7,brewery_official_sites_brand,
14167,125,からはし,,,draft,0.7,brewery_official_sites_brand,
14168,126,人気一,,,draft,0.75,brewery_official_sites_brand,
14169,126,グリーン人気,,,draft,0.75,brewery_official_sites_brand,
14170,128,冩樂,,,draft,0.9,brewery_official_sites_brand,
14171,128,會津宮泉,,,draft,0.9,brewery_official_sites_brand,
14172,128,玄武,,,draft,0.9,brewery_official_sites_brand,
14173,129,しぜんしゅ,,,draft,0.6,brewery_official_sites_brand,
14174,130,笹正宗,,,draft,0.85,brewery_official_sites_brand,
14175,131,会津男山,,,draft,0.9,brewery_official_sites_brand,
14176,132,会津,,,draft,0.75,brewery_official_sites_brand,
14177,132,山の井,,,draft,0.75,brewery_official_sites_brand,
14178,132,金紋会津,,,draft,0.75,brewery_official_sites_brand,
14179,132,田島,,,draft,0.75,brewery_official_sites_brand,
14180,132,燧ケ岳,,,draft,0.75,brewery_official_sites_brand,
14181,533,奥清水,,,draft,0.85,brewery_official_sites_brand,
14182,533,ミサトヨシノ,,,draft,0.85,brewery_official_sites_brand,
14183,538,福禄寿,,,draft,0.85,brewery_official_sites_brand,
14184,538,一白水成,,,draft,0.85,brewery_official_sites_brand,
14185,6534,玉鶴,,,draft,0.8,brewery_official_sites_brand,
14186,6534,楽天,,,draft,0.8,brewery_official_sites_brand,
14187,6534,鬼ごろし伝説,,,draft,0.8,brewery_official_sites_brand,
14188,6534,美峰盛,,,draft,0.8,brewery_official_sites_brand,
14189,6534,ほろよい桜,,,draft,0.8,brewery_official_sites_brand,
14190,6534,朝日桜,,,draft,0.8,brewery_official_sites_brand,
14191,6534,仙勲,,,draft,0.8,brewery_official_sites_brand,
14192,6979,萬勝,,,draft,0.8,brewery_official_sites_brand,
14193,6979,清泉石上流,,,draft,0.8,brewery_official_sites_brand,
14194,6979,普賢の夢,,,draft,0.8,brewery_official_sites_brand,
14195,6979,BANG,,,draft,0.8,brewery_official_sites_brand,
14196,6979,歌酒,,,draft,0.8,brewery_official_sites_brand,
14197,6982,ぎんた,,,draft,0.6,brewery_official_sites_brand,
14198,6986,長崎美人,,,draft,0.9,brewery_official_sites_brand,
14199,6986,福鶴,,,draft,0.9,brewery_official_sites_brand,
14200,6990,壱岐の島,,,draft,0.85,brewery_official_sites_brand,
14201,6990,壱岐っ娘,,,draft,0.85,brewery_official_sites_brand,
14202,6990,IKIKKO DELUXE,,,draft,0.85,brewery_official_sites_brand,
14203,6990,無一物,,,draft,0.85,brewery_official_sites_brand,
14204,6990,二千年の夢,,,draft,0.85,brewery_official_sites_brand,
14205,6990,大祖,,,draft,0.85,brewery_official_sites_brand,
14206,6990,なでしこ,,,draft,0.85,brewery_official_sites_brand,
14207,6990,ONE FIVE,,,draft,0.85,brewery_official_sites_brand,
14208,6990,粋 九十九,,,draft,0.85,brewery_official_sites_brand,
14209,6990,放下著,,,draft,0.85,brewery_official_sites_brand,
14210,6990,九國,,,draft,0.85,brewery_official_sites_brand,
14211,6990,百合若,,,draft,0.85,brewery_official_sites_brand,
14212,6990,島蔵,,,draft,0.85,brewery_official_sites_brand,
16497,1118,銀シャリ,,,draft,0.55,brewery_official_sites_brand,
16499,1120,蔵舞,,,draft,0.85,brewery_official_sites_brand,
16500,1120,亀の尾蔵舞,,,draft,0.85,brewery_official_sites_brand,
16501,1120,旭蔵舞,,,draft,0.85,brewery_official_sites_brand,
16502,1120,祝蔵舞,,,draft,0.85,brewery_official_sites_brand,
16503,1120,錦蔵舞,,,draft,0.85,brewery_official_sites_brand,
16504,1120,祭蔵舞,,,draft,0.85,brewery_official_sites_brand,
16505,1120,春蔵舞,,,draft,0.85,brewery_official_sites_brand,
16506,1120,夏蔵舞,,,draft,0.85,brewery_official_sites_brand,
16507,1120,猫蔵舞,,,draft,0.85,brewery_official_sites_brand,
16508,1120,iyasaka sparkling,,,draft,0.85,brewery_official_sites_brand,
16509,1120,笑顔百薬,,,draft,0.85,brewery_official_sites_brand,
16510,1120,理非,,,draft,0.85,brewery_official_sites_brand,
16512,1121,玉川 Ice Breaker,,,draft,0.9,brewery_official_sites_brand,
16513,1121,TAMAGAWA Time Machine Reserved,,,draft,0.9,brewery_official_sites_brand,
16514,1121,TAMAGAWA Reserved,,,draft,0.9,brewery_official_sites_brand,
16515,1122,久美の浦,,,draft,0.8,brewery_official_sites_brand,
16516,1122,龍宮浪漫譚,,,draft,0.8,brewery_official_sites_brand,
16517,1122,吟客,,,draft,0.8,brewery_official_sites_brand,
16518,1122,杜氏の独り言,,,draft,0.8,brewery_official_sites_brand,
16519,1122,梅和香,,,draft,0.8,brewery_official_sites_brand,
16521,1124,伊根満開,,,draft,0.55,brewery_official_sites_brand,
16523,1125,ヨサムスメ,,,draft,0.75,brewery_official_sites_brand,
16524,1125,丹後七姫,,,draft,0.75,brewery_official_sites_brand,
16525,1125,KAGUYA,,,draft,0.75,brewery_official_sites_brand,
16526,1125,snow white,,,draft,0.75,brewery_official_sites_brand,
16527,1125,ROCCA,,,draft,0.75,brewery_official_sites_brand,
16528,1126,酒呑童子,,,draft,0.9,brewery_official_sites_brand,
16529,1126,香田,,,draft,0.9,brewery_official_sites_brand,
16530,1126,白嶺,,,draft,0.9,brewery_official_sites_brand,
16531,1126,大鬼,,,draft,0.9,brewery_official_sites_brand,
16532,1126,真名井,,,draft,0.9,brewery_official_sites_brand,
16533,1126,白嶺vivid,,,draft,0.9,brewery_official_sites_brand,
16534,1126,Hakurei-00,,,draft,0.9,brewery_official_sites_brand,
16536,1127,加佐一陽,,,draft,0.85,brewery_official_sites_brand,
16537,1128,六歓,,,draft,0.85,brewery_official_sites_brand,
16539,1129,丹の国,,,draft,0.8,brewery_official_sites_brand,
16540,1129,星降る夜の夢,,,draft,0.8,brewery_official_sites_brand,
16541,1129,綾音,,,draft,0.8,brewery_official_sites_brand,
16542,1129,花香水,,,draft,0.8,brewery_official_sites_brand,
16543,1129,綾香,,,draft,0.8,brewery_official_sites_brand,
16544,1129,RION,,,draft,0.8,brewery_official_sites_brand,
16545,1129,KANON,,,draft,0.8,brewery_official_sites_brand,
16546,1129,綾桑,,,draft,0.8,brewery_official_sites_brand,
16547,1129,綾梅,,,draft,0.8,brewery_official_sites_brand,
16549,1130,丹,,,draft,0.5,brewery_official_sites_brand,
16550,1130,丹波一滴,,,draft,0.5,brewery_official_sites_brand,
16551,1130,清か,,,draft,0.5,brewery_official_sites_brand,
16553,1133,西陣,,,draft,0.9,brewery_official_sites_brand,
16554,1133,聚楽菊,,,draft,0.9,brewery_official_sites_brand,
16555,1133,古都,,,draft,0.9,brewery_official_sites_brand,
16556,1133,まるたけえびす,,,draft,0.9,brewery_official_sites_brand,
16557,1134,KAGURA,,,draft,0.5,brewery_official_sites_brand,
16559,1135,蒼光,,,draft,0.85,brewery_official_sites_brand,
16560,1135,六友,,,draft,0.85,brewery_official_sites_brand,
16561,1135,羽田,,,draft,0.85,brewery_official_sites_brand,
16563,1136,辛口一献,,,draft,0.6,brewery_official_sites_brand,
16564,1136,金印黄桜,,,draft,0.6,brewery_official_sites_brand,
16565,1136,黄桜S純米大吟醸,,,draft,0.6,brewery_official_sites_brand,
16566,1136,黄桜ピアノ,,,draft,0.6,brewery_official_sites_brand,
16567,1136,黄桜ペルル,,,draft,0.6,brewery_official_sites_brand,
16569,1137,ふり袖,,,draft,0.8,brewery_official_sites_brand,
16570,1137,祇園ハナビ,,,draft,0.8,brewery_official_sites_brand,
16571,1137,祇園小町,,,draft,0.8,brewery_official_sites_brand,
16572,1139,匠,,,draft,0.75,brewery_official_sites_brand,
16574,1139,紫,,,draft,0.75,brewery_official_sites_brand,
16575,1139,柑熟,,,draft,0.75,brewery_official_sites_brand,
16577,1141,鳳麟,,,draft,0.75,brewery_official_sites_brand,
16578,1141,ヌーベル月桂冠,,,draft,0.75,brewery_official_sites_brand,
16579,1141,THE SHOT,,,draft,0.75,brewery_official_sites_brand,
16580,1141,京しぼり,,,draft,0.75,brewery_official_sites_brand,
16581,1141,果月,,,draft,0.75,brewery_official_sites_brand,
16582,1141,おしゃべりクジラ,,,draft,0.75,brewery_official_sites_brand,
16583,1141,アルゴ,,,draft,0.75,brewery_official_sites_brand,
16584,1141,アルゴスパークリング,,,draft,0.75,brewery_official_sites_brand,
16585,1141,七福神めぐり,,,draft,0.75,brewery_official_sites_brand,
16586,1142,金紋世界鷹,,,draft,0.8,brewery_official_sites_brand,
16587,1142,東京盛,,,draft,0.8,brewery_official_sites_brand,
16588,1142,界,,,draft,0.8,brewery_official_sites_brand,
16589,1142,おいしい大吟醸,,,draft,0.8,brewery_official_sites_brand,
16591,1143,古都,,,draft,0.6,brewery_official_sites_brand,
16592,1143,古都井,,,draft,0.6,brewery_official_sites_brand,
16593,1143,古都清,,,draft,0.6,brewery_official_sites_brand,
16594,1143,華泉,,,draft,0.6,brewery_official_sites_brand,
16595,1143,仁,,,draft,0.6,brewery_official_sites_brand,
16596,1143,乾,,,draft,0.6,brewery_official_sites_brand,
16597,1143,浄,,,draft,0.6,brewery_official_sites_brand,
16598,1144,花洛,,,draft,0.7,brewery_official_sites_brand,
16599,1144,生酛,,,draft,0.7,brewery_official_sites_brand,
16601,1145,白壁蔵,,,draft,0.8,brewery_official_sites_brand,
16602,1145,澪,,,draft,0.8,brewery_official_sites_brand,
16603,1145,然土,,,draft,0.8,brewery_official_sites_brand,
16604,1145,昴,,,draft,0.8,brewery_official_sites_brand,
16605,1145,瑞音,,,draft,0.8,brewery_official_sites_brand,
16607,1146,Black Label,,,draft,0.7,brewery_official_sites_brand,
16608,1146,京の星,,,draft,0.7,brewery_official_sites_brand,
16610,1147,京纒,,,draft,0.85,brewery_official_sites_brand,
16612,1148,魯山人,,,draft,0.9,brewery_official_sites_brand,
16613,1148,六玄,,,draft,0.9,brewery_official_sites_brand,
16614,1148,洛伝,,,draft,0.9,brewery_official_sites_brand,
16617,1151,稼ぎ頭,,,draft,0.8,brewery_official_sites_brand,
16618,1151,The Assemblage,,,draft,0.8,brewery_official_sites_brand,
16619,1151,The Branché,,,draft,0.8,brewery_official_sites_brand,
16620,1151,把和游,,,draft,0.8,brewery_official_sites_brand,
16621,1151,祝40,,,draft,0.8,brewery_official_sites_brand,
16622,1151,柳,,,draft,0.8,brewery_official_sites_brand,
16623,1151,抱腹絶倒,,,draft,0.8,brewery_official_sites_brand,
16624,1151,吃驚仰天,,,draft,0.8,brewery_official_sites_brand,
16625,1151,夏の宴,,,draft,0.8,brewery_official_sites_brand,
16627,1152,日出盛,,,draft,0.85,brewery_official_sites_brand,
16628,1152,澤屋まつもと,,,draft,0.85,brewery_official_sites_brand,
16630,1154,一角,,,draft,0.9,brewery_official_sites_brand,
16632,1155,卯酉,,,draft,0.9,brewery_official_sites_brand,
16633,1155,松の翠,,,draft,0.9,brewery_official_sites_brand,
16634,1155,かぐや姫,,,draft,0.9,brewery_official_sites_brand,
16636,1157,山背諸白,,,draft,0.75,brewery_official_sites_brand,
16637,1157,徳次郎,,,draft,0.75,brewery_official_sites_brand,
16638,1157,青谷の梅,,,draft,0.75,brewery_official_sites_brand,
16639,7197,脊振湧水,,,draft,0.8,brewery_official_sites_brand,
16640,7197,梅音,,,draft,0.8,brewery_official_sites_brand,
16641,7197,Velvet,,,draft,0.8,brewery_official_sites_brand,
16642,7197,Rakes,,,draft,0.8,brewery_official_sites_brand,
16643,7197,Calm,,,draft,0.8,brewery_official_sites_brand,
16644,7197,とうとうと,,,draft,0.8,brewery_official_sites_brand,
16646,7209,古伊万里 前,,,draft,0.85,brewery_official_sites_brand,
16647,7209,NOMANNE,,,draft,0.85,brewery_official_sites_brand,
16649,7211,ほろほろに,,,draft,0.8,brewery_official_sites_brand,
16650,7211,杜氏の誉,,,draft,0.8,brewery_official_sites_brand,
16651,7211,蔵の音,,,draft,0.8,brewery_official_sites_brand,
16652,7211,うれしいの～,,,draft,0.8,brewery_official_sites_brand,
16653,7211,若虎,,,draft,0.8,brewery_official_sites_brand,
16654,7211,古湯,,,draft,0.8,brewery_official_sites_brand,
16656,7212,白菊,,,draft,0.85,brewery_official_sites_brand,
16658,7216,笑酒,,,draft,0.8,brewery_official_sites_brand,
16661,614,SHUSHU Light,,,draft,0.7,brewery_official_sites_brand,
16662,614,米だけの酒,,,draft,0.7,brewery_official_sites_brand,
16663,614,100人のきき酒師,,,draft,0.7,brewery_official_sites_brand,
16664,614,たまには酔いたい夜もある,,,draft,0.7,brewery_official_sites_brand,
16665,614,SUSTAINABLE CHALLENGE300,,,draft,0.7,brewery_official_sites_brand,
16667,616,白鶴 まる,,,draft,0.85,brewery_official_sites_brand,
16668,616,淡雪,,,draft,0.85,brewery_official_sites_brand,
16669,616,天空,,,draft,0.85,brewery_official_sites_brand,
16670,616,翔雲,,,draft,0.85,brewery_official_sites_brand,
16671,616,別鶴,,,draft,0.85,brewery_official_sites_brand,
16672,616,白鶴 御影郷,,,draft,0.85,brewery_official_sites_brand,
16673,616,HAKUTSURU SAKE CRAFT,,,draft,0.85,brewery_official_sites_brand,
16675,618,黒松剣菱,,,draft,0.85,brewery_official_sites_brand,
16676,618,極上黒松剣菱,,,draft,0.85,brewery_official_sites_brand,
16677,618,瑞穂黒松剣菱,,,draft,0.85,brewery_official_sites_brand,
16678,618,瑞祥黒松剣菱,,,draft,0.85,brewery_official_sites_brand,
16680,624,道灌,,,draft,0.9,brewery_official_sites_brand,
16681,624,湖弧艪,,,draft,0.9,brewery_official_sites_brand,
16682,624,浅柄野,,,draft,0.9,brewery_official_sites_brand,
16684,626,空蔵,,,draft,0.9,brewery_official_sites_brand,
16685,626,七ツ梅,,,draft,0.9,brewery_official_sites_brand,
16686,626,絲,,,draft,0.9,brewery_official_sites_brand,
16688,627,稀,,,draft,0.8,brewery_official_sites_brand,
16689,627,江戸一,,,draft,0.8,brewery_official_sites_brand,
16690,627,菰樽,,,draft,0.8,brewery_official_sites_brand,
16691,627,薪水,,,draft,0.8,brewery_official_sites_brand,
16692,627,のんたろう,,,draft,0.8,brewery_official_sites_brand,
16693,627,神戸桜,,,draft,0.8,brewery_official_sites_brand,
16694,627,花雫,,,draft,0.8,brewery_official_sites_brand,
16695,627,さくら,,,draft,0.8,brewery_official_sites_brand,
16696,627,蘇百年,,,draft,0.8,brewery_official_sites_brand,
16697,627,コウノトリ育むお酒,,,draft,0.8,brewery_official_sites_brand,
16698,627,荒牧屋太左衛門,,,draft,0.8,brewery_official_sites_brand,
16701,632,極上白鷹,,,draft,0.9,brewery_official_sites_brand,
16702,632,悦蔵,,,draft,0.9,brewery_official_sites_brand,
16703,632,清酒タイガース,,,draft,0.9,brewery_official_sites_brand,
16704,632,宮水の郷,,,draft,0.9,brewery_official_sites_brand,
16705,637,徳若,,,draft,0.9,brewery_official_sites_brand,
16706,637,碧の無二,,,draft,0.9,brewery_official_sites_brand,
16708,638,のものも,,,draft,0.9,brewery_official_sites_brand,
16709,638,辛丹波,,,draft,0.9,brewery_official_sites_brand,
16710,638,ワンカップ大関,,,draft,0.9,brewery_official_sites_brand,
16711,638,#J,,,draft,0.9,brewery_official_sites_brand,
16712,638,創家 大坂屋,,,draft,0.9,brewery_official_sites_brand,
16713,638,魁蔵,,,draft,0.9,brewery_official_sites_brand,
16714,640,千年一,,,draft,0.7,brewery_official_sites_brand,
16715,640,千代,,,draft,0.7,brewery_official_sites_brand,
16716,640,穂,,,draft,0.7,brewery_official_sites_brand,
16717,640,郁,,,draft,0.7,brewery_official_sites_brand,
16718,641,都美人,,,draft,0.6,brewery_official_sites_brand,
16721,644,加古屋,,,draft,0.9,brewery_official_sites_brand,
16722,644,天のひぼこ,,,draft,0.9,brewery_official_sites_brand,
16723,647,銀海,,,draft,0.5,brewery_official_sites_brand,
16725,648,真名井乃鶴,,,draft,0.6,brewery_official_sites_brand,
16726,649,名城,,,draft,0.55,brewery_official_sites_brand,
16727,649,みかえり兎,,,draft,0.55,brewery_official_sites_brand,
16728,649,極みの一滴,,,draft,0.55,brewery_official_sites_brand,
16729,649,兵庫男山,,,draft,0.55,brewery_official_sites_brand,
16730,649,官兵衛,,,draft,0.55,brewery_official_sites_brand,
16731,649,千姫,,,draft,0.55,brewery_official_sites_brand,
16732,649,金次郎,,,draft,0.55,brewery_official_sites_brand,
16733,649,銀次郎,,,draft,0.55,brewery_official_sites_brand,
16734,650,せっぴこ,,,draft,0.85,brewery_official_sites_brand,
16735,650,花雫,,,draft,0.85,brewery_official_sites_brand,
16736,650,宝,,,draft,0.85,brewery_official_sites_brand,
16737,650,宝尽くし,,,draft,0.85,brewery_official_sites_brand,
16738,650,せっぴこ古酒,,,draft,0.85,brewery_official_sites_brand,
16739,650,蔵出し辛口,,,draft,0.85,brewery_official_sites_brand,
16740,654,灘菊,,,draft,0.8,brewery_official_sites_brand,
16745,660,自然酒,,,draft,0.75,brewery_official_sites_brand,
16746,660,千歳,,,draft,0.75,brewery_official_sites_brand,
16748,662,笹の滴,,,draft,0.75,brewery_official_sites_brand,
16750,663,月の氷室,,,draft,0.8,brewery_official_sites_brand,
16751,665,黄桜,,,draft,0.5,brewery_official_sites_brand,
16753,666,闘竜灘,,,draft,0.6,brewery_official_sites_brand,
16754,668,富久錦,,,draft,0.85,brewery_official_sites_brand,
16755,668,純青,,,draft,0.85,brewery_official_sites_brand,
16758,670,日本魂,,,draft,0.8,brewery_official_sites_brand,
16760,671,花乃蔵,,,draft,0.9,brewery_official_sites_brand,
16762,672,葛酒,,,draft,0.6,brewery_official_sites_brand,
16763,674,青い鶴,,,draft,0.8,brewery_official_sites_brand,
16764,674,蒼穂,,,draft,0.8,brewery_official_sites_brand,
16765,674,稲見城,,,draft,0.8,brewery_official_sites_brand,
16766,674,駿州,,,draft,0.8,brewery_official_sites_brand,
16768,676,稲美,,,draft,0.85,brewery_official_sites_brand,
16769,676,杜氏の蔵,,,draft,0.85,brewery_official_sites_brand,
16770,676,渡る世間の鬼ころし,,,draft,0.85,brewery_official_sites_brand,
16771,676,円満家族鬼ころし,,,draft,0.85,brewery_official_sites_brand,
16772,676,円満家族マイルド,,,draft,0.85,brewery_official_sites_brand,
16774,676,桜浪漫,,,draft,0.85,brewery_official_sites_brand,
16775,677,梅響,,,draft,0.85,brewery_official_sites_brand,
16776,677,天貴,,,draft,0.85,brewery_official_sites_brand,
16777,677,GOLD,,,draft,0.85,brewery_official_sites_brand,
16778,677,白,,,draft,0.85,brewery_official_sites_brand,
16779,677,INISHIE,,,draft,0.85,brewery_official_sites_brand,
16780,677,ウメニシキ,,,draft,0.85,brewery_official_sites_brand,
16781,677,カマヤ,,,draft,0.85,brewery_official_sites_brand,
16782,677,イチノタニ,,,draft,0.85,brewery_official_sites_brand,
16783,677,キクザカリ,,,draft,0.85,brewery_official_sites_brand,
16784,677,サトノイズミ,,,draft,0.85,brewery_official_sites_brand,
16785,677,ナリマサ,,,draft,0.85,brewery_official_sites_brand,
16786,677,タモン,,,draft,0.85,brewery_official_sites_brand,
16787,677,ワカツル,,,draft,0.85,brewery_official_sites_brand,
16788,677,ヤマブキ,,,draft,0.85,brewery_official_sites_brand,
16789,677,キタノショ,,,draft,0.85,brewery_official_sites_brand,
16790,677,タニノコシ,,,draft,0.85,brewery_official_sites_brand,
16791,677,クスダマ,,,draft,0.85,brewery_official_sites_brand,
16792,677,ハナガキ,,,draft,0.85,brewery_official_sites_brand,
16793,677,タマガワ,,,draft,0.85,brewery_official_sites_brand,
16795,678,寛座,,,draft,0.9,brewery_official_sites_brand,
16796,678,碧冴えの澄みきり,,,draft,0.9,brewery_official_sites_brand,
16797,678,ツメタク,,,draft,0.9,brewery_official_sites_brand,
16798,678,摂州男山,,,draft,0.9,brewery_official_sites_brand,
16800,681,三田壱,,,draft,0.8,brewery_official_sites_brand,
16801,681,咲蔵,,,draft,0.8,brewery_official_sites_brand,
16804,6555,北の一星,,,draft,0.85,brewery_official_sites_brand,
16805,6555,亀甲蔵,,,draft,0.85,brewery_official_sites_brand,
16806,6555,小樽美人,,,draft,0.85,brewery_official_sites_brand,
16808,6556,吉翔,,,draft,0.85,brewery_official_sites_brand,
16810,6557,北海鬼ころし,,,draft,0.85,brewery_official_sites_brand,
16812,6559,十勝岳泥流地帯,,,draft,0.85,brewery_official_sites_brand,
16814,6560,旭神威,,,draft,0.9,brewery_official_sites_brand,
16815,6560,大雪,,,draft,0.9,brewery_official_sites_brand,
16816,6560,若蔵,,,draft,0.9,brewery_official_sites_brand,
16818,6562,国芳乃名取酒,,,draft,0.85,brewery_official_sites_brand,
16819,6562,北の稲穂,,,draft,0.85,brewery_official_sites_brand,
16820,6562,木綿屋,,,draft,0.85,brewery_official_sites_brand,
16821,6562,つまみつつ,,,draft,0.85,brewery_official_sites_brand,
16823,6565,海底力,,,draft,0.85,brewery_official_sites_brand,
16824,6565,霧笛,,,draft,0.85,brewery_official_sites_brand,
16825,6565,霧想雫,,,draft,0.85,brewery_official_sites_brand,
16826,6565,太陽色のひととき,,,draft,0.85,brewery_official_sites_brand,
16827,6565,花華,,,draft,0.85,brewery_official_sites_brand,
16829,4276,甲子,,,draft,0.9,brewery_official_sites_brand,
16830,4276,潤実,,,draft,0.9,brewery_official_sites_brand,
16833,4278,七福神,,,draft,0.75,brewery_official_sites_brand,
16834,4278,拾壱萬石,,,draft,0.75,brewery_official_sites_brand,
16835,4278,佐倉城,,,draft,0.75,brewery_official_sites_brand,
16836,4278,結,,,draft,0.75,brewery_official_sites_brand,
16837,4278,勘三郎,,,draft,0.75,brewery_official_sites_brand,
16840,4284,峯の精,,,draft,0.85,brewery_official_sites_brand,
16842,4286,吉祥月花,,,draft,0.8,brewery_official_sites_brand,
16845,4289,聖泉,,,draft,0.85,brewery_official_sites_brand,
16846,4289,鹿野山,,,draft,0.85,brewery_official_sites_brand,
16848,4290,東魁,,,draft,0.65,brewery_official_sites_brand,
16849,4290,八犬伝,,,draft,0.65,brewery_official_sites_brand,
16851,4291,竹岡,,,draft,0.85,brewery_official_sites_brand,
16852,4291,APPLE PRINCESS,,,draft,0.85,brewery_official_sites_brand,
16854,4293,海神,,,draft,0.7,brewery_official_sites_brand,
16855,4293,極から,,,draft,0.7,brewery_official_sites_brand,
16856,4293,上撰,,,draft,0.7,brewery_official_sites_brand,
16857,4294,稲花,,,draft,0.85,brewery_official_sites_brand,
16859,4296,鳴海,,,draft,0.8,brewery_official_sites_brand,
16862,4297,豊の鶴,,,draft,0.5,brewery_official_sites_brand,
16864,4298,AFS,,,draft,0.75,brewery_official_sites_brand,
16865,4298,玉響,,,draft,0.75,brewery_official_sites_brand,
16868,4300,九十九里,,,draft,0.8,brewery_official_sites_brand,
16870,4302,総乃寒菊,,,draft,0.8,brewery_official_sites_brand,
16871,4302,松尾自慢,,,draft,0.8,brewery_official_sites_brand,
16872,4302,OCEAN99,,,draft,0.8,brewery_official_sites_brand,
16873,4302,Occasional,,,draft,0.8,brewery_official_sites_brand,
16875,4303,大堤,,,draft,0.7,brewery_official_sites_brand,
16876,4303,雪のたより,,,draft,0.7,brewery_official_sites_brand,
16879,4308,叶,,,draft,0.7,brewery_official_sites_brand,
16880,4308,夢とまぼろしの物語,,,draft,0.7,brewery_official_sites_brand,
16881,4308,二人静,,,draft,0.7,brewery_official_sites_brand,
16883,4309,糀善,,,draft,0.85,brewery_official_sites_brand,
16884,4309,すいごうさかり,,,draft,0.85,brewery_official_sites_brand,
16885,4309,佐原ばやし,,,draft,0.85,brewery_official_sites_brand,
19737,4310,醍醐のしずく,,,draft,0.9,brewery_official_sites_brand,
19738,4310,発芽玄米酒むすひ,,,draft,0.9,brewery_official_sites_brand,
19739,4310,木桶,,,draft,0.9,brewery_official_sites_brand,
19740,4310,香取,,,draft,0.9,brewery_official_sites_brand,
19741,4310,墾,,,draft,0.9,brewery_official_sites_brand,
19742,4310,うふふのモト,,,draft,0.9,brewery_official_sites_brand,
19744,4311,不動,,,draft,0.9,brewery_official_sites_brand,
19746,4312,惣兵衛,,,draft,0.9,brewery_official_sites_brand,
19747,8820,雑賀,,,draft,0.85,brewery_official_sites_brand,
19748,8820,雑賀孫市,,,draft,0.85,brewery_official_sites_brand,
19749,8820,錦郷,,,draft,0.85,brewery_official_sites_brand,
19750,8823,紀土,,,draft,0.8,brewery_official_sites_brand,
19751,8823,鶴梅,,,draft,0.8,brewery_official_sites_brand,
19752,2494,稲美,,,draft,0.6,brewery_official_sites_brand,
19753,2494,杜氏の蔵,,,draft,0.6,brewery_official_sites_brand,
19754,2494,渡る世間の鬼ころし,,,draft,0.6,brewery_official_sites_brand,
19756,2494,播州錦,,,draft,0.6,brewery_official_sites_brand,
19757,2494,桜浪漫,,,draft,0.6,brewery_official_sites_brand,
19758,7110,泰明,,,draft,0.9,brewery_official_sites_brand,
19760,7110,トヨノカゼ,,,draft,0.9,brewery_official_sites_brand,
19761,7110,梅萬,,,draft,0.9,brewery_official_sites_brand,
19762,7110,舞香,,,draft,0.9,brewery_official_sites_brand,
19763,7110,麦波,,,draft,0.9,brewery_official_sites_brand,
19765,7111,むぎ大将,,,draft,0.75,brewery_official_sites_brand,
19766,7111,安心院風音,,,draft,0.75,brewery_official_sites_brand,
19767,7111,双葉山,,,draft,0.75,brewery_official_sites_brand,
19768,7111,竹乃宴,,,draft,0.75,brewery_official_sites_brand,
19769,7118,とっぱい,,,draft,0.9,brewery_official_sites_brand,
19770,7118,関の舌,,,draft,0.9,brewery_official_sites_brand,
19771,7118,喜納屋,,,draft,0.9,brewery_official_sites_brand,
19772,7119,龍梅,,,draft,0.7,brewery_official_sites_brand,
19773,7119,ベビースター酎,,,draft,0.7,brewery_official_sites_brand,
19774,7122,牟禮鶴,,,draft,0.85,brewery_official_sites_brand,
19775,7122,荒城の月,,,draft,0.85,brewery_official_sites_brand,
19776,7123,鷹来屋,,,draft,0.85,brewery_official_sites_brand,
19777,7123,華鷹,,,draft,0.85,brewery_official_sites_brand,
19779,7129,豊潤,,,draft,0.6,brewery_official_sites_brand,
19780,7137,久保,,,draft,0.9,brewery_official_sites_brand,
19781,7141,豊後清明,,,draft,0.85,brewery_official_sites_brand,
19782,7141,清明Alcohol78,,,draft,0.85,brewery_official_sites_brand,
19784,3229,あやめさけ,,,draft,0.85,brewery_official_sites_brand,
19785,3229,とんださけ,,,draft,0.85,brewery_official_sites_brand,
19786,3231,かたの桜,,,draft,0.9,brewery_official_sites_brand,
19787,3231,織姫の里,,,draft,0.9,brewery_official_sites_brand,
19788,3232,大門,,,draft,0.6,brewery_official_sites_brand,
19789,3232,大門利休梅,,,draft,0.6,brewery_official_sites_brand,
19791,3233,昇道無窮極,,,draft,0.75,brewery_official_sites_brand,
19792,3233,吉野杉の樽酒,,,draft,0.75,brewery_official_sites_brand,
19793,3233,稲の国の稲の酒,,,draft,0.75,brewery_official_sites_brand,
19794,3233,ふた穂,,,draft,0.75,brewery_official_sites_brand,
19796,3234,花紋,,,draft,0.85,brewery_official_sites_brand,
19797,3234,僧房酒,,,draft,0.85,brewery_official_sites_brand,
19799,3238,波有手,,,draft,0.85,brewery_official_sites_brand,
19803,5781,KURAMOTO,,,draft,0.7,brewery_official_sites_brand,
19804,5781,クランジ,,,draft,0.7,brewery_official_sites_brand,
19805,5781,ツゲノワール,,,draft,0.7,brewery_official_sites_brand,
19806,5781,つげのひむろ,,,draft,0.7,brewery_official_sites_brand,
19808,5782,生駒宝山,,,draft,0.5,brewery_official_sites_brand,
19810,5783,くらがり越え,,,draft,0.85,brewery_official_sites_brand,
19811,5783,聖天,,,draft,0.85,brewery_official_sites_brand,
19812,5783,酒屋藤兵衛,,,draft,0.85,brewery_official_sites_brand,
19813,5783,往馬,,,draft,0.85,brewery_official_sites_brand,
19815,5784,長屋王,,,draft,0.8,brewery_official_sites_brand,
19816,5784,クラビトノウタ,,,draft,0.8,brewery_official_sites_brand,
19817,5784,段違い辛口,,,draft,0.8,brewery_official_sites_brand,
19818,5784,めちゃ辛,,,draft,0.8,brewery_official_sites_brand,
19819,5784,生駒隧道,,,draft,0.8,brewery_official_sites_brand,
19822,5787,利兵衞,,,draft,0.8,brewery_official_sites_brand,
19823,5787,白檮,,,draft,0.8,brewery_official_sites_brand,
19824,5787,奈々露,,,draft,0.8,brewery_official_sites_brand,
19825,5787,旅酒,,,draft,0.8,brewery_official_sites_brand,
19828,5789,透明冠,,,draft,0.85,brewery_official_sites_brand,
19829,5789,悠久の光,,,draft,0.85,brewery_official_sites_brand,
19830,5789,初穂乃香,,,draft,0.85,brewery_official_sites_brand,
19832,5790,大倉,,,draft,0.85,brewery_official_sites_brand,
19833,5790,濁酒,,,draft,0.85,brewery_official_sites_brand,
19835,5791,葛城,,,draft,0.8,brewery_official_sites_brand,
19836,5791,秘蔵,,,draft,0.8,brewery_official_sites_brand,
19837,5791,天下一,,,draft,0.8,brewery_official_sites_brand,
19838,5791,豆樽,,,draft,0.8,brewery_official_sites_brand,
19840,5792,昇道無窮極,,,draft,0.75,brewery_official_sites_brand,
19841,5792,稲の国の稲の酒,,,draft,0.75,brewery_official_sites_brand,
19842,5792,ふた穂,,,draft,0.75,brewery_official_sites_brand,
19845,5795,篠峯,,,draft,0.9,brewery_official_sites_brand,
19847,5796,神代杉,,,draft,0.75,brewery_official_sites_brand,
19848,5796,十一代,,,draft,0.75,brewery_official_sites_brand,
19850,5799,大名庄屋酒,,,draft,0.9,brewery_official_sites_brand,
19851,5799,貴醸酒,,,draft,0.9,brewery_official_sites_brand,
19852,5799,累醸酒,,,draft,0.9,brewery_official_sites_brand,
19853,5799,卑弥呼の里,,,draft,0.9,brewery_official_sites_brand,
19855,5801,睡龍,,,draft,0.9,brewery_official_sites_brand,
19856,5801,生酛のどぶ,,,draft,0.9,brewery_official_sites_brand,
19857,5803,やたがらす,,,draft,0.85,brewery_official_sites_brand,
19858,5803,アッサンブラージュ,,,draft,0.85,brewery_official_sites_brand,
19860,4696,蓑かくし,,,draft,0.85,brewery_official_sites_brand,
19861,4696,源氏,,,draft,0.85,brewery_official_sites_brand,
19862,4696,わた雪,,,draft,0.85,brewery_official_sites_brand,
19863,4696,雫のきらめき,,,draft,0.85,brewery_official_sites_brand,
19864,4696,ケロハナ87,,,draft,0.85,brewery_official_sites_brand,
19866,4698,浪庵,,,draft,0.85,brewery_official_sites_brand,
19868,4699,浦霞禅,,,draft,0.9,brewery_official_sites_brand,
19869,4699,浦霞No.12,,,draft,0.9,brewery_official_sites_brand,
19876,6070,水のささやき,,,draft,0.85,brewery_official_sites_brand,
19877,6070,関桜,,,draft,0.85,brewery_official_sites_brand,
19878,6070,林,,,draft,0.85,brewery_official_sites_brand,
19880,6071,豪華生一本,,,draft,0.9,brewery_official_sites_brand,
19881,6071,巌瀬,,,draft,0.9,brewery_official_sites_brand,
19883,6072,さやか,,,draft,0.6,brewery_official_sites_brand,
19884,6072,剱岳,,,draft,0.6,brewery_official_sites_brand,
19886,6073,帆波,,,draft,0.85,brewery_official_sites_brand,
19887,6073,新喜呂,,,draft,0.85,brewery_official_sites_brand,
19889,6075,IWA,,,draft,0.85,brewery_official_sites_brand,
19891,6076,寿,,,draft,0.6,brewery_official_sites_brand,
19892,6076,土遊野,,,draft,0.6,brewery_official_sites_brand,
19893,6076,貴醸酒,,,draft,0.6,brewery_official_sites_brand,
19894,6076,ふなはし,,,draft,0.6,brewery_official_sites_brand,
19895,6077,羽根屋,,,draft,0.85,brewery_official_sites_brand,
19897,6078,富然,,,draft,0.85,brewery_official_sites_brand,
19898,6078,后,,,draft,0.85,brewery_official_sites_brand,
19901,6080,玉旭,,,draft,0.85,brewery_official_sites_brand,
19904,6081,有磯,,,draft,0.8,brewery_official_sites_brand,
19905,6081,初嵐,,,draft,0.8,brewery_official_sites_brand,
19906,6081,青海白峰,,,draft,0.8,brewery_official_sites_brand,
19908,6084,苗加屋,,,draft,0.85,brewery_official_sites_brand,
19909,6084,玄,,,draft,0.85,brewery_official_sites_brand,
19910,6084,itonami,,,draft,0.85,brewery_official_sites_brand,
19911,6084,三六〇,,,draft,0.85,brewery_official_sites_brand,
19912,6084,大正蔵,,,draft,0.85,brewery_official_sites_brand,
19914,6088,佐々成政,,,draft,0.55,brewery_official_sites_brand,
19915,6088,なりまさ,,,draft,0.55,brewery_official_sites_brand,
19916,6088,医王山,,,draft,0.55,brewery_official_sites_brand,
19918,1913,防長鶴,,,draft,0.9,brewery_official_sites_brand,
19919,1913,かほり,,,draft,0.9,brewery_official_sites_brand,
19921,1913,かほり鶴,,,draft,0.9,brewery_official_sites_brand,
19922,1913,要助,,,draft,0.9,brewery_official_sites_brand,
19923,1915,聖泉,,,draft,0.65,brewery_official_sites_brand,
19924,1915,若紫,,,draft,0.65,brewery_official_sites_brand,
19925,1915,山吹鶴,,,draft,0.65,brewery_official_sites_brand,
19926,1917,カネナカ,,,draft,0.85,brewery_official_sites_brand,
19927,1917,中島屋,,,draft,0.85,brewery_official_sites_brand,
19931,1920,Ohmine,,,draft,0.7,brewery_official_sites_brand,
19933,1923,わかむすめ,,,draft,0.8,brewery_official_sites_brand,
19935,1924,日下無双,,,draft,0.8,brewery_official_sites_brand,
19936,1924,寝太郎,,,draft,0.8,brewery_official_sites_brand,
19937,1927,Princess,,,draft,0.75,brewery_official_sites_brand,
19938,1927,スギヒメ,,,draft,0.75,brewery_official_sites_brand,
19939,1927,鴻城乃誉,,,draft,0.75,brewery_official_sites_brand,
19941,1928,MUSUHI,,,draft,0.85,brewery_official_sites_brand,
19943,1929,五,,,draft,0.85,brewery_official_sites_brand,
19944,1929,Mizuchi,,,draft,0.85,brewery_official_sites_brand,
19945,1929,トラタン,,,draft,0.85,brewery_official_sites_brand,
19947,1931,La+ YACHIYO,,,draft,0.8,brewery_official_sites_brand,
19948,1931,十粋,,,draft,0.8,brewery_official_sites_brand,
19949,1931,緋酉,,,draft,0.8,brewery_official_sites_brand,
19951,1933,ドメーヌ貴,,,draft,0.85,brewery_official_sites_brand,
19953,1934,萩の風,,,draft,0.85,brewery_official_sites_brand,
19954,1934,福良雀,,,draft,0.85,brewery_official_sites_brand,
19955,1934,城下町,,,draft,0.85,brewery_official_sites_brand,
19956,1934,生楽,,,draft,0.85,brewery_official_sites_brand,
19957,1935,三好,,,draft,0.6,brewery_official_sites_brand,
19958,1935,三女子,,,draft,0.6,brewery_official_sites_brand,
19961,6165,太冠,,,draft,0.7,brewery_official_sites_brand,
19962,2128,ふなくちとり,,,draft,0.85,brewery_official_sites_brand,
19963,2128,豊臣秀吉,,,draft,0.85,brewery_official_sites_brand,
19964,2128,織田信長,,,draft,0.85,brewery_official_sites_brand,
19965,2128,北政所寧,,,draft,0.85,brewery_official_sites_brand,
19966,2128,濃姫,,,draft,0.85,brewery_official_sites_brand,
19967,2128,秀吉Boasorte,,,draft,0.85,brewery_official_sites_brand,
19969,2130,天河,,,draft,0.8,brewery_official_sites_brand,
19970,2130,受福無疆,,,draft,0.8,brewery_official_sites_brand,
19971,2130,かかみ野,,,draft,0.8,brewery_official_sites_brand,
19973,2131,光琳,,,draft,0.75,brewery_official_sites_brand,
19974,2131,しろくま,,,draft,0.75,brewery_official_sites_brand,
19976,2132,鉄心,,,draft,0.85,brewery_official_sites_brand,
19977,2132,決戦関ヶ原,,,draft,0.85,brewery_official_sites_brand,
19978,2132,道三吟雪花,,,draft,0.85,brewery_official_sites_brand,
19979,2134,美濃錦,,,draft,0.8,brewery_official_sites_brand,
19981,2134,覚眠森水酒,,,draft,0.8,brewery_official_sites_brand,
19982,2134,あさちゃんのどぶろく,,,draft,0.8,brewery_official_sites_brand,
19983,2134,清流の国,,,draft,0.8,brewery_official_sites_brand,
19984,2138,射美,,,draft,0.9,brewery_official_sites_brand,
19987,2140,さんやほう,,,draft,0.85,brewery_official_sites_brand,
19989,2141,津島屋,,,draft,0.85,brewery_official_sites_brand,
19990,2142,黒松白扇,,,draft,0.85,brewery_official_sites_brand,
19992,2143,金泉,,,draft,0.7,brewery_official_sites_brand,
19993,2143,PEACE,,,draft,0.7,brewery_official_sites_brand,
19995,2144,むかしのまんま,,,draft,0.55,brewery_official_sites_brand,
19996,2144,山ノ湊,,,draft,0.55,brewery_official_sites_brand,
19997,2145,花盛,,,draft,0.6,brewery_official_sites_brand,
19998,2145,菊花盛,,,draft,0.6,brewery_official_sites_brand,
19999,2146,母情,,,draft,0.75,brewery_official_sites_brand,
20000,2146,ぐじょうろまん,,,draft,0.75,brewery_official_sites_brand,
20001,2146,踊り,,,draft,0.75,brewery_official_sites_brand,
20003,2147,大日泉,,,draft,0.55,brewery_official_sites_brand,
20008,2151,鉄盛,,,draft,0.85,brewery_official_sites_brand,
20009,2151,業物,,,draft,0.85,brewery_official_sites_brand,
20010,2151,最上神業物,,,draft,0.85,brewery_official_sites_brand,
20012,2152,明智光秀,,,draft,0.85,brewery_official_sites_brand,
20013,2152,富輿,,,draft,0.85,brewery_official_sites_brand,
20016,2155,ふかもり,,,draft,0.8,brewery_official_sites_brand,
20017,2155,春一番地,,,draft,0.8,brewery_official_sites_brand,
20019,2156,酔むすび,,,draft,0.85,brewery_official_sites_brand,
20021,2157,幻の城,,,draft,0.85,brewery_official_sites_brand,
20022,2157,ゑなのほまれ,,,draft,0.85,brewery_official_sites_brand,
20024,2159,酔むすび,,,draft,0.7,brewery_official_sites_brand,
23036,211,八海山,,,draft,0.8,brewery_official_sites_brand,
23037,211,風媒花,,,draft,0.8,brewery_official_sites_brand,
23038,211,ニセコ蝦夷富士,,,draft,0.8,brewery_official_sites_brand,
23039,220,N-888,,,draft,0.9,brewery_official_sites_brand,
23040,220,泰然,,,draft,0.9,brewery_official_sites_brand,
23041,220,長さん,,,draft,0.9,brewery_official_sites_brand,
23042,220,長者盛,,,draft,0.9,brewery_official_sites_brand,
23043,220,越の寒中梅,,,draft,0.9,brewery_official_sites_brand,
23044,220,福寿千歳,,,draft,0.9,brewery_official_sites_brand,
23045,220,丹頂錦,,,draft,0.9,brewery_official_sites_brand,
23046,220,錦鯉の里,,,draft,0.9,brewery_official_sites_brand,
23047,220,めだかの宿,,,draft,0.9,brewery_official_sites_brand,
23048,220,越後屋宗兵衛,,,draft,0.9,brewery_official_sites_brand,
23049,229,福顔,,,draft,0.85,brewery_official_sites_brand,
23051,229,越後平野,,,draft,0.85,brewery_official_sites_brand,
23052,229,宇寿屋,,,draft,0.85,brewery_official_sites_brand,
23053,229,越乃雪割草,,,draft,0.85,brewery_official_sites_brand,
23054,229,越乃向日葵,,,draft,0.85,brewery_official_sites_brand,
23055,229,越後大凧合戦,,,draft,0.85,brewery_official_sites_brand,
23056,229,えちご只今さんじょう,,,draft,0.85,brewery_official_sites_brand,
23058,238,ゆらぎ想天坊,,,draft,0.8,brewery_official_sites_brand,
23059,238,外伝,,,draft,0.8,brewery_official_sites_brand,
23060,238,大辛口,,,draft,0.8,brewery_official_sites_brand,
23062,246,潟舟,,,draft,0.75,brewery_official_sites_brand,
23063,246,雪舟,,,draft,0.75,brewery_official_sites_brand,
23064,255,代々泉,,,draft,0.85,brewery_official_sites_brand,
23065,255,五頭の酔泉,,,draft,0.85,brewery_official_sites_brand,
23067,255,五頭の雪,,,draft,0.85,brewery_official_sites_brand,
23068,255,嘉祥,,,draft,0.85,brewery_official_sites_brand,
23069,255,河内屋義照,,,draft,0.85,brewery_official_sites_brand,
23070,255,梅乃泉,,,draft,0.85,brewery_official_sites_brand,
23071,255,雪の雹,,,draft,0.85,brewery_official_sites_brand,
23072,255,蔵美人,,,draft,0.85,brewery_official_sites_brand,
23073,265,玉鶴,,,draft,0.6,brewery_official_sites_brand,
23074,265,楽天,,,draft,0.6,brewery_official_sites_brand,
23075,265,酒蔵自慢,,,draft,0.6,brewery_official_sites_brand,
23076,265,鬼ごろし伝説,,,draft,0.6,brewery_official_sites_brand,
23077,275,越乃白雁,,,draft,0.8,brewery_official_sites_brand,
23078,275,越乃碧,,,draft,0.8,brewery_official_sites_brand,
23079,275,越燦燦,,,draft,0.8,brewery_official_sites_brand,
23080,275,越後与板衆,,,draft,0.8,brewery_official_sites_brand,
23081,275,新之助,,,draft,0.8,brewery_official_sites_brand,
23083,295,やんま,,,draft,0.75,brewery_official_sites_brand,
23085,4,MIYASAKA,,,draft,0.85,brewery_official_sites_brand,
23086,12,水尾,,,draft,0.7,brewery_official_sites_brand,
23088,12,NEW ENGI,,,draft,0.7,brewery_official_sites_brand,
23089,21,福源,,,draft,0.7,brewery_official_sites_brand,
23090,21,福耳,,,draft,0.7,brewery_official_sites_brand,
23091,21,安曇野,,,draft,0.7,brewery_official_sites_brand,
23094,29,白金,,,draft,0.65,brewery_official_sites_brand,
23095,29,州,,,draft,0.65,brewery_official_sites_brand,
23096,29,碧漪軒,,,draft,0.65,brewery_official_sites_brand,
23097,29,ろく,,,draft,0.65,brewery_official_sites_brand,
23098,29,鴻山,,,draft,0.65,brewery_official_sites_brand,
23099,29,はなしぼり,,,draft,0.65,brewery_official_sites_brand,
23100,29,応龍,,,draft,0.65,brewery_official_sites_brand,
23102,37,献寿,,,draft,0.75,brewery_official_sites_brand,
23103,37,山恵錦,,,draft,0.75,brewery_official_sites_brand,
23104,45,澤の花,,,draft,0.7,brewery_official_sites_brand,
23105,45,雷電,,,draft,0.7,brewery_official_sites_brand,
23107,55,香月,,,draft,0.8,brewery_official_sites_brand,
23108,64,信州錦,,,draft,0.5,brewery_official_sites_brand,
23110,74,つきよしの,,,draft,0.85,brewery_official_sites_brand,
23111,74,Moonbloom Sake,,,draft,0.85,brewery_official_sites_brand,
23112,212,能鷹,,,draft,0.9,brewery_official_sites_brand,
23117,247,天地人,,,draft,0.85,brewery_official_sites_brand,
23118,247,巻機,,,draft,0.85,brewery_official_sites_brand,
23119,267,志雲,,,draft,0.9,brewery_official_sites_brand,
23120,267,日本国,,,draft,0.9,brewery_official_sites_brand,
23121,267,北翔,,,draft,0.9,brewery_official_sites_brand,
23122,267,無双,,,draft,0.9,brewery_official_sites_brand,
23123,277,田友,,,draft,0.85,brewery_official_sites_brand,
23124,277,伊乎乃,,,draft,0.85,brewery_official_sites_brand,
23125,277,越の初梅,,,draft,0.85,brewery_official_sites_brand,
23127,288,美守,,,draft,0.85,brewery_official_sites_brand,
23128,297,越乃八豊,,,draft,0.7,brewery_official_sites_brand,
23129,5,髙天,,,draft,0.9,brewery_official_sites_brand,
23133,30,本吉乃川,,,draft,0.85,brewery_official_sites_brand,
23135,38,吉田屋治助,,,draft,0.85,brewery_official_sites_brand,
23136,38,帰山,,,draft,0.85,brewery_official_sites_brand,
23138,46,凍米,,,draft,0.8,brewery_official_sites_brand,
23140,56,亀乃世,,,draft,0.85,brewery_official_sites_brand,
23141,65,黒松仙醸,,,draft,0.6,brewery_official_sites_brand,
23142,65,山恵錦,,,draft,0.6,brewery_official_sites_brand,
23143,65,一凛,,,draft,0.6,brewery_official_sites_brand,
23146,213,郷-GO-,,,draft,0.9,brewery_official_sites_brand,
23147,213,霧の塔,,,draft,0.9,brewery_official_sites_brand,
23148,213,郷-ポケット-,,,draft,0.9,brewery_official_sites_brand,
23149,213,郷-PINボトル-,,,draft,0.9,brewery_official_sites_brand,
23153,240,春よ来い,,,draft,0.9,brewery_official_sites_brand,
23154,240,奴奈川族,,,draft,0.9,brewery_official_sites_brand,
23155,240,連華山,,,draft,0.9,brewery_official_sites_brand,
23157,248,願人,,,draft,0.75,brewery_official_sites_brand,
23158,248,千の風,,,draft,0.75,brewery_official_sites_brand,
23160,257,初日正宗,,,draft,0.9,brewery_official_sites_brand,
23161,257,越後長岡城,,,draft,0.9,brewery_official_sites_brand,
23162,268,泉流彌彦,,,draft,0.8,brewery_official_sites_brand,
23163,268,泉流彌彦PREMIUM33,,,draft,0.8,brewery_official_sites_brand,
23164,268,彌彦愛国,,,draft,0.8,brewery_official_sites_brand,
23165,268,国酒伊彌彦,,,draft,0.8,brewery_official_sites_brand,
23166,268,幸運,,,draft,0.8,brewery_official_sites_brand,
23167,268,コシノロクハク,,,draft,0.8,brewery_official_sites_brand,
23168,268,READY!LADY!READY!,,,draft,0.8,brewery_official_sites_brand,
23169,268,ぽん酒ボール,,,draft,0.8,brewery_official_sites_brand,
23170,289,白龍,,,draft,0.85,brewery_official_sites_brand,
23171,289,笹屋茂左衛門,,,draft,0.85,brewery_official_sites_brand,
23172,289,茂左衛門,,,draft,0.85,brewery_official_sites_brand,
23173,289,からくち白龍,,,draft,0.85,brewery_official_sites_brand,
23175,298,朝日山,,,draft,0.95,brewery_official_sites_brand,
23176,298,洗心,,,draft,0.95,brewery_official_sites_brand,
23177,298,越州,,,draft,0.95,brewery_official_sites_brand,
23178,298,継,,,draft,0.95,brewery_official_sites_brand,
23180,6,冥利,,,draft,0.85,brewery_official_sites_brand,
23183,23,信乃大地,,,draft,0.8,brewery_official_sites_brand,
23184,47,無尽蔵,,,draft,0.75,brewery_official_sites_brand,
23186,57,菊印,,,draft,0.8,brewery_official_sites_brand,
23188,76,山三,,,draft,0.85,brewery_official_sites_brand,
23189,215,荷札酒,,,draft,0.8,brewery_official_sites_brand,
23190,215,BRILLIANCE,,,draft,0.8,brewery_official_sites_brand,
23191,224,雅楽代,,,draft,0.9,brewery_official_sites_brand,
23194,249,一輪一滴,,,draft,0.75,brewery_official_sites_brand,
23195,249,金無垢,,,draft,0.75,brewery_official_sites_brand,
23196,258,菅名岳,,,draft,0.85,brewery_official_sites_brand,
23197,258,越乃鹿六,,,draft,0.85,brewery_official_sites_brand,
23198,258,越乃美鹿,,,draft,0.85,brewery_official_sites_brand,
23199,258,酔星,,,draft,0.85,brewery_official_sites_brand,
23200,269,お福正宗,,,draft,0.75,brewery_official_sites_brand,
23201,269,山古志,,,draft,0.75,brewery_official_sites_brand,
23203,281,秀松,,,draft,0.9,brewery_official_sites_brand,
23204,281,夢,,,draft,0.9,brewery_official_sites_brand,
23205,281,かれん,,,draft,0.9,brewery_official_sites_brand,
23207,290,村松,,,draft,0.8,brewery_official_sites_brand,
23208,290,じゅんぎん,,,draft,0.8,brewery_official_sites_brand,
23213,32,西之門,,,draft,0.85,brewery_official_sites_brand,
23217,58,吉村,,,draft,0.9,brewery_official_sites_brand,
23219,68,十六代九郎右衛門,,,draft,0.85,brewery_official_sites_brand,
23220,233,菊水,,,draft,0.9,brewery_official_sites_brand,
23221,233,無冠帝,,,draft,0.9,brewery_official_sites_brand,
23222,242,舞鶴,,,draft,0.9,brewery_official_sites_brand,
23223,242,米の恩返し,,,draft,0.9,brewery_official_sites_brand,
23228,301,銀の翼,,,draft,0.85,brewery_official_sites_brand,
23229,301,弐式,,,draft,0.85,brewery_official_sites_brand,
23230,17,RYUSUISEN,,,draft,0.9,brewery_official_sites_brand,
23231,17,RYUSUISEN nova,,,draft,0.9,brewery_official_sites_brand,
23232,25,川中島,,,draft,0.85,brewery_official_sites_brand,
23233,25,桂月,,,draft,0.85,brewery_official_sites_brand,
23234,25,玄武,,,draft,0.85,brewery_official_sites_brand,
23235,25,善光寺,,,draft,0.85,brewery_official_sites_brand,
23236,25,Silky white,,,draft,0.85,brewery_official_sites_brand,
23238,41,牧水,,,draft,0.85,brewery_official_sites_brand,
23239,41,十二六,,,draft,0.85,brewery_official_sites_brand,
23241,49,黒澤,,,draft,0.85,brewery_official_sites_brand,
23242,49,雪國,,,draft,0.85,brewery_official_sites_brand,
23244,217,寿亀正宗,,,draft,0.85,brewery_official_sites_brand,
23246,217,梅ほの香,,,draft,0.85,brewery_official_sites_brand,
23247,217,朝一搾り,,,draft,0.85,brewery_official_sites_brand,
23249,243,笹印,,,draft,0.75,brewery_official_sites_brand,
23250,243,祝吹,,,draft,0.75,brewery_official_sites_brand,
23251,243,竹林爽風,,,draft,0.75,brewery_official_sites_brand,
23252,243,SASA・SUNDAY,,,draft,0.75,brewery_official_sites_brand,
23253,243,入魂の技,,,draft,0.75,brewery_official_sites_brand,
23254,252,宝ノ極,,,draft,0.85,brewery_official_sites_brand,
23255,252,宝山,,,draft,0.85,brewery_official_sites_brand,
23259,292,酒の芸術品,,,draft,0.9,brewery_official_sites_brand,
23260,292,天上大風,,,draft,0.9,brewery_official_sites_brand,
23261,292,心月輪,,,draft,0.9,brewery_official_sites_brand,
23262,9,信州舞姫,,,draft,0.85,brewery_official_sites_brand,
23263,9,翠露,,,draft,0.85,brewery_official_sites_brand,
23265,18,雷鳥,,,draft,0.8,brewery_official_sites_brand,
23266,18,白馬八方黒菱,,,draft,0.8,brewery_official_sites_brand,
23267,18,月波ノ月,,,draft,0.8,brewery_official_sites_brand,
23268,18,Alps Sparkle,,,draft,0.8,brewery_official_sites_brand,
23269,18,Star Shower,,,draft,0.8,brewery_official_sites_brand,
23270,26,棚田,,,draft,0.9,brewery_official_sites_brand,
23272,26,姨捨正宗,,,draft,0.9,brewery_official_sites_brand,
23273,26,風神雷神,,,draft,0.9,brewery_official_sites_brand,
23274,26,カメレオン,,,draft,0.9,brewery_official_sites_brand,
23276,34,どむろく,,,draft,0.85,brewery_official_sites_brand,
23277,34,彗,,,draft,0.85,brewery_official_sites_brand,
23278,34,直虎,,,draft,0.85,brewery_official_sites_brand,
23279,34,遠藤,,,draft,0.85,brewery_official_sites_brand,
23280,34,朝しぼり,,,draft,0.85,brewery_official_sites_brand,
23281,42,明鏡止水,,,draft,0.9,brewery_official_sites_brand,
23282,42,ALL NAGANO,,,draft,0.9,brewery_official_sites_brand,
23284,50,烈火,,,draft,0.65,brewery_official_sites_brand,
23285,50,よよいの酔,,,draft,0.65,brewery_official_sites_brand,
23286,60,どん蔵,,,draft,0.8,brewery_official_sites_brand,
23287,60,鬼かん,,,draft,0.8,brewery_official_sites_brand,
23288,60,酔園,,,draft,0.8,brewery_official_sites_brand,
23289,60,深江蔵,,,draft,0.8,brewery_official_sites_brand,
23291,70,善吉,,,draft,0.9,brewery_official_sites_brand,
23292,218,越後桜,,,draft,0.85,brewery_official_sites_brand,
23293,218,白鳥蔵,,,draft,0.85,brewery_official_sites_brand,
23297,253,さんずい,,,draft,0.8,brewery_official_sites_brand,
23299,262,八恵久比岐,,,draft,0.9,brewery_official_sites_brand,
23300,262,久比岐 和希水,,,draft,0.9,brewery_official_sites_brand,
23301,262,尾神,,,draft,0.9,brewery_official_sites_brand,
23302,262,Baton,,,draft,0.9,brewery_official_sites_brand,
23303,272,麒麟,,,draft,0.85,brewery_official_sites_brand,
23304,272,蒲原,,,draft,0.85,brewery_official_sites_brand,
23308,2,太一,,,draft,0.85,brewery_official_sites_brand,
23309,19,北安大国,,,draft,0.6,brewery_official_sites_brand,
23311,27,積善,,,draft,0.8,brewery_official_sites_brand,
23313,43,茜さす,,,draft,0.9,brewery_official_sites_brand,
23315,53,鏡花水月,,,draft,0.85,brewery_official_sites_brand,
23316,53,いわなみ,,,draft,0.85,brewery_official_sites_brand,
23317,53,1873,,,draft,0.85,brewery_official_sites_brand,
23319,61,生一本,,,draft,0.85,brewery_official_sites_brand,
23320,61,頼母鶴,,,draft,0.85,brewery_official_sites_brand,
23321,61,好々爺,,,draft,0.85,brewery_official_sites_brand,
23322,61,辰の吟,,,draft,0.85,brewery_official_sites_brand,
23323,61,霧訪,,,draft,0.85,brewery_official_sites_brand,
23324,61,絹華,,,draft,0.85,brewery_official_sites_brand,
23325,72,亀齢,,,draft,0.85,brewery_official_sites_brand,
23329,245,鮎,,,draft,0.85,brewery_official_sites_brand,
23331,245,初鮎,,,draft,0.85,brewery_official_sites_brand,
23332,245,毘びしゃもん,,,draft,0.85,brewery_official_sites_brand,
23333,245,さくらいろ,,,draft,0.85,brewery_official_sites_brand,
23334,245,さるはし,,,draft,0.85,brewery_official_sites_brand,
23335,245,Sweetfish,,,draft,0.85,brewery_official_sites_brand,
23336,263,天神囃子,,,draft,0.9,brewery_official_sites_brand,
23337,263,縄文の響,,,draft,0.9,brewery_official_sites_brand,
23338,263,吟麗,,,draft,0.9,brewery_official_sites_brand,
23339,263,八幡川,,,draft,0.9,brewery_official_sites_brand,
23340,263,越天翔,,,draft,0.9,brewery_official_sites_brand,
23341,274,吉乃川,,,draft,0.8,brewery_official_sites_brand,
23342,274,みなも,,,draft,0.8,brewery_official_sites_brand,
23343,274,杜氏の晩酌,,,draft,0.8,brewery_official_sites_brand,
23344,286,KENICHIRO,,,draft,0.55,brewery_official_sites_brand,
23345,286,K,,,draft,0.55,brewery_official_sites_brand,
23346,294,ゆきのまゆ,,,draft,0.9,brewery_official_sites_brand,
23347,294,深然,,,draft,0.9,brewery_official_sites_brand,
23348,294,苗場山,,,draft,0.9,brewery_official_sites_brand,
23349,294,酒発点,,,draft,0.9,brewery_official_sites_brand,
23351,11,Origine,,,draft,0.9,brewery_official_sites_brand,
23352,11,Éclipse,,,draft,0.9,brewery_official_sites_brand,
23353,11,NEW SUNRISE,,,draft,0.9,brewery_official_sites_brand,
23354,11,NEW SUNSET,,,draft,0.9,brewery_official_sites_brand,
23355,11,ROSIER,,,draft,0.9,brewery_official_sites_brand,
23356,11,NIWARINGO,,,draft,0.9,brewery_official_sites_brand,
23357,11,SUNQRINGO,,,draft,0.9,brewery_official_sites_brand,
23358,11,GOWARINGO,,,draft,0.9,brewery_official_sites_brand,
23359,11,EARTH,,,draft,0.9,brewery_official_sites_brand,
23360,11,JUPITER,,,draft,0.9,brewery_official_sites_brand,
23361,11,MARS,,,draft,0.9,brewery_official_sites_brand,
23362,11,VENUS,,,draft,0.9,brewery_official_sites_brand,
23363,11,Kiseki,,,draft,0.9,brewery_official_sites_brand,
23365,36,㐂久水,,,draft,0.7,brewery_official_sites_brand,
23366,36,猿庫の泉,,,draft,0.7,brewery_official_sites_brand,
23367,63,龍游,,,draft,0.9,brewery_official_sites_brand,
23368,63,井乃頭,,,draft,0.9,brewery_official_sites_brand,
23370,73,互,,,draft,0.9,brewery_official_sites_brand,
23371,73,59醸,,,draft,0.9,brewery_official_sites_brand,
26572,2681,百花の魁,,,draft,0.85,brewery_official_sites_brand,
26573,2681,里海の環,,,draft,0.85,brewery_official_sites_brand,
26574,2681,ひめの凜,,,draft,0.85,brewery_official_sites_brand,
26575,2681,つうの酒,,,draft,0.85,brewery_official_sites_brand,
26576,2681,SAKASO!,,,draft,0.85,brewery_official_sites_brand,
26577,2690,凛然,,,draft,0.8,brewery_official_sites_brand,
26578,2690,風早,,,draft,0.8,brewery_official_sites_brand,
26580,2702,鷹雄,,,draft,0.85,brewery_official_sites_brand,
26581,2702,観梅,,,draft,0.85,brewery_official_sites_brand,
26582,2702,雪の精,,,draft,0.85,brewery_official_sites_brand,
26584,7337,姿,,,draft,0.9,brewery_official_sites_brand,
26586,7348,日光囃子,,,draft,0.85,brewery_official_sites_brand,
26587,7348,御酒,,,draft,0.85,brewery_official_sites_brand,
26588,7357,七水,,,draft,0.85,brewery_official_sites_brand,
26591,5984,湖弧艪,,,draft,0.9,brewery_official_sites_brand,
26592,5984,浅柄野,,,draft,0.9,brewery_official_sites_brand,
26594,5992,甲賀風姿,,,draft,0.85,brewery_official_sites_brand,
26595,5992,楓葉,,,draft,0.85,brewery_official_sites_brand,
26597,6003,琵琶の舞,,,draft,0.9,brewery_official_sites_brand,
26598,6003,杜氏の舞,,,draft,0.9,brewery_official_sites_brand,
26599,6003,黒渡,,,draft,0.9,brewery_official_sites_brand,
26600,6003,青渡,,,draft,0.9,brewery_official_sites_brand,
26601,6003,霄,,,draft,0.9,brewery_official_sites_brand,
26603,6011,芳弥,,,draft,0.9,brewery_official_sites_brand,
26604,6011,雨垂れ石を穿つ,,,draft,0.9,brewery_official_sites_brand,
26605,6011,里山,,,draft,0.9,brewery_official_sites_brand,
26606,6011,今朝しぼり,,,draft,0.9,brewery_official_sites_brand,
26607,6011,双子座のスピカ,,,draft,0.9,brewery_official_sites_brand,
26608,6011,和の果のしずく,,,draft,0.9,brewery_official_sites_brand,
26609,5248,永平寺白龍,,,draft,0.85,brewery_official_sites_brand,
26610,5248,游,,,draft,0.85,brewery_official_sites_brand,
26612,5267,鳥浜,,,draft,0.9,brewery_official_sites_brand,
26614,5267,若狭自慢,,,draft,0.9,brewery_official_sites_brand,
26615,545,天寿,,,draft,0.85,brewery_official_sites_brand,
26616,545,鳥海山,,,draft,0.85,brewery_official_sites_brand,
26618,2682,藍雫,,,draft,0.85,brewery_official_sites_brand,
26620,7339,大那,,,draft,0.9,brewery_official_sites_brand,
26621,7339,新たな,,,draft,0.9,brewery_official_sites_brand,
26623,7349,万葉聖,,,draft,0.85,brewery_official_sites_brand,
26624,7349,花宝,,,draft,0.85,brewery_official_sites_brand,
26625,7349,今井昌平,,,draft,0.85,brewery_official_sites_brand,
26626,7349,とちぎの星,,,draft,0.85,brewery_official_sites_brand,
26629,5985,宗花,,,draft,0.9,brewery_official_sites_brand,
26631,5993,篤丸,,,draft,0.85,brewery_official_sites_brand,
26632,5993,大甲賀,,,draft,0.85,brewery_official_sites_brand,
26633,5993,月あかり,,,draft,0.85,brewery_official_sites_brand,
26634,5993,斬,,,draft,0.85,brewery_official_sites_brand,
26635,5239,玄達,,,draft,0.5,brewery_official_sites_brand,
26636,526,大納川,,,draft,0.9,brewery_official_sites_brand,
26637,526,天花,,,draft,0.9,brewery_official_sites_brand,
26638,526,山内杜氏,,,draft,0.9,brewery_official_sites_brand,
26639,526,おもり,,,draft,0.9,brewery_official_sites_brand,
26641,546,両関,,,draft,0.8,brewery_official_sites_brand,
26642,546,花邑,,,draft,0.8,brewery_official_sites_brand,
26643,555,阿櫻,,,draft,0.6,brewery_official_sites_brand,
26645,2684,大雄峰,,,draft,0.85,brewery_official_sites_brand,
26646,2684,石鎚正宗,,,draft,0.85,brewery_official_sites_brand,
26647,2684,さくらひめ,,,draft,0.85,brewery_official_sites_brand,
26648,2684,プリンセスミチコ,,,draft,0.85,brewery_official_sites_brand,
26651,7340,外池AUTHENTIC,,,draft,0.85,brewery_official_sites_brand,
26652,7340,望,,,draft,0.85,brewery_official_sites_brand,
26653,7340,HOWAHOWA白麹スパークリング酒,,,draft,0.85,brewery_official_sites_brand,
26654,7340,夏さんらん,,,draft,0.85,brewery_official_sites_brand,
26656,7350,NY,,,draft,0.85,brewery_official_sites_brand,
26657,7350,純矢板,,,draft,0.85,brewery_official_sites_brand,
26658,7350,十一正宗さくら,,,draft,0.85,brewery_official_sites_brand,
26659,7350,たかはら,,,draft,0.85,brewery_official_sites_brand,
26661,7360,帰一,,,draft,0.8,brewery_official_sites_brand,
26663,5986,北島,,,draft,0.9,brewery_official_sites_brand,
26665,5995,Origins of Blue,,,draft,0.9,brewery_official_sites_brand,
26668,5240,Purple Rain,,,draft,0.8,brewery_official_sites_brand,
26669,5240,THE BREW SAKE,,,draft,0.8,brewery_official_sites_brand,
26670,5240,國酒,,,draft,0.8,brewery_official_sites_brand,
26671,5240,CUVÉE,,,draft,0.8,brewery_official_sites_brand,
26672,5240,TRIO JUNMAI,,,draft,0.8,brewery_official_sites_brand,
26673,5250,雲の井,,,draft,0.9,brewery_official_sites_brand,
26674,5250,生一本,,,draft,0.9,brewery_official_sites_brand,
26675,5250,東雲,,,draft,0.9,brewery_official_sites_brand,
26676,5250,白雲,,,draft,0.9,brewery_official_sites_brand,
26677,5250,越路,,,draft,0.9,brewery_official_sites_brand,
26678,5250,うららの雲乃井,,,draft,0.9,brewery_official_sites_brand,
26679,5250,福雲,,,draft,0.9,brewery_official_sites_brand,
26681,5259,伝心,,,draft,0.9,brewery_official_sites_brand,
26682,5259,第一義諦,,,draft,0.9,brewery_official_sites_brand,
26683,5259,事無笑酒,,,draft,0.9,brewery_official_sites_brand,
26684,5259,一本義物語,,,draft,0.9,brewery_official_sites_brand,
26685,5259,秘之一本義,,,draft,0.9,brewery_official_sites_brand,
26686,5259,古熟,,,draft,0.9,brewery_official_sites_brand,
26687,5259,夢語り,,,draft,0.9,brewery_official_sites_brand,
26688,5259,Ippongi Rose,,,draft,0.9,brewery_official_sites_brand,
26689,5259,一朋,,,draft,0.9,brewery_official_sites_brand,
26690,527,銀鱗,,,draft,0.85,brewery_official_sites_brand,
26691,537,出羽の冨士,,,draft,0.75,brewery_official_sites_brand,
26692,537,おぼろ雪,,,draft,0.75,brewery_official_sites_brand,
26693,547,太平山,,,draft,0.85,brewery_official_sites_brand,
26694,547,天巧,,,draft,0.85,brewery_official_sites_brand,
26695,547,澄月,,,draft,0.85,brewery_official_sites_brand,
26696,556,美酒爛漫,,,draft,0.85,brewery_official_sites_brand,
26699,2695,いよ娘,,,draft,0.6,brewery_official_sites_brand,
26701,2707,大番,,,draft,0.65,brewery_official_sites_brand,
26702,7341,忠愛,,,draft,0.7,brewery_official_sites_brand,
26706,7361,辻善兵衛,,,draft,0.7,brewery_official_sites_brand,
26709,5997,喜量能,,,draft,0.9,brewery_official_sites_brand,
26710,6006,北国街道,,,draft,0.85,brewery_official_sites_brand,
26711,6006,桑酒,,,draft,0.85,brewery_official_sites_brand,
26713,5241,一期一会,,,draft,0.65,brewery_official_sites_brand,
26714,5241,無の心,,,draft,0.65,brewery_official_sites_brand,
26715,5241,春夏秋雪,,,draft,0.65,brewery_official_sites_brand,
26717,5260,月暈,,,draft,0.75,brewery_official_sites_brand,
26719,528,雪の茅舎,,,draft,0.8,brewery_official_sites_brand,
26720,528,聴雪,,,draft,0.8,brewery_official_sites_brand,
26721,528,花朝月夕,,,draft,0.8,brewery_official_sites_brand,
26722,539,山吹,,,draft,0.55,brewery_official_sites_brand,
26723,539,X3,,,draft,0.55,brewery_official_sites_brand,
26725,548,酔楽天,,,draft,0.85,brewery_official_sites_brand,
26726,548,古式純造り,,,draft,0.85,brewery_official_sites_brand,
26727,548,かもっ酒,,,draft,0.85,brewery_official_sites_brand,
26728,548,春雪,,,draft,0.85,brewery_official_sites_brand,
26729,548,よーいとナ,,,draft,0.85,brewery_official_sites_brand,
26730,557,新政,,,draft,0.7,brewery_official_sites_brand,
26731,557,No.6,,,draft,0.7,brewery_official_sites_brand,
26732,557,亜麻猫,,,draft,0.7,brewery_official_sites_brand,
26733,557,陽乃鳥,,,draft,0.7,brewery_official_sites_brand,
26734,557,瑠璃,,,draft,0.7,brewery_official_sites_brand,
26735,557,生成,,,draft,0.7,brewery_official_sites_brand,
26736,2686,日本心,,,draft,0.9,brewery_official_sites_brand,
26740,7342,北酒場,,,draft,0.85,brewery_official_sites_brand,
26742,5988,三連星,,,draft,0.85,brewery_official_sites_brand,
26743,5988,昇天神,,,draft,0.85,brewery_official_sites_brand,
26744,5988,霧隠,,,draft,0.85,brewery_official_sites_brand,
26748,5262,雪のしずく,,,draft,0.85,brewery_official_sites_brand,
26749,5262,智慧の水,,,draft,0.85,brewery_official_sites_brand,
26750,529,飛良泉,,,draft,0.5,brewery_official_sites_brand,
26751,540,千歳盛,,,draft,0.8,brewery_official_sites_brand,
26752,540,チトセザカリ,,,draft,0.8,brewery_official_sites_brand,
26753,549,山本,,,draft,0.8,brewery_official_sites_brand,
26754,549,白瀑,,,draft,0.8,brewery_official_sites_brand,
26755,549,天杉,,,draft,0.8,brewery_official_sites_brand,
26757,2687,成龍然,,,draft,0.9,brewery_official_sites_brand,
26758,2687,御代栄,,,draft,0.9,brewery_official_sites_brand,
26760,2698,七星剣,,,draft,0.85,brewery_official_sites_brand,
26761,2698,吹毛剣,,,draft,0.85,brewery_official_sites_brand,
26762,2698,一刀両断,,,draft,0.85,brewery_official_sites_brand,
26763,2698,隠し剣,,,draft,0.85,brewery_official_sites_brand,
26764,2698,美しき日日,,,draft,0.85,brewery_official_sites_brand,
26765,2698,幸三郎,,,draft,0.85,brewery_official_sites_brand,
26766,2698,内子座,,,draft,0.85,brewery_official_sites_brand,
26767,2698,深山,,,draft,0.85,brewery_official_sites_brand,
26768,2698,五億年,,,draft,0.85,brewery_official_sites_brand,
26769,2698,きらめきの吟,,,draft,0.85,brewery_official_sites_brand,
26770,2698,祈り千年,,,draft,0.85,brewery_official_sites_brand,
26771,2709,ブラッドオレンジ,,,draft,0.7,brewery_official_sites_brand,
26772,2709,天舎,,,draft,0.7,brewery_official_sites_brand,
26773,2709,真珠の時めき,,,draft,0.7,brewery_official_sites_brand,
26774,2709,海雀,,,draft,0.7,brewery_official_sites_brand,
26775,7343,朝日榮,,,draft,0.9,brewery_official_sites_brand,
26776,7343,東照,,,draft,0.9,brewery_official_sites_brand,
26777,7343,三毳山,,,draft,0.9,brewery_official_sites_brand,
26779,7354,熟露枯,,,draft,0.9,brewery_official_sites_brand,
26780,7354,極雫,,,draft,0.9,brewery_official_sites_brand,
26783,5989,Sensation,,,draft,0.85,brewery_official_sites_brand,
26784,5989,Monsoon,,,draft,0.85,brewery_official_sites_brand,
26785,5989,Masterpiece,,,draft,0.85,brewery_official_sites_brand,
26786,5989,Worldpeace,,,draft,0.85,brewery_official_sites_brand,
26787,5989,Akai Ito,,,draft,0.85,brewery_official_sites_brand,
26790,6008,蔵人,,,draft,0.75,brewery_official_sites_brand,
26793,5253,一筆啓上,,,draft,0.55,brewery_official_sites_brand,
26795,5263,梵 超吟,,,draft,0.9,brewery_official_sites_brand,
26796,5263,Dreams Come True,,,draft,0.9,brewery_official_sites_brand,
26797,5263,Wing Of Japan,,,draft,0.9,brewery_official_sites_brand,
26798,5263,梵 Gold,,,draft,0.9,brewery_official_sites_brand,
26799,530,高清水,,,draft,0.85,brewery_official_sites_brand,
26800,530,秀麗無比,,,draft,0.85,brewery_official_sites_brand,
26801,541,北鹿,,,draft,0.85,brewery_official_sites_brand,
26802,541,華秋田,,,draft,0.85,brewery_official_sites_brand,
26803,541,雪中貯蔵,,,draft,0.85,brewery_official_sites_brand,
26804,541,すずしな,,,draft,0.85,brewery_official_sites_brand,
26805,550,冬樹,,,draft,0.8,brewery_official_sites_brand,
26806,550,サワードッグ,,,draft,0.8,brewery_official_sites_brand,
26807,550,Fukunotomo DE Fukunotomo,,,draft,0.8,brewery_official_sites_brand,
26808,550,大吟醸福,,,draft,0.8,brewery_official_sites_brand,
26810,2688,雅寶,,,draft,0.8,brewery_official_sites_brand,
26811,2688,黒牡丹,,,draft,0.8,brewery_official_sites_brand,
26812,2688,花帯,,,draft,0.8,brewery_official_sites_brand,
26813,2688,MINAMOTO,,,draft,0.8,brewery_official_sites_brand,
26814,2688,IMABARI HERITAGE 1831,,,draft,0.8,brewery_official_sites_brand,
26815,2688,Jazz Brew,,,draft,0.8,brewery_official_sites_brand,
26816,2688,Organic,,,draft,0.8,brewery_official_sites_brand,
26817,2688,若紫,,,draft,0.8,brewery_official_sites_brand,
26818,2688,白鷺城,,,draft,0.8,brewery_official_sites_brand,
26820,2699,姫酒,,,draft,0.85,brewery_official_sites_brand,
26821,2699,色紙,,,draft,0.85,brewery_official_sites_brand,
26823,2713,花神,,,draft,0.85,brewery_official_sites_brand,
26824,2713,大和楽,,,draft,0.85,brewery_official_sites_brand,
26825,7345,素顔,,,draft,0.9,brewery_official_sites_brand,
26826,7345,しろいさけ,,,draft,0.9,brewery_official_sites_brand,
26827,7345,初代久太郎,,,draft,0.9,brewery_official_sites_brand,
26829,7345,ほほえみ,,,draft,0.9,brewery_official_sites_brand,
26830,7345,日光路,,,draft,0.9,brewery_official_sites_brand,
26831,7345,粕華,,,draft,0.9,brewery_official_sites_brand,
26832,7355,尊徳,,,draft,0.9,brewery_official_sites_brand,
26834,7355,日光誉,,,draft,0.9,brewery_official_sites_brand,
26835,7355,陸の王者,,,draft,0.9,brewery_official_sites_brand,
26836,7355,おっちゃん,,,draft,0.9,brewery_official_sites_brand,
26837,7355,清,,,draft,0.9,brewery_official_sites_brand,
26838,7355,松太郎,,,draft,0.9,brewery_official_sites_brand,
26841,5990,初恋,,,draft,0.85,brewery_official_sites_brand,
26842,5990,きもと太郎,,,draft,0.85,brewery_official_sites_brand,
26843,5990,みずかがみ,,,draft,0.85,brewery_official_sites_brand,
26844,5990,晴,,,draft,0.85,brewery_official_sites_brand,
26845,5990,玉栄,,,draft,0.85,brewery_official_sites_brand,
26846,5990,天晴,,,draft,0.85,brewery_official_sites_brand,
26847,5990,山田百恵,,,draft,0.85,brewery_official_sites_brand,
26848,5990,山田吟次郎,,,draft,0.85,brewery_official_sites_brand,
26850,6001,AZM,,,draft,0.8,brewery_official_sites_brand,
26851,6001,稲澄,,,draft,0.8,brewery_official_sites_brand,
26852,6001,夏多賀,,,draft,0.8,brewery_official_sites_brand,
26854,6009,藤樹,,,draft,0.85,brewery_official_sites_brand,
26855,6009,猩々之舞,,,draft,0.85,brewery_official_sites_brand,
26856,6009,比良天恵,,,draft,0.85,brewery_official_sites_brand,
26858,5245,若鹿,,,draft,0.85,brewery_official_sites_brand,
26859,5245,富成喜,,,draft,0.85,brewery_official_sites_brand,
26860,5245,岡の泉,,,draft,0.85,brewery_official_sites_brand,
26862,531,天の戸,,,draft,0.6,brewery_official_sites_brand,
26863,542,まんさくの花,,,draft,0.8,brewery_official_sites_brand,
26864,542,日の丸,,,draft,0.8,brewery_official_sites_brand,
26865,551,出羽鶴,,,draft,0.7,brewery_official_sites_brand,
26867,2689,宵い媛,,,draft,0.75,brewery_official_sites_brand,
26868,2700,風の里,,,draft,0.9,brewery_official_sites_brand,
26869,2700,鵜洲,,,draft,0.9,brewery_official_sites_brand,
26870,2700,共,,,draft,0.9,brewery_official_sites_brand,
26871,2700,Sakura hime,,,draft,0.9,brewery_official_sites_brand,
26872,2700,叶川,,,draft,0.9,brewery_official_sites_brand,
26876,7356,門外不出,,,draft,0.8,brewery_official_sites_brand,
26878,5983,ええとこどり,,,draft,0.65,brewery_official_sites_brand,
26879,5983,奏,,,draft,0.65,brewery_official_sites_brand,
26885,532,刈穂,,,draft,0.85,brewery_official_sites_brand,
26886,544,春霞,,,draft,0.85,brewery_official_sites_brand,
26887,544,栗林,,,draft,0.85,brewery_official_sites_brand,
26888,552,秀よし,,,draft,0.7,brewery_official_sites_brand,
26889,552,八乙女,,,draft,0.7,brewery_official_sites_brand,
26890,552,月涼み,,,draft,0.7,brewery_official_sites_brand,
26891,552,ラシャンテ,,,draft,0.7,brewery_official_sites_brand,
29605,2146,せせらぎ,,,draft,0.8,brewery_official_sites_brand,
29606,2146,ふかせ,,,draft,0.8,brewery_official_sites_brand,
29609,2148,始禄,,,draft,0.85,brewery_official_sites_brand,
29612,2151,まる尾,,,draft,0.85,brewery_official_sites_brand,
29613,2151,金まる尾,,,draft,0.85,brewery_official_sites_brand,
29615,2151,大業物,,,draft,0.85,brewery_official_sites_brand,
29616,2151,最上大業物,,,draft,0.85,brewery_official_sites_brand,
29618,2151,悠醸,,,draft,0.85,brewery_official_sites_brand,
29619,2151,銘醸,,,draft,0.85,brewery_official_sites_brand,
37084,2160,山ひだ,,,draft,0.85,brewery_official_sites_brand,
37085,2160,天恩,,,draft,0.85,brewery_official_sites_brand,
37086,2160,ひだ山水,,,draft,0.85,brewery_official_sites_brand,
37089,2163,龍の瞳,,,draft,0.85,brewery_official_sites_brand,
37090,2164,飛騨の甚五郎,,,draft,0.85,brewery_official_sites_brand,
37092,2164,梅子,,,draft,0.85,brewery_official_sites_brand,
37093,2164,ゆず兵衛,,,draft,0.85,brewery_official_sites_brand,
37094,2164,紙絵馬酒,,,draft,0.85,brewery_official_sites_brand,
37096,2166,雷吟,,,draft,0.85,brewery_official_sites_brand,
37097,2166,氷神,,,draft,0.85,brewery_official_sites_brand,
37098,2167,飛騨,,,draft,0.7,brewery_official_sites_brand,
37099,2167,白鷺,,,draft,0.7,brewery_official_sites_brand,
37100,2167,こもだる,,,draft,0.7,brewery_official_sites_brand,
37102,2168,飛切り,,,draft,0.85,brewery_official_sites_brand,
37103,2168,天のしずく,,,draft,0.85,brewery_official_sites_brand,
37104,2168,福寿円満,,,draft,0.85,brewery_official_sites_brand,
37105,2168,日野屋,,,draft,0.85,brewery_official_sites_brand,
37106,2168,天涼,,,draft,0.85,brewery_official_sites_brand,
37107,2168,ANDANTE,,,draft,0.85,brewery_official_sites_brand,
37108,2168,すますま,,,draft,0.85,brewery_official_sites_brand,
37110,2169,ATLAS,,,draft,0.85,brewery_official_sites_brand,
37111,2169,GALAXY,,,draft,0.85,brewery_official_sites_brand,
37113,2170,やんちゃ酒,,,draft,0.85,brewery_official_sites_brand,
37115,2171,神代,,,draft,0.85,brewery_official_sites_brand,
37117,5569,もりおかすぱぁくりんぐ,,,draft,0.85,brewery_official_sites_brand,
37118,5569,銀河鉄道の夜,,,draft,0.85,brewery_official_sites_brand,
37121,5573,宵の月,,,draft,0.85,brewery_official_sites_brand,
37122,5573,WANOTSUKI,,,draft,0.85,brewery_official_sites_brand,
37124,5574,アルビレオ,,,draft,0.75,brewery_official_sites_brand,
37125,5574,裕美の隠し酒,,,draft,0.75,brewery_official_sites_brand,
37127,5575,悠楽,,,draft,0.85,brewery_official_sites_brand,
37128,5575,我が家の春,,,draft,0.85,brewery_official_sites_brand,
37130,5576,山北,,,draft,0.7,brewery_official_sites_brand,
37131,5576,結の香,,,draft,0.7,brewery_official_sites_brand,
37132,5576,山田錦,,,draft,0.7,brewery_official_sites_brand,
37133,5576,吟ぎんが,,,draft,0.7,brewery_official_sites_brand,
37134,5576,堀米,,,draft,0.7,brewery_official_sites_brand,
37135,5576,紫波の匠,,,draft,0.7,brewery_official_sites_brand,
37139,5581,真心,,,draft,0.75,brewery_official_sites_brand,
37140,5581,磐乃井13,,,draft,0.75,brewery_official_sites_brand,
37141,5581,鬼渡,,,draft,0.75,brewery_official_sites_brand,
37142,5581,流郷 花泉,,,draft,0.75,brewery_official_sites_brand,
37143,5581,雅の舞,,,draft,0.75,brewery_official_sites_brand,
37144,5581,百磐,,,draft,0.75,brewery_official_sites_brand,
37145,5581,アチャラパ天国,,,draft,0.75,brewery_official_sites_brand,
37146,5581,カルイワノイ,,,draft,0.75,brewery_official_sites_brand,
37147,5581,放心,,,draft,0.75,brewery_official_sites_brand,
37148,5581,煩悩,,,draft,0.75,brewery_official_sites_brand,
37150,5583,源水,,,draft,0.8,brewery_official_sites_brand,
37151,5584,國華の薫,,,draft,0.85,brewery_official_sites_brand,
37152,5584,遠野小町,,,draft,0.85,brewery_official_sites_brand,
37153,5584,遠野ものがたり,,,draft,0.85,brewery_official_sites_brand,
37154,5584,清酒イーハトーブ,,,draft,0.85,brewery_official_sites_brand,
37155,5584,遠野夢街道,,,draft,0.85,brewery_official_sites_brand,
37156,5584,遠野河童の盗み酒,,,draft,0.85,brewery_official_sites_brand,
37157,5584,水の神 河童の川太郎,,,draft,0.85,brewery_official_sites_brand,
37159,5585,うみねこ,,,draft,0.6,brewery_official_sites_brand,
37162,5587,久慈川,,,draft,0.85,brewery_official_sites_brand,
37163,5587,北限の海女,,,draft,0.85,brewery_official_sites_brand,
37164,5587,鐵の道,,,draft,0.85,brewery_official_sites_brand,
37165,5587,三船十段,,,draft,0.85,brewery_official_sites_brand,
37167,7295,都錦,,,draft,0.85,brewery_official_sites_brand,
37168,7295,農酵酒,,,draft,0.85,brewery_official_sites_brand,
37169,7295,御厨,,,draft,0.85,brewery_official_sites_brand,
37170,7295,秘境奥島根弥栄,,,draft,0.85,brewery_official_sites_brand,
37171,7306,絹乃峰,,,draft,0.85,brewery_official_sites_brand,
37172,7891,保命酒,,,draft,0.2,brewery_official_sites_brand,
37173,7892,保命酒,,,draft,0.2,brewery_official_sites_brand,
37175,7895,海風土,,,draft,0.85,brewery_official_sites_brand,
37176,7895,美穂,,,draft,0.85,brewery_official_sites_brand,
37177,7895,白美,,,draft,0.85,brewery_official_sites_brand,
37178,7895,秋櫻,,,draft,0.85,brewery_official_sites_brand,
37179,7895,寿,,,draft,0.85,brewery_official_sites_brand,
37180,7895,Bon Time Style:B,,,draft,0.85,brewery_official_sites_brand,
37183,7901,華風車,,,draft,0.8,brewery_official_sites_brand,
37184,7901,久二,,,draft,0.8,brewery_official_sites_brand,
37185,7901,焚火じゃけぇ,,,draft,0.8,brewery_official_sites_brand,
37187,7903,森の唄,,,draft,0.85,brewery_official_sites_brand,
37189,7910,江田島,,,draft,0.85,brewery_official_sites_brand,
37190,7910,保万令,,,draft,0.85,brewery_official_sites_brand,
37191,7910,古鷹,,,draft,0.85,brewery_official_sites_brand,
37192,7910,特別警備隊同期の桜,,,draft,0.85,brewery_official_sites_brand,
37193,7910,ヨーソロ,,,draft,0.85,brewery_official_sites_brand,
37195,7912,剛吉,,,draft,0.8,brewery_official_sites_brand,
37196,7912,六代目,,,draft,0.8,brewery_official_sites_brand,
37197,7912,潤,,,draft,0.8,brewery_official_sites_brand,
37202,7918,光壽,,,draft,0.85,brewery_official_sites_brand,
37203,7918,広島錦,,,draft,0.85,brewery_official_sites_brand,
37204,7918,瑞兆賀茂鶴,,,draft,0.85,brewery_official_sites_brand,
37206,7919,蔵乃華,,,draft,0.8,brewery_official_sites_brand,
37208,7923,朱泉本仕込,,,draft,0.75,brewery_official_sites_brand,
37209,7923,山吹色の酒,,,draft,0.75,brewery_official_sites_brand,
37210,7923,緑泉本仕込,,,draft,0.75,brewery_official_sites_brand,
37211,7923,青泉純米吟醸生酒,,,draft,0.75,brewery_official_sites_brand,
37212,7923,壽,,,draft,0.75,brewery_official_sites_brand,
37213,7923,皇寿,,,draft,0.75,brewery_official_sites_brand,
37214,7923,延寿,,,draft,0.75,brewery_official_sites_brand,
37215,7923,造賀,,,draft,0.75,brewery_official_sites_brand,
37216,7923,一,,,draft,0.75,brewery_official_sites_brand,
37217,7923,COKUN,,,draft,0.75,brewery_official_sites_brand,
37218,7923,COKUN+,,,draft,0.75,brewery_official_sites_brand,
37219,7923,純米梅酒,,,draft,0.75,brewery_official_sites_brand,
37222,7936,金泉,,,draft,0.85,brewery_official_sites_brand,
37223,7936,不二若竹,,,draft,0.85,brewery_official_sites_brand,
37224,7936,寳剱,,,draft,0.85,brewery_official_sites_brand,
37225,7936,UGO premium,,,draft,0.85,brewery_official_sites_brand,
40722,6052,和右衛門,,,draft,0.7,brewery_official_sites_brand,
40723,6052,穰,,,draft,0.7,brewery_official_sites_brand,
40725,1374,東龍,,,draft,0.85,brewery_official_sites_brand,
40726,1374,佐藤東兵衛,,,draft,0.85,brewery_official_sites_brand,
40727,1374,玲瓏,,,draft,0.85,brewery_official_sites_brand,
40728,1374,龍の舞,,,draft,0.85,brewery_official_sites_brand,
40729,1374,龍や,,,draft,0.85,brewery_official_sites_brand,
40730,1374,和な,,,draft,0.85,brewery_official_sites_brand,
40731,1374,龍瑞,,,draft,0.85,brewery_official_sites_brand,
40732,1374,秘蔵,,,draft,0.85,brewery_official_sites_brand,
40733,1374,龍田屋,,,draft,0.85,brewery_official_sites_brand,
40734,1374,翔,,,draft,0.85,brewery_official_sites_brand,
40735,1374,東龍梅酒,,,draft,0.85,brewery_official_sites_brand,
40736,1375,鬼ころし,,,draft,0.85,brewery_official_sites_brand,
40737,1375,清洲城信長,,,draft,0.85,brewery_official_sites_brand,
40738,1375,祥鳳,,,draft,0.85,brewery_official_sites_brand,
40739,1375,あゆち,,,draft,0.85,brewery_official_sites_brand,
40740,1375,万楽,,,draft,0.85,brewery_official_sites_brand,
40741,1375,武将ノ誉,,,draft,0.85,brewery_official_sites_brand,
40744,1377,奈留美,,,draft,0.9,brewery_official_sites_brand,
40745,1377,古戦場 桶狭間,,,draft,0.9,brewery_official_sites_brand,
40746,1377,浮かれ猩々,,,draft,0.9,brewery_official_sites_brand,
40747,1377,酔笑人,,,draft,0.9,brewery_official_sites_brand,
40750,1397,ねのひ,,,draft,0.8,brewery_official_sites_brand,
40754,1407,藤兵衛,,,draft,0.75,brewery_official_sites_brand,
40755,1407,金紋,,,draft,0.75,brewery_official_sites_brand,
40756,1408,夢吟香,,,draft,0.85,brewery_official_sites_brand,
40757,1408,真,,,draft,0.85,brewery_official_sites_brand,
47338,10,白と果,,,draft,0.85,brewery_official_sites_brand,
47339,10,59醸酒,,,draft,0.85,brewery_official_sites_brand,
47340,31,豐賀,,,draft,0.75,brewery_official_sites_brand,
47465,16,一滴二滴,,,draft,0.8,brewery_official_sites_brand,
47466,16,内山乃雫,,,draft,0.8,brewery_official_sites_brand,
47469,75,和田龍の男,,,draft,0.85,brewery_official_sites_brand,
47470,75,コッ粋,,,draft,0.85,brewery_official_sites_brand,
47471,75,ひとすじ,,,draft,0.85,brewery_official_sites_brand,
47472,75,粋光,,,draft,0.85,brewery_official_sites_brand,
47549,22,五岳,,,draft,0.85,brewery_official_sites_brand,
47551,44,烈火,,,draft,0.85,brewery_official_sites_brand,
47552,44,よよいの酔,,,draft,0.85,brewery_official_sites_brand,
47612,24,信里の夜明け,,,draft,0.85,brewery_official_sites_brand,
47613,24,松の雪,,,draft,0.85,brewery_official_sites_brand,
47614,24,若松,,,draft,0.85,brewery_official_sites_brand,
47615,24,小松原パイン,,,draft,0.85,brewery_official_sites_brand,
47616,24,おしのさん,,,draft,0.85,brewery_official_sites_brand,
47645,28,美寿々錦,,,draft,0.85,brewery_official_sites_brand,
47648,54,松本城,,,draft,0.9,brewery_official_sites_brand,
47652,1132,美山てんごり,,,draft,0.85,brewery_official_sites_brand,
47653,1132,明智越,,,draft,0.85,brewery_official_sites_brand,
47654,1132,日吉晴,,,draft,0.85,brewery_official_sites_brand,
47666,655,龗雫,,,draft,0.9,brewery_official_sites_brand,
47669,659,青陽,,,draft,0.8,brewery_official_sites_brand,
47670,659,路上有花,,,draft,0.8,brewery_official_sites_brand,
47671,659,鼓春楽,,,draft,0.8,brewery_official_sites_brand,
47672,659,今朝思慕里,,,draft,0.8,brewery_official_sites_brand,
47675,675,金鵄盛典,,,draft,0.7,brewery_official_sites_brand,
47678,6558,北斗随想,,,draft,0.85,brewery_official_sites_brand,
47679,6558,冬花火,,,draft,0.85,brewery_official_sites_brand,
47681,6566,鳳凰,,,draft,0.75,brewery_official_sites_brand,
47682,6566,大海,,,draft,0.75,brewery_official_sites_brand,
47683,6566,瑤春,,,draft,0.75,brewery_official_sites_brand,
47684,6566,四島,,,draft,0.75,brewery_official_sites_brand,
47686,4280,宝焼酎,,,draft,0.3,brewery_official_sites_brand,
47687,4280,純,,,draft,0.3,brewery_official_sites_brand,
47688,4280,レジェンド,,,draft,0.3,brewery_official_sites_brand,
47689,4281,大雪乃蔵,,,rejected,0.1,brewery_official_sites_brand,"合同酒精旭川工場(id6561,北海道)の公式ページ(oenon.jp/product/sake/sake-brewery/godo.html)で「大雪連峰に磨かれた名水」と明記され北海道の銘柄と確認。オエノングループ製品カタログページの汎用スクレイピングによる誤帰属。"
47690,4281,北の誉,,,draft,0.4,brewery_official_sites_brand,要確認:オエノングループ製品カタログページ由来で、合同酒精(千葉/北海道)・福徳長酒類・秋田県醗酵工業のいずれの自社ブランドか未確定。
47695,4292,超特選大吟醸,,,draft,0.85,brewery_official_sites_brand,
47696,4292,愛山,,,draft,0.85,brewery_official_sites_brand,
47697,4292,寿,,,draft,0.85,brewery_official_sites_brand,
47698,4292,桑萬寿,,,draft,0.85,brewery_official_sites_brand,
47699,4292,トルチェ・ボヌール,,,draft,0.85,brewery_official_sites_brand,
47701,4295,どろりん子,,,draft,0.85,brewery_official_sites_brand,
47704,4301,守正,,,draft,0.85,brewery_official_sites_brand,
47706,8822,初光,,,draft,0.7,brewery_official_sites_brand,
47707,8822,おめでとう,,,draft,0.7,brewery_official_sites_brand,
47709,2485,花陽浴,,,draft,0.85,brewery_official_sites_brand,
47711,7114,宇佐むぎ,,,draft,0.9,brewery_official_sites_brand,
47712,7114,森のささやき,,,draft,0.9,brewery_official_sites_brand,
47713,7120,常徳屋,,,draft,0.5,brewery_official_sites_brand,
47715,7128,久住千羽鶴,,,draft,0.9,brewery_official_sites_brand,
47717,7131,真政,,,draft,0.85,brewery_official_sites_brand,
47719,3230,富田酒,,,draft,0.6,brewery_official_sites_brand,
47721,3235,篁,,,draft,0.6,brewery_official_sites_brand,
47723,3240,MOZU,,,draft,0.7,brewery_official_sites_brand,
47726,5780,貴仙寿,,,draft,0.85,brewery_official_sites_brand,
47727,5780,無上盃,,,draft,0.85,brewery_official_sites_brand,
47728,5780,朱雀門,,,draft,0.85,brewery_official_sites_brand,
47733,5800,稲戸屋,,,draft,0.85,brewery_official_sites_brand,
47734,5800,かぎろひ,,,draft,0.85,brewery_official_sites_brand,
47735,5800,千代の松,,,draft,0.85,brewery_official_sites_brand,
47736,5800,阿騎野,,,draft,0.85,brewery_official_sites_brand,
47745,6079,福鶴,,,draft,0.85,brewery_official_sites_brand,
47747,6079,ふくく,,,draft,0.85,brewery_official_sites_brand,
47748,6079,八王,,,draft,0.85,brewery_official_sites_brand,
47749,6079,瑞雲寿福,,,draft,0.85,brewery_official_sites_brand,
47752,6086,萬歳北一,,,draft,0.6,brewery_official_sites_brand,
47755,1918,はつもみぢ,,,draft,0.6,brewery_official_sites_brand,
47758,1921,獺祭BLUE,,,draft,0.95,brewery_official_sites_brand,
47760,2129,菊川,,,draft,0.6,brewery_official_sites_brand,
47910,1132,ひえ田野の湧水,,,draft,0.85,brewery_official_sites_brand,
47911,1132,ほの香,,,draft,0.85,brewery_official_sites_brand,
47912,1132,やまはい純米酒,,,draft,0.85,brewery_official_sites_brand,
47916,1132,酒伝 鬼ころし,,,draft,0.85,brewery_official_sites_brand,
47917,1140,キンシ正宗（金鵄正宗）,,,draft,0.8,brewery_official_sites_brand,
47918,1140,松屋久兵衛,,,draft,0.8,brewery_official_sites_brand,
47919,1140,桃山,,,draft,0.8,brewery_official_sites_brand,
47920,1140,金閣,,,draft,0.8,brewery_official_sites_brand,
47921,1140,銀閣,,,draft,0.8,brewery_official_sites_brand,
47922,1140,Bonita,,,draft,0.8,brewery_official_sites_brand,
47925,7203,結晴,,,draft,0.85,brewery_official_sites_brand,
47928,7218,肥州,,,draft,0.9,brewery_official_sites_brand,
47931,628,惣花,,,draft,0.85,brewery_official_sites_brand,
47932,628,晩酌,,,draft,0.85,brewery_official_sites_brand,
47933,628,鬼ころし,,,draft,0.85,brewery_official_sites_brand,
47934,628,しろたま,,,draft,0.85,brewery_official_sites_brand,
47939,643,どんとこい,,,draft,0.9,brewery_official_sites_brand,
47948,6553,五稜正宗,,,draft,0.9,brewery_official_sites_brand,
47956,4281,福徳長,,,rejected,0.05,brewery_official_sites_brand,「福徳長」は銘柄名ではなくオエノングループの姉妹会社「福徳長酒類株式会社」(id970)の社名。オエノングループ製品カタログページ(蔵元から探す:合同酒精/福徳長酒類/秋田県醗酵工業)の汎用スクレイピングで社名を銘柄名と誤認。
47957,4281,小野こまち,,,draft,0.6,brewery_official_sites_brand,要確認:オエノングループ製品カタログページ由来で、合同酒精(千葉/北海道)・福徳長酒類・秋田県醗酵工業のいずれの自社ブランドか未確定。
47958,4281,元禄美人,,,draft,0.6,brewery_official_sites_brand,要確認:オエノングループ製品カタログページ由来で、合同酒精(千葉/北海道)・福徳長酒類・秋田県醗酵工業のいずれの自社ブランドか未確定。
47974,7114,栄花,,,draft,0.9,brewery_official_sites_brand,
47982,5780,貴仙寿吉兆,,,draft,0.9,brewery_official_sites_brand,
47985,5788,うねび,,,draft,0.65,brewery_official_sites_brand,
47986,5788,香具山,,,draft,0.65,brewery_official_sites_brand,
47987,5788,宗久,,,draft,0.65,brewery_official_sites_brand,
47990,5797,華五神,,,draft,0.9,brewery_official_sites_brand,
47991,5797,古都の路,,,draft,0.9,brewery_official_sites_brand,
47994,5800,右近,,,draft,0.7,brewery_official_sites_brand,
48001,4715,日髙見,,,draft,0.95,brewery_official_sites_brand,
48004,4718,蔵王昇り龍,,,draft,0.85,brewery_official_sites_brand,
48005,4718,花撫子,,,draft,0.85,brewery_official_sites_brand,
48006,4718,ZAO,,,draft,0.85,brewery_official_sites_brand,
48019,1918,て、咲く,,,draft,0.85,brewery_official_sites_brand,
48020,1918,末摘花,,,draft,0.85,brewery_official_sites_brand,
48028,2161,氷室,,,draft,0.6,brewery_official_sites_brand,
48032,5572,朝紫,,,draft,0.55,brewery_official_sites_brand,
48033,5572,月華,,,draft,0.55,brewery_official_sites_brand,
48034,5572,里幸,,,draft,0.55,brewery_official_sites_brand,
48035,5572,雪の鼓,,,draft,0.55,brewery_official_sites_brand,
48036,5572,金印,,,draft,0.55,brewery_official_sites_brand,
48038,5578,南部関晴,,,draft,0.65,brewery_official_sites_brand,
48040,5580,金色堂,,,draft,0.8,brewery_official_sites_brand,
48041,5580,秘蔵,,,draft,0.8,brewery_official_sites_brand,
48047,7915,烏輪,,,draft,0.55,brewery_official_sites_brand,
48050,7920,ピオン,,,draft,0.85,brewery_official_sites_brand,
48051,7920,紅甘萬,,,draft,0.85,brewery_official_sites_brand,
48062,2692,蔵元の梅酒,,,draft,0.85,brewery_official_sites_brand,
48065,2704,田力,,,draft,0.9,brewery_official_sites_brand,
48066,2704,富士白菊,,,draft,0.9,brewery_official_sites_brand,
48067,2704,誰そ彼,,,draft,0.9,brewery_official_sites_brand,
48068,2705,遊亀玉川,,,draft,0.7,brewery_official_sites_brand,
48069,2708,宝泉坊,,,draft,0.7,brewery_official_sites_brand,
48070,2708,おくりおくら,,,draft,0.7,brewery_official_sites_brand,
48071,2708,あやぐも,,,draft,0.7,brewery_official_sites_brand,
48072,2708,凛,,,draft,0.7,brewery_official_sites_brand,
48106,216,上善如水,,,draft,0.85,brewery_official_sites_brand,
48107,216,白瀧,,,draft,0.85,brewery_official_sites_brand,
48108,216,魚沼,,,draft,0.85,brewery_official_sites_brand,
48109,216,湊屋藤助,,,draft,0.85,brewery_official_sites_brand,
48113,222,水の都 柳都,,,draft,0.9,brewery_official_sites_brand,
48114,222,越乃冬雪花,,,draft,0.9,brewery_official_sites_brand,
48115,222,わいわい,,,draft,0.9,brewery_official_sites_brand,
48116,222,越乃銀紋,,,draft,0.9,brewery_official_sites_brand,
48117,222,御神酒,,,draft,0.9,brewery_official_sites_brand,
48118,222,果実の音,,,draft,0.9,brewery_official_sites_brand,
48119,222,越乃白銀,,,draft,0.9,brewery_official_sites_brand,
48120,225,君の井,,,draft,0.85,brewery_official_sites_brand,
48121,225,伝承 君の井,,,draft,0.85,brewery_official_sites_brand,
48124,228,風和かぜやわらか,,,draft,0.9,brewery_official_sites_brand,
48125,228,拓ひらく,,,draft,0.9,brewery_official_sites_brand,
48126,228,上弦の月,,,draft,0.9,brewery_official_sites_brand,
48129,231,万穂,,,draft,0.85,brewery_official_sites_brand,
48130,231,学校蔵,,,draft,0.85,brewery_official_sites_brand,
49649,6883,そば雲海,,,draft,0.85,kumiai_miyazaki_detail,
49650,6883,吉兆雲海,,,draft,0.85,kumiai_miyazaki_detail,
49917,7134,麦焼酎由布之郷,,,draft,0.75,kumiai_oita_detail,
50721,6559,新十津川,,,draft,0.65,sakenowa_api,
50722,6559,金滴彗星,,,draft,0.65,sakenowa_api,
50724,6559,金滴吟風,,,draft,0.65,sakenowa_api,
50725,6559,金滴北雫,,,draft,0.65,sakenowa_api,
50727,6562,静熟,,,draft,0.65,sakenowa_api,
50729,6561,北の誉,,,draft,0.65,sakenowa_api,要確認:オエノングループ製品カタログページ由来で、合同酒精(千葉/北海道)・福徳長酒類・秋田県醗酵工業のいずれの自社ブランドか未確定。
50730,6561,鰊御殿,,,draft,0.65,sakenowa_api,
50731,6561,しゃばだ,,,draft,0.65,sakenowa_api,
50732,6561,鳳瑞,,,draft,0.65,sakenowa_api,
50733,6561,富貴,,,draft,0.65,sakenowa_api,
50736,6555,田中酒造,,,draft,0.65,sakenowa_api,
50737,6555,どぶろく（紅）,,,draft,0.65,sakenowa_api,
50738,6555,びほろ,,,draft,0.65,sakenowa_api,
50739,6560,風のささやき,,,draft,0.65,sakenowa_api,
50740,6560,えぞ乃熊,,,draft,0.65,sakenowa_api,
50742,6560,雪中美人,,,draft,0.65,sakenowa_api,
50743,6560,大法螺,,,draft,0.65,sakenowa_api,
50745,6560,ずZOOっと旭山,,,draft,0.65,sakenowa_api,
50747,6558,まる田,,,draft,0.65,sakenowa_api,
50749,6558,北の錦 真冬詰 大吟醸,,,draft,0.65,sakenowa_api,
50751,3446,えんぶり,,,draft,0.65,sakenowa_api,
50753,3446,夏どぶろっく,,,draft,0.65,sakenowa_api,
50754,3446,どぶろっく,,,draft,0.65,sakenowa_api,
50755,3446,陸奥田心,,,draft,0.65,sakenowa_api,
50759,3444,ももかわ,,,draft,0.65,sakenowa_api,
50760,3444,Nigori Genshu,,,draft,0.65,sakenowa_api,
50764,3441,縄文明水,,,draft,0.65,sakenowa_api,
50767,3441,さく田,,,draft,0.65,sakenowa_api,
50768,3441,SAKUTA,,,draft,0.65,sakenowa_api,
50771,3447,善知鳥,,,draft,0.65,sakenowa_api,
50775,5587,涼霞,,,draft,0.65,sakenowa_api,
50776,5587,白樺凛,,,draft,0.65,sakenowa_api,
50780,5583,ゆめほなみ,,,draft,0.65,sakenowa_api,
50781,5583,自然流,,,draft,0.65,sakenowa_api,
50782,5583,碧の風,,,draft,0.65,sakenowa_api,
50783,5583,虎舞,,,draft,0.65,sakenowa_api,
50785,5576,掘井,,,draft,0.65,sakenowa_api,
50789,5588,結の香,,,draft,0.65,sakenowa_api,
50790,5578,酉与右衛門,,,draft,0.65,sakenowa_api,
50791,5578,酔右衛門,,,draft,0.65,sakenowa_api,
50792,5578,よえもん,,,draft,0.65,sakenowa_api,
50794,5585,菱屋,,,draft,0.65,sakenowa_api,
50798,5582,夛賀多,,,draft,0.65,sakenowa_api,
50801,5571,杜の白菊,,,draft,0.65,sakenowa_api,
50807,4706,夏呼の夢,,,draft,0.65,sakenowa_api,
50808,4706,夏呼の酒,,,draft,0.65,sakenowa_api,
50815,4708,獨眼龍政宗,,,draft,0.65,sakenowa_api,
50816,4708,夢幻,,,draft,0.65,sakenowa_api,
50817,4708,天賞,,,draft,0.65,sakenowa_api,
50818,4702,愛宕の桜,,,draft,0.65,sakenowa_api,
50821,4702,あたごのまつ,,,draft,0.65,sakenowa_api,
50822,4702,ひと夏の恋,,,draft,0.65,sakenowa_api,
50823,4702,光正,,,draft,0.65,sakenowa_api,
50824,4702,超濃厚いちごヨーグルト酒,,,draft,0.65,sakenowa_api,
50825,4702,Espoir,,,draft,0.65,sakenowa_api,
50826,4702,思手成し酒,,,draft,0.65,sakenowa_api,
50827,4702,大学生の純米大吟醸,,,draft,0.65,sakenowa_api,
50828,4702,空木,,,draft,0.65,sakenowa_api,
50829,4702,飛龍,,,draft,0.65,sakenowa_api,
50830,4702,超濃厚ヨーグルト酒,,,draft,0.65,sakenowa_api,
50833,4695,あきうまい,,,draft,0.65,sakenowa_api,
50834,4695,仙臺驛政宗,,,draft,0.65,sakenowa_api,
50835,4695,仙台驛政宗,,,draft,0.65,sakenowa_api,
50838,4711,萩野,,,draft,0.65,sakenowa_api,
50839,4711,亀岡,,,draft,0.65,sakenowa_api,
50840,4701,大和伝,,,draft,0.65,sakenowa_api,
50843,4701,金龍,,,draft,0.65,sakenowa_api,
50844,4701,花めくすず音,,,draft,0.65,sakenowa_api,
50845,4701,萩丸,,,draft,0.65,sakenowa_api,
50846,4701,Again,,,draft,0.65,sakenowa_api,
50847,4701,Madena,,,draft,0.65,sakenowa_api,
50849,4714,伏見男山,,,draft,0.65,sakenowa_api,
50851,4714,気仙沼男山 梅酒,,,draft,0.65,sakenowa_api,
50853,4713,別格,,,draft,0.65,sakenowa_api,
50854,4713,蔵の華,,,draft,0.65,sakenowa_api,
50855,4713,亀鶴,,,draft,0.65,sakenowa_api,
50856,4713,喜祥,,,draft,0.65,sakenowa_api,
50858,4713,NAMIとUMI,,,draft,0.65,sakenowa_api,
50859,4713,船尾灯,,,draft,0.65,sakenowa_api,
50860,4713,ゆず酒,,,draft,0.65,sakenowa_api,
50861,4713,両國,,,draft,0.65,sakenowa_api,
50864,4699,萩の白露,,,draft,0.65,sakenowa_api,
50866,545,美酒天寿,,,draft,0.65,sakenowa_api,
50868,528,由利正宗,,,draft,0.65,sakenowa_api,
50870,528,斎称,,,draft,0.65,sakenowa_api,
50871,528,本荘,,,draft,0.65,sakenowa_api,
50872,547,穂月,,,draft,0.65,sakenowa_api,
50873,547,李空,,,draft,0.65,sakenowa_api,
50875,547,神月,,,draft,0.65,sakenowa_api,
50876,547,大平山,,,draft,0.65,sakenowa_api,
50877,547,津山,,,draft,0.65,sakenowa_api,
50879,531,じゃごたろ,,,draft,0.65,sakenowa_api,
50883,530,しみずの舞,,,draft,0.65,sakenowa_api,
50885,534,福小町,,,draft,0.65,sakenowa_api,
50886,534,角右衛門,,,draft,0.65,sakenowa_api,
50887,534,号外,,,draft,0.65,sakenowa_api,
50888,534,秋田杜氏,,,draft,0.65,sakenowa_api,
50889,534,瀧鯉,,,draft,0.65,sakenowa_api,
50890,553,喜一郎の酒,,,draft,0.65,sakenowa_api,
50891,553,喜三郎の酒,,,draft,0.65,sakenowa_api,
50892,553,亀の舞,,,draft,0.65,sakenowa_api,
50893,553,能代,,,draft,0.65,sakenowa_api,
50894,553,喜久水,,,draft,0.65,sakenowa_api,
50895,553,ヌップシル,,,draft,0.65,sakenowa_api,
50897,527,竜乃涙,,,draft,0.65,sakenowa_api,
50898,541,北秋田,,,draft,0.65,sakenowa_api,
50899,541,小天狗,,,draft,0.65,sakenowa_api,
50900,541,米代,,,draft,0.65,sakenowa_api,
50901,541,雪の十和田,,,draft,0.65,sakenowa_api,
50902,541,壱九禄○,,,draft,0.65,sakenowa_api,
50903,543,田从,,,draft,0.65,sakenowa_api,
50905,536,竿灯,,,draft,0.65,sakenowa_api,
50908,546,翠玉,,,draft,0.65,sakenowa_api,
50909,546,光節,,,draft,0.65,sakenowa_api,
50911,529,長亨,,,draft,0.65,sakenowa_api,
50912,529,マルヒ,,,draft,0.65,sakenowa_api,
50913,529,和泉屋市平衛,,,draft,0.65,sakenowa_api,
50915,542,紅まんさく,,,draft,0.65,sakenowa_api,
50916,542,十文字,,,draft,0.65,sakenowa_api,
50917,542,真人,,,draft,0.65,sakenowa_api,
50919,552,龍蟠,,,draft,0.65,sakenowa_api,
50921,552,LACHAMTE,,,draft,0.65,sakenowa_api,
50924,544,郷の清水,,,draft,0.65,sakenowa_api,
50925,544,無濾過生 春露 緑ラベル,,,draft,0.65,sakenowa_api,
50927,540,左多六,,,draft,0.65,sakenowa_api,
50928,540,すし屋の酒 粋心,,,draft,0.65,sakenowa_api,
50929,540,十和田 八幡平,,,draft,0.65,sakenowa_api,
50931,557,やまユ,,,draft,0.65,sakenowa_api,
50932,557,佐藤卯兵衛,,,draft,0.65,sakenowa_api,
50933,556,唐獅子,,,draft,0.65,sakenowa_api,
50934,556,牡丹,,,draft,0.65,sakenowa_api,
50935,556,爛漫,,,draft,0.65,sakenowa_api,
50937,538,農醸,,,draft,0.65,sakenowa_api,
50938,538,十五番,,,draft,0.65,sakenowa_api,
50939,856,侍士の門,,,draft,0.65,sakenowa_api,
50940,856,鯉川,,,draft,0.65,sakenowa_api,
50941,856,亀治好日,,,draft,0.65,sakenowa_api,
50942,856,別嬪,,,draft,0.65,sakenowa_api,
50943,875,羽陽男山,,,draft,0.65,sakenowa_api,
50944,875,壺天,,,draft,0.65,sakenowa_api,
50945,893,羽陽錦爛,,,draft,0.65,sakenowa_api,
50946,885,大山,,,draft,0.65,sakenowa_api,
50947,885,ささの舞,,,draft,0.65,sakenowa_api,
50948,885,十水,,,draft,0.65,sakenowa_api,
50951,870,上喜元,,,draft,0.65,sakenowa_api,
50952,870,上亀元,,,draft,0.65,sakenowa_api,
50953,870,中秋の風花,,,draft,0.65,sakenowa_api,
50954,891,澤正宗,,,draft,0.65,sakenowa_api,
50955,865,銀嶺月山,,,draft,0.65,sakenowa_api,
50956,865,銀嶺,,,draft,0.65,sakenowa_api,
50957,895,出羽桜,,,draft,0.65,sakenowa_api,
50958,892,あら玉,,,draft,0.65,sakenowa_api,
50959,864,羽前白梅,,,draft,0.65,sakenowa_api,
50960,864,尾浦城,,,draft,0.65,sakenowa_api,
50961,879,東北泉,,,draft,0.65,sakenowa_api,
50962,879,雪姫,,,draft,0.65,sakenowa_api,
50963,881,住吉,,,draft,0.65,sakenowa_api,
50964,881,樽平,,,draft,0.65,sakenowa_api,
50965,881,雪むかえ,,,draft,0.65,sakenowa_api,
50966,886,花羽陽,,,draft,0.65,sakenowa_api,
50967,886,若鮎物語,,,draft,0.65,sakenowa_api,
50968,886,縄文の宴,,,draft,0.65,sakenowa_api,
50969,868,十四代,,,draft,0.65,sakenowa_api,
50970,868,朝日鷹,,,draft,0.65,sakenowa_api,
50971,880,一献,,,draft,0.65,sakenowa_api,
50972,880,羽陽一献,,,draft,0.65,sakenowa_api,
50973,855,霞城寿,,,draft,0.65,sakenowa_api,
50974,855,三百年の掟やぶり,,,draft,0.65,sakenowa_api,
50975,855,千代壽,,,draft,0.65,sakenowa_api,
50976,855,杜氏の蔵隠し,,,draft,0.65,sakenowa_api,
50977,883,白露垂珠,,,draft,0.65,sakenowa_api,
50978,883,竹の露,,,draft,0.65,sakenowa_api,
50979,890,山形正宗,,,draft,0.65,sakenowa_api,
50980,890,酔芙蓉,,,draft,0.65,sakenowa_api,
50981,890,乙七,,,draft,0.65,sakenowa_api,
50982,890,malola,,,draft,0.65,sakenowa_api,
50983,871,鶴翔,,,draft,0.65,sakenowa_api,
50984,871,まほろば,,,draft,0.65,sakenowa_api,
50985,871,さなえ,,,draft,0.65,sakenowa_api,
50986,871,米鶴,,,draft,0.65,sakenowa_api,
50987,871,かっぱ,,,draft,0.65,sakenowa_api,
50988,871,ささのは さらさら,,,draft,0.65,sakenowa_api,
50989,871,ささのはさらさら,,,draft,0.65,sakenowa_api,
50990,877,輝ら星の如く,,,draft,0.65,sakenowa_api,
50991,877,フモトヰ,,,draft,0.65,sakenowa_api,
50992,877,麓井,,,draft,0.65,sakenowa_api,
50993,877,JOSANEG生もと生原酒,,,draft,0.65,sakenowa_api,
50994,857,庄五郎,,,draft,0.65,sakenowa_api,
50995,857,秀鳳,,,draft,0.65,sakenowa_api,
50996,857,珠韻,,,draft,0.65,sakenowa_api,
50997,857,La Jomon,,,draft,0.65,sakenowa_api,
50998,862,くどき上手,,,draft,0.65,sakenowa_api,
50999,862,ばくれん,,,draft,0.65,sakenowa_api,
51000,862,おしゅん,,,draft,0.65,sakenowa_api,
51001,862,スーパーくどき上手,,,draft,0.65,sakenowa_api,
51002,852,東光,,,draft,0.65,sakenowa_api,
51003,852,洌,,,draft,0.65,sakenowa_api,
51004,872,六歌仙,,,draft,0.65,sakenowa_api,
51005,872,ひととき,,,draft,0.65,sakenowa_api,
51006,872,山法師,,,draft,0.65,sakenowa_api,
51007,872,葉山醴泉,,,draft,0.65,sakenowa_api,
51008,874,杉勇,,,draft,0.65,sakenowa_api,
51009,874,赤福助,,,draft,0.65,sakenowa_api,
51010,874,くくみ酒,,,draft,0.65,sakenowa_api,
51011,874,嵐童,,,draft,0.65,sakenowa_api,
51012,867,出羽ノ雪,,,draft,0.65,sakenowa_api,
51013,867,和田来,,,draft,0.65,sakenowa_api,
51014,858,清泉川,,,draft,0.65,sakenowa_api,
51015,896,いなほ,,,draft,0.65,sakenowa_api,
51016,896,初孫,,,draft,0.65,sakenowa_api,
51017,878,辯天,,,draft,0.65,sakenowa_api,
51018,878,酒中楽康,,,draft,0.65,sakenowa_api,
51019,866,富久鶴,,,draft,0.65,sakenowa_api,
51020,866,雅山流,,,draft,0.65,sakenowa_api,
51021,78,鶴水,,,draft,0.65,sakenowa_api,
51023,78,十口万,,,draft,0.65,sakenowa_api,
51024,78,ふくしま春空,,,draft,0.65,sakenowa_api,
51026,98,真桜,,,draft,0.65,sakenowa_api,
51027,98,八重の休日,,,draft,0.65,sakenowa_api,
51028,98,妙花闌曲,,,draft,0.65,sakenowa_api,
51030,83,辰,,,draft,0.65,sakenowa_api,
51034,129,十八代,,,draft,0.65,sakenowa_api,
51035,129,穏,,,draft,0.65,sakenowa_api,
51036,129,自然酒,,,draft,0.65,sakenowa_api,
51037,129,田村,,,draft,0.65,sakenowa_api,
51038,129,金寳自然酒,,,draft,0.65,sakenowa_api,
51042,113,会津士魂,,,draft,0.65,sakenowa_api,
51044,120,あけぼの,,,draft,0.65,sakenowa_api,
51045,120,一生青春,,,draft,0.65,sakenowa_api,
51046,120,央,,,draft,0.65,sakenowa_api,
51047,120,Bange Yamada Hanjukunama,,,draft,0.65,sakenowa_api,
51048,120,瑞幸,,,draft,0.65,sakenowa_api,
51049,120,掌玉,,,draft,0.65,sakenowa_api,
51052,80,永寳屋,,,draft,0.65,sakenowa_api,
51053,126,夢そうま,,,draft,0.65,sakenowa_api,
51054,126,ゴールド人気,,,draft,0.65,sakenowa_api,
51056,128,冩楽,,,draft,0.65,sakenowa_api,
51057,128,宮泉,,,draft,0.65,sakenowa_api,
51058,124,國,,,draft,0.65,sakenowa_api,
51061,122,奥会津,,,draft,0.65,sakenowa_api,
51062,122,大和川,,,draft,0.65,sakenowa_api,
51064,122,彌右衛門,,,draft,0.65,sakenowa_api,
51065,122,野恩,,,draft,0.65,sakenowa_api,
51066,122,ぎんます,,,draft,0.65,sakenowa_api,
51067,122,それがし,,,draft,0.65,sakenowa_api,
51068,122,夢酔月,,,draft,0.65,sakenowa_api,
51069,122,二代目秘田,,,draft,0.65,sakenowa_api,
51071,81,星自慢,,,draft,0.65,sakenowa_api,
51072,81,きたのはな,,,draft,0.65,sakenowa_api,
51074,121,飛露喜,,,draft,0.65,sakenowa_api,
51075,121,泉川,,,draft,0.65,sakenowa_api,
51077,100,太平櫻,,,draft,0.65,sakenowa_api,
51080,107,口万,,,draft,0.65,sakenowa_api,
51081,107,だちゅー,,,draft,0.65,sakenowa_api,
51082,107,だぢゅー,,,draft,0.65,sakenowa_api,
51085,89,夢の香,,,draft,0.65,sakenowa_api,
51088,132,會津,,,draft,0.65,sakenowa_api,
51090,132,凛,,,draft,0.65,sakenowa_api,
51091,127,会津の八重,,,draft,0.65,sakenowa_api,
51092,127,笹の川,,,draft,0.65,sakenowa_api,
51094,82,自然郷さわやか,,,draft,0.65,sakenowa_api,
51097,125,いいで,,,draft,0.65,sakenowa_api,
51099,93,奈良萬,,,draft,0.65,sakenowa_api,
51100,93,夢心,,,draft,0.65,sakenowa_api,
51102,130,ささまさむね,,,draft,0.65,sakenowa_api,
51105,5513,郷乃誉,,,draft,0.65,sakenowa_api,
51108,5513,香薫光,,,draft,0.65,sakenowa_api,
51110,5519,浦里,,,draft,0.65,sakenowa_api,
51111,5517,渡舟,,,draft,0.65,sakenowa_api,
51112,5517,太平海,,,draft,0.65,sakenowa_api,
51113,5517,府中誉,,,draft,0.65,sakenowa_api,
51114,5517,大平海,,,draft,0.65,sakenowa_api,
51115,5520,筑西,,,draft,0.65,sakenowa_api,
51117,5520,MELLOW,,,draft,0.65,sakenowa_api,
51118,5520,魔愚魔,,,draft,0.65,sakenowa_api,
51119,5534,大観,,,draft,0.65,sakenowa_api,
51120,5534,森嶋,,,draft,0.65,sakenowa_api,
51121,5534,富士大観,,,draft,0.65,sakenowa_api,
51123,5508,なごやか,,,draft,0.65,sakenowa_api,
51124,5508,ひたち錦,,,draft,0.65,sakenowa_api,
51125,5508,道春,,,draft,0.65,sakenowa_api,
51129,5525,鼓山,,,draft,0.65,sakenowa_api,
51130,5525,水府自慢,,,draft,0.65,sakenowa_api,
51133,7344,かねたまる,,,draft,0.65,sakenowa_api,
51139,7339,あかまる太郎,,,draft,0.65,sakenowa_api,
51141,7362,九尾,,,draft,0.65,sakenowa_api,
51143,7351,開夏,,,draft,0.65,sakenowa_api,
51144,7351,開花宣言,,,draft,0.65,sakenowa_api,
51145,7351,開花,,,draft,0.65,sakenowa_api,
51146,7353,雄東,,,draft,0.65,sakenowa_api,
51148,7353,鷗樹,,,draft,0.65,sakenowa_api,
51153,6535,堀越二郎,,,draft,0.65,sakenowa_api,
51154,6535,初しぼり,,,draft,0.65,sakenowa_api,
51155,6535,いわお,,,draft,0.65,sakenowa_api,
51156,6535,秋上がり,,,draft,0.65,sakenowa_api,
51157,6535,舞風,,,draft,0.65,sakenowa_api,
51158,6535,巌,,,draft,0.65,sakenowa_api,
51164,6550,初しぼり,,,draft,0.65,sakenowa_api,
51165,6540,誉国光,,,draft,0.65,sakenowa_api,
51166,6540,つぼみ,,,draft,0.65,sakenowa_api,
51169,6542,尾瀬の酒,,,draft,0.65,sakenowa_api,
51172,6542,武尊の雪,,,draft,0.65,sakenowa_api,
51175,6532,夢二物語,,,draft,0.65,sakenowa_api,
51176,6527,若水,,,draft,0.65,sakenowa_api,
51177,6527,かかあ天下,,,draft,0.65,sakenowa_api,
51178,6527,亭主関白,,,draft,0.65,sakenowa_api,
51179,6527,清りょう,,,draft,0.65,sakenowa_api,
51181,6527,ころとんのお酒,,,draft,0.65,sakenowa_api,
51182,6527,？？？,,,draft,0.65,sakenowa_api,
51185,6537,湯けむりの里,,,draft,0.65,sakenowa_api,
51186,6537,米だけの酒,,,draft,0.65,sakenowa_api,
51193,6546,尾瀬の雪どけ,,,draft,0.65,sakenowa_api,
51194,6546,龍神,,,draft,0.65,sakenowa_api,
51196,6545,遊,,,draft,0.65,sakenowa_api,
51197,2486,小鳥のさえずり,,,draft,0.65,sakenowa_api,
51198,2486,神亀,,,draft,0.65,sakenowa_api,
51199,2486,ひこ孫,,,draft,0.65,sakenowa_api,
51200,2486,仙亀,,,draft,0.65,sakenowa_api,
51201,2512,米一途,,,draft,0.65,sakenowa_api,
51202,2512,丸眞正宗,,,draft,0.65,sakenowa_api,
51203,2512,米だけのやさしい思いやり,,,draft,0.65,sakenowa_api,
51204,2512,飲人不知,,,draft,0.65,sakenowa_api,
51205,2512,通の酒,,,draft,0.65,sakenowa_api,
51206,2512,極上ノ辛口 清酒 上撰15度,,,draft,0.65,sakenowa_api,
51207,2512,金紋,,,draft,0.65,sakenowa_api,
51208,2512,天狗のどぶろく,,,draft,0.65,sakenowa_api,
51209,2497,菊泉,,,draft,0.65,sakenowa_api,
51210,2483,直実,,,draft,0.65,sakenowa_api,
51211,2487,あの花,,,draft,0.65,sakenowa_api,
51212,2487,武甲正宗,,,draft,0.65,sakenowa_api,
51213,2510,日本橋,,,draft,0.65,sakenowa_api,
51214,2506,越生梅林,,,draft,0.65,sakenowa_api,
51216,4278,くらのおり酒,,,draft,0.65,sakenowa_api,
51222,4310,酒宴楽園 パラダイ酒,,,draft,0.65,sakenowa_api,
51223,4310,木桶仕込,,,draft,0.65,sakenowa_api,
51228,4287,東鏡,,,draft,0.65,sakenowa_api,
51231,4298,白玉香,,,draft,0.65,sakenowa_api,
51234,4311,八千代桜,,,draft,0.65,sakenowa_api,
51235,4311,つぐみ~継ぐ味~,,,draft,0.65,sakenowa_api,
51236,4110,田むら,,,draft,0.65,sakenowa_api,
51239,4109,たまの慶,,,draft,0.65,sakenowa_api,
51240,4109,ささにごり,,,draft,0.65,sakenowa_api,
51241,4109,紅龍,,,draft,0.65,sakenowa_api,
51242,4109,かめぐち,,,draft,0.65,sakenowa_api,
51243,4109,酒は楽しく,,,draft,0.65,sakenowa_api,
51245,4108,蒼天,,,draft,0.65,sakenowa_api,
51246,4108,さわ音,,,draft,0.65,sakenowa_api,
51248,4622,泉橋,,,draft,0.65,sakenowa_api,
51249,4622,夏ヤゴ,,,draft,0.65,sakenowa_api,
51250,4622,黒とんぼ,,,draft,0.65,sakenowa_api,
51251,4622,をぐり,,,draft,0.65,sakenowa_api,
51254,4618,昇龍蓬莱,,,draft,0.65,sakenowa_api,
51255,4618,残草蓬莱,,,draft,0.65,sakenowa_api,
51256,4618,俊也,,,draft,0.65,sakenowa_api,
51258,4615,隆,,,draft,0.65,sakenowa_api,
51259,4615,丹澤山,,,draft,0.65,sakenowa_api,
51260,4615,報徳娘,,,draft,0.65,sakenowa_api,
51261,4615,陸 純米大吟醸 阿波山田錦,,,draft,0.65,sakenowa_api,
51265,272,丸にぼーいち,,,draft,0.65,sakenowa_api,
51267,227,雪の八海,,,draft,0.65,sakenowa_api,
51268,227,北乃風雪,,,draft,0.65,sakenowa_api,
51269,246,越乃潟舟,,,draft,0.65,sakenowa_api,
51272,244,鬼夜叉,,,draft,0.65,sakenowa_api,
51273,244,亀田三昧,,,draft,0.65,sakenowa_api,
51276,216,真吾の一本,,,draft,0.65,sakenowa_api,
51279,216,越の梅酒,,,draft,0.65,sakenowa_api,
51280,216,濃醇魚沼,,,draft,0.65,sakenowa_api,
51281,216,宣機の一本,,,draft,0.65,sakenowa_api,
51284,277,たかの井,,,draft,0.65,sakenowa_api,
51288,287,雪男,,,draft,0.65,sakenowa_api,
51289,287,かくれい,,,draft,0.65,sakenowa_api,
51291,284,虎太郎,,,draft,0.65,sakenowa_api,
51292,284,虎七郎,,,draft,0.65,sakenowa_api,
51293,293,めぞん一刻,,,draft,0.65,sakenowa_api,
51294,293,広瀬川,,,draft,0.65,sakenowa_api,
51296,285,佐渡,,,draft,0.65,sakenowa_api,
51298,285,至,,,draft,0.65,sakenowa_api,
51301,248,越,,,draft,0.65,sakenowa_api,
51302,248,COWBOY,,,draft,0.65,sakenowa_api,
51304,290,雪影,,,draft,0.65,sakenowa_api,
51306,290,渚紗,,,draft,0.65,sakenowa_api,
51307,297,甘雨,,,draft,0.65,sakenowa_api,
51309,297,ひや酒,,,draft,0.65,sakenowa_api,
51310,266,越後屋,,,draft,0.65,sakenowa_api,
51311,266,潟一,,,draft,0.65,sakenowa_api,
51312,266,九左衛門,,,draft,0.65,sakenowa_api,
51313,267,越の魂,,,draft,0.65,sakenowa_api,
51316,267,北照 うすにごり本生,,,draft,0.65,sakenowa_api,
51317,267,無想,,,draft,0.65,sakenowa_api,
51318,274,極上吉乃川,,,draft,0.65,sakenowa_api,
51320,274,摂田屋,,,draft,0.65,sakenowa_api,
51321,223,花柳界,,,draft,0.65,sakenowa_api,
51324,301,あわっしゅ,,,draft,0.65,sakenowa_api,
51326,222,白露,,,draft,0.65,sakenowa_api,
51327,222,新潟小町,,,draft,0.65,sakenowa_api,
51328,222,水の柳都,,,draft,0.65,sakenowa_api,
51331,213,雪美人,,,draft,0.65,sakenowa_api,
51335,218,越冬匠蔵,,,draft,0.65,sakenowa_api,
51336,218,越乃日本桜,,,draft,0.65,sakenowa_api,
51337,218,越の日本桜,,,draft,0.65,sakenowa_api,
51339,243,亀の尾,,,draft,0.65,sakenowa_api,
51340,243,笹祝,,,draft,0.65,sakenowa_api,
51341,276,米百俵,,,draft,0.65,sakenowa_api,
51343,211,麹だけでつくったあまさけ,,,draft,0.65,sakenowa_api,
51344,211,魚沼で候,,,draft,0.65,sakenowa_api,
51348,220,旨口長さん,,,draft,0.65,sakenowa_api,
51350,220,雪輪文,,,draft,0.65,sakenowa_api,
51351,220,越後,,,draft,0.65,sakenowa_api,
51352,220,粟島,,,draft,0.65,sakenowa_api,
51355,232,越後長岡藩,,,draft,0.65,sakenowa_api,
51356,261,越の鶴,,,draft,0.65,sakenowa_api,
51357,261,山城屋,,,draft,0.65,sakenowa_api,
51358,273,雪乃,,,draft,0.65,sakenowa_api,
51359,273,雪ほたる,,,draft,0.65,sakenowa_api,
51360,273,雪乃蔵,,,draft,0.65,sakenowa_api,
51361,273,伝衛門,,,draft,0.65,sakenowa_api,
51363,269,越乃一本〆,,,draft,0.65,sakenowa_api,
51364,269,越乃福梅,,,draft,0.65,sakenowa_api,
51366,269,お福政宗,,,draft,0.65,sakenowa_api,
51367,269,雪しずく,,,draft,0.65,sakenowa_api,
51369,286,天福,,,draft,0.65,sakenowa_api,
51370,286,千代の光,,,draft,0.65,sakenowa_api,
51372,229,ウイスキー樽で貯蔵した日本酒。,,,draft,0.65,sakenowa_api,
51373,247,高千代,,,draft,0.65,sakenowa_api,
51375,247,たかちよ,,,draft,0.65,sakenowa_api,
51376,247,髙龗,,,draft,0.65,sakenowa_api,
51378,296,吟田川,,,draft,0.65,sakenowa_api,
51380,260,越後加茂雪椿,,,draft,0.65,sakenowa_api,
51384,295,鬼山間,,,draft,0.65,sakenowa_api,
51385,295,山間,,,draft,0.65,sakenowa_api,
51386,295,山間 六号,,,draft,0.65,sakenowa_api,
51387,295,岩豊,,,draft,0.65,sakenowa_api,
51389,230,純,,,draft,0.65,sakenowa_api,
51390,256,長陵,,,draft,0.65,sakenowa_api,
51391,256,八一,,,draft,0.65,sakenowa_api,
51392,256,壺中天地,,,draft,0.65,sakenowa_api,
51393,256,覇者,,,draft,0.65,sakenowa_api,
51394,215,米袋,,,draft,0.65,sakenowa_api,
51396,215,桶出,,,draft,0.65,sakenowa_api,
51397,281,市島,,,draft,0.65,sakenowa_api,
51401,299,招福神,,,draft,0.65,sakenowa_api,
51402,299,ラッキーキャッツ,,,draft,0.65,sakenowa_api,
51404,299,越弌,,,draft,0.65,sakenowa_api,
51405,238,越後,,,draft,0.65,sakenowa_api,
51407,238,福扇,,,draft,0.65,sakenowa_api,
51408,238,じゃんげ,,,draft,0.65,sakenowa_api,
51409,238,越乃滴,,,draft,0.65,sakenowa_api,
51410,253,越乃柏露,,,draft,0.65,sakenowa_api,
51412,253,三つ柏,,,draft,0.65,sakenowa_api,
51413,253,越の柏露,,,draft,0.65,sakenowa_api,
51414,253,越乃黒鷹,,,draft,0.65,sakenowa_api,
51416,231,佐州正宗,,,draft,0.65,sakenowa_api,
51417,278,緑川,,,draft,0.65,sakenowa_api,
51420,291,目黒五郎助,,,draft,0.65,sakenowa_api,
51421,291,越乃雪蔵,,,draft,0.65,sakenowa_api,
51422,291,玉風味,,,draft,0.65,sakenowa_api,
51423,291,守門の雪,,,draft,0.65,sakenowa_api,
51424,291,イットキー,,,draft,0.65,sakenowa_api,
51425,262,越後杜氏の里,,,draft,0.65,sakenowa_api,
51426,262,久比岐,,,draft,0.65,sakenowa_api,
51433,298,越乃かぎろひ,,,draft,0.65,sakenowa_api,
51434,298,呼友,,,draft,0.65,sakenowa_api,
51435,298,一心伝,,,draft,0.65,sakenowa_api,
51436,298,一楽,,,draft,0.65,sakenowa_api,
51438,233,節五郎 出品酒,,,draft,0.65,sakenowa_api,
51439,233,節五郎 元禄酒,,,draft,0.65,sakenowa_api,
51440,233,五郎八,,,draft,0.65,sakenowa_api,
51443,255,越のあじわい,,,draft,0.65,sakenowa_api,
51444,255,虎千代,,,draft,0.65,sakenowa_api,
51446,235,亀の翁,,,draft,0.65,sakenowa_api,
51448,235,夏子物語,,,draft,0.65,sakenowa_api,
51449,235,亀の王,,,draft,0.65,sakenowa_api,
51451,6071,皇国晴,,,draft,0.65,sakenowa_api,
51452,6071,名水乃蔵,,,draft,0.65,sakenowa_api,
51455,6073,越中懐古,,,draft,0.65,sakenowa_api,
51456,6073,名誉北洋,,,draft,0.65,sakenowa_api,
51462,6077,銀嶺雷鳥,,,draft,0.65,sakenowa_api,
51467,6083,銀嶺立山,,,draft,0.65,sakenowa_api,
51471,6088,佐々成政の隠し酒,,,draft,0.65,sakenowa_api,
51473,6072,播州,,,draft,0.65,sakenowa_api,
51478,6076,みゃあらくもん,,,draft,0.65,sakenowa_api,
51479,2248,五凛,,,draft,0.65,sakenowa_api,
51481,2249,手取川,,,draft,0.65,sakenowa_api,
51482,2249,吉田蔵,,,draft,0.65,sakenowa_api,
51483,2249,加賀美人,,,draft,0.65,sakenowa_api,
51484,2249,吉田蔵u,,,draft,0.65,sakenowa_api,
51486,2264,閃,,,draft,0.65,sakenowa_api,
51487,2264,NOTO,,,draft,0.65,sakenowa_api,
51489,2259,ほまれ,,,draft,0.65,sakenowa_api,
51490,2259,遊穂の湯〜ほっ。,,,draft,0.65,sakenowa_api,
51492,2262,能登乃国,,,draft,0.65,sakenowa_api,
51494,2251,黒ゆり,,,draft,0.65,sakenowa_api,
51496,2240,加賀金沢紀行,,,draft,0.65,sakenowa_api,
51499,2243,日榮,,,draft,0.65,sakenowa_api,
51500,2243,ichi椿,,,draft,0.65,sakenowa_api,
51502,2247,加賀梅酒,,,draft,0.65,sakenowa_api,
51503,2254,神泉,,,draft,0.65,sakenowa_api,
51504,2246,先一杯,,,draft,0.65,sakenowa_api,
51511,2242,しろき,,,draft,0.65,sakenowa_api,
51512,2242,金色のしずく,,,draft,0.65,sakenowa_api,
51513,2242,福政宗,,,draft,0.65,sakenowa_api,
51514,2242,碧龍,,,draft,0.65,sakenowa_api,
51515,2242,酒炭酸,,,draft,0.65,sakenowa_api,
51516,2242,加賀纏,,,draft,0.65,sakenowa_api,
51517,2242,ゆり,,,draft,0.65,sakenowa_api,
51518,2242,零の雫,,,draft,0.65,sakenowa_api,
51520,5264,越前国府,,,draft,0.65,sakenowa_api,
51524,5243,白岳山,,,draft,0.65,sakenowa_api,
51525,5243,我が天下,,,draft,0.65,sakenowa_api,
51527,5268,枡々福々,,,draft,0.65,sakenowa_api,
51530,5262,百貴船,,,draft,0.65,sakenowa_api,
51533,5240,ひと肌恋し,,,draft,0.65,sakenowa_api,
51540,5242,越の桂月,,,draft,0.65,sakenowa_api,
51546,5239,羽二重正宗,,,draft,0.65,sakenowa_api,
51547,5239,越山若水,,,draft,0.65,sakenowa_api,
51549,5247,越前菊水,,,draft,0.65,sakenowa_api,
51551,5247,Stark Kaiser,,,draft,0.65,sakenowa_api,
51554,5249,石田,,,draft,0.65,sakenowa_api,
51558,5256,米しずく,,,draft,0.65,sakenowa_api,
51559,5256,越の雫,,,draft,0.65,sakenowa_api,
51560,5265,富士の関,,,draft,0.65,sakenowa_api,
51561,5241,無心,,,draft,0.65,sakenowa_api,
51567,6170,木火土金水,,,draft,0.65,sakenowa_api,
51568,6170,さ々一,,,draft,0.65,sakenowa_api,
51570,6170,武蔵国分寺,,,draft,0.65,sakenowa_api,
51571,6170,猫芸者,,,draft,0.65,sakenowa_api,
51573,6164,なま生,,,draft,0.65,sakenowa_api,
51574,6164,蔵出し,,,draft,0.65,sakenowa_api,
51576,60,逢醸,,,draft,0.65,sakenowa_api,
51577,60,幻の酒,,,draft,0.65,sakenowa_api,
51579,42,勢起,,,draft,0.65,sakenowa_api,
51580,42,善光寺秘蔵酒,,,draft,0.65,sakenowa_api,
51582,45,Beau Michelle,,,draft,0.65,sakenowa_api,
51583,17,金蘭,,,draft,0.65,sakenowa_api,
51584,17,不滅の巨人,,,draft,0.65,sakenowa_api,
51586,17,龍水泉,,,draft,0.65,sakenowa_api,
51588,69,益々繁盛,,,draft,0.65,sakenowa_api,
51590,25,Kawanakajima,,,draft,0.65,sakenowa_api,
51591,25,けんちの,,,draft,0.65,sakenowa_api,
51592,25,麻輝,,,draft,0.65,sakenowa_api,
51593,25,御苑,,,draft,0.65,sakenowa_api,
51595,25,青嵐,,,draft,0.65,sakenowa_api,
51596,25,川中島幻舞,,,draft,0.65,sakenowa_api,
51599,65,仙人蔵,,,draft,0.65,sakenowa_api,
51600,65,こんな夜に…,,,draft,0.65,sakenowa_api,
51601,36,聖岳,,,draft,0.65,sakenowa_api,
51603,36,ひのくち,,,draft,0.65,sakenowa_api,
51604,71,木曽の桟,,,draft,0.65,sakenowa_api,
51606,40,和和和,,,draft,0.65,sakenowa_api,
51609,75,和田龍登水,,,draft,0.65,sakenowa_api,
51610,75,上田獅子,,,draft,0.65,sakenowa_api,
51612,4,山花,,,draft,0.65,sakenowa_api,
51613,4,みやさか,,,draft,0.65,sakenowa_api,
51614,4,花 野可勢,,,draft,0.65,sakenowa_api,
51616,77,壬辰,,,draft,0.65,sakenowa_api,
51617,77,黒耀,,,draft,0.65,sakenowa_api,
51618,77,鼎,,,draft,0.65,sakenowa_api,
51619,77,龍澤,,,draft,0.65,sakenowa_api,
51620,77,瀧澤,,,draft,0.65,sakenowa_api,
51621,77,梁山泊,,,draft,0.65,sakenowa_api,
51622,77,明蜂 㐂久盛,,,draft,0.65,sakenowa_api,
51623,77,新聞の酒,,,draft,0.65,sakenowa_api,
51627,18,静の桜,,,draft,0.65,sakenowa_api,
51628,18,le lac,,,draft,0.65,sakenowa_api,
51629,64,斬九郎,,,draft,0.65,sakenowa_api,
51631,64,天墜,,,draft,0.65,sakenowa_api,
51632,31,豊賀,,,draft,0.65,sakenowa_api,
51634,34,信濃屋 嘉平,,,draft,0.65,sakenowa_api,
51640,6,豊香,,,draft,0.65,sakenowa_api,
51649,16,双奏,,,draft,0.65,sakenowa_api,
51650,16,夏泉,,,draft,0.65,sakenowa_api,
51651,16,雪泉,,,draft,0.65,sakenowa_api,
51652,26,聖山,,,draft,0.65,sakenowa_api,
51653,26,姨捨,,,draft,0.65,sakenowa_api,
51654,26,姥捨正宗,,,draft,0.65,sakenowa_api,
51656,67,春田打,,,draft,0.65,sakenowa_api,
51657,2139,美濃菊,,,draft,0.65,sakenowa_api,
51659,2139,無風,,,draft,0.65,sakenowa_api,
51660,2139,なぶら,,,draft,0.65,sakenowa_api,
51664,2166,三車,,,draft,0.65,sakenowa_api,
51666,2142,吉兆貞翁,,,draft,0.65,sakenowa_api,
51668,2152,白炎,,,draft,0.65,sakenowa_api,
51669,2168,ひだほまれ,,,draft,0.65,sakenowa_api,
51672,2168,飛び切り,,,draft,0.65,sakenowa_api,
51674,2168,持ち帰り酒,,,draft,0.65,sakenowa_api,
51675,2168,ささにごり,,,draft,0.65,sakenowa_api,
51677,2129,森乃菊川,,,draft,0.65,sakenowa_api,
51681,2170,飛騨の冷酒,,,draft,0.65,sakenowa_api,
51684,2148,おりがらみ 桜ラベル,,,draft,0.65,sakenowa_api,
51688,2169,非売品の酒,,,draft,0.65,sakenowa_api,
51689,2169,初汲み51,,,draft,0.65,sakenowa_api,
51690,2169,蔵元の隠し酒,,,draft,0.65,sakenowa_api,
51691,2169,飛騨のどぶ,,,draft,0.65,sakenowa_api,
51692,2169,渡辺あさ 山廃,,,draft,0.65,sakenowa_api,
51693,2169,蔵人しかのめぬ新酒,,,draft,0.65,sakenowa_api,
51694,2169,W (ダブリュー),,,draft,0.65,sakenowa_api,
51697,2141,パンダカップ,,,draft,0.65,sakenowa_api,
51698,2141,杜氏酒向,,,draft,0.65,sakenowa_api,
51702,2130,山笑,,,draft,0.65,sakenowa_api,
51706,1847,鬼乙女,,,draft,0.65,sakenowa_api,
51707,1847,若竹,,,draft,0.65,sakenowa_api,
51708,1859,駿州中屋,,,draft,0.65,sakenowa_api,
51710,1846,伊豆,,,draft,0.65,sakenowa_api,
51711,1846,大沢里,,,draft,0.65,sakenowa_api,
51713,1846,萬燿,,,draft,0.65,sakenowa_api,
51714,1846,下田美人,,,draft,0.65,sakenowa_api,
51715,1846,坦庵,,,draft,0.65,sakenowa_api,
51716,1846,伊豆の里,,,draft,0.65,sakenowa_api,
51721,1851,喜久酔,,,draft,0.65,sakenowa_api,
51724,1844,山影純悦,,,draft,0.65,sakenowa_api,
51728,1856,八百萬,,,draft,0.65,sakenowa_api,
51729,1856,ふじほの香,,,draft,0.65,sakenowa_api,
51733,1855,亀,,,draft,0.65,sakenowa_api,
51734,1402,雫原酒,,,draft,0.65,sakenowa_api,
51735,1402,金盃,,,draft,0.65,sakenowa_api,
51737,1402,西尾鶴城六万石,,,draft,0.65,sakenowa_api,
51743,1392,彩華,,,draft,0.65,sakenowa_api,
51745,1392,Lapis Lazuli,,,draft,0.65,sakenowa_api,
51746,1392,どぶろく,,,draft,0.65,sakenowa_api,
51748,1378,Eye collection,,,draft,0.65,sakenowa_api,
51750,1396,酒蔵開放 しぼりたて生酒 吟醸,,,draft,0.65,sakenowa_api,
51752,1388,義俠,,,draft,0.65,sakenowa_api,
51753,1409,一念不動,,,draft,0.65,sakenowa_api,
51754,1409,設楽,,,draft,0.65,sakenowa_api,
51756,1409,空,,,draft,0.65,sakenowa_api,
51757,1409,朋,,,draft,0.65,sakenowa_api,
51758,1409,夢筺,,,draft,0.65,sakenowa_api,
51759,1409,純米大吟醸はつしぼり,,,draft,0.65,sakenowa_api,
51760,1390,四天王,,,draft,0.65,sakenowa_api,
51763,1393,尾張男山,,,draft,0.65,sakenowa_api,
51766,1374,東春,,,draft,0.65,sakenowa_api,
51767,1394,ほしいずみ,,,draft,0.65,sakenowa_api,
51769,3808,伊勢正宗,,,draft,0.65,sakenowa_api,
51772,3806,Noname irodori 橙,,,draft,0.65,sakenowa_api,
51774,3821,花芽実,,,draft,0.65,sakenowa_api,
51775,3798,丿貫,,,draft,0.65,sakenowa_api,
51777,3798,三重大学,,,draft,0.65,sakenowa_api,
51778,3798,しろくま 冬のうすにごり,,,draft,0.65,sakenowa_api,
51780,3815,五十鈴川,,,draft,0.65,sakenowa_api,
51781,3815,風の宮,,,draft,0.65,sakenowa_api,
51786,3801,あげうま,,,draft,0.65,sakenowa_api,
51787,3810,宮の雪,,,draft,0.65,sakenowa_api,
51788,3810,勘兵衛,,,draft,0.65,sakenowa_api,
51795,3826,忍者,,,draft,0.65,sakenowa_api,
51796,3826,伊勢詣,,,draft,0.65,sakenowa_api,
51800,5998,権座,,,draft,0.65,sakenowa_api,
51803,5988,i'm sake Rock,,,draft,0.65,sakenowa_api,
51805,5989,Sensation 3 Black,,,draft,0.65,sakenowa_api,
51806,5989,恋をするたびに…第2話とどかぬ想い,,,draft,0.65,sakenowa_api,
51810,5983,湖,,,draft,0.65,sakenowa_api,
51811,5983,阿吽,,,draft,0.65,sakenowa_api,
51814,5986,直,,,draft,0.65,sakenowa_api,
51815,5986,塩ゆず酒,,,draft,0.65,sakenowa_api,
51816,5986,草津の宿,,,draft,0.65,sakenowa_api,
51817,5986,近江米のしずく,,,draft,0.65,sakenowa_api,
51819,6010,杣の天狗,,,draft,0.65,sakenowa_api,
51820,6010,亀亀覇,,,draft,0.65,sakenowa_api,
51821,6010,未来,,,draft,0.65,sakenowa_api,
51822,6010,比良の誉,,,draft,0.65,sakenowa_api,
51823,6002,屋号,,,draft,0.65,sakenowa_api,
51824,6002,長寿,,,draft,0.65,sakenowa_api,
51825,6002,梅のいおり,,,draft,0.65,sakenowa_api,
51826,6002,金龜,,,draft,0.65,sakenowa_api,
51829,6011,福のしずく,,,draft,0.65,sakenowa_api,
51831,6009,酔後知楽,,,draft,0.65,sakenowa_api,
51833,6007,竹生島,,,draft,0.65,sakenowa_api,
51834,6007,ヨキトギ,,,draft,0.65,sakenowa_api,
51835,6007,雪花,,,draft,0.65,sakenowa_api,
51838,1137,アンテック,,,draft,0.65,sakenowa_api,
51840,1137,乾風,,,draft,0.65,sakenowa_api,
51842,1137,吟凛,,,draft,0.65,sakenowa_api,
51843,1137,祇園物語,,,draft,0.65,sakenowa_api,
51844,1137,あなぜ,,,draft,0.65,sakenowa_api,
51845,1137,Matsu no Midori,,,draft,0.65,sakenowa_api,
51846,1137,京のひやおろし,,,draft,0.65,sakenowa_api,
51847,1137,祝,,,draft,0.65,sakenowa_api,
51848,1137,量り売り原酒,,,draft,0.65,sakenowa_api,
51849,1137,富乃司,,,draft,0.65,sakenowa_api,
51850,1134,金瓢,,,draft,0.65,sakenowa_api,
51851,1134,京千歳,,,draft,0.65,sakenowa_api,
51852,1134,富士千歳,,,draft,0.65,sakenowa_api,
51853,1134,祇園ばやし,,,draft,0.65,sakenowa_api,
51856,1121,人喰い岩,,,draft,0.65,sakenowa_api,
51857,1121,Ice,,,draft,0.65,sakenowa_api,
51858,1121,アイスブレーカー,,,draft,0.65,sakenowa_api,
51859,1121,福袋,,,draft,0.65,sakenowa_api,
51862,1139,かみなり三代,,,draft,0.65,sakenowa_api,
51863,1139,京都伏見,,,draft,0.65,sakenowa_api,
51865,1139,京姫 匠,,,draft,0.65,sakenowa_api,
51867,1154,みやこつる,,,draft,0.65,sakenowa_api,
51871,1152,呑足味知,,,draft,0.65,sakenowa_api,
51873,1146,こころの京,,,draft,0.65,sakenowa_api,
51875,1145,豪快,,,draft,0.65,sakenowa_api,
51877,1141,恒の月,,,draft,0.65,sakenowa_api,
51880,1141,お酒の中で、あいましょ。,,,draft,0.65,sakenowa_api,
51881,1141,おちょこで日本酒（PONSHU）,,,draft,0.65,sakenowa_api,
51885,1157,建都,,,draft,0.65,sakenowa_api,
51888,1126,紅葉姫,,,draft,0.65,sakenowa_api,
51890,1126,酒天童子 夏,,,draft,0.65,sakenowa_api,
51891,1126,舞鶴,,,draft,0.65,sakenowa_api,
51893,1127,赤煉瓦倉庫群,,,draft,0.65,sakenowa_api,
51894,1127,引揚の郷,,,draft,0.65,sakenowa_api,
51895,1127,いのり,,,draft,0.65,sakenowa_api,
51896,1127,紅白梅,,,draft,0.65,sakenowa_api,
51897,1143,水天一碧,,,draft,0.65,sakenowa_api,
51898,1143,古都千年,,,draft,0.65,sakenowa_api,
51900,1143,井筒屋伊兵衛,,,draft,0.65,sakenowa_api,
51901,1143,一吟,,,draft,0.65,sakenowa_api,
51902,1143,さらしな,,,draft,0.65,sakenowa_api,
51903,1143,しぼりたて生原酒,,,draft,0.65,sakenowa_api,
51904,1143,京都千年,,,draft,0.65,sakenowa_api,
51906,1155,船形山,,,draft,0.65,sakenowa_api,
51907,1155,吟醸 かぐや姫 生貯蔵酒,,,draft,0.65,sakenowa_api,
51908,1155,京の香梅,,,draft,0.65,sakenowa_api,
51909,1155,唯穂,,,draft,0.65,sakenowa_api,
51910,1155,天王山,,,draft,0.65,sakenowa_api,
51911,1155,源兵衛の原酒,,,draft,0.65,sakenowa_api,
51912,1155,京絵巻 京の吟醸,,,draft,0.65,sakenowa_api,
51913,1155,名もなき酒,,,draft,0.65,sakenowa_api,
51914,1155,Yuzu Omoi,,,draft,0.65,sakenowa_api,
51916,1140,京乃寒梅,,,draft,0.65,sakenowa_api,
51917,1140,平安のしらべ,,,draft,0.65,sakenowa_api,
51919,1140,大吟醸 祝,,,draft,0.65,sakenowa_api,
51924,1133,美しい鴨川,,,draft,0.65,sakenowa_api,
51926,1133,九条,,,draft,0.65,sakenowa_api,
51927,1133,京生粋,,,draft,0.65,sakenowa_api,
51928,1133,洛中,,,draft,0.65,sakenowa_api,
51929,1133,千年の昔,,,draft,0.65,sakenowa_api,
51930,1133,宵の洛山,,,draft,0.65,sakenowa_api,
51931,1133,京の花咲爺,,,draft,0.65,sakenowa_api,
51932,1133,呑切り,,,draft,0.65,sakenowa_api,
51938,1124,夏の想い出,,,draft,0.65,sakenowa_api,
51939,3231,謹製,,,draft,0.65,sakenowa_api,
51942,3231,ふるな,,,draft,0.65,sakenowa_api,
51944,3231,今朝しぼり,,,draft,0.65,sakenowa_api,
51945,3231,片野桜 えむ,,,draft,0.65,sakenowa_api,
51946,3234,西條鶴,,,draft,0.65,sakenowa_api,
51948,3227,本丸,,,draft,0.65,sakenowa_api,
51950,3225,千秋,,,draft,0.65,sakenowa_api,
51952,3225,奥鹿,,,draft,0.65,sakenowa_api,
51953,3225,へのへのもへじ,,,draft,0.65,sakenowa_api,
51954,3225,奥鹿之助,,,draft,0.65,sakenowa_api,
51955,3225,鹿,,,draft,0.65,sakenowa_api,
51956,636,美人蔵部,,,draft,0.65,sakenowa_api,
51958,653,名刀正宗,,,draft,0.65,sakenowa_api,
51965,649,播州姫路,,,draft,0.65,sakenowa_api,
51969,649,ひやし銀八,,,draft,0.65,sakenowa_api,
51970,649,千羽鶴,,,draft,0.65,sakenowa_api,
51972,641,凛美,,,draft,0.65,sakenowa_api,
51973,641,風のまヽ,,,draft,0.65,sakenowa_api,
51975,659,丹波美酒,,,draft,0.65,sakenowa_api,
51977,659,路上有花 葵,,,draft,0.65,sakenowa_api,
51980,678,まいん,,,draft,0.65,sakenowa_api,
51981,678,ショコラとよく合うお酒,,,draft,0.65,sakenowa_api,
51982,678,KONISHI大吟醸冷しぼり,,,draft,0.65,sakenowa_api,
51983,678,KONISHI,,,draft,0.65,sakenowa_api,
51992,620,あわ咲き,,,draft,0.65,sakenowa_api,
51993,666,だんない,,,draft,0.65,sakenowa_api,
51998,633,すずろ,,,draft,0.65,sakenowa_api,
51999,633,神輿,,,draft,0.65,sakenowa_api,
52001,633,ozu,,,draft,0.65,sakenowa_api,
52002,633,生なま,,,draft,0.65,sakenowa_api,
52003,633,おづ,,,draft,0.65,sakenowa_api,
52005,668,Fu．,,,draft,0.65,sakenowa_api,
52007,668,Bucu,,,draft,0.65,sakenowa_api,
52010,616,杜氏鑑,,,draft,0.65,sakenowa_api,
52011,616,Hakutsuru Blanc,,,draft,0.65,sakenowa_api,
52012,614,鶴の舞,,,draft,0.65,sakenowa_api,
52013,614,酒道粋人,,,draft,0.65,sakenowa_api,
52014,614,春秀,,,draft,0.65,sakenowa_api,
52017,627,焼稀,,,draft,0.65,sakenowa_api,
52018,627,宮水の華,,,draft,0.65,sakenowa_api,
52019,627,朱稀,,,draft,0.65,sakenowa_api,
52020,627,金稀,,,draft,0.65,sakenowa_api,
52021,627,平清盛絵巻,,,draft,0.65,sakenowa_api,
52023,627,神戸さくら,,,draft,0.65,sakenowa_api,
52024,627,瀧鯉,,,draft,0.65,sakenowa_api,
52026,655,宮の井,,,draft,0.65,sakenowa_api,
52027,655,白影泉,,,draft,0.65,sakenowa_api,
52028,655,しもむら,,,draft,0.65,sakenowa_api,
52029,655,喜八,,,draft,0.65,sakenowa_api,
52031,5802,鬼熊,,,draft,0.65,sakenowa_api,
52035,5787,倭,,,draft,0.65,sakenowa_api,
52040,5793,S風の森,,,draft,0.65,sakenowa_api,
52041,5780,黒松貴仙寿,,,draft,0.65,sakenowa_api,
52045,5792,九々鱗,,,draft,0.65,sakenowa_api,
52047,5792,長龍,,,draft,0.65,sakenowa_api,
52049,5792,四季咲,,,draft,0.65,sakenowa_api,
52051,5792,山の神,,,draft,0.65,sakenowa_api,
52052,5795,千代,,,draft,0.65,sakenowa_api,
52055,5795,欅,,,draft,0.65,sakenowa_api,
52056,5795,どぶろく,,,draft,0.65,sakenowa_api,
52058,5803,三輪の和,,,draft,0.65,sakenowa_api,
52059,5791,風香,,,draft,0.65,sakenowa_api,
52060,5791,山香,,,draft,0.65,sakenowa_api,
52062,5791,梅の宿,,,draft,0.65,sakenowa_api,
52063,5791,月うさぎ,,,draft,0.65,sakenowa_api,
52064,5791,UK-01,,,draft,0.65,sakenowa_api,
52065,5791,ゆず,,,draft,0.65,sakenowa_api,
52066,5791,ゆず酒,,,draft,0.65,sakenowa_api,
52067,5791,#03:Low alc 12,,,draft,0.65,sakenowa_api,
52068,5791,鉄楽人,,,draft,0.65,sakenowa_api,
52071,5790,彩葉,,,draft,0.65,sakenowa_api,
52073,5798,切辛,,,draft,0.65,sakenowa_api,
52077,5779,奈良の八重桜,,,draft,0.65,sakenowa_api,
52078,5779,白滴,,,draft,0.65,sakenowa_api,
52079,5779,鹿鳴,,,draft,0.65,sakenowa_api,
52081,8817,熊野那智の滝,,,draft,0.65,sakenowa_api,
52083,8817,熊野川,,,draft,0.65,sakenowa_api,
52085,8831,熊楠,,,draft,0.65,sakenowa_api,
52086,8831,紀州,,,draft,0.65,sakenowa_api,
52087,8831,紀州五十五万石,,,draft,0.65,sakenowa_api,
52088,8831,いち辛,,,draft,0.65,sakenowa_api,
52090,8823,紀風,,,draft,0.65,sakenowa_api,
52092,8828,七人の侍,,,draft,0.65,sakenowa_api,
52093,8828,鳳凰,,,draft,0.65,sakenowa_api,
52094,8828,さとこのお酒,,,draft,0.65,sakenowa_api,
52095,8828,さとこのこころ,,,draft,0.65,sakenowa_api,
52096,8828,海山のめぐみ 青,,,draft,0.65,sakenowa_api,
52097,8830,熊野路,,,draft,0.65,sakenowa_api,
52100,8830,世界王,,,draft,0.65,sakenowa_api,
52101,8830,八代将軍,,,draft,0.65,sakenowa_api,
52103,8827,一摑,,,draft,0.65,sakenowa_api,
52104,8827,笑ふ門,,,draft,0.65,sakenowa_api,
52109,7400,いなたひめ,,,draft,0.65,sakenowa_api,
52114,7409,鵬,,,draft,0.65,sakenowa_api,
52115,7409,満天星,,,draft,0.65,sakenowa_api,
52116,7290,豊の秋,,,draft,0.65,sakenowa_api,
52117,7290,美保,,,draft,0.65,sakenowa_api,
52118,7283,扶桑鶴,,,draft,0.65,sakenowa_api,
52119,7283,高津川,,,draft,0.65,sakenowa_api,
52120,7283,凌雲,,,draft,0.65,sakenowa_api,
52121,7308,宗味,,,draft,0.65,sakenowa_api,
52123,7287,出雲富士,,,draft,0.65,sakenowa_api,
52124,7289,李白,,,draft,0.65,sakenowa_api,
52125,7293,月山,,,draft,0.65,sakenowa_api,
52126,7293,智則,,,draft,0.65,sakenowa_api,
52127,3200,伊七,,,draft,0.65,sakenowa_api,
52128,3200,備前伊七,,,draft,0.65,sakenowa_api,
52129,3194,櫻室町,,,draft,0.65,sakenowa_api,
52130,3198,三冠,,,draft,0.65,sakenowa_api,
52131,3218,大典白菊,,,draft,0.65,sakenowa_api,
52132,3208,喜平,,,draft,0.65,sakenowa_api,
52133,3199,ことのわ,,,draft,0.65,sakenowa_api,
52134,3199,倉敷,,,draft,0.65,sakenowa_api,
52135,3199,十八盛,,,draft,0.65,sakenowa_api,
52136,3199,多賀治,,,draft,0.65,sakenowa_api,
52137,3188,おかやま,,,draft,0.65,sakenowa_api,
52138,3188,極聖,,,draft,0.65,sakenowa_api,
52139,3188,Honjozo Nigori Sake,,,draft,0.65,sakenowa_api,
52140,3205,燦然,,,draft,0.65,sakenowa_api,
52141,3205,倉敷小町,,,draft,0.65,sakenowa_api,
52142,3205,木村式 奇跡のお酒,,,draft,0.65,sakenowa_api,
52143,3221,炭屋彌兵衛,,,draft,0.65,sakenowa_api,
52144,3221,GOZENSHU9,,,draft,0.65,sakenowa_api,
52145,3221,御前酒,,,draft,0.65,sakenowa_api,
52146,3221,9 NINE,,,draft,0.65,sakenowa_api,
52147,3221,午前酒,,,draft,0.65,sakenowa_api,
52148,3210,嘉美心,,,draft,0.65,sakenowa_api,
52149,3210,桃花源,,,draft,0.65,sakenowa_api,
52150,3210,冬の月,,,draft,0.65,sakenowa_api,
52151,3210,神心,,,draft,0.65,sakenowa_api,
52155,7923,NAO,,,draft,0.65,sakenowa_api,
52157,7906,御結,,,draft,0.65,sakenowa_api,
52158,7906,拈華微笑,,,draft,0.65,sakenowa_api,
52161,7893,夜の帝王,,,draft,0.65,sakenowa_api,
52162,7893,ロイファー・1,,,draft,0.65,sakenowa_api,
52164,7918,南洲翁,,,draft,0.65,sakenowa_api,
52167,7936,雨後の月 十三夜,,,draft,0.65,sakenowa_api,
52168,7936,UGO,,,draft,0.65,sakenowa_api,
52172,7895,温州みかん酒,,,draft,0.65,sakenowa_api,
52173,7894,幻,,,draft,0.65,sakenowa_api,
52175,7894,三十六石蔵,,,draft,0.65,sakenowa_api,
52178,7925,神のいたずら,,,draft,0.65,sakenowa_api,
52180,7904,こわっぱ,,,draft,0.65,sakenowa_api,
52182,7904,杜太,,,draft,0.65,sakenowa_api,
52183,7904,燗なら俺にまかせろ。,,,draft,0.65,sakenowa_api,
52187,1926,協会八號酵母,,,draft,0.65,sakenowa_api,
52188,1926,臥龍錦松,,,draft,0.65,sakenowa_api,
52189,1926,錦,,,draft,0.65,sakenowa_api,
52192,1930,環起,,,draft,0.65,sakenowa_api,
52194,1929,錦上花,,,draft,0.65,sakenowa_api,
52195,1929,ねね,,,draft,0.65,sakenowa_api,
52196,1929,のの,,,draft,0.65,sakenowa_api,
52201,6050,司菊,,,draft,0.65,sakenowa_api,
52203,6053,三芳菊,,,draft,0.65,sakenowa_api,
52204,6053,鶯雅,,,draft,0.65,sakenowa_api,
52205,6053,大地の夢,,,draft,0.65,sakenowa_api,
52206,6053,胡春,,,draft,0.65,sakenowa_api,
52207,5593,月中天,,,draft,0.65,sakenowa_api,
52208,5593,金陵,,,draft,0.65,sakenowa_api,
52209,5593,金戎,,,draft,0.65,sakenowa_api,
52210,5593,楠神,,,draft,0.65,sakenowa_api,
52211,5594,悪乃代官,,,draft,0.65,sakenowa_api,
52212,5594,川鶴,,,draft,0.65,sakenowa_api,
52213,5594,炙りいりこ酒,,,draft,0.65,sakenowa_api,
52214,5594,讃岐くらうでぃ,,,draft,0.65,sakenowa_api,
52215,5592,悦凱陣,,,draft,0.65,sakenowa_api,
52216,5592,誉凱陣,,,draft,0.65,sakenowa_api,
52218,2685,媛番長,,,draft,0.65,sakenowa_api,
52220,2685,寿㐂心,,,draft,0.65,sakenowa_api,
52223,2687,花火,,,draft,0.65,sakenowa_api,
52224,2687,Aisansan Jyunmai,,,draft,0.65,sakenowa_api,
52227,2713,媛の愛,,,draft,0.65,sakenowa_api,
52229,2706,尾根越えて,,,draft,0.65,sakenowa_api,
52237,2698,龍燈普照,,,draft,0.65,sakenowa_api,
52238,2698,伊予の燗酒,,,draft,0.65,sakenowa_api,
52239,2698,長谷川,,,draft,0.65,sakenowa_api,
52240,2698,女のひとりごと,,,draft,0.65,sakenowa_api,
52242,2698,滄洲,,,draft,0.65,sakenowa_api,
52245,2692,夢月夜,,,draft,0.65,sakenowa_api,
52246,2691,道後蔵酒,,,draft,0.65,sakenowa_api,
52247,2691,仁喜多津 大吟醸酒,,,draft,0.65,sakenowa_api,
52248,2691,伊予の薄墨桜,,,draft,0.65,sakenowa_api,
52250,2681,光久,,,draft,0.65,sakenowa_api,
52251,2681,愛海,,,draft,0.65,sakenowa_api,
52252,2681,山川流,,,draft,0.65,sakenowa_api,
52253,6747,糀おしろい,,,draft,0.65,sakenowa_api,
52255,6747,おしろい花,,,draft,0.65,sakenowa_api,
52256,6747,鏡野,,,draft,0.65,sakenowa_api,
52260,6754,仁淀ブルー,,,draft,0.65,sakenowa_api,
52262,6755,久礼,,,draft,0.65,sakenowa_api,
52263,6755,九礼,,,draft,0.65,sakenowa_api,
52266,6745,洒落衛門,,,draft,0.65,sakenowa_api,
52271,6744,赤野,,,draft,0.65,sakenowa_api,
52276,6743,ヨーグルトのお酒,,,draft,0.65,sakenowa_api,
52277,6743,ゆず酒,,,draft,0.65,sakenowa_api,
52279,6740,慎太郎,,,draft,0.65,sakenowa_api,
52281,982,蒲公英,,,draft,0.65,sakenowa_api,
52282,982,若波,,,draft,0.65,sakenowa_api,
52283,982,Type-FY2,,,draft,0.65,sakenowa_api,
52284,982,Wakanami Sparkling,,,draft,0.65,sakenowa_api,
52285,949,白糸,,,draft,0.65,sakenowa_api,
52286,949,田中六五,,,draft,0.65,sakenowa_api,
52287,949,田中仙禽,,,draft,0.65,sakenowa_api,
52289,993,皿倉,,,draft,0.65,sakenowa_api,
52291,993,溝上酒造,,,draft,0.65,sakenowa_api,
52292,993,夢天心,,,draft,0.65,sakenowa_api,
52293,933,池亀,,,draft,0.65,sakenowa_api,
52294,933,黒兜,,,draft,0.65,sakenowa_api,
52295,937,美田,,,draft,0.65,sakenowa_api,
52296,937,三井の寿,,,draft,0.65,sakenowa_api,
52297,937,栄田,,,draft,0.65,sakenowa_api,
52298,937,古醸美田,,,draft,0.65,sakenowa_api,
52299,945,蒼田,,,draft,0.65,sakenowa_api,
52300,945,寒山水,,,draft,0.65,sakenowa_api,
52301,945,喜多屋,,,draft,0.65,sakenowa_api,
52302,945,吟の瞳,,,draft,0.65,sakenowa_api,
52303,931,綾花,,,draft,0.65,sakenowa_api,
52304,931,旭菊,,,draft,0.65,sakenowa_api,
52305,979,庭のうぐいす,,,draft,0.65,sakenowa_api,
52307,948,国菊,,,draft,0.65,sakenowa_api,
52308,948,比良松,,,draft,0.65,sakenowa_api,
52309,977,独楽蔵,,,draft,0.65,sakenowa_api,
52310,977,杜の蔵,,,draft,0.65,sakenowa_api,
52311,977,秘,,,draft,0.65,sakenowa_api,
52312,977,一の矢,,,draft,0.65,sakenowa_api,
52313,952,繁桝,,,draft,0.65,sakenowa_api,
52314,952,麹屋,,,draft,0.65,sakenowa_api,
52315,952,福乃酒,,,draft,0.65,sakenowa_api,
52316,952,博多一本〆,,,draft,0.65,sakenowa_api,
52317,952,志のぶ,,,draft,0.65,sakenowa_api,
52318,952,しげます 大吟醸生原酒,,,draft,0.65,sakenowa_api,
52319,952,可也,,,draft,0.65,sakenowa_api,
52320,935,初吉野,,,draft,0.65,sakenowa_api,
52321,935,博多百年蔵,,,draft,0.65,sakenowa_api,
52323,7202,純天山,,,draft,0.65,sakenowa_api,
52326,7202,遊花,,,draft,0.65,sakenowa_api,
52327,7202,re:echo,,,draft,0.65,sakenowa_api,
52335,7196,日下無双,,,draft,0.65,sakenowa_api,
52340,6980,雲仙,,,draft,0.65,sakenowa_api,
52341,6980,美禄天,,,draft,0.65,sakenowa_api,
52344,6989,確蔵,,,draft,0.65,sakenowa_api,
52345,6989,横山五十,,,draft,0.65,sakenowa_api,
52348,6986,福海,,,draft,0.65,sakenowa_api,
52354,7128,千羽鶴,,,draft,0.65,sakenowa_api,
52358,7115,なごり雪,,,draft,0.65,sakenowa_api,
52359,7115,USUKI,,,draft,0.65,sakenowa_api,
52360,7142,角の井,,,draft,0.65,sakenowa_api,
52361,7142,角ノ井,,,draft,0.65,sakenowa_api,
52364,7132,和香牡丹,,,draft,0.65,sakenowa_api,
52368,7129,華鷹,,,draft,0.65,sakenowa_api,
52369,7136,薫長,,,draft,0.65,sakenowa_api,
52371,7116,樹里愛,,,draft,0.65,sakenowa_api,
52372,7116,源,,,draft,0.65,sakenowa_api,
52373,7116,ゆふいんの森,,,draft,0.65,sakenowa_api,
52374,7116,八鹿 秋の純米酒 ひやおろし,,,draft,0.65,sakenowa_api,
52375,7116,にごり酒,,,draft,0.65,sakenowa_api,
52376,6868,千徳,,,draft,0.65,sakenowa_api,
52377,6868,蔵の真心,,,draft,0.65,sakenowa_api,
52378,6868,金雫,,,draft,0.65,sakenowa_api,
52380,6169,養老酒造,,,draft,0.65,sakenowa_api,
52382,7937,呉の太陽,,,draft,0.65,sakenowa_api,
52383,1382,菊鷹,,,draft,0.65,sakenowa_api,
52384,1382,尾州壽,,,draft,0.65,sakenowa_api,
52387,3811,Noname Irodori 紺碧,,,draft,0.65,sakenowa_api,
52388,3811,イセノハナ,,,draft,0.65,sakenowa_api,
52393,3229,貴一本,,,draft,0.65,sakenowa_api,
52394,7305,石見銀山,,,draft,0.65,sakenowa_api,
52395,7305,岩見辛口,,,draft,0.65,sakenowa_api,
52396,7305,理可,,,draft,0.65,sakenowa_api,
52400,102,会州一,,,draft,0.65,sakenowa_api,
52403,3237,hajime,,,draft,0.65,sakenowa_api,
52404,5580,せきのいち,,,draft,0.65,sakenowa_api,
52405,5580,スパークリング清酒,,,draft,0.65,sakenowa_api,
52407,5577,ひやおろし,,,draft,0.65,sakenowa_api,
52408,5577,㐂久盛,,,draft,0.65,sakenowa_api,
52409,5577,人魚の涙,,,draft,0.65,sakenowa_api,
52410,5577,有末,,,draft,0.65,sakenowa_api,
52412,5577,展勝桜,,,draft,0.65,sakenowa_api,
52413,5577,百姓おどり,,,draft,0.65,sakenowa_api,
52414,5577,シャムロック,,,draft,0.65,sakenowa_api,
52415,5577,アウトレット,,,draft,0.65,sakenowa_api,
52417,5577,666,,,draft,0.65,sakenowa_api,
52419,2492,琵琶のさざ浪,,,draft,0.65,sakenowa_api,
52420,2492,琵琶のささ浪,,,draft,0.65,sakenowa_api,
52421,2492,東京駅ラベル,,,draft,0.65,sakenowa_api,
52422,2492,武蔵野,,,draft,0.65,sakenowa_api,
52424,7348,男の友情,,,draft,0.65,sakenowa_api,
52425,115,風が吹く,,,draft,0.65,sakenowa_api,
52426,115,萬代芳,,,draft,0.65,sakenowa_api,
52427,5591,勇心,,,draft,0.65,sakenowa_api,
52428,221,凌駕,,,draft,0.65,sakenowa_api,
52430,221,松の井,,,draft,0.65,sakenowa_api,
52433,4276,一喜,,,draft,0.65,sakenowa_api,
52434,4276,きのえね,,,draft,0.65,sakenowa_api,
52437,7361,辻風,,,draft,0.65,sakenowa_api,
52438,861,栄光冨士,,,draft,0.65,sakenowa_api,
52439,861,有加藤,,,draft,0.65,sakenowa_api,
52440,861,虎穴,,,draft,0.65,sakenowa_api,
52441,861,出羽の里,,,draft,0.65,sakenowa_api,
52444,245,あゆカップ,,,draft,0.65,sakenowa_api,
52451,4718,藏王,,,draft,0.65,sakenowa_api,
52453,6085,馬酔木,,,draft,0.65,sakenowa_api,
52456,4302,源作,,,draft,0.65,sakenowa_api,
52457,4302,寒菊 どぶろく 銀八,,,draft,0.65,sakenowa_api,
52458,2503,五十嵐,,,draft,0.65,sakenowa_api,
52459,2503,天覧山,,,draft,0.65,sakenowa_api,
52460,2503,風翠,,,draft,0.65,sakenowa_api,
52464,3223,加茂五葉,,,draft,0.65,sakenowa_api,
52465,7337,Suginamiki,,,draft,0.65,sakenowa_api,
52470,1129,綾部の四季,,,draft,0.65,sakenowa_api,
52471,1129,Ryon,,,draft,0.65,sakenowa_api,
52473,7922,吉田屋,,,draft,0.65,sakenowa_api,
52474,7922,亀齢萬年,,,draft,0.65,sakenowa_api,
52476,4114,屋守,,,draft,0.65,sakenowa_api,
52477,4114,十右衛門,,,draft,0.65,sakenowa_api,
52478,4114,ぎんから,,,draft,0.65,sakenowa_api,
52479,4114,NEON,,,draft,0.65,sakenowa_api,
52480,7285,開春,,,draft,0.65,sakenowa_api,
52481,7285,石のかんばせ,,,draft,0.65,sakenowa_api,
52482,7285,寛文の雫,,,draft,0.65,sakenowa_api,
52483,7300,玉櫻,,,draft,0.65,sakenowa_api,
52485,5511,上澄,,,draft,0.65,sakenowa_api,
52486,3195,酒一筋,,,draft,0.65,sakenowa_api,
52488,2270,寧音,,,draft,0.65,sakenowa_api,
52489,2270,夏越酒,,,draft,0.65,sakenowa_api,
52490,2270,輪島物語,,,draft,0.65,sakenowa_api,
52491,2270,奥能登の白菊,,,draft,0.65,sakenowa_api,
52492,68,燦水木,,,draft,0.65,sakenowa_api,
52493,68,木祖地,,,draft,0.65,sakenowa_api,
52495,68,木曽路 三割麹,,,draft,0.65,sakenowa_api,
52496,5997,19歳の酒,,,draft,0.65,sakenowa_api,
52501,5505,君萬代,,,draft,0.65,sakenowa_api,
52505,5512,銅鑼美,,,draft,0.65,sakenowa_api,
52506,5512,呑美多,,,draft,0.65,sakenowa_api,
52508,7214,パンダ出没注意,,,draft,0.65,sakenowa_api,
52509,7214,ぱんだ祭り,,,draft,0.65,sakenowa_api,
52511,7214,たけのそのパンダフェスティバル,,,draft,0.65,sakenowa_api,
52513,270,大地の虎,,,draft,0.65,sakenowa_api,
52514,859,壽,,,draft,0.65,sakenowa_api,
52515,5986,みずかがみ,,,draft,0.65,sakenowa_api,
52516,5986,しぼったそのまま一番酒,,,draft,0.65,sakenowa_api,
52517,298,勝保,,,draft,0.65,sakenowa_api,
52518,298,得月,,,draft,0.65,sakenowa_api,
52520,617,キクマサピン,,,draft,0.65,sakenowa_api,
52521,617,すだち冷酒,,,draft,0.65,sakenowa_api,
52527,980,山の壽,,,draft,0.65,sakenowa_api,
52528,980,BaSaRa,,,draft,0.65,sakenowa_api,
52530,1866,白隠政宗,,,draft,0.65,sakenowa_api,
52533,5263,Yume wa Masayume,,,draft,0.65,sakenowa_api,
52534,5263,艶,,,draft,0.65,sakenowa_api,
52535,5263,夢は正夢,,,draft,0.65,sakenowa_api,
52536,5263,団,,,draft,0.65,sakenowa_api,
52537,3452,じょっぱり,,,draft,0.65,sakenowa_api,
52538,3452,龍飛,,,draft,0.65,sakenowa_api,
52539,3452,蔵子,,,draft,0.65,sakenowa_api,
52542,3451,モヒカン娘,,,draft,0.65,sakenowa_api,
52543,3451,ん,,,draft,0.65,sakenowa_api,
52544,3451,ビキニ娘,,,draft,0.65,sakenowa_api,
52545,6554,二世古,,,draft,0.65,sakenowa_api,
52547,7897,広島,,,draft,0.65,sakenowa_api,
52552,6987,みずの光彩,,,draft,0.65,sakenowa_api,
52554,6987,神の光,,,draft,0.65,sakenowa_api,
52556,953,寒北斗,,,draft,0.65,sakenowa_api,
52557,953,玉の井,,,draft,0.65,sakenowa_api,
52558,953,喜平太,,,draft,0.65,sakenowa_api,
52561,981,夏大吟,,,draft,0.65,sakenowa_api,
52562,981,Debut,,,draft,0.65,sakenowa_api,
52563,981,筍,,,draft,0.65,sakenowa_api,
52564,981,若の壽,,,draft,0.65,sakenowa_api,
52565,981,若竹屋,,,draft,0.65,sakenowa_api,
52566,981,一、,,,draft,0.65,sakenowa_api,
52568,5574,鹿蝦夷,,,draft,0.65,sakenowa_api,
52569,5574,紫宙,,,draft,0.65,sakenowa_api,
52570,992,駿,,,draft,0.65,sakenowa_api,
52571,992,磯乃澤,,,draft,0.65,sakenowa_api,
52572,992,中州,,,draft,0.65,sakenowa_api,
52573,992,ISONOSAWA,,,draft,0.65,sakenowa_api,
52574,992,うきは,,,draft,0.65,sakenowa_api,
52575,992,一番流,,,draft,0.65,sakenowa_api,
52576,105,Yamatoya Zennai,,,draft,0.65,sakenowa_api,
52577,105,峰の,,,draft,0.65,sakenowa_api,
52578,105,峰の雪,,,draft,0.65,sakenowa_api,
52580,4614,松みどり,,,draft,0.65,sakenowa_api,
52582,4614,亮,,,draft,0.65,sakenowa_api,
52583,4614,琴姫,,,draft,0.65,sakenowa_api,
52584,4614,四季の箱根,,,draft,0.65,sakenowa_api,
52585,52,中甼,,,draft,0.65,sakenowa_api,
52586,52,善哉 辛口,,,draft,0.65,sakenowa_api,
52587,1864,今の浦,,,draft,0.65,sakenowa_api,
52591,5515,愛醸一献,,,draft,0.65,sakenowa_api,
52595,6046,旭若松,,,draft,0.65,sakenowa_api,
52598,7354,どぶろく,,,draft,0.65,sakenowa_api,
52599,859,磐城寿,,,draft,0.65,sakenowa_api,
52600,859,土耕ん醸,,,draft,0.65,sakenowa_api,
52603,8825,長久,,,draft,0.65,sakenowa_api,
52604,7291,純米大吟醸,,,draft,0.65,sakenowa_api,
52605,7286,十旭日,,,draft,0.65,sakenowa_api,
52606,7286,十字旭日,,,draft,0.65,sakenowa_api,
52609,2164,甚五郎,,,draft,0.65,sakenowa_api,
52610,231,砂金,,,draft,0.65,sakenowa_api,
52614,3201,萬年雪,,,draft,0.65,sakenowa_api,
52617,638,ワンカップ®,,,draft,0.65,sakenowa_api,
52619,638,特撰 大吟醸,,,draft,0.65,sakenowa_api,
52620,638,金鹿,,,draft,0.65,sakenowa_api,
52621,638,長兵衛,,,draft,0.65,sakenowa_api,
52624,99,夢の香,,,draft,0.65,sakenowa_api,
52628,1375,清須,,,draft,0.65,sakenowa_api,
52629,1375,清洲城 信長 しぼりたて,,,draft,0.65,sakenowa_api,
52630,8818,龍神丸,,,draft,0.65,sakenowa_api,
52631,8818,喜楽里,,,draft,0.65,sakenowa_api,
52632,8818,てんきゅう,,,draft,0.65,sakenowa_api,
52634,8818,高垣,,,draft,0.65,sakenowa_api,
52635,5786,よねぎん,,,draft,0.65,sakenowa_api,
52636,5786,三日踊,,,draft,0.65,sakenowa_api,
52637,535,千代緑,,,draft,0.65,sakenowa_api,
52638,48,佐久乃花,,,draft,0.65,sakenowa_api,
52639,3455,鯵ヶ澤,,,draft,0.65,sakenowa_api,
52640,3455,天馬,,,draft,0.65,sakenowa_api,
52643,3455,鯵ケ澤,,,draft,0.65,sakenowa_api,
52644,3455,岩木川,,,draft,0.65,sakenowa_api,
52645,1403,極,,,draft,0.65,sakenowa_api,
52646,1403,長譽,,,draft,0.65,sakenowa_api,
52647,1403,Bassyu,,,draft,0.65,sakenowa_api,
52650,1403,まるいし,,,draft,0.65,sakenowa_api,
52655,1848,大虹,,,draft,0.65,sakenowa_api,
52658,2482,天仁,,,draft,0.65,sakenowa_api,
52660,10,旭の出乃勢正宗,,,draft,0.65,sakenowa_api,
52661,2257,池月,,,draft,0.65,sakenowa_api,
52662,2257,島屋,,,draft,0.65,sakenowa_api,
52663,4294,上総の国 一ノ宮,,,draft,0.65,sakenowa_api,
52666,1857,北の丸,,,draft,0.65,sakenowa_api,
52669,675,花てがみ,,,draft,0.65,sakenowa_api,
52672,651,佐久佐,,,draft,0.65,sakenowa_api,
52675,6529,関東の華,,,draft,0.65,sakenowa_api,
52676,6529,聖火,,,draft,0.65,sakenowa_api,
52678,4612,酒岳堂,,,draft,0.65,sakenowa_api,
52679,4612,箱根街道,,,draft,0.65,sakenowa_api,
52680,7282,誉池月,,,draft,0.65,sakenowa_api,
52681,5514,二波山 松緑,,,draft,0.65,sakenowa_api,
52684,19,北安大國,,,draft,0.65,sakenowa_api,
52685,19,居谷里,,,draft,0.65,sakenowa_api,
52687,5788,出世男 大吟醸,,,draft,0.65,sakenowa_api,
52689,4705,DATE SEVEN,,,draft,0.65,sakenowa_api,
52690,5255,真名鶴,,,draft,0.65,sakenowa_api,
52691,5255,奏雨,,,draft,0.65,sakenowa_api,
52698,1384,長玲 禄,,,draft,0.65,sakenowa_api,
52700,2507,鏡山,,,draft,0.65,sakenowa_api,
52701,2507,仁科誉,,,draft,0.65,sakenowa_api,
52708,6160,谷櫻,,,draft,0.65,sakenowa_api,
52714,91,あぶくま,,,draft,0.65,sakenowa_api,
52715,91,八千万年の雫,,,draft,0.65,sakenowa_api,
52718,2160,飛騨路,,,draft,0.65,sakenowa_api,
52720,1136,STARS,,,draft,0.65,sakenowa_api,
52721,1136,カフェSAKEしろいスパークリング,,,draft,0.65,sakenowa_api,
52722,1136,ピアノ,,,draft,0.65,sakenowa_api,
52723,1136,伏見の竜馬,,,draft,0.65,sakenowa_api,
52724,1136,Tozai,,,draft,0.65,sakenowa_api,
52727,660,山名,,,draft,0.65,sakenowa_api,
52728,7284,天穏,,,draft,0.65,sakenowa_api,
52729,7284,無窮天穏,,,draft,0.65,sakenowa_api,
52731,4698,閖,,,draft,0.65,sakenowa_api,
52733,1395,衣が浦若水,,,draft,0.65,sakenowa_api,
52736,41,白珠,,,draft,0.65,sakenowa_api,
52741,7301,如雨露,,,draft,0.65,sakenowa_api,
52742,7301,悪乃代官,,,draft,0.65,sakenowa_api,
52743,7301,加茂福,,,draft,0.65,sakenowa_api,
52744,7301,裏死神,,,draft,0.65,sakenowa_api,
52746,2484,高麗王,,,draft,0.65,sakenowa_api,
52748,4623,塔の沢,,,draft,0.65,sakenowa_api,
52749,4623,天晴,,,draft,0.65,sakenowa_api,
52750,4623,曙光,,,draft,0.65,sakenowa_api,
52751,4623,雨過天青,,,draft,0.65,sakenowa_api,
52752,4623,さざなみ,,,draft,0.65,sakenowa_api,
52753,4623,みねもと,,,draft,0.65,sakenowa_api,
52754,4623,どぶろく,,,draft,0.65,sakenowa_api,
52755,4623,吟醸酒湘南,,,draft,0.65,sakenowa_api,
52756,4623,湘南,,,draft,0.65,sakenowa_api,
52757,4623,鎌倉栞,,,draft,0.65,sakenowa_api,
52758,4623,かっぱの純米吟醸,,,draft,0.65,sakenowa_api,
52762,6761,蝉,,,draft,0.65,sakenowa_api,
52763,6761,ソワニエ,,,draft,0.65,sakenowa_api,
52764,6761,通潤,,,draft,0.65,sakenowa_api,
52767,1849,誉富士,,,draft,0.65,sakenowa_api,
52768,1849,喜平 静岡蔵謹醸,,,draft,0.65,sakenowa_api,
52770,4710,金の井,,,draft,0.65,sakenowa_api,
52771,3800,颯,,,draft,0.65,sakenowa_api,
52772,4286,吉壽,,,draft,0.65,sakenowa_api,
52775,3440,おしまこ美人,,,draft,0.65,sakenowa_api,
52776,3440,北限海峡,,,draft,0.65,sakenowa_api,
52777,3440,海峡浪漫,,,draft,0.65,sakenowa_api,
52778,3440,祈水,,,draft,0.65,sakenowa_api,
52779,3440,寒立馬,,,draft,0.65,sakenowa_api,
52780,3440,純,,,draft,0.65,sakenowa_api,
52783,672,葛根の花,,,draft,0.65,sakenowa_api,
52785,658,乙女,,,draft,0.65,sakenowa_api,
52786,2693,小富士,,,draft,0.65,sakenowa_api,
52787,2693,小冨士 超辛口,,,draft,0.65,sakenowa_api,
52788,4707,感謝酒,,,draft,0.65,sakenowa_api,
52791,4707,三米八旨,,,draft,0.65,sakenowa_api,
52792,4707,Mr.Summer Time,,,draft,0.65,sakenowa_api,
52794,6763,蘇望,,,draft,0.65,sakenowa_api,
52795,6763,泰斗,,,draft,0.65,sakenowa_api,
52796,947,竹滴,,,draft,0.65,sakenowa_api,
52797,947,萬代,,,draft,0.65,sakenowa_api,
52798,947,博多の森,,,draft,0.65,sakenowa_api,
52799,5569,桜顔 楽歳,,,draft,0.65,sakenowa_api,
52800,5569,慈空,,,draft,0.65,sakenowa_api,
52801,5569,もりおか すぱぁくりんぐ,,,draft,0.65,sakenowa_api,
52803,7294,環日本海,,,draft,0.65,sakenowa_api,
52805,676,さくら浪漫,,,draft,0.65,sakenowa_api,
52807,7296,ヤマサン正宗,,,draft,0.65,sakenowa_api,
52812,6556,十一州,,,draft,0.65,sakenowa_api,
52813,6556,なまら超辛,,,draft,0.65,sakenowa_api,
52815,6556,北の大志,,,draft,0.65,sakenowa_api,
52816,2495,ARROZ,,,draft,0.65,sakenowa_api,
52817,2495,雫滴,,,draft,0.65,sakenowa_api,
52818,3222,和心,,,draft,0.65,sakenowa_api,
52819,3222,作州武蔵,,,draft,0.65,sakenowa_api,
52821,1,しぼったまんま,,,draft,0.65,sakenowa_api,
52823,29,スクエアワン,,,draft,0.65,sakenowa_api,
52827,5572,北窓三友,,,draft,0.65,sakenowa_api,
52828,5572,北総三友,,,draft,0.65,sakenowa_api,
52829,46,SAKU13,,,draft,0.65,sakenowa_api,
52833,2511,秩父錦,,,draft,0.65,sakenowa_api,
52834,2511,霞,,,draft,0.65,sakenowa_api,
52836,12,雪猿,,,draft,0.65,sakenowa_api,
52838,556,香り燗漫,,,draft,0.65,sakenowa_api,
52839,4613,箱根薔薇,,,draft,0.65,sakenowa_api,
52842,5524,彦市,,,draft,0.65,sakenowa_api,
52843,5524,和の月,,,draft,0.65,sakenowa_api,
52844,5524,淡薫泡,,,draft,0.65,sakenowa_api,
52845,5524,鯛より,,,draft,0.65,sakenowa_api,
52846,5524,桂利奈,,,draft,0.65,sakenowa_api,
52848,87,吉の川,,,draft,0.65,sakenowa_api,
52850,257,雪紅梅,,,draft,0.65,sakenowa_api,
52851,3217,大正の鶴,,,draft,0.65,sakenowa_api,
52856,101,くらしっく,,,draft,0.65,sakenowa_api,
52857,101,国光,,,draft,0.65,sakenowa_api,
52862,1135,五条大橋,,,draft,0.65,sakenowa_api,
52864,6762,鮨びぃる,,,draft,0.65,sakenowa_api,
52866,6762,産土,,,draft,0.65,sakenowa_api,
52867,264,村祐,,,draft,0.65,sakenowa_api,
52868,264,高村桂,,,draft,0.65,sakenowa_api,
52870,264,祐村,,,draft,0.65,sakenowa_api,
52871,4113,桑の都,,,draft,0.65,sakenowa_api,
52872,4113,尾根桜,,,draft,0.65,sakenowa_api,
52873,4113,八王子城,,,draft,0.65,sakenowa_api,
52876,4616,ながつた宿,,,draft,0.65,sakenowa_api,
52878,38,藤村のにごり酒,,,draft,0.65,sakenowa_api,
52879,38,搾ったまんま,,,draft,0.65,sakenowa_api,
52883,7921,米の精 雫,,,draft,0.65,sakenowa_api,
52884,7921,神髄,,,draft,0.65,sakenowa_api,
52885,7921,蔵楽,,,draft,0.65,sakenowa_api,
52886,3224,武蔵の里,,,draft,0.65,sakenowa_api,
52887,3224,武蔵乃里,,,draft,0.65,sakenowa_api,
52892,85,相模屋旅館,,,draft,0.65,sakenowa_api,
52895,966,h(エイチ),,,draft,0.65,sakenowa_api,
52896,966,耶馬寒梅,,,draft,0.65,sakenowa_api,
52897,966,比翼鶴,,,draft,0.65,sakenowa_api,
52898,939,仁四郎,,,draft,0.65,sakenowa_api,
52899,939,玉出泉,,,draft,0.65,sakenowa_api,
52900,939,ゆめほたる,,,draft,0.65,sakenowa_api,
52901,939,大賀,,,draft,0.65,sakenowa_api,
52902,4115,久兵衛,,,draft,0.65,sakenowa_api,
52905,5523,寒紅梅の雫,,,draft,0.65,sakenowa_api,
52906,3209,竹林,,,draft,0.65,sakenowa_api,
52907,3209,泡々酒,,,draft,0.65,sakenowa_api,
52908,3209,農産酒蔵,,,draft,0.65,sakenowa_api,
52909,3209,加茂緑,,,draft,0.65,sakenowa_api,
52910,49,くろさわ,,,draft,0.65,sakenowa_api,
52913,49,まると,,,draft,0.65,sakenowa_api,
52915,49,百姓物語,,,draft,0.65,sakenowa_api,
52918,258,九,,,draft,0.65,sakenowa_api,
52920,7347,霧降,,,draft,0.65,sakenowa_api,
52921,7347,ドルチェ・ブーケ,,,draft,0.65,sakenowa_api,
52922,7347,雪だるま,,,draft,0.65,sakenowa_api,
52923,7347,かぶとむし,,,draft,0.65,sakenowa_api,
52924,7347,羽水,,,draft,0.65,sakenowa_api,
52925,7401,丈,,,draft,0.65,sakenowa_api,
52926,2502,亀甲花菱,,,draft,0.65,sakenowa_api,
52929,2699,名称募集,,,draft,0.65,sakenowa_api,
52930,2699,袋しぼり,,,draft,0.65,sakenowa_api,
52931,853,羽州乃杜,,,draft,0.65,sakenowa_api,
52933,2496,豊明,,,draft,0.65,sakenowa_api,
52934,2496,初緑,,,draft,0.65,sakenowa_api,
52935,2496,健誠,,,draft,0.65,sakenowa_api,
52936,2496,二才の醸,,,draft,0.65,sakenowa_api,
52939,2690,福うづまき,,,draft,0.65,sakenowa_api,
52940,3226,春團治,,,draft,0.65,sakenowa_api,
52942,3448,黒石やきそば酒,,,draft,0.65,sakenowa_api,
52945,2481,帝松,,,draft,0.65,sakenowa_api,
52946,2481,隆光,,,draft,0.65,sakenowa_api,
52947,23,戸隠,,,draft,0.65,sakenowa_api,
52953,876,鷹山,,,draft,0.65,sakenowa_api,
52954,876,香梅,,,draft,0.65,sakenowa_api,
52955,2252,小松人,,,draft,0.65,sakenowa_api,
52956,2252,春心 兼六桜,,,draft,0.65,sakenowa_api,
52960,53,信濃乃國,,,draft,0.65,sakenowa_api,
52962,5987,桜美酒,,,draft,0.65,sakenowa_api,
52963,5987,神開 花 にごり 桜美酒,,,draft,0.65,sakenowa_api,
52964,5502,潮来,,,draft,0.65,sakenowa_api,
52965,5502,麹屋友七,,,draft,0.65,sakenowa_api,
52968,4696,みちのく鬼ころし,,,draft,0.65,sakenowa_api,
52969,7342,米の絆,,,draft,0.65,sakenowa_api,
52970,7342,桜玉,,,draft,0.65,sakenowa_api,
52971,7342,とくまる,,,draft,0.65,sakenowa_api,
52972,7342,越後杜氏直伝 純米酒 丸米仕込,,,draft,0.65,sakenowa_api,
52973,7342,米きち,,,draft,0.65,sakenowa_api,
52978,5510,紬美人,,,draft,0.65,sakenowa_api,
52982,680,悠久の酒,,,draft,0.65,sakenowa_api,
52983,6004,しろうま,,,draft,0.65,sakenowa_api,
52984,6004,太湖,,,draft,0.65,sakenowa_api,
52986,6004,六瓢箪,,,draft,0.65,sakenowa_api,
52987,6004,生乍自由,,,draft,0.65,sakenowa_api,
52990,268,彌彦,,,draft,0.65,sakenowa_api,
52991,268,こしのはくせつ,,,draft,0.65,sakenowa_api,
52993,5804,大峰山,,,draft,0.65,sakenowa_api,
52995,644,能座ほまれ,,,draft,0.65,sakenowa_api,
52996,644,但馬ほまれ,,,draft,0.65,sakenowa_api,
52997,963,杉能舎,,,draft,0.65,sakenowa_api,
52999,994,鷹正宗,,,draft,0.65,sakenowa_api,
53002,2149,大いばり,,,draft,0.65,sakenowa_api,
53003,2149,江向,,,draft,0.65,sakenowa_api,
53007,6768,玄米酒,,,draft,0.65,sakenowa_api,
53012,237,あべ,,,draft,0.65,sakenowa_api,
53013,1155,松の翆,,,draft,0.65,sakenowa_api,
53014,7306,とんばら,,,draft,0.65,sakenowa_api,
53016,7281,隠岐誉,,,draft,0.65,sakenowa_api,
53017,7281,高正宗,,,draft,0.65,sakenowa_api,
53018,7281,隠岐の海,,,draft,0.65,sakenowa_api,
53020,225,恵信,,,draft,0.65,sakenowa_api,
53022,2138,慶樹,,,draft,0.65,sakenowa_api,
53023,2138,千代乃花,,,draft,0.65,sakenowa_api,
53025,2138,杉乃井,,,draft,0.65,sakenowa_api,
53031,1397,盛田,,,draft,0.65,sakenowa_api,
53032,1397,濱嶋,,,draft,0.65,sakenowa_api,
53033,1397,鸞,,,draft,0.65,sakenowa_api,
53035,944,菊美人,,,draft,0.65,sakenowa_api,
53037,1863,森本,,,draft,0.65,sakenowa_api,
53040,7358,栃茜,,,draft,0.65,sakenowa_api,
53042,7288,美波太平洋,,,draft,0.65,sakenowa_api,
53044,7292,青斗七星,,,draft,0.65,sakenowa_api,
53045,7292,ほろ酔いだんだん,,,draft,0.65,sakenowa_api,
53048,1373,純米,,,draft,0.65,sakenowa_api,
53049,103,寿月,,,draft,0.65,sakenowa_api,
53050,103,天栄山,,,draft,0.65,sakenowa_api,
53051,103,寿々乃井,,,draft,0.65,sakenowa_api,
53053,6000,秀一,,,draft,0.65,sakenowa_api,
53054,1860,富士のかさ雲,,,draft,0.65,sakenowa_api,
53055,8821,初桜酒造,,,draft,0.65,sakenowa_api,
53062,108,三春五万石,,,draft,0.65,sakenowa_api,
53063,5590,綾菊,,,draft,0.65,sakenowa_api,
53064,1920,大嶺,,,draft,0.65,sakenowa_api,
53065,1920,Ohmine Junmai,,,draft,0.65,sakenowa_api,
53070,6001,琵琶の神龍,,,draft,0.65,sakenowa_api,
53071,2509,枡川,,,draft,0.65,sakenowa_api,
53073,646,夫婦杉,,,draft,0.65,sakenowa_api,
53075,661,神池,,,draft,0.65,sakenowa_api,
53078,967,筑後川,,,draft,0.65,sakenowa_api,
53079,2505,旭正宗,,,draft,0.65,sakenowa_api,
53080,1400,神杉,,,draft,0.65,sakenowa_api,
53083,7303,和韻,,,draft,0.65,sakenowa_api,
53086,7121,宗麟,,,draft,0.65,sakenowa_api,
53088,1850,はこね,,,draft,0.65,sakenowa_api,
53089,1850,逆さ富士,,,draft,0.65,sakenowa_api,
53090,1850,伊豆山々,,,draft,0.65,sakenowa_api,
53096,894,東の麓,,,draft,0.65,sakenowa_api,
53097,894,天弓,,,draft,0.65,sakenowa_api,
53098,58,笑亀,,,draft,0.65,sakenowa_api,
53104,6547,栄万寿,,,draft,0.65,sakenowa_api,
53107,2271,おれの酒,,,draft,0.65,sakenowa_api,
53109,1913,山縣,,,draft,0.65,sakenowa_api,
53113,294,ゆきのまゆ（醸す森）,,,draft,0.65,sakenowa_api,
53117,241,初花,,,draft,0.65,sakenowa_api,
53122,3220,三光正宗,,,draft,0.65,sakenowa_api,
53123,3220,克正,,,draft,0.65,sakenowa_api,
53124,3220,三光,,,draft,0.65,sakenowa_api,
53125,3220,三光天賦,,,draft,0.65,sakenowa_api,
53126,3220,三光蛇形,,,draft,0.65,sakenowa_api,
53137,24,小松原 弦戯,,,draft,0.65,sakenowa_api,
53144,6982,梅ヶ枝,,,draft,0.65,sakenowa_api,
53145,3193,桃の里,,,draft,0.65,sakenowa_api,
53148,7397,瑞泉 上撰,,,draft,0.65,sakenowa_api,
53149,7397,瑞泉 佳撰,,,draft,0.65,sakenowa_api,
53151,5579,奥六,,,draft,0.65,sakenowa_api,
53152,940,黒田武士,,,draft,0.65,sakenowa_api,
53157,6766,小国蔵 一本〆,,,draft,0.65,sakenowa_api,
53158,6766,七歩蛇,,,draft,0.65,sakenowa_api,
53159,5781,倉本,,,draft,0.65,sakenowa_api,
53160,5536,富久心,,,draft,0.65,sakenowa_api,
53161,5536,鳳凰,,,draft,0.65,sakenowa_api,
53166,6564,神川,,,draft,0.65,sakenowa_api,
53168,6564,五稜,,,draft,0.65,sakenowa_api,
53170,254,菱湖,,,draft,0.65,sakenowa_api,
53171,2493,長瀞,,,draft,0.65,sakenowa_api,
53172,2493,彩のきずな,,,draft,0.65,sakenowa_api,
53173,3814,KAWABU,,,draft,0.65,sakenowa_api,
53174,3814,SHIKI,,,draft,0.65,sakenowa_api,
53176,888,吾有事,,,draft,0.65,sakenowa_api,
53177,2490,凛,,,draft,0.65,sakenowa_api,
53178,2490,文楽,,,draft,0.65,sakenowa_api,
53179,2490,彩來,,,draft,0.65,sakenowa_api,
53186,3442,佐藤企,,,draft,0.65,sakenowa_api,
53188,6985,フィランド,,,draft,0.65,sakenowa_api,
53190,7113,花笑み,,,draft,0.65,sakenowa_api,
53194,2701,宮乃舞,,,draft,0.65,sakenowa_api,
53196,6045,出世毘沙門天王,,,draft,0.65,sakenowa_api,
53199,7297,金鳳,,,draft,0.65,sakenowa_api,
53201,6552,郷宝,,,draft,0.65,sakenowa_api,
53203,131,わ,,,draft,0.65,sakenowa_api,
53204,131,回,,,draft,0.65,sakenowa_api,
53209,2709,真珠のときめき,,,draft,0.65,sakenowa_api,
53211,2709,天赦,,,draft,0.65,sakenowa_api,
53216,2712,南郡,,,draft,0.65,sakenowa_api,
53226,5521,真壁,,,draft,0.65,sakenowa_api,
53227,5521,真上,,,draft,0.65,sakenowa_api,
53232,7304,出雲誉,,,draft,0.65,sakenowa_api,
53233,7304,KAKEYA,,,draft,0.65,sakenowa_api,
53234,7304,奥出雲前綿屋,,,draft,0.65,sakenowa_api,
53235,7304,理八,,,draft,0.65,sakenowa_api,
53238,7201,高砂金漿,,,draft,0.65,sakenowa_api,
53239,6075,IWA5,,,draft,0.65,sakenowa_api,
53240,889,小国桜川,,,draft,0.65,sakenowa_api,
53242,971,七曜,,,draft,0.65,sakenowa_api,
53244,4117,prototype 1,,,draft,0.65,sakenowa_api,
53245,6039,勢玉,,,draft,0.65,sakenowa_api,
53248,972,金将門,,,draft,0.65,sakenowa_api,
53249,972,萬年亀,,,draft,0.65,sakenowa_api,
53250,972,萬屋荒神,,,draft,0.65,sakenowa_api,
53251,7408,秀峰岩泉,,,draft,0.65,sakenowa_api,
53252,6040,眉山,,,draft,0.65,sakenowa_api,
53253,1405,豊田正宗,,,draft,0.65,sakenowa_api,
53254,1405,香櫻,,,draft,0.65,sakenowa_api,
53255,1405,智恵泉,,,draft,0.65,sakenowa_api,
53260,3799,伝,,,draft,0.65,sakenowa_api,
53262,3799,冬の白,,,draft,0.65,sakenowa_api,
53263,3799,豊津郷,,,draft,0.65,sakenowa_api,
53267,3215,蘭の誉,,,draft,0.65,sakenowa_api,
53268,3215,朗廬の里,,,draft,0.65,sakenowa_api,
53269,3215,桜渓,,,draft,0.65,sakenowa_api,
53273,3197,千寿,,,draft,0.65,sakenowa_api,
53275,978,嘉六,,,draft,0.65,sakenowa_api,
53276,978,月の桂,,,draft,0.65,sakenowa_api,
67286,33101,あさ開,,,draft,0.9,missing_brewery_research_2026,公式サイト商品一覧: 「あさ開」ブランドで純米大吟醸〜本醸造まで全ラインナップ展開
67287,33102,稲とアガベ,,,draft,0.85,missing_brewery_research_2026,公式ECサイト商品一覧・会社概要より、蔵名兼旗艦ブランドとして「稲とアガベ」名義の商品を複数確認
67288,33102,花風,,,draft,0.8,missing_brewery_research_2026,公式ECサイト craft-series カテゴリに「交酒花風」「花風-UNITED ARROWS-」「花風ぐるりこ」「花風トヨニシキ」等、複数バリエーションで登場する看板銘柄
67289,33103,ねっか,,,draft,0.9,missing_brewery_research_2026,公式サイト沿革(2017年「米焼酎ねっか」製造開始・複数のAWARD受賞記録)より確認
67290,33103,ばがねっか,,,draft,0.85,missing_brewery_research_2026,公式サイト沿革のAWARD受賞記録(IWSC2018・TWSC2020/2023/2024等)に複数回登場する銘柄
67291,33103,奥会津ねっか,,,draft,0.85,missing_brewery_research_2026,公式サイト沿革のAWARD受賞記録(TWSC2023/2024・Kuramaster等)に複数回登場する銘柄
71739,656,三笑,,,draft,0.85,,
71740,4277,成田霊水,,,draft,0.7,,
71741,4285,紅小町,,,draft,0.75,,
71742,4285,よゐこ,,,draft,0.75,,
71743,4285,湯あがり娘,,,draft,0.75,,
71744,4285,埴生の恵,,,draft,0.75,,
71745,4285,小糸在来,,,draft,0.75,,
71746,7134,YUFUDAKE,,,draft,0.9,,
71747,7134,ONOYA,,,draft,0.9,,
71748,7134,JIN JIN,,,draft,0.9,,
71749,33101,旭扇,,,draft,0.6,,
71750,33101,水神,,,draft,0.6,,
71751,33101,酔候,,,draft,0.6,,
71752,7899,尾道百景,,,draft,0.5,,
71753,6040,南国一,,,draft,0.75,,
71754,6040,阿波の晩茶酎,,,draft,0.75,,
71755,6047,しゅムリエ,,,draft,0.5,,
71756,6047,すだち酒,,,draft,0.5,,
71757,2696,さくらさらさら,,,draft,0.6,,
71758,2696,月光,,,draft,0.6,,
71759,2696,寒燗歓,,,draft,0.6,,
71760,2696,夏の酒,,,draft,0.6,,
71761,1394,冠勲,,,draft,0.85,,
71762,219,DOMAINE WATANABE BLENDED,,,draft,0.85,,
71763,250,光醸(KOJO),,,draft,0.75,,
71764,4111,しろやま桜,,,draft,0.75,,
71765,4112,高尾山,,,draft,0.85,,
71766,4112,東京酒蔵魂,,,draft,0.85,,
71767,5991,頂,,,draft,0.75,,
71768,2250,酒峰加越,,,draft,0.9,,
71769,2250,加賀吟醸,,,draft,0.9,,
71770,2250,こっそり,,,draft,0.9,,
71771,2256,のみよし,,,draft,0.75,,
71772,4617,黒笹,,,draft,0.85,,
71773,4617,碧笹,,,draft,0.85,,
71774,4617,緋笹,,,draft,0.85,,
71775,4617,ササノシラベ,,,draft,0.85,,
71776,4617,ササノメグリ,,,draft,0.85,,
71777,4617,夏笹しゅわり,,,draft,0.85,,
71778,4617,ミライザケ,,,draft,0.85,,
71779,4619,しゅしゅる,,,draft,0.6,,
71780,4620,彩,,,draft,0.6,,
71781,100,夢の香,,,draft,0.9,,
71782,100,桜浪漫,,,draft,0.9,,
71783,100,いわきろまん,,,draft,0.9,,
71784,100,絆,,,draft,0.9,,
71785,100,自安我楽,,,draft,0.9,,
71786,117,末廣,,,draft,0.8,,
71787,117,夢の香,,,draft,0.8,,
71788,117,鬼羅,,,draft,0.8,,
71789,117,剣,,,draft,0.8,,
71790,6544,山紫,,,draft,0.85,,
71791,6544,花紫,,,draft,0.85,,
71792,6544,すずさけ,,,draft,0.85,,
71793,6544,黒檜,,,draft,0.85,,
71794,6544,大前田栄五郎,,,draft,0.85,,
71795,6544,Shoma,,,draft,0.85,,
71796,5528,金砂郷,,,draft,0.75,,
71797,5528,Sake de pumpkin,,,draft,0.75,,
71798,5528,銀河,,,draft,0.75,,
71799,5528,長者屋敷,,,draft,0.75,,
71800,5528,龍の子,,,draft,0.75,,
71801,5528,ピュア茨城,,,draft,0.75,,
71802,5530,四度の瀧,,,draft,0.85,,
71803,5530,霊水八溝,,,draft,0.85,,
71804,5530,袋田の滝,,,draft,0.85,,
71805,5531,カミマル,,,draft,0.8,,
71806,6988,ZERO,,,draft,0.9,,
71807,6988,やまねこ,,,draft,0.9,,
71808,6988,こっぽうもん,,,draft,0.9,,
71809,6988,伊藤,,,draft,0.9,,
71810,6988,対州25,,,draft,0.9,,
71811,3,深水,,,draft,0.6,,
71812,3,酒中有深味,,,draft,0.6,,
71813,3,古道,,,draft,0.6,,
71814,3,〆,,,draft,0.6,,
71815,3,八剣,,,draft,0.6,,
71816,8,浮世絵,,,draft,0.85,,
71817,8,雪舟,,,draft,0.85,,
71818,8,しんすみさけ,,,draft,0.85,,
71819,8,麦どうぞ,,,draft,0.85,,
71820,8,そばどうぞ,,,draft,0.85,,
71821,8,殿様水,,,draft,0.85,,
71822,33,夢二,,,draft,0.75,,
71823,33,白雄,,,draft,0.75,,
71824,33,西之門,,,draft,0.75,,
71825,39,軽井沢,,,draft,0.85,,
71826,39,風穴,,,draft,0.85,,
71827,39,草笛,,,draft,0.85,,
71828,39,こてさんね,,,draft,0.85,,
71829,39,しろがっぱ,,,draft,0.85,,
71830,39,てんてこ舞,,,draft,0.85,,
71831,3456,妖精のしわざ,,,draft,0.8,,
71832,1841,葵御紋,,,draft,0.85,,
71833,1841,家康くん,,,draft,0.85,,
71834,1841,和く和く,,,draft,0.85,,
71835,1841,みかんちゅ,,,draft,0.85,,
71836,1841,紅ほっぺちゅ,,,draft,0.85,,
71837,1841,はんぶん麹,,,draft,0.85,,
71838,1845,ラヂオ正宗,,,draft,0.9,,
71839,1845,にゃんかっぷ,,,draft,0.9,,
71840,1861,いろは,,,draft,0.55,,
71841,1862,土地の詩,,,draft,0.5,,
71842,6742,azure,,,draft,0.7,,
71843,6742,海援隊,,,draft,0.7,,
71844,6750,お～い！竜馬,,,draft,0.7,,
71845,6750,山内容堂公,,,draft,0.7,,
71846,6751,ゴオウゴオウ,,,draft,0.85,,
71847,6751,ザアアザアア,,,draft,0.85,,
71848,6751,カララカララ,,,draft,0.85,,
71849,6751,ザアグザアグ,,,draft,0.85,,
71850,6751,ヒュロヒュロ,,,draft,0.85,,
71851,6753,貴賓,,,draft,0.6,,
71852,6753,碧龍泉BIRYUSEN,,,draft,0.6,,
71853,6753,吟麓,,,draft,0.6,,
71854,6753,土佐のはちきん,,,draft,0.6,,
71855,6753,KAMEIZUMI Perle,,,draft,0.6,,
71856,6753,しぼったばっかし,,,draft,0.6,,
71857,6758,四万十の風,,,draft,0.85,,
71858,6758,宇宙の夢,,,draft,0.85,,
71859,6758,鐵の道,,,draft,0.85,,
71860,6758,白藤,,,draft,0.85,,
71861,6758,とみやま,,,draft,0.85,,
71862,7405,吟麗,,,draft,0.5,,
71863,7405,鷹翔,,,draft,0.5,,
71864,7405,結麗,,,draft,0.5,,
71865,7405,真緋,,,draft,0.5,,
71866,7405,絆彩,,,draft,0.5,,
71867,7405,桜咲,,,draft,0.5,,
71868,6172,だいやめ,,,draft,0.8,,
71869,6172,海童,,,draft,0.8,,
71870,6172,隠し蔵,,,draft,0.8,,
71871,6172,チルグリーン,,,draft,0.8,,
77952,36987,悠天,,,draft,0.95,kumiai_niigata_detail,
79009,3816,重浪,,,draft,0.5,,
79010,1147,竹酒,,,draft,0.4,,
79011,621,泉姫,,,draft,0.85,,
79012,642,フクノハナ,,,draft,0.6,,
79013,642,時のしらべ,,,draft,0.6,,
79014,652,播磨鶴,,,draft,0.85,,
79015,652,神龍錦,,,draft,0.85,,
79016,652,米寿,,,draft,0.85,,
79017,652,秋津,,,draft,0.85,,
79018,652,玄妙甘蜜,,,draft,0.85,,
79019,654,MISA,,,draft,0.4,,
79020,671,アベリア,,,draft,0.4,,
79021,6557,みずおと,,,draft,0.4,,
79022,4284,makuake,,,draft,0.5,,
79023,4295,推奨,,,draft,0.5,,
79024,4295,いちじくの枝,,,draft,0.5,,
79025,4295,ゆずの実,,,draft,0.5,,
79026,4295,夏みかん酒,,,draft,0.5,,
79027,4312,リーゾ・ファルカデーレ,,,draft,0.6,,
79028,7126,慶祝,,,draft,0.5,,
79029,7126,延寿,,,draft,0.5,,
79030,7127,狩生,,,draft,0.6,,
79031,7127,香吟のささやき,,,draft,0.6,,
79032,7127,むぎゅ,,,draft,0.6,,
79033,7131,佳月,,,draft,0.5,,
79034,7131,益喜,,,draft,0.5,,
79035,7131,壺中の眠,,,draft,0.5,,
79036,7131,昇陽,,,draft,0.5,,
79037,7131,臼杵生姜酒,,,draft,0.5,,
79038,7131,果の滴,,,draft,0.5,,
79039,7137,やばの古城,,,draft,0.6,,
79040,7137,酔っちょくれ,,,draft,0.6,,
79041,7137,鄕むかう,,,draft,0.6,,
79042,7137,夢の風,,,draft,0.6,,
79043,7138,万俵,,,draft,0.7,,
79044,7138,麻生富士子,,,draft,0.7,,
79045,7138,奴さん,,,draft,0.7,,
79046,7138,ぶんご梅,,,draft,0.7,,
79047,3238,善酔さくらスパークリング,,,draft,0.5,,
79048,3238,酒見知り,,,draft,0.5,,
79049,3238,吉村知事の酒,,,draft,0.5,,
79050,4697,伊達之都,,,draft,0.7,,
79051,6080,玉旭ECHOES,,,draft,0.6,,
79052,6080,玉旭BLACK,,,draft,0.6,,
79053,6080,玉旭BLUE,,,draft,0.6,,
79054,6080,玉旭WHITE,,,draft,0.6,,
79055,6080,玉旭DESPERADO,,,draft,0.6,,
79056,1928,雁木LIGHT,,,draft,0.5,,
79057,1928,雁木 鶺鴒,,,draft,0.5,,
79058,1928,ANOTHER雄町,,,draft,0.5,,
79059,1933,ハーモニー,,,draft,0.55,,
79060,1933,プラチナ,,,draft,0.55,,
79061,1933,ブラック,,,draft,0.55,,
79062,1933,ふかまり,,,draft,0.55,,
79063,882,光明,,,draft,0.85,,
79064,882,SAKERISE,,,draft,0.85,,
79065,882,Shield,,,draft,0.85,,
79066,882,無我,,,draft,0.85,,
79067,882,涅槃,,,draft,0.85,,
79068,882,子宝,,,draft,0.85,,
79069,882,ヨー子,,,draft,0.85,,
79070,6171,北麓,,,draft,0.7,,
79071,2140,梲,,,draft,0.75,,
79072,2140,花みこし,,,draft,0.75,,
79073,2156,初花,,,draft,0.55,,
79074,2156,しゅわわせ気分,,,draft,0.55,,
79075,2161,霞青藍,,,draft,0.5,,
79076,2171,冬ごもり,,,draft,0.4,,
79077,2171,大寒しぼり,,,draft,0.4,,
79078,7302,㐂津禰,,,draft,0.75,,
79079,7896,すずかぜ,,,draft,0.6,,
79080,7896,protos.,,,draft,0.6,,
79081,7903,神石高原木桶生酛,,,draft,0.55,,
79082,7919,西條酒造学校,,,draft,0.5,,
79083,7919,舞,,,draft,0.5,,
79084,7919,夢ごこち,,,draft,0.5,,
79085,7931,六義,,,draft,0.85,,
79086,2686,武田熟,,,draft,0.7,,
79087,2689,緑香月,,,draft,0.6,,
79088,1389,やまはい,,,draft,0.45,,
79089,212,公乃松,,,draft,0.6,,
79090,212,山鳥毛,,,draft,0.6,,
79091,219,Nechi,,,draft,0.5,,
79092,232,升亀,,,draft,0.7,,
79093,260,五十の夜,,,draft,0.6,,
79094,260,TAiiiiCHI,,,draft,0.6,,
79095,260,Flag48,,,draft,0.6,,
79096,270,奴奈姫,,,draft,0.8,,
79097,270,邂逅 思,,,draft,0.8,,
79098,270,サビ猫ロック,,,draft,0.8,,
79099,4110,&KASEN,,,draft,0.75,,
79100,7356,愛米魅 I MY ME,,,draft,0.8,,
79101,7356,西堀 Pensées,,,draft,0.8,,
79102,7356,西堀,,,draft,0.8,,
79103,7356,ILLUMINA,,,draft,0.8,,
79104,7356,哲/TETSU,,,draft,0.8,,
79105,7358,御用邸,,,draft,0.85,,
79106,7358,福寿松の井,,,draft,0.85,,
79107,5995,huit,,,draft,0.5,,
79108,6760,菜々,,,draft,0.75,,
79109,6760,酒道知新 墨守,,,draft,0.75,,
79110,6760,ずいよう正宗,,,draft,0.75,,
79111,6760,華ばしり,,,draft,0.75,,
79112,6760,吉祥瑞鷹,,,draft,0.75,,
79113,6765,阿蘇物語,,,draft,0.5,,
79114,6765,寿安山,,,draft,0.5,,
79115,6768,萬坊,,,draft,0.85,,
79116,6768,珍珠,,,draft,0.85,,
79117,6768,宝亀,,,draft,0.85,,
79118,6768,今茲,,,draft,0.85,,
79119,6768,逆風張帆,,,draft,0.85,,
79120,6768,しゅわり,,,draft,0.85,,
79121,2246,菊理媛,,,draft,0.85,,
79122,2246,黒吟,,,draft,0.85,,
79123,2246,山吟原酒,,,draft,0.85,,
79124,2246,加陽菊酒,,,draft,0.85,,
79125,2246,鶴乃里,,,draft,0.85,,
79126,2246,金劒,,,draft,0.85,,
79127,2246,加州菊酒,,,draft,0.85,,
79128,2246,加州劔,,,draft,0.85,,
79129,2246,加賀の露,,,draft,0.85,,
79130,2247,白山,,,draft,0.65,,
79131,2247,甚,,,draft,0.65,,
79132,2247,翡,,,draft,0.65,,
79133,2247,剱,,,draft,0.65,,
79134,2247,璃,,,draft,0.65,,
79135,2248,次郎冠者,,,draft,0.8,,
79136,2261,能登のちいさな酒,,,draft,0.8,,
79137,4613,推譲,,,draft,0.85,,
79138,5260,秀天涯,,,draft,0.5,,
79139,5260,譽,,,draft,0.5,,
79140,5260,酒界大王,,,draft,0.5,,
79141,954,嶺,,,draft,0.85,,
79142,973,ボンデクリック,,,draft,0.8,,
79143,973,瑞穂菊,,,draft,0.8,,
79144,973,穂波竜王,,,draft,0.8,,
79145,973,運大吉,,,draft,0.8,,
79146,109,甑峯,,,draft,0.55,,
79147,109,金瓢,,,draft,0.55,,
79148,109,霞の天地,,,draft,0.55,,
79149,532,Horizon Blue,,,draft,0.55,,
79150,532,Rock Oyster Lovers,,,draft,0.55,,
79151,532,white label,,,draft,0.55,,
79152,532,気魄の辛口,,,draft,0.55,,
79153,533,美郷雪華,,,draft,0.6,,
79154,551,クラムボン,,,draft,0.5,,
79155,551,やまとしずく,,,draft,0.5,,
79156,6545,男一心,,,draft,0.9,,
79157,5515,ISOKURA150,,,draft,0.5,,
79158,5531,華世,,,draft,0.8,,
79159,6985,HIRAN W.Adams,,,draft,0.4,,
79160,2,樋の口,,,draft,0.6,,
79161,22,cuore di mela,,,draft,0.5,,
79162,47,橘,,,draft,0.5,,
79163,67,年輪,,,draft,0.85,,
79164,67,おたまじゃくし,,,draft,0.85,,
79165,67,中川村のたま子,,,draft,0.85,,
79166,69,銀華,,,draft,0.8,,
79167,69,木曽路の女,,,draft,0.8,,
79168,69,蔵隠し,,,draft,0.8,,
79169,69,紅梅,,,draft,0.8,,
79170,69,白梅,,,draft,0.8,,
79171,69,御嶽,,,draft,0.8,,
79172,69,なんちゃらホイ,,,draft,0.8,,
79173,1844,天満月,,,draft,0.95,,
79174,1844,安寿蔵,,,draft,0.95,,
79175,1855,瓢月,,,draft,0.9,,
79176,1855,からからべっぴん,,,draft,0.9,,
79177,1855,岡部丸,,,draft,0.9,,
79178,1859,お多福,,,draft,0.75,,
79179,1861,紫の英君,,,draft,0.7,,
79180,1861,橙の英君,,,draft,0.7,,
79181,1861,緑の英君,,,draft,0.7,,
79182,1864,白拍子,,,draft,0.85,,
79183,1864,舞車,,,draft,0.85,,
79184,1864,稲泉,,,draft,0.85,,
79185,1864,べっこうとんぼ,,,draft,0.85,,
79186,1866,第壱峰,,,draft,0.85,,
79187,1866,en,,,draft,0.85,,
79188,1866,ヒモノラ,,,draft,0.85,,
79189,6744,八方な美人さん！,,,draft,0.7,,
79190,6744,無口だけど頼れるおんちゃん！,,,draft,0.7,,
79191,6744,深海の宇宙,,,draft,0.7,,
79192,6746,宵宵,,,draft,0.7,,
79193,6746,響香,,,draft,0.7,,
79194,6746,鴬寿,,,draft,0.7,,
79195,6746,龍奏,,,draft,0.7,,
79196,6746,しずく酒,,,draft,0.7,,
79197,6746,いとをかし,,,draft,0.7,,
79198,6757,ダバダ火振,,,draft,0.85,,
79199,6757,ダバダイタリアーノ,,,draft,0.85,,
79200,6757,四万十ミステリアスリザーブ,,,draft,0.85,,
79201,7398,星取,,,draft,0.9,,
79202,7398,THE 福羅,,,draft,0.9,,
79203,7399,だいせん,,,draft,0.7,,
79204,7402,くらよし白壁土蔵,,,draft,0.8,,
79205,7402,ちょっと・なまいき,,,draft,0.8,,
79206,7402,SAKEKASU BREW,,,draft,0.8,,
79207,7402,梅多利体,,,draft,0.8,,
79208,7402,藍,,,draft,0.8,,
79209,7403,SORAH,,,draft,0.9,,
79210,7403,GAINA,,,draft,0.9,,
79211,7408,天の蛍（十七夜物語）,,,draft,0.85,,
79212,7408,自然紀行,,,draft,0.85,,
86217,3803,やまいし,,,draft,0.9,,
86218,3816,神路,,,draft,0.8,,
86219,3816,光年,,,draft,0.8,,
86220,3825,神酒ノ尊,,,draft,0.85,,
86221,3825,匠35,,,draft,0.85,,
86222,1144,延寿万年,,,draft,0.85,,
86223,7198,SAGA BLUE,,,draft,0.5,,
86224,7198,SAGA FOREST,,,draft,0.5,,
86225,7198,梅ヶ谷,,,draft,0.5,,
86226,7199,菱娘,,,draft,0.8,,
86227,7209,京娘,,,draft,0.6,,
86228,7209,里の雪,,,draft,0.6,,
86229,654,杜氏美人,,,draft,0.8,,
86230,654,酒造之助,,,draft,0.8,,
86231,654,蔵人,,,draft,0.8,,
86232,6557,月涼し,,,draft,0.75,,
86233,6557,清風極,,,draft,0.75,,
86234,6557,試験醸造Trial#001,,,draft,0.75,,
86235,4286,雨城乃夢,,,draft,0.75,,
86236,4289,昆陽,,,draft,0.45,,
86237,4289,南白亀,,,draft,0.45,,
86238,4289,都々逸,,,draft,0.45,,
86239,4289,柚子酒,,,draft,0.45,,
86240,4290,紫紺,,,draft,0.75,,
86241,4291,昆陽,,,draft,0.45,,
86242,4291,南白亀,,,draft,0.45,,
86243,4291,都々逸,,,draft,0.45,,
86244,4291,柚子酒,,,draft,0.45,,
86245,4294,HINOTORI,,,draft,0.6,,
86246,4294,Pegasus,,,draft,0.6,,
86247,4294,魚泥棒,,,draft,0.6,,
86248,4294,Butterfly Effects,,,draft,0.6,,
86249,4294,絆,,,draft,0.6,,
86250,4294,陸水,,,draft,0.6,,
86251,8821,真田忍び,,,draft,0.8,,
86252,8821,酔人日,,,draft,0.8,,
86253,8821,亀鶴,,,draft,0.8,,
86254,8822,爪剥酒,,,draft,0.7,,
86255,8822,歓喜,,,draft,0.7,,
86256,8822,Vサイン,,,draft,0.7,,
86257,8822,寛,,,draft,0.7,,
86258,8825,富士白,,,draft,0.7,,
86259,8825,風待草,,,draft,0.7,,
86260,8825,42.195,,,draft,0.7,,
86261,2484,君が旗,,,draft,0.85,,
86262,2484,かわせみの里,,,draft,0.85,,
86263,2508,貉藻,,,draft,0.85,,
86264,2508,神の泉,,,draft,0.85,,
86265,7113,舞龍BURYU,,,draft,0.8,,
86266,7113,ふっかきまい仏歌鬼舞,,,draft,0.8,,
86267,7125,神への酒,,,draft,0.85,,
86268,7125,童話の里,,,draft,0.85,,
86269,7136,薫露,,,draft,0.8,,
86270,7139,焼酎倶楽部,,,draft,0.8,,
86271,7139,吉四六の故郷,,,draft,0.8,,
86272,7139,豊後路,,,draft,0.8,,
86273,7139,やつがい,,,draft,0.8,,
86274,7139,麗,,,draft,0.8,,
86275,7139,ニカソー,,,draft,0.8,,
86276,7141,萱島米三郎,,,draft,0.8,,
86277,3232,半左衛門,,,draft,0.8,,
86278,3232,静香,,,draft,0.8,,
86279,3232,青山緑水,,,draft,0.8,,
86280,3232,磐船,,,draft,0.8,,
86281,5797,神秘薫,,,draft,0.85,,
86282,5797,壷中天酒,,,draft,0.85,,
86283,5797,まほろばの雫,,,draft,0.85,,
86284,4698,吟のいろは,,,draft,0.8,,
86285,4698,玲瓏,,,draft,0.8,,
86286,6867,つめかんかん,,,draft,0.8,,
86287,6867,星河一天,,,draft,0.8,,
86288,6876,いその波平,,,draft,0.8,,
86289,6876,明月まさり,,,draft,0.8,,
86290,6878,母智丘千本桜,,,draft,0.8,,
86291,6879,赤霧島,,,draft,0.85,,
86292,6879,霧島ほろる,,,draft,0.85,,
86293,6879,茜霧島,,,draft,0.85,,
86294,6882,蒼い永劫,,,draft,0.8,,
86295,6882,鏡洲,,,draft,0.8,,
86296,6882,紅きらら,,,draft,0.8,,
86297,6882,姫豊玉,,,draft,0.8,,
86298,6882,海柴,,,draft,0.8,,
86299,6882,風の梟,,,draft,0.8,,
86300,6882,一ッ葉,,,draft,0.8,,
86301,6882,悪の美学,,,draft,0.8,,
86302,6882,残心,,,draft,0.8,,
86303,6882,ぴめんと,,,draft,0.8,,
86304,6885,超不阿羅王,,,draft,0.8,,
86305,6885,梶並,,,draft,0.8,,
86306,6885,蔵内極秘稟議書,,,draft,0.8,,
86307,6885,まだこ,,,draft,0.8,,
86308,6885,牢,,,draft,0.8,,
86309,6885,KAZA G-25,,,draft,0.8,,
86310,6886,甕露,,,draft,0.8,,
86311,6886,油津吟,,,draft,0.8,,
86312,6886,河童の誘い水,,,draft,0.8,,
86313,6886,泰斗の鳳駕,,,draft,0.8,,
86314,6886,日南BLACK,,,draft,0.8,,
86315,6886,麦雫,,,draft,0.8,,
86316,6886,蕎雫,,,draft,0.8,,
86317,6886,平八郎,,,draft,0.8,,
86318,6886,HINATA,,,draft,0.8,,
86319,6886,Yuzu Cool,,,draft,0.8,,
86320,6886,Purple&Pear,,,draft,0.8,,
86321,6886,ohmae God,,,draft,0.8,,
86322,6888,夢の十三里,,,draft,0.8,,
86323,6888,ひとり歩き,,,draft,0.8,,
86324,6888,新燃岳,,,draft,0.8,,
86325,6888,池邊鶴,,,draft,0.8,,
86326,6890,宮田屋,,,draft,0.85,,
86327,6890,大地の香味,,,draft,0.85,,
86328,6891,神武,,,draft,0.85,,
86329,6892,赤魔王,,,draft,0.85,,
86330,6892,蔵の文太,,,draft,0.85,,
86331,6892,銀鼠,,,draft,0.85,,
86332,6895,襲,,,draft,0.8,,
86333,6895,genshu,,,draft,0.8,,
86334,6895,Pentatonic,,,draft,0.8,,
86335,6897,わかむぎ,,,draft,0.8,,
86336,6897,麦気質,,,draft,0.8,,
86337,6897,降臨の雫,,,draft,0.8,,
86338,6897,高千穂 金,,,draft,0.8,,
86339,6897,珠玉,,,draft,0.8,,
86340,6897,静寂の時,,,draft,0.8,,
86341,6897,JarBon,,,draft,0.8,,
86342,6897,月夜の梟,,,draft,0.8,,
86343,6897,太陽の微笑み,,,draft,0.8,,
86344,6897,千穂乃蔵,,,draft,0.8,,
86345,6899,くろうま天駆,,,draft,0.8,,
86346,6899,KUROUMA taru,,,draft,0.8,,
86347,6899,風白馬,,,draft,0.8,,
86348,6899,栗天照,,,draft,0.8,,
86349,6077,富の香,,,draft,0.75,,
86350,6078,アフロディーテ,,,draft,0.7,,
86351,1924,シャトーヤマグチ,,,draft,0.7,,
86352,1924,ソレイネ,,,draft,0.7,,
86353,1924,長州葡萄酒,,,draft,0.7,,
86354,6162,甲斐山,,,draft,0.7,,
86355,6166,紅龍,,,draft,0.75,,
86356,6168,クイーンビーズワイン,,,draft,0.7,,
86357,6168,ヴァンフォーレ甲府ワイン,,,draft,0.7,,
86358,2129,麦嘉門,,,draft,0.75,,
86359,2144,二百八十八夜,,,draft,0.75,,
86360,2144,初恵比寿,,,draft,0.75,,
86361,2144,吉宝,,,draft,0.75,,
86362,2144,恋度,,,draft,0.75,,
86363,2144,開,,,draft,0.75,,
86364,2148,きらきら太陽,,,draft,0.7,,
86365,2170,Janpan,,,draft,0.6,,
86366,3190,開運七福神,,,draft,0.5,,
86367,3190,桃太郎鬼退治,,,draft,0.5,,
86368,3193,山桃花,,,draft,0.8,,
86369,3193,桃白眉,,,draft,0.8,,
86370,3193,しそ便り,,,draft,0.8,,
86371,3194,備前幻,,,draft,0.6,,
86372,3194,佐近レアル,,,draft,0.6,,
86373,3194,瀬戸雄町,,,draft,0.6,,
86374,3194,吟香室町,,,draft,0.6,,
86375,3194,ぼっけえ武蔵,,,draft,0.6,,
86376,3195,赤磐雄町ゴールド,,,draft,0.75,,
86377,3197,マスカット酒,,,draft,0.55,,
86378,3201,辛萬,,,draft,0.5,,
86379,3218,備州,,,draft,0.5,,
86380,3218,白い瀬,,,draft,0.5,,
86381,3218,益益元気,,,draft,0.5,,
86382,3218,DAN,,,draft,0.5,,
86383,3218,香春梅,,,draft,0.5,,
86384,3223,津山ビール,,,draft,0.6,,
86385,5571,innocent,,,draft,0.65,,
86386,5585,鴻,,,draft,0.6,,
86387,7287,夏雲,,,draft,0.85,,
86388,7287,秋雲,,,draft,0.85,,
86389,7287,雪雲,,,draft,0.85,,
86390,7287,天の叢雲,,,draft,0.85,,
86391,7288,うん、何？,,,draft,0.7,,
86392,7288,おろちの舌鼓,,,draft,0.7,,
86393,7291,奥出雲の一滴,,,draft,0.6,,
86394,7291,Kasane,,,draft,0.6,,
86395,7294,白ブタ,,,draft,0.55,,
86396,7294,泡ブタ,,,draft,0.55,,
86397,7294,柚ブタ,,,draft,0.55,,
86398,7294,こいこいゆず酒,,,draft,0.55,,
86399,7296,うさぎ雲,,,draft,0.65,,
86400,7296,縁の舞,,,draft,0.65,,
86401,7296,誘一献,,,draft,0.65,,
86402,7296,萌,,,draft,0.65,,
86403,7296,白月,,,draft,0.65,,
86404,7296,春月,,,draft,0.65,,
86405,7296,辛口弁慶,,,draft,0.65,,
86406,7296,濃酒井,,,draft,0.65,,
86407,7296,からさでの梅酒,,,draft,0.65,,
86408,7296,出雲生姜酒,,,draft,0.65,,
86409,7296,出雲柿酒,,,draft,0.65,,
86410,7296,出雲神庭,,,draft,0.65,,
86411,7297,へるん,,,draft,0.75,,
86412,7297,たたら,,,draft,0.75,,
86413,7300,殿,,,draft,0.5,,
86414,7302,夏さかり,,,draft,0.4,,
86415,7306,五拾,,,draft,0.5,,
86416,7308,右田ウイスキー,,,draft,0.55,,
86417,7930,水晶酒,,,draft,0.75,,
86418,7930,氣,,,draft,0.75,,
86419,7930,華ほたる,,,draft,0.75,,
86420,7930,龍の富くじ,,,draft,0.75,,
86421,7930,瀬戸の夕凪,,,draft,0.75,,
86422,7930,かぐや,,,draft,0.75,,
86423,7930,月夜の宝島,,,draft,0.75,,
86424,1373,KOTORA,,,draft,0.75,,
86425,1388,妙,,,draft,0.7,,
86426,1388,えにし,,,draft,0.7,,
86427,242,出輝,,,draft,0.8,,
86428,242,88DIG,,,draft,0.8,,
86429,242,88 WHITE SWEET,,,draft,0.8,,
86430,244,NOBU,,,draft,0.65,,
86431,249,Lagoon,,,draft,0.55,,
86432,285,一味真,,,draft,0.85,,
86433,287,牧之,,,draft,0.9,,
86434,4108,芳醸参拾伍,,,draft,0.65,,
86435,4108,武陽,,,draft,0.65,,
86436,4108,凰,,,draft,0.65,,
86437,4108,東京蔵人,,,draft,0.65,,
86438,4108,ぎんから,,,draft,0.65,,
86439,4108,武州伝説,,,draft,0.65,,
86440,4108,蔵守,,,draft,0.65,,
86441,4110,嘉泉EDO,,,draft,0.8,,
86442,4110,嘉泉TOKYO,,,draft,0.8,,
86443,7353,小山評定,,,draft,0.5,,
86444,7361,花の舞,,,draft,0.5,,
86445,7361,夢,,,draft,0.5,,
86446,5992,光風霽月,,,draft,0.7,,
86447,5992,ぴぃ〜ち,,,draft,0.7,,
86448,5995,陶酔,,,draft,0.75,,
86449,5995,AZOLLA50,,,draft,0.75,,
86450,5995,黒,,,draft,0.75,,
86451,5995,楽,,,draft,0.75,,
86452,5995,弓削竜王,,,draft,0.75,,
86453,6763,昊,,,draft,0.65,,
86454,6763,エクセル,,,draft,0.65,,
86455,6763,HG-50,,,draft,0.65,,
86456,6763,朱盃,,,draft,0.65,,
86457,6763,野山を駆ける,,,draft,0.65,,
86458,2243,金澤中村屋,,,draft,0.85,,
86459,2243,有機純米酒AKIRA,,,draft,0.85,,
86460,2243,客人,,,draft,0.85,,
86461,2243,アラン・デュカスセレクション,,,draft,0.85,,
86462,2243,KAGASHIKI,,,draft,0.85,,
86463,2243,猩々,,,draft,0.85,,
86464,2243,is68百万石乃白,,,draft,0.85,,
86465,2243,加賀太鼓,,,draft,0.85,,
86466,2243,加賀雪梅,,,draft,0.85,,
86467,2243,辛口仕込 鼓,,,draft,0.85,,
86468,2243,梅里,,,draft,0.85,,
86469,2243,梅きらら,,,draft,0.85,,
86470,2248,GRAND-LUXE UMESHU,,,draft,0.6,,
86471,4613,おひるねみかん酒,,,draft,0.55,,
86472,5243,濡烏,,,draft,0.6,,
86473,5243,路考,,,draft,0.6,,
86474,5243,黒鉄,,,draft,0.6,,
86475,5243,白練,,,draft,0.6,,
86476,5243,真紅,,,draft,0.6,,
86477,5243,桜鼠,,,draft,0.6,,
86478,5243,夏虫,,,draft,0.6,,
86479,5248,ドラゴンウォーター,,,draft,0.7,,
86480,5248,ドラゴンキッス,,,draft,0.7,,
86481,5248,CORE,,,draft,0.7,,
86482,5248,PEAK,,,draft,0.7,,
86483,5248,夏・さ・ら・ら,,,draft,0.7,,
86484,5248,吉峯,,,draft,0.7,,
86485,5248,米てきてき,,,draft,0.7,,
86486,5248,土てきてき,,,draft,0.7,,
86487,5248,水てきてき,,,draft,0.7,,
86488,5255,SOW,,,draft,0.55,,
86489,5255,LOUIS SAKAHOMARE,,,draft,0.55,,
86490,5255,MANA1751,,,draft,0.55,,
86491,5256,悠久のしずく,,,draft,0.45,,
86492,949,白糸35,,,draft,0.6,,
86493,980,ヤマノコトブキフリークス,,,draft,0.6,,
86494,984,河童九千坊,,,draft,0.85,,
86495,984,桜明日香,,,draft,0.85,,
86496,984,四季乙女,,,draft,0.85,,
86497,119,@Party,,,draft,0.8,,
86498,119,無重力,,,draft,0.8,,
86499,125,Oh! Machi with Soda,,,draft,0.7,,
86500,125,ホマレ焼酎,,,draft,0.7,,
86501,131,INOMATA65,,,draft,0.7,,
86502,33103,めごねっか,,,draft,0.9,,
86503,33103,ねっか44,,,draft,0.9,,
86504,33103,ねっかHI,,,draft,0.9,,
86505,33103,ねっかウオッカ,,,draft,0.9,,
86506,33103,ゆずねっかウオッカ,,,draft,0.9,,
86507,33103,ゆずねっかHI,,,draft,0.9,,
86508,33103,流觴,,,draft,0.9,,
86509,33103,HOBO,,,draft,0.9,,
86510,33103,ゆいねっか,,,draft,0.9,,
86511,531,天の戸・夏田冬蔵,,,draft,0.85,,
86512,531,天の戸・白雲悠々,,,draft,0.85,,
86513,531,一穂積,,,draft,0.85,,
86514,531,五風十雨,,,draft,0.85,,
86515,531,ランド・オブ・ウォーター,,,draft,0.85,,
86516,531,シルキー,,,draft,0.85,,
86517,531,シュワトロ,,,draft,0.85,,
86518,531,天黒,,,draft,0.85,,
86519,531,吟泉,,,draft,0.85,,
86520,531,醇辛,,,draft,0.85,,
86521,531,天辛,,,draft,0.85,,
86522,531,美稲八〇,,,draft,0.85,,
86523,539,悠久の梅雫,,,draft,0.75,,
86524,6549,尾神嶽,,,draft,0.8,,
86525,5527,竜伝説,,,draft,0.6,,
86526,5531,クジカップ,,,draft,0.5,,
86527,5536,もろはく,,,draft,0.7,,
86528,5536,ふくしん,,,draft,0.7,,
86529,6986,じゃがたらお春,,,draft,0.75,,
86530,6986,かぴたん,,,draft,0.75,,
86531,6989,海彦山彦,,,draft,0.9,,
86532,6989,ちんぐ,,,draft,0.9,,
86533,6989,雪洲,,,draft,0.9,,
86534,6989,村主,,,draft,0.9,,
86535,6989,重家蔵,,,draft,0.9,,
86536,6989,サブロック,,,draft,0.9,,
86537,6989,OMOYA GIN,,,draft,0.9,,
86538,6989,鬼凧雪洲,,,draft,0.9,,
86539,9,魅姫Ⅱ,,,draft,0.75,,
86540,9,夏金魚,,,draft,0.75,,
86541,23,SacreCoeur,,,draft,0.55,,
86542,46,天雪,,,draft,0.85,,
86543,47,蔵,,,draft,0.8,,
86544,74,蛍,,,draft,0.7,,
86545,3442,八甲田,,,draft,0.8,,
86546,3453,松緑,,,draft,0.85,,
86547,1845,シダ・シードル,,,draft,0.6,,
86548,1856,才助,,,draft,0.8,,
86549,6742,究極,,,draft,0.6,,
86550,6742,天平,,,draft,0.6,,
86551,6742,蔵酒生,,,draft,0.6,,
86552,6742,土佐のおきゃく,,,draft,0.6,,
86553,6742,香りレギュラー,,,draft,0.6,,
86554,6750,WHALE STAR,,,draft,0.6,,
86555,6750,慎,,,draft,0.6,,
86556,6750,万,,,draft,0.6,,
86557,6750,弥,,,draft,0.6,,
86558,6750,象,,,draft,0.6,,
86559,6750,丞,,,draft,0.6,,
86560,6750,寅,,,draft,0.6,,
86561,6750,花ごろも,,,draft,0.6,,
86562,6750,なつくじら,,,draft,0.6,,
86563,6750,冬びより,,,draft,0.6,,
86564,6750,吟麗,,,draft,0.6,,
86565,7400,いくす,,,draft,0.85,,
94256,3806,天舶(tenpack),,,draft,0.6,,
94257,3806,天紅,,,draft,0.6,,
94258,3806,天白,,,draft,0.6,,
94259,3806,天燈,,,draft,0.6,,
94260,3817,神都の祈り,,,draft,0.6,,
94261,7196,鎮西八郎,,,draft,0.7,,
94262,7204,君恩,,,draft,0.7,,
94263,7204,冨久花,,,draft,0.7,,
94264,617,嘉宝,,,draft,0.65,,
94265,617,Xross,,,draft,0.65,,
94266,617,NIPPONION,,,draft,0.65,,
94267,617,SHURO,,,draft,0.65,,
94268,617,可惜夜,,,draft,0.65,,
94269,651,青乃無,,,draft,0.65,,
94270,651,黒乃無,,,draft,0.65,,
94271,651,律,,,draft,0.65,,
94272,4280,ISAINA,,,draft,0.55,,
94273,8820,九重酢,,,draft,0.5,,
94274,8823,平和クラフト,,,draft,0.7,,
94275,7132,iichiko彩天,,,draft,0.8,,
94276,7132,iichiko 彩 -IRODORI-,,,draft,0.8,,
94277,7132,TUMUGI,,,draft,0.8,,
94278,7132,安心院ワイン,,,draft,0.8,,
94279,7134,由布岳柚子酒,,,draft,0.5,,
94280,7134,小野屋のゆず,,,draft,0.5,,
94281,7136,KUNCHO NEXT CLEAR,,,draft,0.7,,
94282,5793,橘花ジン,,,draft,0.8,,
94283,5803,吉野物語,,,draft,0.75,,
94284,5803,至高のサワーの素,,,draft,0.75,,
94285,4706,HITOMEBORE,,,draft,0.6,,
94286,4706,玉響,,,draft,0.6,,
94287,6891,芋の達人,,,draft,0.75,,
94288,6891,孤独な天使,,,draft,0.75,,
94289,6891,無邪鬼,,,draft,0.75,,
94290,6891,日向の夏子,,,draft,0.75,,
94291,6891,どでか芋,,,draft,0.75,,
94292,6891,どでか麦,,,draft,0.75,,
94293,1931,ROOM,,,draft,0.75,,
94294,1931,dear,,,draft,0.75,,
94295,2129,黒嘉門,,,draft,0.85,,
94296,2129,神秘の響,,,draft,0.85,,
94297,2129,芋いち,,,draft,0.85,,
94298,2152,十二代目伊兵衛,,,draft,0.5,,
94299,3222,あばの颯,,,draft,0.85,,
94300,3224,大原白梅,,,draft,0.9,,
94301,3224,宙狐,,,draft,0.9,,
94302,3224,山王,,,draft,0.9,,
94303,5579,奥州ノ龍,,,draft,0.85,,
94304,5579,とらまづ,,,draft,0.85,,
94305,5579,陸奥の友,,,draft,0.85,,
94306,7284,そらみつ,,,draft,0.85,,
94307,7284,凉殿,,,draft,0.85,,
94308,7284,春の月,,,draft,0.85,,
94309,7284,土雲,,,draft,0.85,,
94310,7284,KODANE,,,draft,0.85,,
94311,7286,出雲だより,,,draft,0.8,,
94312,7286,おろちの舞,,,draft,0.8,,
94313,7293,月梅,,,draft,0.8,,
94314,7293,美月,,,draft,0.8,,
94315,7293,おろち,,,draft,0.8,,
94316,7293,春陽,,,draft,0.8,,
94317,7293,出雲,,,draft,0.8,,
94318,7293,月の雫,,,draft,0.8,,
94319,7293,クラウド,,,draft,0.8,,
94320,7302,夏もうで酒,,,draft,0.8,,
94321,7901,萌えいぶき,,,draft,0.85,,
94322,7901,SPICY夏潤,,,draft,0.85,,
94323,1383,虹のしらべ,,,draft,0.6,,
94324,1383,七醸焼,,,draft,0.6,,
94325,1383,猿の翼,,,draft,0.6,,
94326,225,コルプ,,,draft,0.6,,
94327,292,文福,,,draft,0.7,,
94328,297,蔵誉,,,draft,0.55,,
94329,299,越王,,,draft,0.85,,
94330,6007,蘇,,,draft,0.6,,
94331,6761,さくや,,,draft,0.7,,
94332,6761,通潤ヌーボー,,,draft,0.7,,
94333,6761,山の都に咲く,,,draft,0.7,,
94334,6762,梅花,,,draft,0.55,,
94335,6762,菊花,,,draft,0.55,,
94336,6762,赤酒,,,draft,0.55,,
94337,6766,フィジーイーパッション,,,draft,0.75,,
94338,6766,秋水,,,draft,0.75,,
94339,6766,あきげしき,,,draft,0.75,,
94340,6766,ゆるり梅,,,draft,0.75,,
94341,6766,柴三郎,,,draft,0.75,,
94342,6766,心ゆくまで,,,draft,0.75,,
94343,6766,原,,,draft,0.75,,
94344,2248,Tengumai Mead,,,draft,0.85,,
94345,2252,シラヤマフウロ,,,draft,0.85,,
94346,5262,さかほまれ,,,draft,0.7,,
94347,5262,金印,,,draft,0.7,,
94348,5262,上撰,,,draft,0.7,,
94349,935,あまおう,,,draft,0.7,,
94350,988,福徳戎,,,draft,0.75,,
94351,988,ゑびす蔵,,,draft,0.75,,
94352,988,けいこうとなるも,,,draft,0.75,,
94353,988,古久,,,draft,0.75,,
94354,988,宝壺,,,draft,0.75,,
94355,989,いにしえ,,,draft,0.65,,
94356,989,ありがとうございます,,,draft,0.65,,
94357,989,益益繁盛,,,draft,0.65,,
94358,989,古久,,,draft,0.65,,
94359,989,ペッパースペシャリテ,,,draft,0.65,,
94360,993,藍輪舞,,,draft,0.6,,
94361,993,無彩キュービック,,,draft,0.6,,
94362,993,音〜OTO〜,,,draft,0.6,,
94363,78,結芽の奏,,,draft,0.75,,
94364,98,宝暦大七,,,draft,0.85,,
94365,98,箕輪門,,,draft,0.85,,
94366,98,皆伝,,,draft,0.85,,
94367,98,楽天命,,,draft,0.85,,
94368,98,純米生酛CLASSIC,,,draft,0.85,,
94369,551,刈穂,,,draft,0.85,,
94370,6529,HIZIRIZM,,,draft,0.8,,
94371,6529,名峰赤城,,,draft,0.8,,
94372,6538,八ッ場の風,,,draft,0.7,,
94373,6540,シン・ツチダ,,,draft,0.6,,
94374,6540,尾瀬の木道,,,draft,0.6,,
94375,5502,夏・純米,,,draft,0.6,,
94376,5508,TEN,,,draft,0.5,,
94377,5512,michiko90,,,draft,0.9,,
94378,5519,香霧,,,draft,0.6,,
94379,5534,森嶋25＋,,,draft,0.6,,
94380,41,むらさきつゆ草,,,draft,0.7,,
94381,41,中仙道,,,draft,0.7,,
94382,41,御園,,,draft,0.7,,
94383,47,本菊泉,,,draft,0.5,,
94384,47,たまゆら,,,draft,0.5,,
94385,3442,稲本屋利右衛門,,,draft,0.7,,
94386,3442,武士道,,,draft,0.7,,
94387,1845,うすにごり,,,draft,0.55,,
94388,1845,水玉レトロラベル,,,draft,0.55,,
94389,1845,雷神ラベル,,,draft,0.55,,
94390,1845,焼津山田錦,,,draft,0.55,,
94391,1845,藤枝誉富士,,,draft,0.55,,
94392,1856,飛鳥山,,,draft,0.6,,
94393,6745,斬辛,,,draft,0.5,,
94394,6754,蒼々,,,draft,0.65,,
94395,6754,土佐麗,,,draft,0.65,,
94396,6754,紅華一点,,,draft,0.65,,
94397,6754,かまわぬ,,,draft,0.65,,
94398,6754,山柚子,,,draft,0.65,,
94399,6754,柚子の大バカ,,,draft,0.65,,
94400,6754,花と恋して,,,draft,0.65,,
94401,6754,坂竜飛騰,,,draft,0.65,,
94402,6756,SHIMANTO BLACK,,,draft,0.75,,
94403,6756,SHIMANTO BLUE,,,draft,0.75,,
94404,6756,SHIMANTO ROMAN,,,draft,0.75,,
94405,6756,DARUMA GLITCH,,,draft,0.75,,
94406,7409,八上姫,,,draft,0.6,,
94407,7409,大国主命,,,draft,0.6,,
94408,7409,杉の雫,,,draft,0.6,,
94409,7409,冨田,,,draft,0.6,,
94410,7409,田中農場,,,draft,0.6,,
102256,3816,伊勢神,,,draft,0.85,,
102257,3816,ステラ,,,draft,0.85,,
102258,3816,海人ロマン,,,draft,0.85,,
102259,3816,ウメノミコト,,,draft,0.85,,
102260,3816,伊勢志摩シュワワ,,,draft,0.85,,
102261,3816,イセシマハイボール,,,draft,0.85,,
102262,3825,北雫,,,draft,0.85,,
102263,3825,吟風,,,draft,0.85,,
102264,3825,ReBrew,,,draft,0.85,,
102265,1135,酒公杯,,,draft,0.75,,
102266,1157,美感遊創,,,draft,0.55,,
102267,7196,絆伝心,,,draft,0.6,,
102268,7196,テテジャパンボタニカルズ,,,draft,0.6,,
102269,7210,BariPi,,,draft,0.85,,
102270,7214,竹の園 還ル,,,draft,0.75,,
102271,7217,XYGIN,,,draft,0.6,,
102272,628,生の贅沢,,,draft,0.8,,
102273,640,杯千酒,,,draft,0.8,,
102274,640,花蔵,,,draft,0.8,,
102275,640,千華,,,draft,0.8,,
102276,640,あわ神,,,draft,0.8,,
102277,640,慶酒,,,draft,0.8,,
102278,640,かけはし,,,draft,0.8,,
102279,640,國生みの雫,,,draft,0.8,,
102280,640,雄町の風,,,draft,0.8,,
102281,640,愛酒,,,draft,0.8,,
102282,644,や,,,draft,0.45,,
102283,668,瑞福,,,draft,0.85,,
102284,668,神代の舞,,,draft,0.85,,
102285,668,祝泡,,,draft,0.85,,
102286,668,播磨路,,,draft,0.85,,
102287,668,下天の夢,,,draft,0.85,,
102288,674,AOI CLASSIC,,,draft,0.75,,
102289,674,葵2000,,,draft,0.75,,
102290,674,三木合戦,,,draft,0.75,,
102291,674,ふるさと風土記,,,draft,0.75,,
102292,674,山田錦しずく,,,draft,0.75,,
102293,6556,百宝,,,draft,0.7,,
102294,6556,千乃匠,,,draft,0.7,,
102295,4276,LODESTAR,,,draft,0.7,,
102296,4276,RAIKOU,,,draft,0.7,,
102297,4276,BYAKUYA,,,draft,0.7,,
102298,4276,星合,,,draft,0.7,,
102299,4280,一刻者,,,draft,0.7,,
102300,4280,タンチュー,,,draft,0.7,,
102301,4298,K Zero,,,draft,0.85,,
102302,4298,K Ensemble,,,draft,0.85,,
102303,4298,古今,,,draft,0.85,,
102304,4298,鐡の道,,,draft,0.85,,
102305,4298,大原裸まつり,,,draft,0.85,,
102306,4298,醇醸,,,draft,0.85,,
102307,8830,高野山,,,draft,0.85,,
102308,2482,萬酔,,,draft,0.85,,
102309,2484,長澤屋,,,draft,0.75,,
102310,2484,秋の詩,,,draft,0.75,,
102311,2501,白鶴城,,,draft,0.9,,
102312,2501,仁科誉,,,draft,0.9,,
102313,2501,瑞薫,,,draft,0.9,,
102314,2501,まるい酒π,,,draft,0.9,,
102315,2501,ひなの舞,,,draft,0.9,,
102316,2504,東白菊,,,draft,0.8,,
102317,2504,中の家,,,draft,0.8,,
102318,2504,かすみ,,,draft,0.8,,
102319,2504,渋沢栄一,,,draft,0.8,,
102320,2504,煌,,,draft,0.8,,
102321,2508,ゴールデンホース,,,draft,0.8,,
102322,2508,風雪,,,draft,0.8,,
102323,7113,龍爽香,,,draft,0.85,,
102324,7113,天眞,,,draft,0.85,,
102325,7113,瑞鳳,,,draft,0.85,,
102326,7127,ぶんご太郎,,,draft,0.85,,
102327,7127,米華,,,draft,0.85,,
102328,7127,毛利,,,draft,0.85,,
102329,7127,唐変木,,,draft,0.85,,
102330,7127,鶴城,,,draft,0.85,,
102331,5799,聖人,,,draft,0.8,,
102332,5799,六瓢,,,draft,0.8,,
102333,5799,山乃かみ,,,draft,0.8,,
102334,4695,献,,,draft,0.85,,
102335,4695,暁,,,draft,0.85,,
102336,4695,伝,,,draft,0.85,,
102337,4695,鴒,,,draft,0.85,,
102338,4695,元,,,draft,0.85,,
102339,4695,吟のいろは,,,draft,0.85,,
102340,4695,KIRA KIRA,,,draft,0.85,,
102341,4695,桜一笑,,,draft,0.85,,
102342,4707,陽のしずく,,,draft,0.6,,
102343,4707,吟髄,,,draft,0.6,,
102344,4707,醇麗純香,,,draft,0.6,,
102345,4707,至粋,,,draft,0.6,,
102346,4707,寸鉄,,,draft,0.6,,
102347,4707,29福,,,draft,0.6,,
102348,4707,AUTUMN TIME,,,draft,0.6,,
102349,4707,WINTER TIME,,,draft,0.6,,
102350,4718,秋空,,,draft,0.6,,
102351,4718,夏陰,,,draft,0.6,,
102352,6867,延岡城下町,,,draft,0.85,,
102353,6867,蘭珠,,,draft,0.85,,
102354,6867,三代の松,,,draft,0.85,,
102355,6876,明月ほまれ,,,draft,0.8,,
102356,6876,萌月,,,draft,0.8,,
102357,6876,六観音,,,draft,0.8,,
102358,6876,えびのいそじ,,,draft,0.8,,
102359,6883,日向木挽,,,draft,0.85,,
102360,6883,さつま木挽,,,draft,0.85,,
102361,6883,日向古秘,,,draft,0.85,,
102362,6883,薩摩古秘,,,draft,0.85,,
102363,6883,甕匠,,,draft,0.85,,
102364,6883,いいとも,,,draft,0.85,,
102365,6883,綾古稀,,,draft,0.85,,
102366,6883,マヤンの呟き,,,draft,0.85,,
102367,6883,綾セレクション,,,draft,0.85,,
102368,6883,那由多の刻,,,draft,0.85,,
102369,6883,大河の一滴,,,draft,0.85,,
102370,6883,大地の香輝,,,draft,0.85,,
102371,6883,OLD SECRET,,,draft,0.85,,
102372,6883,登喜一,,,draft,0.85,,
102373,6883,初御代,,,draft,0.85,,
102374,6890,宮の鶴,,,draft,0.6,,
102375,6071,飛雪,,,draft,0.55,,
102376,6071,奥秘峡,,,draft,0.55,,
102377,6079,越中浪漫,,,draft,0.55,,
102378,1926,eight knot,,,draft,0.6,,
102379,1926,SaccharomycesEDO,,,draft,0.6,,
102380,1928,ゆうなぎ,,,draft,0.85,,
102381,1928,みずのわ,,,draft,0.85,,
102382,1928,ひとつび,,,draft,0.85,,
102383,1928,ノ壱,,,draft,0.85,,
102384,1928,ノ弐,,,draft,0.85,,
102385,1934,白小花,,,draft,0.5,,
102386,6168,コンチネンタル日本ワイン,,,draft,0.7,,
102387,6168,韮崎シリーズ,,,draft,0.7,,
102388,2130,七段純米,,,draft,0.55,,
102389,2152,羽崎,,,draft,0.75,,
102390,2152,いひょうゑ,,,draft,0.75,,
102391,2152,かくれ里,,,draft,0.75,,
102392,2152,大棟梁,,,draft,0.75,,
102393,2152,夏氷,,,draft,0.75,,
102394,2152,祐,,,draft,0.75,,
102395,2152,鼻高々,,,draft,0.75,,
102396,3188,天下至聖,,,draft,0.6,,
102397,3188,おお岡大,,,draft,0.6,,
102398,3188,MIYASHITA ESTATE,,,draft,0.6,,
102399,3188,天地のかなで,,,draft,0.6,,
102400,3188,いつも感謝,,,draft,0.6,,
102401,3205,酒音,,,draft,0.85,,
102402,3215,えんぺい,,,draft,0.65,,
102403,7281,Danshu?,,,draft,0.85,,
102404,7281,OKI MIKADO,,,draft,0.85,,
102405,7281,いそっ子,,,draft,0.85,,
102406,7281,隠岐結結,,,draft,0.85,,
102407,7281,SOBA-chu,,,draft,0.85,,
102408,7288,発砲うすにごりさくら,,,draft,0.6,,
102409,7295,都錦のもと,,,draft,0.6,,
102410,7297,松江城,,,draft,0.5,,
102411,7297,神々の国 出雲,,,draft,0.5,,
102412,7297,バタデン,,,draft,0.5,,
102413,7297,安来武士,,,draft,0.5,,
102414,7305,歌舞伎座 大吟醸,,,draft,0.85,,
102415,7904,山波,,,draft,0.8,,
102416,7918,ゴールド賀茂鶴,,,draft,0.5,,
102417,7918,双鶴,,,draft,0.5,,
102418,7918,天凛,,,draft,0.5,,
102419,7918,吉祥,,,draft,0.5,,
102420,2699,銀河鉄道,,,draft,0.7,,
102421,2699,秘蔵,,,draft,0.7,,
102422,1397,松蘭,,,draft,0.8,,
102423,1397,六花,,,draft,0.8,,
102424,1397,ひいき,,,draft,0.8,,
102425,215,大入,,,draft,0.8,,
102426,215,黄酒,,,draft,0.8,,
102427,225,越乃酔鬼,,,draft,0.75,,
102428,225,上泉,,,draft,0.75,,
102429,231,深静MIJO,,,draft,0.75,,
102430,231,かなでるKANADEL,,,draft,0.75,,
102431,231,龍のめぐみ,,,draft,0.75,,
102432,231,実来,,,draft,0.75,,
102433,231,見上げてごらん,,,draft,0.75,,
102434,231,魔の鶴,,,draft,0.75,,
102435,231,オクターブ,,,draft,0.75,,
102436,231,Brease,,,draft,0.75,,
102437,231,壱穂,,,draft,0.75,,
102438,231,朱鷺と暮らす,,,draft,0.75,,
102439,248,新雪物語,,,draft,0.8,,
102440,260,月の玉響,,,draft,0.75,,
102441,260,涼鈴,,,draft,0.75,,
102442,265,美峰盛,,,draft,0.4,,
102443,265,ほろよい桜,,,draft,0.4,,
102444,265,朝日桜,,,draft,0.4,,
102445,265,仙勲,,,draft,0.4,,
102446,265,越後のひかり,,,draft,0.4,,
102447,277,蔵人の盗み酒,,,draft,0.8,,
102448,277,二十年の眠り,,,draft,0.8,,
102449,281,吟の慶,,,draft,0.8,,
102450,289,モウモウ,,,draft,0.7,,
102451,289,越後府,,,draft,0.7,,
102452,290,MURAMATSU-SAKURA,,,draft,0.75,,
102453,292,金印,,,draft,0.7,,
102454,292,蔵人の味と技,,,draft,0.7,,
102455,297,越後の旨口純米酒,,,draft,0.5,,
102456,299,すずみさけ,,,draft,0.7,,
102457,299,なごみさけ,,,draft,0.7,,
102458,299,鼉龍鏡,,,draft,0.7,,
102459,299,隼人,,,draft,0.7,,
102460,299,浴美弌,,,draft,0.7,,
102461,299,菖蒲,,,draft,0.7,,
102462,4110,東京和醸,,,draft,0.7,,
102463,4114,利他,,,draft,0.8,,
102464,7340,林檎すぎるお酒,,,draft,0.6,,
102465,7349,夢ささら,,,draft,0.65,,
102466,7349,柳田の米かもしたて,,,draft,0.65,,
102467,7349,はなのえん,,,draft,0.65,,
102468,7349,黄ぶな,,,draft,0.65,,
102469,7349,はつはな,,,draft,0.65,,
102470,7349,冬の華,,,draft,0.65,,
102471,7349,Y.S,,,draft,0.65,,
102472,7349,G.S,,,draft,0.65,,
102473,7349,ARUSHIROI,,,draft,0.65,,
102474,7350,サムライ,,,draft,0.75,,
102475,7350,りんご,,,draft,0.75,,
102476,7350,つつじ,,,draft,0.75,,
102477,7350,真,,,draft,0.75,,
102478,7350,泉の里,,,draft,0.75,,
102479,7350,尚仁沢,,,draft,0.75,,
102480,7361,花つくし,,,draft,0.8,,
102481,5983,ALMOST SHIGA,,,draft,0.8,,
102482,5983,湖の辺にして,,,draft,0.8,,
102483,5983,花火,,,draft,0.8,,
102484,5983,梅ほのか,,,draft,0.8,,
102485,5983,風,,,draft,0.8,,
102486,5983,いきいき生ゆず,,,draft,0.8,,
102487,5983,かぼスッキリ,,,draft,0.8,,
102488,5983,金井泰一流,,,draft,0.8,,
102489,5983,古壷新酒,,,draft,0.8,,
102490,5988,皐月緑,,,draft,0.55,,
102491,5988,しっぽ,,,draft,0.55,,
102492,6002,大星,,,draft,0.8,,
102493,6004,びわ湖長濱ブルー,,,draft,0.6,,
102494,6004,つぼみうめにごり,,,draft,0.6,,
102495,4622,恵,,,draft,0.65,,
102496,4622,桜とんぼ,,,draft,0.65,,
102497,4622,秋とんぼ,,,draft,0.65,,
102498,4622,山田十郎,,,draft,0.65,,
102499,4622,イカシタ,,,draft,0.65,,
102500,5241,越前忘憂,,,draft,0.7,,
102501,78,会津印,,,draft,0.5,,
102502,117,あまいすえひろ,,,draft,0.6,,
102503,117,さっぱりすえひろ,,,draft,0.6,,
102504,117,あまずっぱいすえひろ,,,draft,0.6,,
102505,125,極,,,draft,0.7,,
102506,526,芽吹,,,draft,0.9,,
102507,529,飛囀,,,draft,0.6,,
102508,529,欅蔵,,,draft,0.6,,
102509,529,楪蔵,,,draft,0.6,,
102510,529,室町蔵,,,draft,0.6,,
102511,529,マル飛,,,draft,0.6,,
102512,6537,SEITOKU enishi,,,draft,0.85,,
102513,6541,ブロッサムムーン,,,draft,0.5,,
102514,5502,酒蔵の粋,,,draft,0.5,,
102515,5502,愛友,,,draft,0.5,,
102516,5502,八代目兼平本家,,,draft,0.5,,
102517,5511,やわら三万石,,,draft,0.85,,
102518,5519,桜翔,,,draft,0.55,,
102519,6979,冬春夏秋-HITOTOSE-,,,draft,0.85,,
102520,6986,福田,,,draft,0.6,,
102521,4,夢殿,,,draft,0.75,,
102522,4,七號,,,draft,0.75,,
102523,4,真朱,,,draft,0.75,,
102524,4,漆黒,,,draft,0.75,,
102525,4,白妙,,,draft,0.75,,
102526,4,茅色,,,draft,0.75,,
102527,4,奥伝寒造り,,,draft,0.75,,
102528,4,金寿,,,draft,0.75,,
102529,4,すみ,,,draft,0.75,,
102530,36,風太,,,draft,0.7,,
102531,36,今此処,,,draft,0.7,,
102532,36,風越,,,draft,0.7,,
102533,36,初穂しずく,,,draft,0.7,,
102534,36,金泉,,,draft,0.7,,
102535,36,銀泉,,,draft,0.7,,
102536,36,白貴天龍,,,draft,0.7,,
102537,36,あわわ,,,draft,0.7,,
102538,36,信州白峯,,,draft,0.7,,
102539,36,歓,,,draft,0.7,,
102540,38,リ・ヴァン7,,,draft,0.55,,
102541,42,大吉野,,,draft,0.5,,
102542,3444,おいらせ流,,,draft,0.65,,
102543,3444,輝龍,,,draft,0.65,,
102544,3444,吟烏帽子,,,draft,0.65,,
102545,3444,源義経,,,draft,0.65,,
102546,3444,王松,,,draft,0.65,,
102547,3444,金松,,,draft,0.65,,
102548,3444,銀松,,,draft,0.65,,
102549,3444,りんごに恋したお酒,,,draft,0.65,,
102550,3444,雪りんご,,,draft,0.65,,
102551,1855,愛,,,draft,0.55,,
102552,1866,冴え返る夜,,,draft,0.55,,
102553,6740,濱川,,,draft,0.65,,
102554,6740,Zeyo,,,draft,0.65,,
102555,6740,吟の夢,,,draft,0.65,,
102556,6740,舞,,,draft,0.65,,
102557,6740,薫,,,draft,0.65,,
102558,6740,鄙,,,draft,0.65,,
102559,6740,麗,,,draft,0.65,,
102560,6740,蔵ッパ,,,draft,0.65,,
102561,6740,蔵ハイ,,,draft,0.65,,
102562,6740,米一粒 酒一滴,,,draft,0.65,,
102563,6743,不老・長寿,,,draft,0.7,,
102564,6743,深海酒,,,draft,0.7,,
102565,6743,しろうま,,,draft,0.7,,
102566,6743,もろはく酒,,,draft,0.7,,
102567,6743,竜馬,,,draft,0.7,,
102568,6743,空海,,,draft,0.7,,
102569,6743,尊尊我無,,,draft,0.7,,
102570,6743,一無尽,,,draft,0.7,,
102571,6743,九十九,,,draft,0.7,,
102572,6743,風鳴子,,,draft,0.7,,
102573,6743,E-style,,,draft,0.7,,
102574,6743,なごみの果実,,,draft,0.7,,
102575,6743,ヤマモモワイン,,,draft,0.7,,
102576,6743,ハニームーン,,,draft,0.7,,
102577,6744,潦（にわたずみ）,,,draft,0.75,,
102578,6744,素（そ）,,,draft,0.75,,
102579,6757,四万十川焼酎銀行,,,draft,0.6,,
102580,6757,酒槽一番汲み,,,draft,0.6,,
102581,6757,鬼辛,,,draft,0.6,,
102582,6172,PRUNE MAGIC,,,draft,0.6,,
102583,6172,伝兵衛梅朱,,,draft,0.6,,
102584,6172,天璋院篤姫,,,draft,0.6,,
102585,6172,斉彬乃夢,,,draft,0.6,,
102586,6172,兼重源酒,,,draft,0.6,,
102587,6172,宇吉,,,draft,0.6,,
102588,6172,金山来福,,,draft,0.6,,
110767,3826,ワカエビスプラス,,,draft,0.9,,
110768,1127,ちゃった,,,draft,0.85,,
110769,1127,ポンド,,,draft,0.85,,
110770,1135,花降る里,,,draft,0.4,,
110771,7204,ヤマフル,,,draft,0.85,,
110772,7204,からつくんち,,,draft,0.85,,
110773,7204,太閤乃麦,,,draft,0.85,,
110774,7204,太閤乃芋,,,draft,0.85,,
110775,7204,太閤梅,,,draft,0.85,,
110776,7205,天の狼,,,draft,0.7,,
110777,7210,炎杜,,,draft,0.85,,
110778,7210,烈吼,,,draft,0.85,,
110779,7210,陶山,,,draft,0.85,,
110780,7210,恋寅,,,draft,0.85,,
110781,7210,古陶里,,,draft,0.85,,
110782,7210,美鶴乃舞,,,draft,0.85,,
110783,7210,眠り姫,,,draft,0.85,,
110784,7210,tete,,,draft,0.85,,
110785,7210,嬉遊-KIYOU-,,,draft,0.85,,
110786,7214,竹の園～ごえん～,,,draft,0.6,,
110787,7217,きまぐれドラゴン,,,draft,0.85,,
110788,7217,sake Q,,,draft,0.85,,
110789,7217,ど黒,,,draft,0.85,,
110790,628,JAPAN SODA,,,draft,0.7,,
110791,654,柔道,,,draft,0.85,,
110792,6562,復古酒,,,draft,0.85,,
110793,6562,御免酒,,,draft,0.85,,
110794,6562,笹おり,,,draft,0.85,,
110795,6562,ひやもみじ,,,draft,0.85,,
110796,6562,雪美月,,,draft,0.85,,
110797,6565,鶴,,,draft,0.55,,
110798,6565,海霧,,,draft,0.55,,
110799,6565,ポンエペレ,,,draft,0.55,,
110800,6565,mina NICORI,,,draft,0.55,,
110801,8818,流霞,,,draft,0.9,,
110802,8818,白馬,,,draft,0.9,,
110803,8818,里の花,,,draft,0.9,,
110804,2483,ブルーサーマル,,,draft,0.8,,
110805,2503,喜八郎,,,draft,0.6,,
110806,2510,浮城,,,draft,0.85,,
110807,2510,姫の舞,,,draft,0.85,,
110808,7138,麻生,,,draft,0.55,,
110809,7138,FUJICO OZ,,,draft,0.55,,
110810,5784,神龜乃黄金酒,,,draft,0.5,,
110811,5803,たる酒 かおりすぎます,,,draft,0.7,,
110812,4706,稲章,,,draft,0.6,,
110813,6892,日向の夏子,,,draft,0.7,,
110814,6895,SETOKA PEEL LIQUEUR,,,draft,0.8,,
110815,6076,通,,,draft,0.65,,
110816,6076,リンク8,,,draft,0.65,,
110817,6076,Pero,,,draft,0.65,,
110818,6076,Green,,,draft,0.65,,
110819,6076,マス印からくち,,,draft,0.65,,
110820,6076,岩泉,,,draft,0.65,,
110821,6076,都松,,,draft,0.65,,
110822,6084,HARRY CRANES,,,draft,0.5,,
110823,1913,松陰,,,draft,0.65,,
110824,1913,梅のかほり,,,draft,0.65,,
110825,1913,花かほり,,,draft,0.65,,
110826,1924,やまぐちワイン,,,draft,0.5,,
110827,1931,Bd-14,,,draft,0.7,,
110828,1934,夏純,,,draft,0.6,,
110829,1934,夏吟,,,draft,0.6,,
110830,880,A SOUTH DOG,,,draft,0.8,,
110831,892,旅酒,,,draft,0.75,,
110832,895,出羽桜 誠醸,,,draft,0.75,,
110833,895,出羽桜 咲,,,draft,0.75,,
110834,895,出羽桜 花宝,,,draft,0.75,,
110835,895,出羽桜 とび六,,,draft,0.75,,
110836,895,出羽桜 プリンセス・ミチコ,,,draft,0.75,,
110837,895,出羽桜 ヴィンテージ・サケ・コレクション,,,draft,0.75,,
110838,895,出羽桜 枯山水 悠久の風,,,draft,0.75,,
110839,6160,八ツのからっ風,,,draft,0.7,,
110840,6160,北の杜,,,draft,0.7,,
110841,6160,甲斐の花,,,draft,0.7,,
110842,6160,のんだ甲斐,,,draft,0.7,,
110843,6160,生いき,,,draft,0.7,,
110844,6160,八ヶ岳,,,draft,0.7,,
110845,6160,味吟醸,,,draft,0.7,,
110846,6160,吟醸おり酒,,,draft,0.7,,
110847,6160,本荷樽,,,draft,0.7,,
110848,6164,白心,,,draft,0.75,,
110849,6164,星ノ輝,,,draft,0.75,,
110850,6164,アラン・デュカス×七賢,,,draft,0.75,,
110851,6170,OLIFANT,,,draft,0.8,,
110852,6170,白八咫,,,draft,0.8,,
110853,2146,ひょう六,,,draft,0.7,,
110854,2164,ぶど次郎,,,draft,0.8,,
110855,2164,杜氏の宴,,,draft,0.8,,
110856,2164,飛空高,,,draft,0.8,,
110857,2164,四ッ星,,,draft,0.8,,
110858,3193,一期一会,,,draft,0.85,,
110859,3193,岡山のゆずっこ梅っこ,,,draft,0.85,,
110860,3199,時次郎,,,draft,0.85,,
110861,3210,我町醺,,,draft,0.8,,
110862,5569,飛天抄,,,draft,0.8,,
110863,5569,旅酒,,,draft,0.8,,
110864,5583,仙人郷,,,draft,0.85,,
110865,5583,纜,,,draft,0.85,,
110866,7286,わんわんカップ,,,draft,0.8,,
110867,7286,にゃんにゃんカップ,,,draft,0.8,,
110868,7286,御幡の元気米,,,draft,0.8,,
110869,7286,鏡草,,,draft,0.8,,
110870,7286,麹39,,,draft,0.8,,
110871,7301,古代酒,,,draft,0.7,,
110872,7304,おをおおぎ,,,draft,0.9,,
110873,7305,江戸の粋,,,draft,0.85,,
110874,7305,天使のKISS,,,draft,0.85,,
110875,7305,梅の恩返し,,,draft,0.85,,
110876,7901,ローズマインド,,,draft,0.85,,
110877,7901,霜冴,,,draft,0.85,,
110878,7901,凛として孤高,,,draft,0.85,,
110879,7910,渢路,,,draft,0.9,,
110880,211,越後で候,,,draft,0.85,,
110881,211,よろしく千萬あるべし,,,draft,0.85,,
110882,211,宜有千萬,,,draft,0.85,,
110883,211,金剛心,,,draft,0.85,,
110884,213,GO Grandclass,,,draft,0.8,,
110885,233,蔵光,,,draft,0.85,,
110886,233,涼風,,,draft,0.85,,
110887,233,菊水のお晩です,,,draft,0.85,,
110888,247,59Takachiyo,,,draft,0.6,,
110889,247,シンタカチヨ,,,draft,0.6,,
110890,247,コウリュウ,,,draft,0.6,,
110891,247,豊醇無盡,,,draft,0.6,,
110892,247,円水,,,draft,0.6,,
110893,248,華甲,,,draft,0.6,,
110894,253,柏露花火,,,draft,0.9,,
110895,274,PAIRシリーズ,,,draft,0.5,,
110896,275,いつもありがとう,,,draft,0.75,,
110897,275,雪置遊,,,draft,0.75,,
110898,291,赤玉風味,,,draft,0.8,,
110899,294,不二正宗,,,draft,0.85,,
110900,295,越の露,,,draft,0.75,,
110901,297,越後の甘口純米酒,,,draft,0.7,,
110902,297,越後の辛口純米酒,,,draft,0.7,,
110903,4109,八重菊,,,draft,0.6,,
110904,4109,墨流,,,draft,0.6,,
110905,4110,對鴎,,,draft,0.85,,
110906,7340,益子の炎,,,draft,0.75,,
110907,7347,くわがた,,,draft,0.5,,
110908,7361,黄金の舞,,,draft,0.5,,
110909,7361,木綿の里,,,draft,0.5,,
110910,7361,初春,,,draft,0.5,,
110911,7361,涼風,,,draft,0.5,,
110912,5241,越前梅酒,,,draft,0.45,,
110913,947,はかた美人,,,draft,0.75,,
110914,947,釈迦力,,,draft,0.75,,
110915,973,月見酒,,,draft,0.4,,
110916,984,紅乙女樽,,,draft,0.7,,
110917,78,天宮,,,draft,0.6,,
110918,81,雪の香,,,draft,0.55,,
110919,81,祝,,,draft,0.55,,
110920,125,豊年,,,draft,0.7,,
110921,125,YOZAKURA,,,draft,0.7,,
110922,532,刈穂 嘉永,,,draft,0.8,,
110923,532,刈穂 銀千樹,,,draft,0.8,,
110924,534,雪湯澤,,,draft,0.85,,
110925,534,美酔冠,,,draft,0.85,,
110926,534,秋田一水,,,draft,0.85,,
110927,540,鏡田,,,draft,0.85,,
110928,540,鹿角,,,draft,0.85,,
110929,540,九割一分,,,draft,0.85,,
110930,540,地底の神秘,,,draft,0.85,,
110931,540,HANAWABAYASHI,,,draft,0.85,,
110932,542,槽しずく,,,draft,0.6,,
110933,542,月宵,,,draft,0.6,,
110934,542,よーぐるしゅ,,,draft,0.6,,
110935,542,ダイヤモンドドロップ,,,draft,0.6,,
110936,542,ハイパードライ,,,draft,0.6,,
110937,542,亀ラベル,,,draft,0.6,,
110938,548,新屋衆,,,draft,0.8,,
110939,556,環稲,,,draft,0.75,,
110940,556,瀬音,,,draft,0.75,,
110941,556,まなぐ凧,,,draft,0.75,,
110942,556,美酒探求七〇一,,,draft,0.75,,
110943,6529,鱗,,,draft,0.85,,
110944,6536,三波石,,,draft,0.9,,
110945,6537,甘楽niひとめぼれ,,,draft,0.9,,
110946,6537,赤れんが姫,,,draft,0.9,,
110947,6537,富岡製糸場,,,draft,0.9,,
110948,6540,土田生酛,,,draft,0.7,,
110949,6540,Tsuchida 99,,,draft,0.7,,
110950,6540,研究醸造,,,draft,0.7,,
110951,6541,白貴,,,draft,0.75,,
110952,6541,望郷,,,draft,0.75,,
110953,6541,ブラッドムーン,,,draft,0.75,,
110954,6541,ブルームーン,,,draft,0.75,,
110955,5513,山渡,,,draft,0.85,,
110956,5513,雪の舞,,,draft,0.85,,
110957,5513,花あわせ,,,draft,0.85,,
110958,5513,樽酒吉兆の舞,,,draft,0.85,,
110959,6988,兵介,,,draft,0.8,,
110960,17,林檎,,,draft,0.5,,
110961,17,リスボンレモン,,,draft,0.5,,
110962,17,マイヤーレモン,,,draft,0.5,,
110963,38,スパーク・リ・ヴァン,,,draft,0.75,,
110964,42,垂氷,,,draft,0.65,,
110965,42,吟織,,,draft,0.65,,
110966,42,La vie en Rose,,,draft,0.65,,
110967,42,日本の夏,,,draft,0.65,,
110968,42,日本の冬,,,draft,0.65,,
110969,49,松雨,,,draft,0.65,,
110970,49,酒の華,,,draft,0.65,,
110971,49,礎（まるといしずえ）,,,draft,0.65,,
110972,49,SAKU1,,,draft,0.65,,
110973,65,桜十帖,,,draft,0.7,,
110974,65,フクロウ,,,draft,0.7,,
110975,65,ツバメ,,,draft,0.7,,
110976,65,ウサギ,,,draft,0.7,,
110977,65,オコジョ,,,draft,0.7,,
110978,65,カワセミ,,,draft,0.7,,
110979,65,ツキノワグマ,,,draft,0.7,,
110980,3442,吟麗,,,draft,0.85,,
110981,3446,裏八仙,,,draft,0.7,,
110982,3446,裏男山,,,draft,0.7,,
110983,3446,吟烏帽子40,,,draft,0.7,,
110984,3446,レイメイ40,,,draft,0.7,,
110985,3446,八梅,,,draft,0.7,,
110986,3446,壷八仙,,,draft,0.7,,
110987,3446,Hassenblage,,,draft,0.7,,
110988,3446,MINATO DISTILLERY,,,draft,0.7,,
110989,1864,KOHINATA,,,draft,0.6,,
110990,1866,きもとぶれんど,,,draft,0.6,,
110991,5591,Henro,,,draft,0.6,,
110992,5591,リセノワール,,,draft,0.6,,
113887,57747,三和鶴 白,,,draft,0.75,kagoshima_shochu_2026,鹿児島県酒造組合公式サイト蔵元一覧ページ(kuramoto/142/)の焼酎銘柄紹介欄より
113888,57748,さつま国分,,,draft,0.75,kagoshima_shochu_2026,鹿児島県酒造組合公式サイト蔵元一覧ページ(kuramoto/156/)の焼酎銘柄紹介欄より
113889,57749,明るい農村,,,draft,0.75,kagoshima_shochu_2026,鹿児島県酒造組合公式サイト蔵元一覧ページ(kuramoto/160/)の焼酎銘柄紹介欄より
113890,57750,七窪,,,draft,0.75,kagoshima_shochu_2026,鹿児島県酒造組合公式サイト蔵元一覧ページ(kuramoto/188/)の焼酎銘柄紹介欄より
113891,57750,寿百歳,,,draft,0.75,kagoshima_shochu_2026,鹿児島県酒造組合公式サイト蔵元一覧ページ(kuramoto/188/)の焼酎銘柄紹介欄より
113892,57750,西郷庵,,,draft,0.75,kagoshima_shochu_2026,鹿児島県酒造組合公式サイト蔵元一覧ページ(kuramoto/188/)の焼酎銘柄紹介欄より
113893,57750,豪放磊落,,,draft,0.75,kagoshima_shochu_2026,鹿児島県酒造組合公式サイト蔵元一覧ページ(kuramoto/188/)の焼酎銘柄紹介欄より
113894,57751,相良,,,draft,0.75,kagoshima_shochu_2026,鹿児島県酒造組合公式サイト蔵元一覧ページ(kuramoto/189/)の焼酎銘柄紹介欄より
113895,57752,さつま無双 赤ラベル,,,draft,0.75,kagoshima_shochu_2026,鹿児島県酒造組合公式サイト蔵元一覧ページ(kuramoto/190/)の焼酎銘柄紹介欄より
113896,57753,大黒,,,draft,0.75,kagoshima_shochu_2026,鹿児島県酒造組合公式サイト蔵元一覧ページ(kuramoto/191/)の焼酎銘柄紹介欄より
113897,57754,薩摩 七夕,,,draft,0.75,kagoshima_shochu_2026,鹿児島県酒造組合公式サイト蔵元一覧ページ(kuramoto/192/)の焼酎銘柄紹介欄より
113898,57755,薩摩一,,,draft,0.75,kagoshima_shochu_2026,鹿児島県酒造組合公式サイト蔵元一覧ページ(kuramoto/193/)の焼酎銘柄紹介欄より
113899,57756,さつま小鶴,,,draft,0.75,kagoshima_shochu_2026,鹿児島県酒造組合公式サイト蔵元一覧ページ(kuramoto/194/)の焼酎銘柄紹介欄より
113900,57757,薩摩宝山,,,draft,0.75,kagoshima_shochu_2026,鹿児島県酒造組合公式サイト蔵元一覧ページ(kuramoto/195/)の焼酎銘柄紹介欄より
113901,57758,金山蔵 黄金麹仕込み,,,draft,0.75,kagoshima_shochu_2026,鹿児島県酒造組合公式サイト蔵元一覧ページ(kuramoto/196/)の焼酎銘柄紹介欄より
113902,57759,さつま寿,,,draft,0.75,kagoshima_shochu_2026,鹿児島県酒造組合公式サイト蔵元一覧ページ(kuramoto/206/)の焼酎銘柄紹介欄より
113903,57760,萬世,,,draft,0.75,kagoshima_shochu_2026,鹿児島県酒造組合公式サイト蔵元一覧ページ(kuramoto/207/)の焼酎銘柄紹介欄より
113904,57761,天文館,,,draft,0.75,kagoshima_shochu_2026,鹿児島県酒造組合公式サイト蔵元一覧ページ(kuramoto/208/)の焼酎銘柄紹介欄より
113905,57762,金峰櫻井,,,draft,0.75,kagoshima_shochu_2026,鹿児島県酒造組合公式サイト蔵元一覧ページ(kuramoto/209/)の焼酎銘柄紹介欄より
113906,57763,薩摩桐野,,,draft,0.75,kagoshima_shochu_2026,鹿児島県酒造組合公式サイト蔵元一覧ページ(kuramoto/210/)の焼酎銘柄紹介欄より
113907,57764,利右衛門,,,draft,0.75,kagoshima_shochu_2026,鹿児島県酒造組合公式サイト蔵元一覧ページ(kuramoto/211/)の焼酎銘柄紹介欄より
113908,57765,利八,,,draft,0.75,kagoshima_shochu_2026,鹿児島県酒造組合公式サイト蔵元一覧ページ(kuramoto/212/)の焼酎銘柄紹介欄より
113909,57766,白露,,,draft,0.75,kagoshima_shochu_2026,鹿児島県酒造組合公式サイト蔵元一覧ページ(kuramoto/213/)の焼酎銘柄紹介欄より
113910,57767,蔵の神,,,draft,0.75,kagoshima_shochu_2026,鹿児島県酒造組合公式サイト蔵元一覧ページ(kuramoto/214/)の焼酎銘柄紹介欄より
113911,57768,鉄幹,,,draft,0.75,kagoshima_shochu_2026,鹿児島県酒造組合公式サイト蔵元一覧ページ(kuramoto/215/)の焼酎銘柄紹介欄より
113912,57769,田苑 ENVELHECIDA,,,draft,0.75,kagoshima_shochu_2026,鹿児島県酒造組合公式サイト蔵元一覧ページ(kuramoto/216/)の焼酎銘柄紹介欄より
113913,57770,六代目百合,,,draft,0.75,kagoshima_shochu_2026,鹿児島県酒造組合公式サイト蔵元一覧ページ(kuramoto/217/)の焼酎銘柄紹介欄より
113914,57771,園乃露,,,draft,0.75,kagoshima_shochu_2026,鹿児島県酒造組合公式サイト蔵元一覧ページ(kuramoto/218/)の焼酎銘柄紹介欄より
113915,57772,紫尾の露,,,draft,0.75,kagoshima_shochu_2026,鹿児島県酒造組合公式サイト蔵元一覧ページ(kuramoto/219/)の焼酎銘柄紹介欄より
113916,57773,一尚,,,draft,0.75,kagoshima_shochu_2026,鹿児島県酒造組合公式サイト蔵元一覧ページ(kuramoto/220/)の焼酎銘柄紹介欄より
113917,57774,芋焼酎 野海棠,,,draft,0.75,kagoshima_shochu_2026,鹿児島県酒造組合公式サイト蔵元一覧ページ(kuramoto/221/)の焼酎銘柄紹介欄より
113918,57775,鶴見,,,draft,0.75,kagoshima_shochu_2026,鹿児島県酒造組合公式サイト蔵元一覧ページ(kuramoto/222/)の焼酎銘柄紹介欄より
113919,57776,千鶴,,,draft,0.75,kagoshima_shochu_2026,鹿児島県酒造組合公式サイト蔵元一覧ページ(kuramoto/223/)の焼酎銘柄紹介欄より
113920,57777,さつま島美人,,,draft,0.75,kagoshima_shochu_2026,鹿児島県酒造組合公式サイト蔵元一覧ページ(kuramoto/225/)の焼酎銘柄紹介欄より
113921,57778,さつま,,,draft,0.75,kagoshima_shochu_2026,鹿児島県酒造組合公式サイト蔵元一覧ページ(kuramoto/226/)の焼酎銘柄紹介欄より
113922,57779,黒伊佐錦,,,draft,0.75,kagoshima_shochu_2026,鹿児島県酒造組合公式サイト蔵元一覧ページ(kuramoto/228/)の焼酎銘柄紹介欄より
113923,57780,おやっとさあ,,,draft,0.75,kagoshima_shochu_2026,鹿児島県酒造組合公式サイト蔵元一覧ページ(kuramoto/230/)の焼酎銘柄紹介欄より
113924,57781,大隅,,,draft,0.75,kagoshima_shochu_2026,鹿児島県酒造組合公式サイト蔵元一覧ページ(kuramoto/231/)の焼酎銘柄紹介欄より
113925,57782,天星醍醐,,,draft,0.75,kagoshima_shochu_2026,鹿児島県酒造組合公式サイト蔵元一覧ページ(kuramoto/232/)の焼酎銘柄紹介欄より
113926,57783,さつま大海,,,draft,0.75,kagoshima_shochu_2026,鹿児島県酒造組合公式サイト蔵元一覧ページ(kuramoto/236/)の焼酎銘柄紹介欄より
113927,57784,森伊蔵,,,draft,0.75,kagoshima_shochu_2026,鹿児島県酒造組合公式サイト蔵元一覧ページ(kuramoto/237/)の焼酎銘柄紹介欄より
113928,57785,小鹿,,,draft,0.75,kagoshima_shochu_2026,鹿児島県酒造組合公式サイト蔵元一覧ページ(kuramoto/238/)の焼酎銘柄紹介欄より
113929,57786,しま甘露,,,draft,0.75,kagoshima_shochu_2026,鹿児島県酒造組合公式サイト蔵元一覧ページ(kuramoto/239/)の焼酎銘柄紹介欄より
113930,57787,島乃泉,,,draft,0.75,kagoshima_shochu_2026,鹿児島県酒造組合公式サイト蔵元一覧ページ(kuramoto/240/)の焼酎銘柄紹介欄より
113931,57788,南泉,,,draft,0.75,kagoshima_shochu_2026,鹿児島県酒造組合公式サイト蔵元一覧ページ(kuramoto/241/)の焼酎銘柄紹介欄より
113932,57789,奄美黒糖焼酎れんと,,,draft,0.75,kagoshima_shochu_2026,鹿児島県酒造組合公式サイト蔵元一覧ページ(kuramoto/242/)の焼酎銘柄紹介欄より
113933,57790,龍宮,,,draft,0.75,kagoshima_shochu_2026,鹿児島県酒造組合公式サイト蔵元一覧ページ(kuramoto/243/)の焼酎銘柄紹介欄より
113934,57791,喜界島,,,draft,0.75,kagoshima_shochu_2026,鹿児島県酒造組合公式サイト蔵元一覧ページ(kuramoto/244/)の焼酎銘柄紹介欄より
113935,57792,奄美,,,draft,0.75,kagoshima_shochu_2026,鹿児島県酒造組合公式サイト蔵元一覧ページ(kuramoto/245/)の焼酎銘柄紹介欄より
113936,57793,奄美,,,draft,0.75,kagoshima_shochu_2026,鹿児島県酒造組合公式サイト蔵元一覧ページ(kuramoto/246/)の焼酎銘柄紹介欄より
113937,57794,奄美,,,draft,0.75,kagoshima_shochu_2026,鹿児島県酒造組合公式サイト蔵元一覧ページ(kuramoto/247/)の焼酎銘柄紹介欄より
113938,57795,稲乃露,,,draft,0.75,kagoshima_shochu_2026,鹿児島県酒造組合公式サイト蔵元一覧ページ(kuramoto/249/)の焼酎銘柄紹介欄より
113939,57796,稲乃露,,,draft,0.75,kagoshima_shochu_2026,鹿児島県酒造組合公式サイト蔵元一覧ページ(kuramoto/251/)の焼酎銘柄紹介欄より
113940,57797,天下一,,,draft,0.75,kagoshima_shochu_2026,鹿児島県酒造組合公式サイト蔵元一覧ページ(kuramoto/252/)の焼酎銘柄紹介欄より
113941,57798,黄麹仕込 伝,,,draft,0.75,kagoshima_shochu_2026,鹿児島県酒造組合公式サイト蔵元一覧ページ(kuramoto/405/)の焼酎銘柄紹介欄より
113942,57799,本格芋焼酎 海童,,,draft,0.75,kagoshima_shochu_2026,鹿児島県酒造組合公式サイト蔵元一覧ページ(kuramoto/412/)の焼酎銘柄紹介欄より
113943,57800,大金の露,,,draft,0.75,kagoshima_shochu_2026,鹿児島県酒造組合公式サイト蔵元一覧ページ(kuramoto/422/)の焼酎銘柄紹介欄より
113944,57801,八幡,,,draft,0.75,kagoshima_shochu_2026,鹿児島県酒造組合公式サイト蔵元一覧ページ(kuramoto/428/)の焼酎銘柄紹介欄より
113945,57802,屋久杉,,,draft,0.75,kagoshima_shochu_2026,鹿児島県酒造組合公式サイト蔵元一覧ページ(kuramoto/455/)の焼酎銘柄紹介欄より
113946,57804,あらわざ桜島,,,draft,0.75,kagoshima_shochu_2026,鹿児島県酒造組合公式サイト蔵元一覧ページ(kuramoto/458/)の焼酎銘柄紹介欄より [2026-08-02修正: 公式サイトhombo.co.jp/item/shochu/arawaza/の説明文で「あらわざ」シリーズが知覧蒸溜所発祥と明記されているため鹿児島工場(57803)から知覧蒸溜所(57804)へ帰属修正]
113947,57804,黒麹仕立て 桜島,,,draft,0.75,kagoshima_shochu_2026,鹿児島県酒造組合公式サイト蔵元一覧ページ(kuramoto/465/)の焼酎銘柄紹介欄より
113948,57805,貴匠蔵,,,draft,0.75,kagoshima_shochu_2026,鹿児島県酒造組合公式サイト蔵元一覧ページ(kuramoto/466/)の焼酎銘柄紹介欄より
113949,57806,知覧武家屋敷,,,draft,0.75,kagoshima_shochu_2026,鹿児島県酒造組合公式サイト蔵元一覧ページ(kuramoto/470/)の焼酎銘柄紹介欄より
113950,57807,貯蔵熟成 久耀,,,draft,0.75,kagoshima_shochu_2026,鹿児島県酒造組合公式サイト蔵元一覧ページ(kuramoto/476/)の焼酎銘柄紹介欄より
113951,57808,さつま島美人,,,draft,0.75,kagoshima_shochu_2026,鹿児島県酒造組合公式サイト蔵元一覧ページ(kuramoto/485/)の焼酎銘柄紹介欄より
113952,57809,さつま島美人,,,draft,0.75,kagoshima_shochu_2026,鹿児島県酒造組合公式サイト蔵元一覧ページ(kuramoto/486/)の焼酎銘柄紹介欄より
113953,57810,蘭,,,draft,0.75,kagoshima_shochu_2026,鹿児島県酒造組合公式サイト蔵元一覧ページ(kuramoto/487/)の焼酎銘柄紹介欄より
113954,57811,せえごれ,,,draft,0.75,kagoshima_shochu_2026,鹿児島県酒造組合公式サイト蔵元一覧ページ(kuramoto/491/)の焼酎銘柄紹介欄より
113955,57812,黒瀬杜氏,,,draft,0.75,kagoshima_shochu_2026,鹿児島県酒造組合公式サイト蔵元一覧ページ(kuramoto/513/)の焼酎銘柄紹介欄より
113956,57813,五郎,,,draft,0.75,kagoshima_shochu_2026,鹿児島県酒造組合公式サイト蔵元一覧ページ(kuramoto/519/)の焼酎銘柄紹介欄より
113957,57814,薩摩茶屋,,,draft,0.75,kagoshima_shochu_2026,鹿児島県酒造組合公式サイト蔵元一覧ページ(kuramoto/523/)の焼酎銘柄紹介欄より
113958,57815,伊佐美,,,draft,0.75,kagoshima_shochu_2026,鹿児島県酒造組合公式サイト蔵元一覧ページ(kuramoto/525/)の焼酎銘柄紹介欄より
113959,57816,さつま諸白,,,draft,0.75,kagoshima_shochu_2026,鹿児島県酒造組合公式サイト蔵元一覧ページ(kuramoto/527/)の焼酎銘柄紹介欄より
113960,57817,侍士の門,,,draft,0.75,kagoshima_shochu_2026,鹿児島県酒造組合公式サイト蔵元一覧ページ(kuramoto/532/)の焼酎銘柄紹介欄より
113961,57818,三岳,,,draft,0.75,kagoshima_shochu_2026,鹿児島県酒造組合公式サイト蔵元一覧ページ(kuramoto/539/)の焼酎銘柄紹介欄より
113962,57819,白金乃露,,,draft,0.75,kagoshima_shochu_2026,鹿児島県酒造組合公式サイト蔵元一覧ページ(kuramoto/545/)の焼酎銘柄紹介欄より
113963,57820,アサヒ,,,draft,0.75,kagoshima_shochu_2026,鹿児島県酒造組合公式サイト蔵元一覧ページ(kuramoto/552/)の焼酎銘柄紹介欄より
113964,57821,岩いずみ,,,draft,0.75,kagoshima_shochu_2026,鹿児島県酒造組合公式サイト蔵元一覧ページ(kuramoto/554/)の焼酎銘柄紹介欄より
113965,57822,八千代伝（黒）,,,draft,0.75,kagoshima_shochu_2026,鹿児島県酒造組合公式サイト蔵元一覧ページ(kuramoto/556/)の焼酎銘柄紹介欄より
113966,57823,あまみ六調,,,draft,0.75,kagoshima_shochu_2026,鹿児島県酒造組合公式サイト蔵元一覧ページ(kuramoto/558/)の焼酎銘柄紹介欄より
113967,57824,稲乃露,,,draft,0.75,kagoshima_shochu_2026,鹿児島県酒造組合公式サイト蔵元一覧ページ(kuramoto/560/)の焼酎銘柄紹介欄より
113968,57825,小松帯刀,,,draft,0.75,kagoshima_shochu_2026,鹿児島県酒造組合公式サイト蔵元一覧ページ(kuramoto/561/)の焼酎銘柄紹介欄より
113969,57826,黒白波,,,draft,0.75,kagoshima_shochu_2026,鹿児島県酒造組合公式サイト蔵元一覧ページ(kuramoto/567/)の焼酎銘柄紹介欄より
113970,57827,枕崎,,,draft,0.75,kagoshima_shochu_2026,鹿児島県酒造組合公式サイト蔵元一覧ページ(kuramoto/571/)の焼酎銘柄紹介欄より
113971,57828,さつま白波,,,draft,0.75,kagoshima_shochu_2026,鹿児島県酒造組合公式サイト蔵元一覧ページ(kuramoto/575/)の焼酎銘柄紹介欄より
113972,57829,弥生,,,draft,0.75,kagoshima_shochu_2026,鹿児島県酒造組合公式サイト蔵元一覧ページ(kuramoto/582/)の焼酎銘柄紹介欄より
113973,57830,さつま島美人,,,draft,0.75,kagoshima_shochu_2026,鹿児島県酒造組合公式サイト蔵元一覧ページ(kuramoto/588/)の焼酎銘柄紹介欄より
113974,57831,さつま島美人,,,draft,0.75,kagoshima_shochu_2026,鹿児島県酒造組合公式サイト蔵元一覧ページ(kuramoto/590/)の焼酎銘柄紹介欄より
113975,57832,魔王,,,draft,0.75,kagoshima_shochu_2026,鹿児島県酒造組合公式サイト蔵元一覧ページ(kuramoto/593/)の焼酎銘柄紹介欄より
113976,57833,じょうご,,,draft,0.75,kagoshima_shochu_2026,鹿児島県酒造組合公式サイト蔵元一覧ページ(kuramoto/595/)の焼酎銘柄紹介欄より
113977,57834,龍門滝,,,draft,0.75,kagoshima_shochu_2026,鹿児島県酒造組合公式サイト蔵元一覧ページ(kuramoto/597/)の焼酎銘柄紹介欄より
113978,57835,マルシカ,,,draft,0.75,kagoshima_shochu_2026,鹿児島県酒造組合公式サイト蔵元一覧ページ(kuramoto/602/)の焼酎銘柄紹介欄より
113979,57836,昇龍,,,draft,0.75,kagoshima_shochu_2026,鹿児島県酒造組合公式サイト蔵元一覧ページ(kuramoto/606/)の焼酎銘柄紹介欄より
113980,57837,むかしむかし,,,draft,0.75,kagoshima_shochu_2026,鹿児島県酒造組合公式サイト蔵元一覧ページ(kuramoto/612/)の焼酎銘柄紹介欄より
113981,57838,さつま島美人,,,draft,0.75,kagoshima_shochu_2026,鹿児島県酒造組合公式サイト蔵元一覧ページ(kuramoto/617/)の焼酎銘柄紹介欄より
113982,57839,さつま木挽,,,draft,0.75,kagoshima_shochu_2026,鹿児島県酒造組合公式サイト蔵元一覧ページ(kuramoto/618/)の焼酎銘柄紹介欄より
113983,57840,萬膳,,,draft,0.75,kagoshima_shochu_2026,鹿児島県酒造組合公式サイト蔵元一覧ページ(kuramoto/624/)の焼酎銘柄紹介欄より
113984,57841,さつま白若潮,,,draft,0.75,kagoshima_shochu_2026,鹿児島県酒造組合公式サイト蔵元一覧ページ(kuramoto/631/)の焼酎銘柄紹介欄より
113985,57842,角玉,,,draft,0.75,kagoshima_shochu_2026,鹿児島県酒造組合公式サイト蔵元一覧ページ(kuramoto/637/)の焼酎銘柄紹介欄より
113986,57843,みしま村,,,draft,0.75,kagoshima_shochu_2026,鹿児島県酒造組合公式サイト蔵元一覧ページ(kuramoto/639/)の焼酎銘柄紹介欄より
113987,57844,純黒,,,draft,0.75,kagoshima_shochu_2026,鹿児島県酒造組合公式サイト蔵元一覧ページ(kuramoto/645/)の焼酎銘柄紹介欄より
113988,57845,出水に舞姫,,,draft,0.75,kagoshima_shochu_2026,鹿児島県酒造組合公式サイト蔵元一覧ページ(kuramoto/647/)の焼酎銘柄紹介欄より
113989,57846,一葉の恋日記,,,draft,0.75,kagoshima_shochu_2026,鹿児島県酒造組合公式サイト蔵元一覧ページ(kuramoto/654/)の焼酎銘柄紹介欄より
113990,57847,伊佐大泉,,,draft,0.75,kagoshima_shochu_2026,鹿児島県酒造組合公式サイト蔵元一覧ページ(kuramoto/659/)の焼酎銘柄紹介欄より
113991,57848,照葉樹林,,,draft,0.75,kagoshima_shochu_2026,鹿児島県酒造組合公式サイト蔵元一覧ページ(kuramoto/661/)の焼酎銘柄紹介欄より
113992,57849,奄美黒糖焼酎「珊瑚」,,,draft,0.75,kagoshima_shochu_2026,鹿児島県酒造組合公式サイト蔵元一覧ページ(kuramoto/668/)の焼酎銘柄紹介欄より
113993,57850,島のナポレオン,,,draft,0.75,kagoshima_shochu_2026,鹿児島県酒造組合公式サイト蔵元一覧ページ(kuramoto/674/)の焼酎銘柄紹介欄より
113994,57851,稲乃露,,,draft,0.75,kagoshima_shochu_2026,鹿児島県酒造組合公式サイト蔵元一覧ページ(kuramoto/679/)の焼酎銘柄紹介欄より
113995,57852,西海の薫,,,draft,0.75,kagoshima_shochu_2026,鹿児島県酒造組合公式サイト蔵元一覧ページ(kuramoto/680/)の焼酎銘柄紹介欄より
113996,57853,奄美黒糖焼酎 島有泉 20度,,,draft,0.75,kagoshima_shochu_2026,鹿児島県酒造組合公式サイト蔵元一覧ページ(kuramoto/683/)の焼酎銘柄紹介欄より
113997,57854,長期貯蔵 里の曙,,,draft,0.75,kagoshima_shochu_2026,鹿児島県酒造組合公式サイト蔵元一覧ページ(kuramoto/689/)の焼酎銘柄紹介欄より
113998,57855,奄美,,,draft,0.75,kagoshima_shochu_2026,鹿児島県酒造組合公式サイト蔵元一覧ページ(kuramoto/696/)の焼酎銘柄紹介欄より
113999,57856,大和桜,,,draft,0.75,kagoshima_shochu_2026,鹿児島県酒造組合公式サイト蔵元一覧ページ(kuramoto/699/)の焼酎銘柄紹介欄より
114000,57857,薩摩の誉 黒麹,,,draft,0.75,kagoshima_shochu_2026,鹿児島県酒造組合公式サイト蔵元一覧ページ(kuramoto/706/)の焼酎銘柄紹介欄より
114001,57858,玉露（黒）,,,draft,0.75,kagoshima_shochu_2026,鹿児島県酒造組合公式サイト蔵元一覧ページ(kuramoto/712/)の焼酎銘柄紹介欄より
114002,57859,朝日,,,draft,0.75,kagoshima_shochu_2026,鹿児島県酒造組合公式サイト蔵元一覧ページ(kuramoto/720/)の焼酎銘柄紹介欄より
114003,57860,あまみ 長雲,,,draft,0.75,kagoshima_shochu_2026,鹿児島県酒造組合公式サイト蔵元一覧ページ(kuramoto/729/)の焼酎銘柄紹介欄より
114004,57861,奄美,,,draft,0.75,kagoshima_shochu_2026,鹿児島県酒造組合公式サイト蔵元一覧ページ(kuramoto/739/)の焼酎銘柄紹介欄より
114005,57862,天狗桜,,,draft,0.75,kagoshima_shochu_2026,鹿児島県酒造組合公式サイト蔵元一覧ページ(kuramoto/741/)の焼酎銘柄紹介欄より
114006,57863,さつま諸白,,,draft,0.75,kagoshima_shochu_2026,鹿児島県酒造組合公式サイト蔵元一覧ページ(kuramoto/3200/)の焼酎銘柄紹介欄より
114007,57865,ばつぐん,,,draft,0.75,kumamoto_shochu_2026,球磨焼酎酒造組合公式サイト(product/batsugun/)の銘柄紹介欄より
114008,57865,熟香抜群,,,draft,0.75,kumamoto_shochu_2026,球磨焼酎酒造組合公式サイト(product/batsugun/)の銘柄紹介欄より
114009,57866,銀の露,,,draft,0.75,kumamoto_shochu_2026,球磨焼酎酒造組合公式サイト(product/fuchita/)の銘柄紹介欄より
114010,57866,Fuchita,,,draft,0.75,kumamoto_shochu_2026,球磨焼酎酒造組合公式サイト(product/fuchita/)の銘柄紹介欄より
114011,57867,園の泉,,,draft,0.75,kumamoto_shochu_2026,球磨焼酎酒造組合公式サイト(product/fuchitahonten/)の銘柄紹介欄より
114012,57867,一勝地,,,draft,0.75,kumamoto_shochu_2026,球磨焼酎酒造組合公式サイト(product/fuchitahonten/)の銘柄紹介欄より
114013,57868,誉の露,,,draft,0.75,kumamoto_shochu_2026,球磨焼酎酒造組合公式サイト(product/fukano/)の銘柄紹介欄より
114014,57868,彩葉,,,draft,0.75,kumamoto_shochu_2026,球磨焼酎酒造組合公式サイト(product/fukano/)の銘柄紹介欄より
114015,57869,山河,,,draft,0.75,kumamoto_shochu_2026,球磨焼酎酒造組合公式サイト(product/fukuda/)の銘柄紹介欄より
114016,57869,樽御輿,,,draft,0.75,kumamoto_shochu_2026,球磨焼酎酒造組合公式サイト(product/fukuda/)の銘柄紹介欄より
114017,57870,特醸 蔵八,,,draft,0.75,kumamoto_shochu_2026,球磨焼酎酒造組合公式サイト(product/fusanotsuyu/)の銘柄紹介欄より
114018,57870,吟醸 房の露,,,draft,0.75,kumamoto_shochu_2026,球磨焼酎酒造組合公式サイト(product/fusanotsuyu/)の銘柄紹介欄より
114019,57871,しろ,,,draft,0.75,kumamoto_shochu_2026,球磨焼酎酒造組合公式サイト(product/hakutake/)の銘柄紹介欄より
114020,57871,白岳,,,draft,0.75,kumamoto_shochu_2026,球磨焼酎酒造組合公式サイト(product/hakutake/)の銘柄紹介欄より
114021,57872,極楽 常圧長期貯蔵,,,draft,0.75,kumamoto_shochu_2026,球磨焼酎酒造組合公式サイト(product/hayashi/)の銘柄紹介欄より
114022,57873,秋の露 純米,,,draft,0.75,kumamoto_shochu_2026,球磨焼酎酒造組合公式サイト(product/joraku/)の銘柄紹介欄より
114023,57873,秋の露 蔵のこだわり,,,draft,0.75,kumamoto_shochu_2026,球磨焼酎酒造組合公式サイト(product/joraku/)の銘柄紹介欄より
114024,57874,武者返し,,,draft,0.75,kumamoto_shochu_2026,球磨焼酎酒造組合公式サイト(product/jufuku/)の銘柄紹介欄より
114025,57875,文蔵,,,draft,0.75,kumamoto_shochu_2026,球磨焼酎酒造組合公式サイト(product/kinoshita/)の銘柄紹介欄より
114026,57875,茅葺,,,draft,0.75,kumamoto_shochu_2026,球磨焼酎酒造組合公式サイト(product/kinoshita/)の銘柄紹介欄より
114027,57876,萬緑,,,draft,0.75,kumamoto_shochu_2026,球磨焼酎酒造組合公式サイト(product/matsumoto/)の銘柄紹介欄より
114028,57876,裏伝 萬緑,,,draft,0.75,kumamoto_shochu_2026,球磨焼酎酒造組合公式サイト(product/matsumoto/)の銘柄紹介欄より
114029,57877,松の泉,,,draft,0.75,kumamoto_shochu_2026,球磨焼酎酒造組合公式サイト(product/matsunoizumi/)の銘柄紹介欄より
114030,57877,特別清水仕込水鏡無私,,,draft,0.75,kumamoto_shochu_2026,球磨焼酎酒造組合公式サイト(product/matsunoizumi/)の銘柄紹介欄より
114031,57878,最古蔵,,,draft,0.75,kumamoto_shochu_2026,球磨焼酎酒造組合公式サイト(product/matsushita/)の銘柄紹介欄より
114032,57878,桜の里,,,draft,0.75,kumamoto_shochu_2026,球磨焼酎酒造組合公式サイト(product/matsushita/)の銘柄紹介欄より
114033,57879,球磨仙人,,,draft,0.75,kumamoto_shochu_2026,球磨焼酎酒造組合公式サイト(product/miyahara/)の銘柄紹介欄より
114034,57879,十年の転た寝,,,draft,0.75,kumamoto_shochu_2026,球磨焼酎酒造組合公式サイト(product/miyahara/)の銘柄紹介欄より
114035,57880,九代目,,,draft,0.75,kumamoto_shochu_2026,球磨焼酎酒造組合公式サイト(product/miyamoto/)の銘柄紹介欄より
114036,57880,九代目 常圧,,,draft,0.75,kumamoto_shochu_2026,球磨焼酎酒造組合公式サイト(product/miyamoto/)の銘柄紹介欄より
114037,57881,球磨の泉,,,draft,0.75,kumamoto_shochu_2026,球磨焼酎酒造組合公式サイト(product/nasu/)の銘柄紹介欄より
114038,57881,原酒,,,draft,0.75,kumamoto_shochu_2026,球磨焼酎酒造組合公式サイト(product/nasu/)の銘柄紹介欄より
114039,57882,特別限定酒大石,,,draft,0.75,kumamoto_shochu_2026,球磨焼酎酒造組合公式サイト(product/ohishi/)の銘柄紹介欄より
114040,57882,芳華 礼世奈,,,draft,0.75,kumamoto_shochu_2026,球磨焼酎酒造組合公式サイト(product/ohishi/)の銘柄紹介欄より
114041,57883,心月,,,draft,0.75,kumamoto_shochu_2026,球磨焼酎酒造組合公式サイト(product/rokuchoshi/)の銘柄紹介欄より
114042,57883,特吟六調子,,,draft,0.75,kumamoto_shochu_2026,球磨焼酎酒造組合公式サイト(product/rokuchoshi/)の銘柄紹介欄より
114043,57884,繊月,,,draft,0.75,kumamoto_shochu_2026,球磨焼酎酒造組合公式サイト(product/sengetsu/)の銘柄紹介欄より
114044,57884,川辺,,,draft,0.75,kumamoto_shochu_2026,球磨焼酎酒造組合公式サイト(product/sengetsu/)の銘柄紹介欄より
114045,57885,金しろ（謹醸しろ）,,,draft,0.75,kumamoto_shochu_2026,球磨焼酎酒造組合公式サイト(product/takahashi/)の銘柄紹介欄より
114046,57885,銀しろ（吟麗しろ）,,,draft,0.75,kumamoto_shochu_2026,球磨焼酎酒造組合公式サイト(product/takahashi/)の銘柄紹介欄より
114047,57886,あさぎりの花,,,draft,0.75,kumamoto_shochu_2026,球磨焼酎酒造組合公式サイト(product/takata/)の銘柄紹介欄より
114048,57886,遊木,,,draft,0.75,kumamoto_shochu_2026,球磨焼酎酒造組合公式サイト(product/takata/)の銘柄紹介欄より
114049,57887,吟香 鳥飼,,,draft,0.75,kumamoto_shochu_2026,球磨焼酎酒造組合公式サイト(product/torikai/)の銘柄紹介欄より
114050,57888,豊永蔵,,,draft,0.75,kumamoto_shochu_2026,球磨焼酎酒造組合公式サイト(product/toyonaga/)の銘柄紹介欄より
114051,57888,常圧 豊永蔵,,,draft,0.75,kumamoto_shochu_2026,球磨焼酎酒造組合公式サイト(product/toyonaga/)の銘柄紹介欄より
114052,57889,球磨拳,,,draft,0.75,kumamoto_shochu_2026,球磨焼酎酒造組合公式サイト(product/tsunematsu/)の銘柄紹介欄より
114053,57889,かなた,,,draft,0.75,kumamoto_shochu_2026,球磨焼酎酒造組合公式サイト(product/tsunematsu/)の銘柄紹介欄より
114054,57890,奥球磨櫻,,,draft,0.75,kumamoto_shochu_2026,球磨焼酎酒造組合公式サイト(product/tsutsumi/)の銘柄紹介欄より
114055,57890,吟球磨 堤,,,draft,0.75,kumamoto_shochu_2026,球磨焼酎酒造組合公式サイト(product/tsutsumi/)の銘柄紹介欄より
114056,57891,温泉焼酎夢（常圧）,,,draft,0.75,kumamoto_shochu_2026,球磨焼酎酒造組合公式サイト(product/yamatoichi/)の銘柄紹介欄より
114057,57891,明治波濤歌,,,draft,0.75,kumamoto_shochu_2026,球磨焼酎酒造組合公式サイト(product/yamatoichi/)の銘柄紹介欄より
118505,57892,北谷長老,,,draft,0.9,,
118506,57892,一本松,,,draft,0.9,,
118507,57893,忠孝,,,draft,0.7,,
118508,57893,夢航海,,,draft,0.7,,
118509,57893,よっかこうじ,,,draft,0.7,,
118510,57895,くら,,,draft,0.9,,
118511,57895,轟,,,draft,0.9,,
118512,57895,主(ぬーし),,,draft,0.9,,
118513,57895,大琉球國,,,draft,0.9,,
118514,57895,寿,,,draft,0.9,,
118515,57896,残波,,,draft,0.85,,
118516,57898,白百合,,,draft,0.9,,
118517,57898,赤馬,,,draft,0.9,,
118518,57901,玉友,,,draft,0.9,,
118519,57901,甕仕込,,,draft,0.9,,
118520,57901,島風,,,draft,0.9,,
118521,57902,金丸,,,draft,0.85,,
118522,57902,常盤,,,draft,0.85,,
118523,57902,尚円の里,,,draft,0.85,,
118524,57903,暖流,,,draft,0.85,,
118525,57903,守禮,,,draft,0.85,,
118526,57904,南光,,,draft,0.8,,
118527,57904,神谷,,,draft,0.8,,
118528,57904,はなはな,,,draft,0.8,,
118529,57904,K,,,draft,0.8,,
118530,57905,菊之露,,,draft,0.85,,
118531,57905,壺浪漫,,,draft,0.85,,
118532,57906,龍,,,draft,0.85,,
118533,57906,金の誉,,,draft,0.85,,
118534,57906,尚,,,draft,0.85,,
118535,57907,どなん,,,draft,0.55,,
118536,57908,久米島の久米仙,,,draft,0.9,,
118537,57908,IMUGE.,,,draft,0.9,,
118538,57909,OKINAWA ISLAND BLUE,,,draft,0.55,,
118539,57909,サンセットリザーブ,,,draft,0.55,,
118540,57909,倭穀,,,draft,0.55,,
118541,57910,まさひろ,,,draft,0.9,,
118542,57910,古酒まさひろ,,,draft,0.9,,
118543,57910,島唄,,,draft,0.9,,
118544,57910,まさひろオキナワジン,,,draft,0.9,,
118545,57910,昌廣,,,draft,0.9,,
118546,57910,首里城正殿,,,draft,0.9,,
118547,57911,宮の華,,,draft,0.55,,
118548,57911,華ごころ,,,draft,0.55,,
118549,57911,うでぃさんの酒,,,draft,0.55,,
118550,57911,通り池,,,draft,0.55,,
118551,57911,豊見親,,,draft,0.55,,
118552,57913,瑞穂,,,draft,0.9,,
118553,57913,ロイヤル瑞穂,,,draft,0.9,,
118554,57913,マイルド瑞穂,,,draft,0.9,,
118555,57913,珊瑚の森,,,draft,0.9,,
118556,57913,古都首里,,,draft,0.9,,
118557,57913,首里天,,,draft,0.9,,
118558,57913,美ら燦々,,,draft,0.9,,
118559,57913,Xi,,,draft,0.9,,
118560,57913,ender,,,draft,0.9,,
118561,57913,MIZUHO,,,draft,0.9,,
118562,57913,MIZUHO ISLAND SPIRITS,,,draft,0.9,,
118563,57913,楽風舞,,,draft,0.9,,
118564,57913,尚,,,draft,0.9,,
118565,57914,宮之鶴,,,draft,0.95,,
118566,57915,美しき古里,,,draft,0.9,,
118567,57915,まるだい,,,draft,0.9,,
118568,57915,千年の響,,,draft,0.9,,
118569,57915,今帰仁城,,,draft,0.9,,
118570,57915,天使の夢,,,draft,0.9,,
118571,57915,今帰仁IMUGE.,,,draft,0.9,,
118572,57915,梅見月,,,draft,0.9,,
118573,57915,乙羽山麓,,,draft,0.9,,
118574,57915,今帰仁の春,,,draft,0.9,,
118575,57916,沖之光,,,draft,0.9,,
118576,57916,月桃の花,,,draft,0.9,,
118577,57917,萬座,,,draft,0.9,,
118578,57917,NAVI,,,draft,0.9,,
118579,57918,龍泉,,,draft,0.85,,
118580,57918,刻,,,draft,0.85,,
118581,57919,与那国,,,draft,0.85,,
118582,57919,波声,,,draft,0.85,,
118583,57919,海波,,,draft,0.85,,
118584,57919,花織酒,,,draft,0.85,,
118585,57919,華五水,,,draft,0.85,,
118586,57920,咲元,,,draft,0.85,,
118587,57920,恩 On a Village,,,draft,0.85,,
118588,57921,松藤,,,draft,0.9,,
118589,57921,舞天,,,draft,0.9,,
118590,57922,請福,,,draft,0.9,,
118591,57922,南雪,,,draft,0.9,,
118592,57922,南ぬ星,,,draft,0.9,,
118593,57922,伍 ichichi,,,draft,0.9,,
118594,57922,箒星,,,draft,0.9,,
118595,57923,時雨,,,draft,0.95,,
118596,57923,歓,,,draft,0.95,,
118597,57924,琉球,,,draft,0.85,,
118598,57924,かりゆし,,,draft,0.85,,
118599,57925,於茂登,,,draft,0.9,,
118600,57925,かびら,,,draft,0.9,,
118601,57925,黒真珠のふるさと,,,draft,0.9,,
118602,57925,高嶺,,,draft,0.9,,
118603,57926,玉の露,,,draft,0.95,,
118604,57927,琉球王朝,,,draft,0.9,,
118605,57927,久遠,,,draft,0.9,,
118606,57927,多良川,,,draft,0.9,,
118607,57927,多良川ブラウン,,,draft,0.9,,
118608,57929,太平,,,draft,0.9,,
118609,57929,首里城,,,draft,0.9,,
118610,57929,杜氏の晩酌,,,draft,0.9,,
118611,57929,白露の玉,,,draft,0.9,,
118612,57930,國華,,,draft,0.9,,
118613,57930,香仙,,,draft,0.9,,
118614,57930,六諭,,,draft,0.9,,
118615,57931,神泉,,,draft,0.85,,
118616,57931,糸満,,,draft,0.85,,
118617,57932,八重泉,,,draft,0.85,,
118618,57932,PRISMA,,,draft,0.85,,
118619,57932,黒真珠,,,draft,0.85,,
118620,57932,島うらら,,,draft,0.85,,
118621,57932,尚,,,draft,0.85,,
118622,57933,かねやま,,,draft,0.9,,
118623,57933,珊瑚礁,,,draft,0.9,,
118624,57933,やんばる,,,draft,0.9,,
118625,57933,さくらいちばん,,,draft,0.9,,
118626,57933,琉球の女,,,draft,0.9,,
118627,57933,ゆうもどろの花,,,draft,0.9,,
118628,57933,さくらみやらび,,,draft,0.9,,
118629,57933,長寿伝説,,,draft,0.9,,
118630,57934,まるた,,,draft,0.9,,
118631,57934,やんばるくいな,,,draft,0.9,,
118632,57934,うふやんばる,,,draft,0.9,,
118633,57936,瑞泉,,,draft,0.85,,
118634,57936,King crown,,,draft,0.85,,
118635,57936,LEGARE,,,draft,0.85,,
118636,57936,YUKURU,,,draft,0.85,,
118637,57936,おもろ,,,draft,0.85,,
118638,57936,御酒,,,draft,0.85,,
122596,62596,はなうたホップス,,,draft,0.85,craft_sake_association_2026,株式会社haccoba公式情報より。
122597,62596,水を編む,,,draft,0.85,craft_sake_association_2026,株式会社haccoba公式情報より。
122598,62598,ハッピーどぶろく,,,draft,0.8,craft_sake_association_2026,ハッピー太郎醸造所公式情報より。
122599,62599,Re:vive,,,draft,0.8,craft_sake_association_2026,株式会社平六醸造公式情報より。
122600,62599,layer,,,draft,0.8,craft_sake_association_2026,株式会社平六醸造公式情報より。
122601,62601,MIYOI(美酔),,,draft,0.8,craft_sake_association_2026,足立農醸公式情報より。
122602,62602,はじまりのお酒,,,draft,0.55,craft_sake_association_2026,はじまりの学校公式情報より。
122603,62602,はじまりのハードサイダー,,,draft,0.55,craft_sake_association_2026,はじまりの学校公式情報より。
122604,62605,在る宵,,,draft,0.8,craft_sake_association_2026,株式会社天郷醸造所公式情報より。
127146,60307,於茂登,,,draft,0.9,,
127147,60307,かびら,,,draft,0.9,,
127148,60307,黒真珠のふるさと,,,draft,0.9,,
127149,60307,高嶺,,,draft,0.9,,
128249,59,美涼,,,draft,0.7,,
128250,59,SUN-ROKU(サンロク),,,draft,0.7,,
128251,226,越乃梅里,,,draft,0.85,,
128252,226,嘉山,,,draft,0.85,,
128253,226,朝日晴,,,draft,0.85,,
128254,259,かめぐち酒,,,draft,0.9,,
128255,259,越後高柳,,,draft,0.9,,
128256,963,新九郎,,,draft,0.8,,
128257,963,和膳会釈,,,draft,0.8,,
128258,963,フキノホマレ,,,draft,0.8,,
128259,970,福徳長,,,draft,0.55,,
128260,1842,阿茶,,,draft,0.6,,
128261,1842,麁玉の里,,,draft,0.6,,
128262,1853,浅羽一万石,,,draft,0.75,,
128263,1853,高天神,,,draft,0.75,,
128264,1853,御日待家,,,draft,0.75,,
128265,1853,葛の里,,,draft,0.75,,
128266,2254,蛍舞,,,draft,0.7,,
128267,3443,五醸,,,draft,0.7,,
128268,3443,春鳳,,,draft,0.7,,
128269,3443,寒霞,,,draft,0.7,,
128270,3443,＃MUROKA,,,draft,0.7,,
128271,3443,White bear,,,draft,0.7,,
128272,3443,原酒「原」,,,draft,0.7,,
128273,3445,八戸三昧,,,draft,0.7,,
128274,3445,一酔百招福,,,draft,0.7,,
128275,4304,犬吠埼灯台,,,draft,0.6,,
128276,4712,双対,,,draft,0.75,,
128277,4712,きらめきのしずく,,,draft,0.75,,
128278,4712,焔,,,draft,0.75,,
128279,4712,吟のいろは,,,draft,0.75,,
128280,4712,1日分の日本酒,,,draft,0.75,,
128281,4712,白夏,,,draft,0.75,,
128282,4712,蠱惑魔リキュール,,,draft,0.75,,
128283,4712,喜萬,,,draft,0.75,,
128284,4717,HEAVEN&EARTH,,,draft,0.65,,
128285,4717,鈴風,,,draft,0.65,,
128286,5244,sanQ,,,draft,0.65,,
128287,5244,MUKU,,,draft,0.65,,
128288,5257,勝鬼,,,draft,0.7,,
128289,5257,仁兵衛,,,draft,0.7,,
128290,5257,暁,,,draft,0.7,,
128291,5257,薫,,,draft,0.7,,
128292,5509,ブルーベリーの風,,,draft,0.65,,
128293,5509,夏守,,,draft,0.65,,
128294,5526,朝紫,,,draft,0.75,,
128295,5526,月下香,,,draft,0.75,,
128296,5526,夏初月,,,draft,0.75,,
128297,5586,結の香,,,draft,0.85,,
128298,5586,火の鳥,,,draft,0.85,,
128299,5586,森の宝,,,draft,0.85,,
128300,6005,無有,,,draft,0.75,,
128301,6005,木ノ環,,,draft,0.75,,
128302,6005,琥刻,,,draft,0.75,,
128303,6005,awaibuki,,,draft,0.75,,
128304,6045,阿波美人,,,draft,0.65,,
128305,6045,すだち美人,,,draft,0.65,,
128306,6054,淡遠,,,draft,0.55,,
128307,7208,プリュム,,,draft,0.55,,
128308,7336,GOLD,,,draft,0.4,,
128309,7396,本懐の盃,,,draft,0.7,,
128310,7933,ウキウキミカン酒,,,draft,0.7,,
128311,7933,ウキウキレモン酒,,,draft,0.7,,
128312,7933,夢のつゆ,,,draft,0.7,,
128313,57747,鹿児島藩,,,draft,0.85,,
128314,57747,縁結び,,,draft,0.85,,
128315,57747,玻璃,,,draft,0.85,,
128316,57747,木魂,,,draft,0.85,,
128317,57747,一縷,,,draft,0.85,,
128318,57748,蔓無源氏,,,draft,0.8,,
128319,57749,農家の嫁,,,draft,0.8,,
128320,57749,百姓百作,,,draft,0.8,,
128321,57751,相良仲右衛門,,,draft,0.8,,
128322,57751,相良兵六,,,draft,0.8,,
128323,57751,悪太郎,,,draft,0.8,,
128324,57752,キャンプ無双,,,draft,0.85,,
128325,57752,春薩摩旬あがり,,,draft,0.85,,
128326,57752,いまかの,,,draft,0.85,,
128327,57752,火焔山,,,draft,0.85,,
128328,57752,かたじけない,,,draft,0.85,,
128329,57752,黄紫紅,,,draft,0.85,,
128330,57752,くろはち,,,draft,0.85,,
128331,57752,つわぶき紋次郎,,,draft,0.85,,
128332,57752,乙女桜,,,draft,0.85,,
128333,57752,桜門,,,draft,0.85,,
128334,57754,ICHIYON,,,draft,0.85,,
128335,57754,鬼火,,,draft,0.85,,
128336,57754,薩摩の横綱,,,draft,0.85,,
128337,57754,西ノ海,,,draft,0.85,,
128338,57754,五彩,,,draft,0.85,,
128339,57754,千夜の夢,,,draft,0.85,,
128340,57754,敵中突破,,,draft,0.85,,
128341,57754,薩摩路をゆく,,,draft,0.85,,
128342,57754,薩摩蔵酔笑,,,draft,0.85,,
128343,57754,夢希,,,draft,0.85,,
128344,57755,薩州麦,,,draft,0.85,,
128345,57755,わか松,,,draft,0.85,,
128346,57755,白銀,,,draft,0.85,,
128347,57756,猿,,,draft,0.85,,
128348,57756,薩摩維新,,,draft,0.85,,
128349,57756,薩摩屋敷,,,draft,0.85,,
128350,57756,篤姫の想ひ,,,draft,0.85,,
128351,57756,薩摩の大王殿,,,draft,0.85,,
128352,57756,薩摩豊穣,,,draft,0.85,,
128353,57756,薩摩剣士,,,draft,0.85,,
128354,57756,薩摩勲章,,,draft,0.85,,
128355,57756,薩摩日光,,,draft,0.85,,
128356,57758,福金山,,,draft,0.8,,
128357,57758,熟成と共に福来たり,,,draft,0.8,,
128358,57758,吾唯足知,,,draft,0.8,,
128359,57758,十二萬七千七百五十,,,draft,0.8,,
128360,57758,金山来福,,,draft,0.8,,
128361,57758,金山蔵梅酒,,,draft,0.8,,
128362,57758,梅金山,,,draft,0.8,,
128363,57763,なかまた,,,draft,0.6,,
128364,57764,ジョイホワイト,,,draft,0.85,,
128365,57764,さいころふたつ,,,draft,0.85,,
128366,57764,秀水,,,draft,0.85,,
128367,57764,前田利右衛門,,,draft,0.85,,
128368,57764,薩摩藩,,,draft,0.85,,
128369,57764,至高の紫,,,draft,0.85,,
128370,57764,麗月,,,draft,0.85,,
128371,57764,今和泉篤姫,,,draft,0.85,,
128372,57764,長寿庵つゆ,,,draft,0.85,,
128373,57767,さつま五代,,,draft,0.85,,
128374,57767,さつまおごじょ,,,draft,0.85,,
128375,57767,義久,,,draft,0.85,,
128376,57767,農林二号,,,draft,0.85,,
128377,57767,川内大綱,,,draft,0.85,,
128378,57767,麦五代,,,draft,0.85,,
128379,57767,赤ひげ,,,draft,0.85,,
128380,57767,銀座のしろうさぎ,,,draft,0.85,,
128381,57767,梅太夫,,,draft,0.85,,
128382,57767,GARAPPA,,,draft,0.85,,
128383,57767,吉之助,,,draft,0.85,,
128384,57767,さつま地酒千代,,,draft,0.85,,
128385,57768,ずっきゃん,,,draft,0.85,,
128386,57768,永利,,,draft,0.85,,
128387,57768,貴心樹,,,draft,0.85,,
128388,57768,おかがいも,,,draft,0.85,,
128389,57768,さつまげんち,,,draft,0.85,,
128390,57768,蛮酒の杯,,,draft,0.85,,
128391,57768,鉄馬,,,draft,0.85,,
128392,57768,HEAVY OZ,,,draft,0.85,,
128393,57768,薩摩郷中,,,draft,0.85,,
128394,57768,蛮酒蔵,,,draft,0.85,,
128395,57769,田苑ゴールド,,,draft,0.8,,
128396,57769,田苑シルバー,,,draft,0.8,,
128397,57769,田苑ブラック,,,draft,0.8,,
128398,57769,DEN-EN THE MUSIC,,,draft,0.8,,
128399,57769,田苑 OTOYOI,,,draft,0.8,,
128400,57772,麗し,,,draft,0.85,,
128401,57772,Rin precious,,,draft,0.85,,
128402,57772,ぼっけもん,,,draft,0.85,,
128403,57772,ひっとべ薩摩藩,,,draft,0.85,,
128404,57772,ちくりん,,,draft,0.85,,
128405,57772,さつま祁答院,,,draft,0.85,,
128406,57772,女神,,,draft,0.85,,
128407,57772,月の都,,,draft,0.85,,
128408,57772,フィレール,,,draft,0.85,,
128409,57772,権助,,,draft,0.85,,
128410,57774,手造り青潮,,,draft,0.85,,
128411,57774,甑島小町,,,draft,0.85,,
128412,57774,日は昇る,,,draft,0.85,,
128413,57774,木々の目覚め,,,draft,0.85,,
128414,57775,橙華,,,draft,0.85,,
128415,57775,蔵純粋,,,draft,0.85,,
128416,57775,莫祢氏,,,draft,0.85,,
128417,57775,神舞,,,draft,0.85,,
128418,57775,緋扇,,,draft,0.85,,
128419,57775,樫,,,draft,0.85,,
128420,57775,御吉兆,,,draft,0.85,,
128421,57776,いも神,,,draft,0.85,,
128422,57776,破壊王,,,draft,0.85,,
128423,57776,芋焼酎ゴジラ,,,draft,0.85,,
128424,57776,宇宙焼酎キングギドラ,,,draft,0.85,,
128425,57776,青撫磨社,,,draft,0.85,,
128426,57776,梅神,,,draft,0.85,,
128427,57777,黒島美人,,,draft,0.85,,
128428,57777,さつま島娘,,,draft,0.85,,
128429,57777,島乙女,,,draft,0.85,,
128430,57777,だんだん,,,draft,0.85,,
128431,57777,鹿児島美人,,,draft,0.85,,
128432,57777,春薩摩旬あがり,,,draft,0.85,,
128433,57778,佐藤,,,draft,0.85,,
128434,57778,黒さつま,,,draft,0.85,,
128435,57778,佐藤麦,,,draft,0.85,,
128436,57779,伊佐錦,,,draft,0.85,,
128437,57779,永禄二歳,,,draft,0.85,,
128438,57779,伊佐小町,,,draft,0.85,,
128439,57779,伊佐舞,,,draft,0.85,,
128440,57780,薩摩邑,,,draft,0.85,,
128441,57780,ハイカラさんの焼酎,,,draft,0.85,,
128442,57780,上の華,,,draft,0.85,,
128443,57780,一兆,,,draft,0.85,,
128444,57780,鬼嫁,,,draft,0.85,,
128445,57780,ど真ん中,,,draft,0.85,,
128446,57780,黒磨,,,draft,0.85,,
128447,57780,麦王,,,draft,0.85,,
128448,57780,財大吉,,,draft,0.85,,
128449,57780,ゆずのお酒,,,draft,0.85,,
128450,57780,HAZUMI,,,draft,0.85,,
128451,57782,ゆうのこころ,,,draft,0.85,,
128452,57782,優舞,,,draft,0.85,,
128453,57782,大岬,,,draft,0.85,,
128454,57782,天の風,,,draft,0.85,,
128455,57782,天星宝醇,,,draft,0.85,,
128456,57782,天星浪漫,,,draft,0.85,,
128457,57782,岳宝,,,draft,0.85,,
128458,57782,薩摩嵐,,,draft,0.85,,
128459,57782,麦ほっか,,,draft,0.85,,
128460,57782,麦涛,,,draft,0.85,,
128461,57782,紡ぐ,,,draft,0.85,,
128462,57783,海,,,draft,0.85,,
128463,57783,くじらのボトル,,,draft,0.85,,
128464,57783,くじらの黒麦,,,draft,0.85,,
128465,57783,くじらの白麦,,,draft,0.85,,
128466,57783,佐多岬,,,draft,0.85,,
128467,57783,大海,,,draft,0.85,,
128468,57783,アップルランス,,,draft,0.85,,
128469,57783,カンパチーノ,,,draft,0.85,,
128470,57783,一番雫,,,draft,0.85,,
128471,57783,楔,,,draft,0.85,,
128472,57783,薔薇の贈りもの,,,draft,0.85,,
128473,57785,小鹿黒,,,draft,0.85,,
128474,57785,小鹿本にごり,,,draft,0.85,,
128475,57785,紅とんぼ,,,draft,0.85,,
128476,57785,青とんぼ,,,draft,0.85,,
128477,57785,美し里,,,draft,0.85,,
128478,57785,Bliss-Time,,,draft,0.85,,
128479,57785,華恋に舞,,,draft,0.85,,
128480,57786,しま安納,,,draft,0.85,,
128481,57786,碧の手紙,,,draft,0.85,,
128482,57786,黒甘露,,,draft,0.85,,
128483,57786,しまむらさき,,,draft,0.85,,
128484,57786,甘露の梅酒,,,draft,0.85,,
128485,57789,紅さんご,,,draft,0.85,,
128486,57791,俊寛,,,draft,0.8,,
128487,57791,喜界島クレオパトラ,,,draft,0.8,,
128488,57794,奄美の匠,,,draft,0.8,,
128489,57794,奄美エイジング,,,draft,0.8,,
128490,57794,奄美フロスティ,,,draft,0.8,,
128491,57794,奄美徳之島の闘牛,,,draft,0.8,,
128492,57794,奄美煌の島,,,draft,0.8,,
128493,57794,奄美瑠璃色の空,,,draft,0.8,,
128494,57794,奄美長寿の酒,,,draft,0.8,,
128495,57794,黒奄美,,,draft,0.8,,
128496,57796,はなとり,,,draft,0.8,,
128497,57798,兼重,,,draft,0.85,,
128498,57798,なゝこ,,,draft,0.85,,
128499,57798,斉彬乃夢,,,draft,0.85,,
128500,57798,宇吉,,,draft,0.85,,
128501,57799,だいやめ,,,draft,0.85,,
128502,57799,隠し蔵,,,draft,0.85,,
128503,57800,金計佐,,,draft,0.85,,
128504,57802,屋久島大自然林,,,draft,0.8,,
128505,57803,宝星,,,draft,0.5,,
128506,57804,桜島,,,draft,0.85,,
128507,57806,ちらん ほたる,,,draft,0.85,,
128508,57806,さつまの恵み,,,draft,0.85,,
128509,57806,本格焼酎 正木,,,draft,0.85,,
128510,57806,華蛍のさと,,,draft,0.85,,
128511,57806,多楽㐂,,,draft,0.85,,
128512,57806,知覧Tea酎,,,draft,0.85,,
128513,57806,ちらんちらん,,,draft,0.85,,
128514,57806,知覧Tea酎原酒,,,draft,0.85,,
128516,57807,夢尽蔵,,,draft,0.75,,
128517,57807,炭火焼安納芋,,,draft,0.75,,
128518,57807,久耀,,,draft,0.75,,
128519,57807,種子島金兵衛,,,draft,0.75,,
128520,57807,鉄砲伝来,,,draft,0.75,,
128521,57807,紫,,,draft,0.75,,
128522,57811,氣,,,draft,0.85,,
128523,57811,天孫岳,,,draft,0.85,,
128525,57811,わのらむ,,,draft,0.85,,
128526,57811,八千代,,,draft,0.85,,
128527,57816,酔十年,,,draft,0.85,,
128528,57816,黒瀬安光,,,draft,0.85,,
128529,57816,ALOALO,,,draft,0.85,,
128530,57816,S型白麹 阿久根,,,draft,0.85,,
128531,57816,黒麹貯蔵酒 倉津,,,draft,0.85,,
128532,57816,黄麹 こいじゃが,,,draft,0.85,,
128533,57816,むぎ焼酎 大島,,,draft,0.85,,
128534,57816,無濾過 にごり芋,,,draft,0.85,,
128535,57816,北薩,,,draft,0.85,,
128536,57816,竹香蔵,,,draft,0.85,,
128537,57816,金次郎,,,draft,0.85,,
128538,57816,混和焼酎 あくねの光,,,draft,0.85,,
128539,57816,名山堀,,,draft,0.85,,
128540,57816,むぎ焼酎 蛙の寝言,,,draft,0.85,,
128541,57817,安納いも,,,draft,0.85,,
128542,57817,紅はるか,,,draft,0.85,,
128543,57817,太,,,draft,0.85,,
128544,57817,華奴,,,draft,0.85,,
128545,57817,甘宝,,,draft,0.85,,
128546,57817,黒粋華奴,,,draft,0.85,,
128547,57817,森八,,,draft,0.85,,
128548,57817,太久保,,,draft,0.85,,
128549,57817,太久保レッドカスク,,,draft,0.85,,
128551,57817,紫粋,,,draft,0.85,,
128552,57817,太久保ホワイトオーク,,,draft,0.85,,
128553,57817,杜の妖精,,,draft,0.85,,
128555,57819,手作り焼酎石蔵,,,draft,0.75,,
128556,57819,白銀坂,,,draft,0.75,,
128557,57820,さつま一本儀,,,draft,0.75,,
128558,57820,千秀,,,draft,0.75,,
128560,57820,百秀,,,draft,0.75,,
128562,57821,匠の華,,,draft,0.7,,
128563,57821,神木の香り,,,draft,0.7,,
128564,57821,麻友子スイート,,,draft,0.7,,
128565,57822,つるし八千代伝,,,draft,0.8,,
128566,57822,千代吉,,,draft,0.8,,
128567,57822,千粒画布,,,draft,0.8,,
128568,57822,熟柿,,,draft,0.8,,
128569,57822,黄色い椿,,,draft,0.8,,
128570,57822,ハーベスター,,,draft,0.8,,
128571,57822,Crio,,,draft,0.8,,
128572,57822,Luther,,,draft,0.8,,
128573,57822,Mahler,,,draft,0.8,,
128575,57825,せごどん,,,draft,0.85,,
128576,57825,かいこうず,,,draft,0.85,,
128577,57825,古薩摩甕仕込み,,,draft,0.85,,
128578,57825,吹上颯爽,,,draft,0.85,,
128579,57825,吹上芋,,,draft,0.85,,
128580,57825,吹上蔵 長期貯蔵 麦,,,draft,0.85,,
128581,57825,びっきり麦,,,draft,0.85,,
128582,57825,吹上デコ,,,draft,0.85,,
128583,57825,吹上デコ 芋,,,draft,0.85,,
128584,57825,はまこ,,,draft,0.85,,
128585,57825,黙音,,,draft,0.85,,
128587,57828,伝承白波,,,draft,0.8,,
128588,57828,黒白波,,,draft,0.8,,
128589,57828,薩摩豪,,,draft,0.8,,
128590,57828,赤薩摩,,,draft,0.8,,
128591,57828,黄金萬貫,,,draft,0.8,,
128592,57828,黒瀬,,,draft,0.8,,
128593,57828,芋屋波平,,,draft,0.8,,
128594,57828,南之方,,,draft,0.8,,
128595,57828,彩響,,,draft,0.8,,
128596,57828,宵の灯,,,draft,0.8,,
128597,57828,粒露,,,draft,0.8,,
128598,57828,花しらなみ,,,draft,0.8,,
128599,57828,さくら白波,,,draft,0.8,,
128600,57828,さつまあかね,,,draft,0.8,,
128601,57828,MUGEN白波,,,draft,0.8,,
128602,57828,別撰MUGEN白波,,,draft,0.8,,
128603,57828,The SG Shochu,,,draft,0.8,,
128604,57828,きばいやんせ,,,draft,0.8,,
128605,57828,枕崎,,,draft,0.8,,
128606,57828,明治の正中,,,draft,0.8,,
128607,57828,神の河,,,draft,0.8,,
128608,57828,神の河Light,,,draft,0.8,,
128609,57828,琥珀の夢,,,draft,0.8,,
128610,57828,久遠の雫,,,draft,0.8,,
128611,57828,麦わら帽子,,,draft,0.8,,
128612,57828,白鯨,,,draft,0.8,,
128613,57828,蕎麦蔵,,,draft,0.8,,
128614,57829,まんこい,,,draft,0.8,,
128615,57829,太古の黒うさぎ,,,draft,0.8,,
128616,57829,碧い海,,,draft,0.8,,
128617,57833,高倉,,,draft,0.75,,
128618,57833,浜千鳥乃詩,,,draft,0.75,,
128621,57836,三種の神氣,,,draft,0.85,,
128622,57836,PUKAPUKA,,,draft,0.85,,
128623,57836,満月,,,draft,0.85,,
128624,57836,原酒,,,draft,0.85,,
128625,57836,バーレル,,,draft,0.85,,
128626,57836,Dragon IslanD,,,draft,0.85,,
128627,57837,蓬原 昊,,,draft,0.75,,
128628,57837,蓬原 白麹,,,draft,0.75,,
128629,57837,むかしむかし古酒,,,draft,0.75,,
128630,57837,マルニシ ベニハルカ,,,draft,0.75,,
128631,57837,マルニシ ミチシズク,,,draft,0.75,,
128632,57837,ヤキイモ マルニシベニハルカ,,,draft,0.75,,
128634,57839,木挽BLUE,,,draft,0.7,,
128635,57841,千亀女,,,draft,0.85,,
128636,57841,GLOW,,,draft,0.85,,
128637,57841,f spirits,,,draft,0.85,,
128638,57841,笑う一日,,,draft,0.85,,
128639,57841,躍る一日,,,draft,0.85,,
128640,57841,跳ねる一日,,,draft,0.85,,
128641,57841,歩く一日,,,draft,0.85,,
128642,57842,不二才,,,draft,0.85,,
128644,57842,刀,,,draft,0.85,,
128645,57842,晴耕雨讀,,,draft,0.85,,
128646,57843,メンドン,,,draft,0.75,,
128647,57844,薩摩乃薫,,,draft,0.85,,
128648,57844,鷲尾,,,draft,0.85,,
128649,57847,犬泉（ワンせん）,,,draft,0.75,,
128650,57847,甘藷の奴隷,,,draft,0.75,,
128651,57847,にゃはは,,,draft,0.75,,
128652,57847,今宵の天才,,,draft,0.75,,
128653,57847,巨万の富,,,draft,0.75,,
128654,57847,大山桜,,,draft,0.75,,
128655,57847,美岳,,,draft,0.75,,
128656,57847,やんごとなし,,,draft,0.75,,
128657,57847,一心一花,,,draft,0.75,,
128658,57847,ハマちゃん,,,draft,0.75,,
128659,57849,SONIC AGING,,,draft,0.6,,
128660,57849,AME -Harmony-,,,draft,0.6,,
128662,57850,あじゃ黒,,,draft,0.85,,
128663,57850,あじゃ,,,draft,0.85,,
128664,57850,ざわわ,,,draft,0.85,,
128665,57850,あまんゆ,,,draft,0.85,,
128666,57850,天水百歳,,,draft,0.85,,
128667,57850,帝,,,draft,0.85,,
128668,57850,王紀,,,draft,0.85,,
128669,57850,燦々梅酒,,,draft,0.85,,
128670,57854,AMAMI CRAFTASTE,,,draft,0.55,,
128671,57856,ヤマトザクラヒカリ,,,draft,0.6,,
128672,57857,山大一,,,draft,0.75,,
128673,57857,問わず語らず名も無き焼酎,,,draft,0.75,,
128674,57857,宮ヶ浜,,,draft,0.75,,
128675,57857,甚七,,,draft,0.75,,
128676,57857,富久泉,,,draft,0.75,,
128677,57857,天翔宙,,,draft,0.75,,
128678,57857,進取の気風,,,draft,0.75,,
128679,57858,なかむら,,,draft,0.75,,
128680,57859,たかたろう,,,draft,0.8,,
128681,57859,壱乃醸朝日,,,draft,0.8,,
128682,57859,飛乃流朝日,,,draft,0.8,,
128683,57859,朝日のミカン酎,,,draft,0.8,,
128684,57859,神喜の目醒め,,,draft,0.8,,
128685,57859,YON YŌRI,,,draft,0.8,,
128686,57896,TORAKICHI,,,draft,0.85,,
128687,57896,ZANPA DROPS,,,draft,0.85,,
128688,57896,TAKASHIHO,,,draft,0.85,,
128689,57896,SANPACHI WAVE,,,draft,0.85,,
128690,57896,IMUGE,,,draft,0.85,,
128691,57907,島米の古酒,,,draft,0.65,,
128692,62598,something happy,,,draft,0.7,,
128693,62605,諸奏,,,draft,0.7,,
137677,86,十八代伊兵衛,,,draft,0.65,,
137678,86,金之丞,,,draft,0.65,,
137679,86,ハニール,,,draft,0.65,,
137680,86,でっかいがな,,,draft,0.65,,
137681,96,天鏡,,,draft,0.75,,
137682,96,風,,,draft,0.75,,
137683,108,三春,,,draft,0.85,,
137684,123,みずいろのまちもとみや,,,draft,0.65,,
137685,123,卯酒,,,draft,0.65,,
137686,123,智恵子の酒,,,draft,0.65,,
137687,127,YAMAZAKURA,,,draft,0.7,,
137688,625,松竹梅然土,,,draft,0.85,,
137689,625,松竹梅昴,,,draft,0.85,,
137690,625,松竹梅瑞音,,,draft,0.85,,
137691,625,松竹梅金色の9%,,,draft,0.85,,
137692,625,松竹梅純米大吟醸,,,draft,0.85,,
137693,625,松竹梅天,,,draft,0.85,,
137694,625,豪快,,,draft,0.85,,
137695,679,米のしずく,,,draft,0.6,,
137696,965,泥亀,,,draft,0.7,,
137697,965,夢想転生,,,draft,0.7,,
137698,965,萬々,,,draft,0.7,,
137699,1404,神水仕込,,,draft,0.55,,
137700,2254,太初,,,draft,0.55,,
137701,2256,初代長三郎,,,draft,0.6,,
137702,2262,剣山,,,draft,0.7,,
137703,2262,玄心,,,draft,0.7,,
137704,2262,黒峰,,,draft,0.7,,
137705,2262,見附島,,,draft,0.7,,
137706,2262,Samurai Queen,,,draft,0.7,,
137707,2682,PACHI PACHI,,,draft,0.7,,
137708,2682,愛あるリキュール,,,draft,0.7,,
137709,4296,清澄山,,,draft,0.6,,
137710,4296,朝市娘,,,draft,0.6,,
137711,4296,黒にゃるか,,,draft,0.6,,
137712,4300,虚心坦懐,,,draft,0.6,,
137713,4304,宵待草,,,draft,0.55,,
137714,4304,浮玉,,,draft,0.55,,
137715,4619,旋,,,draft,0.85,,
137716,4704,TANAKA 1789 X CHARTIER,,,draft,0.65,,
137717,5249,天津神力,,,draft,0.8,,
137718,5588,雄三スペシャル,,,draft,0.55,,
137719,5802,宗四郎,,,draft,0.7,,
137720,5802,小角,,,draft,0.7,,
137721,5802,前鬼,,,draft,0.7,,
137722,5802,後鬼,,,draft,0.7,,
137723,5802,竹葉,,,draft,0.7,,
137724,5802,杉,,,draft,0.7,,
137725,5802,吉野,,,draft,0.7,,
137726,6982,長崎っ子,,,draft,0.7,,
137727,7109,老松,,,draft,0.6,,
137728,7208,いすい,,,draft,0.7,,
137729,7208,三酔,,,draft,0.7,,
137730,7208,誠,,,draft,0.7,,
137731,7208,紡,,,draft,0.7,,
137732,7208,温,,,draft,0.7,,
137733,7216,五代目,,,draft,0.75,,
137734,7216,DEAR MY PRINCESS,,,draft,0.75,,
137735,7216,RISE,,,draft,0.75,,
137736,7298,初陣イレブン,,,draft,0.6,,
137737,7299,簸上正宗,,,draft,0.75,,
137738,7360,芳賀の香り,,,draft,0.65,,
137739,7360,睡蓮,,,draft,0.65,,
137740,7362,天鷹心,,,draft,0.75,,
137741,7396,俯瞰強力,,,draft,0.8,,
137742,7396,山眠る,,,draft,0.8,,
137743,7396,山笑ふ,,,draft,0.8,,
137744,7396,山滴る,,,draft,0.8,,
137745,7396,山装ふ,,,draft,0.8,,
137746,7396,福ねこ,,,draft,0.8,,
137747,7396,夏ねこ,,,draft,0.8,,
137748,7406,三徳桜,,,draft,0.6,,
137749,7898,鳳凰醉心,,,draft,0.65,,
137750,7898,醉心稲穂,,,draft,0.65,,
137751,7898,醉心米極,,,draft,0.65,,
137752,7898,名誉醉心,,,draft,0.65,,
137753,33102,稲とブドウ,,,draft,0.6,,
137754,33102,稲とホップ,,,draft,0.6,,
137755,33102,稲とリンゴ,,,draft,0.6,,
137756,33102,稲とコウジ,,,draft,0.6,,
137757,33102,稲と綯交,,,draft,0.6,,
137758,33102,稲とホエイ,,,draft,0.6,,
137759,33102,火折,,,draft,0.6,,
137760,33102,杉葉酒,,,draft,0.6,,
137761,33102,EMANON 01,,,draft,0.6,,
137762,33102,DOBUROKU,,,draft,0.6,,
137763,57748,いも麹芋,,,draft,0.65,,
137764,57748,がらるっど・たまがっど,,,draft,0.65,,
137765,57748,維新ノ一滴,,,draft,0.65,,
137766,57748,coolmint green,,,draft,0.65,,
137767,57748,flamingo orange,,,draft,0.65,,
137768,57748,sunny cream,,,draft,0.65,,
137769,57748,kaiju's passion,,,draft,0.65,,
137770,57763,薩摩なかまた,,,draft,0.7,,
137771,57763,天魔の雫,,,draft,0.7,,
137772,57789,あまみ六調,,,draft,0.75,,
137773,57789,開運伝説,,,draft,0.75,,
137774,57789,アマミラビット,,,draft,0.75,,
137775,57789,RED CORAL,,,draft,0.75,,
137776,57789,うかれけんむん,,,draft,0.75,,
137777,57789,すっきりパッション,,,draft,0.75,,
137778,57789,FAU,,,draft,0.75,,
137779,57796,えらぶ,,,draft,0.75,,
137780,57796,まぁさん,,,draft,0.75,,
137781,57796,古酒白ゆり,,,draft,0.75,,
137782,57796,花ノしずく,,,draft,0.75,,
137783,57802,無何有,,,draft,0.8,,
137784,57802,水ノ森,,,draft,0.8,,
137785,57802,屋久の碧玉,,,draft,0.8,,
137786,57803,ゆくり宝星,,,draft,0.55,,
137787,57803,さつまおはら,,,draft,0.55,,
137788,57804,青天桜島,,,draft,0.75,,
137789,57804,桜島年号焼酎,,,draft,0.75,,
137790,57804,別撰熟成桜島,,,draft,0.75,,
137791,57804,黒麹原酒,,,draft,0.75,,
137792,57839,木挽 OLD SECRET,,,draft,0.65,,
137793,57854,一村,,,draft,0.75,,
137794,57854,奄美の杜,,,draft,0.75,,
137795,57854,瑞祥,,,draft,0.75,,
137796,57854,奄美すもも酒,,,draft,0.75,,
137797,57854,奄美たんかん酒,,,draft,0.75,,
137798,57856,大和桜 紅芋,,,draft,0.6,,
137799,57858,the traditional,,,draft,0.8,,
137800,57858,+innovative,,,draft,0.8,,
137801,57858,Amazing,,,draft,0.8,,
137802,57858,海と霧,,,draft,0.8,,
137803,57858,上野原,,,draft,0.8,,
137804,57865,黒麹抜群,,,draft,0.75,,
137805,57865,樽抜群,,,draft,0.75,,
137806,57868,肥後酔響,,,draft,0.7,,
137807,57868,JAPONICUS-S37 ときのかおり,,,draft,0.7,,
137808,57869,はなてばこ,,,draft,0.7,,
137809,57869,福田12年,,,draft,0.7,,
137810,57869,原酎,,,draft,0.7,,
137811,57869,山女魚,,,draft,0.7,,
137812,57869,尺鮎,,,draft,0.7,,
137813,57869,清流,,,draft,0.7,,
137814,57869,先人訓,,,draft,0.7,,
137815,57869,福田,,,draft,0.7,,
137816,57869,福の露,,,draft,0.7,,
137817,57869,梅ふくふく,,,draft,0.7,,
137818,57870,しょう,,,draft,0.7,,
137819,57870,しょうエクセレンス,,,draft,0.7,,
137820,57870,酉爵,,,draft,0.7,,
137821,57870,蔵八,,,draft,0.7,,
137822,57870,倉岳,,,draft,0.7,,
137823,57870,黒倉岳,,,draft,0.7,,
137824,57870,熟成倉岳,,,draft,0.7,,
137825,57870,房の露,,,draft,0.7,,
137826,57870,白雲郷,,,draft,0.7,,
137827,57870,黄金郷,,,draft,0.7,,
137828,57870,紅福,,,draft,0.7,,
137829,57873,常楽,,,draft,0.7,,
137830,57873,水穂,,,draft,0.7,,
137831,57877,おてもやん,,,draft,0.7,,
137832,57877,もっこす,,,draft,0.7,,
137833,57877,赤い松の泉,,,draft,0.7,,
137834,57877,黒松,,,draft,0.7,,
137835,57877,かしだる,,,draft,0.7,,
137836,57877,蔵出し梅酒,,,draft,0.7,,
137837,57877,蔵出し濃熟ゆず酒,,,draft,0.7,,
137838,57877,いくり,,,draft,0.7,,
137839,57877,古蔵,,,draft,0.7,,
137840,57878,さくら魯山,,,draft,0.7,,
137841,57878,次兵衛,,,draft,0.7,,
137842,57882,鬼倒,,,draft,0.75,,
137843,57882,談笑中,,,draft,0.75,,
137844,57882,権六,,,draft,0.75,,
137845,57882,杜人,,,draft,0.75,,
137846,57882,極上大石,,,draft,0.75,,
137847,57882,呑鬼,,,draft,0.75,,
137848,57882,全量五百万石源流の蔵,,,draft,0.75,,
137849,57882,眠りから覚めた大石十年,,,draft,0.75,,
137850,57882,大石二十年酒,,,draft,0.75,,
137851,57882,肥後万次郎,,,draft,0.75,,
137852,57882,水神の杜,,,draft,0.75,,
137853,57882,わいわい家,,,draft,0.75,,
137854,57882,四季の彩り いちご酒,,,draft,0.75,,
137855,57882,四季の彩り うめ酒,,,draft,0.75,,
137856,57882,四季の彩り 赤うめ酒,,,draft,0.75,,
137857,57882,四季の彩り もも酒,,,draft,0.75,,
137858,57882,四季の彩り ばんぺいゆ酒,,,draft,0.75,,
137859,57883,恍吟六調子,,,draft,0.6,,
137860,57883,本吟六調子,,,draft,0.6,,
137861,57884,舞せんげつ,,,draft,0.75,,
137862,57884,峰の露,,,draft,0.75,,
137863,57884,白いつき,,,draft,0.75,,
137864,57884,黒いつき,,,draft,0.75,,
137865,57884,霧の封印,,,draft,0.75,,
137866,57884,時のわすれもの,,,draft,0.75,,
137867,57884,CRESCENT,,,draft,0.75,,
137868,57884,恋しそう,,,draft,0.75,,
137869,57884,ももも。,,,draft,0.75,,
137870,57884,無言,,,draft,0.75,,
137871,57884,焔の刻印,,,draft,0.75,,
137872,57886,jin jin GIN,,,draft,0.85,,
137873,57886,さくや姫,,,draft,0.85,,
137874,57886,山ほたる,,,draft,0.85,,
137875,57886,秋ノ穂,,,draft,0.85,,
137876,57886,郷の鴨遊び,,,draft,0.85,,
137877,57886,旬,,,draft,0.85,,
137878,57886,Oak Road,,,draft,0.85,,
137879,57886,蔵の朔,,,draft,0.85,,
137880,57886,五十四萬石,,,draft,0.85,,
137881,57886,逸蔵逸品 高田,,,draft,0.85,,
137882,57886,深田蒸溜所,,,draft,0.85,,
137883,57886,DEBESO,,,draft,0.85,,
137884,57886,南高梅UME,,,draft,0.85,,
137885,57886,あしきた甘夏,,,draft,0.85,,
137886,57888,麦汁,,,draft,0.85,,
137887,57888,完がこい,,,draft,0.85,,
137888,57888,華吟,,,draft,0.85,,
137889,57888,一九道,,,draft,0.85,,
137890,57888,いきいき,,,draft,0.85,,
137891,57888,カルダモンTAKE7,,,draft,0.85,,
137892,57888,ロングペッパー,,,draft,0.85,,
137893,57888,シナモン梅酒,,,draft,0.85,,
137894,57888,豊永の梅酒,,,draft,0.85,,
137895,57888,月夜にこい,,,draft,0.85,,
137896,57888,龍驤,,,draft,0.85,,
137897,57888,奥球磨,,,draft,0.85,,
137898,57889,徹宵,,,draft,0.85,,
137899,57889,王道楽土,,,draft,0.85,,
137900,57889,紫王道,,,draft,0.85,,
137901,57889,堕天使,,,draft,0.85,,
137902,57889,蓮寿庵,,,draft,0.85,,
137903,57889,米一石,,,draft,0.85,,
137904,57889,EXTRA TESSHO,,,draft,0.85,,
137905,57889,檸檬徹宵,,,draft,0.85,,
137906,57889,氷輪徹宵,,,draft,0.85,,
137907,57890,白晴レ,,,draft,0.8,,
137908,57890,極上堤,,,draft,0.8,,
137909,57890,譚,,,draft,0.8,,
137910,57890,時代蔵八,,,draft,0.8,,
137911,57890,黒麹時代蔵八,,,draft,0.8,,
137912,57890,OKA GIN 三,,,draft,0.8,,
137913,57891,球磨川,,,draft,0.9,,
137914,57891,川の神,,,draft,0.9,,
137915,57891,隠礼里,,,draft,0.9,,
137916,57891,黄吟 大和一,,,draft,0.9,,
137917,57891,火ノ国漫遊,,,draft,0.9,,
137918,57891,牧場の夢,,,draft,0.9,,
137919,57891,ここに生きる,,,draft,0.9,,
137920,57891,ぷれいん みるちゅ,,,draft,0.9,,
137921,57898,Shirayuri inui,,,draft,0.6,,
137922,57903,暖流SHIP,,,draft,0.85,,
137923,57903,暖流BLESS,,,draft,0.85,,
137924,57903,暖流CRAFT,,,draft,0.85,,
137925,57903,守禮YUI,,,draft,0.85,,
137926,57903,芳醇浪漫,,,draft,0.85,,
137927,57903,尚KAMIMURA,,,draft,0.85,,
137928,57903,冬泡盛,,,draft,0.85,,
137929,57903,夏泡盛,,,draft,0.85,,
137930,57903,琉球もろみ酢,,,draft,0.85,,
137931,57903,うめかおる,,,draft,0.85,,
137932,57905,菊之露akari,,,draft,0.85,,
137933,57905,菊之露ブラウン,,,draft,0.85,,
137934,57905,菊之露 古酒V.I.Pゴールド,,,draft,0.85,,
137935,57905,菊之露 古酒サザンバレル,,,draft,0.85,,
137936,57905,菊之露スパークリングシークヮーサー,,,draft,0.85,,
137937,57905,菊之露シークヮーサーリキュール,,,draft,0.85,,
137938,57905,足立屋サワー,,,draft,0.85,,
137939,57907,どなんクバ巻,,,draft,0.65,,
137940,57908,ブラウン,,,draft,0.8,,
137941,57908,ブラック,,,draft,0.8,,
137942,57908,でいご,,,draft,0.8,,
137943,57908,ホワイト,,,draft,0.8,,
137944,57908,び,,,draft,0.8,,
137945,57908,沖縄塩檸檬,,,draft,0.8,,
137946,57916,2001年,,,draft,0.5,,
137947,57918,龍泉ブルー,,,draft,0.85,,
137948,57918,龍泉ゴールド,,,draft,0.85,,
137949,57918,赤龍泉,,,draft,0.85,,
137950,57918,ハブ酒,,,draft,0.85,,
137951,57918,ハブ入りハブ酒,,,draft,0.85,,
137952,57918,KAFUシリーズ,,,draft,0.85,,
137953,57918,RYUSEN 75,,,draft,0.85,,
137954,57918,RYUSEN 68,,,draft,0.85,,
137955,57918,古龍泉,,,draft,0.85,,
137956,57918,三十年古酒 龍泉,,,draft,0.85,,
137957,57920,蔵波,,,draft,0.6,,
137958,57921,黒の松藤,,,draft,0.8,,
137959,57921,赤の松藤,,,draft,0.8,,
137960,57921,沖縄黒糖梅酒,,,draft,0.8,,
137961,57921,生しぼり沖縄たんかん梅酒,,,draft,0.8,,
137962,57921,泡盛もろみ酢,,,draft,0.8,,
137963,57923,和尊,,,draft,0.5,,
137964,57924,琉歌,,,draft,0.8,,
137965,57931,南都神泉,,,draft,0.75,,
137966,57931,琉球もろみ酢sweet,,,draft,0.75,,
137967,62596,zairai,,,draft,0.85,,
137968,62596,jam,,,draft,0.85,,
137969,62596,hanamoto bretta,,,draft,0.85,,
137970,62596,kasuシリーズ,,,draft,0.85,,
137971,62596,空知蜜酒,,,draft,0.85,,
137972,62596,SECRET SPRING,,,draft,0.85,,
137973,62596,Ginger PON☆PON,,,draft,0.85,,
137974,62596,The art of NUKA,,,draft,0.85,,
137975,3816,おかげさま大吟醸,,,active,1.0,product_mining,extracted_from_products
137976,3816,おかげさま純米吟醸神の穂,,,active,1.0,product_mining,extracted_from_products
137977,3816,おかげさま純米大吟醸,,,active,1.0,product_mining,extracted_from_products
137978,5250,越路乃紅梅,,,active,1.0,product_mining,extracted_from_products
137979,2494,さくら浪漫,,,active,1.0,product_mining,extracted_from_products
137980,2494,円満家族マイルド,,,active,1.0,product_mining,extracted_from_products
137981,4283,玄海,,,active,1.0,product_mining,extracted_from_products
137982,1126,白嶺プラチナ,,,active,1.0,product_mining,extracted_from_products
137983,57747,羽衣の舞,,,active,1.0,product_mining,extracted_from_products
137984,57747,臥龍梅,,,active,1.0,product_mining,extracted_from_products
137985,57747,静ごころ,,,active,1.0,product_mining,extracted_from_products
137986,3203,菊日本,,,active,1.0,product_mining,extracted_from_products
137987,57931,不老泉,,,active,1.0,product_mining,extracted_from_products
137988,57931,亀亀覇,,,active,1.0,product_mining,extracted_from_products
137989,57931,未来,,,active,1.0,product_mining,extracted_from_products
137990,57931,杣の天狗,,,active,1.0,product_mining,extracted_from_products
137991,57931,比良の誉,,,active,1.0,product_mining,extracted_from_products
137992,1131,関娘,,,active,1.0,product_mining,extracted_from_products
137993,7404,いつもありがとう,,,active,1.0,product_mining,extracted_from_products
137994,7404,新之助,,,active,1.0,product_mining,extracted_from_products
137995,7404,越乃白雁,,,active,1.0,product_mining,extracted_from_products
137996,7404,越乃白雁 黒松,,,active,1.0,product_mining,extracted_from_products
137997,7404,越乃碧,,,active,1.0,product_mining,extracted_from_products
137998,7404,越後与板衆,,,active,1.0,product_mining,extracted_from_products
137999,7404,越燦燦,,,active,1.0,product_mining,extracted_from_products
138000,7404,雪置遊,,,active,1.0,product_mining,extracted_from_products
138001,57793,千代鶴,,,active,1.0,product_mining,extracted_from_products
138002,57793,東京酒蔵魂,,,active,1.0,product_mining,extracted_from_products
138003,57793,高尾山,,,active,1.0,product_mining,extracted_from_products
138004,57793,KAGASHIKI,,,active,1.0,product_mining,extracted_from_products
138005,57793,ichi椿,,,active,1.0,product_mining,extracted_from_products
138006,57793,is68百万石乃白,,,active,1.0,product_mining,extracted_from_products
138007,57793,アラン・デュカスセレクション,,,active,1.0,product_mining,extracted_from_products
138008,57793,加賀太鼓,,,active,1.0,product_mining,extracted_from_products
138009,57793,加賀雪梅,,,active,1.0,product_mining,extracted_from_products
138010,57793,宝船,,,active,1.0,product_mining,extracted_from_products
138011,57793,客人,,,active,1.0,product_mining,extracted_from_products
138012,57793,日榮,,,active,1.0,product_mining,extracted_from_products
138013,57793,有機純米酒AKIRA,,,active,1.0,product_mining,extracted_from_products
138014,57793,栄,,,active,1.0,product_mining,extracted_from_products
138015,57793,梅きらら,,,active,1.0,product_mining,extracted_from_products
138016,57793,梅里,,,active,1.0,product_mining,extracted_from_products
138017,57793,猩々,,,active,1.0,product_mining,extracted_from_products
138018,57793,辛口仕込 鼓,,,active,1.0,product_mining,extracted_from_products
138019,57793,金澤中村屋,,,active,1.0,product_mining,extracted_from_products
138020,6000,亮,,,active,1.0,product_mining,extracted_from_products
138021,6000,四季の箱根,,,active,1.0,product_mining,extracted_from_products
138022,6000,松みどり,,,active,1.0,product_mining,extracted_from_products
138023,6000,松美酉,,,active,1.0,product_mining,extracted_from_products
138024,6000,琴姫,,,active,1.0,product_mining,extracted_from_products
138025,5253,相模灘,,,active,1.0,product_mining,extracted_from_products
138026,7125,おしゅん,,,active,1.0,product_mining,extracted_from_products
138027,7125,くどき上手,,,active,1.0,product_mining,extracted_from_products
138028,7125,ばくれん,,,active,1.0,product_mining,extracted_from_products
138029,7125,スーパーくどき上手,,,active,1.0,product_mining,extracted_from_products
138030,7125,大吟醸 くどき上手,,,active,1.0,product_mining,extracted_from_products
138031,7125,純吟辛口 くどき上手,,,active,1.0,product_mining,extracted_from_products
138032,7125,純米吟醸 くどき上手,,,active,1.0,product_mining,extracted_from_products
138033,7125,純米吟醸 酒未来,,,active,1.0,product_mining,extracted_from_products
138034,7125,純米大吟醸 出羽燦々,,,active,1.0,product_mining,extracted_from_products
138035,7213,東一山田錦純米酒,,,active,1.0,product_mining,extracted_from_products
138036,7142,おひるねみかん酒,,,active,1.0,product_mining,extracted_from_products
138037,7142,どでか芋,,,active,1.0,product_mining,extracted_from_products
138038,7142,どでか麦,,,active,1.0,product_mining,extracted_from_products
138039,7142,大金持 麦,,,active,1.0,product_mining,extracted_from_products
138040,7142,孤独な天使,,,active,1.0,product_mining,extracted_from_products
138041,7142,推譲,,,active,1.0,product_mining,extracted_from_products
138042,7142,日向の夏子,,,active,1.0,product_mining,extracted_from_products
138043,7142,櫻泉,,,active,1.0,product_mining,extracted_from_products
138044,7142,無邪鬼,,,active,1.0,product_mining,extracted_from_products
138045,7142,爽 飫肥杉,,,active,1.0,product_mining,extracted_from_products
138046,7142,神武,,,active,1.0,product_mining,extracted_from_products
138047,7142,箱根山,,,active,1.0,product_mining,extracted_from_products
138048,7142,箱根薔薇,,,active,1.0,product_mining,extracted_from_products
138049,7142,芋の達人,,,active,1.0,product_mining,extracted_from_products
138050,126,人気一11純米原酒,,,active,1.0,product_mining,extracted_from_products
138051,126,人気一フレッシュエイジング純米大吟醸,,,active,1.0,product_mining,extracted_from_products
138052,126,人気一純米大吟醸,,,active,1.0,product_mining,extracted_from_products
138053,3797,豊稔,,,active,1.0,product_mining,extracted_from_products
138054,5252,夢一杯,,,active,1.0,product_mining,extracted_from_products
138055,5252,日本華,,,active,1.0,product_mining,extracted_from_products
138056,5252,猿田彦,,,active,1.0,product_mining,extracted_from_products
138057,5252,神話物語,,,active,1.0,product_mining,extracted_from_products
138058,5252,美酒工房,,,active,1.0,product_mining,extracted_from_products
138059,5252,里の華,,,active,1.0,product_mining,extracted_from_products
138060,5252,鈴鹿山麓,,,active,1.0,product_mining,extracted_from_products
138061,5252,鈿女,,,active,1.0,product_mining,extracted_from_products
138062,5252,鈿女の舞,,,active,1.0,product_mining,extracted_from_products
138063,132,会津中将,,,active,1.0,product_mining,extracted_from_products
138064,132,会津吉の川,,,active,1.0,product_mining,extracted_from_products
138065,132,会津娘,,,active,1.0,product_mining,extracted_from_products
138066,132,会津男山,,,active,1.0,product_mining,extracted_from_products
138067,2697,まるたけえびす,,,active,1.0,product_mining,extracted_from_products
138068,2697,九条,,,active,1.0,product_mining,extracted_from_products
138069,2697,京の花咲爺,,,active,1.0,product_mining,extracted_from_products
138070,2697,京生粋,,,active,1.0,product_mining,extracted_from_products
138071,2697,千年の昔,,,active,1.0,product_mining,extracted_from_products
138072,2697,古都,,,active,1.0,product_mining,extracted_from_products
138073,2697,呑切り,,,active,1.0,product_mining,extracted_from_products
138074,2697,宵の洛山,,,active,1.0,product_mining,extracted_from_products
138075,2697,洛中,,,active,1.0,product_mining,extracted_from_products
138076,2697,美しい鴨川,,,active,1.0,product_mining,extracted_from_products
138077,2697,聚楽第,,,active,1.0,product_mining,extracted_from_products
138078,2697,聚楽菊,,,active,1.0,product_mining,extracted_from_products
138079,2697,西陣,,,active,1.0,product_mining,extracted_from_products
138080,57778,久住 千羽鶴,,,active,1.0,product_mining,extracted_from_products
138081,57778,千羽鶴,,,active,1.0,product_mining,extracted_from_products
138082,57778,つぼみうめにごり,,,active,1.0,product_mining,extracted_from_products
138083,57778,びわ湖長濱ブルー,,,active,1.0,product_mining,extracted_from_products
138084,57778,六瓢箪,,,active,1.0,product_mining,extracted_from_products
138085,57778,太湖,,,active,1.0,product_mining,extracted_from_products
138086,57778,湖濱,,,active,1.0,product_mining,extracted_from_products
138087,57778,生乍自由,,,active,1.0,product_mining,extracted_from_products
138088,7116,夫婦杉,,,active,1.0,product_mining,extracted_from_products
138089,7116,夫婦杉 自然米酒,,,active,1.0,product_mining,extracted_from_products
138090,5795,千代むすび純米大吟醸強力30,,,active,1.0,product_mining,extracted_from_products
138091,5795,千代寿,,,active,1.0,product_mining,extracted_from_products
138092,57836,於大,,,active,1.0,product_mining,extracted_from_products
138093,57836,生道井,,,active,1.0,product_mining,extracted_from_products
138094,57836,衣が浦若水,,,active,1.0,product_mining,extracted_from_products
138095,7298,初陣,,,active,1.0,product_mining,extracted_from_products
138098,6561,小野こまち,,,active,1.0,product_mining,extracted_from_products
138099,6561,福徳長,,,active,1.0,product_mining,extracted_from_products
138100,2169,DOMAINE WATANABE BLENDED,,,active,1.0,product_mining,extracted_from_products
138101,2169,Nechi,,,active,1.0,product_mining,extracted_from_products
138102,2169,根知男山,,,active,1.0,product_mining,extracted_from_products
138103,3800,素素人,,,active,1.0,product_mining,extracted_from_products
138104,3800,金襴藤娘,,,active,1.0,product_mining,extracted_from_products
138105,3800,金襴藤娘夢らさき,,,active,1.0,product_mining,extracted_from_products
138106,3800,金襴藤娘本醸造,,,active,1.0,product_mining,extracted_from_products
138107,3800,金襴藤娘本醸造特撰,,,active,1.0,product_mining,extracted_from_products
138108,3800,金襴藤娘純米酒,,,active,1.0,product_mining,extracted_from_products
138109,3800,金襴藤娘純米酒720ml,,,active,1.0,product_mining,extracted_from_products
138110,3800,黒木大藤 古久 10年貯蔵,,,active,1.0,product_mining,extracted_from_products
138111,3800,黒木大藤 米,,,active,1.0,product_mining,extracted_from_products
138112,7293,CORE,,,active,1.0,product_mining,extracted_from_products
138113,7293,PEAK,,,active,1.0,product_mining,extracted_from_products
138114,7293,ドラゴンウォーター,,,active,1.0,product_mining,extracted_from_products
138115,7293,ドラゴンキッス,,,active,1.0,product_mining,extracted_from_products
138116,7293,吉峯,,,active,1.0,product_mining,extracted_from_products
138117,7293,土てきてき,,,active,1.0,product_mining,extracted_from_products
138118,7293,夏・さ・ら・ら,,,active,1.0,product_mining,extracted_from_products
138119,7293,水てきてき,,,active,1.0,product_mining,extracted_from_products
138120,7293,永平寺白龍,,,active,1.0,product_mining,extracted_from_products
138121,7293,游,,,active,1.0,product_mining,extracted_from_products
138122,7293,白龍,,,active,1.0,product_mining,extracted_from_products
138123,7293,米てきてき,,,active,1.0,product_mining,extracted_from_products
138124,7293,ヨキトギ,,,active,1.0,product_mining,extracted_from_products
138125,7293,春團治,,,active,1.0,product_mining,extracted_from_products
138126,7293,竹生島,,,active,1.0,product_mining,extracted_from_products
138127,7293,緑一,,,active,1.0,product_mining,extracted_from_products
138128,7293,蘇,,,active,1.0,product_mining,extracted_from_products
138129,7293,雪花,,,active,1.0,product_mining,extracted_from_products
138130,553,あわわ,,,active,1.0,product_mining,extracted_from_products
138131,553,ひのくち,,,active,1.0,product_mining,extracted_from_products
138132,553,㐂久水,,,active,1.0,product_mining,extracted_from_products
138133,553,今此処,,,active,1.0,product_mining,extracted_from_products
138134,553,信州白峯,,,active,1.0,product_mining,extracted_from_products
138135,553,初穂しずく,,,active,1.0,product_mining,extracted_from_products
138136,553,歓,,,active,1.0,product_mining,extracted_from_products
138137,553,猿庫の泉,,,active,1.0,product_mining,extracted_from_products
138138,553,白貴天龍,,,active,1.0,product_mining,extracted_from_products
138139,553,聖岳,,,active,1.0,product_mining,extracted_from_products
138140,553,金泉,,,active,1.0,product_mining,extracted_from_products
138141,553,銀泉,,,active,1.0,product_mining,extracted_from_products
138142,553,風太,,,active,1.0,product_mining,extracted_from_products
138143,553,風越,,,active,1.0,product_mining,extracted_from_products
138144,5998,倭,,,active,1.0,product_mining,extracted_from_products
138145,5998,利兵衞,,,active,1.0,product_mining,extracted_from_products
138146,5998,奈々露,,,active,1.0,product_mining,extracted_from_products
138147,5998,御代菊,,,active,1.0,product_mining,extracted_from_products
138148,5998,白檮,,,active,1.0,product_mining,extracted_from_products
138149,6001,多賀山,,,active,1.0,product_mining,extracted_from_products
138150,7199,大吟醸 大和鶴,,,active,1.0,product_mining,extracted_from_products
138151,2135,山恵錦,,,active,1.0,product_mining,extracted_from_products
138152,2135,浅間嶽,,,active,1.0,product_mining,extracted_from_products
138153,2135,献寿,,,active,1.0,product_mining,extracted_from_products
138154,123,なななな,,,active,1.0,product_mining,extracted_from_products
138155,57775,ひえ田野の湧水,,,active,1.0,product_mining,extracted_from_products
138156,57775,ほの香,,,active,1.0,product_mining,extracted_from_products
138157,57775,やまはい純米酒,,,active,1.0,product_mining,extracted_from_products
138158,57775,日吉晴,,,active,1.0,product_mining,extracted_from_products
138159,57775,明智越,,,active,1.0,product_mining,extracted_from_products
138160,57775,美山てんごり,,,active,1.0,product_mining,extracted_from_products
138161,57775,翁鶴,,,active,1.0,product_mining,extracted_from_products
138162,57775,酒伝 鬼ころし,,,active,1.0,product_mining,extracted_from_products
138163,939,筑紫野,,,active,1.0,product_mining,extracted_from_products
138164,224,雅楽代〜日和〜,,,active,1.0,product_mining,extracted_from_products
138165,224,雅楽代〜瑞華〜,,,active,1.0,product_mining,extracted_from_products
138166,5984,千代田蔵,,,active,1.0,product_mining,extracted_from_products
138167,2167,奥飛騨,,,active,1.0,product_mining,extracted_from_products
138168,7349,千鳥,,,active,1.0,product_mining,extracted_from_products
138169,7349,大和楽,,,active,1.0,product_mining,extracted_from_products
138170,7349,媛の愛,,,active,1.0,product_mining,extracted_from_products
138171,7349,花神,,,active,1.0,product_mining,extracted_from_products
138172,6872,タンチュー,,,active,1.0,product_mining,extracted_from_products
138173,6872,レジェンド,,,active,1.0,product_mining,extracted_from_products
138174,6872,宝焼酎,,,active,1.0,product_mining,extracted_from_products
138175,6872,昴,,,active,1.0,product_mining,extracted_from_products
138176,6872,松竹梅,,,active,1.0,product_mining,extracted_from_products
138177,6872,松竹梅白壁蔵,,,active,1.0,product_mining,extracted_from_products
138178,6872,澪,,,active,1.0,product_mining,extracted_from_products
138179,6872,然土,,,active,1.0,product_mining,extracted_from_products
138180,6872,瑞音,,,active,1.0,product_mining,extracted_from_products
138181,6872,白壁蔵,,,active,1.0,product_mining,extracted_from_products
138182,6872,純,,,active,1.0,product_mining,extracted_from_products
138183,6872,豪快,,,active,1.0,product_mining,extracted_from_products
138184,4707,大吟醸雫酒 「飛翔天」,,,active,1.0,product_mining,extracted_from_products
138185,4707,寒梅 大吟醸,,,active,1.0,product_mining,extracted_from_products
138186,4707,寒梅 純米酒,,,active,1.0,product_mining,extracted_from_products
138187,4707,純米吟醸 さけ武蔵,,,active,1.0,product_mining,extracted_from_products
138188,4707,純米吟醸 久喜,,,active,1.0,product_mining,extracted_from_products
138189,4310,木桶仕込み,,,active,1.0,product_mining,extracted_from_products
138190,7359,まる田,,,active,1.0,product_mining,extracted_from_products
138191,7359,冬花火,,,active,1.0,product_mining,extracted_from_products
138192,7359,北の錦,,,active,1.0,product_mining,extracted_from_products
138193,7359,北の錦 真冬詰 大吟醸,,,active,1.0,product_mining,extracted_from_products
138194,7359,北斗随想,,,active,1.0,product_mining,extracted_from_products
138195,6884,大平山,,,active,1.0,product_mining,extracted_from_products
138196,6884,天巧,,,active,1.0,product_mining,extracted_from_products
138197,6884,太平山,,,active,1.0,product_mining,extracted_from_products
138198,6884,太平山 純米大吟醸 天巧,,,active,1.0,product_mining,extracted_from_products
138199,6884,李空,,,active,1.0,product_mining,extracted_from_products
138200,6884,津山,,,active,1.0,product_mining,extracted_from_products
138201,6884,澄月,,,active,1.0,product_mining,extracted_from_products
138202,6884,神月,,,active,1.0,product_mining,extracted_from_products
138203,6884,穂月,,,active,1.0,product_mining,extracted_from_products
138204,678,白雪純米大吟醸大褒寿,,,active,1.0,product_mining,extracted_from_products
138205,7916,JIN JIN,,,active,1.0,product_mining,extracted_from_products
138206,7916,ONOYA,,,active,1.0,product_mining,extracted_from_products
138207,7916,YUFUDAKE,,,active,1.0,product_mining,extracted_from_products
138208,7916,小野屋のゆず,,,active,1.0,product_mining,extracted_from_products
138209,7916,由布岳柚子酒,,,active,1.0,product_mining,extracted_from_products
138210,7916,麦焼酎由布之郷,,,active,1.0,product_mining,extracted_from_products
138211,8817,ブナの白神,,,active,1.0,product_mining,extracted_from_products
138212,8817,天馬,,,active,1.0,product_mining,extracted_from_products
138213,8817,安東水軍,,,active,1.0,product_mining,extracted_from_products
138214,8817,岩木川,,,active,1.0,product_mining,extracted_from_products
138215,8817,白神のしずく,,,active,1.0,product_mining,extracted_from_products
138216,8817,神の座,,,active,1.0,product_mining,extracted_from_products
138217,8817,鯵ケ澤,,,active,1.0,product_mining,extracted_from_products
138218,8817,鯵ヶ澤,,,active,1.0,product_mining,extracted_from_products
138219,57933,光東,,,active,1.0,product_mining,extracted_from_products
138220,57933,利根川育ち,,,active,1.0,product_mining,extracted_from_products
138221,57860,FOX FIZ,,,active,1.0,product_mining,extracted_from_products
138222,57860,山狐,,,active,1.0,product_mining,extracted_from_products
138223,57860,最愛,,,active,1.0,product_mining,extracted_from_products
138224,57860,醉泉,,,active,1.0,product_mining,extracted_from_products
138225,1402,尊皇幻々,,,active,1.0,product_mining,extracted_from_products
138226,7354,多賀錦,,,active,1.0,product_mining,extracted_from_products
138227,7354,恵泉,,,active,1.0,product_mining,extracted_from_products
138228,7354,玉の雫,,,active,1.0,product_mining,extracted_from_products
138229,8823,慶長,,,active,1.0,product_mining,extracted_from_products
138230,1144,生酛仕込純米酒,,,active,1.0,product_mining,extracted_from_products
138231,1144,生酛純米吟醸,,,active,1.0,product_mining,extracted_from_products
138232,1144,生酛純米大吟醸,,,active,1.0,product_mining,extracted_from_products
138233,7130,神都の祈り,,,active,1.0,product_mining,extracted_from_products
138234,7130,伊勢旭,,,active,1.0,product_mining,extracted_from_products
138235,7130,吟醸兄弟酒,,,active,1.0,product_mining,extracted_from_products
138236,7130,志摩娘,,,active,1.0,product_mining,extracted_from_products
138237,7130,松正宗,,,active,1.0,product_mining,extracted_from_products
138238,7130,獺祭,,,active,1.0,product_mining,extracted_from_products
138239,7130,獺祭BLUE,,,active,1.0,product_mining,extracted_from_products
138240,2506,藤乃井,,,active,1.0,product_mining,extracted_from_products
138241,3202,雪小町,,,active,1.0,product_mining,extracted_from_products
138242,4698,浪の音,,,active,1.0,product_mining,extracted_from_products
138243,57859,富士の関,,,active,1.0,product_mining,extracted_from_products
138244,57859,富士乃関,,,active,1.0,product_mining,extracted_from_products
138245,57859,一心伝,,,active,1.0,product_mining,extracted_from_products
138246,57859,一楽,,,active,1.0,product_mining,extracted_from_products
138247,57859,勝保,,,active,1.0,product_mining,extracted_from_products
138248,57859,呼友,,,active,1.0,product_mining,extracted_from_products
138249,57859,得月,,,active,1.0,product_mining,extracted_from_products
138250,57859,朝日山,,,active,1.0,product_mining,extracted_from_products
138251,57859,洗心,,,active,1.0,product_mining,extracted_from_products
138252,57859,継,,,active,1.0,product_mining,extracted_from_products
138253,57859,久保田,,,active,1.0,product_mining,extracted_from_products
138254,57859,越乃かぎろひ,,,active,1.0,product_mining,extracted_from_products
138255,57859,越州,,,active,1.0,product_mining,extracted_from_products
138256,57750,神泉,,,active,1.0,product_mining,extracted_from_products
138257,1153,大吟醸「高橋杜氏のたわごと」,,,active,1.0,product_mining,extracted_from_products
138258,1153,本醸造 上撰「松嶺の富士」,,,active,1.0,product_mining,extracted_from_products
138259,1153,松嶺の富士,,,active,1.0,product_mining,extracted_from_products
138260,1153,純米吟醸 「秘めごと」,,,active,1.0,product_mining,extracted_from_products
138261,1153,純米大吟醸 「秘めごと」,,,active,1.0,product_mining,extracted_from_products
138262,57753,廣戸川,,,active,1.0,product_mining,extracted_from_products
138263,57872,にごり酒,,,active,1.0,product_mining,extracted_from_products
138264,57872,五代目龍平,,,active,1.0,product_mining,extracted_from_products
138265,57872,冷やおろし,,,active,1.0,product_mining,extracted_from_products
138266,57872,林,,,active,1.0,product_mining,extracted_from_products
138267,57872,歓びの絆 純米大吟醸,,,active,1.0,product_mining,extracted_from_products
138268,57872,残心 三割磨き,,,active,1.0,product_mining,extracted_from_products
138269,57872,残心 純米吟醸,,,active,1.0,product_mining,extracted_from_products
138270,57872,残心 雄町60,,,active,1.0,product_mining,extracted_from_products
138271,57872,水のささやき,,,active,1.0,product_mining,extracted_from_products
138272,57872,源じいの森,,,active,1.0,product_mining,extracted_from_products
138273,57872,純米吟醸,,,active,1.0,product_mining,extracted_from_products
138274,57872,純米大吟醸,,,active,1.0,product_mining,extracted_from_products
138275,57872,関桜,,,active,1.0,product_mining,extracted_from_products
138276,57872,黒部峡,,,active,1.0,product_mining,extracted_from_products
138277,7912,いひょうゑ,,,active,1.0,product_mining,extracted_from_products
138278,7912,かくれ里,,,active,1.0,product_mining,extracted_from_products
138279,7912,十二代目伊兵衛,,,active,1.0,product_mining,extracted_from_products
138280,7912,夏氷,,,active,1.0,product_mining,extracted_from_products
138281,7912,大棟梁,,,active,1.0,product_mining,extracted_from_products
138282,7912,富輿,,,active,1.0,product_mining,extracted_from_products
138283,7912,明智光秀,,,active,1.0,product_mining,extracted_from_products
138284,7912,白炎,,,active,1.0,product_mining,extracted_from_products
138285,7912,祐,,,active,1.0,product_mining,extracted_from_products
138286,7912,美濃天狗,,,active,1.0,product_mining,extracted_from_products
138287,7912,羽崎,,,active,1.0,product_mining,extracted_from_products
138288,7912,鼻高々,,,active,1.0,product_mining,extracted_from_products
138289,937,三井の寿山廃純米豊醸美田,,,active,1.0,product_mining,extracted_from_products
138290,552,磐城壽,,,active,1.0,product_mining,extracted_from_products
138291,1918,原田弦月,,,active,1.0,product_mining,extracted_from_products
138292,7401,三重錦,,,active,1.0,product_mining,extracted_from_products
138293,2506,おぼろ雪,,,active,1.0,product_mining,extracted_from_products
138294,2506,出羽の冨士,,,active,1.0,product_mining,extracted_from_products
138295,2506,出羽の冨士 天之美禄 大吟醸,,,active,1.0,product_mining,extracted_from_products
138296,2512,七ツ梅,,,active,1.0,product_mining,extracted_from_products
138297,2512,七ツ梅山田錦生もと特別純米,,,active,1.0,product_mining,extracted_from_products
138298,2512,浜福鶴,,,active,1.0,product_mining,extracted_from_products
138299,2512,空蔵,,,active,1.0,product_mining,extracted_from_products
138300,2512,絲,,,active,1.0,product_mining,extracted_from_products
138301,5796,Yuzu Omoi,,,active,1.0,product_mining,extracted_from_products
138302,5796,かぐや姫,,,active,1.0,product_mining,extracted_from_products
138303,5796,京の香梅,,,active,1.0,product_mining,extracted_from_products
138304,5796,京絵巻 京の吟醸,,,active,1.0,product_mining,extracted_from_products
138305,5796,卯酉,,,active,1.0,product_mining,extracted_from_products
138306,5796,名もなき酒,,,active,1.0,product_mining,extracted_from_products
138307,5796,吟醸 かぐや姫 生貯蔵酒,,,active,1.0,product_mining,extracted_from_products
138308,5796,唯穂,,,active,1.0,product_mining,extracted_from_products
138309,5796,天王山,,,active,1.0,product_mining,extracted_from_products
138310,5796,松の翆,,,active,1.0,product_mining,extracted_from_products
138311,5796,松の翠,,,active,1.0,product_mining,extracted_from_products
138312,5796,源兵衛の原酒,,,active,1.0,product_mining,extracted_from_products
138313,5796,神聖,,,active,1.0,product_mining,extracted_from_products
138314,5796,船形山,,,active,1.0,product_mining,extracted_from_products
138315,6527,町田酒造55,,,active,1.0,product_mining,extracted_from_products
138316,620,福寿海.楽.原酒,,,active,1.0,product_mining,extracted_from_products
138317,4617,黒笹Eden純米吟醸,,,active,1.0,product_mining,extracted_from_products
138318,5576,ミサトヨシノ,,,active,1.0,product_mining,extracted_from_products
138319,5576,奥清水,,,active,1.0,product_mining,extracted_from_products
138320,5576,美郷雪華,,,active,1.0,product_mining,extracted_from_products
138321,933,池亀純米大吟醸無濾過無加水,,,active,1.0,product_mining,extracted_from_products
138322,2136,謙信,,,active,1.0,product_mining,extracted_from_products
138323,238,越後ゆきくら,,,active,1.0,product_mining,extracted_from_products
138324,238,越後桜,,,active,1.0,product_mining,extracted_from_products
138325,238,越後桜38,,,active,1.0,product_mining,extracted_from_products
138326,238,越後鶴亀,,,active,1.0,product_mining,extracted_from_products
138327,4620,亀甲花菱,,,active,1.0,product_mining,extracted_from_products
138328,4620,亀甲花菱 特別純米酒,,,active,1.0,product_mining,extracted_from_products
138329,5789,春うらら,,,active,1.0,product_mining,extracted_from_products
138330,5789,白老,,,active,1.0,product_mining,extracted_from_products
138331,5789,酒蔵開放 しぼりたて生酒 吟醸,,,active,1.0,product_mining,extracted_from_products
138332,7212,白菊水仕込み伏見銘酒,,,active,1.0,product_mining,extracted_from_products
138333,7345,月暈,,,active,1.0,product_mining,extracted_from_products
138334,7345,秀天涯,,,active,1.0,product_mining,extracted_from_products
138335,7345,譽,,,active,1.0,product_mining,extracted_from_products
138336,7345,酒界大王,,,active,1.0,product_mining,extracted_from_products
138337,7345,関西,,,active,1.0,product_mining,extracted_from_products
138338,6532,富士山,,,active,1.0,product_mining,extracted_from_products
138339,6532,白糸,,,active,1.0,product_mining,extracted_from_products
138340,3224,名刀正宗,,,active,1.0,product_mining,extracted_from_products
138341,3224,白鷺の城,,,active,1.0,product_mining,extracted_from_products
138342,5505,田林,,,active,1.0,product_mining,extracted_from_products
138343,5505,真鶴,,,active,1.0,product_mining,extracted_from_products
138344,6555,ぴぃ〜ち,,,active,1.0,product_mining,extracted_from_products
138345,6555,上撰黒松 能鷹,,,active,1.0,product_mining,extracted_from_products
138346,6555,光風霽月,,,active,1.0,product_mining,extracted_from_products
138347,6555,公乃松,,,active,1.0,product_mining,extracted_from_products
138348,6555,山鳥毛,,,active,1.0,product_mining,extracted_from_products
138349,6555,春乃峰,,,active,1.0,product_mining,extracted_from_products
138350,6555,楓葉,,,active,1.0,product_mining,extracted_from_products
138351,6555,甲賀風姿,,,active,1.0,product_mining,extracted_from_products
138352,6555,能鷹,,,active,1.0,product_mining,extracted_from_products
138353,8828,鳳凰美田,,,active,1.0,product_mining,extracted_from_products
138354,57751,三毳山,,,active,1.0,product_mining,extracted_from_products
138355,57751,朝日栄,,,active,1.0,product_mining,extracted_from_products
138356,57751,朝日榮,,,active,1.0,product_mining,extracted_from_products
138357,57751,東照,,,active,1.0,product_mining,extracted_from_products
138358,7214,肥前蔵心純米大吟醸権右衛門,,,active,1.0,product_mining,extracted_from_products
138359,4109,やまいし,,,active,1.0,product_mining,extracted_from_products
138360,4109,噴井,,,active,1.0,product_mining,extracted_from_products
138361,4109,松梅升升半升,,,active,1.0,product_mining,extracted_from_products
138362,4109,花の井,,,active,1.0,product_mining,extracted_from_products
138363,6899,天美禄,,,active,1.0,product_mining,extracted_from_products
138364,6899,神楽,,,active,1.0,product_mining,extracted_from_products
138365,6899,酒入門,,,active,1.0,product_mining,extracted_from_products
138366,6163,博多の華,,,active,1.0,product_mining,extracted_from_products
138367,57869,かぴたん,,,active,1.0,product_mining,extracted_from_products
138368,57869,じゃがたらお春,,,active,1.0,product_mining,extracted_from_products
138369,57869,福海,,,active,1.0,product_mining,extracted_from_products
138370,57869,福鶴,,,active,1.0,product_mining,extracted_from_products
138371,57869,長崎美人,,,active,1.0,product_mining,extracted_from_products
138372,7109,寿惠広,,,active,1.0,product_mining,extracted_from_products
138373,6743,五郎八,,,active,1.0,product_mining,extracted_from_products
138374,6743,涼風,,,active,1.0,product_mining,extracted_from_products
138375,6743,無冠帝,,,active,1.0,product_mining,extracted_from_products
138376,6743,節五郎 元禄酒,,,active,1.0,product_mining,extracted_from_products
138377,6743,節五郎 出品酒,,,active,1.0,product_mining,extracted_from_products
138378,6743,菊水のお晩です,,,active,1.0,product_mining,extracted_from_products
138379,6743,菊水ふなぐち,,,active,1.0,product_mining,extracted_from_products
138380,6743,蔵光,,,active,1.0,product_mining,extracted_from_products
138381,7893,三朝正宗,,,active,1.0,product_mining,extracted_from_products
138382,7893,白狼,,,active,1.0,product_mining,extracted_from_products
138383,6544,九,,,active,1.0,product_mining,extracted_from_products
138384,6544,純米吟醸 越乃鹿六,,,active,1.0,product_mining,extracted_from_products
138385,6544,菅名岳,,,active,1.0,product_mining,extracted_from_products
138386,6544,華姫桜,,,active,1.0,product_mining,extracted_from_products
138387,6544,藍雫,,,active,1.0,product_mining,extracted_from_products
138388,6544,越乃美鹿,,,active,1.0,product_mining,extracted_from_products
138389,6544,越乃鹿六,,,active,1.0,product_mining,extracted_from_products
138390,6544,酔星,,,active,1.0,product_mining,extracted_from_products
138391,7925,山吹鶴,,,active,1.0,product_mining,extracted_from_products
138392,7925,山頭火,,,active,1.0,product_mining,extracted_from_products
138393,7925,聖泉,,,active,1.0,product_mining,extracted_from_products
138394,7925,若紫,,,active,1.0,product_mining,extracted_from_products
138395,1373,純米吟醸,,,active,1.0,product_mining,extracted_from_products
138396,1373,純米吟醸日光誉,,,active,1.0,product_mining,extracted_from_products
138397,1373,純米吟醸酒,,,active,1.0,product_mining,extracted_from_products
138398,1373,純米大吟醸,,,active,1.0,product_mining,extracted_from_products
138399,1373,純米大吟醸まぼろし赤箱,,,active,1.0,product_mining,extracted_from_products
138400,1373,純米大吟醸丁子屋,,,active,1.0,product_mining,extracted_from_products
138401,1373,純米大吟醸生酛造りトSAKU1,,,active,1.0,product_mining,extracted_from_products
138402,1373,純米大吟醸雪彦山,,,active,1.0,product_mining,extracted_from_products
138403,1373,純米大吟醸鳳陽だるま,,,active,1.0,product_mining,extracted_from_products
138404,1373,純米酒,,,active,1.0,product_mining,extracted_from_products
138405,6072,播州一献,,,active,1.0,product_mining,extracted_from_products
138406,851,惣邑,,,active,1.0,product_mining,extracted_from_products
138407,5506,かくれい,,,active,1.0,product_mining,extracted_from_products
138408,5506,やまはい,,,active,1.0,product_mining,extracted_from_products
138409,5506,夢吟香,,,active,1.0,product_mining,extracted_from_products
138410,5506,牧之,,,active,1.0,product_mining,extracted_from_products
138411,5506,米宗,,,active,1.0,product_mining,extracted_from_products
138412,5506,雪男,,,active,1.0,product_mining,extracted_from_products
138413,5506,鶴齢,,,active,1.0,product_mining,extracted_from_products
138414,5513,よゐこ,,,active,1.0,product_mining,extracted_from_products
138415,5513,埴生の恵,,,active,1.0,product_mining,extracted_from_products
138416,5513,天乃原,,,active,1.0,product_mining,extracted_from_products
138417,5513,小糸在来,,,active,1.0,product_mining,extracted_from_products
138418,5513,湯あがり娘,,,active,1.0,product_mining,extracted_from_products
138419,5513,紅小町,,,active,1.0,product_mining,extracted_from_products
138420,6169,Sakura hime,,,active,1.0,product_mining,extracted_from_products
138421,6169,共,,,active,1.0,product_mining,extracted_from_products
138422,6169,叶川,,,active,1.0,product_mining,extracted_from_products
138423,6169,風の里,,,active,1.0,product_mining,extracted_from_products
138424,6169,鵜洲,,,active,1.0,product_mining,extracted_from_products
138425,6746,十四代,,,active,1.0,product_mining,extracted_from_products
138426,6746,朝日鷹,,,active,1.0,product_mining,extracted_from_products
138427,3228,en,,,active,1.0,product_mining,extracted_from_products
138428,3228,きもとぶれんど,,,active,1.0,product_mining,extracted_from_products
138429,3228,ヒモノラ,,,active,1.0,product_mining,extracted_from_products
138430,3228,冴え返る夜,,,active,1.0,product_mining,extracted_from_products
138431,3228,白隠政宗,,,active,1.0,product_mining,extracted_from_products
138432,3228,白隠正宗,,,active,1.0,product_mining,extracted_from_products
138433,3228,第壱峰,,,active,1.0,product_mining,extracted_from_products
138434,6560,大雪乃蔵,,,active,1.0,product_mining,extracted_from_products
138435,6560,大雪渓,,,active,1.0,product_mining,extracted_from_products
138436,57886,瑞泉,,,active,1.0,product_mining,extracted_from_products
138437,57886,瑞泉 上撰,,,active,1.0,product_mining,extracted_from_products
138438,57886,瑞泉 佳撰,,,active,1.0,product_mining,extracted_from_products
138439,7903,決戦関ヶ原,,,active,1.0,product_mining,extracted_from_products
138440,7903,白川郷,,,active,1.0,product_mining,extracted_from_products
138441,7903,道三吟雪花,,,active,1.0,product_mining,extracted_from_products
138442,7903,鉄心,,,active,1.0,product_mining,extracted_from_products
138443,886,大吟醸古酒,,,active,1.0,product_mining,extracted_from_products
138444,859,一生幸福,,,active,1.0,product_mining,extracted_from_products
138445,5576,大吟醸 芳 (かおり),,,active,1.0,product_mining,extracted_from_products
138446,5576,東北泉,,,active,1.0,product_mining,extracted_from_products
138447,5576,東北泉 本醸造,,,active,1.0,product_mining,extracted_from_products
138448,5576,純米吟醸 山田錦,,,active,1.0,product_mining,extracted_from_products
138449,5576,純米吟醸 美山錦,,,active,1.0,product_mining,extracted_from_products
138450,5576,純米大吟醸 Mt.Chokai,,,active,1.0,product_mining,extracted_from_products
138451,5576,雪姫,,,active,1.0,product_mining,extracted_from_products
138452,3,神泉,,,verified,0.95,,
138453,16,仙介,,,verified,0.95,,
138454,16,泉姫,,,verified,0.95,,
138455,16,琥泉,,,verified,0.95,,
138456,88,久住 千羽鶴,,,verified,0.95,,
138457,88,久住千羽鶴,,,verified,0.95,,
138458,88,千羽鶴,,,verified,0.95,,
138459,88,越生梅林,,,verified,0.95,,
138460,88,越生梅林 大吟醸,,,verified,0.95,,
138461,88,越生梅林 柚子酒,,,verified,0.95,,
138462,88,越生梅林 梅酒,,,verified,0.95,,
138463,88,越生梅林 特別本醸造,,,verified,0.95,,
138464,88,越生梅林 特別純米酒,,,verified,0.95,,
138465,88,越生梅林 純米吟醸,,,verified,0.95,,
138466,88,越生梅林 純米大吟醸,,,verified,0.95,,
138467,88,越生梅林 純米酒,,,verified,0.95,,
138468,88,越生梅林 赤紫蘇酒,,,verified,0.95,,
138469,88,越生梅林 辛口,,,verified,0.95,,
138470,212,どぶろく（紅）,,,verified,0.95,,
138471,212,びほろ,,,verified,0.95,,
138472,212,ぴぃ〜ち,,,verified,0.95,,
138473,212,亀甲蔵,,,verified,0.95,,
138474,212,光風霽月,,,verified,0.95,,
138475,212,北の一星,,,verified,0.95,,
138476,212,宝川,,,verified,0.95,,
138477,212,小樽美人,,,verified,0.95,,
138478,212,春乃峰,,,verified,0.95,,
138479,212,楓葉,,,verified,0.95,,
138480,212,田中酒造,,,verified,0.95,,
138481,212,甲賀風姿,,,verified,0.95,,
138482,232,あわっしゅ,,,verified,0.95,,
138483,232,弐式,,,verified,0.95,,
138484,232,越の誉,,,verified,0.95,,
138485,232,銀の翼,,,verified,0.95,,
138486,233,E-style,,,verified,0.95,,
138487,233,しろうま,,,verified,0.95,,
138488,233,なごみの果実,,,verified,0.95,,
138489,233,もろはく酒,,,verified,0.95,,
138490,233,ゆず酒,,,verified,0.95,,
138491,233,ハニームーン,,,verified,0.95,,
138492,233,ヤマモモワイン,,,verified,0.95,,
138493,233,ヨーグルトのお酒,,,verified,0.95,,
138494,233,一無尽,,,verified,0.95,,
138495,233,不老・長寿,,,verified,0.95,,
138496,233,九十九,,,verified,0.95,,
138497,233,四万十川,,,verified,0.95,,
138498,233,尊尊我無,,,verified,0.95,,
138499,233,深海酒,,,verified,0.95,,
138500,233,空海,,,verified,0.95,,
138501,233,竜馬,,,verified,0.95,,
138502,233,風鳴子,,,verified,0.95,,
138503,233,龍馬,,,verified,0.95,,
138504,240,あわっしゅ,,,verified,0.95,,
138505,240,弐式,,,verified,0.95,,
138506,240,越の誉,,,verified,0.95,,
138507,240,銀の翼,,,verified,0.95,,
138508,258,Shoma,,,verified,0.95,,
138509,258,すずさけ,,,verified,0.95,,
138510,258,大前田栄五郎,,,verified,0.95,,
138511,258,山紫,,,verified,0.95,,
138512,258,花紫,,,verified,0.95,,
138513,258,華姫桜,,,verified,0.95,,
138514,258,藍雫,,,verified,0.95,,
138515,258,赤城山,,,verified,0.95,,
138516,258,黒檜,,,verified,0.95,,
138517,287,やまはい,,,verified,0.95,,
138518,287,夢吟香,,,verified,0.95,,
138519,287,米宗,,,verified,0.95,,
138520,295,開夏,,,verified,0.95,,
138521,295,開花,,,verified,0.95,,
138522,295,開花宣言,,,verified,0.95,,
138523,295,開華,,,verified,0.95,,
138524,533,吟ぎんが,,,verified,0.95,,
138525,533,堀の井,,,verified,0.95,,
138526,533,堀米,,,verified,0.95,,
138527,533,山北,,,verified,0.95,,
138528,533,山田錦,,,verified,0.95,,
138529,533,掘井,,,verified,0.95,,
138530,533,紫波の匠,,,verified,0.95,,
138531,533,結の香,,,verified,0.95,,
138532,537,久住 千羽鶴,,,verified,0.95,,
138533,537,久住千羽鶴,,,verified,0.95,,
138534,537,千羽鶴,,,verified,0.95,,
138535,538,あやめさけ,,,verified,0.95,,
138536,538,とんださけ,,,verified,0.95,,
138537,538,國乃長,,,verified,0.95,,
138538,538,貴一本,,,verified,0.95,,
138539,545,あやめさけ,,,verified,0.95,,
138540,545,とんださけ,,,verified,0.95,,
138541,545,國乃長,,,verified,0.95,,
138542,545,貴一本,,,verified,0.95,,
138543,547,杜氏潤平,,,verified,0.95,,
138544,547,紅芋原酒,,,verified,0.95,,
138545,547,紅芋華どり,,,verified,0.95,,
138546,555,櫻一文字,,,verified,0.95,,
138547,625,ISAINA,,,verified,0.95,,
138548,625,よかいち,,,verified,0.95,,
138549,625,タンチュー,,,verified,0.95,,
138550,625,レジェンド,,,verified,0.95,,
138551,625,一刻者,,,verified,0.95,,
138552,625,宝焼酎,,,verified,0.95,,
138553,625,昴,,,verified,0.95,,
138554,625,松竹梅,,,verified,0.95,,
138555,625,然土,,,verified,0.95,,
138556,625,瑞音,,,verified,0.95,,
138557,625,白壁蔵,,,verified,0.95,,
138558,625,純,,,verified,0.95,,
138559,626,七ツ梅山田錦生もと特別純米,,,verified,0.95,,
138560,646,にごり酒,,,verified,0.95,,
138561,646,ゆふいんの森,,,verified,0.95,,
138562,646,八鹿,,,verified,0.95,,
138563,646,八鹿 秋の純米酒 ひやおろし,,,verified,0.95,,
138564,646,樹里愛,,,verified,0.95,,
138565,646,源,,,verified,0.95,,
138566,646,銀座のすずめ,,,verified,0.95,,
138567,653,大原白梅,,,verified,0.95,,
138568,653,宙狐,,,verified,0.95,,
138569,653,山王,,,verified,0.95,,
138570,653,武蔵の里,,,verified,0.95,,
138571,653,武蔵の里 山廃酛仕込 純米酒,,,verified,0.95,,
138572,653,武蔵の里 純米原酒,,,verified,0.95,,
138573,653,武蔵乃里,,,verified,0.95,,
138574,657,山水,,,verified,0.95,,
138575,657,閻魔,,,verified,0.95,,
138576,665,STARS,,,verified,0.95,,
138577,665,Tozai,,,verified,0.95,,
138578,665,カフェSAKEしろいスパークリング,,,verified,0.95,,
138579,665,ピアノ,,,verified,0.95,,
138580,665,伏見の竜馬,,,verified,0.95,,
138581,665,辛口一献,,,verified,0.95,,
138582,665,金印黄桜,,,verified,0.95,,
138583,665,黄桜S純米大吟醸,,,verified,0.95,,
138584,665,黄桜ピアノ,,,verified,0.95,,
138585,665,黄桜ペルル,,,verified,0.95,,
138586,667,粹府 大吟醸,,,verified,0.95,,
138587,667,粹府 純米吟醸 媛,,,verified,0.95,,
138588,673,吟醸 肥前杜氏,,,verified,0.95,,
138589,673,本格麦焼酎 竹伝説,,,verified,0.95,,
138590,673,肥前杜氏,,,verified,0.95,,
138591,673,菱娘,,,verified,0.95,,
138592,679,山水,,,verified,0.95,,
138593,679,閻魔,,,verified,0.95,,
138594,862,亀の井,,,verified,0.95,,
138595,862,玄亀,,,verified,0.95,,
138596,862,神への酒,,,verified,0.95,,
138597,862,空可,,,verified,0.95,,
138598,862,童話の里,,,verified,0.95,,
138599,868,いとをかし,,,verified,0.95,,
138600,868,しずく酒,,,verified,0.95,,
138601,868,土佐金蔵,,,verified,0.95,,
138602,868,宵宵,,,verified,0.95,,
138603,868,豊能梅,,,verified,0.95,,
138604,868,響香,,,verified,0.95,,
138605,868,鴬寿,,,verified,0.95,,
138606,868,龍奏,,,verified,0.95,,
138607,869,十石,,,verified,0.95,,
138608,879,吟ぎんが,,,verified,0.95,,
138609,879,堀の井,,,verified,0.95,,
138610,879,堀米,,,verified,0.95,,
138611,879,山北,,,verified,0.95,,
138612,879,山田錦,,,verified,0.95,,
138613,879,掘井,,,verified,0.95,,
138614,879,紫波の匠,,,verified,0.95,,
138615,879,結の香,,,verified,0.95,,
138616,947,鳳凰美田,,,verified,0.95,,
138617,964,林,,,verified,0.95,,
138618,964,水のささやき,,,verified,0.95,,
138619,964,関桜,,,verified,0.95,,
138620,964,黒部峡,,,verified,0.95,,
138621,1142,七ツ梅,,,verified,0.95,,
138622,1142,七ツ梅山田錦生もと特別純米,,,verified,0.95,,
138623,1142,浜福鶴,,,verified,0.95,,
138624,1142,空蔵,,,verified,0.95,,
138625,1142,絲,,,verified,0.95,,
138626,1145,ISAINA,,,verified,0.95,,
138627,1145,よかいち,,,verified,0.95,,
138628,1145,タンチュー,,,verified,0.95,,
138629,1145,レジェンド,,,verified,0.95,,
138630,1145,一刻者,,,verified,0.95,,
138631,1145,宝焼酎,,,verified,0.95,,
138632,1145,松竹梅白壁蔵,,,verified,0.95,,
138633,1145,純,,,verified,0.95,,
138634,1389,かくれい,,,verified,0.95,,
138635,1389,牧之,,,verified,0.95,,
138636,1389,雪男,,,verified,0.95,,
138637,1389,鶴齢,,,verified,0.95,,
138638,1849,喜平,,,verified,0.95,,
138639,1849,特撰 喜平 生貯蔵酒,,,verified,0.95,,
138640,1849,超特撰 喜平 大吟醸,,,verified,0.95,,
138641,1852,かめぐち,,,verified,0.95,,
138642,1852,ささにごり,,,verified,0.95,,
138643,1852,たまの慶,,,verified,0.95,,
138644,1852,八重菊,,,verified,0.95,,
138645,1852,墨流,,,verified,0.95,,
138646,1852,多満自慢,,,verified,0.95,,
138647,1852,酒は楽しく,,,verified,0.95,,
138648,1864,あやめさけ,,,verified,0.95,,
138649,1864,とんださけ,,,verified,0.95,,
138650,1864,國乃長,,,verified,0.95,,
138651,1864,貴一本,,,verified,0.95,,
138652,1914,KAGASHIKI,,,verified,0.95,,
138653,1914,ichi椿,,,verified,0.95,,
138654,1914,is68百万石乃白,,,verified,0.95,,
138655,1914,アラン・デュカスセレクション,,,verified,0.95,,
138656,1914,加賀太鼓,,,verified,0.95,,
138657,1914,加賀雪梅,,,verified,0.95,,
138658,1914,千代鶴,,,verified,0.95,,
138659,1914,客人,,,verified,0.95,,
138660,1914,日榮,,,verified,0.95,,
138661,1914,有機純米酒AKIRA,,,verified,0.95,,
138662,1914,東京酒蔵魂,,,verified,0.95,,
138663,1914,栄,,,verified,0.95,,
138664,1914,梅きらら,,,verified,0.95,,
138665,1914,梅里,,,verified,0.95,,
138666,1914,猩々,,,verified,0.95,,
138667,1914,辛口仕込 鼓,,,verified,0.95,,
138668,1914,金澤中村屋,,,verified,0.95,,
138669,1914,高尾山,,,verified,0.95,,
138670,1921,神都の祈り,,,verified,0.95,,
138671,1921,耶馬美人,,,verified,0.95,,
138672,2128,仙介,,,verified,0.95,,
138673,2128,泉姫,,,verified,0.95,,
138674,2128,琥泉,,,verified,0.95,,
138675,2138,あわっしゅ,,,verified,0.95,,
138676,2138,弐式,,,verified,0.95,,
138677,2138,越の誉,,,verified,0.95,,
138678,2138,銀の翼,,,verified,0.95,,
138679,2243,千代鶴,,,verified,0.95,,
138680,2243,宝船,,,verified,0.95,,
138681,2243,東京酒蔵魂,,,verified,0.95,,
138682,2243,高尾山,,,verified,0.95,,
138683,2268,ちえびじん,,,verified,0.95,,
138684,2268,智恵美人,,,verified,0.95,,
138685,2488,E-style,,,verified,0.95,,
138686,2488,しろうま,,,verified,0.95,,
138687,2488,なごみの果実,,,verified,0.95,,
138688,2488,もろはく酒,,,verified,0.95,,
138689,2488,ゆず酒,,,verified,0.95,,
138690,2488,ハニームーン,,,verified,0.95,,
138691,2488,ヤマモモワイン,,,verified,0.95,,
138692,2488,ヨーグルトのお酒,,,verified,0.95,,
138693,2488,一無尽,,,verified,0.95,,
138694,2488,不老・長寿,,,verified,0.95,,
138695,2488,九十九,,,verified,0.95,,
138696,2488,四万十川,,,verified,0.95,,
138697,2488,尊尊我無,,,verified,0.95,,
138698,2488,深海酒,,,verified,0.95,,
138699,2488,空海,,,verified,0.95,,
138700,2488,竜馬,,,verified,0.95,,
138701,2488,菊水,,,verified,0.95,,
138702,2488,風鳴子,,,verified,0.95,,
138703,2488,龍馬,,,verified,0.95,,
138704,2491,29福,,,verified,0.95,,
138705,2491,AUTUMN TIME,,,verified,0.95,,
138706,2491,Mr.Summer Time,,,verified,0.95,,
138707,2491,WINTER TIME,,,verified,0.95,,
138708,2491,三米八旨,,,verified,0.95,,
138709,2491,吟髄,,,verified,0.95,,
138710,2491,宮寒梅,,,verified,0.95,,
138711,2491,寸鉄,,,verified,0.95,,
138712,2491,感謝酒,,,verified,0.95,,
138713,2491,至粋,,,verified,0.95,,
138714,2491,醇麗純香,,,verified,0.95,,
138715,2491,陽のしずく,,,verified,0.95,,
138716,2491,鶯咲,,,verified,0.95,,
138717,2492,あわっしゅ,,,verified,0.95,,
138718,2492,弐式,,,verified,0.95,,
138719,2492,越の誉,,,verified,0.95,,
138720,2492,銀の翼,,,verified,0.95,,
138721,2497,菊泉ひとすじ,,,verified,0.95,,
138722,2502,巖乃泉,,,verified,0.95,,
138723,2502,彩,,,verified,0.95,,
138724,2506,久住 千羽鶴,,,verified,0.95,,
138725,2506,久住千羽鶴,,,verified,0.95,,
138726,2506,千羽鶴,,,verified,0.95,,
138727,2682,Shoma,,,verified,0.95,,
138728,2682,すずさけ,,,verified,0.95,,
138729,2682,九,,,verified,0.95,,
138730,2682,大前田栄五郎,,,verified,0.95,,
138731,2682,山紫,,,verified,0.95,,
138732,2682,純米吟醸 越乃鹿六,,,verified,0.95,,
138733,2682,花紫,,,verified,0.95,,
138734,2682,菅名岳,,,verified,0.95,,
138735,2682,赤城山,,,verified,0.95,,
138736,2682,越乃美鹿,,,verified,0.95,,
138737,2682,越乃鹿六,,,verified,0.95,,
138738,2682,酔星,,,verified,0.95,,
138739,2682,黒檜,,,verified,0.95,,
138740,2700,567(みろく),,,verified,0.95,,
138741,2700,六波,,,verified,0.95,,
138742,2700,櫂,,,verified,0.95,,
138743,2700,玉笹,,,verified,0.95,,
138744,2700,養老酒造,,,verified,0.95,,
138745,2713,ARUSHIROI,,,verified,0.95,,
138746,2713,G.S,,,verified,0.95,,
138747,2713,Y.S,,,verified,0.95,,
138748,2713,とちぎの星,,,verified,0.95,,
138749,2713,はつはな,,,verified,0.95,,
138750,2713,はなのえん,,,verified,0.95,,
138751,2713,万葉聖,,,verified,0.95,,
138752,2713,今井昌平,,,verified,0.95,,
138753,2713,冬の華,,,verified,0.95,,
138754,2713,四季桜,,,verified,0.95,,
138755,2713,夢ささら,,,verified,0.95,,
138756,2713,柳田の米かもしたて,,,verified,0.95,,
138757,2713,花宝,,,verified,0.95,,
138758,2713,黄ぶな,,,verified,0.95,,
138759,3226,おろち,,,verified,0.95,,
138760,3226,クラウド,,,verified,0.95,,
138761,3226,ヨキトギ,,,verified,0.95,,
138762,3226,出雲,,,verified,0.95,,
138763,3226,春陽,,,verified,0.95,,
138764,3226,智則,,,verified,0.95,,
138765,3226,月の雫,,,verified,0.95,,
138766,3226,月山,,,verified,0.95,,
138767,3226,月山 純米吟醸,,,verified,0.95,,
138768,3226,月山 芳醇辛口純米,,,verified,0.95,,
138769,3226,月梅,,,verified,0.95,,
138770,3226,竹生島,,,verified,0.95,,
138771,3226,竹生嶋,,,verified,0.95,,
138772,3226,美月,,,verified,0.95,,
138773,3226,蘇,,,verified,0.95,,
138774,3226,雪花,,,verified,0.95,,
138775,3802,KUROUMA taru,,,verified,0.95,,
138776,3802,くろうま天駆,,,verified,0.95,,
138777,3802,そば焼酎天照,,,verified,0.95,,
138778,3802,ひむかのくろうま,,,verified,0.95,,
138779,3802,天孫降臨,,,verified,0.95,,
138780,3802,栗天照,,,verified,0.95,,
138781,3802,風白馬,,,verified,0.95,,
138782,3803,かめぐち,,,verified,0.95,,
138783,3803,ささにごり,,,verified,0.95,,
138784,3803,たまの慶,,,verified,0.95,,
138785,3803,八重菊,,,verified,0.95,,
138786,3803,墨流,,,verified,0.95,,
138787,3803,多満自慢,,,verified,0.95,,
138788,3803,酒は楽しく,,,verified,0.95,,
138789,3817,獺祭,,,verified,0.95,,
138790,3817,獺祭BLUE,,,verified,0.95,,
138791,3817,耶馬美人,,,verified,0.95,,
138792,4280,よかいち,,,verified,0.95,,
138793,4280,昴,,,verified,0.95,,
138794,4280,松竹梅白壁蔵,,,verified,0.95,,
138795,4280,澪,,,verified,0.95,,
138796,4280,然土,,,verified,0.95,,
138797,4280,瑞音,,,verified,0.95,,
138798,4280,白壁蔵,,,verified,0.95,,
138799,4280,豪快,,,verified,0.95,,
138800,4281,TAN TAKA TAN SHISO梅酒,,,verified,0.95,,
138801,4281,ここよい,,,verified,0.95,,
138802,4281,しゃばだ,,,verified,0.95,,
138803,4281,ニッポンプレミアム,,,verified,0.95,,
138804,4281,ネプチューン,,,verified,0.95,,
138805,4281,マイィ グラン・クリュ,,,verified,0.95,,
138806,4281,一滴千両,,,verified,0.95,,
138807,4281,博多の華,,,verified,0.95,,
138808,4281,秋田サワー,,,verified,0.95,,
138809,4281,鍛高譚,,,verified,0.95,,
138810,4281,鰊御殿,,,verified,0.95,,
138811,4281,鳳瑞,,,verified,0.95,,
138812,4281,鴬宿梅,,,verified,0.95,,
138813,4305,にごり酒,,,verified,0.95,,
138814,4305,五代目龍平,,,verified,0.95,,
138815,4305,冷やおろし,,,verified,0.95,,
138816,4305,林,,,verified,0.95,,
138817,4305,歓びの絆 純米大吟醸,,,verified,0.95,,
138818,4305,残心 三割磨き,,,verified,0.95,,
138819,4305,残心 純米吟醸,,,verified,0.95,,
138820,4305,残心 雄町60,,,verified,0.95,,
138821,4305,水のささやき,,,verified,0.95,,
138822,4305,源じいの森,,,verified,0.95,,
138823,4305,純米吟醸,,,verified,0.95,,
138824,4305,純米大吟醸,,,verified,0.95,,
138825,4305,関桜,,,verified,0.95,,
138826,4305,鳳凰美田,,,verified,0.95,,
138827,4305,黒部峡,,,verified,0.95,,
138828,4613,どでか芋,,,verified,0.95,,
138829,4613,どでか麦,,,verified,0.95,,
138830,4613,大金持 麦,,,verified,0.95,,
138831,4613,孤独な天使,,,verified,0.95,,
138832,4613,日向の夏子,,,verified,0.95,,
138833,4613,櫻泉,,,verified,0.95,,
138834,4613,清酒 角の井 百合仕込み,,,verified,0.95,,
138835,4613,無邪鬼,,,verified,0.95,,
138836,4613,焼酎 百助,,,verified,0.95,,
138837,4613,爽 飫肥杉,,,verified,0.95,,
138838,4613,神武,,,verified,0.95,,
138839,4613,芋の達人,,,verified,0.95,,
138840,4613,角の井,,,verified,0.95,,
138841,4613,角ノ井,,,verified,0.95,,
138842,5260,しろいさけ,,,verified,0.95,,
138843,5260,ほほえみ,,,verified,0.95,,
138844,5260,初代久太郎,,,verified,0.95,,
138845,5260,日光路,,,verified,0.95,,
138846,5260,柏盛,,,verified,0.95,,
138847,5260,粕華,,,verified,0.95,,
138848,5260,素顔,,,verified,0.95,,
138849,5265,一心伝,,,verified,0.95,,
138850,5265,一楽,,,verified,0.95,,
138851,5265,久保田,,,verified,0.95,,
138852,5265,勝保,,,verified,0.95,,
138853,5265,呼友,,,verified,0.95,,
138854,5265,得月,,,verified,0.95,,
138855,5265,朝日山,,,verified,0.95,,
138856,5265,洗心,,,verified,0.95,,
138857,5265,継,,,verified,0.95,,
138858,5265,越乃かぎろひ,,,verified,0.95,,
138859,5265,越州,,,verified,0.95,,
138860,5507,あわっしゅ,,,verified,0.95,,
138861,5507,弐式,,,verified,0.95,,
138862,5507,越の誉,,,verified,0.95,,
138863,5507,銀の翼,,,verified,0.95,,
138864,5992,どぶろく（紅）,,,verified,0.95,,
138865,5992,びほろ,,,verified,0.95,,
138866,5992,上撰黒松 能鷹,,,verified,0.95,,
138867,5992,亀甲蔵,,,verified,0.95,,
138868,5992,公乃松,,,verified,0.95,,
138869,5992,北の一星,,,verified,0.95,,
138870,5992,宝川,,,verified,0.95,,
138871,5992,小樽美人,,,verified,0.95,,
138872,5992,山鳥毛,,,verified,0.95,,
138873,5992,田中酒造,,,verified,0.95,,
138874,5992,能鷹,,,verified,0.95,,
138875,6004,久住 千羽鶴,,,verified,0.95,,
138876,6004,久住千羽鶴,,,verified,0.95,,
138877,6004,千羽鶴,,,verified,0.95,,
138878,6007,おろち,,,verified,0.95,,
138879,6007,クラウド,,,verified,0.95,,
138880,6007,出雲,,,verified,0.95,,
138881,6007,春團治,,,verified,0.95,,
138882,6007,春陽,,,verified,0.95,,
138883,6007,智則,,,verified,0.95,,
138884,6007,月の雫,,,verified,0.95,,
138885,6007,月山,,,verified,0.95,,
138886,6007,月山 純米吟醸,,,verified,0.95,,
138887,6007,月山 芳醇辛口純米,,,verified,0.95,,
138888,6007,月梅,,,verified,0.95,,
138889,6007,緑一,,,verified,0.95,,
138890,6007,美月,,,verified,0.95,,
138891,6010,あわっしゅ,,,verified,0.95,,
138892,6010,弐式,,,verified,0.95,,
138893,6010,越の誉,,,verified,0.95,,
138894,6010,銀の翼,,,verified,0.95,,
138895,6070,にごり酒,,,verified,0.95,,
138896,6070,五代目龍平,,,verified,0.95,,
138897,6070,冷やおろし,,,verified,0.95,,
138898,6070,歓びの絆 純米大吟醸,,,verified,0.95,,
138899,6070,残心 三割磨き,,,verified,0.95,,
138900,6070,残心 純米吟醸,,,verified,0.95,,
138901,6070,残心 雄町60,,,verified,0.95,,
138902,6070,源じいの森,,,verified,0.95,,
138903,6070,純米吟醸,,,verified,0.95,,
138904,6070,純米大吟醸,,,verified,0.95,,
138905,6080,神都の祈り,,,verified,0.95,,
138906,6080,耶馬美人,,,verified,0.95,,
138907,6087,かねたまる,,,verified,0.95,,
138908,6558,鳳凰美田,,,verified,0.95,,
138909,6563,櫻一文字,,,verified,0.95,,
138910,6741,とっぱい,,,verified,0.95,,
138911,6741,喜納屋,,,verified,0.95,,
138912,6741,大分麦焼酎「とっぱい」,,,verified,0.95,,
138913,6741,関の舌,,,verified,0.95,,
138914,6891,おひるねみかん酒,,,verified,0.95,,
138915,6891,推譲,,,verified,0.95,,
138916,6891,清酒 角の井 百合仕込み,,,verified,0.95,,
138917,6891,焼酎 百助,,,verified,0.95,,
138918,6891,箱根山,,,verified,0.95,,
138919,6891,箱根薔薇,,,verified,0.95,,
138920,6891,角の井,,,verified,0.95,,
138921,6891,角ノ井,,,verified,0.95,,
138922,7293,竹生嶋,,,verified,0.95,,
138923,7923,仙介,,,verified,0.95,,
138924,7923,泉姫,,,verified,0.95,,
138925,7923,琥泉,,,verified,0.95,,
138926,7926,あわっしゅ,,,verified,0.95,,
138927,7926,弐式,,,verified,0.95,,
138928,7926,越の誉,,,verified,0.95,,
138929,7926,銀の翼,,,verified,0.95,,
138930,7936,あわっしゅ,,,verified,0.95,,
138931,7936,弐式,,,verified,0.95,,
138932,7936,越の誉,,,verified,0.95,,
138933,7936,銀の翼,,,verified,0.95,,
138934,8824,ISAINA,,,verified,0.95,,
138935,8824,よかいち,,,verified,0.95,,
138936,8824,タンチュー,,,verified,0.95,,
138937,8824,レジェンド,,,verified,0.95,,
138938,8824,一刻者,,,verified,0.95,,
138939,8824,宝焼酎,,,verified,0.95,,
138940,8824,昴,,,verified,0.95,,
138941,8824,松竹梅,,,verified,0.95,,
138942,8824,松竹梅白壁蔵,,,verified,0.95,,
138943,8824,澪,,,verified,0.95,,
138944,8824,然土,,,verified,0.95,,
138945,8824,瑞音,,,verified,0.95,,
138946,8824,白壁蔵,,,verified,0.95,,
138947,8824,純,,,verified,0.95,,
138948,8824,豪快,,,verified,0.95,,
138949,57778,久住千羽鶴,,,verified,0.95,,
138950,57799,PRUNE MAGIC,,,verified,0.95,,
138951,57799,チルグリーン,,,verified,0.95,,
138952,57799,伝兵衛梅朱,,,verified,0.95,,
138953,57799,兼重源酒,,,verified,0.95,,
138954,57799,天璋院篤姫,,,verified,0.95,,
138955,57799,宇吉,,,verified,0.95,,
138956,57799,斉彬乃夢,,,verified,0.95,,
138957,57799,海童,,,verified,0.95,,
138958,57799,薩州正宗,,,verified,0.95,,
138959,57799,金山来福,,,verified,0.95,,
138960,57834,一番札,,,verified,0.95,,
138961,57839,OLD SECRET,,,verified,0.95,,
138962,57839,いいとも,,,verified,0.95,,
138963,57839,いいともBLUE,,,verified,0.95,,
138964,57839,そば雲海,,,verified,0.95,,
138965,57839,マヤンの呟き,,,verified,0.95,,
138966,57839,久蔵,,,verified,0.95,,
138967,57839,初御代,,,verified,0.95,,
138968,57839,吉兆雲海,,,verified,0.95,,
138969,57839,大地の香輝,,,verified,0.95,,
138970,57839,大河の一滴,,,verified,0.95,,
138971,57839,日向古秘,,,verified,0.95,,
138972,57839,日向木挽,,,verified,0.95,,
138973,57839,甕匠,,,verified,0.95,,
138974,57839,登喜一,,,verified,0.95,,
138975,57839,綾セレクション,,,verified,0.95,,
138976,57839,綾古稀,,,verified,0.95,,
138977,57839,薩摩古秘,,,verified,0.95,,
138978,57839,那由多の刻,,,verified,0.95,,
138979,57858,千代鶴,,,verified,0.95,,
138980,57858,東京酒蔵魂,,,verified,0.95,,
138981,57858,高尾山,,,verified,0.95,,
138982,57879,元文,,,verified,0.95,,
138983,57879,大日泉,,,verified,0.95,,
138984,57931,あわっしゅ,,,verified,0.95,,
138985,57931,弐式,,,verified,0.95,,
138986,57931,越の誉,,,verified,0.95,,
138987,57931,銀の翼,,,verified,0.95,,
138988,57936,仙介,,,verified,0.95,,
138989,57936,泉姫,,,verified,0.95,,
138990,57936,琥泉,,,verified,0.95,,
138991,65973,PRUNE MAGIC,,,verified,0.95,,
138992,65973,だいやめ,,,verified,0.95,,
138993,65973,チルグリーン,,,verified,0.95,,
138994,65973,伝兵衛梅朱,,,verified,0.95,,
138995,65973,兼重源酒,,,verified,0.95,,
138996,65973,天璋院篤姫,,,verified,0.95,,
138997,65973,宇吉,,,verified,0.95,,
138998,65973,斉彬乃夢,,,verified,0.95,,
138999,65973,海童,,,verified,0.95,,
139000,65973,薩州正宗,,,verified,0.95,,
139001,65973,金山来福,,,verified,0.95,,
139002,65973,隠し蔵,,,verified,0.95,,
139003,65998,OLD SECRET,,,verified,0.95,,
139004,65998,いいとも,,,verified,0.95,,
139005,65998,いいともBLUE,,,verified,0.95,,
139006,65998,さつま木挽,,,verified,0.95,,
139007,65998,そば雲海,,,verified,0.95,,
139008,65998,マヤンの呟き,,,verified,0.95,,
139009,65998,久蔵,,,verified,0.95,,
139010,65998,初御代,,,verified,0.95,,
139011,65998,吉兆雲海,,,verified,0.95,,
139012,65998,大地の香輝,,,verified,0.95,,
139013,65998,大河の一滴,,,verified,0.95,,
139014,65998,日向古秘,,,verified,0.95,,
139015,65998,日向木挽,,,verified,0.95,,
139016,65998,木挽BLUE,,,verified,0.95,,
139017,65998,甕匠,,,verified,0.95,,
139018,65998,登喜一,,,verified,0.95,,
139019,65998,綾セレクション,,,verified,0.95,,
139020,65998,綾古稀,,,verified,0.95,,
139021,65998,薩摩古秘,,,verified,0.95,,
139022,65998,那由多の刻,,,verified,0.95,,
139023,2,酒ぬのや本金,,,verified,0.95,,
139024,3,伊東,,,verified,0.95,,
139025,4,宮坂,,,verified,0.95,,
139026,6,豊島屋,,,verified,0.95,,
139027,7,磐栄運送諏訪御湖鶴場,,,verified,0.95,,
139028,8,戸田,,,verified,0.95,,
139029,10,丸世店,,,verified,0.95,,
139030,11,井賀屋場,,,verified,0.95,,
139031,12,玉村,,,verified,0.95,,
139032,13,山形屋,,,verified,0.95,,
139033,14,田中屋店,,,verified,0.95,,
139034,15,角口店,,,verified,0.95,,
139035,17,市野屋,,,verified,0.95,,
139036,18,白馬錦㈱,,,verified,0.95,,
139037,19,北安,,,verified,0.95,,
139038,22,今井店,,,verified,0.95,,
139039,23,高橋助作店,,,verified,0.95,,
139040,24,東飯田店,,,verified,0.95,,
139041,25,酒千蔵野,,,verified,0.95,,
139042,26,長野銘醸,,,verified,0.95,,
139043,27,西飯田店,,,verified,0.95,,
139044,28,尾澤場,,,verified,0.95,,
139045,29,桝一市村場,,,verified,0.95,,
139046,30,松葉屋,,,verified,0.95,,
139047,31,高沢,,,verified,0.95,,
139048,32,よしのや,,,verified,0.95,,
139049,33,坂井銘醸,,,verified,0.95,,
139050,34,遠藤場,,,verified,0.95,,
139051,37,大塚,,,verified,0.95,,
139052,39,戸塚,,,verified,0.95,,
139053,40,古屋店,,,verified,0.95,,
139054,41,武重本家,,,verified,0.95,,
139055,42,大澤,,,verified,0.95,,
139056,43,土屋店,,,verified,0.95,,
139057,44,芙蓉,,,verified,0.95,,
139058,45,伴野,,,verified,0.95,,
139059,46,木内,,,verified,0.95,,
139060,47,橘倉,,,verified,0.95,,
139061,50,芙蓉協同組合,,,verified,0.95,,
139062,51,合名会社奥澤商会,,,verified,0.95,,
139063,53,岩波合資会社,,,verified,0.95,,
139064,54,笹井,,,verified,0.95,,
139065,56,亀田屋店,,,verified,0.95,,
139066,57,合資会社丸永場,,,verified,0.95,,
139067,60,EH,,,verified,0.95,,
139068,61,小野店,,,verified,0.95,,
139069,62,山岸酒店,,,verified,0.95,,
139070,63,春日,,,verified,0.95,,
139071,64,合資会社宮島酒店,,,verified,0.95,,
139072,66,長生社,,,verified,0.95,,
139073,67,米澤,,,verified,0.95,,
139074,68,湯川店,,,verified,0.95,,
139075,70,中善店,,,verified,0.95,,
139076,71,西尾,,,verified,0.95,,
139077,72,岡崎,,,verified,0.95,,
139078,73,沓掛,,,verified,0.95,,
139079,74,若林,,,verified,0.95,,
139080,77,信州銘醸,,,verified,0.95,,
139081,81,合資会社 喜多の華場,,,verified,0.95,,
139082,82,合名会社 大木代吉,,,verified,0.95,,
139083,83,合資会社 辰泉,,,verified,0.95,,
139084,84,合名会社 大谷忠吉,,,verified,0.95,,
139085,85,金水晶店,,,verified,0.95,,
139086,87,合資会社 吉の川店,,,verified,0.95,,
139087,88,佐藤店,,,verified,0.95,,
139088,90,渡辺,,,verified,0.95,,
139089,91,玄葉,,,verified,0.95,,
139090,92,若関,,,verified,0.95,,
139091,94,矢澤店,,,verified,0.95,,
139092,95,松崎,,,verified,0.95,,
139093,97,豊国 合資会社,,,verified,0.95,,
139094,99,合資会社 稲川店,,,verified,0.95,,
139095,100,太平桜 合資会社,,,verified,0.95,,
139096,101,小原,,,verified,0.95,,
139097,102,山口 合名会社,,,verified,0.95,,
139098,103,寿々乃井店,,,verified,0.95,,
139099,104,鈴木店,,,verified,0.95,,
139100,105,峰の雪場,,,verified,0.95,,
139101,106,有賀 合資会社,,,verified,0.95,,
139102,109,檜物屋店,,,verified,0.95,,
139103,110,栄川 合資会社,,,verified,0.95,,
139104,112,合名会社 四家店,,,verified,0.95,,
139105,114,豊國 合資会社,,,verified,0.95,,
139106,115,合資会社 白井店,,,verified,0.95,,
139107,116,髙橋庄作店,,,verified,0.95,,
139108,117,末廣  嘉永蔵,,,verified,0.95,,
139109,118,合資会社 会津錦,,,verified,0.95,,
139110,119,磐梯,,,verified,0.95,,
139111,121,廣木,,,verified,0.95,,
139112,122,合資会社 大和川店,,,verified,0.95,,
139113,124,国権,,,verified,0.95,,
139114,125,ほまれ,,,verified,0.95,,
139115,126,人気,,,verified,0.95,,
139116,128,宮泉銘醸,,,verified,0.95,,
139117,129,仁井田本家,,,verified,0.95,,
139118,131,合資会社 男山店,,,verified,0.95,,
139119,210,上越,,,verified,0.95,,
139120,211,八海,,,verified,0.95,,
139121,212,田中,,,verified,0.95,,
139122,213,津南,,,verified,0.95,,
139123,214,マスカガミ,,,verified,0.95,,
139124,217,武蔵野,,,verified,0.95,,
139125,219,合名会社渡辺店,,,verified,0.95,,
139126,220,新潟銘醸,,,verified,0.95,,
139127,221,松乃井場,,,verified,0.95,,
139128,222,高野,,,verified,0.95,,
139129,226,新潟一粒,,,verified,0.95,,
139130,227,朝妻,,,verified,0.95,,
139131,228,加藤店,,,verified,0.95,,
139132,230,宮尾,,,verified,0.95,,
139133,231,尾畑,,,verified,0.95,,
139134,232,関原,,,verified,0.95,,
139135,235,久須美,,,verified,0.95,,
139136,236,よしかわ杜氏の郷,,,verified,0.95,,
139137,237,阿部,,,verified,0.95,,
139138,238,河忠,,,verified,0.95,,
139139,239,LAGOON BREWERY合同会社(ラグーンブリュワリー),,,verified,0.95,,
139140,240,田原,,,verified,0.95,,
139141,242,恩田,,,verified,0.95,,
139142,246,合資会社竹田店,,,verified,0.95,,
139143,248,塩川,,,verified,0.95,,
139144,249,石本,,,verified,0.95,,
139145,250,サケアイ | SAKENOVA BREWERY,,,verified,0.95,,
139146,251,小山店,,,verified,0.95,,
139147,255,越つかの,,,verified,0.95,,
139148,257,長谷川,,,verified,0.95,,
139149,258,近藤,,,verified,0.95,,
139150,259,石塚,,,verified,0.95,,
139151,260,雪椿,,,verified,0.95,,
139152,261,越銘醸,,,verified,0.95,,
139153,262,頚城,,,verified,0.95,,
139154,263,魚沼,,,verified,0.95,,
139155,265,美峰新潟支社,,,verified,0.95,,
139156,266,加藤,,,verified,0.95,,
139157,267,大洋,,,verified,0.95,,
139158,268,弥彦,,,verified,0.95,,
139159,269,お福,,,verified,0.95,,
139160,270,猪又,,,verified,0.95,,
139161,271,雪と里山所,,,verified,0.95,,
139162,272,下越,,,verified,0.95,,
139163,273,越後伝衛門,,,verified,0.95,,
139164,275,中川,,,verified,0.95,,
139165,276,栃倉,,,verified,0.95,,
139166,277,高の井,,,verified,0.95,,
139167,279,住乃井,,,verified,0.95,,
139168,280,池田屋,,,verified,0.95,,
139169,282,妙高,,,verified,0.95,,
139170,284,諸橋,,,verified,0.95,,
139171,285,逸見,,,verified,0.95,,
139172,287,青木,,,verified,0.95,,
139173,288,丸山場,,,verified,0.95,,
139174,290,金鵄盃,,,verified,0.95,,
139175,291,玉川,,,verified,0.95,,
139176,292,池浦,,,verified,0.95,,
139177,293,ふじの井,,,verified,0.95,,
139178,294,苗場,,,verified,0.95,,
139179,295,新潟第一,,,verified,0.95,,
139180,296,代々菊,,,verified,0.95,,
139181,297,越後場,,,verified,0.95,,
139182,298,朝日,,,verified,0.95,,
139183,300,樋木,,,verified,0.95,,
139184,527,那波商店,,,verified,0.95,,
139185,528,齋彌店,,,verified,0.95,,
139186,529,飛良泉本舗,,,verified,0.95,,
139187,530,秋田製造,,,verified,0.95,,
139188,531,浅舞,,,verified,0.95,,
139189,533,高橋店,,,verified,0.95,,
139190,534,木村,,,verified,0.95,,
139191,535,奥田店,,,verified,0.95,,
139192,536,秋田,,,verified,0.95,,
139193,537,佐藤店,,,verified,0.95,,
139194,539,合名会社秋田富士店,,,verified,0.95,,
139195,543,舞鶴,,,verified,0.95,,
139196,544,合名会社 栗林店,,,verified,0.95,,
139197,547,小玉,,,verified,0.95,,
139198,548,秋田,,,verified,0.95,,
139199,550,福乃友,,,verified,0.95,,
139200,552,合名会社 鈴木店,,,verified,0.95,,
139201,553,喜久水合資会社,,,verified,0.95,,
139202,554,秋田県醗酵工業,,,verified,0.95,,
139203,556,秋田銘醸,,,verified,0.95,,
139204,558,秋田誉,,,verified,0.95,,
139205,619,坊垣合名会社,,,verified,0.95,,
139206,620,神戸酒心館,,,verified,0.95,,
139207,622,安福又四郎商店,,,verified,0.95,,
139208,623,髙嶋食品,,,verified,0.95,,
139209,624,太田,,,verified,0.95,,
139210,626,小山本家,,,verified,0.95,,
139211,629,國産,,,verified,0.95,,
139212,630,木谷,,,verified,0.95,,
139213,631,本野田,,,verified,0.95,,
139214,633,辰馬本家,,,verified,0.95,,
139215,634,松竹梅,,,verified,0.95,,
139216,635,大澤本家,,,verified,0.95,,
139217,636,北山,,,verified,0.95,,
139218,637,万代大澤,,,verified,0.95,,
139219,639,今津,,,verified,0.95,,
139220,643,田治米合名会社,,,verified,0.95,,
139221,644,此の友,,,verified,0.95,,
139222,645,出石,,,verified,0.95,,
139223,648,神崎,,,verified,0.95,,
139224,650,壺坂,,,verified,0.95,,
139225,651,ヤヱガキ,,,verified,0.95,,
139226,652,本田商店,,,verified,0.95,,
139227,653,田中場,,,verified,0.95,,
139228,654,姫路灘菊,,,verified,0.95,,
139229,655,下村店,,,verified,0.95,,
139230,656,山陽盃,,,verified,0.95,,
139231,658,奥藤商事,,,verified,0.95,,
139232,659,西山場,,,verified,0.95,,
139233,661,鴨庄,,,verified,0.95,,
139234,663,狩場一,,,verified,0.95,,
139235,665,黄桜 丹波工場,,,verified,0.95,,
139236,667,三宅,,,verified,0.95,,
139237,669,明石,,,verified,0.95,,
139238,670,江井ヶ嶋,,,verified,0.95,,
139239,671,茨木合名会社,,,verified,0.95,,
139240,672,西海,,,verified,0.95,,
139241,673,大和,,,verified,0.95,,
139242,674,稲見,,,verified,0.95,,
139243,675,合名会社岡田本家,,,verified,0.95,,
139244,676,キング,,,verified,0.95,,
139245,677,日本の古酒蔵,,,verified,0.95,,
139246,678,小西,,,verified,0.95,,
139247,679,伊丹老松,,,verified,0.95,,
139248,680,川辺,,,verified,0.95,,
139249,681,岡村場,,,verified,0.95,,
139250,851,長沼合名会社,,,verified,0.95,,
139251,852,小嶋総,,,verified,0.95,,
139252,853,浜田,,,verified,0.95,,
139253,854,佐藤佐治右衛門,,,verified,0.95,,
139254,855,寿虎屋,,,verified,0.95,,
139255,857,秀鳳場,,,verified,0.95,,
139256,858,オードヴィ庄内,,,verified,0.95,,
139257,859,鈴木店 長井蔵,,,verified,0.95,,
139258,860,若の井,,,verified,0.95,,
139259,861,冨士,,,verified,0.95,,
139260,863,加茂川,,,verified,0.95,,
139261,864,羽根田,,,verified,0.95,,
139262,865,月山,,,verified,0.95,,
139263,866,新藤店,,,verified,0.95,,
139264,867,渡會,,,verified,0.95,,
139265,868,高木,,,verified,0.95,,
139266,869,松山,,,verified,0.95,,
139267,870,酒田,,,verified,0.95,,
139268,873,嵐山,,,verified,0.95,,
139269,874,合資会社杉勇蕨岡場,,,verified,0.95,,
139270,875,男山,,,verified,0.95,,
139271,876,香坂,,,verified,0.95,,
139272,878,後藤店,,,verified,0.95,,
139273,879,合資会社高橋店,,,verified,0.95,,
139274,880,中沖店,,,verified,0.95,,
139275,882,楯の川,,,verified,0.95,,
139276,883,竹の露合資会社,,,verified,0.95,,
139277,884,千代寿虎屋,,,verified,0.95,,
139278,885,加藤嘉八郎,,,verified,0.95,,
139279,886,小屋,,,verified,0.95,,
139280,887,設楽店,,,verified,0.95,,
139281,888,奥羽自慢,,,verified,0.95,,
139282,889,桜川,,,verified,0.95,,
139283,890,水戸部,,,verified,0.95,,
139284,891,古澤,,,verified,0.95,,
139285,892,和田合資会社,,,verified,0.95,,
139286,893,錦爛,,,verified,0.95,,
139287,896,東北銘醸,,,verified,0.95,,
139288,930,朝倉,,,verified,0.95,,
139289,932,旭松,,,verified,0.95,,
139290,934,池田屋,,,verified,0.95,,
139291,935,石蔵,,,verified,0.95,,
139292,936,伊豆,,,verified,0.95,,
139293,937,みいの寿,,,verified,0.95,,
139294,938,梅ヶ谷,,,verified,0.95,,
139295,940,大里,,,verified,0.95,,
139296,942,片岡場,,,verified,0.95,,
139297,943,勝屋 合名会社,,,verified,0.95,,
139298,946,合資会社 後藤場,,,verified,0.95,,
139299,947,小林,,,verified,0.95,,
139300,948,篠崎,,,verified,0.95,,
139301,950,蔵内堂,,,verified,0.95,,
139302,951,高野場,,,verified,0.95,,
139303,952,高橋商店,,,verified,0.95,,
139304,954,玉水 合資会社,,,verified,0.95,,
139305,955,筑紫の誉,,,verified,0.95,,
139306,956,千歳乃松,,,verified,0.95,,
139307,957,豊村,,,verified,0.95,,
139308,958,戸渡,,,verified,0.95,,
139309,959,野田,,,verified,0.95,,
139310,960,ニッカウヰスキー,,,verified,0.95,,
139311,961,花関,,,verified,0.95,,
139312,962,ベストアメニティ,,,verified,0.95,,
139313,963,浜地,,,verified,0.95,,
139314,964,林場,,,verified,0.95,,
139315,967,飛龍,,,verified,0.95,,
139316,968,福島,,,verified,0.95,,
139317,969,福太郎,,,verified,0.95,,
139318,974,瑞穂錦,,,verified,0.95,,
139319,975,無法松,,,verified,0.95,,
139320,976,柳川,,,verified,0.95,,
139321,978,森山,,,verified,0.95,,
139322,979,山口場,,,verified,0.95,,
139323,981,若竹屋場,,,verified,0.95,,
139324,982,若波 合名会社,,,verified,0.95,,
139325,983,萩尾場,,,verified,0.95,,
139326,984,紅乙女,,,verified,0.95,,
139327,985,博多焼酎 研醸,,,verified,0.95,,
139328,986,叡醂,,,verified,0.95,,
139329,987,楽丸,,,verified,0.95,,
139330,988,ゑびす,,,verified,0.95,,
139331,989,天盃,,,verified,0.95,,
139332,990,西吉田,,,verified,0.95,,
139333,991,後藤 合資会社,,,verified,0.95,,
139334,992,いそのさわ,,,verified,0.95,,
139335,993,溝上,,,verified,0.95,,
139336,1118,白杉,,,verified,0.95,,
139337,1119,吉岡場,,,verified,0.95,,
139338,1120,竹野,,,verified,0.95,,
139339,1121,木下,,,verified,0.95,,
139340,1122,熊野,,,verified,0.95,,
139341,1123,谷口,,,verified,0.95,,
139342,1124,向井,,,verified,0.95,,
139343,1125,与謝娘合名会社,,,verified,0.95,,
139344,1126,ハクレイ,,,verified,0.95,,
139345,1127,池田,,,verified,0.95,,
139346,1128,東和,,,verified,0.95,,
139347,1129,若宮,,,verified,0.95,,
139348,1132,大石,,,verified,0.95,,
139349,1133,佐々木,,,verified,0.95,,
139350,1134,松井,,,verified,0.95,,
139351,1137,北川本家,,,verified,0.95,,
139352,1138,共同,,,verified,0.95,,
139353,1140,キンシ正宗,,,verified,0.95,,
139354,1142,小山本家京都伏見工場,,,verified,0.95,,
139355,1143,齊藤,,,verified,0.95,,
139356,1147,豊澤,,,verified,0.95,,
139357,1148,東山,,,verified,0.95,,
139358,1149,藤岡,,,verified,0.95,,
139359,1150,平和合資会社,,,verified,0.95,,
139360,1151,増田德兵衞商店,,,verified,0.95,,
139361,1152,松本,,,verified,0.95,,
139362,1153,松山,,,verified,0.95,,
139363,1155,山本本家,,,verified,0.95,,
139364,1156,伏見銘酒協同組合,,,verified,0.95,,
139365,1375,清洲桜,,,verified,0.95,,
139366,1377,山盛,,,verified,0.95,,
139367,1378,萬乗,,,verified,0.95,,
139368,1379,山星,,,verified,0.95,,
139369,1380,丸井合名会社,,,verified,0.95,,
139370,1382,藤市,,,verified,0.95,,
139371,1383,内藤,,,verified,0.95,,
139372,1385,鶴見,,,verified,0.95,,
139373,1386,水谷,,,verified,0.95,,
139374,1387,渡辺,,,verified,0.95,,
139375,1388,山忠本家,,,verified,0.95,,
139376,1389,青木,,,verified,0.95,,
139377,1390,甘強,,,verified,0.95,,
139378,1391,山田,,,verified,0.95,,
139379,1392,中埜,,,verified,0.95,,
139380,1393,盛田金しゃち,,,verified,0.95,,
139381,1394,丸一,,,verified,0.95,,
139382,1395,原田合資会社,,,verified,0.95,,
139383,1396,澤田,,,verified,0.95,,
139384,1398,伊東,,,verified,0.95,,
139385,1399,永井治一郎,,,verified,0.95,,
139386,1401,相生ユニビオ,,,verified,0.95,,
139387,1402,山﨑合資会社,,,verified,0.95,,
139388,1403,丸石,,,verified,0.95,,
139389,1404,合資会社柴田場,,,verified,0.95,,
139390,1405,豊田,,,verified,0.95,,
139391,1406,浦野合資会社,,,verified,0.95,,
139392,1407,中垣,,,verified,0.95,,
139393,1408,福井,,,verified,0.95,,
139394,1409,関谷,,,verified,0.95,,
139395,1840,三和,,,verified,0.95,,
139396,1841,浜松,,,verified,0.95,,
139397,1844,神沢川場,,,verified,0.95,,
139398,1846,万大合資会社,,,verified,0.95,,
139399,1847,大村屋場,,,verified,0.95,,
139400,1848,駿河場,,,verified,0.95,,
139401,1849,静岡平喜,,,verified,0.95,,
139402,1851,青島,,,verified,0.95,,
139403,1852,御殿場石川,,,verified,0.95,,
139404,1853,土井場,,,verified,0.95,,
139405,1854,遠州山中,,,verified,0.95,,
139406,1856,杉井,,,verified,0.95,,
139407,1858,牧野合資会社,,,verified,0.95,,
139408,1859,富士高砂,,,verified,0.95,,
139409,1863,森本合資会社,,,verified,0.95,,
139410,1865,根上店,,,verified,0.95,,
139411,1866,髙嶋,,,verified,0.95,,
139412,1914,中村,,,verified,0.95,,
139413,1915,金光,,,verified,0.95,,
139414,1916,三井場,,,verified,0.95,,
139415,1917,中島屋場,,,verified,0.95,,
139416,1919,竹内場,,,verified,0.95,,
139417,1922,堀江酒場,,,verified,0.95,,
139418,1923,新谷,,,verified,0.95,,
139419,1924,永山合名会社,,,verified,0.95,,
139420,1925,長州,,,verified,0.95,,
139421,1927,山城屋,,,verified,0.95,,
139422,1928,八百新,,,verified,0.95,,
139423,1929,酒井,,,verified,0.95,,
139424,1930,澄川場,,,verified,0.95,,
139425,1931,八千代合名会社,,,verified,0.95,,
139426,1932,川村場,,,verified,0.95,,
139427,1933,永山本家場,,,verified,0.95,,
139428,1934,岡崎場,,,verified,0.95,,
139429,1935,阿武の鶴合資会社,,,verified,0.95,,
139430,1936,岩崎,,,verified,0.95,,
139431,2127,足立合資会社,,,verified,0.95,,
139432,2130,小町,,,verified,0.95,,
139433,2132,三輪,,,verified,0.95,,
139434,2133,武内合資会社,,,verified,0.95,,
139435,2134,渡辺醸,,,verified,0.95,,
139436,2135,大塚,,,verified,0.95,,
139437,2136,池田屋,,,verified,0.95,,
139438,2137,所合資会社,,,verified,0.95,,
139439,2138,杉原,,,verified,0.95,,
139440,2139,玉泉堂,,,verified,0.95,,
139441,2140,小坂場,,,verified,0.95,,
139442,2141,御代桜,,,verified,0.95,,
139443,2142,白扇,,,verified,0.95,,
139444,2143,平和錦,,,verified,0.95,,
139445,2144,合資会社山田商店,,,verified,0.95,,
139446,2146,平野合資会社,,,verified,0.95,,
139447,2147,原場,,,verified,0.95,,
139448,2148,中島,,,verified,0.95,,
139449,2153,平井場,,,verified,0.95,,
139450,2154,はざま,,,verified,0.95,,
139451,2155,山内,,,verified,0.95,,
139452,2156,大橋,,,verified,0.95,,
139453,2157,岩村,,,verified,0.95,,
139454,2158,恵那三郷工場,,,verified,0.95,,
139455,2159,恵那福岡工場,,,verified,0.95,,
139456,2160,川尻場,,,verified,0.95,,
139457,2161,二木,,,verified,0.95,,
139458,2162,平瀬店,,,verified,0.95,,
139459,2163,老田店,,,verified,0.95,,
139460,2164,舩坂店,,,verified,0.95,,
139461,2165,平田場,,,verified,0.95,,
139462,2166,原田場,,,verified,0.95,,
139463,2169,渡辺店,,,verified,0.95,,
139464,2170,蒲場,,,verified,0.95,,
139465,2171,大坪店,,,verified,0.95,,
139466,2240,久世店,,,verified,0.95,,
139467,2241,武内店,,,verified,0.95,,
139468,2242,福光屋,,,verified,0.95,,
139469,2243,中村,,,verified,0.95,,
139470,2244,やちや,,,verified,0.95,,
139471,2245,金谷店,,,verified,0.95,,
139472,2246,菊姫合資会社,,,verified,0.95,,
139473,2247,小堀店,,,verified,0.95,,
139474,2248,車多,,,verified,0.95,,
139475,2249,吉田店,,,verified,0.95,,
139476,2250,加越,,,verified,0.95,,
139477,2251,鹿野,,,verified,0.95,,
139478,2252,合同会社西出,,,verified,0.95,,
139479,2253,合資会社手塚場,,,verified,0.95,,
139480,2255,松浦,,,verified,0.95,,
139481,2257,鳥屋,,,verified,0.95,,
139482,2258,合資会社布施店,,,verified,0.95,,
139483,2259,御祖,,,verified,0.95,,
139484,2260,春成店,,,verified,0.95,,
139485,2261,櫻田,,,verified,0.95,,
139486,2263,松波,,,verified,0.95,,
139487,2264,数馬,,,verified,0.95,,
139488,2265,清水店,,,verified,0.95,,
139489,2266,鶴野店,,,verified,0.95,,
139490,2267,合名会社中島店,,,verified,0.95,,
139491,2268,中野,,,verified,0.95,,
139492,2269,中納,,,verified,0.95,,
139493,2270,白藤店,,,verified,0.95,,
139494,2271,日吉店,,,verified,0.95,,
139495,2481,松岡,,,verified,0.95,,
139496,2482,横関店,,,verified,0.95,,
139497,2483,権田,,,verified,0.95,,
139498,2484,長澤,,,verified,0.95,,
139499,2485,南陽,,,verified,0.95,,
139500,2488,タイセー秩父菊水所,,,verified,0.95,,
139501,2489,丸山,,,verified,0.95,,
139502,2490,北西,,,verified,0.95,,
139503,2491,寒梅,,,verified,0.95,,
139504,2492,麻原,,,verified,0.95,,
139505,2493,藤﨑摠兵衛商店,,,verified,0.95,,
139506,2494,キング,,,verified,0.95,,
139507,2495,釜屋,,,verified,0.95,,
139508,2496,石井,,,verified,0.95,,
139509,2497,滝澤,,,verified,0.95,,
139510,2498,大瀧,,,verified,0.95,,
139511,2499,清龍,,,verified,0.95,,
139512,2501,鈴木,,,verified,0.95,,
139513,2502,清水,,,verified,0.95,,
139514,2504,藤橋藤三郎商店,,,verified,0.95,,
139515,2505,内木,,,verified,0.95,,
139516,2506,佐藤店,,,verified,0.95,,
139517,2507,小江戸鏡山,,,verified,0.95,,
139518,2508,東亜,,,verified,0.95,,
139519,2509,川端,,,verified,0.95,,
139520,2510,横田,,,verified,0.95,,
139521,2511,矢尾,,,verified,0.95,,
139522,2512,小山本家,,,verified,0.95,,
139523,2680,今村合資会社,,,verified,0.95,,
139524,2681,梅錦山川,,,verified,0.95,,
139525,2682,近藤,,,verified,0.95,,
139526,2683,蔵本屋,,,verified,0.95,,
139527,2685,首藤,,,verified,0.95,,
139528,2686,武田,,,verified,0.95,,
139529,2687,成龍,,,verified,0.95,,
139530,2688,八木部,,,verified,0.95,,
139531,2691,水口,,,verified,0.95,,
139532,2692,栄光,,,verified,0.95,,
139533,2693,島田,,,verified,0.95,,
139534,2694,合名会社武智酒店,,,verified,0.95,,
139535,2696,協和,,,verified,0.95,,
139536,2697,佐々木合名会社,,,verified,0.95,,
139537,2698,酒六,,,verified,0.95,,
139538,2701,松田,,,verified,0.95,,
139539,2703,川亀合資会社,,,verified,0.95,,
139540,2704,元見屋酒店,,,verified,0.95,,
139541,2705,最進合名会社,,,verified,0.95,,
139542,2706,中城本家合名会社,,,verified,0.95,,
139543,2707,西本,,,verified,0.95,,
139544,2709,名門サカイ,,,verified,0.95,,
139545,2710,正木正光場,,,verified,0.95,,
139546,2711,赤松本家,,,verified,0.95,,
139547,2712,合資会社小西場,,,verified,0.95,,
139548,2713,宇都宮,,,verified,0.95,,
139549,3188,宮下,,,verified,0.95,,
139550,3189,萬歳,,,verified,0.95,,
139551,3190,板野場,,,verified,0.95,,
139552,3191,板野,,,verified,0.95,,
139553,3192,藤原,,,verified,0.95,,
139554,3193,赤磐,,,verified,0.95,,
139555,3194,室町,,,verified,0.95,,
139556,3195,利守,,,verified,0.95,,
139557,3196,小宮山,,,verified,0.95,,
139558,3197,高祖,,,verified,0.95,,
139559,3200,熊屋,,,verified,0.95,,
139560,3201,森田,,,verified,0.95,,
139561,3202,渡辺,,,verified,0.95,,
139562,3203,三宅,,,verified,0.95,,
139563,3204,ヨイキゲン,,,verified,0.95,,
139564,3205,菊池,,,verified,0.95,,
139565,3206,不二菊,,,verified,0.95,,
139566,3207,神露,,,verified,0.95,,
139567,3208,平喜,,,verified,0.95,,
139568,3209,丸本,,,verified,0.95,,
139569,3211,妹尾,,,verified,0.95,,
139570,3212,藤澤藤左衛門商店,,,verified,0.95,,
139571,3213,大内場,,,verified,0.95,,
139572,3214,瀧本,,,verified,0.95,,
139573,3215,山成,,,verified,0.95,,
139574,3216,芳烈,,,verified,0.95,,
139575,3217,落場,,,verified,0.95,,
139576,3218,白菊,,,verified,0.95,,
139577,3219,赤木,,,verified,0.95,,
139578,3222,難波,,,verified,0.95,,
139579,3223,多胡本家場,,,verified,0.95,,
139580,3224,田中場,,,verified,0.95,,
139581,3226,吉田,,,verified,0.95,,
139582,3228,高島,,,verified,0.95,,
139583,3231,山野,,,verified,0.95,,
139584,3234,西條合資会社,,,verified,0.95,,
139585,3235,寺田,,,verified,0.95,,
139586,3236,井坂場,,,verified,0.95,,
139587,3237,北庄司店,,,verified,0.95,,
139588,3238,浪花,,,verified,0.95,,
139589,3239,サントリー,,,verified,0.95,,
139590,3240,利休蔵,,,verified,0.95,,
139591,3441,盛田庄兵衛,,,verified,0.95,,
139592,3443,八戸五戸工場,,,verified,0.95,,
139593,3445,八戸八鶴工場,,,verified,0.95,,
139594,3446,八戸,,,verified,0.95,,
139595,3447,西田店,,,verified,0.95,,
139596,3448,鳴海店,,,verified,0.95,,
139597,3449,中村亀吉,,,verified,0.95,,
139598,3450,カネタ玉田店,,,verified,0.95,,
139599,3451,三浦,,,verified,0.95,,
139600,3452,六花,,,verified,0.95,,
139601,3455,尾崎,,,verified,0.95,,
139602,3456,六ヶ所地域振興開発,,,verified,0.95,,
139603,3796,松島,,,verified,0.95,,
139604,3797,今村,,,verified,0.95,,
139605,3799,小川本家,,,verified,0.95,,
139606,3800,合資会社後藤場,,,verified,0.95,,
139607,3801,細川,,,verified,0.95,,
139608,3803,石川,,,verified,0.95,,
139609,3804,伊藤,,,verified,0.95,,
139610,3805,合名会社早川,,,verified,0.95,,
139611,3806,合資会社早川部,,,verified,0.95,,
139612,3807,タカハシ,,,verified,0.95,,
139613,3808,丸彦,,,verified,0.95,,
139614,3809,安達本家,,,verified,0.95,,
139615,3810,宮﨑,,,verified,0.95,,
139616,3811,清水清三郎商店,,,verified,0.95,,
139617,3812,新良,,,verified,0.95,,
139618,3813,中山,,,verified,0.95,,
139619,3814,河武,,,verified,0.95,,
139620,3815,元坂,,,verified,0.95,,
139621,3816,伊勢萬,,,verified,0.95,,
139622,3818,井村屋,,,verified,0.95,,
139623,3819,中井,,,verified,0.95,,
139624,3820,森喜,,,verified,0.95,,
139625,3821,大田,,,verified,0.95,,
139626,3822,橋本場,,,verified,0.95,,
139627,3823,木屋正,,,verified,0.95,,
139628,3824,合名会社福持場,,,verified,0.95,,
139629,4108,小澤,,,verified,0.95,,
139630,4109,石川,,,verified,0.95,,
139631,4110,田村場,,,verified,0.95,,
139632,4111,野﨑,,,verified,0.95,,
139633,4112,中村,,,verified,0.95,,
139634,4113,小澤場,,,verified,0.95,,
139635,4114,豊島屋,,,verified,0.95,,
139636,4115,合名会社野口店,,,verified,0.95,,
139637,4116,東京港,,,verified,0.95,,
139638,4117,東京八王子,,,verified,0.95,,
139639,4118,土屋,,,verified,0.95,,
139640,4276,飯沼本家,,,verified,0.95,,
139641,4277,滝沢,,,verified,0.95,,
139642,4279,窪田,,,verified,0.95,,
139643,4281,合同酒精,,,verified,0.95,,
139644,4282,流山キッコーマン,,,verified,0.95,,
139645,4283,ニッカウヰスキー,,,verified,0.95,,
139646,4284,宮崎店,,,verified,0.95,,
139647,4285,須藤本家,,,verified,0.95,,
139648,4286,吉崎,,,verified,0.95,,
139649,4287,藤平,,,verified,0.95,,
139650,4288,森店,,,verified,0.95,,
139651,4289,和蔵貞元蔵,,,verified,0.95,,
139652,4290,小泉,,,verified,0.95,,
139653,4291,和蔵竹岡蔵,,,verified,0.95,,
139654,4292,亀田,,,verified,0.95,,
139655,4295,吉野,,,verified,0.95,,
139656,4297,豊乃鶴,,,verified,0.95,,
139657,4299,岩瀬,,,verified,0.95,,
139658,4301,守屋,,,verified,0.95,,
139659,4302,寒菊銘醸,,,verified,0.95,,
139660,4303,花の友,,,verified,0.95,,
139661,4304,石上,,,verified,0.95,,
139662,4305,小林場,,,verified,0.95,,
139663,4306,宮崎本家,,,verified,0.95,,
139664,4307,青柳,,,verified,0.95,,
139665,4309,馬場,,,verified,0.95,,
139666,4310,寺田本家,,,verified,0.95,,
139667,4311,鍋店,,,verified,0.95,,
139668,4312,飯田本家,,,verified,0.95,,
139669,4612,石井,,,verified,0.95,,
139670,4613,井上,,,verified,0.95,,
139671,4614,中沢,,,verified,0.95,,
139672,4615,合資会社川西屋店,,,verified,0.95,,
139673,4616,吉川,,,verified,0.95,,
139674,4617,金井店,,,verified,0.95,,
139675,4618,大矢孝,,,verified,0.95,,
139676,4619,黄金井,,,verified,0.95,,
139677,4620,清水,,,verified,0.95,,
139678,4621,久保田,,,verified,0.95,,
139679,4623,熊澤,,,verified,0.95,,
139680,4695,仙台伊澤家 勝山,,,verified,0.95,,
139681,4696,内ヶ崎店,,,verified,0.95,,
139682,4698,佐々木店,,,verified,0.95,,
139683,4699,佐浦,,,verified,0.95,,
139684,4702,新澤店,,,verified,0.95,,
139685,4703,森民店,,,verified,0.95,,
139686,4704,田中店,,,verified,0.95,,
139687,4705,山和店,,,verified,0.95,,
139688,4706,川敬商店,,,verified,0.95,,
139689,4707,寒梅,,,verified,0.95,,
139690,4708,中勇店,,,verified,0.95,,
139691,4709,千田,,,verified,0.95,,
139692,4712,石越,,,verified,0.95,,
139693,4713,角星,,,verified,0.95,,
139694,4714,男山,,,verified,0.95,,
139695,4715,平孝,,,verified,0.95,,
139696,4717,大沼店,,,verified,0.95,,
139697,5239,常山合資会社,,,verified,0.95,,
139698,5240,田嶋,,,verified,0.95,,
139699,5242,毛利合資会社,,,verified,0.95,,
139700,5243,安本,,,verified,0.95,,
139701,5244,美川場,,,verified,0.95,,
139702,5245,舟木合資会社,,,verified,0.95,,
139703,5247,田辺,,,verified,0.95,,
139704,5248,吉田,,,verified,0.95,,
139705,5249,西岡河村,,,verified,0.95,,
139706,5250,吉田金右衛門商店,,,verified,0.95,,
139707,5251,力泉,,,verified,0.95,,
139708,5252,伊藤合資会社,,,verified,0.95,,
139709,5253,久保田合資会社,,,verified,0.95,,
139710,5254,坪三合資会社,,,verified,0.95,,
139711,5255,真名鶴合資会社,,,verified,0.95,,
139712,5256,南部場,,,verified,0.95,,
139713,5257,宇野場,,,verified,0.95,,
139714,5259,一本義久保,,,verified,0.95,,
139715,5260,片山,,,verified,0.95,,
139716,5261,堀口,,,verified,0.95,,
139717,5262,畠山,,,verified,0.95,,
139718,5263,合資会社加藤吉平商店,,,verified,0.95,,
139719,5265,朝日,,,verified,0.95,,
139720,5266,丹生,,,verified,0.95,,
139721,5268,三宅彦右衛門,,,verified,0.95,,
139722,5503,岡田店,,,verified,0.95,,
139723,5505,田中店,,,verified,0.95,,
139724,5506,青木,,,verified,0.95,,
139725,5507,萩原,,,verified,0.95,,
139726,5509,山中店,,,verified,0.95,,
139727,5510,野村,,,verified,0.95,,
139728,5511,竹村店,,,verified,0.95,,
139729,5512,結城,,,verified,0.95,,
139730,5513,須藤本家,,,verified,0.95,,
139731,5514,笹目宗兵衛商店,,,verified,0.95,,
139732,5515,磯蔵,,,verified,0.95,,
139733,5516,廣瀬,,,verified,0.95,,
139734,5518,稲葉,,,verified,0.95,,
139735,5519,合資会社浦里店,,,verified,0.95,,
139736,5521,村井,,,verified,0.95,,
139737,5522,西岡,,,verified,0.95,,
139738,5523,吉久保,,,verified,0.95,,
139739,5524,月の井店,,,verified,0.95,,
139740,5525,明利,,,verified,0.95,,
139741,5526,木内 1823,,,verified,0.95,,
139742,5527,岡部合名会社,,,verified,0.95,,
139743,5529,檜山,,,verified,0.95,,
139744,5531,根本,,,verified,0.95,,
139745,5532,合資会社井坂店,,,verified,0.95,,
139746,5533,嶋崎,,,verified,0.95,,
139747,5534,森島,,,verified,0.95,,
139748,5535,菊乃香,,,verified,0.95,,
139749,5536,合資会社椎名店,,,verified,0.95,,
139750,5570,赤武,,,verified,0.95,,
139751,5572,わしの尾,,,verified,0.95,,
139752,5573,月の輪店,,,verified,0.95,,
139753,5574,紫波店,,,verified,0.95,,
139754,5575,合名会社吾妻嶺店,,,verified,0.95,,
139755,5576,高橋店,,,verified,0.95,,
139756,5578,合資会社川村店,,,verified,0.95,,
139757,5579,岩手銘醸,,,verified,0.95,,
139758,5584,上閉伊,,,verified,0.95,,
139759,5585,菱屋店,,,verified,0.95,,
139760,5586,泉金ホールディングス,,,verified,0.95,,
139761,5589,小豆島,,,verified,0.95,,
139762,5592,丸尾,,,verified,0.95,,
139763,5593,西野金陵,,,verified,0.95,,
139764,5779,今西清兵衛商店,,,verified,0.95,,
139765,5780,奈良豊澤,,,verified,0.95,,
139766,5782,上田,,,verified,0.95,,
139767,5785,稲田 合名会社,,,verified,0.95,,
139768,5787,喜多,,,verified,0.95,,
139769,5788,河合,,,verified,0.95,,
139770,5789,澤田,,,verified,0.95,,
139771,5790,大倉本家,,,verified,0.95,,
139772,5793,油長,,,verified,0.95,,
139773,5794,葛城,,,verified,0.95,,
139774,5796,山本本家,,,verified,0.95,,
139775,5797,五條,,,verified,0.95,,
139776,5799,西内,,,verified,0.95,,
139777,5800,芳村,,,verified,0.95,,
139778,5801,久保本家,,,verified,0.95,,
139779,5802,北村,,,verified,0.95,,
139780,5803,北岡,,,verified,0.95,,
139781,5804,藤村,,,verified,0.95,,
139782,5982,平井商店,,,verified,0.95,,
139783,5984,太田,,,verified,0.95,,
139784,5985,古川,,,verified,0.95,,
139785,5987,藤本,,,verified,0.95,,
139786,5990,安井利彦場,,,verified,0.95,,
139787,5991,滋賀,,,verified,0.95,,
139788,5992,田中,,,verified,0.95,,
139789,5993,瀬古,,,verified,0.95,,
139790,5994,望月,,,verified,0.95,,
139791,5995,松瀬,,,verified,0.95,,
139792,5996,矢尾,,,verified,0.95,,
139793,5998,喜多,,,verified,0.95,,
139794,5999,増本藤兵衛場,,,verified,0.95,,
139795,6000,中澤,,,verified,0.95,,
139796,6002,岡村本家,,,verified,0.95,,
139797,6003,藤居本家,,,verified,0.95,,
139798,6004,佐藤,,,verified,0.95,,
139799,6005,冨田,,,verified,0.95,,
139800,6006,山路,,,verified,0.95,,
139801,6007,吉田,,,verified,0.95,,
139802,6008,池本,,,verified,0.95,,
139803,6009,川島,,,verified,0.95,,
139804,6010,上原,,,verified,0.95,,
139805,6011,福井弥平商店,,,verified,0.95,,
139806,6039,㈱勢玉,,,verified,0.95,,
139807,6040,吉本㈱,,,verified,0.95,,
139808,6041,㈱近藤松太郎商店,,,verified,0.95,,
139809,6042,㈲定作場,,,verified,0.95,,
139810,6043,㈲齋藤場,,,verified,0.95,,
139811,6044,吉田㈱,,,verified,0.95,,
139812,6045,津乃峰㈱,,,verified,0.95,,
139813,6046,那賀㈲,,,verified,0.95,,
139814,6047,㈱本家松浦場,,,verified,0.95,,
139815,6048,㈱木内,,,verified,0.95,,
139816,6049,日新㈱,,,verified,0.95,,
139817,6050,司菊㈱,,,verified,0.95,,
139818,6051,矢川㈱,,,verified,0.95,,
139819,6052,㈴中和商店,,,verified,0.95,,
139820,6053,三芳菊㈱,,,verified,0.95,,
139821,6054,芳水㈲,,,verified,0.95,,
139822,6055,可楽智㈱,,,verified,0.95,,
139823,6056,天真㈱,,,verified,0.95,,
139824,6057,鳴門金時蒸留所,,,verified,0.95,,
139825,6058,㈱鳴門のいも屋,,,verified,0.95,,
139826,6070,林場,,,verified,0.95,,
139827,6073,魚津,,,verified,0.95,,
139828,6074,千代鶴合資会社,,,verified,0.95,,
139829,6075,白岩,,,verified,0.95,,
139830,6076,桝田店,,,verified,0.95,,
139831,6078,吉乃友,,,verified,0.95,,
139832,6081,高澤場,,,verified,0.95,,
139833,6082,清都場,,,verified,0.95,,
139834,6085,吉江,,,verified,0.95,,
139835,6086,黒田,,,verified,0.95,,
139836,6087,合名会社若駒場,,,verified,0.95,,
139837,6162,八巻店,,,verified,0.95,,
139838,6163,福徳長,,,verified,0.95,,
139839,6164,山梨銘醸,,,verified,0.95,,
139840,6165,横内店,,,verified,0.95,,
139841,6167,萬屋店,,,verified,0.95,,
139842,6168,サン．フーズ,,,verified,0.95,,
139843,6171,井出店,,,verified,0.95,,
139844,6172,濵田,,,verified,0.95,,
139845,6173,泰石,,,verified,0.95,,
139846,6527,町田店,,,verified,0.95,,
139847,6528,栁澤,,,verified,0.95,,
139848,6530,井田,,,verified,0.95,,
139849,6531,岡村合名会社,,,verified,0.95,,
139850,6532,牧野,,,verified,0.95,,
139851,6533,柴崎,,,verified,0.95,,
139852,6534,美峰,,,verified,0.95,,
139853,6535,高井,,,verified,0.95,,
139854,6536,松屋,,,verified,0.95,,
139855,6537,聖徳銘醸,,,verified,0.95,,
139856,6538,浅間,,,verified,0.95,,
139857,6541,大利根,,,verified,0.95,,
139858,6542,永井,,,verified,0.95,,
139859,6543,永井本家,,,verified,0.95,,
139860,6544,近藤,,,verified,0.95,,
139861,6547,清水屋,,,verified,0.95,,
139862,6548,山川,,,verified,0.95,,
139863,6549,山崎,,,verified,0.95,,
139864,6550,島岡,,,verified,0.95,,
139865,6551,森ノ所,,,verified,0.95,,
139866,6552,箱館醸蔵,,,verified,0.95,,
139867,6553,函館五稜乃蔵,,,verified,0.95,,
139868,6555,田中,,,verified,0.95,,
139869,6556,日本清酒,,,verified,0.95,,
139870,6557,国稀,,,verified,0.95,,
139871,6558,小林,,,verified,0.95,,
139872,6560,髙砂,,,verified,0.95,,
139873,6561,合同酒精,,,verified,0.95,,
139874,6566,碓氷勝三郎商店,,,verified,0.95,,
139875,6740,濵川商店,,,verified,0.95,,
139876,6741,南場,,,verified,0.95,,
139877,6744,有光場,,,verified,0.95,,
139878,6745,仙頭場,,,verified,0.95,,
139879,6746,高木,,,verified,0.95,,
139880,6747,アリサワ,,,verified,0.95,,
139881,6748,松尾,,,verified,0.95,,
139882,6749,土佐,,,verified,0.95,,
139883,6751,川澤,,,verified,0.95,,
139884,6752,高知,,,verified,0.95,,
139885,6755,西岡店,,,verified,0.95,,
139886,6756,文本,,,verified,0.95,,
139887,6759,熊本県研究所,,,verified,0.95,,
139888,6765,山村合名会社,,,verified,0.95,,
139889,6766,河津,,,verified,0.95,,
139890,6767,室原合名会社,,,verified,0.95,,
139891,6768,亀萬合資会社,,,verified,0.95,,
139892,6864,川崎場,,,verified,0.95,,
139893,6865,藤本,,,verified,0.95,,
139894,6866,あくがれ蒸留所,,,verified,0.95,,
139895,6867,佐藤焼酎製造場,,,verified,0.95,,
139896,6869,やまや蒸留所,,,verified,0.95,,
139897,6870,岩倉,,,verified,0.95,,
139898,6871,黒木,,,verified,0.95,,
139899,6873,尾鈴山蒸留所,,,verified,0.95,,
139900,6874,すき,,,verified,0.95,,
139901,6875,合資会社生駒高原,,,verified,0.95,,
139902,6876,明石,,,verified,0.95,,
139903,6877,大浦,,,verified,0.95,,
139904,6878,柳田合名会社,,,verified,0.95,,
139905,6879,霧島,,,verified,0.95,,
139906,6880,渡邊場,,,verified,0.95,,
139907,6881,川越場,,,verified,0.95,,
139908,6882,落合場,,,verified,0.95,,
139909,6883,雲海,,,verified,0.95,,
139910,6884,小玉,,,verified,0.95,,
139911,6885,酒蔵王手門,,,verified,0.95,,
139912,6886,京屋,,,verified,0.95,,
139913,6887,櫻乃峰,,,verified,0.95,,
139914,6888,古澤合名会社,,,verified,0.95,,
139915,6890,宮田,,,verified,0.95,,
139916,6891,井上,,,verified,0.95,,
139917,6892,櫻の郷,,,verified,0.95,,
139918,6893,焼酎日南協同組合,,,verified,0.95,,
139919,6896,寿海,,,verified,0.95,,
139920,6897,高千穂,,,verified,0.95,,
139921,6898,アカツキ合資会社,,,verified,0.95,,
139922,6900,姫泉合資会社,,,verified,0.95,,
139923,6978,合資会社伊藤場,,,verified,0.95,,
139924,6979,合資会社吉田屋,,,verified,0.95,,
139925,6981,今里,,,verified,0.95,,
139926,6983,合資会社山﨑場,,,verified,0.95,,
139927,6984,あい娘合資会社,,,verified,0.95,,
139928,6985,森場,,,verified,0.95,,
139929,6987,潜龍,,,verified,0.95,,
139930,6989,重家,,,verified,0.95,,
139931,6990,壱岐の蔵,,,verified,0.95,,
139932,7110,藤居,,,verified,0.95,,
139933,7111,縣屋,,,verified,0.95,,
139934,7112,山田場,,,verified,0.95,,
139935,7113,大地,,,verified,0.95,,
139936,7114,四ツ谷,,,verified,0.95,,
139937,7115,久家,,,verified,0.95,,
139938,7117,中野,,,verified,0.95,,
139939,7119,藤居,,,verified,0.95,,
139940,7120,常徳屋場,,,verified,0.95,,
139941,7121,小手川,,,verified,0.95,,
139942,7122,牟礼鶴,,,verified,0.95,,
139943,7123,浜嶋,,,verified,0.95,,
139944,7124,萱島,,,verified,0.95,,
139945,7126,矢野場,,,verified,0.95,,
139946,7127,ぶんご銘醸,,,verified,0.95,,
139947,7128,佐藤,,,verified,0.95,,
139948,7129,小松場,,,verified,0.95,,
139949,7131,赤嶺場,,,verified,0.95,,
139950,7132,三和,,,verified,0.95,,
139951,7133,民潮酒舗,,,verified,0.95,,
139952,7134,小野,,,verified,0.95,,
139953,7136,クンチョウ,,,verified,0.95,,
139954,7137,久保酒蔵,,,verified,0.95,,
139955,7139,二階堂,,,verified,0.95,,
139956,7140,吉良,,,verified,0.95,,
139957,7141,萱島,,,verified,0.95,,
139958,7142,井上,,,verified,0.95,,
139959,7196,天吹合資会社,,,verified,0.95,,
139960,7197,合資会社基山商店,,,verified,0.95,,
139961,7199,大和,,,verified,0.95,,
139962,7201,小柳,,,verified,0.95,,
139963,7204,鳴滝,,,verified,0.95,,
139964,7205,小松,,,verified,0.95,,
139965,7206,合名会社樋渡場,,,verified,0.95,,
139966,7207,川浪商事,,,verified,0.95,,
139967,7211,井手,,,verified,0.95,,
139968,7212,瀬頭,,,verified,0.95,,
139969,7213,五町田,,,verified,0.95,,
139970,7214,矢野,,,verified,0.95,,
139971,7215,馬場場,,,verified,0.95,,
139972,7217,合資会社光武場,,,verified,0.95,,
139973,7218,富久千代,,,verified,0.95,,
139974,7281,隠岐,,,verified,0.95,,
139975,7282,池月,,,verified,0.95,,
139976,7283,桑原酒場,,,verified,0.95,,
139977,7284,板倉,,,verified,0.95,,
139978,7285,若林,,,verified,0.95,,
139979,7286,旭日,,,verified,0.95,,
139980,7287,富士合資会社,,,verified,0.95,,
139981,7288,木次,,,verified,0.95,,
139982,7290,米田,,,verified,0.95,,
139983,7291,奥出雲,,,verified,0.95,,
139984,7292,青砥,,,verified,0.95,,
139985,7293,吉田,,,verified,0.95,,
139986,7294,日本海,,,verified,0.95,,
139987,7296,酒持田,,,verified,0.95,,
139988,7298,古橋,,,verified,0.95,,
139989,7299,簸上清酒合名会社,,,verified,0.95,,
139990,7302,合資会社石州,,,verified,0.95,,
139991,7303,岡田屋,,,verified,0.95,,
139992,7304,田部竹下,,,verified,0.95,,
139993,7305,一宮,,,verified,0.95,,
139994,7306,赤名,,,verified,0.95,,
139995,7307,財間酒場,,,verified,0.95,,
139996,7308,右田,,,verified,0.95,,
139997,7336,井上清吉商店,,,verified,0.95,,
139998,7337,飯沼銘醸,,,verified,0.95,,
139999,7338,吉井,,,verified,0.95,,
140000,7340,外池店,,,verified,0.95,,
140001,7341,富川店,,,verified,0.95,,
140002,7342,北関,,,verified,0.95,,
140003,7343,相良,,,verified,0.95,,
140004,7345,片山,,,verified,0.95,,
140005,7347,せんきん,,,verified,0.95,,
140006,7348,松井店,,,verified,0.95,,
140007,7349,宇都宮,,,verified,0.95,,
140008,7350,森戸,,,verified,0.95,,
140009,7351,第一,,,verified,0.95,,
140010,7352,渡邉,,,verified,0.95,,
140011,7353,杉田,,,verified,0.95,,
140012,7354,島崎,,,verified,0.95,,
140013,7355,渡辺佐平商店,,,verified,0.95,,
140014,7357,虎屋,,,verified,0.95,,
140015,7358,白相,,,verified,0.95,,
140016,7359,小林,,,verified,0.95,,
140017,7361,辻善兵衛商店,,,verified,0.95,,
140018,7363,池島,,,verified,0.95,,
140019,7364,小島店,,,verified,0.95,,
140020,7396,山根場,,,verified,0.95,,
140021,7397,高田場,,,verified,0.95,,
140022,7398,福羅,,,verified,0.95,,
140023,7399,久米櫻,,,verified,0.95,,
140024,7400,稲田,,,verified,0.95,,
140025,7401,中井,,,verified,0.95,,
140026,7404,中川,,,verified,0.95,,
140027,7405,大谷,,,verified,0.95,,
140028,7406,藤井合資会社,,,verified,0.95,,
140029,7407,太田場,,,verified,0.95,,
140030,7408,大岩,,,verified,0.95,,
140031,7409,諏訪,,,verified,0.95,,
140032,7891,入江豊三郎,,,verified,0.95,,
140033,7892,岡本亀太郎,,,verified,0.95,,
140034,7893,藤井,,,verified,0.95,,
140035,7894,中尾,,,verified,0.95,,
140036,7895,今田,,,verified,0.95,,
140037,7897,盛川,,,verified,0.95,,
140038,7898,醉心山根,,,verified,0.95,,
140039,7899,吉源場,,,verified,0.95,,
140040,7900,アシードブリュー,,,verified,0.95,,
140041,7903,三輪,,,verified,0.95,,
140042,7904,山岡,,,verified,0.95,,
140043,7908,生熊,,,verified,0.95,,
140044,7909,北村場,,,verified,0.95,,
140045,7910,江田島銘醸,,,verified,0.95,,
140046,7913,馬上,,,verified,0.95,,
140047,7914,合名会社梅田場,,,verified,0.95,,
140048,7916,小野,,,verified,0.95,,
140049,7917,川本英介,,,verified,0.95,,
140050,7925,金光合資会社,,,verified,0.95,,
140051,7926,向原,,,verified,0.95,,
140052,7929,小泉,,,verified,0.95,,
140053,7930,津田,,,verified,0.95,,
140054,7932,サクラオ ブルワリー アンド ディスティラリー,,,verified,0.95,,
140055,7933,三宅,,,verified,0.95,,
140056,7934,中野光次郎,,,verified,0.95,,
140057,7935,白天龍場,,,verified,0.95,,
140058,7936,相原,,,verified,0.95,,
140059,8817,尾﨑,,,verified,0.95,,
140060,8818,髙垣,,,verified,0.95,,
140061,8819,平松本家場,,,verified,0.95,,
140062,8820,九重雜賀,,,verified,0.95,,
140063,8823,平和,,,verified,0.95,,
140064,8825,中野BC,,,verified,0.95,,
140065,8826,島本場,,,verified,0.95,,
140066,8827,名手店,,,verified,0.95,,
140067,8828,田端,,,verified,0.95,,
140068,8830,天長島村,,,verified,0.95,,
140069,8831,世界一統,,,verified,0.95,,
140070,33103,合同会社ねっか,,,verified,0.95,,
140071,36987,DHC,,,verified,0.95,,
140072,57747,三和,,,verified,0.95,,
140073,57748,国分,,,verified,0.95,,
140074,57749,霧島町蒸留所,,,verified,0.95,,
140075,57752,さつま無双,,,verified,0.95,,
140076,57753,松﨑合名会社,,,verified,0.95,,
140077,57754,田崎,,,verified,0.95,,
140078,57755,若松,,,verified,0.95,,
140079,57756,小正,,,verified,0.95,,
140080,57758,薩摩金山蔵,,,verified,0.95,,
140081,57759,尾込商店,,,verified,0.95,,
140082,57761,宇都,,,verified,0.95,,
140083,57762,櫻井,,,verified,0.95,,
140084,57763,中俣,,,verified,0.95,,
140085,57764,指宿,,,verified,0.95,,
140086,57765,吉永,,,verified,0.95,,
140087,57767,山元,,,verified,0.95,,
140088,57768,オガタマ,,,verified,0.95,,
140089,57769,田苑,,,verified,0.95,,
140090,57770,塩田,,,verified,0.95,,
140091,57771,植園合資会社,,,verified,0.95,,
140092,57772,軸屋,,,verified,0.95,,
140093,57773,小牧,,,verified,0.95,,
140094,57774,祁答院蒸溜所,,,verified,0.95,,
140095,57775,大石,,,verified,0.95,,
140096,57777,長島研醸,,,verified,0.95,,
140097,57779,大口,,,verified,0.95,,
140098,57780,岩川,,,verified,0.95,,
140099,57782,天星,,,verified,0.95,,
140100,57786,髙﨑,,,verified,0.95,,
140101,57787,四元,,,verified,0.95,,
140102,57788,上妻,,,verified,0.95,,
140103,57789,奄美大島開運,,,verified,0.95,,
140104,57790,富田場,,,verified,0.95,,
140105,57792,高岡,,,verified,0.95,,
140106,57793,中村,,,verified,0.95,,
140107,57796,沖永良部,,,verified,0.95,,
140108,57797,新納,,,verified,0.95,,
140109,57798,焼酎蔵 薩州濵田屋伝兵衛,,,verified,0.95,,
140110,57799,濵田 傳藏院蔵,,,verified,0.95,,
140111,57800,新平,,,verified,0.95,,
140112,57801,高良,,,verified,0.95,,
140113,57802,本坊 屋久島伝承蔵,,,verified,0.95,,
140114,57803,本坊 鹿児島工場,,,verified,0.95,,
140115,57804,本坊 知覧蒸溜所,,,verified,0.95,,
140116,57805,本坊 津貫蒸溜所,,,verified,0.95,,
140117,57806,知覧,,,verified,0.95,,
140118,57807,種子島,,,verified,0.95,,
140119,57808,宮乃露,,,verified,0.95,,
140120,57809,杉本,,,verified,0.95,,
140121,57810,アットスター,,,verified,0.95,,
140122,57811,西平本家,,,verified,0.95,,
140123,57812,杜氏の里笠沙,,,verified,0.95,,
140124,57813,吉永,,,verified,0.95,,
140125,57814,村尾合資会社,,,verified,0.95,,
140126,57815,甲斐商店,,,verified,0.95,,
140127,57816,鹿児島,,,verified,0.95,,
140128,57819,白金,,,verified,0.95,,
140129,57820,日當山,,,verified,0.95,,
140130,57821,白露カンパニー,,,verified,0.95,,
140131,57822,農業法人 八千代伝,,,verified,0.95,,
140132,57823,奄美大島開運奄美伝承蔵,,,verified,0.95,,
140133,57824,神崎産業,,,verified,0.95,,
140134,57825,吹上焼酎,,,verified,0.95,,
140135,57826,薩摩 頴娃蒸溜所,,,verified,0.95,,
140136,57827,薩摩 火の神蒸溜所,,,verified,0.95,,
140137,57828,薩摩,,,verified,0.95,,
140138,57829,合資会社弥生焼酎所,,,verified,0.95,,
140139,57830,長山,,,verified,0.95,,
140140,57831,南洲合資会社,,,verified,0.95,,
140141,57832,白玉,,,verified,0.95,,
140142,57833,奄美大島,,,verified,0.95,,
140143,57834,ニッカウヰスキー さつま司蒸留蔵,,,verified,0.95,,
140144,57835,松永場,,,verified,0.95,,
140145,57836,原田,,,verified,0.95,,
140146,57837,丸西 蓬原蒸溜所,,,verified,0.95,,
140147,57838,宮内,,,verified,0.95,,
140148,57839,雲海 出水蔵,,,verified,0.95,,
140149,57840,万膳,,,verified,0.95,,
140150,57841,若潮,,,verified,0.95,,
140151,57842,佐多宗二商店,,,verified,0.95,,
140152,57843,みしま焼酎 無垢の蔵,,,verified,0.95,,
140153,57844,田村合名会社,,,verified,0.95,,
140154,57845,出水,,,verified,0.95,,
140155,57846,きりしま高原麦酒,,,verified,0.95,,
140156,57847,大山合名会社,,,verified,0.95,,
140157,57848,神川,,,verified,0.95,,
140158,57849,西平,,,verified,0.95,,
140159,57850,奄美大島にしかわ,,,verified,0.95,,
140160,57851,竿田,,,verified,0.95,,
140161,57852,農業生産法人 南国,,,verified,0.95,,
140162,57853,有村,,,verified,0.95,,
140163,57854,町田,,,verified,0.95,,
140164,57855,天川,,,verified,0.95,,
140165,57857,大山甚七商店,,,verified,0.95,,
140166,57858,中村場,,,verified,0.95,,
140167,57860,山田,,,verified,0.95,,
140168,57861,亀澤場,,,verified,0.95,,
140169,57862,白石,,,verified,0.95,,
140170,57863,鹿児島㈱黒瀬杜氏伝承蔵,,,verified,0.95,,
140171,57864,健土 牛ノ根蒸留所,,,verified,0.95,,
140172,57865,抜群合資会社,,,verified,0.95,,
140173,57866,渕田場,,,verified,0.95,,
140174,57867,渕田,,,verified,0.95,,
140175,57868,深野,,,verified,0.95,,
140176,57870,房の露株式會社,,,verified,0.95,,
140177,57871,白岳研究所,,,verified,0.95,,
140178,57872,林場,,,verified,0.95,,
140179,57874,合資会社寿福場,,,verified,0.95,,
140180,57875,木下所,,,verified,0.95,,
140181,57876,松本場,,,verified,0.95,,
140182,57877,松の泉合資会社,,,verified,0.95,,
140183,57878,松下場,,,verified,0.95,,
140184,57879,合資会社宮原場,,,verified,0.95,,
140185,57880,合資会社宮元場,,,verified,0.95,,
140186,57881,那須場,,,verified,0.95,,
140187,57882,合資会社大石場,,,verified,0.95,,
140188,57883,六調子,,,verified,0.95,,
140189,57885,高橋 多良木蒸留所,,,verified,0.95,,
140190,57886,合資会社高田場,,,verified,0.95,,
140191,57887,鳥飼,,,verified,0.95,,
140192,57888,合名会社豊永,,,verified,0.95,,
140193,57889,恒松,,,verified,0.95,,
140194,57891,合資会社大和一元,,,verified,0.95,,
140195,57892,北谷長老工場,,,verified,0.95,,
140196,57894,波照間所,,,verified,0.95,,
140197,57895,ヘリオス,,,verified,0.95,,
140198,57896,比嘉,,,verified,0.95,,
140199,57897,伊平屋所,,,verified,0.95,,
140200,57898,池原,,,verified,0.95,,
140201,57899,池間,,,verified,0.95,,
140202,57900,入波平,,,verified,0.95,,
140203,57901,石川場,,,verified,0.95,,
140204,57902,合資会社伊是名所,,,verified,0.95,,
140205,57903,神村,,,verified,0.95,,
140206,57904,神谷所,,,verified,0.95,,
140207,57906,金武,,,verified,0.95,,
140208,57909,久米仙,,,verified,0.95,,
140209,57912,宮里所,,,verified,0.95,,
140210,57914,仲間,,,verified,0.95,,
140211,57915,今帰仁,,,verified,0.95,,
140212,57916,沖之光合資会社,,,verified,0.95,,
140213,57917,合資会社恩納所,,,verified,0.95,,
140214,57919,合名会社崎元所,,,verified,0.95,,
140215,57923,識名,,,verified,0.95,,
140216,57924,新里,,,verified,0.95,,
140217,57925,髙嶺所,,,verified,0.95,,
140218,57926,玉那覇所,,,verified,0.95,,
140219,57928,渡久山,,,verified,0.95,,
140220,57929,津波古,,,verified,0.95,,
140221,57930,合資会社津嘉山所,,,verified,0.95,,
140222,57931,上原,,,verified,0.95,,
140223,57933,山川,,,verified,0.95,,
140224,57934,やんばる,,,verified,0.95,,
140225,57935,米島,,,verified,0.95,,
140226,60307,髙嶺所,,,verified,0.95,,
140227,62595,ALL WRIGHT,,,verified,0.95,,
140228,62596,haccoba,,,verified,0.95,,
140229,62597,LIBROM,,,verified,0.95,,
140230,62598,ハッピー太郎所,,,verified,0.95,,
140231,62599,平六,,,verified,0.95,,
140232,62600,ぷくぷく,,,verified,0.95,,
140233,62601,足立農醸,,,verified,0.95,,
140234,62602,はじまりの学校,,,verified,0.95,,
140235,62603,弥栄,,,verified,0.95,,
140236,62604,WAKAZE,,,verified,0.95,,
140237,62605,天郷所,,,verified,0.95,,
140238,65882,八戸,,,verified,0.95,,
140239,65902,木内,,,verified,0.95,,
140240,65945,吉永,,,verified,0.95,,
140241,65964,髙﨑,,,verified,0.95,,
140242,65972,焼酎蔵 薩州濵田屋伝兵衛,,,verified,0.95,,
140243,65973,濵田 傳藏院蔵,,,verified,0.95,,
140244,65975,本坊 屋久島伝承蔵,,,verified,0.95,,
140245,65976,本坊 鹿児島工場,,,verified,0.95,,
140246,65977,本坊 知覧蒸溜所,,,verified,0.95,,
140247,65978,本坊 津貫蒸溜所,,,verified,0.95,,
140248,65988,農業法人 八千代伝,,,verified,0.95,,
140249,65991,薩摩 頴娃蒸溜所,,,verified,0.95,,
140250,65992,薩摩 火の神蒸溜所,,,verified,0.95,,
140251,65997,丸西 蓬原蒸溜所,,,verified,0.95,,
140252,65998,雲海 出水蔵,,,verified,0.95,,
140253,66001,みしま焼酎 無垢の蔵,,,verified,0.95,,
140254,66015,鹿児島㈱黒瀬杜氏伝承蔵,,,verified,0.95,,
140255,70732,八戸,,,verified,0.95,,
140256,70752,木内,,,verified,0.95,,
140257,933,け・せら・せら,,,active,1.0,,
