id,corporate_no,name,name_norm,kura_name,prefecture,city,address,founded_year,website,category,description,description_generated,status,confidence,source_id,evidence,created_at,updated_at,latitude,longitude,founding_year,visitation_allowed,shop_available
1,,麗人酒造株式会社,麗人酒造,,長野県,,諏訪市諏訪2-9-21,1910,https://reijin.biz/,sake,長野県に蔵を構える麗人酒造株式会社は、明治43年（1910年）創業の歴史を誇る老舗酒蔵です。令和八年 杜氏の腕試し 低音発酵 純米吟醸原酒 720ml 【限定品】令和８年限定醸造。【限定品】 麗人 純米吟醸 山廃仕込み 720ml 【数量限定品】伝統的な山廃仕込みの純米吟醸酒。伝統の技を守りつつ、現代の食文化に寄り添う高品質な美酒を醸し続けています。,0,draft,0.9,kumiai_nagano,【蔵元紹介】諏訪エリア（長野県酒造組合） 蔵元カード: 麗人酒造（株）,2026-07-05 08:01:13,2026-08-02 06:37:42,36.643,138.1741,1910,0,0
2,2100001018319,酒ぬのや本金酒造株式会社,酒ぬのや本金酒造,,長野県,,諏訪市諏訪2-8-21,1910,http://honkin.net/sake,sake,長野県に蔵を構える酒ぬのや本金酒造株式会社は、明治43年（1910年）創業の歴史を誇る老舗酒蔵です。サイズ1800ml／720ml／300ml本醸造 精米歩合60% 毎日、飲みたい酒を目指して 現在のラインナップでは最も長い間愛飲していただいている黄色ラベルの本金です。サイズ1800ml／720ml純米大吟醸 精米歩合39% つうに人気の本醸造生原酒 太一の生原酒、それが樋の口です。伝統の技を守りつつ、現代の食文化に寄り添う高品質な美酒を醸し続けています。,0,draft,0.9,kumiai_nagano,【蔵元紹介】諏訪エリア（長野県酒造組合） 蔵元カード: 酒ぬのや本金酒造（株）,2026-07-05 08:01:13,2026-08-02 06:37:42,36.6447,138.1772,1910,0,0
3,,伊東酒造株式会社,伊東酒造,,長野県,,諏訪市諏訪2-3-6,1910,https://www.yokobue.co.jp/,sake,長野県に蔵を構える伊東酒造株式会社は、明治43年（1910年）創業の歴史を誇る老舗酒蔵です。仕込み水には良質な日本アルプス・八ヶ岳山系清冽雪解け水（軟水）を使用し、小谷杜氏・諏訪杜氏の伝統の技を受け継ぎながら、米の旨味を引き出す真摯な酒造りを追求しています。伝統の技を守りつつ、現代の食文化に寄り添う高品質な美酒を醸し続けています。,0,draft,0.9,kumiai_nagano,【蔵元紹介】諏訪エリア（長野県酒造組合） 蔵元カード: 伊東酒造（株）,2026-07-05 08:01:13,2026-08-02 06:37:42,36.6464,138.1803,1910,0,0
4,1100001020143,宮坂醸造株式会社,宮坂醸造,,長野県,,諏訪市元町1-16,1910,https://www.masumi.jp/,sake,長野県に蔵を構える宮坂醸造株式会社は、明治43年（1910年）創業の歴史を誇る老舗酒蔵です。仕込み水には良質な日本アルプス・八ヶ岳山系清冽雪解け水（軟水）を使用し、小谷杜氏・諏訪杜氏の伝統の技を受け継ぎながら、米の旨味を引き出す真摯な酒造りを追求しています。伝統の技を守りつつ、現代の食文化に寄り添う高品質な美酒を醸し続けています。,0,draft,1.0,kumiai_nagano,【蔵元紹介】諏訪エリア（長野県酒造組合） 蔵元カード: 宮坂醸造（株）,2026-07-05 08:01:13,2026-08-02 06:37:42,36.6481,138.1834,1910,0,0
5,4100001019463,高天酒造株式会社,高天酒造,,長野県,,岡谷市銀座2丁目2-17,1910,http://www.koten-sake.co.jp/,sake,長野県に蔵を構える高天酒造株式会社は、明治43年（1910年）創業の歴史を誇る老舗酒蔵です。価格改定実施日：2026年4月1日 明治４年現在地にて、 初代髙橋巳喜之助により創業。銘柄の「髙天」は祖先の戒名 「髙天良橋禅定門」に由来します。伝統の技を守りつつ、現代の食文化に寄り添う高品質な美酒を醸し続けています。,0,draft,0.9,kumiai_nagano,【蔵元紹介】諏訪エリア（長野県酒造組合） 蔵元カード: 高天酒造（株）,2026-07-05 08:01:13,2026-08-02 06:37:42,36.6498,138.1865,1910,0,0
6,3100001019662,株式会社豊島屋,豊島屋,,長野県,,岡谷市本町3丁目9-1,1910,http://jizake.miwatari.jp/,sake,長野県に蔵を構える株式会社豊島屋は、明治43年（1910年）創業の歴史を誇る老舗酒蔵です。豊かな自然環境に恵まれた長野県で、水と良質な米、そしてすべてが手作業で丁寧に醸造された酒、それが神渡冥利の大吟醸原酒です。神渡　純米吟醸ワイン樽貯蔵　MIWATARI CONNECTIONで培った製法を活かし、神渡と坂城葡萄酒醸造の魅力が最大限に生かされた新感覚の日本酒です。伝統の技を守りつつ、現代の食文化に寄り添う高品質な美酒を醸し続けています。,0,draft,0.9,kumiai_nagano,【蔵元紹介】諏訪エリア（長野県酒造組合） 蔵元カード: （株）豊島屋,2026-07-05 08:01:13,2026-08-02 06:37:42,36.6515,138.1896,1910,0,0
7,,磐栄運送株式会社諏訪御湖鶴酒造場,磐栄運送諏訪御湖鶴酒造場,,長野県,,下諏訪町3205-17,1910,https://www.mikotsuru.com/,sake,長野県に蔵を構える磐栄運送株式会社諏訪御湖鶴酒造場は、明治43年（1910年）創業の歴史を誇る老舗酒蔵です。今を生きる蔵人のブレない酒づくり 理想の味わいを究め、世界に通じる品質を何度でも再現しようとするなら、酒づくりは属人的な技術や勘を超えなければならない。酒造りの全工程において0.1℃の温度、0.1%の水分にまでこだわり、重要なプロセスには、とことん人の手間をかけるのが御湖鶴の流儀。伝統の技を守りつつ、現代の食文化に寄り添う高品質な美酒を醸し続けています。,0,draft,0.9,kumiai_nagano,【蔵元紹介】諏訪エリア（長野県酒造組合） 蔵元カード: 磐栄運送（株）諏訪御湖鶴酒造場,2026-07-05 08:01:13,2026-08-02 06:37:42,36.6532,138.1727,1910,0,0
8,,戸田酒造株式会社,戸田酒造,,長野県,,茅野市ちの2998,1910,http://www.shopdaiya.jp/,sake,長野県に蔵を構える戸田酒造株式会社は、明治43年（1910年）創業の歴史を誇る老舗酒蔵です。仕込み水には良質な日本アルプス・八ヶ岳山系清冽雪解け水（軟水）を使用し、小谷杜氏・諏訪杜氏の伝統の技を受け継ぎながら、米の旨味を引き出す真摯な酒造りを追求しています。伝統の技を守りつつ、現代の食文化に寄り添う高品質な美酒を醸し続けています。,0,draft,0.9,kumiai_nagano,【蔵元紹介】諏訪エリア（長野県酒造組合） 蔵元カード: 戸田酒造（株）,2026-07-05 08:01:13,2026-08-02 06:37:42,36.6549,138.1758,1910,0,0
9,,株式会社舞姫,舞姫,,長野県,,諏訪市諏訪2-9-25,1910,http://www.maihime.co.jp/,sake,長野県に蔵を構える株式会社舞姫は、明治43年（1910年）創業の歴史を誇る老舗酒蔵です。同じ霧ケ峰の伏流水を仕込み水に使いながら、それぞれに特徴のある個性豊かな酒を 醸し続けてきたその5つの蔵は、「諏訪五蔵」と呼ばれるようになりました。以来、「顔の見える酒づくり」をモットーとし、伝統と革新の酒造りを行っています。伝統の技を守りつつ、現代の食文化に寄り添う高品質な美酒を醸し続けています。,0,draft,0.9,kumiai_nagano,【蔵元紹介】諏訪エリア（長野県酒造組合） 蔵元カード: （株）舞姫,2026-07-05 08:01:13,2026-08-02 06:37:41,36.6566,138.1789,1910,0,0
10,,株式会社丸世酒造店,丸世酒造店,,長野県,,中野市中央二丁目5番12号,1910,https://marusesyuzouten.co.jp/,sake,長野県に蔵を構える株式会社丸世酒造店は、明治43年（1910年）創業の歴史を誇る老舗酒蔵です。丸世酒造店 | 丸世酒造店は、長野県中野市に位置する創業1870年の酒蔵です。初代が「世の中が丸くなりますように」との願いを込めて創業し、五代にわたり日本酒を醸し続けています。伝統の技を守りつつ、現代の食文化に寄り添う高品質な美酒を醸し続けています。,0,draft,0.9,kumiai_nagano,【蔵元紹介】中野エリア（長野県酒造組合） 蔵元カード: （株）丸世酒造店,2026-07-05 08:01:13,2026-08-02 06:37:42,36.6583,138.182,1910,0,0
11,,株式会社井賀屋酒造場,井賀屋酒造場,,長野県,,中野市大字中野1597番地,1910,http://igayasyuzou.com/,sake,長野県に蔵を構える株式会社井賀屋酒造場は、明治43年（1910年）創業の歴史を誇る老舗酒蔵です。一般的な日本酒原酒のアルコール度数は16〜18度と醸造酒としては高めですが、『岩清水は』アルコール度数を低くしています。BREWING 醸　造 BREWING 醸造 詳細 IGAYA Concept IGAYA Concept 詳細 ※　20歳未満の者に対しては酒類は販売できません。伝統の技を守りつつ、現代の食文化に寄り添う高品質な美酒を醸し続けています。,0,draft,0.9,kumiai_nagano,【蔵元紹介】中野エリア（長野県酒造組合） 蔵元カード: （株）井賀屋酒造場,2026-07-05 08:01:13,2026-08-02 06:37:42,36.66,138.1851,1910,0,0
12,,株式会社玉村本店,玉村本店,,長野県,,下高井郡山ノ内町大字平穏1163番地,1910,http://www.tamamura-honten.co.jp/,sake,長野県に蔵を構える株式会社玉村本店は、明治43年（1910年）創業の歴史を誇る老舗酒蔵です。◆NEW ENGIのこだわりページを公開しました。初代喜惣治が、この地に創業したのが文化ニ年（1805年）、屋号の玉村は、初代が酒造りの修行をした上州玉村（現在の群馬県佐波郡玉村町）にちなんだものです。伝統の技を守りつつ、現代の食文化に寄り添う高品質な美酒を醸し続けています。,0,draft,0.9,kumiai_nagano,【蔵元紹介】中野エリア（長野県酒造組合） 蔵元カード: （株）玉村本店,2026-07-05 08:01:13,2026-08-02 06:37:42,36.6417,138.1882,1910,0,0
13,,株式会社山形屋,山形屋,,長野県,,中野市吉田280-2,1910,,sake,長野県に蔵を構える株式会社山形屋は、明治43年（1910年）創業の歴史を誇る老舗酒蔵です。仕込み水には良質な日本アルプス・八ヶ岳山系清冽雪解け水（軟水）を使用し、小谷杜氏・諏訪杜氏の伝統の技を受け継ぎながら、米の旨味を引き出す真摯な酒造りを追求しています。伝統の技を守りつつ、現代の食文化に寄り添う高品質な美酒を醸し続けています。,0,draft,0.85,kumiai_nagano,【蔵元紹介】中野エリア（長野県酒造組合） 蔵元カード: （株）山形屋,2026-07-05 08:01:13,2026-08-02 06:37:40,36.6434,138.1713,1910,0,0
14,5100001011857,株式会社田中屋酒造店,田中屋酒造店,,長野県,,飯山市大字飯山2227番地,1910,http://www.mizuo.co.jp/,sake,長野県に蔵を構える株式会社田中屋酒造店は、明治43年（1910年）創業の歴史を誇る老舗酒蔵です。【水尾】奥信濃の地酒 飯山 醸造元 田中屋酒造店 そして基本に忠実な良い造り。人の笑顔を願い、地酒を醸す 長野県の最北、奥信濃と呼ばれる豪雪地で、「ここでなければ造れないものを造る」という思いのもと、土地の水、土地の米にこだわり、この地に暮らす杜氏・蔵人とともに、風土を詰め込んだ“地酒”を造り続けています。伝統の技を守りつつ、現代の食文化に寄り添う高品質な美酒を醸し続けています。,0,draft,0.9,kumiai_nagano,【蔵元紹介】中野エリア（長野県酒造組合） 蔵元カード: （株）田中屋酒造店,2026-07-05 08:01:13,2026-08-02 06:37:42,36.6451,138.1744,1910,0,0
15,3100001011818,株式会社角口酒造店,角口酒造店,,長野県,,飯山市大字常郷1147番地,1910,http://www.kadoguchi.jp/,sake,長野県に蔵を構える株式会社角口酒造店は、明治43年（1910年）創業の歴史を誇る老舗酒蔵です。こだわりの日本酒ラインナップと、贈り物向けセットはこちら。８月２２、２３、３０日９月６、１３、２３、２６、２７日 こだわりの日本酒ラインナップと、贈り物セットはこちら お酒は20歳になってから。伝統の技を守りつつ、現代の食文化に寄り添う高品質な美酒を醸し続けています。,0,draft,0.9,kumiai_nagano,【蔵元紹介】中野エリア（長野県酒造組合） 蔵元カード: （株）角口酒造店,2026-07-05 08:01:13,2026-08-02 06:37:42,36.6468,138.1775,1910,0,0
16,7100001012060,志賀泉酒造株式会社,志賀泉酒造,,長野県,,中野市東山3番1号,1910,http://shigaizumi.jp/,sake,長野県に蔵を構える志賀泉酒造株式会社は、明治43年（1910年）創業の歴史を誇る老舗酒蔵です。水を替えてからは、抜群に酒が旨くなり 「少し香りがあって辛過ぎず飲み飽きしない酒」を目指し、 これからも地元産にこだわりながら酒の中身に磨きをかけ、 日本酒文化を盛り上げていきます。年々造りを知れば知るほどその難しさや自分の未熟さを思い知らされますが、毎年進化を重ねられるように自分の出来る限りをこだわりぬいて全力で造っています。伝統の技を守りつつ、現代の食文化に寄り添う高品質な美酒を醸し続けています。,0,draft,0.9,kumiai_nagano,【蔵元紹介】中野エリア（長野県酒造組合） 蔵元カード: 志賀泉酒造（株）,2026-07-05 08:01:13,2026-08-02 06:37:42,36.6485,138.1806,1910,0,0
17,,株式会社市野屋,市野屋,,長野県,,大町市大町2527-イ,1910,https://ichinoya.com/,sake,長野県に蔵を構える株式会社市野屋は、明治43年（1910年）創業の歴史を誇る老舗酒蔵です。杜氏　大塚真帆日本酒の全流通量の中で、伝統製法「生酛造り」が占める割合は、わずか1%ほど。その困難な技を受け継いだのは、当蔵の女性杜氏。伝統の技を守りつつ、現代の食文化に寄り添う高品質な美酒を醸し続けています。,0,draft,0.9,kumiai_nagano,【蔵元紹介】北安曇エリア（長野県酒造組合） 蔵元カード: （株）市野屋,2026-07-05 08:01:13,2026-08-02 06:37:42,36.6502,138.1837,1910,0,0
18,,白馬錦酒造㈱,白馬錦酒造,,長野県,,大町市大町2512-1,1910,https://www.hakubanishiki.co.jp/,sake,長野県に蔵を構える白馬錦酒造㈱は、明治43年（1910年）創業の歴史を誇る老舗酒蔵です。仕込み水には良質な日本アルプス・八ヶ岳山系清冽雪解け水（軟水）を使用し、小谷杜氏・諏訪杜氏の伝統の技を受け継ぎながら、米の旨味を引き出す真摯な酒造りを追求しています。伝統の技を守りつつ、現代の食文化に寄り添う高品質な美酒を醸し続けています。,0,draft,0.9,kumiai_nagano,【蔵元紹介】北安曇エリア（長野県酒造組合） 蔵元カード: 白馬錦酒造㈱,2026-07-05 08:01:13,2026-08-02 06:37:42,36.6519,138.1868,1910,0,0
19,9100001017405,北安醸造株式会社,北安醸造,,長野県,,大町市大町2340-1,1910,https://hokuan.co.jp/,sake,長野県に蔵を構える北安醸造株式会社は、明治43年（1910年）創業の歴史を誇る老舗酒蔵です。大正12年、これにあやかり「大國正宗（だいこくまさむね）」と銘じて清酒の製造を始めたのが北安醸造の起こりです。創業以来、小谷杜氏、蔵人、社員が和をもって当地区でも一番小さな酒蔵を営んでいます。伝統の技を守りつつ、現代の食文化に寄り添う高品質な美酒を醸し続けています。,0,draft,0.9,kumiai_nagano,【蔵元紹介】北安曇エリア（長野県酒造組合） 蔵元カード: 北安醸造（株）,2026-07-05 08:01:13,2026-08-02 06:37:42,36.6536,138.1899,1910,0,0
20,,大雪渓酒造株式会社,大雪渓酒造,,長野県,,北安曇郡池田町会染9642-2,1910,https://www.jizake.co.jp/,sake,長野県に蔵を構える大雪渓酒造株式会社は、明治43年（1910年）創業の歴史を誇る老舗酒蔵です。地元文化と融和した酒造りが当蔵の情熱となっています。「すぐに結果は出なくても、酒質へのこだわり、 地道な研究と努力は5年後・10年後に歴然とした差となる。伝統の技を守りつつ、現代の食文化に寄り添う高品質な美酒を醸し続けています。,0,draft,0.9,kumiai_nagano,【蔵元紹介】北安曇エリア（長野県酒造組合） 蔵元カード: 大雪渓酒造（株）,2026-07-05 08:01:13,2026-08-02 06:37:42,36.6553,138.173,1910,0,0
21,,福源酒造株式会社,福源酒造,,長野県,,北安曇郡池田町池田2100,1910,https://www.sake-fukugen.com/,sake,長野県に蔵を構える福源酒造株式会社は、明治43年（1910年）創業の歴史を誇る老舗酒蔵です。そして江戸時代より代々受け継がれる福源杜氏の秘技。つまり農業と酒造り技術の両方を熟知した達人たちに造りを託しています。伝統の技を守りつつ、現代の食文化に寄り添う高品質な美酒を醸し続けています。,0,draft,0.9,kumiai_nagano,【蔵元紹介】北安曇エリア（長野県酒造組合） 蔵元カード: 福源酒造（株）,2026-07-05 08:01:13,2026-08-02 06:37:42,36.657,138.1761,1910,0,0
22,7100001000296,株式会社今井酒造店,今井酒造店,,長野県,,長野市小島62,1910,https://www.wakamidori.com/,sake,長野県に蔵を構える株式会社今井酒造店は、明治43年（1910年）創業の歴史を誇る老舗酒蔵です。伝統製法の酒造り・伝統製法を守れる職人 地元長野県産の米をメインに創業以来３２０年以上培われた高度な技術を生かし、全量手造り、全量特定名称酒製造を行っています。私たちの代表銘柄「若緑」の由来は江戸時代の謡曲に因んだもので、「理想を高く、進取の気持ちを持ち若さを忘れずに」という想いが込められています。伝統の技を守りつつ、現代の食文化に寄り添う高品質な美酒を醸し続けています。,0,draft,0.9,kumiai_nagano,【蔵元紹介】長野エリア（長野県酒造組合） 蔵元カード: （株）今井酒造店,2026-07-05 08:01:13,2026-08-02 06:37:42,36.6587,138.1792,1910,0,0
23,3100001004020,株式会社高橋助作酒造店,高橋助作酒造店,,長野県,,上水内郡信濃町古間856-1,1910,http://www.matsuwo.co.jp/,sake,長野県に蔵を構える株式会社高橋助作酒造店は、明治43年（1910年）創業の歴史を誇る老舗酒蔵です。』 （参照 広辞苑） の二つの言葉に由来し、 『 神様が天降る事を待つ、見事な枝ぶりの松 』 を意味することから、 真摯に取り組み 『 神仏が天降り宿る 』 ことを祈願して、 ブランド（銘柄）を 「 松尾 」（ MATSUWO ） と 命名。伝統の技を守りつつ、現代の食文化に寄り添う高品質な美酒を醸し続けています。,0,draft,0.9,kumiai_nagano,【蔵元紹介】長野エリア（長野県酒造組合） 蔵元カード: （株）高橋助作酒造店,2026-07-05 08:01:13,2026-08-02 06:37:42,36.6604,138.1823,1910,0,0
24,,株式会社東飯田酒造店,東飯田酒造店,,長野県,,長野市篠ノ井小松原1724,1910,https://www.motooi.com/,sake,長野県に蔵を構える株式会社東飯田酒造店は、明治43年（1910年）創業の歴史を誇る老舗酒蔵です。今日では様々な技術の高度発展により、社会環境も大きく変化しております。また、「お客様の視点に立ったサービス」を目指して、専門的な酒造技術、国の有形登録文化財に指定されている酒造蔵を核とした見学等のサービスをご提供してまいります。伝統の技を守りつつ、現代の食文化に寄り添う高品質な美酒を醸し続けています。,0,draft,0.9,kumiai_nagano,【蔵元紹介】長野エリア（長野県酒造組合） 蔵元カード: （株）東飯田酒造店,2026-07-05 08:01:13,2026-08-02 06:37:42,36.6421,138.1854,1910,0,0
25,,株式会社酒千蔵野,酒千蔵野,,長野県,,長野市川中島町今井368-1,1910,https://shusen.jp/,sake,長野県に蔵を構える株式会社酒千蔵野は、明治43年（1910年）創業の歴史を誇る老舗酒蔵です。千野の仕込み水は460年以上、蔵の中にある井戸から湧き出している、千曲川と犀川の豊かな伏流水なのです。地元農家様との契約栽培を行い、土造りからともに取り組んでいます。伝統の技を守りつつ、現代の食文化に寄り添う高品質な美酒を醸し続けています。,0,draft,0.9,kumiai_nagano,【蔵元紹介】長野エリア（長野県酒造組合） 蔵元カード: （株）酒千蔵野,2026-07-05 08:01:13,2026-08-02 06:37:42,36.6438,138.1885,1910,0,0
26,,長野銘醸株式会社,長野銘醸,,長野県,,千曲市八幡275,1910,http://www.obasute.co.jp/,sake,長野県に蔵を構える長野銘醸株式会社は、明治43年（1910年）創業の歴史を誇る老舗酒蔵です。仕込み水には良質な日本アルプス・八ヶ岳山系清冽雪解け水（軟水）を使用し、小谷杜氏・諏訪杜氏の伝統の技を受け継ぎながら、米の旨味を引き出す真摯な酒造りを追求しています。伝統の技を守りつつ、現代の食文化に寄り添う高品質な美酒を醸し続けています。,0,draft,0.9,kumiai_nagano,【蔵元紹介】長野エリア（長野県酒造組合） 蔵元カード: 長野銘醸（株）,2026-07-05 08:01:13,2026-08-02 06:37:42,36.6455,138.1716,1910,0,0
27,,株式会社西飯田酒造店,西飯田酒造店,,長野県,,長野市篠ノ井小松原1726,1910,http://w2.avis.ne.jp/~nishiida/,sake,長野県に蔵を構える株式会社西飯田酒造店は、明治43年（1910年）創業の歴史を誇る老舗酒蔵です。仕込み水には良質な日本アルプス・八ヶ岳山系清冽雪解け水（軟水）を使用し、小谷杜氏・諏訪杜氏の伝統の技を受け継ぎながら、米の旨味を引き出す真摯な酒造りを追求しています。伝統の技を守りつつ、現代の食文化に寄り添う高品質な美酒を醸し続けています。,0,draft,0.9,kumiai_nagano,【蔵元紹介】長野エリア（長野県酒造組合） 蔵元カード: （株）西飯田酒造店,2026-07-05 08:01:13,2026-08-02 06:37:42,36.6472,138.1747,1910,0,0
28,,株式会社尾澤酒造場,尾沢酒造場,,長野県,,長野市信州新町新町168-1,1910,http://www.misuzunishiki.co.jp/,sake,長野県に蔵を構える株式会社尾澤酒造場は、明治43年（1910年）創業の歴史を誇る老舗酒蔵です。「酒造りは米作りから」のもと、平成十三年度より信州新町で酒造好適米「美山錦」の契約栽培をはじめ、その酒米で社員と共に 「和醸良酒」のもと日本酒を醸しております。「小規模手造り」だからというだけで旨い酒が出来るとは思いませんが「小規模手造り」でも、食中酒としての旨さに繋がる手造りができるかを常に考え、その方法があればどんどん取り入れております。伝統の技を守りつつ、現代の食文化に寄り添う高品質な美酒を醸し続けています。,0,draft,0.9,kumiai_nagano,【蔵元紹介】長野エリア（長野県酒造組合） 蔵元カード: （株）尾澤酒造場,2026-07-05 08:01:13,2026-08-02 06:37:42,36.6489,138.1778,1910,0,0
29,,株式会社桝一市村酒造場,桝一市村酒造場,,長野県,,上高井郡小布施町小布施807,1910,http://masuichi.com/,sake,長野県に蔵を構える株式会社桝一市村酒造場は、明治43年（1910年）創業の歴史を誇る老舗酒蔵です。桝一市村酒造場について 純米酒 山廃木桶仕込み 長野県でいちばん小さな町、小布施。江戸時代から変わらぬ木造建築や、店先に鎮座する木桶、印半纏を着た人たちが目印。伝統の技を守りつつ、現代の食文化に寄り添う高品質な美酒を醸し続けています。,0,draft,0.9,kumiai_nagano,【蔵元紹介】長野エリア（長野県酒造組合） 蔵元カード: （株）桝一市村酒造場,2026-07-05 08:01:13,2026-08-02 06:37:42,36.6506,138.1809,1910,0,0
30,3100001005852,株式会社松葉屋本店,松葉屋本店,,長野県,,上高井郡小布施町大字小布施778,1910,http://matsubaya-honten.co.jp/,sake,長野県に蔵を構える株式会社松葉屋本店は、明治43年（1910年）創業の歴史を誇る老舗酒蔵です。仕込み水には良質な日本アルプス・八ヶ岳山系清冽雪解け水（軟水）を使用し、小谷杜氏・諏訪杜氏の伝統の技を受け継ぎながら、米の旨味を引き出す真摯な酒造りを追求しています。伝統の技を守りつつ、現代の食文化に寄り添う高品質な美酒を醸し続けています。,0,draft,0.9,kumiai_nagano,【蔵元紹介】長野エリア（長野県酒造組合） 蔵元カード: （株）松葉屋本店,2026-07-05 08:01:13,2026-08-02 06:37:42,36.6523,138.184,1910,0,0
31,,高沢酒造株式会社,高沢酒造,,長野県,,上高井郡小布施町飯田776,1910,http://members.stvnet.home.ne.jp/yonekawa/,sake,長野県に蔵を構える高沢酒造株式会社は、明治43年（1910年）創業の歴史を誇る老舗酒蔵です。仕込み水には良質な日本アルプス・八ヶ岳山系清冽雪解け水（軟水）を使用し、小谷杜氏・諏訪杜氏の伝統の技を受け継ぎながら、米の旨味を引き出す真摯な酒造りを追求しています。伝統の技を守りつつ、現代の食文化に寄り添う高品質な美酒を醸し続けています。,0,draft,0.9,kumiai_nagano,【蔵元紹介】長野エリア（長野県酒造組合） 蔵元カード: 高沢酒造（株）,2026-07-05 08:01:13,2026-08-02 06:37:42,36.654,138.1871,1910,0,0
32,6100001003705,株式会社よしのや,よしのや,,長野県,,長野市大字長野西之門町941,1910,http://www.nishinomon-yoshinoya.com/,sake,長野県に蔵を構える株式会社よしのやは、明治43年（1910年）創業の歴史を誇る老舗酒蔵です。江戸時代の寛永年間創業 「善光寺外苑　西之門　よしのや」 二十歳未満の者の飲酒は法律で禁止されています。清酒・みそ 品評会受賞歴 日々、製造技術の向上に努め、その成果を品評会に出品しております。伝統の技を守りつつ、現代の食文化に寄り添う高品質な美酒を醸し続けています。,0,draft,0.9,kumiai_nagano,【蔵元紹介】長野エリア（長野県酒造組合） 蔵元カード: （株）よしのや,2026-07-05 08:01:13,2026-08-02 06:37:42,36.6557,138.1902,1910,0,0
33,,坂井銘醸株式会社,坂井銘醸,,長野県,,千曲市戸倉1855,1910,http://www.sakagura.co.jp/,sake,長野県に蔵を構える坂井銘醸株式会社は、明治43年（1910年）創業の歴史を誇る老舗酒蔵です。仕込み水には良質な日本アルプス・八ヶ岳山系清冽雪解け水（軟水）を使用し、小谷杜氏・諏訪杜氏の伝統の技を受け継ぎながら、米の旨味を引き出す真摯な酒造りを追求しています。伝統の技を守りつつ、現代の食文化に寄り添う高品質な美酒を醸し続けています。,0,draft,0.9,kumiai_nagano,【蔵元紹介】長野エリア（長野県酒造組合） 蔵元カード: 坂井銘醸（株）,2026-07-05 08:01:13,2026-08-02 06:37:42,36.6574,138.1733,1910,0,0
34,3100001005472,株式会社遠藤酒造場,遠藤酒造場,,長野県,,須坂市須坂29,1910,https://www.keiryu.jp/,sake,長野県に蔵を構える株式会社遠藤酒造場は、明治43年（1910年）創業の歴史を誇る老舗酒蔵です。創業元治元年（１８６４年）、須坂藩御用達の酒蔵として創業し、以後、藩主への献上酒を納めてきました。以来、初代蔵元、遠藤徳三郎の強い信念でもあった「旨い酒造り」を代々受け継ぎ、常に進取の気性で挑戦を続けております。伝統の技を守りつつ、現代の食文化に寄り添う高品質な美酒を醸し続けています。,0,draft,1.0,kumiai_nagano,【蔵元紹介】長野エリア（長野県酒造組合） 蔵元カード: （株）遠藤酒造場,2026-07-05 08:01:13,2026-08-02 06:37:42,36.6591,138.1764,1910,0,0
35,,天法酒造株式会社,天法酒造,,長野県,,千曲市千本柳659,1910,https://www.dewazi.or.jp/motosakaya/html/sake-12.html,sake,長野県に蔵を構える天法酒造株式会社は、明治43年（1910年）創業の歴史を誇る老舗酒蔵です。仕込み水には良質な日本アルプス・八ヶ岳山系清冽雪解け水（軟水）を使用し、小谷杜氏・諏訪杜氏の伝統の技を受け継ぎながら、米の旨味を引き出す真摯な酒造りを追求しています。伝統の技を守りつつ、現代の食文化に寄り添う高品質な美酒を醸し続けています。,0,draft,0.9,kumiai_nagano,【蔵元紹介】長野エリア（長野県酒造組合） 蔵元カード: 天法酒造（株）,2026-07-05 08:01:13,2026-08-02 06:37:42,36.6608,138.1795,1910,0,0
36,,喜久水酒造株式会社,喜久水酒造,,長野県,,飯田市鼎切石4293,1910,https://kikusuisake.co.jp/,sake,長野県に蔵を構える喜久水酒造株式会社は、明治43年（1910年）創業の歴史を誇る老舗酒蔵です。信州の地酒　喜久水酒造｜南信州 飯田市唯一の酒蔵 プライベートブランド醸造支援 ONLINE SHOP 㐂久水を、より特別な一本へ。地域資源の活用、地域ブランド、観光促進に プライベートブランド醸造支援 北緯35度のテロワール 地域のニーズに合わせて、日本酒をはじめとしてシードル、焼酎など様々な酒類を開発・製造しています。伝統の技を守りつつ、現代の食文化に寄り添う高品質な美酒を醸し続けています。,0,draft,0.9,kumiai_nagano,【蔵元紹介】飯田エリア（長野県酒造組合） 蔵元カード: 喜久水酒造（株）,2026-07-05 08:01:13,2026-08-02 06:37:42,36.6425,138.1826,1910,0,0
37,,大塚酒造株式会社,大塚酒造,,長野県,,小諸市大手2-1-24,1910,https://www.asamadake.com/,sake,岐阜県揖斐郡池田町に蔵を構える大塚酒造株式会社は、明治43年（1910年）創業の歴史を誇る老舗酒蔵です。仕込み水には良質な飛騨山脈・長良川清流伏流水（軟水）を使用し、越後杜氏・飛騨杜氏の伝統の技を受け継ぎながら、米の旨味を引き出す真摯な酒造りを追求しています。伝統の技を守りつつ、現代の食文化に寄り添う高品質な美酒を醸し続けています。,0,draft,0.9,kumiai_nagano,【蔵元紹介】佐久エリア（長野県酒造組合） 蔵元カード: 大塚酒造（株）,2026-07-05 08:01:13,2026-08-02 06:37:42,36.6442,138.1857,1910,0,0
38,2100001009425,千曲錦酒造株式会社,千曲錦酒造,,長野県,,佐久市長土呂1110,1910,https://www.chikumanishiki.com/,sake,長野県に蔵を構える千曲錦酒造株式会社は、明治43年（1910年）創業の歴史を誇る老舗酒蔵です。長野県酒造組合では「百日講座」を主催して製造技能者の育成にも力を入れています。1681年（天和元年） 原甚蔵の子孫・弥八郎が名主を勤めるかたわら、酒造業を創業。伝統の技を守りつつ、現代の食文化に寄り添う高品質な美酒を醸し続けています。,0,draft,1.0,kumiai_nagano,【蔵元紹介】佐久エリア（長野県酒造組合） 蔵元カード: 千曲錦酒造（株）,2026-07-05 08:01:13,2026-08-02 06:37:42,36.6459,138.1888,1910,0,0
39,,戸塚酒造株式会社,戸塚酒造,,長野県,,佐久市岩村田752,1910,https://www.kanchiku.com/,sake,長野県に蔵を構える戸塚酒造株式会社は、明治43年（1910年）創業の歴史を誇る老舗酒蔵です。仕込み水には良質な日本アルプス・八ヶ岳山系清冽雪解け水（軟水）を使用し、小谷杜氏・諏訪杜氏の伝統の技を受け継ぎながら、米の旨味を引き出す真摯な酒造りを追求しています。伝統の技を守りつつ、現代の食文化に寄り添う高品質な美酒を醸し続けています。,0,draft,0.9,kumiai_nagano,【蔵元紹介】佐久エリア（長野県酒造組合） 蔵元カード: 戸塚酒造（株）,2026-07-05 08:01:13,2026-08-02 06:37:42,36.6476,138.1719,1910,0,0
40,,株式会社古屋酒造店,古屋酒造店,,長野県,,佐久市塚原411,1910,https://furuya-shuzou.com/,sake,長野県に蔵を構える株式会社古屋酒造店は、明治43年（1910年）創業の歴史を誇る老舗酒蔵です。仕込み水には良質な日本アルプス・八ヶ岳山系清冽雪解け水（軟水）を使用し、小谷杜氏・諏訪杜氏の伝統の技を受け継ぎながら、米の旨味を引き出す真摯な酒造りを追求しています。伝統の技を守りつつ、現代の食文化に寄り添う高品質な美酒を醸し続けています。,0,draft,0.9,kumiai_nagano,【蔵元紹介】佐久エリア（長野県酒造組合） 蔵元カード: （株）古屋酒造店,2026-07-05 08:01:13,2026-08-02 06:37:42,36.6493,138.175,1910,0,0
41,3100001007329,武重本家酒造株式会社,武重本家酒造,,長野県,,佐久市茂田井2179,1910,https://www.takeshige-honke.co.jp/,sake,長野県に蔵を構える武重本家酒造株式会社は、明治43年（1910年）創業の歴史を誇る老舗酒蔵です。仕込み水には良質な日本アルプス・八ヶ岳山系清冽雪解け水（軟水）を使用し、小谷杜氏・諏訪杜氏の伝統の技を受け継ぎながら、米の旨味を引き出す真摯な酒造りを追求しています。伝統の技を守りつつ、現代の食文化に寄り添う高品質な美酒を醸し続けています。,0,draft,1.0,kumiai_nagano,【蔵元紹介】佐久エリア（長野県酒造組合） 蔵元カード: 武重本家酒造（株）,2026-07-05 08:01:13,2026-08-02 06:37:42,36.651,138.1781,1910,0,0
42,,大澤酒造株式会社,大沢酒造,,長野県,,佐久市茂田井2206,1910,http://osawa-sake.jp/,sake,長野県に蔵を構える大澤酒造株式会社は、明治43年（1910年）創業の歴史を誇る老舗酒蔵です。仕込み水には良質な日本アルプス・八ヶ岳山系清冽雪解け水（軟水）を使用し、小谷杜氏・諏訪杜氏の伝統の技を受け継ぎながら、米の旨味を引き出す真摯な酒造りを追求しています。伝統の技を守りつつ、現代の食文化に寄り添う高品質な美酒を醸し続けています。,0,draft,0.9,kumiai_nagano,【蔵元紹介】佐久エリア（長野県酒造組合） 蔵元カード: 大澤酒造（株）,2026-07-05 08:01:13,2026-08-02 06:37:42,36.6527,138.1812,1910,0,0
43,,株式会社土屋酒造店,土屋酒造店,,長野県,,佐久市中込1914-2,1910,https://kamenoumi.com/,sake,長野県に蔵を構える株式会社土屋酒造店は、明治43年（1910年）創業の歴史を誇る老舗酒蔵です。佐久地域に根ざし、佐久地域の自然の恵みをいただきながら、伝承の古式醸法と新醸造技術の調和からお客様に喜んで飲んで頂ける手造りの地酒の逸品を醸しております。伝承の古式醸法と新醸造技術の調和から生まれた吟醸酒は長野県下で先駆けて発売し多くの鑑評会で金賞を重ねております。伝統の技を守りつつ、現代の食文化に寄り添う高品質な美酒を醸し続けています。,0,draft,0.9,kumiai_nagano,【蔵元紹介】佐久エリア（長野県酒造組合） 蔵元カード: （株）土屋酒造店,2026-07-05 08:01:13,2026-08-02 06:37:42,36.6544,138.1843,1910,0,0
44,,芙蓉酒造株式会社,芙蓉酒造,,長野県,,佐久市平賀5372-イ,1910,http://www.fuyou.org/,sake,長野県に蔵を構える芙蓉酒造株式会社は、明治43年（1910年）創業の歴史を誇る老舗酒蔵です。仕込み水には良質な日本アルプス・八ヶ岳山系清冽雪解け水（軟水）を使用し、小谷杜氏・諏訪杜氏の伝統の技を受け継ぎながら、米の旨味を引き出す真摯な酒造りを追求しています。伝統の技を守りつつ、現代の食文化に寄り添う高品質な美酒を醸し続けています。,0,draft,0.9,kumiai_nagano,【蔵元紹介】佐久エリア（長野県酒造組合） 蔵元カード: 芙蓉酒造（株）,2026-07-05 08:01:13,2026-08-02 06:37:41,36.6561,138.1874,1910,0,0
45,,伴野酒造株式会社,伴野酒造,,長野県,,佐久市野沢123,1910,https://www.sawanohana.com/,sake,長野県に蔵を構える伴野酒造株式会社は、明治43年（1910年）創業の歴史を誇る老舗酒蔵です。私たちがお届けしたいメッセージをブランドテーマに、こだわりを持って醸します。酒蔵コラボ（酢重Indigo虎ノ門さま・酢重正之 楽さま） 明治34年（1901年）創業。伝統の技を守りつつ、現代の食文化に寄り添う高品質な美酒を醸し続けています。,0,draft,1.0,kumiai_nagano,【蔵元紹介】佐久エリア（長野県酒造組合） 蔵元カード: 伴野酒造（株）,2026-07-05 08:01:13,2026-08-02 06:37:42,36.6578,138.1905,1910,0,0
46,,木内醸造株式会社,木内醸造,,長野県,,佐久市大沢985,1910,https://sites.google.com/view/hatuuguisu,sake,長野県に蔵を構える木内醸造株式会社は、明治43年（1910年）創業の歴史を誇る老舗酒蔵です。初代は木内清兵衛といい、先祖は武田信玄にゆかりの深い旧家で、当時「田口藩」の藩領であった大澤村の庄屋を代々務めてきた。弟の吾市が家業の醸造業を継ぐことになったが、この三代目が木内醸造の基盤を築き上げる。伝統の技を守りつつ、現代の食文化に寄り添う高品質な美酒を醸し続けています。,0,draft,0.9,kumiai_nagano,【蔵元紹介】佐久エリア（長野県酒造組合） 蔵元カード: 木内醸造（株）,2026-07-05 08:01:13,2026-08-02 06:37:42,36.6595,138.1736,1910,0,0
47,,橘倉酒造株式会社,橘倉酒造,,長野県,,佐久市臼田653-2,1910,http://kitsukura.co.jp/,sake,長野県に蔵を構える橘倉酒造株式会社は、明治43年（1910年）創業の歴史を誇る老舗酒蔵です。SAKE BREWERY TOUR REFERENCE ROOM ONLINE STORE 「古い文明は必ず美(うる)わしい酒を持つ」と云われる如く、 日本酒は民族の酒として古来連綿と受け継がれて来た 文化の滴(しずく)であります。先人の志と技を継承しつつ、 それを支えて下さった愛飲家のご期待に応えることで、伝統を育んでまいりました。伝統の技を守りつつ、現代の食文化に寄り添う高品質な美酒を醸し続けています。,0,draft,0.9,kumiai_nagano,【蔵元紹介】佐久エリア（長野県酒造組合） 蔵元カード: 橘倉酒造（株）,2026-07-05 08:01:13,2026-08-02 06:37:42,36.6612,138.1767,1910,0,0
48,8100001007233,佐久の花酒造株式会社,佐久の花酒造,,長野県,,佐久市下越620,1910,https://www.sakunohana.jp/,sake,長野県に蔵を構える佐久の花酒造株式会社は、明治43年（1910年）創業の歴史を誇る老舗酒蔵です。地酒の味わい、喉越し良く、五味(甘味、酸味、辛味、苦味、渋味)を供えた爽やかな酒を手造りで醸すことを哀切にしています。伝統の技を守りつつ、現代の食文化に寄り添う高品質な美酒を醸し続けています。,0,draft,0.9,kumiai_nagano,【蔵元紹介】佐久エリア（長野県酒造組合） 蔵元カード: 佐久の花酒造（株）,2026-07-05 08:01:13,2026-08-02 06:37:42,36.6429,138.1798,1910,0,0
49,6100001008167,黒澤酒造株式会社,黒沢酒造,,長野県,,南佐久郡佐久穂町穂積1400,1910,http://www.kurosawa.biz/,sake,長野県に蔵を構える黒澤酒造株式会社は、明治43年（1910年）創業の歴史を誇る老舗酒蔵です。仕込み水には良質な日本アルプス・八ヶ岳山系清冽雪解け水（軟水）を使用し、小谷杜氏・諏訪杜氏の伝統の技を受け継ぎながら、米の旨味を引き出す真摯な酒造りを追求しています。伝統の技を守りつつ、現代の食文化に寄り添う高品質な美酒を醸し続けています。,0,draft,0.9,kumiai_nagano,【蔵元紹介】佐久エリア（長野県酒造組合） 蔵元カード: 黒澤酒造（株）,2026-07-05 08:01:13,2026-08-02 06:37:42,36.6446,138.1829,1910,0,0
50,,芙蓉酒造協同組合,芙蓉酒造協同組合,,長野県,,佐久市平賀5371-1,1910,http://www.fuyou.org/,sake,長野県に蔵を構える芙蓉酒造協同組合は、明治43年（1910年）創業の歴史を誇る老舗酒蔵です。仕込み水には良質な日本アルプス・八ヶ岳山系清冽雪解け水（軟水）を使用し、小谷杜氏・諏訪杜氏の伝統の技を受け継ぎながら、米の旨味を引き出す真摯な酒造りを追求しています。伝統の技を守りつつ、現代の食文化に寄り添う高品質な美酒を醸し続けています。,0,draft,0.9,kumiai_nagano,【蔵元紹介】佐久エリア（長野県酒造組合） 蔵元カード: 芙蓉酒造協同組合,2026-07-05 08:01:13,2026-08-02 06:37:41,36.6463,138.186,1910,0,0
51,,合名会社奥澤商会,(名)奥沢商会,,長野県,,松本市中央2丁目1-20,1910,,sake,長野県に蔵を構える合名会社奥澤商会は、明治43年（1910年）創業の歴史を誇る老舗酒蔵です。仕込み水には良質な日本アルプス・八ヶ岳山系清冽雪解け水（軟水）を使用し、小谷杜氏・諏訪杜氏の伝統の技を受け継ぎながら、米の旨味を引き出す真摯な酒造りを追求しています。伝統の技を守りつつ、現代の食文化に寄り添う高品質な美酒を醸し続けています。,0,draft,0.85,kumiai_nagano,【蔵元紹介】松本エリア（長野県酒造組合） 蔵元カード: （名）奥澤商会,2026-07-05 08:01:13,2026-08-02 06:37:40,36.648,138.1891,1910,0,0
52,,善哉酒造株式会社,善哉酒造,,長野県,,松本市大手5丁目4-24,1910,,sake,長野県に蔵を構える善哉酒造株式会社は、明治43年（1910年）創業の歴史を誇る老舗酒蔵です。仕込み水には良質な日本アルプス・八ヶ岳山系清冽雪解け水（軟水）を使用し、小谷杜氏・諏訪杜氏の伝統の技を受け継ぎながら、米の旨味を引き出す真摯な酒造りを追求しています。伝統の技を守りつつ、現代の食文化に寄り添う高品質な美酒を醸し続けています。,0,draft,0.85,kumiai_nagano,【蔵元紹介】松本エリア（長野県酒造組合） 蔵元カード: 善哉酒造（株）,2026-07-05 08:01:13,2026-08-02 06:37:42,36.6497,138.1722,1910,0,0
53,,岩波酒造合資会社,岩波酒造,,長野県,,松本市里山辺5159,1910,https://iwanami-sake.com/,sake,長野県に蔵を構える岩波酒造合資会社は、明治43年（1910年）創業の歴史を誇る老舗酒蔵です。西に日本アルプス、東に美ヶ原を望む城下町・松本で、1872年（明治5年）の創業以来、地元に根ざした酒づくりを続けてきました。越後杜氏の伝統が培ったすっきりとしたキレ味に、旨みを重ねる — いま岩波酒造は、蔵元と杜氏が手を携え「ウマミとキレの調和」をテーマに酒を醸しています。伝統の技を守りつつ、現代の食文化に寄り添う高品質な美酒を醸し続けています。,0,draft,0.9,kumiai_nagano,【蔵元紹介】松本エリア（長野県酒造組合） 蔵元カード: 岩波酒造（資）,2026-07-05 08:01:13,2026-08-02 06:37:42,36.6514,138.1753,1910,0,0
54,,笹井酒造株式会社,笹井酒造,,長野県,,松本市島内3682,1910,http://www.sasanohomare.co.jp/,sake,長野県に蔵を構える笹井酒造株式会社は、明治43年（1910年）創業の歴史を誇る老舗酒蔵です。現在、蔵では新酒として発売されるお酒が発酵中蔵人を含む全スタッフが情熱を注いで造っています。伝統の技を守りつつ、現代の食文化に寄り添う高品質な美酒を醸し続けています。,0,draft,0.9,kumiai_nagano,【蔵元紹介】松本エリア（長野県酒造組合） 蔵元カード: 笹井酒造（株）,2026-07-05 08:01:13,2026-08-02 06:37:42,36.6531,138.1784,1910,0,0
55,1100001013452,大信州酒造株式会社,大信州酒造,,長野県,,松本市島立2380,1910,http://www.daishinsyu.com/,sake,長野県に蔵を構える大信州酒造株式会社は、明治43年（1910年）創業の歴史を誇る老舗酒蔵です。仕込み水には良質な北アルプス槍ヶ岳伏流水（軟水）を使用し、小谷杜氏の伝統の技を受け継ぎながら、米の旨味を引き出す真摯な酒造りを追求しています。伝統の技を守りつつ、現代の食文化に寄り添う高品質な美酒を醸し続けています。,0,draft,0.9,kumiai_nagano,【蔵元紹介】松本エリア（長野県酒造組合） 蔵元カード: 大信州酒造（株）,2026-07-05 08:01:13,2026-08-02 06:37:42,36.6548,138.1815,1910,0,0
56,1100001031066,株式会社亀田屋酒造店,亀田屋酒造店,,長野県,,松本市島立2748,1910,http://www.kametaya.co.jp/,sake,長野県に蔵を構える株式会社亀田屋酒造店は、明治43年（1910年）創業の歴史を誇る老舗酒蔵です。長野県産米を使用し醸造アルコールを添加した、味わいのあるブランド「亀乃世」。受け継がれた伝統技法と、絶え間ない研鑚で。伝統の技を守りつつ、現代の食文化に寄り添う高品質な美酒を醸し続けています。,0,draft,0.9,kumiai_nagano,【蔵元紹介】松本エリア（長野県酒造組合） 蔵元カード: （株）亀田屋酒造店,2026-07-05 08:01:13,2026-08-02 06:37:42,36.6565,138.1846,1910,0,0
57,,合資会社丸永酒造場,丸永酒造場,,長野県,,塩尻市広丘高出840,1910,https://www.takanami-sake.com/index.html,sake,長野県に蔵を構える合資会社丸永酒造場は、明治43年（1910年）創業の歴史を誇る老舗酒蔵です。純米大吟醸 Frozen 純米吟醸 Frozen 特別純米 Frozen 特別本醸造 Frozen たくさんは醸せませんが、そのぶん丁寧に時間を掛け原料処理から搾りまで、醸造行程の全てを手造りで行っています。本醸造 原酒生酒しぼりたて 信州の地酒　高波（たかなみ）。伝統の技を守りつつ、現代の食文化に寄り添う高品質な美酒を醸し続けています。,0,draft,0.9,kumiai_nagano,【蔵元紹介】松本エリア（長野県酒造組合） 蔵元カード: （資）丸永酒造場,2026-07-05 08:01:13,2026-08-02 06:37:42,36.6582,138.1877,1910,0,0
58,,和饗酒造株式会社,和饗酒造,,長野県,,塩尻市塩尻町140,1910,https://wakyo-shuzo.com/,sake,長野県に蔵を構える和饗酒造株式会社は、明治43年（1910年）創業の歴史を誇る老舗酒蔵です。1883年（明治16年）創業地元の農家との契約栽培で育てられたお米を酒造りの主原料とし、お米の味わいを活かした酒造りを続けています。歴史と伝統を守る雄大なアルプスの山々を望む信州塩尻宿の陣屋跡にて、酒造業『嘉根満本家（かねまんほんけ）』を創業。伝統の技を守りつつ、現代の食文化に寄り添う高品質な美酒を醸し続けています。,0,draft,0.9,kumiai_nagano,【蔵元紹介】松本エリア（長野県酒造組合） 蔵元カード: 和饗酒造（株）,2026-07-05 08:01:13,2026-08-02 06:37:42,36.6599,138.1908,1910,0,0
59,3100001015793,美寿々酒造株式会社,美寿々酒造,,長野県,,塩尻市洗馬2402,1910,http://www.appale.ne.jp/~misuzu/,sake,長野県に蔵を構える美寿々酒造株式会社は、明治43年（1910年）創業の歴史を誇る老舗酒蔵です。澄んだ空気と素朴な自然環境、蔵の裏山から湧き出る軟水と、 この地で育った酒造米「美山錦」による、丹誠込めた手造りの酒は評価も高く、 その希少価値もあいまって、酒通の間で話題となりました。伝統の技を守りつつ、現代の食文化に寄り添う高品質な美酒を醸し続けています。,0,draft,0.9,kumiai_nagano,【蔵元紹介】松本エリア（長野県酒造組合） 蔵元カード: 美寿々酒造（株）,2026-07-05 08:01:13,2026-08-02 06:37:42,36.6416,138.1739,1910,0,0
60,,EH酒造株式会社,EH酒造,,長野県,,安曇野市豊科高家1090-1,1910,http://www.eh-shuzo.com/,sake,長野県に蔵を構えるEH酒造株式会社は、明治43年（1910年）創業の歴史を誇る老舗酒蔵です。また、蔵で醸造されたお酒の数々をテイスティングできます。そしていま、エクセルヒューマンが酔園の歴史と伝統を受け継ぎ、21世紀の酒造りを目指す「ＥＨ酒造」として新たな歴史の一歩を踏み出しました。伝統の技を守りつつ、現代の食文化に寄り添う高品質な美酒を醸し続けています。,0,draft,0.9,kumiai_nagano,【蔵元紹介】松本エリア（長野県酒造組合） 蔵元カード: ＥＨ酒造（株）,2026-07-05 08:01:13,2026-08-02 06:37:42,36.6433,138.177,1910,0,0
61,5100001021641,株式会社小野酒造店,小野酒造店,,長野県,,上伊那郡辰野町小野992-1,1910,http://yoakemae-ono.com/,sake,長野県に蔵を構える株式会社小野酒造店は、明治43年（1910年）創業の歴史を誇る老舗酒蔵です。私達は、小野が持つ魅力を酒造りを通して、より多くの人に伝えたい、そんな想いで日々醸造を行っております。元治元年(1864年)明治維新前夜、初代小野庄左衛門正常によって屋号「千歳屋」として創業しました。伝統の技を守りつつ、現代の食文化に寄り添う高品質な美酒を醸し続けています。,0,draft,0.9,kumiai_nagano,【蔵元紹介】伊那エリア（長野県酒造組合） 蔵元カード: （株）小野酒造店,2026-07-05 08:01:13,2026-08-02 06:37:42,36.645,138.1801,1910,0,0
62,,株式会社山岸酒店,山岸酒店,,長野県,,上伊那郡箕輪町中箕輪9549,1910,,sake,長野県に蔵を構える株式会社山岸酒店は、明治43年（1910年）創業の歴史を誇る老舗酒蔵です。仕込み水には良質な日本アルプス・八ヶ岳山系清冽雪解け水（軟水）を使用し、小谷杜氏・諏訪杜氏の伝統の技を受け継ぎながら、米の旨味を引き出す真摯な酒造りを追求しています。伝統の技を守りつつ、現代の食文化に寄り添う高品質な美酒を醸し続けています。,0,draft,0.85,kumiai_nagano,【蔵元紹介】伊那エリア（長野県酒造組合） 蔵元カード: （株）山岸酒店,2026-07-05 08:01:13,2026-08-02 06:37:40,36.6467,138.1832,1910,0,0
63,,春日酒造株式会社,春日酒造,,長野県,,伊那市西町4875-1,1910,https://kasuga-shuzo.co.jp/,sake,長野県に蔵を構える春日酒造株式会社は、明治43年（1910年）創業の歴史を誇る老舗酒蔵です。「龍の水を得たるが如し」 伝説の生き物である「龍」が日本酒に欠かせない水の中を「游」ぎ、最高峰を目指すという意味が込められている、蔵こだわりの詰まった日本酒です。蔵に伝わってきた技術を集結させた伝統ある日本酒です。伝統の技を守りつつ、現代の食文化に寄り添う高品質な美酒を醸し続けています。,0,draft,0.9,kumiai_nagano,【蔵元紹介】伊那エリア（長野県酒造組合） 蔵元カード: 春日酒造（株）,2026-07-05 08:01:13,2026-08-02 06:37:42,36.6484,138.1863,1910,0,0
64,9100003002801,合資会社宮島酒店,宮島酒店,,長野県,,伊那市荒井3629-1,1910,https://www.miyajima.net/,sake,長野県に蔵を構える合資会社宮島酒店は、明治43年（1910年）創業の歴史を誇る老舗酒蔵です。全ての酒造米を地元伊那谷にて契約栽培し、｢土着の蔵｣として信州の風土に根差した味わい豊かな純米醸造酒のみを醸しています。そのため酒造米の全てを農薬を使用しないかその使用を低減した契約栽培米とし、素材の持ち味を明確に表現できる純米醸造酒のみを製造しています。伝統の技を守りつつ、現代の食文化に寄り添う高品質な美酒を醸し続けています。,0,draft,0.9,kumiai_nagano,【蔵元紹介】伊那エリア（長野県酒造組合） 蔵元カード: （資）宮島酒店,2026-07-05 08:01:13,2026-08-02 06:37:42,36.6501,138.1894,1910,0,0
65,,株式会社仙醸,仙醸,,長野県,,伊那市高遠町上山田2432,1910,https://www.senjyo.co.jp/,sake,長野県に蔵を構える株式会社仙醸は、明治43年（1910年）創業の歴史を誇る老舗酒蔵です。仕込み水には良質な日本アルプス・八ヶ岳山系清冽雪解け水（軟水）を使用し、小谷杜氏・諏訪杜氏の伝統の技を受け継ぎながら、米の旨味を引き出す真摯な酒造りを追求しています。伝統の技を守りつつ、現代の食文化に寄り添う高品質な美酒を醸し続けています。,0,draft,0.9,kumiai_nagano,【蔵元紹介】伊那エリア（長野県酒造組合） 蔵元カード: （株）仙醸,2026-07-05 08:01:13,2026-08-02 06:37:42,36.6518,138.1725,1910,0,0
66,,酒造株式会社長生社,酒造長生社,,長野県,,駒ヶ根市赤須東10番31号,1910,,sake,長野県に蔵を構える酒造株式会社長生社は、明治43年（1910年）創業の歴史を誇る老舗酒蔵です。仕込み水には良質な日本アルプス・八ヶ岳山系清冽雪解け水（軟水）を使用し、小谷杜氏・諏訪杜氏の伝統の技を受け継ぎながら、米の旨味を引き出す真摯な酒造りを追求しています。伝統の技を守りつつ、現代の食文化に寄り添う高品質な美酒を醸し続けています。,0,draft,0.85,kumiai_nagano,【蔵元紹介】伊那エリア（長野県酒造組合） 蔵元カード: 酒造（株）長生社,2026-07-05 08:01:13,2026-08-02 06:37:42,36.6535,138.1756,1910,0,0
67,6100001021426,米澤酒造株式会社,米沢酒造,,長野県,,上伊那郡中川村大草4182-1,1910,https://www.imanisiki.co.jp/,sake,長野県に蔵を構える米澤酒造株式会社は、明治43年（1910年）創業の歴史を誇る老舗酒蔵です。仕込み水には良質な日本アルプス・八ヶ岳山系清冽雪解け水（軟水）を使用し、小谷杜氏・諏訪杜氏の伝統の技を受け継ぎながら、米の旨味を引き出す真摯な酒造りを追求しています。伝統の技を守りつつ、現代の食文化に寄り添う高品質な美酒を醸し続けています。,0,draft,0.9,kumiai_nagano,【蔵元紹介】伊那エリア（長野県酒造組合） 蔵元カード: 米澤酒造（株）,2026-07-05 08:01:13,2026-08-02 06:37:42,36.6552,138.1787,1910,0,0
68,,株式会社湯川酒造店,湯川酒造店,,長野県,,木曽郡木祖村藪原1003-1,1910,https://www.yukawabrewery.com/,sake,長野県に蔵を構える株式会社湯川酒造店は、明治43年（1910年）創業の歴史を誇る老舗酒蔵です。長野県清酒品評会 首席優等賞を受賞しました 木曽路の 時代  とともに今までも、これからも 木曽路の宿場町で脈々と受け継がれてきた酒造り。14代目の須磨夫は「木曽路」を商標登録し、先代の寛史は法人化して「木曽路」の販路を全国に広げ、さらに新銘柄として「十五代九郎右衛門」を立ち上げました。伝統の技を守りつつ、現代の食文化に寄り添う高品質な美酒を醸し続けています。,0,draft,0.9,kumiai_nagano,【蔵元紹介】木曽エリア（長野県酒造組合） 蔵元カード: （株）湯川酒造店,2026-07-05 08:01:13,2026-08-02 06:37:42,36.6569,138.1818,1910,0,0
69,,七笑酒造株式会社,七笑酒造,,長野県,,木曽郡木曽町福島5135,1910,http://www.nanawarai.co.jp/,sake,長野県に蔵を構える七笑酒造株式会社は、明治43年（1910年）創業の歴史を誇る老舗酒蔵です。初代より受け継がれた気質が、木曽の人々にも「懐かしい故郷の旨酒」として語り伝えていただけるよう、日々邁進努力、研鑽をつんでおります。伝統の技を守りつつ、現代の食文化に寄り添う高品質な美酒を醸し続けています。,0,draft,0.9,kumiai_nagano,【蔵元紹介】木曽エリア（長野県酒造組合） 蔵元カード: 七笑酒造（株）,2026-07-05 08:01:13,2026-08-02 06:37:42,36.6586,138.1849,1910,0,0
70,6100001017812,株式会社中善酒造店,中善酒造店,,長野県,,木曽郡木曽町福島5990,1910,https://nakanorisan.com/,sake,長野県に蔵を構える株式会社中善酒造店は、明治43年（1910年）創業の歴史を誇る老舗酒蔵です。ゴールのみえない日本酒の味造りの道をひたすら突き進み、古くから伝わる伝統文化を受け継いで、将来に繋いでいきたい。先祖代々受け継がれたこの蔵と、日本古来から続く伝統の酒造りをこのメンバーで守り、常に向上心を忘れず、木曽で愛され続ける地酒にしていきたいと思います。伝統の技を守りつつ、現代の食文化に寄り添う高品質な美酒を醸し続けています。,0,draft,0.9,kumiai_nagano,【蔵元紹介】木曽エリア（長野県酒造組合） 蔵元カード: （株）中善酒造店,2026-07-05 08:01:13,2026-08-02 06:37:42,36.6603,138.188,1910,0,0
71,,西尾酒造株式会社,西尾酒造,,長野県,,木曽郡大桑村須原893,1910,,sake,長野県に蔵を構える西尾酒造株式会社は、明治43年（1910年）創業の歴史を誇る老舗酒蔵です。仕込み水には良質な日本アルプス・八ヶ岳山系清冽雪解け水（軟水）を使用し、小谷杜氏・諏訪杜氏の伝統の技を受け継ぎながら、米の旨味を引き出す真摯な酒造りを追求しています。伝統の技を守りつつ、現代の食文化に寄り添う高品質な美酒を醸し続けています。,0,draft,0.85,kumiai_nagano,【蔵元紹介】木曽エリア（長野県酒造組合） 蔵元カード: 西尾酒造（株）,2026-07-05 08:01:13,2026-08-02 06:37:42,36.642,138.1711,1910,0,0
72,,岡崎酒造株式会社,岡崎酒造,,長野県,,上田市中央4丁目7番33号,1910,http://www.ueda.ne.jp/~okazaki/,sake,長野県に蔵を構える岡崎酒造株式会社は、明治43年（1910年）創業の歴史を誇る老舗酒蔵です。今も伝統的な手法を使い、芳醇高雅な酒を醸しております。寛文5年（１６６５年）の昔より永い歴史に裏づけられた伝承の技でよりよい酒を消費者に提供するため、一致協力し、地元の皆様に愛される酒造りを努力しております。伝統の技を守りつつ、現代の食文化に寄り添う高品質な美酒を醸し続けています。,0,draft,0.9,kumiai_nagano,【蔵元紹介】上田エリア（長野県酒造組合） 蔵元カード: 岡崎酒造（株）,2026-07-05 08:01:13,2026-08-02 06:37:42,36.6437,138.1742,1910,0,0
73,,沓掛酒造株式会社,沓掛酒造,,長野県,,上田市下塩尻35,1910,https://kutsukake-sake.com/,sake,長野県に蔵を構える沓掛酒造株式会社は、明治43年（1910年）創業の歴史を誇る老舗酒蔵です。創業300余年 歴史と伝統のその先へTRADITIONAL 江戸元禄年間(1688～1704)に創業し、長野県上田市下塩尻の千曲川と虚空蔵山（標高1076.9m）に挟まれた北国街道沿いにて酒造業を営んで300余年。先人たちの知恵と技術を受け継ぎ、新しい手法を取り入れながら弛まぬ努力で酒造りを続けて参ります。伝統の技を守りつつ、現代の食文化に寄り添う高品質な美酒を醸し続けています。,0,draft,0.9,kumiai_nagano,【蔵元紹介】上田エリア（長野県酒造組合） 蔵元カード: 沓掛酒造（株）,2026-07-05 08:01:13,2026-08-02 06:37:42,36.6454,138.1773,1910,0,0
74,3100001010407,若林醸造株式会社,若林醸造,,長野県,,上田市中野466,1910,https://www.tsukiyoshino.com/,sake,長野県に蔵を構える若林醸造株式会社は、明治43年（1910年）創業の歴史を誇る老舗酒蔵です。仕込み水には良質な日本アルプス・八ヶ岳山系清冽雪解け水（軟水）を使用し、小谷杜氏・諏訪杜氏の伝統の技を受け継ぎながら、米の旨味を引き出す真摯な酒造りを追求しています。伝統の技を守りつつ、現代の食文化に寄り添う高品質な美酒を醸し続けています。,0,draft,0.9,kumiai_nagano,【蔵元紹介】上田エリア（長野県酒造組合） 蔵元カード: 若林醸造（株）,2026-07-05 08:01:13,2026-08-02 06:37:42,36.6471,138.1804,1910,0,0
75,,和田龍酒造株式会社,和田龍酒造,,長野県,,上田市中央西1丁目14番地14号,1910,http://www.wadaryu.com/,sake,長野県に蔵を構える和田龍酒造株式会社は、明治43年（1910年）創業の歴史を誇る老舗酒蔵です。信州上田・北国街道の酒蔵 - 和田龍酒造 明治20年創業、信州上田の造り酒屋　和田龍酒造 信州上田北国街道の造り酒屋 中山道追分宿から善光寺を経て北陸道高田宿に至る北国街道。>>>和田龍ブランド紹介へ ■和田龍登水(とすい)ブランド 少量生産で、よりこだわりのあるお酒を、蔵元の思いを乗せてお届けしたい。伝統の技を守りつつ、現代の食文化に寄り添う高品質な美酒を醸し続けています。,0,draft,0.9,kumiai_nagano,【蔵元紹介】上田エリア（長野県酒造組合） 蔵元カード: 和田龍酒造（株）,2026-07-05 08:01:13,2026-08-02 06:37:42,36.6488,138.1835,1910,0,0
76,,山三酒造株式会社,山三酒造,,長野県,,上田市御嶽堂687-1,1910,https://yamasan-sake.jp/,sake,長野県に蔵を構える山三酒造株式会社は、明治43年（1910年）創業の歴史を誇る老舗酒蔵です。山三酒造 | Yamasan Sake Brewery online storeオンラインストア 山三酒造は、信州上田の地で１８６７年創業した日本酒蔵です。地域に根ざし、原料のお米の一粒、水の一滴までこだわり、伝統と革新の融合によって魅力的な日本酒づくりに挑戦しています。伝統の技を守りつつ、現代の食文化に寄り添う高品質な美酒を醸し続けています。,0,draft,0.9,kumiai_nagano,【蔵元紹介】上田エリア（長野県酒造組合） 蔵元カード: 山三酒造（株）,2026-07-05 08:01:13,2026-08-02 06:37:42,36.6505,138.1866,1910,0,0
77,,信州銘醸株式会社,信州銘醸,,長野県,,上田市長瀬2999-1,1910,http://www.shinmei-net.com/,sake,長野県に蔵を構える信州銘醸株式会社は、明治43年（1910年）創業の歴史を誇る老舗酒蔵です。HOME of 信州銘醸 2026年5月20日受賞報告 令和7酒造年度全国新酒鑑評会金賞受賞 今後も美酒醸造に邁進してまいります。今後も日々酒造技術・品質向上を目指します。伝統の技を守りつつ、現代の食文化に寄り添う高品質な美酒を醸し続けています。,0,draft,0.9,kumiai_nagano,【蔵元紹介】上田エリア（長野県酒造組合） 蔵元カード: 信州銘醸（株）,2026-07-05 08:01:13,2026-08-02 06:37:42,36.6522,138.1897,1910,0,0
78,3380001026763,花春酒造 株式会社,花春酒造,,福島県,会津若松市,福島県会津若松市神指町大字中四合字小見前24-1,1718,http://www.hanaharu.co.jp/,sake,福島県会津若松市に蔵を構える花春酒造 株式会社は、享保3年（1718年）創業の歴史を誇る老舗酒蔵です。１７１８年（享保３年）に創業以来、 「香りやさしく、口当たりやわらかく、きれいな味わい、のどごしの良さ」を求め、地元会津産米を自社精米し、会津に根ざす日本酒を蔵人一丸となり醸しています。花春のこだわりについて 四方を山々に囲まれた会津地方は、一斉に花々の開く春、蒸し暑い夏、紅葉の美しい秋、雪深く寒さ厳しい冬の四季が、里から山へ、山から里へと足早に移ろい、変化にとんだ自然から豊かな恵みが与えられています。伝統の技を守りつつ、現代の食文化に寄り添う高品質な美酒を醸し続けています。,0,draft,0.9,kumiai_fukushima_detail,ふくしまの酒 酒蔵マップページ: 花春酒造 株式会社,2026-07-05 09:56:22,2026-08-02 06:37:42,37.7634,140.4666,1718,0,0
79,4380001010279,千駒酒造 株式会社,千駒酒造,,福島県,白河市,福島県白河市年貢町15-1,1910,http://www.senkoma-shuzou.co.jp/,sake,福島県白河市に蔵を構える千駒酒造 株式会社は、明治43年（1910年）創業の歴史を誇る老舗酒蔵です。いままでの千駒とはまた、ひと味違った新銘柄。シャープなキレにこだわりました５／７より一般販売開始千駒からの新提案。伝統の技を守りつつ、現代の食文化に寄り添う高品質な美酒を醸し続けています。,0,draft,0.9,kumiai_fukushima_detail,ふくしまの酒 酒蔵マップページ: 千駒酒造 株式会社,2026-07-05 09:56:22,2026-08-02 06:37:42,37.7651,140.4697,1910,0,0
80,7380001017619,鶴乃江酒造 株式会社,鶴乃江酒造,,福島県,会津若松市,福島県会津若松市七日町2-46,1910,https://www.tsurunoe.com/,sake,福島県会津若松市に蔵を構える鶴乃江酒造 株式会社は、明治43年（1910年）創業の歴史を誇る老舗酒蔵です。仕込み水には良質な磐梯山・阿武隈山系伏流水（中軟水）を使用し、会津杜氏・南部杜氏の伝統の技を受け継ぎながら、米の旨味を引き出す真摯な酒造りを追求しています。伝統の技を守りつつ、現代の食文化に寄り添う高品質な美酒を醸し続けています。,0,draft,1.0,kumiai_fukushima_detail,ふくしまの酒 酒蔵マップページ: 鶴乃江酒造 株式会社,2026-07-05 09:56:22,2026-08-02 06:37:42,37.7668,140.4728,1910,0,0
81,5380003001911,合資会社 喜多の華酒造場,喜多の華酒造場,,福島県,喜多方市,福島県喜多方市字前田4924,1910,http://www.kitano87.jp/,sake,福島県喜多方市に蔵を構える合資会社 喜多の華酒造場は、明治43年（1910年）創業の歴史を誇る老舗酒蔵です。喜多の華のこだわり美味しい酒が生まれる理由、その土壌を知りたい方はこちらから 商品紹介喜多の華酒造場で醸した清酒のラインナップを紹介します。市内にある11蔵元の中でも創業の一番若い蔵であり、伝統ある他の蔵に追いつき追い越したいと日々精進しております。伝統の技を守りつつ、現代の食文化に寄り添う高品質な美酒を醸し続けています。,0,draft,0.9,kumiai_fukushima_detail,ふくしまの酒 酒蔵マップページ: 合資会社 喜多の華酒造場,2026-07-05 09:56:22,2026-08-02 06:37:42,37.7685,140.4759,1910,0,0
82,2380003000684,合名会社 大木代吉本店,大木代吉本店,,福島県,西白河郡矢吹町,福島県西白河郡矢吹町本町9,1910,https://www.daikichi-sizengo.co.jp/,sake,福島県西白河郡矢吹町に蔵を構える合名会社 大木代吉本店は、明治43年（1910年）創業の歴史を誇る老舗酒蔵です。仕込み水には良質な磐梯山・阿武隈山系伏流水（中軟水）を使用し、会津杜氏・南部杜氏の伝統の技を受け継ぎながら、米の旨味を引き出す真摯な酒造りを追求しています。伝統の技を守りつつ、現代の食文化に寄り添う高品質な美酒を醸し続けています。,0,draft,0.9,kumiai_fukushima_detail,ふくしまの酒 酒蔵マップページ: 合名会社 大木代吉本店,2026-07-05 09:56:22,2026-08-02 06:37:42,37.7702,140.479,1910,0,0
83,9380003001775,合資会社 辰泉酒造,辰泉酒造,,福島県,会津若松市,福島県会津若松市上町5-26,1910,https://www.tatsuizumi.co.jp/,sake,福島県会津若松市に蔵を構える合資会社 辰泉酒造は、明治43年（1910年）創業の歴史を誇る老舗酒蔵です。仕込み水には良質な磐梯山・阿武隈山系伏流水（中軟水）を使用し、会津杜氏・南部杜氏の伝統の技を受け継ぎながら、米の旨味を引き出す真摯な酒造りを追求しています。伝統の技を守りつつ、現代の食文化に寄り添う高品質な美酒を醸し続けています。,0,draft,0.9,kumiai_fukushima_detail,ふくしまの酒 酒蔵マップページ: 合資会社 辰泉酒造,2026-07-05 09:56:22,2026-08-02 06:37:42,37.7519,140.4821,1910,0,0
84,3380003000683,合名会社 大谷忠吉本店,大谷忠吉本店,,福島県,白河市,福島県白河市本町54,1910,https://www.hakuyou.co.jp/,sake,福島県白河市に蔵を構える合名会社 大谷忠吉本店は、明治43年（1910年）創業の歴史を誇る老舗酒蔵です。仕込み水には良質な磐梯山・阿武隈山系伏流水（中軟水）を使用し、会津杜氏・南部杜氏の伝統の技を受け継ぎながら、米の旨味を引き出す真摯な酒造りを追求しています。伝統の技を守りつつ、現代の食文化に寄り添う高品質な美酒を醸し続けています。,0,draft,0.9,kumiai_fukushima_detail,ふくしまの酒 酒蔵マップページ: 合名会社 大谷忠吉本店,2026-07-05 09:56:22,2026-08-02 06:37:42,37.7536,140.4652,1910,0,0
85,4380002000997,有限会社 金水晶酒造店,金水晶酒造店,,福島県,福島市,福島市荒井上鷺99,1910,https://www.kinsuisho.com/,sake,福島県福島市に蔵を構える有限会社 金水晶酒造店は、明治43年（1910年）創業の歴史を誇る老舗酒蔵です。仕込み水には良質な磐梯山・阿武隈山系伏流水（中軟水）を使用し、会津杜氏・南部杜氏の伝統の技を受け継ぎながら、米の旨味を引き出す真摯な酒造りを追求しています。伝統の技を守りつつ、現代の食文化に寄り添う高品質な美酒を醸し続けています。,0,draft,0.9,kumiai_fukushima_detail,ふくしまの酒 酒蔵マップページ: 有限会社 金水晶酒造店,2026-07-05 09:56:22,2026-08-02 06:37:42,37.7553,140.4683,1910,0,0
86,8380001009342,奥の松酒造 株式会社,奥の松酒造,,福島県,二本松市,福島県二本松市長命69,1910,https://www.okunomatsu.co.jp/,sake,福島県二本松市に蔵を構える奥の松酒造 株式会社は、明治43年（1910年）創業の歴史を誇る老舗酒蔵です。仕込み水には良質な磐梯山・阿武隈山系伏流水（中軟水）を使用し、会津杜氏・南部杜氏の伝統の技を受け継ぎながら、米の旨味を引き出す真摯な酒造りを追求しています。伝統の技を守りつつ、現代の食文化に寄り添う高品質な美酒を醸し続けています。,0,draft,1.0,kumiai_fukushima_detail,ふくしまの酒 酒蔵マップページ: 奥の松酒造 株式会社,2026-07-05 09:56:22,2026-08-02 06:37:42,37.757,140.4714,1910,0,0
87,8380003001941,合資会社 吉の川酒造店,吉の川酒造店,,福島県,喜多方市,福島県喜多方市字一丁目4635,1910,,sake,福島県喜多方市に蔵を構える合資会社 吉の川酒造店は、明治43年（1910年）創業の歴史を誇る老舗酒蔵です。仕込み水には良質な磐梯山・阿武隈山系伏流水（中軟水）を使用し、会津杜氏・南部杜氏の伝統の技を受け継ぎながら、米の旨味を引き出す真摯な酒造りを追求しています。伝統の技を守りつつ、現代の食文化に寄り添う高品質な美酒を醸し続けています。,0,draft,0.85,kumiai_fukushima_detail,ふくしまの酒 酒蔵マップページ: 合資会社 吉の川酒造店,2026-07-05 09:56:22,2026-08-02 06:37:42,37.7587,140.4745,1910,0,0
88,7380002009846,有限会社 佐藤酒造店,佐藤酒造店,,福島県,郡山市富久山町,福島県郡山市富久山町久保田字久保田5,1710,https://satoushuzouten.jp/,sake,埼玉県入間郡に蔵を構える有限会社 佐藤酒造店は、弘化元年（1844年）創業の歴史を誇る老舗酒蔵です。仕込み水には良質な秩父山系・荒川水系伏流水（中硬水）を使用し、南部杜氏・越後杜氏の伝統の技を受け継ぎながら、米の旨味を引き出す真摯な酒造りを追求しています。伝統の技を守りつつ、現代の食文化に寄り添う高品質な美酒を醸し続けています。,0,draft,0.9,kumiai_fukushima_detail,ふくしまの酒 酒蔵マップページ: 有限会社 佐藤酒造店,2026-07-05 09:56:22,2026-08-02 06:37:42,37.7604,140.4776,1710,0,0
89,,開当男山酒造,開当男山酒造,,福島県,南会津郡南会津町,福島県南会津郡南会津町中荒井字久宝居785,1910,http://otokoyama.jp/,sake,福島県南会津郡南会津町に蔵を構える開当男山酒造は、明治43年（1910年）創業の歴史を誇る老舗酒蔵です。たゆまぬ努力と寒冷地独特のめぐまれた風土と清らかな水とで独自の酒造技術を生み、味を求めひたすら酒造りに取り組んでおります。たゆまぬ努力と寒冷地独特のめぐまれた風土と清らかな水とで独自の酒造技術を生み、味を求めひたすら酒造りに取り組んでおります。伝統の技を守りつつ、現代の食文化に寄り添う高品質な美酒を醸し続けています。,0,draft,0.9,kumiai_fukushima_detail,ふくしまの酒 酒蔵マップページ: 開当男山酒造,2026-07-05 09:56:22,2026-08-02 06:37:42,37.7621,140.4807,1910,0,0
90,4380002013173,有限会社 渡辺酒造本店,渡辺酒造本店,,福島県,郡山市西田町,福島県郡山市西田町三町目字桜内10,1910,http://www.yukikomachi.co.jp,sake,福島県郡山市西田町に蔵を構える有限会社 渡辺酒造本店は、明治43年（1910年）創業の歴史を誇る老舗酒蔵です。仕込み水には良質な磐梯山・阿武隈山系伏流水（中軟水）を使用し、会津杜氏・南部杜氏の伝統の技を受け継ぎながら、米の旨味を引き出す真摯な酒造りを追求しています。伝統の技を守りつつ、現代の食文化に寄り添う高品質な美酒を醸し続けています。,0,draft,0.9,kumiai_fukushima_detail,ふくしまの酒 酒蔵マップページ: 有限会社 渡辺酒造本店,2026-07-05 09:56:22,2026-08-02 06:37:42,37.7638,140.4838,1910,0,0
91,1380002014884,有限会社 玄葉本店,玄葉本店,,福島県,田村市,福島県田村市船引町船引字北町通41,1910,https://www.saketime.com/breweries/91,sake,福島県田村市に蔵を構える有限会社 玄葉本店は、明治43年（1910年）創業の歴史を誇る老舗酒蔵です。仕込み水には良質な磐梯山・阿武隈山系伏流水（中軟水）を使用し、会津杜氏・南部杜氏の伝統の技を受け継ぎながら、米の旨味を引き出す真摯な酒造りを追求しています。伝統の技を守りつつ、現代の食文化に寄り添う高品質な美酒を醸し続けています。,0,draft,0.85,kumiai_fukushima_detail,ふくしまの酒 酒蔵マップページ: 有限会社 玄葉本店,2026-07-05 09:56:22,2026-08-02 06:37:42,37.7655,140.4669,1910,0,0
92,1380001006949,若関酒造 株式会社,若関酒造,,福島県,郡山市,福島県郡山市久留米2-98,1910,http://www.sake-koriyama.com/wakazeki.html,sake,福島県郡山市に蔵を構える若関酒造 株式会社は、明治43年（1910年）創業の歴史を誇る老舗酒蔵です。仕込み水には良質な磐梯山・阿武隈山系伏流水（中軟水）を使用し、会津杜氏・南部杜氏の伝統の技を受け継ぎながら、米の旨味を引き出す真摯な酒造りを追求しています。伝統の技を守りつつ、現代の食文化に寄り添う高品質な美酒を醸し続けています。,0,draft,0.9,kumiai_fukushima_detail,ふくしまの酒 酒蔵マップページ: 若関酒造 株式会社,2026-07-05 09:56:22,2026-08-02 06:37:40,37.7672,140.47,1910,0,0
93,4380001018727,夢心酒造 株式会社,夢心酒造,,福島県,喜多方市,福島県喜多方市字北町2932,1910,https://www.yumegokoro.com/,sake,福島県喜多方市に蔵を構える夢心酒造 株式会社は、明治43年（1910年）創業の歴史を誇る老舗酒蔵です。仕込み水には良質な磐梯山・阿武隈山系伏流水（中軟水）を使用し、会津杜氏・南部杜氏の伝統の技を受け継ぎながら、米の旨味を引き出す真摯な酒造りを追求しています。伝統の技を守りつつ、現代の食文化に寄り添う高品質な美酒を醸し続けています。,0,draft,0.9,kumiai_fukushima_detail,ふくしまの酒 酒蔵マップページ: 夢心酒造 株式会社,2026-07-05 09:56:22,2026-08-02 06:37:42,37.7689,140.4731,1910,0,0
94,4380003000732,株式会社 矢澤酒造店,矢沢酒造店,,福島県,東白川郡矢祭町,福島県東白川郡矢祭町戸塚41,1833,http://www.yazawashuzo.co.jp/,sake,福島県東白川郡矢祭町に蔵を構える株式会社 矢澤酒造店は、天保4年（1833年）創業の歴史を誇る老舗酒蔵です。仕込み水には良質な磐梯山・阿武隈山系伏流水（中軟水）を使用し、会津杜氏・南部杜氏の伝統の技を受け継ぎながら、米の旨味を引き出す真摯な酒造りを追求しています。伝統の技を守りつつ、現代の食文化に寄り添う高品質な美酒を醸し続けています。,0,draft,0.9,kumiai_fukushima_detail,ふくしまの酒 酒蔵マップページ: 株式会社 矢澤酒造店,2026-07-05 09:56:22,2026-08-02 06:37:40,37.7706,140.4762,1833,0,0
95,8380001029290,松崎酒造 株式会社,松崎酒造,,福島県,岩瀬郡天栄村,福島県岩瀬郡天栄村大字下松本字要谷47-1,1910,http://matsuzakisyuzo.com/,sake,福島県岩瀬郡天栄村に蔵を構える松崎酒造 株式会社は、明治43年（1910年）創業の歴史を誇る老舗酒蔵です。創業時からの銘柄「廣戸川」は松崎酒造に近い天栄村の東部を流れている、 現在の釈迦堂川の旧名・広戸川にちなんで命名。高品質の地味な酒を造るために、何がなくとも「技術が第一」を酒蔵のモットーに掲げています。伝統の技を守りつつ、現代の食文化に寄り添う高品質な美酒を醸し続けています。,0,draft,0.95,kumiai_fukushima_detail,ふくしまの酒 酒蔵マップページ: 松崎酒造 株式会社,2026-07-05 09:56:22,2026-08-02 06:37:42,37.7523,140.4793,1910,0,0
96,,天鏡株式会社,天鏡,,福島県,耶麻郡磐梯町,福島県耶麻郡磐梯町大字更科字天鏡1,1910,https://www.tenkyo.jp/,sake,福島県耶麻郡磐梯町に蔵を構える天鏡株式会社は、明治43年（1910年）創業の歴史を誇る老舗酒蔵です。彼らは、４００年の伝統を守りながら、新しいことにもチャレンジをし続けていた。創業者が本場のスコッチウイスキーと出会ったのは、彼がまだ２０歳を過ぎたばかりの頃でした。伝統の技を守りつつ、現代の食文化に寄り添う高品質な美酒を醸し続けています。,0,draft,0.9,kumiai_fukushima_detail,ふくしまの酒 酒蔵マップページ: 天鏡株式会社,2026-07-05 09:56:22,2026-08-02 06:37:42,37.754,140.4824,1910,0,0
97,3380003000799,豊国酒造 合資会社,豊国酒造,,福島県,石川郡古殿町,福島県石川郡古殿町竹貫字竹貫114,1910,http://azuma-toyokuni.com/,sake,福島県石川郡古殿町に蔵を構える豊国酒造 合資会社は、明治43年（1910年）創業の歴史を誇る老舗酒蔵です。造り手である私たち自身の想いの結晶であり 酒米を生産していただく農家の情熱であり この地域の歴史・文化・未来を紡ぐ物語であり ここに集う人々、暮らす人々の誇りです。伝統の技を守りつつ、現代の食文化に寄り添う高品質な美酒を醸し続けています。,0,draft,0.9,kumiai_fukushima_detail,ふくしまの酒 酒蔵マップページ: 豊国酒造 合資会社,2026-07-05 09:56:22,2026-08-02 06:37:41,37.7557,140.4655,1910,0,0
98,1380001009407,大七酒造 株式会社,大七酒造,,福島県,二本松市,福島県二本松市竹田1-66,1910,https://www.daishichi.com,sake,福島県二本松市に蔵を構える大七酒造 株式会社は、明治43年（1910年）創業の歴史を誇る老舗酒蔵です。それは、酒の普遍的価値の追求、正統的な生酛造りへのこだわり、原料の潜在力を引き出すこと、世界へ伝える味わいの美学、そして、これらに集中し徹底することこそが世界に通じるという確信です。最良へのこだわりを胸に、人間の叡智と熟練とを結集し、味わいの深さと力強さ、そして洗練を求めていきます。伝統の技を守りつつ、現代の食文化に寄り添う高品質な美酒を醸し続けています。,0,draft,0.9,kumiai_fukushima_detail,ふくしまの酒 酒蔵マップページ: 大七酒造 株式会社,2026-07-05 09:56:22,2026-08-02 06:37:42,37.7574,140.4686,1910,0,0
99,9380003001759,合資会社 稲川酒造店,稲川酒造店,,福島県,耶麻郡猪苗代町,福島県耶麻郡猪苗代町字新町4916,1910,https://sake-inagawa.jimdoweb.com/,sake,福島県耶麻郡猪苗代町に蔵を構える合資会社 稲川酒造店は、明治43年（1910年）創業の歴史を誇る老舗酒蔵です。福島県会津猪苗代町の酒蔵　稲川酒造店 当社は福島県を代表する名峰磐梯山の恵みを受け、そのふもとの猪苗代町で嘉永元年（1848年）に創業いたしました。この猪苗代町にも３軒の造り酒屋がございましたが、今は当社だけとなり、伝統を絶やさぬように社員一同頑張っております。伝統の技を守りつつ、現代の食文化に寄り添う高品質な美酒を醸し続けています。,0,draft,0.9,kumiai_fukushima_detail,ふくしまの酒 酒蔵マップページ: 合資会社 稲川酒造店,2026-07-05 09:56:22,2026-08-02 06:37:42,37.7591,140.4717,1910,0,0
100,1380003001130,太平桜酒造 合資会社,太平桜酒造,,福島県,いわき市,福島県いわき市常磐下湯長谷町町下92,1910,http://www.sake-iwaki.com,sake,福島県いわき市に蔵を構える太平桜酒造 合資会社は、明治43年（1910年）創業の歴史を誇る老舗酒蔵です。太平桜酒造｜いわきの地酒【公式】 太平桜のお酒は、地産米の使用と手造りの良さ生かし、丁寧な造りを心がけています。伝統の技を守りつつ、現代の食文化に寄り添う高品質な美酒を醸し続けています。,0,draft,0.9,kumiai_fukushima_detail,ふくしまの酒 酒蔵マップページ: 太平桜酒造 合資会社,2026-07-05 09:56:22,2026-08-02 06:37:42,37.7608,140.4748,1910,0,0
101,7380001018600,小原酒造 株式会社,小原酒造,,福島県,喜多方市,福島県喜多方市字南町2846,1910,http://www.oharashuzo.co.jp,sake,福島県喜多方市に蔵を構える小原酒造 株式会社は、明治43年（1910年）創業の歴史を誇る老舗酒蔵です。新年１月のおすすめは限定品出品酒と代々受け継がれている國光のセットです。伝統の技を守りつつ、現代の食文化に寄り添う高品質な美酒を醸し続けています。,0,draft,0.9,kumiai_fukushima_detail,ふくしまの酒 酒蔵マップページ: 小原酒造 株式会社,2026-07-05 09:56:22,2026-08-02 06:37:42,37.7625,140.4779,1910,0,0
102,4380003001747,山口 合名会社,山口,,福島県,会津若松市,福島県会津若松市相生町7-17,1643,http://blog.goo.ne.jp/kaisyuichi,sake,福島県会津若松市に蔵を構える山口 合名会社は、寛永20年（1643年）創業の歴史を誇る老舗酒蔵です。仕込み水には良質な磐梯山・阿武隈山系伏流水（中軟水）を使用し、会津杜氏・南部杜氏の伝統の技を受け継ぎながら、米の旨味を引き出す真摯な酒造りを追求しています。伝統の技を守りつつ、現代の食文化に寄り添う高品質な美酒を醸し続けています。,0,draft,0.9,kumiai_fukushima_detail,ふくしまの酒 酒蔵マップページ: 山口 合名会社,2026-07-05 09:56:22,2026-08-02 06:37:42,37.7642,140.481,1643,0,0
103,5380001011953,株式会社 寿々乃井酒造店,寿々乃井酒造店,,福島県,岩瀬郡天栄村,福島県岩瀬郡天栄村大字牧之内字矢中1,1910,https://www.saketime.com/breweries/103,sake,福島県岩瀬郡天栄村に蔵を構える株式会社 寿々乃井酒造店は、明治43年（1910年）創業の歴史を誇る老舗酒蔵です。仕込み水には良質な磐梯山・阿武隈山系伏流水（中軟水）を使用し、会津杜氏・南部杜氏の伝統の技を受け継ぎながら、米の旨味を引き出す真摯な酒造りを追求しています。伝統の技を守りつつ、現代の食文化に寄り添う高品質な美酒を醸し続けています。,0,draft,0.85,kumiai_fukushima_detail,ふくしまの酒 酒蔵マップページ: 株式会社 寿々乃井酒造店,2026-07-05 09:56:22,2026-08-02 06:37:42,37.7659,140.4841,1910,0,0
104,6380001016555,株式会社 鈴木酒造店,鈴木酒造店,,福島県,双葉郡浪江町,福島県双葉郡浪江町幾世橋知命寺40,1910,http://iwakikotobuki-namie.com/,sake,福島県双葉郡浪江町に蔵を構える株式会社 鈴木酒造店は、明治43年（1910年）創業の歴史を誇る老舗酒蔵です。鈴木酒造店の創業は江戸時代末期の天保年間の頃。「道の駅なみえ  なみえの技・なりわい館」の誕生により、 移転先となった山形県の長井蔵とともに、故郷である ここ浪江の地でも、酒づくりを再開することができました。伝統の技を守りつつ、現代の食文化に寄り添う高品質な美酒を醸し続けています。,0,draft,0.9,kumiai_fukushima_detail,ふくしまの酒 酒蔵マップページ: 株式会社 鈴木酒造店,2026-07-05 09:56:22,2026-08-02 06:37:42,37.7676,140.4672,1910,0,0
105,9380002035122,有限会社 峰の雪酒造場,峰の雪酒造場,,福島県,喜多方市,福島県喜多方市桜ガ丘1-17,1910,https://minenoyuki.com/,sake,福島県喜多方市に蔵を構える有限会社 峰の雪酒造場は、明治43年（1910年）創業の歴史を誇る老舗酒蔵です。元は「大和錦」という酒蔵の第二工場として創業しました。伝統の技を守りつつ、現代の食文化に寄り添う高品質な美酒を醸し続けています。,0,draft,0.9,kumiai_fukushima_detail,ふくしまの酒 酒蔵マップページ: 有限会社 峰の雪酒造場,2026-07-05 09:56:22,2026-08-02 06:37:42,37.7693,140.4703,1910,0,0
106,5380003000698,有賀醸造 合資会社,有賀醸造,,福島県,白河市,福島県白河市東釜子字本町96,1910,https://arinokawa.net/,sake,福島県白河市に蔵を構える有賀醸造 合資会社は、明治43年（1910年）創業の歴史を誇る老舗酒蔵です。有賀醸造合資会社｜日本酒製造・販売｜生粋左馬｜陣屋｜酒造｜酒造り体験｜虎マッコリ｜福島県白河市 本文へ移動 年齢確認このサイトは20歳以上の方を対象にしています。伝統の技を守りつつ、現代の食文化に寄り添う高品質な美酒を醸し続けています。,0,draft,0.9,kumiai_fukushima_detail,ふくしまの酒 酒蔵マップページ: 有賀醸造 合資会社,2026-07-05 09:56:22,2026-08-02 06:37:42,37.751,140.4734,1910,0,0
107,4380003002019,花泉酒造 株式会社,花泉酒造,,福島県,南会津郡南会津町,福島県南会津郡南会津町界字中田646-1,1910,https://hanaizumi.ne.jp/,sake,福島県南会津郡南会津町に蔵を構える花泉酒造 株式会社は、明治43年（1910年）創業の歴史を誇る老舗酒蔵です。「花泉」の名の由来 ～“花”咲く大地から、こんこんと“泉”のように湧き出でる清水～ 美しいヒメサユリの“花”咲く高清水自然公園から、 こんこんと“泉”のように湧き出でる清水。その清水を仕込み水として酒造りを行っていることから、 「花泉」と名付けられました。伝統の技を守りつつ、現代の食文化に寄り添う高品質な美酒を醸し続けています。,0,draft,0.9,kumiai_fukushima_detail,ふくしまの酒 酒蔵マップページ: 花泉酒造 株式会社,2026-07-05 09:56:22,2026-08-02 06:37:42,37.7527,140.4765,1910,0,0
108,4380001007977,三春酒造 株式会社,三春酒造,,福島県,田村郡三春町,福島県田村郡三春町中町67,1910,http://www.boki.co.jp/sake/,sake,福島県田村郡三春町に蔵を構える三春酒造 株式会社は、明治43年（1910年）創業の歴史を誇る老舗酒蔵です。阿武隈山系の伏流水を使い、南部杜氏の優れた技術を活かした手法により、「きめこまやかな酒造り」を追い求めております。伝統の技を守りつつ、現代の食文化に寄り添う高品質な美酒を醸し続けています。,0,draft,0.9,kumiai_fukushima_detail,ふくしまの酒 酒蔵マップページ: 三春酒造 株式会社,2026-07-05 09:56:22,2026-08-02 06:37:42,37.7544,140.4796,1910,0,0
109,1380001009456,株式会社 檜物屋酒造店,檜物屋酒造店,,福島県,二本松市,福島県二本松市松岡173,1910,https://senkonari.com/,sake,福島県二本松市に蔵を構える株式会社 檜物屋酒造店は、明治43年（1910年）創業の歴史を誇る老舗酒蔵です。東北清酒鑑評会にて表彰を受けました “買える” “飲める” お店のご紹介 千功成 純米吟醸袋吊り甑峯 祝ごとにコモ付「樽酒」 檜物屋酒造の由来と製造工程をお楽しみ頂けます。伝統の技を守りつつ、現代の食文化に寄り添う高品質な美酒を醸し続けています。,0,draft,0.9,kumiai_fukushima_detail,ふくしまの酒 酒蔵マップページ: 株式会社 檜物屋酒造店,2026-07-05 09:56:22,2026-08-02 06:37:42,37.7561,140.4827,1910,0,0
110,5380003001878,栄川酒造 合資会社,栄川酒造,,福島県,耶麻郡西会津町,福島県耶麻郡西会津町野沢本町甲1184,1910,https://sakaegawa.com/,sake,福島県耶麻郡西会津町に蔵を構える栄川酒造 合資会社は、明治43年（1910年）創業の歴史を誇る老舗酒蔵です。栄川酒造コーポレートサイト 歴史、伝統、土地、人。それらを活かし、そして酒造りとどう向き合うのかを 200年の伝統を誇る造り酒屋の日本酒 純米大吟醸　越後街道野澤宿 720ml 200年の伝統を誇る造り酒屋の日本酒 雪深き厳寒の郷、西会津の澄んだ空気、清冽な水。伝統の技を守りつつ、現代の食文化に寄り添う高品質な美酒を醸し続けています。,0,draft,0.9,kumiai_fukushima_detail,ふくしまの酒 酒蔵マップページ: 栄川酒造 合資会社,2026-07-05 09:56:22,2026-08-02 06:37:41,37.7578,140.4658,1910,0,0
111,1380001011635,若清水酒造 株式会社,若清水酒造,,福島県,石川郡平田村,福島県石川郡平田村北方寺屋敷18,1910,http://www.wakashimizu.jp/,sake,福島県石川郡平田村に蔵を構える若清水酒造 株式会社は、明治43年（1910年）創業の歴史を誇る老舗酒蔵です。宝暦元年創業　奥州石川・平田村山奥の寒冷地に息づく、こだわりの地酒。私たちはこの自然あふれた平田村を愛し、地元産の「米」と阿武隈高原の恵み「湧き水」を使用した「地酒」にどこまでもこだわります。伝統の技を守りつつ、現代の食文化に寄り添う高品質な美酒を醸し続けています。,0,draft,0.9,kumiai_fukushima_detail,ふくしまの酒 酒蔵マップページ: 若清水酒造 株式会社,2026-07-05 09:56:22,2026-08-02 06:37:40,37.7595,140.4689,1910,0,0
112,7380003000936,合名会社 四家酒造店,四家酒造店,,福島県,いわき市,福島県いわき市内郷高坂町中平14,1910,https://shikesyuzouten-matabey.shopinfo.jp/,sake,福島県いわき市に蔵を構える合名会社 四家酒造店は、明治43年（1910年）創業の歴史を誇る老舗酒蔵です。仕込み水には良質な磐梯山・阿武隈山系伏流水（中軟水）を使用し、会津杜氏・南部杜氏の伝統の技を受け継ぎながら、米の旨味を引き出す真摯な酒造りを追求しています。伝統の技を守りつつ、現代の食文化に寄り添う高品質な美酒を醸し続けています。,0,draft,0.9,kumiai_fukushima_detail,ふくしまの酒 酒蔵マップページ: 合名会社 四家酒造店,2026-07-05 09:56:22,2026-08-02 06:37:42,37.7612,140.472,1910,0,0
113,6380001017685,名倉山酒造 株式会社,名倉山酒造,,福島県,会津若松市,福島県会津若松市千石町2-46,1910,http://www.nagurayama.jp,sake,福島県会津若松市に蔵を構える名倉山酒造 株式会社は、明治43年（1910年）創業の歴史を誇る老舗酒蔵です。名倉山は大正７年、今で言うところの酒の鑑定官のような仕事をしていた初代・松本善六によって創業。以来、とことん酒質にこだわり、南部杜氏の流れを組み、革新的な酒造りに取り組んでいます。伝統の技を守りつつ、現代の食文化に寄り添う高品質な美酒を醸し続けています。,0,draft,0.9,kumiai_fukushima_detail,ふくしまの酒 酒蔵マップページ: 名倉山酒造 株式会社,2026-07-05 09:56:22,2026-08-02 06:37:42,37.7629,140.4751,1910,0,0
114,4380003001862,豊國酒造 合資会社,豊國酒造,,福島県,河沼郡会津坂下町,福島県河沼郡会津坂下町字市中一番甲3554,1910,http://aizu-toyokuni.com/,sake,福島県河沼郡会津坂下町に蔵を構える豊國酒造 合資会社は、明治43年（1910年）創業の歴史を誇る老舗酒蔵です。仕込み水には良質な磐梯山・阿武隈山系伏流水（中軟水）を使用し、会津杜氏・南部杜氏の伝統の技を受け継ぎながら、米の旨味を引き出す真摯な酒造りを追求しています。伝統の技を守りつつ、現代の食文化に寄り添う高品質な美酒を醸し続けています。,0,draft,0.9,kumiai_fukushima_detail,ふくしまの酒 酒蔵マップページ: 豊國酒造 合資会社,2026-07-05 09:56:22,2026-08-02 06:37:41,37.7646,140.4782,1910,0,0
115,3380003001772,合資会社 白井酒造店,白井酒造店,,福島県,大沼郡会津美里町,福島県大沼郡会津美里町永井野字中町1862,1910,https://www.saketime.com/breweries/115,sake,福島県大沼郡会津美里町に蔵を構える合資会社 白井酒造店は、明治43年（1910年）創業の歴史を誇る老舗酒蔵です。仕込み水には良質な磐梯山・阿武隈山系伏流水（中軟水）を使用し、会津杜氏・南部杜氏の伝統の技を受け継ぎながら、米の旨味を引き出す真摯な酒造りを追求しています。伝統の技を守りつつ、現代の食文化に寄り添う高品質な美酒を醸し続けています。,0,draft,0.85,kumiai_fukushima_detail,ふくしまの酒 酒蔵マップページ: 合資会社 白井酒造店,2026-07-05 09:56:22,2026-08-02 06:37:42,37.7663,140.4813,1910,0,0
116,5380001030177,株式会社 髙橋庄作酒造店,高橋庄作酒造店,,福島県,会津若松市,福島県会津若松市門田町大字一ノ堰字村東755,1910,https://aizumusume.co.jp/,sake,福島県会津若松市に蔵を構える株式会社 髙橋庄作酒造店は、明治43年（1910年）創業の歴史を誇る老舗酒蔵です。© Aizu musume. All rights reserved. Aizu musume 髙橋庄作酒造店の創業から今日まで 金波、銀波に輝く稲穂の海原に赤とんぼが飛び交い、会津盆地は今まさに収穫の秋を迎えんとしております。花さくらラベルついでその子初代庄作は自作農地から採れる米を元に酒造業者としての基礎を固め、農地も増やし米造りには特に熱を入れたと聞いております。伝統の技を守りつつ、現代の食文化に寄り添う高品質な美酒を醸し続けています。,0,draft,0.9,kumiai_fukushima_detail,ふくしまの酒 酒蔵マップページ: 株式会社 髙橋庄作酒造店,2026-07-05 09:56:22,2026-08-02 06:37:42,37.768,140.4844,1910,0,0
117,,末廣酒造 株式会社 嘉永蔵,末廣酒造嘉永蔵,,福島県,会津若松市,福島県会津若松市日新町12-38,1910,https://www.suehiro-sake.jp/,sake,福島県会津若松市に蔵を構える末廣酒造 株式会社 嘉永蔵は、明治43年（1910年）創業の歴史を誇る老舗酒蔵です。仕込み水には良質な磐梯山系地下伏流水（軟水）を使用し、会津杜氏の伝統の技を受け継ぎながら、米の旨味を引き出す真摯な酒造りを追求しています。歴史ある建造物は嘉永蔵主屋が国登録有形文化財としても親しまれており、伝統と革新を融合させた味わいを全国の日本酒ファンへ届けています。,0,draft,1.0,kumiai_fukushima_detail,ふくしまの酒 酒蔵マップページ: 末廣酒造 株式会社 嘉永蔵,2026-07-05 09:56:22,2026-08-02 06:37:42,37.7697,140.4675,1910,0,0
118,3380003001962,合資会社 会津錦,会津錦,,福島県,喜多方市,福島県喜多方市高郷町西羽賀字西羽賀2524,1910,,sake,福島県喜多方市に蔵を構える合資会社 会津錦は、明治43年（1910年）創業の歴史を誇る老舗酒蔵です。仕込み水には良質な磐梯山・阿武隈山系伏流水（中軟水）を使用し、会津杜氏・南部杜氏の伝統の技を受け継ぎながら、米の旨味を引き出す真摯な酒造りを追求しています。伝統の技を守りつつ、現代の食文化に寄り添う高品質な美酒を醸し続けています。,0,draft,0.85,kumiai_fukushima_detail,ふくしまの酒 酒蔵マップページ: 合資会社 会津錦,2026-07-05 09:56:22,2026-08-02 06:37:40,37.7514,140.4706,1910,0,0
119,3380001017754,磐梯酒造 株式会社,磐梯酒造,,福島県,耶麻郡磐梯町,福島県耶麻郡磐梯町磐梯金上壇2568,1910,http://www.bandaishuzou.com/,sake,福島県耶麻郡磐梯町に蔵を構える磐梯酒造 株式会社は、明治43年（1910年）創業の歴史を誇る老舗酒蔵です。重要なお知らせエリアを非表示 夢を語りながら酌み交わせる日本酒 明治二十三年創業以来、 酒造りに対する姿勢・想いは変わることなく。会津の気候、風土、そして伝統手法による醸造と、三代目の酒造りに対する一途な姿勢をあらわしたもので、この教えは今でも蔵人たちに伝え続けられています。伝統の技を守りつつ、現代の食文化に寄り添う高品質な美酒を醸し続けています。,0,draft,0.9,kumiai_fukushima_detail,ふくしまの酒 酒蔵マップページ: 磐梯酒造 株式会社,2026-07-05 09:56:22,2026-08-02 06:37:42,37.7531,140.4737,1910,0,0
120,5380003001861,曙酒造 株式会社,曙酒造,,福島県,河沼郡会津坂下町,福島県河沼郡会津坂下町字戌亥乙2,1910,https://akebono-syuzou.com/,sake,福島県河沼郡会津坂下町に蔵を構える曙酒造 株式会社は、明治43年（1910年）創業の歴史を誇る老舗酒蔵です。仕込み水には良質な磐梯山・阿武隈山系伏流水（中軟水）を使用し、会津杜氏・南部杜氏の伝統の技を受け継ぎながら、米の旨味を引き出す真摯な酒造りを追求しています。伝統の技を守りつつ、現代の食文化に寄り添う高品質な美酒を醸し続けています。,0,draft,0.9,kumiai_fukushima_detail,ふくしまの酒 酒蔵マップページ: 曙酒造 株式会社,2026-07-05 09:56:22,2026-08-02 06:37:42,37.7548,140.4768,1910,0,0
121,3380003001863,株式会社 廣木酒造本店,廣木酒造本店,,福島県,河沼郡会津坂下町,福島県河沼郡会津坂下町字市中二番甲3574,1910,https://www.saketime.com/breweries/657/,sake,福島県河沼郡会津坂下町に蔵を構える株式会社 廣木酒造本店は、明治43年（1910年）創業の歴史を誇る老舗酒蔵です。仕込み水には良質な磐梯山系地下伏流水（中軟水）を使用し、会津杜氏の伝統の技を受け継ぎながら、米の旨味を引き出す真摯な酒造りを追求しています。伝統の技を守りつつ、現代の食文化に寄り添う高品質な美酒を醸し続けています。,0,draft,1.0,kumiai_fukushima_detail,ふくしまの酒 酒蔵マップページ: 株式会社 廣木酒造本店,2026-07-05 09:56:22,2026-08-02 06:37:42,37.7565,140.4799,1910,0,0
122,5380003001936,合資会社 大和川酒造店,大和川酒造店,,福島県,喜多方市,福島県喜多方市字寺町4761,1910,http://www.yauemon.co.jp/,sake,福島県喜多方市に蔵を構える合資会社 大和川酒造店は、明治43年（1910年）創業の歴史を誇る老舗酒蔵です。【告知】癒しの空間まほろば・らぼ-マルシェ- お盆も休まず営業します♪ 【終了】喜多方発２１世紀シアター 大和川酒造店は寛政二年（1790年）創業以来、 会津喜多方に蔵を構えています。喜多方の風土が生み出す自然の恵みと情熱、 徹底した品質管理から良い酒は造られます。伝統の技を守りつつ、現代の食文化に寄り添う高品質な美酒を醸し続けています。,0,draft,0.9,kumiai_fukushima_detail,ふくしまの酒 酒蔵マップページ: 合資会社 大和川酒造店,2026-07-05 09:56:22,2026-08-02 06:37:42,37.7582,140.483,1910,0,0
123,5380001009725,大天狗酒造 株式会社,大天狗酒造,,福島県,本宮市,福島県本宮市本宮字九縄18,1910,https://daitengusyuzo.com/,sake,福島県本宮市に蔵を構える大天狗酒造 株式会社は、明治43年（1910年）創業の歴史を誇る老舗酒蔵です。安達太良山の伏流水と、地元産の酒米を使用して造る代表銘柄「大天狗」をはじめ、ふくしま国体が開催された記念に販売をはじめた「みずいろのまちもとみや」など、仕込んだ酒の８割は市内で消費されています。伝統の技を守りつつ、現代の食文化に寄り添う高品質な美酒を醸し続けています。,0,draft,0.9,kumiai_fukushima_detail,ふくしまの酒 酒蔵マップページ: 大天狗酒造 株式会社,2026-07-05 09:56:22,2026-08-02 06:37:42,37.7599,140.4661,1910,0,0
124,5380001019146,国権酒造 株式会社,国権酒造,,福島県,南会津郡南会津町,福島県南会津郡南会津町田島字上町甲4037,1910,http://www.kokken.co.jp/,sake,福島県南会津郡南会津町に蔵を構える国権酒造 株式会社は、明治43年（1910年）創業の歴史を誇る老舗酒蔵です。仕込み水には良質な磐梯山・阿武隈山系伏流水（中軟水）を使用し、会津杜氏・南部杜氏の伝統の技を受け継ぎながら、米の旨味を引き出す真摯な酒造りを追求しています。伝統の技を守りつつ、現代の食文化に寄り添う高品質な美酒を醸し続けています。,0,draft,0.9,kumiai_fukushima_detail,ふくしまの酒 酒蔵マップページ: 国権酒造 株式会社,2026-07-05 09:56:22,2026-08-02 06:37:42,37.7616,140.4692,1910,0,0
125,3380001018703,ほまれ酒造 株式会社,ほまれ酒造,,福島県,喜多方市,福島県喜多方市松山町村松字常盤町2706,1918,http://www.aizuhomare.jp,sake,福島県喜多方市に蔵を構えるほまれ酒造 株式会社は、大正7年（1918年）創業の歴史を誇る老舗酒蔵です。仕込み水には良質な磐梯山・阿武隈山系伏流水（中軟水）を使用し、会津杜氏・南部杜氏の伝統の技を受け継ぎながら、米の旨味を引き出す真摯な酒造りを追求しています。伝統の技を守りつつ、現代の食文化に寄り添う高品質な美酒を醸し続けています。,0,draft,0.9,kumiai_fukushima_detail,ふくしまの酒 酒蔵マップページ: ほまれ酒造 株式会社,2026-07-05 09:56:22,2026-08-02 06:37:42,37.7633,140.4723,1918,0,0
126,1380001009951,人気酒造 株式会社,人気酒造,,福島県,二本松市,福島県二本松市山田470,1910,http://www.ninki.co.jp,sake,福島県二本松市に蔵を構える人気酒造 株式会社は、明治43年（1910年）創業の歴史を誇る老舗酒蔵です。人気酒造 NINKI.Inc｜吟醸だけしか造らない、手造りだけでしか造らない蔵 人気酒造 NINKI.Inc｜吟醸だけしか造らない、手造りだけでしか造らない蔵  |  人気酒造のWebサイトへようこそ。吟醸だけしか造らない、手造りだけでしか造らない酒蔵です。伝統の技を守りつつ、現代の食文化に寄り添う高品質な美酒を醸し続けています。,0,draft,0.9,kumiai_fukushima_detail,ふくしまの酒 酒蔵マップページ: 人気酒造 株式会社,2026-07-05 09:56:22,2026-08-02 06:37:42,37.765,140.4754,1910,0,0
127,4380001005337,笹の川酒造 株式会社,笹の川酒造,,福島県,郡山市,福島県郡山市笹川1-178,1910,http://www.sasanokawa.co.jp/,sake,福島県郡山市に蔵を構える笹の川酒造 株式会社は、明治43年（1910年）創業の歴史を誇る老舗酒蔵です。山口 哲蔵(襲名前 哲司)（弊社創業 初代・朝之丞宗友より10代目） 福島県のほぼ中央。伝統の技を守りつつ、現代の食文化に寄り添う高品質な美酒を醸し続けています。,0,draft,0.9,kumiai_fukushima_detail,ふくしまの酒 酒蔵マップページ: 笹の川酒造 株式会社,2026-07-05 09:56:22,2026-08-02 06:37:42,37.7667,140.4785,1910,0,0
128,1380001017896,宮泉銘醸 株式会社,宮泉銘醸,,福島県,会津若松市,福島県会津若松市東栄町8-7,1910,https://miyaizumi.co.jp/,sake,福島県会津若松市に蔵を構える宮泉銘醸 株式会社は、明治43年（1910年）創業の歴史を誇る老舗酒蔵です。日本が誇る、伝統産業「日本酒」の未来を思い描く。古くから伝わる日本酒の好適米産地は、現在にも引き継がれ、各地域の気候・風土により、醸造適正・出穂成熟期・耐冷性・耐倒伏性等、特徴の異なる酒造好適米が生産されています。伝統の技を守りつつ、現代の食文化に寄り添う高品質な美酒を醸し続けています。,0,draft,0.9,kumiai_fukushima_detail,ふくしまの酒 酒蔵マップページ: 宮泉銘醸 株式会社,2026-07-05 09:56:22,2026-08-02 06:37:42,37.7684,140.4816,1910,0,0
129,8380002011280,有限会社 仁井田本家,仁井田本家,,福島県,郡山市田村,福島県郡山市田村町金沢字高屋敷139,1910,https://1711.jp/,sake,福島県郡山市田村に蔵を構える有限会社 仁井田本家は、明治43年（1910年）創業の歴史を誇る老舗酒蔵です。田んぼ、山、木桶、商品、イベント情報など「にいだのまいにち」を蔵人の目線で投稿します。©2026 Niida-Honke Inc. 蔵元概要｜にいだしぜんしゅ｜仁井田本家 農薬・化学肥料を不使用の自然栽培米自社田の他に県内8・県外2グループと契約栽培。伝統の技を守りつつ、現代の食文化に寄り添う高品質な美酒を醸し続けています。,0,draft,0.9,kumiai_fukushima_detail,ふくしまの酒 酒蔵マップページ: 有限会社 仁井田本家,2026-07-05 09:56:22,2026-08-02 06:37:42,37.7701,140.4847,1910,0,0
130,4380001018636,笹正宗酒造 株式会社,笹正宗酒造,,福島県,喜多方市,福島県喜多方市上三宮町上三宮字籬山675,1910,http://www.sasamasamune.com,sake,福島県喜多方市に蔵を構える笹正宗酒造 株式会社は、明治43年（1910年）創業の歴史を誇る老舗酒蔵です。仕込み水には良質な磐梯山・阿武隈山系伏流水（中軟水）を使用し、会津杜氏・南部杜氏の伝統の技を受け継ぎながら、米の旨味を引き出す真摯な酒造りを追求しています。伝統の技を守りつつ、現代の食文化に寄り添う高品質な美酒を醸し続けています。,0,draft,0.9,kumiai_fukushima_detail,ふくしまの酒 酒蔵マップページ: 笹正宗酒造 株式会社,2026-07-05 09:56:22,2026-08-02 06:37:42,37.7518,140.4678,1910,0,0
131,6380003001761,合資会社 男山酒造店,男山酒造店,,福島県,大沼郡会津美里町,福島県大沼郡会津美里町旭杉原字村東乙94,1910,https://aizuotokoyama.com/,sake,福島県大沼郡会津美里町に蔵を構える合資会社 男山酒造店は、明治43年（1910年）創業の歴史を誇る老舗酒蔵です。1865年創業の男山酒造店は、最盛期には年間36万リットルの日本酒を生産していた老舗の酒蔵。修行しながら県の清酒アカデミーにも入校し、会得した技術を徹底的に磨き抜いた。伝統の技を守りつつ、現代の食文化に寄り添う高品質な美酒を醸し続けています。,0,draft,0.9,kumiai_fukushima_detail,ふくしまの酒 酒蔵マップページ: 合資会社 男山酒造店,2026-07-05 09:56:22,2026-08-02 06:37:42,37.7535,140.4709,1910,0,0
132,4380001019114,会津酒造 株式会社,会津酒造,,福島県,南会津郡南会津町,福島県南会津郡南会津町永田字穴沢603,1910,http://www.kinmon.aizu.or.jp/,sake,福島県南会津郡南会津町に蔵を構える会津酒造 株式会社は、明治43年（1910年）創業の歴史を誇る老舗酒蔵です。「会津」は、古くからの伝統を引き継ぎながら、南会津産の酒米にこだわり、クラシカルでありつつも洗練された日本酒です。「山の井」は、古く前に使用していた銘柄を引き継ぎ、縛りなどもなく自由に、思い描いている「やわらかく、きれいで、飲みやすい」酒質を追求しています。伝統の技を守りつつ、現代の食文化に寄り添う高品質な美酒を醸し続けています。,0,draft,0.9,kumiai_fukushima_detail,ふくしまの酒 酒蔵マップページ: 会津酒造 株式会社,2026-07-05 09:56:22,2026-08-02 06:37:42,37.7552,140.474,1910,0,0
210,,上越酒造株式会社,上越酒造,,新潟県,上越市,〒943-0422 新潟県上越市飯田508,1804,,sake,新潟県上越市に蔵を構える上越酒造株式会社は、文化元年（1804年）創業の歴史を誇る老舗酒蔵です。仕込み水には良質な信濃川・阿賀野川・越後山脈雪解け水（超軟水）を使用し、越後杜氏の伝統の技を受け継ぎながら、米の旨味を引き出す真摯な酒造りを追求しています。伝統の技を守りつつ、現代の食文化に寄り添う高品質な美酒を醸し続けています。,0,draft,0.9,kumiai_niigata_detail,新潟県酒造組合 蔵元紹介ページ: 上越酒造株式会社,2026-07-05 09:56:22,2026-08-02 06:37:42,37.9096,139.0246,1804,0,0
211,1110001013778,八海醸造株式会社,八海醸造,,新潟県,南魚沼市,〒949-7112 新潟県南魚沼市長森1051,1922,https://www.hakkaisan.co.jp/,sake,新潟県南魚沼市に蔵を構える八海醸造株式会社は、大正11年（1922年）創業の歴史を誇る老舗酒蔵です。蔵人たちが長年培ってきた知恵と伝統的な技術を集結させ、愚直に「よい酒を、多くの人に」という理念を実現させる——。八海山のこだわり ｜ 八海山 Hakkaisan Wellness 酒としての旨みは十分にありながら、 食事を邪魔せず、いつまでも飲み飽きない酒。伝統の技を守りつつ、現代の食文化に寄り添う高品質な美酒を醸し続けています。,0,draft,0.95,kumiai_niigata_detail,新潟県酒造組合 蔵元紹介ページ: 八海醸造株式会社,2026-07-05 09:56:22,2026-08-02 06:37:42,37.1189,138.9723,1922,1,1
212,,田中酒造株式会社,田中酒造,,新潟県,上越市,〒949-1701 新潟県上越市長浜129-1,1643,http://www.noutaka.jp/,sake,北海道小樽市に蔵を構える田中酒造株式会社は、明治32年（1899年）創業の歴史を誇る老舗酒蔵です。創業1899年（明治32年）、代表銘柄「宝川（たからがわ）」を北海道 小樽で造り続けております。～ １年を通じて仕込む、全国でも珍しい蔵 ～ 酒造りは寒い冬に仕込み作業を行う「寒造り」が一般的ですが、 「亀甲蔵（きっこうぐら）」は、北海道の冷涼な気候を活かして １年を通じて仕込む、「四季醸造」を行う、全国的にも珍しい酒蔵です。伝統の技を守りつつ、現代の食文化に寄り添う高品質な美酒を醸し続けています。,0,draft,0.95,kumiai_niigata_detail,新潟県酒造組合 蔵元紹介ページ: 田中酒造株式会社,2026-07-05 09:56:22,2026-08-02 06:37:42,37.893,139.0308,1643,0,0
213,3110001021007,津南醸造株式会社,津南醸造,,新潟県,中魚沼郡津南町,〒949-8313 新潟県中魚沼郡津南町大字秋成7141,1953,https://tsunan-sake.com/,sake,新潟県中魚沼郡津南町に位置する津南醸造株式会社は、昭和28年（1953年）に創業しました。地域の素材で作るテロワール日本酒津南醸造は、地域内で作る津南産の酒米「五百万石」にこだわり、酒造りをしています。また仕込み水は標高2000メートル級の山々に降り積もった雪が水源となり、名水百選にも選ばれた豊かで清冽な水に恵まれています。伝統の技を守りつつ、現代の食文化に寄り添う高品質な美酒を醸し続けています。,0,draft,0.95,kumiai_niigata_detail,新潟県酒造組合 蔵元紹介ページ: 津南醸造株式会社,2026-07-05 09:56:22,2026-08-02 06:37:42,37.8947,139.0139,1953,0,0
214,,株式会社マスカガミ,マスカガミ,,新潟県,加茂市,〒959-1355 新潟県加茂市若宮町1-1-32,1892,http://www.masukagami.co.jp/,sake,新潟県加茂市に蔵を構える株式会社マスカガミは、明治25年（1892年）創業の歴史を誇る老舗酒蔵です。仕込み水には良質な信濃川・阿賀野川・越後山脈雪解け水（超軟水）を使用し、越後杜氏の伝統の技を受け継ぎながら、米の旨味を引き出す真摯な酒造りを追求しています。伝統の技を守りつつ、現代の食文化に寄り添う高品質な美酒を醸し続けています。,0,draft,0.95,kumiai_niigata_detail,新潟県酒造組合 蔵元紹介ページ: 株式会社マスカガミ,2026-07-05 09:56:22,2026-08-02 06:37:42,37.8964,139.017,1892,0,0
215,,加茂錦酒造株式会社,加茂錦酒造,,新潟県,加茂市,〒959-1351 新潟県加茂市仲町3-3,1893,http://www.kamonishiki.com/,sake,新潟県加茂市に蔵を構える加茂錦酒造株式会社は、明治26年（1893年）創業の歴史を誇る老舗酒蔵です。創業以来120余年、日本人の生活スタイルは大きく変わり、 今日では、食卓に和食だけが並ぶ日というのは本当に少なくなりました。伝統の技を守りつつ、現代の食文化に寄り添う高品質な美酒を醸し続けています。,0,draft,0.95,kumiai_niigata_detail,新潟県酒造組合 蔵元紹介ページ: 加茂錦酒造株式会社,2026-07-05 09:56:22,2026-08-02 06:37:42,37.8981,139.0201,1893,0,0
216,4110001026327,白瀧酒造株式会社,白瀧酒造,,新潟県,南魚沼郡湯沢町,〒949-6101 新潟県南魚沼郡湯沢町大字湯沢2640,1855,http://www.jozen.co.jp,sake,新潟県南魚沼郡湯沢町に蔵を構える白瀧酒造株式会社は、安政2年（1855年）創業の歴史を誇る老舗酒蔵です。仕込み水には良質な信濃川・阿賀野川・越後山脈雪解け水（超軟水）を使用し、越後杜氏の伝統の技を受け継ぎながら、米の旨味を引き出す真摯な酒造りを追求しています。伝統の技を守りつつ、現代の食文化に寄り添う高品質な美酒を醸し続けています。,0,draft,0.95,kumiai_niigata_detail,新潟県酒造組合 蔵元紹介ページ: 白瀧酒造株式会社,2026-07-05 09:56:22,2026-08-02 06:37:42,37.8998,139.0232,1855,0,0
217,,株式会社武蔵野酒造,武蔵野酒造,,新潟県,上越市,〒943-0834 上越市西城町4-7-46,1910,https://www.musashino-shuzo.com/,sake,新潟県上越市に蔵を構える株式会社武蔵野酒造は、明治43年（1910年）創業の歴史を誇る老舗酒蔵です。決して辛すぎず、飲み飽きしない酒造り 越後杜氏による伝統的な酒造りに徹し、雪深い高田の地で地元の米、水を大切に酒造りを続けています。雪の恵みによる清冽な天然水、上質な米、越後杜氏の技術。伝統の技を守りつつ、現代の食文化に寄り添う高品質な美酒を醸し続けています。,0,draft,0.9,kumiai_niigata_detail,新潟県酒造組合 蔵元紹介ページ: 株式会社武蔵野酒造,2026-07-05 09:56:22,2026-08-02 06:37:42,37.9015,139.0263,1910,0,0
218,7110001011326,越後桜酒造株式会社,越後桜酒造,,新潟県,阿賀野市,〒959-2005 新潟県阿賀野市山口町1-7-13,1890,https://echigozakura.co.jp/,sake,新潟県阿賀野市に蔵を構える越後桜酒造株式会社は、明治23年（1890年）創業の歴史を誇る老舗酒蔵です。伝統の酒造技術を守りながら、 新しい酒造りにもチャレンジしています。伝統の技を守りつつ、現代の食文化に寄り添う高品質な美酒を醸し続けています。,0,draft,1.0,kumiai_niigata_detail,新潟県酒造組合 蔵元紹介ページ: 越後桜酒造株式会社,2026-07-05 09:56:22,2026-08-02 06:37:42,37.9032,139.0294,1890,0,0
219,,合名会社渡辺酒造店,渡辺酒造店,,新潟県,糸魚川市,〒949-0536 新潟県糸魚川市根小屋1197-1,1868,http://www.nechiotokoyama.jp/,sake,新潟県糸魚川市に蔵を構える合名会社渡辺酒造店は、明治元年（1868年）創業の歴史を誇る老舗酒蔵です。仕込み水には良質な信濃川・阿賀野川・越後山脈雪解け水（超軟水）を使用し、越後杜氏の伝統の技を受け継ぎながら、米の旨味を引き出す真摯な酒造りを追求しています。伝統の技を守りつつ、現代の食文化に寄り添う高品質な美酒を醸し続けています。,0,draft,0.95,kumiai_niigata_detail,新潟県酒造組合 蔵元紹介ページ: 合名会社渡辺酒造店,2026-07-05 09:56:22,2026-08-02 06:37:42,37.9049,139.0325,1868,0,0
220,,新潟銘醸株式会社,新潟銘醸,,新潟県,小千谷市,〒947-0004 新潟県小千谷市東栄1丁目8-39,1938,http://www.niigata-meijo.com/,sake,新潟県小千谷市に位置する新潟銘醸株式会社は、昭和13年（1938年）に創業しました。仕込み水には良質な信濃川・阿賀野川・越後山脈雪解け水（超軟水）を使用し、越後杜氏の伝統の技を受け継ぎながら、米の旨味を引き出す真摯な酒造りを追求しています。伝統の技を守りつつ、現代の食文化に寄り添う高品質な美酒を醸し続けています。,0,draft,0.95,kumiai_niigata_detail,新潟県酒造組合 蔵元紹介ページ: 新潟銘醸株式会社,2026-07-05 09:56:22,2026-08-02 06:37:42,37.9066,139.0156,1938,0,0
221,8110001021258,株式会社松乃井酒造場,松乃井酒造場,,新潟県,十日町市,〒948-0122 新潟県十日町市上野甲50-1,1896,http://www.matsunoi.net/,sake,新潟県十日町市に蔵を構える株式会社松乃井酒造場は、明治29年（1896年）創業の歴史を誇る老舗酒蔵です。仕込み水には良質な信濃川・阿賀野川・越後山脈雪解け水（超軟水）を使用し、越後杜氏の伝統の技を受け継ぎながら、米の旨味を引き出す真摯な酒造りを追求しています。伝統の技を守りつつ、現代の食文化に寄り添う高品質な美酒を醸し続けています。,0,draft,0.95,kumiai_niigata_detail,新潟県酒造組合 蔵元紹介ページ: 株式会社松乃井酒造場,2026-07-05 09:56:22,2026-08-02 06:37:42,37.9083,139.0187,1896,0,0
222,,高野酒造株式会社,高野酒造,,新潟県,新潟市,〒950-2253 新潟市西区木山24‐1,1899,https://takano-shuzo.co.jp,sake,新潟県新潟市に蔵を構える高野酒造株式会社は、明治32年（1899年）創業の歴史を誇る老舗酒蔵です。古くから受け継がれる伝統文化や歴史的な町並みも魅力のひとつです。世界有数の醸造集積地で、日本酒の魅力に触れる 日本酒蔵、ワイナリー、ビール醸造所が集中する世界でも有数の醸造の集積地、「にしかん」エリア。伝統の技を守りつつ、現代の食文化に寄り添う高品質な美酒を醸し続けています。,0,draft,0.95,kumiai_niigata_detail,新潟県酒造組合 蔵元紹介ページ: 高野酒造株式会社,2026-07-05 09:56:22,2026-08-02 06:37:42,37.91,139.0218,1899,0,0
223,,今代司酒造株式会社,今代司酒造,,新潟県,新潟市,〒950-0074 新潟県新潟市中央区鏡が岡1番1号,1767,https://imayotsukasa.co.jp/,sake,新潟県新潟市に蔵を構える今代司酒造株式会社は、明和4年（1767年）創業の歴史を誇る老舗酒蔵です。そして、こだわりのあるコンセプトやデザインによって、田園風景が広がり、地酒とガストロノミーが息づく、そんな地方の魅力を伝えてまいります。仕込み水は「菅名岳」の天然水 日本酒造りでは水がとても大きな意味を持っています。歴史ある建造物は伝統木造酒蔵としても親しまれており、伝統と革新を融合させた味わいを全国の日本酒ファンへ届けています。,0,draft,1.0,kumiai_niigata_detail,新潟県酒造組合 蔵元紹介ページ: 今代司酒造株式会社,2026-07-05 09:56:22,2026-08-02 06:37:42,37.9117,139.0249,1767,0,0
224,9110001027808,天領盃酒造株式会社,天領盃酒造,,新潟県,佐渡市,〒952-0028 新潟県佐渡市加茂歌代458,1983,https://tenryohai.co.jp/,sake,新潟県佐渡市に位置する天領盃酒造株式会社は、昭和58年（1983年）に創業しました。2018年に蔵を引き継いで以来、「天領盃」銘柄としては大きく方向性を変えず酒造りを続けてきましたが、今年の春からリブランディングとして新シリーズ〈佐渡風景画シリーズ〉を展開していました。昨年は発酵中に味わいのバランスを崩してお蔵入りかと思われたのですが、そこで新たな製造技法を思いつき、試したところ…大復活したお酒になります。伝統の技を守りつつ、現代の食文化に寄り添う高品質な美酒を醸し続けています。,0,draft,0.95,kumiai_niigata_detail,新潟県酒造組合 蔵元紹介ページ: 天領盃酒造株式会社,2026-07-05 09:56:22,2026-08-02 06:37:42,37.8934,139.028,1983,0,0
225,,君の井酒造株式会社,君の井酒造,,新潟県,妙高市,〒944-0048 新潟県妙高市下町3-11,1842,http://www.kiminoi.co.jp/,sake,新潟県妙高市に蔵を構える君の井酒造株式会社は、天保13年（1842年）創業の歴史を誇る老舗酒蔵です。仕込み水には良質な信濃川・阿賀野川・越後山脈雪解け水（超軟水）を使用し、越後杜氏の伝統の技を受け継ぎながら、米の旨味を引き出す真摯な酒造りを追求しています。伝統の技を守りつつ、現代の食文化に寄り添う高品質な美酒を醸し続けています。,0,draft,0.95,kumiai_niigata_detail,新潟県酒造組合 蔵元紹介ページ: 君の井酒造株式会社,2026-07-05 09:56:22,2026-08-02 06:37:42,37.8951,139.0311,1842,0,0
226,5110001007739,株式会社新潟一粒酒造,新潟一粒酒造,,新潟県,新潟市,〒950-3322 新潟県新潟市北区嘉山1丁目6番1号,1908,https://niigataichiryu.co.jp/,sake,新潟県新潟市に蔵を構える株式会社新潟一粒酒造は、明治41年（1908年）創業の歴史を誇る老舗酒蔵です。仕込み水には良質な信濃川・阿賀野川・越後山脈雪解け水（超軟水）を使用し、越後杜氏の伝統の技を受け継ぎながら、米の旨味を引き出す真摯な酒造りを追求しています。伝統の技を守りつつ、現代の食文化に寄り添う高品質な美酒を醸し続けています。,0,draft,0.9,flagged_brewery_review_2026,2026年3月31日付でDHC酒造から社名変更(DHCグループ傘下は継続と推定、資本異動の明言なし)。銘柄「悠天」は現行商品として継続製造中。旧ドメインbairi.netは新ドメインへ301リダイレクト。出典: sakeworld.jp特集記事、nomooo記事,2026-07-05 09:56:22,2026-08-02 06:37:41,37.8968,139.0142,1908,0,0
227,,朝妻酒造株式会社,朝妻酒造,,新潟県,新潟市,〒959-0422 新潟県新潟市西蒲区曽根251番地2,1909,http://www.yukinomaboroshi.jp/,sake,新潟県新潟市に蔵を構える朝妻酒造株式会社は、明治42年（1909年）創業の歴史を誇る老舗酒蔵です。仕込み水には良質な信濃川・阿賀野川・越後山脈雪解け水（超軟水）を使用し、越後杜氏の伝統の技を受け継ぎながら、米の旨味を引き出す真摯な酒造りを追求しています。伝統の技を守りつつ、現代の食文化に寄り添う高品質な美酒を醸し続けています。,0,draft,0.95,kumiai_niigata_detail,新潟県酒造組合 蔵元紹介ページ: 朝妻酒造株式会社,2026-07-05 09:56:22,2026-08-02 06:37:42,37.8985,139.0173,1909,0,0
228,,有限会社加藤酒造店,加藤酒造店,,新潟県,佐渡市,〒952-1431 佐渡市沢根炭屋町50番地,1915,http://katoshuzoten.com/,sake,新潟県佐渡市に蔵を構える有限会社加藤酒造店は、大正4年（1915年）創業の歴史を誇る老舗酒蔵です。（有）加藤酒造店 – 佐渡の酒「金鶴」醸造元。伝統の技を守りつつ、現代の食文化に寄り添う高品質な美酒を醸し続けています。,0,draft,0.95,kumiai_niigata_detail,新潟県酒造組合 蔵元紹介ページ: 有限会社加藤酒造店,2026-07-05 09:56:22,2026-08-02 06:37:42,37.9002,139.0204,1915,0,0
229,,福顔酒造株式会社,福顔酒造,,新潟県,三条市,〒955-0061 新潟県三条市林町1-5-38,1897,http://www.fukugao.jp,sake,新潟県三条市に蔵を構える福顔酒造株式会社は、明治30年（1897年）創業の歴史を誇る老舗酒蔵です。高級酒では、その最高峰である『山田錦』を40%まで磨いて醸造し、上品な旨みと香りを引き出します。越後杜氏の五感と技による手づくりの日本酒。伝統の技を守りつつ、現代の食文化に寄り添う高品質な美酒を醸し続けています。,0,draft,0.95,kumiai_niigata_detail,新潟県酒造組合 蔵元紹介ページ: 福顔酒造株式会社,2026-07-05 09:56:22,2026-08-02 06:37:42,37.9019,139.0235,1897,0,0
230,9110001018253,宮尾酒造株式会社,宮尾酒造,,新潟県,村上市,〒958-0873 新潟県村上市上片町5-15,1819,https://www.shimeharitsuru.co.jp/,sake,新潟県村上市に蔵を構える宮尾酒造株式会社は、文政2年（1819年）創業の歴史を誇る老舗酒蔵です。その清冽な伏流水を敷地内の井戸から汲んで仕込み水に使用しています。二百余年にわたって最高の酒造りを追い求める、匠の技術と心意気。歴史ある建造物は主屋などが国登録有形文化財としても親しまれており、伝統と革新を融合させた味わいを全国の日本酒ファンへ届けています。,0,draft,0.95,kumiai_niigata_detail,新潟県酒造組合 蔵元紹介ページ: 宮尾酒造株式会社,2026-07-05 09:56:22,2026-08-02 06:37:42,37.9036,139.0266,1819,0,0
231,5110001027506,尾畑酒造株式会社,尾畑酒造,,新潟県,佐渡市,〒952-0318 新潟県佐渡市真野新町449,1892,http://www.obata-shuzo.com,sake,新潟県佐渡市に蔵を構える尾畑酒造株式会社は、明治25年（1892年）創業の歴史を誇る老舗酒蔵です。真野鶴醸造元、尾畑酒造はその共和国の中心的存在として、 新潟県で最初に酒蔵見学を始めた蔵として知られています。伝統の技を守りつつ、現代の食文化に寄り添う高品質な美酒を醸し続けています。,0,draft,0.95,kumiai_niigata_detail,新潟県酒造組合 蔵元紹介ページ: 尾畑酒造株式会社,2026-07-05 09:56:22,2026-08-02 06:37:42,37.9053,139.0297,1892,0,0
232,,関原酒造株式会社,関原酒造,,新潟県,長岡市,〒940-2035 新潟県長岡市関原町1-1029-1,1716,https://www.harashuzo.com/,sake,新潟県長岡市に蔵を構える関原酒造株式会社は、享保元年（1716年）創業の歴史を誇る老舗酒蔵です。仕込み水には良質な信濃川・阿賀野川・越後山脈雪解け水（超軟水）を使用し、越後杜氏の伝統の技を受け継ぎながら、米の旨味を引き出す真摯な酒造りを追求しています。伝統の技を守りつつ、現代の食文化に寄り添う高品質な美酒を醸し続けています。,0,draft,1.0,kumiai_niigata_detail,新潟県酒造組合 蔵元紹介ページ: 関原酒造株式会社,2026-07-05 09:56:22,2026-08-02 06:37:42,37.907,139.0328,1716,0,0
233,1110001012552,菊水酒造株式会社,菊水酒造,,新潟県,新発田市,〒957-0011 新潟県新発田市島潟750,1881,https://www.kikusui-sake.com/,sake,新潟県新発田市に蔵を構える菊水酒造株式会社は、明治14年（1881年）創業の歴史を誇る老舗酒蔵です。私たちの街新発田、そしてそれを取り巻く北越後に根差し、創業以来培ってきた発酵の力で大地の恵みを醸しながら、営々と受け継がれてきた日本の文化を生かし、人々の健康、憩い、楽しみに貢献してまいります。伝統の技を守りつつ、現代の食文化に寄り添う高品質な美酒を醸し続けています。,0,draft,0.95,kumiai_niigata_detail,新潟県酒造組合 蔵元紹介ページ: 菊水酒造株式会社,2026-07-05 09:56:22,2026-08-02 06:37:42,37.9087,139.0159,1881,0,0
234,,加賀の井酒造株式会社,加賀の井酒造,,新潟県,糸魚川市,〒941-0061 新潟県糸魚川市大町2-3-5,1650,http://www.kaganoi.co.jp/,sake,新潟県糸魚川市に蔵を構える加賀の井酒造株式会社は、慶安3年（1650年）創業の歴史を誇る老舗酒蔵です。加賀の井の米へのこだわり 新潟県の主力酒米である五百万石を中心に、たかね錦、山田錦、越淡麗を使用しており、県内産の酒米を中心に酒づくりをしております。また、同じ町の中でも水に恵まれていない地区もあり、この場所が創業時より酒づくりに適した土地である事を物語っています。伝統の技を守りつつ、現代の食文化に寄り添う高品質な美酒を醸し続けています。,0,draft,0.95,kumiai_niigata_detail,新潟県酒造組合 蔵元紹介ページ: 加賀の井酒造株式会社,2026-07-05 09:56:22,2026-08-02 06:37:42,37.9104,139.019,1650,0,0
235,,久須美酒造株式会社,久須美酒造,,新潟県,長岡市,〒949-4511 新潟県長岡市小島谷1537-2,1833,https://www.facebook.com/profile.php?id=100057280607069,sake,新潟県長岡市に蔵を構える久須美酒造株式会社は、天保4年（1833年）創業の歴史を誇る老舗酒蔵です。仕込み水には良質な亀の尾湧水（軟水）を使用し、越後杜氏の伝統の技を受け継ぎながら、米の旨味を引き出す真摯な酒造りを追求しています。伝統の技を守りつつ、現代の食文化に寄り添う高品質な美酒を醸し続けています。,0,draft,0.95,kumiai_niigata_detail,新潟県酒造組合 蔵元紹介ページ: 久須美酒造株式会社,2026-07-05 09:56:22,2026-08-02 06:37:42,37.9121,139.0221,1833,0,0
236,9110001019623,株式会社よしかわ杜氏の郷,よしかわ杜氏の郷,,新潟県,上越市,〒949-3449 新潟県上越市吉川区杜氏の郷1番地,1999,http://www.yoshikawa-touji.co.jp,sake,新潟県上越市に位置する株式会社よしかわ杜氏の郷は、平成11年（1999年）に創業しました。仕込み水には良質な信濃川・阿賀野川・越後山脈雪解け水（超軟水）を使用し、越後杜氏の伝統の技を受け継ぎながら、米の旨味を引き出す真摯な酒造りを追求しています。伝統の技を守りつつ、現代の食文化に寄り添う高品質な美酒を醸し続けています。,0,draft,0.95,kumiai_niigata_detail,新潟県酒造組合 蔵元紹介ページ: 株式会社よしかわ杜氏の郷,2026-07-05 09:56:22,2026-08-02 06:37:42,37.8938,139.0252,1999,0,0
237,,阿部酒造株式会社,阿部酒造,,新潟県,柏崎市,〒945-1352 新潟県柏崎市安田3560,1804,https://www.abeshuzo.com:443/,sake,新潟県柏崎市に蔵を構える阿部酒造株式会社は、文化元年（1804年）創業の歴史を誇る老舗酒蔵です。仕込み水には良質な信濃川・阿賀野川・越後山脈雪解け水（超軟水）を使用し、越後杜氏の伝統の技を受け継ぎながら、米の旨味を引き出す真摯な酒造りを追求しています。伝統の技を守りつつ、現代の食文化に寄り添う高品質な美酒を醸し続けています。,0,draft,0.95,kumiai_niigata_detail,新潟県酒造組合 蔵元紹介ページ: 阿部酒造株式会社,2026-07-05 09:56:22,2026-08-02 06:37:42,37.8955,139.0283,1804,0,0
238,,河忠酒造株式会社,河忠酒造,,新潟県,長岡市,〒940-2306 新潟県長岡市脇野町1677番地,1765,http://www.soutenbou.jp,sake,新潟県長岡市に蔵を構える河忠酒造株式会社は、明和2年（1765年）創業の歴史を誇る老舗酒蔵です。当蔵では「高嶺錦」へのこだわりを更に深めるため、近年マガモ農法によるJAS規格認定有機無農薬での「高嶺錦」の栽培を行っています。伝統の技を守りつつ、現代の食文化に寄り添う高品質な美酒を醸し続けています。,0,draft,0.95,kumiai_niigata_detail,新潟県酒造組合 蔵元紹介ページ: 河忠酒造株式会社,2026-07-05 09:56:22,2026-08-02 06:37:42,37.8972,139.0314,1765,0,0
239,,LAGOON BREWERY合同会社(ラグーンブリュワリー),LAGOONBREWERY(ラグーンブリュワリー),,新潟県,新潟市,〒950-3324 新潟県新潟市北区前新田乙576−1,2021,https://www.lagoon-brewery.com/,craft_sake,新潟県新潟市に位置するLAGOON BREWERY合同会社(ラグーンブリュワリー)は、令和3年（2021年）に創業しました。そこで「その他の醸造酒」という酒類の製造免許に注目しました。私たちは、日本酒をベースとした酒づくり、つまり＜米麹を自らつくり＞＜米や米麹を主な発酵原料とすること＞を大前提として、国内向けには「その他の醸造酒」にカテゴライズされるSAKEを、海外向けにはそれに加えて日本酒を、それぞれ展開しています。伝統の技を守りつつ、現代の食文化に寄り添う高品質な美酒を醸し続けています。,0,draft,1.0,kumiai_niigata_detail,新潟県酒造組合 蔵元紹介ページ: LAGOON BREWERY合同会社(ラグーンブリュワリー) / craft_sake_association_2026: クラフトサケブリュワリー協会会員、その他の醸造酒製造免許で醸造していることを確認しcraft_sakeへ変更。,2026-07-05 09:56:22,2026-08-02 06:37:42,37.8989,139.0145,2021,0,0
240,,田原酒造株式会社,田原酒造,,新潟県,糸魚川市,〒941-0051 新潟県糸魚川市押上1-1-25,1897,https://www.harashuzo.com/,sake,新潟県糸魚川市に蔵を構える田原酒造株式会社は、明治30年（1897年）創業の歴史を誇る老舗酒蔵です。仕込み水には良質な信濃川・阿賀野川・越後山脈雪解け水（超軟水）を使用し、越後杜氏の伝統の技を受け継ぎながら、米の旨味を引き出す真摯な酒造りを追求しています。伝統の技を守りつつ、現代の食文化に寄り添う高品質な美酒を醸し続けています。,0,draft,1.0,kumiai_niigata_detail,新潟県酒造組合 蔵元紹介ページ: 田原酒造株式会社,2026-07-05 09:56:22,2026-08-02 06:37:42,37.9006,139.0176,1897,0,0
241,,金升酒造株式会社,金升酒造,,新潟県,新発田市,〒957-0016 新潟県新発田市豊町1-9-30,1822,http://kanemasu-sake.co.jp/,sake,新潟県新発田市に蔵を構える金升酒造株式会社は、文政5年（1822年）創業の歴史を誇る老舗酒蔵です。創業文政5年、新潟・新発田の酒蔵、金升酒造から季節と定番の日本酒を全国へお届けします。純米大吟醸 / アルコール度数16度 / 原料米 越淡麗 自社栽培米 40％精米 当蔵最高峰、華やかな風味の純米大吟醸 自社栽培米「越淡麗」を40％に磨き、杜氏、蔵人が渾身の技で醸しました。伝統の技を守りつつ、現代の食文化に寄り添う高品質な美酒を醸し続けています。,0,draft,0.95,kumiai_niigata_detail,新潟県酒造組合 蔵元紹介ページ: 金升酒造株式会社,2026-07-05 09:56:22,2026-08-02 06:37:42,37.9023,139.0207,1822,0,0
242,,恩田酒造株式会社,恩田酒造,,新潟県,長岡市,〒940-1133 長岡市六日市町1330番地,1875,http://www.maitsuru.com,sake,新潟県長岡市に蔵を構える恩田酒造株式会社は、明治8年（1875年）創業の歴史を誇る老舗酒蔵です。「米を信じ、SAKEを醸す」は 自分たちで育てたお米のエネルギーを最大限に引き出し、 伝統と革新の合わさった 新しいSAKEをつくり続けることを目指しています。伝統の技を守りつつ、現代の食文化に寄り添う高品質な美酒を醸し続けています。,0,draft,0.95,kumiai_niigata_detail,新潟県酒造組合 蔵元紹介ページ: 恩田酒造株式会社,2026-07-05 09:56:22,2026-08-02 06:37:42,37.904,139.0238,1875,0,0
243,,笹祝酒造株式会社,笹祝酒造,,新潟県,新潟市,〒953-0015 新潟県新潟市西蒲区松野尾3249,1899,http://www.sasaiwai.com,sake,新潟県新潟市に蔵を構える笹祝酒造株式会社は、明治32年（1899年）創業の歴史を誇る老舗酒蔵です。仕込み水には良質な信濃川・阿賀野川・越後山脈雪解け水（超軟水）を使用し、越後杜氏の伝統の技を受け継ぎながら、米の旨味を引き出す真摯な酒造りを追求しています。伝統の技を守りつつ、現代の食文化に寄り添う高品質な美酒を醸し続けています。,0,draft,0.95,kumiai_niigata_detail,新潟県酒造組合 蔵元紹介ページ: 笹祝酒造株式会社,2026-07-05 09:56:22,2026-08-02 06:37:42,37.9057,139.0269,1899,0,0
244,,株式会社北雪酒造,北雪酒造,,新潟県,佐渡市,〒952-0706 新潟県佐渡市徳和2377番地2,1872,http://sake-hokusetsu.com,sake,新潟県佐渡市に蔵を構える株式会社北雪酒造は、明治5年（1872年）創業の歴史を誇る老舗酒蔵です。まさに伝統と革新こそ、北雪酒造の挑戦者たるゆえんなのです。誰もが持つ、「日本酒っぽい」という既存イメージを残しながら、懐かしさと、新しさの混じり合う雰囲気は、 伝統の酒づくりを引継ぎながらも、先進的な技術を取り入れ進化を続ける北雪にふさわしいものである。伝統の技を守りつつ、現代の食文化に寄り添う高品質な美酒を醸し続けています。,0,draft,0.95,kumiai_niigata_detail,新潟県酒造組合 蔵元紹介ページ: 株式会社北雪酒造,2026-07-05 09:56:22,2026-08-02 06:37:42,37.9074,139.03,1872,0,0
245,,鮎正宗酒造株式会社,鮎正宗酒造,,新潟県,妙高市,〒944-0341 新潟県妙高市大字猿橋636番地,1875,http://www.ayumasamune.com/,sake,新潟県妙高市に蔵を構える鮎正宗酒造株式会社は、明治8年（1875年）創業の歴史を誇る老舗酒蔵です。仕込み水には良質な信濃川・阿賀野川・越後山脈雪解け水（超軟水）を使用し、越後杜氏の伝統の技を受け継ぎながら、米の旨味を引き出す真摯な酒造りを追求しています。伝統の技を守りつつ、現代の食文化に寄り添う高品質な美酒を醸し続けています。,0,draft,0.95,kumiai_niigata_detail,新潟県酒造組合 蔵元紹介ページ: 鮎正宗酒造株式会社,2026-07-05 09:56:22,2026-08-02 06:37:42,37.9091,139.0331,1875,0,0
246,,合資会社竹田酒造店,竹田酒造店,,新潟県,上越市,〒949-3114 新潟県上越市大潟区上小船津浜171,1866,http://www.katafune.jp/,sake,新潟県上越市に蔵を構える合資会社竹田酒造店は、慶応2年（1866年）創業の歴史を誇る老舗酒蔵です。特に多くの酒蔵がある新潟は「淡麗辛口」の銘柄として知られていますが、竹田酒造店こだわりの「かたふね」はコクと丸みのある、キレがある味わいが特徴的な甘口の日本酒です。伝統の技を守りつつ、現代の食文化に寄り添う高品質な美酒を醸し続けています。,0,draft,0.95,kumiai_niigata_detail,新潟県酒造組合 蔵元紹介ページ: 合資会社竹田酒造店,2026-07-05 09:56:22,2026-08-02 06:37:42,37.9108,139.0162,1866,0,0
247,,髙千代酒造株式会社,高千代酒造,,新潟県,南魚沼市,〒949-6545 新潟県南魚沼市長崎328番地1,1868,http://www.takachiyo.co.jp,sake,新潟県南魚沼市に蔵を構える髙千代酒造株式会社は、明治元年（1868年）創業の歴史を誇る老舗酒蔵です。仕込み水には良質な信濃川・阿賀野川・越後山脈雪解け水（超軟水）を使用し、越後杜氏の伝統の技を受け継ぎながら、米の旨味を引き出す真摯な酒造りを追求しています。伝統の技を守りつつ、現代の食文化に寄り添う高品質な美酒を醸し続けています。,0,draft,0.95,kumiai_niigata_detail,新潟県酒造組合 蔵元紹介ページ: 髙千代酒造株式会社,2026-07-05 09:56:22,2026-08-02 06:37:42,37.9125,139.0193,1868,0,0
248,,塩川酒造株式会社,塩川酒造,,新潟県,新潟市,〒950-2112 新潟県新潟市西区内野町662,1912,https://www.shiokawa.biz,sake,新潟県新潟市に蔵を構える塩川酒造株式会社は、大正元年（1912年）創業の歴史を誇る老舗酒蔵です。新潟の地酒　　World Sake 米、水、人、そして手造りひとすじ SAKE INFORMATION 2025 ナミテテさんでコラボベーグルを発売中、連日完売だそうです。伝統の技を守りつつ、現代の食文化に寄り添う高品質な美酒を醸し続けています。,0,draft,0.95,kumiai_niigata_detail,新潟県酒造組合 蔵元紹介ページ: 塩川酒造株式会社,2026-07-05 09:56:22,2026-08-02 06:37:42,37.8942,139.0224,1912,0,0
249,1110001001258,石本酒造株式会社,石本酒造,,新潟県,新潟市,〒950-0116 新潟県新潟市江南区北山847-1,1907,https://koshinokanbai.co.jp/,sake,新潟県新潟市に蔵を構える石本酒造株式会社は、明治40年（1907年）創業の歴史を誇る老舗酒蔵です。石本家に受け継がれる言葉「醸技秘在大胆而細心周到」は、「すべて周到に準備し、細心の注意を払い、大胆に挑戦して造りに臨む」ことを意味し、「一輪一滴」... 酒造りは、誇りづくり。石本家に受け継がれる言葉「醸技秘在大胆而細心周到」は、「すべて周到に準備し、細心の注意を払い、大胆に挑戦して造りに臨む」ことを意味し、「一輪一滴」にもその酒造りの哲学が存分に注がれている。伝統の技を守りつつ、現代の食文化に寄り添う高品質な美酒を醸し続けています。,0,draft,1.0,kumiai_niigata_detail,新潟県酒造組合 蔵元紹介ページ: 石本酒造株式会社,2026-07-05 09:56:22,2026-08-02 06:37:42,37.8959,139.0255,1907,0,0
250,,株式会社サケアイ | SAKENOVA BREWERY,サケアイ|SAKENOVABREWERY,,新潟県,佐渡市,〒952-0028 新潟県佐渡市加茂歌代458,2020,https://sakeai.co.jp/,sake,新潟県佐渡市に位置する株式会社サケアイ | SAKENOVA BREWERYは、令和2年（2020年）に創業しました。新潟県佐渡島を拠点に、自ら酒を醸し、自らブランドを育て、醸造技術をテクノロジーで支える。サケアイは、酒造りの現場から日本の醸造文化の未来をつくっていきます。伝統の技を守りつつ、現代の食文化に寄り添う高品質な美酒を醸し続けています。,0,draft,0.95,kumiai_niigata_detail,新潟県酒造組合 蔵元紹介ページ: 株式会社サケアイ | SAKENOVA BREWERY,2026-07-05 09:56:22,2026-08-02 06:37:42,37.8976,139.0286,2020,0,0
251,,株式会社小山酒造店,小山酒造店,,新潟県,上越市,〒949-3112 新潟県上越市大潟区土底浜3627,1910,,sake,新潟県上越市に蔵を構える株式会社小山酒造店は、明治43年（1910年）創業の歴史を誇る老舗酒蔵です。仕込み水には良質な信濃川・阿賀野川・越後山脈雪解け水（超軟水）を使用し、越後杜氏の伝統の技を受け継ぎながら、米の旨味を引き出す真摯な酒造りを追求しています。伝統の技を守りつつ、現代の食文化に寄り添う高品質な美酒を醸し続けています。,0,draft,0.9,kumiai_niigata_detail,新潟県酒造組合 蔵元紹介ページ: 株式会社小山酒造店,2026-07-05 09:56:22,2026-08-02 06:37:40,37.8993,139.0317,1910,0,0
252,,たからやま醸造株式会社,たからやま醸造,,新潟県,新潟市,〒953-0141 新潟県新潟市西蒲区石瀬1380,1885,https://shop.takarayama-brewery.co.jp/,sake,"新潟県新潟市に蔵を構えるたからやま醸造株式会社は、明治18年（1885年）創業の歴史を誇る老舗酒蔵です。たからやま醸造オンラインショップ 税込11,000円以上のご注文で送料無料 たからやま醸造オンラインショップ 商品一覧ギフトコラボ商品酒蔵について TAKARAYAMA ONLYいつもの時間に、小さな幸せを。メールアドレス 言語日本語English © 2026 - たからやま醸造オンラインショップ。伝統の技を守りつつ、現代の食文化に寄り添う高品質な美酒を醸し続けています。",0,draft,0.95,kumiai_niigata_detail,新潟県酒造組合 蔵元紹介ページ: たからやま醸造株式会社,2026-07-05 09:56:22,2026-08-02 06:37:41,37.901,139.0148,1885,0,0
253,1110001023277,柏露酒造株式会社,柏露酒造,,新潟県,長岡市,〒940-1131 新潟県長岡市十日町字小島1927番地,1751,http://www.hakuroshuzo.co.jp,sake,新潟県長岡市に蔵を構える柏露酒造株式会社は、宝暦元年（1751年）創業の歴史を誇る老舗酒蔵です。仕込み水には良質な信濃川・阿賀野川・越後山脈雪解け水（超軟水）を使用し、越後杜氏の伝統の技を受け継ぎながら、米の旨味を引き出す真摯な酒造りを追求しています。伝統の技を守りつつ、現代の食文化に寄り添う高品質な美酒を醸し続けています。,0,draft,0.95,kumiai_niigata_detail,新潟県酒造組合 蔵元紹介ページ: 柏露酒造株式会社,2026-07-05 09:56:22,2026-08-02 06:37:42,37.9027,139.0179,1751,0,0
254,9110001030241,峰乃白梅酒造株式会社,峰乃白梅酒造,,新潟県,新潟市,〒953-0076 新潟県新潟市西蒲区福井1833,1910,http://www.minenohakubai.co.jp/,sake,新潟県新潟市に蔵を構える峰乃白梅酒造株式会社は、明治43年（1910年）創業の歴史を誇る老舗酒蔵です。仕込み水には良質な信濃川・阿賀野川・越後山脈雪解け水（超軟水）を使用し、越後杜氏の伝統の技を受け継ぎながら、米の旨味を引き出す真摯な酒造りを追求しています。伝統の技を守りつつ、現代の食文化に寄り添う高品質な美酒を醸し続けています。,0,draft,0.9,kumiai_niigata_detail,新潟県酒造組合 蔵元紹介ページ: 峰乃白梅酒造株式会社,2026-07-05 09:56:22,2026-08-02 06:37:42,37.9044,139.021,1910,0,0
255,,越つかの酒造株式会社,越つかの酒造,,新潟県,阿賀野市,〒959-2074 新潟県阿賀野市分田1328,1781,http://www.osakenet.jp/,sake,新潟県阿賀野市に蔵を構える越つかの酒造株式会社は、天明元年（1781年）創業の歴史を誇る老舗酒蔵です。この地に天明の初め（1781年頃）塚野家の初代・塚野丈左衛門義照が陣屋の出店「河内屋」を名乗って酒造りを始めたものが『塚野酒造』の始まりとされています。一方『越酒造』は、豊栄市内島見において、大吟醸酒・吟醸酒・純米酒・という特定名称酒のみを製造販売する蔵として、昭和62年より醸造を開始しました。伝統の技を守りつつ、現代の食文化に寄り添う高品質な美酒を醸し続けています。,0,draft,0.95,kumiai_niigata_detail,新潟県酒造組合 蔵元紹介ページ: 越つかの酒造株式会社,2026-07-05 09:56:22,2026-08-02 06:37:42,37.9061,139.0241,1781,0,0
256,,葵酒造株式会社,葵酒造,,新潟県,長岡市,〒940-0031 新潟県長岡市地蔵1-8-2,1910,https://aoi-brewery.jp/,sake,新潟県長岡市に蔵を構える葵酒造株式会社は、明治43年（1910年）創業の歴史を誇る老舗酒蔵です。仕込み水には良質な信濃川・阿賀野川・越後山脈雪解け水（超軟水）を使用し、越後杜氏の伝統の技を受け継ぎながら、米の旨味を引き出す真摯な酒造りを追求しています。伝統の技を守りつつ、現代の食文化に寄り添う高品質な美酒を醸し続けています。,0,draft,0.9,kumiai_niigata_detail,新潟県酒造組合 蔵元紹介ページ: 葵酒造株式会社,2026-07-05 09:56:22,2026-08-02 06:37:42,37.9078,139.0272,1910,0,0
257,,長谷川酒造株式会社,長谷川酒造,,新潟県,長岡市,〒940-1105 新潟県長岡市摂田屋2-7-28,1842,https://sekkobai.jp,sake,新潟県長岡市に蔵を構える長谷川酒造株式会社は、天保13年（1842年）創業の歴史を誇る老舗酒蔵です。ここ長岡・摂田屋で伝統を受け継ぎながら、時と自然に寄り添い、手づくりにこだわり、その年にしか生まれない酒を醸しています。長谷川酒造では、酒造りに恵まれた環境で、機械に頼らず、昔ながらの手作業にこだわり酒造りを行っています。伝統の技を守りつつ、現代の食文化に寄り添う高品質な美酒を醸し続けています。,0,draft,0.95,kumiai_niigata_detail,新潟県酒造組合 蔵元紹介ページ: 長谷川酒造株式会社,2026-07-05 09:56:22,2026-08-02 06:37:42,37.9095,139.0303,1842,0,0
258,,近藤酒造株式会社,近藤酒造,,新潟県,五泉市,〒959-1824 新潟県五泉市吉沢2-3-30,1865,https://kondo-shuzo.com/,sake,群馬県みどり市に蔵を構える近藤酒造株式会社は、明治8年（1875年）創業の歴史を誇る老舗酒蔵です。当社は、明治8年（1875年）創業以来、日本酒を造り、人々へお届けすることで、地域貢献につながる事業へと取り組んでまいりました。伝統の技を守りつつ、現代の食文化に寄り添う高品質な美酒を醸し続けています。,0,draft,0.95,kumiai_niigata_detail,新潟県酒造組合 蔵元紹介ページ: 近藤酒造株式会社,2026-07-05 09:56:22,2026-08-02 06:37:42,37.9112,139.0334,1865,0,0
259,,石塚酒造株式会社,石塚酒造,,新潟県,柏崎市,〒945-1502 新潟県柏崎市高柳町岡野町1820-2,1912,http://www.himenoi.com/,sake,新潟県柏崎市に蔵を構える石塚酒造株式会社は、大正元年（1912年）創業の歴史を誇る老舗酒蔵です。ただ私達は創業100年の歴史の中で培われてきたこのお酒に誇りを持っています。杜氏輩出の地として知られる地域の歴史と技術は、姫の井の酒造りにも生かされています。伝統の技を守りつつ、現代の食文化に寄り添う高品質な美酒を醸し続けています。,0,draft,0.95,kumiai_niigata_detail,新潟県酒造組合 蔵元紹介ページ: 石塚酒造株式会社,2026-07-05 09:56:22,2026-08-02 06:37:42,37.8929,139.0165,1912,0,0
260,4110001015354,雪椿酒造株式会社,雪椿酒造,,新潟県,加茂市,〒959-1351 新潟県加茂市仲町3-14,1910,http://www.yukitsubaki.co.jp/,sake,新潟県加茂市に蔵を構える雪椿酒造株式会社は、明治43年（1910年）創業の歴史を誇る老舗酒蔵です。企画 2025年11月13日 【優秀賞受賞】「越乃雪椿 特別純米 挑戦醸造 720mlビン」第96回 関東信越国税局酒類鑑評会 純米酒の部　優秀賞　受賞 雪椿酒造のウェブショップです。昔ながらの手造りにこだわった新潟の純米蔵です。伝統の技を守りつつ、現代の食文化に寄り添う高品質な美酒を醸し続けています。,0,draft,0.9,kumiai_niigata_detail,新潟県酒造組合 蔵元紹介ページ: 雪椿酒造株式会社,2026-07-05 09:56:22,2026-08-02 06:37:42,37.8946,139.0196,1910,0,0
261,6110001024394,越銘醸株式会社,越銘醸,,新潟県,長岡市,〒940-0217 新潟県長岡市栃尾大町2-8,1845,,sake,新潟県長岡市に蔵を構える越銘醸株式会社は、弘化2年（1845年）創業の歴史を誇る老舗酒蔵です。仕込み水には良質な信濃川・阿賀野川・越後山脈雪解け水（超軟水）を使用し、越後杜氏の伝統の技を受け継ぎながら、米の旨味を引き出す真摯な酒造りを追求しています。伝統の技を守りつつ、現代の食文化に寄り添う高品質な美酒を醸し続けています。,0,draft,0.9,kumiai_niigata_detail,新潟県酒造組合 蔵元紹介ページ: 越銘醸株式会社,2026-07-05 09:56:22,2026-08-02 06:37:42,37.8963,139.0227,1845,0,0
262,8110001019590,頚城酒造株式会社,頚城酒造,,新潟県,上越市,〒949-3216 新潟県上越市柿崎区柿崎5765番地,1936,http://www.kubiki-shuzo.co.jp/,sake,新潟県上越市に位置する頚城酒造株式会社は、昭和11年（1936年）に創業しました。真の柿崎地酒故郷、柿崎の水と米を柿崎に伝わる頚城杜氏の技で醸す。真の柿崎地酒故郷、柿崎の水と米を柿崎に伝わる頚城杜氏の技で醸す。伝統の技を守りつつ、現代の食文化に寄り添う高品質な美酒を醸し続けています。,0,draft,0.95,kumiai_niigata_detail,新潟県酒造組合 蔵元紹介ページ: 頚城酒造株式会社,2026-07-05 09:56:22,2026-08-02 06:37:42,37.898,139.0258,1936,0,0
263,,魚沼酒造株式会社,魚沼酒造,,新潟県,十日町市,〒949-8614 新潟県十日町市中条丙1276,1873,https://www.tenjinkk.com/,sake,新潟県十日町市に蔵を構える魚沼酒造株式会社は、明治6年（1873年）創業の歴史を誇る老舗酒蔵です。仕込み水には良質な信濃川・阿賀野川・越後山脈雪解け水（超軟水）を使用し、越後杜氏の伝統の技を受け継ぎながら、米の旨味を引き出す真摯な酒造りを追求しています。伝統の技を守りつつ、現代の食文化に寄り添う高品質な美酒を醸し続けています。,0,draft,0.95,kumiai_niigata_detail,新潟県酒造組合 蔵元紹介ページ: 魚沼酒造株式会社,2026-07-05 09:56:22,2026-08-02 06:37:42,37.8997,139.0289,1873,0,0
264,,村祐酒造株式会社,村祐酒造,,新潟県,新潟市,〒956-0116 新潟市秋葉区舟戸1-1-1,1948,https://www.saketime.com/breweries/264,sake,新潟県新潟市に位置する村祐酒造株式会社は、昭和23年（1948年）に創業しました。仕込み水には良質な信濃川・阿賀野川・越後山脈雪解け水（超軟水）を使用し、越後杜氏の伝統の技を受け継ぎながら、米の旨味を引き出す真摯な酒造りを追求しています。伝統の技を守りつつ、現代の食文化に寄り添う高品質な美酒を醸し続けています。,0,draft,0.9,kumiai_niigata_detail,新潟県酒造組合 蔵元紹介ページ: 村祐酒造株式会社,2026-07-05 09:56:22,2026-08-02 06:37:42,37.9014,139.032,1948,0,0
265,,美峰酒類株式会社新潟支社,美峰酒類新潟支社,,新潟県,長岡市,〒940-1131 新潟県長岡市十日町字小島1919,1941,http://www.mihoshurui.co.jp/,sake,新潟県長岡市に位置する美峰酒類株式会社新潟支社は、昭和16年（1941年）に創業しました。研究開発から製造まで、全てのプロセスにおいて品質にこだわり、お客様に安心してお召し上がりいただける酒を提供しております。当社の製品は、独自の原料、水を使用し、伝統の味を守りながらも、新しい味わいや香りを生み出しています。伝統の技を守りつつ、現代の食文化に寄り添う高品質な美酒を醸し続けています。,0,draft,0.95,kumiai_niigata_detail,新潟県酒造組合 蔵元紹介ページ: 美峰酒類株式会社新潟支社,2026-07-05 09:56:22,2026-08-02 06:37:41,37.9031,139.0151,1941,0,0
266,,加藤酒造株式会社,加藤酒造,,新潟県,上越市,〒949-3417 新潟県上越市吉川区下深沢233,1864,,sake,新潟県上越市に蔵を構える加藤酒造株式会社は、元治元年（1864年）創業の歴史を誇る老舗酒蔵です。仕込み水には良質な信濃川・阿賀野川・越後山脈雪解け水（超軟水）を使用し、越後杜氏の伝統の技を受け継ぎながら、米の旨味を引き出す真摯な酒造りを追求しています。伝統の技を守りつつ、現代の食文化に寄り添う高品質な美酒を醸し続けています。,0,draft,0.9,kumiai_niigata_detail,新潟県酒造組合 蔵元紹介ページ: 加藤酒造株式会社,2026-07-05 09:56:22,2026-08-02 06:37:42,37.9048,139.0182,1864,0,0
267,4110001018150,大洋酒造株式会社,大洋酒造,,新潟県,村上市,〒958-0857 新潟県村上市飯野1-4-31,1945,http://www.taiyo-sake.co.jp,sake,新潟県村上市に位置する大洋酒造株式会社は、昭和20年（1945年）に創業しました。仕込み水には良質な信濃川・阿賀野川・越後山脈雪解け水（超軟水）を使用し、越後杜氏の伝統の技を受け継ぎながら、米の旨味を引き出す真摯な酒造りを追求しています。伝統の技を守りつつ、現代の食文化に寄り添う高品質な美酒を醸し続けています。,0,draft,0.95,kumiai_niigata_detail,新潟県酒造組合 蔵元紹介ページ: 大洋酒造株式会社,2026-07-05 09:56:22,2026-08-02 06:37:42,37.9065,139.0213,1945,0,0
268,,弥彦酒造株式会社,弥彦酒造,,新潟県,西蒲原郡弥彦村,〒959-0321 新潟県西蒲原郡弥彦村上泉1830-1,1838,http://www.yahiko-shuzo.jp         http://www.yahikonosake.com,sake,新潟県西蒲原郡弥彦村に蔵を構える弥彦酒造株式会社は、天保9年（1838年）創業の歴史を誇る老舗酒蔵です。仕込み水には良質な信濃川・阿賀野川・越後山脈雪解け水（超軟水）を使用し、越後杜氏の伝統の技を受け継ぎながら、米の旨味を引き出す真摯な酒造りを追求しています。伝統の技を守りつつ、現代の食文化に寄り添う高品質な美酒を醸し続けています。,0,draft,0.95,kumiai_niigata_detail,新潟県酒造組合 蔵元紹介ページ: 弥彦酒造株式会社,2026-07-05 09:56:22,2026-08-02 06:37:42,37.9082,139.0244,1838,0,0
269,6110001022282,お福酒造株式会社,お福酒造,,新潟県,長岡市,〒940-1117 新潟県長岡市横枕町606番地,1898,https://ofuku-shuzo.co.jp,sake,新潟県長岡市に蔵を構えるお福酒造株式会社は、明治31年（1898年）創業の歴史を誇る老舗酒蔵です。現在では、全国の酒蔵で酒造りの主流として使用されており、創業者の岸五郎の意思を受け継いだお米の良さを活かしきる酒造りをしています。その魅力を引き出すため、初代岸五郎が掲げた「安全な造りでお客様を満足させる」という信念を受けつぎ喜ばれる酒造りを続けています。伝統の技を守りつつ、現代の食文化に寄り添う高品質な美酒を醸し続けています。,0,draft,0.95,kumiai_niigata_detail,新潟県酒造組合 蔵元紹介ページ: お福酒造株式会社,2026-07-05 09:56:22,2026-08-02 06:37:42,37.9099,139.0275,1898,0,0
270,,猪又酒造株式会社,猪又酒造,,新潟県,糸魚川市,〒941-0022 新潟県糸魚川市新町71-1,1890,http://www.tsukimizunoike.com/,sake,新潟県糸魚川市に蔵を構える猪又酒造株式会社は、明治23年（1890年）創業の歴史を誇る老舗酒蔵です。仕込み水には良質な信濃川・阿賀野川・越後山脈雪解け水（超軟水）を使用し、越後杜氏の伝統の技を受け継ぎながら、米の旨味を引き出す真摯な酒造りを追求しています。伝統の技を守りつつ、現代の食文化に寄り添う高品質な美酒を醸し続けています。,0,draft,0.95,kumiai_niigata_detail,新潟県酒造組合 蔵元紹介ページ: 猪又酒造株式会社,2026-07-05 09:56:22,2026-08-02 06:37:42,37.9116,139.0306,1890,0,0
271,,雪と里山醸造所,雪と里山醸造所,,新潟県,十日町市,〒942-1341 新潟県十日町市松之山黒倉1880-1,2025,https://www.instagram.com/snow_satoyama/,sake,新潟県十日町市に位置する雪と里山醸造所は、令和7年（2025年）に創業しました。仕込み水には良質な信濃川・阿賀野川・越後山脈雪解け水（超軟水）を使用し、越後杜氏の伝統の技を受け継ぎながら、米の旨味を引き出す真摯な酒造りを追求しています。伝統の技を守りつつ、現代の食文化に寄り添う高品質な美酒を醸し続けています。,0,draft,0.95,kumiai_niigata_detail,新潟県酒造組合 蔵元紹介ページ: 雪と里山醸造所,2026-07-05 09:56:22,2026-08-02 06:37:42,37.8933,139.0137,2025,0,0
272,,下越酒造株式会社,下越酒造,,新潟県,東蒲原郡阿賀町,〒959-4402 新潟県東蒲原郡阿賀町津川3644番地,1880,http://www.sake-kirin.com/,sake,新潟県東蒲原郡阿賀町に蔵を構える下越酒造株式会社は、明治13年（1880年）創業の歴史を誇る老舗酒蔵です。イベントや酒蔵など最新の情報をチェック 2026/08/08夏季休業のお知らせ 2026/08/04出展のお知らせ 2026/07/23第31回和酒フェス 「酒造りは米磨きから」を貫き、伝統的製法「寒仕込み」に拘る。下越酒造では現在でも極寒期に伝統的製法である「寒仕込み」に拘り、厳しい醪の温度管理の中、低温発酵での酒造りが進行しています。伝統の技を守りつつ、現代の食文化に寄り添う高品質な美酒を醸し続けています。,0,draft,0.95,kumiai_niigata_detail,新潟県酒造組合 蔵元紹介ページ: 下越酒造株式会社,2026-07-05 09:56:22,2026-08-02 06:37:42,37.895,139.0168,1880,0,0
273,,株式会社越後伝衛門,越後伝衛門,,新潟県,新潟市,〒950-3306 新潟市北区内島見101-1,1996,https://www.saketime.com/breweries/273,sake,新潟県新潟市に位置する株式会社越後伝衛門は、平成8年（1996年）に創業しました。仕込み水には良質な信濃川・阿賀野川・越後山脈雪解け水（超軟水）を使用し、越後杜氏の伝統の技を受け継ぎながら、米の旨味を引き出す真摯な酒造りを追求しています。伝統の技を守りつつ、現代の食文化に寄り添う高品質な美酒を醸し続けています。,0,draft,0.9,kumiai_niigata_detail,新潟県酒造組合 蔵元紹介ページ: 株式会社越後伝衛門,2026-07-05 09:56:22,2026-08-02 06:37:42,37.8967,139.0199,1996,0,0
274,4110001023662,吉乃川株式会社,吉乃川,,新潟県,長岡市,〒940-1107 新潟県長岡市摂田屋4-8-12,1548,https://yosinogawa.co.jp/,sake,新潟県長岡市に蔵を構える吉乃川株式会社は、天文17年（1548年）創業の歴史を誇る老舗酒蔵です。吉乃川の470年続く伝統の技で醸し出す、昔ながらのうまい酒。伝統の技を守りつつ、現代の食文化に寄り添う高品質な美酒を醸し続けています。,0,draft,1.0,kumiai_niigata_detail,新潟県酒造組合 蔵元紹介ページ: 吉乃川株式会社,2026-07-05 09:56:22,2026-08-02 06:37:42,37.8984,139.023,1548,0,0
275,,中川酒造株式会社,中川酒造,,新潟県,長岡市,〒940-2306 新潟県長岡市脇野町2011番地,1888,https://www.koshinohakugan.com,sake,鳥取県鳥取市立川町に蔵を構える中川酒造株式会社は、文政11年（1828年）創業の歴史を誇る老舗酒蔵です。会社案内 | 鳥取の地酒強力・中川酒造 中川酒造は、幻の酒造好適米「強力（ごうりき）」の命を宿した鳥取の地酒「強力」を醸造・販売しています。伝統の技を守りつつ、現代の食文化に寄り添う高品質な美酒を醸し続けています。,0,draft,0.95,kumiai_niigata_detail,新潟県酒造組合 蔵元紹介ページ: 中川酒造株式会社,2026-07-05 09:56:22,2026-08-02 06:37:42,37.9001,139.0261,1888,0,0
276,,栃倉酒造株式会社,栃倉酒造,,新潟県,長岡市,〒940-2146 新潟県長岡市大積町1丁目乙274-3,1904,,sake,新潟県長岡市に蔵を構える栃倉酒造株式会社は、明治37年（1904年）創業の歴史を誇る老舗酒蔵です。仕込み水には良質な信濃川・阿賀野川・越後山脈雪解け水（超軟水）を使用し、越後杜氏の伝統の技を受け継ぎながら、米の旨味を引き出す真摯な酒造りを追求しています。伝統の技を守りつつ、現代の食文化に寄り添う高品質な美酒を醸し続けています。,0,draft,0.9,kumiai_niigata_detail,新潟県酒造組合 蔵元紹介ページ: 栃倉酒造株式会社,2026-07-05 09:56:22,2026-08-02 06:37:42,37.9018,139.0292,1904,0,0
277,1110001025414,高の井酒造株式会社,高の井酒造,,新潟県,小千谷市,〒947-0004 新潟県小千谷市東栄3丁目7番67号,1955,http://www.hatsuume.co.jp,sake,新潟県小千谷市に位置する高の井酒造株式会社は、昭和30年（1955年）に創業しました。仕込み水には良質な信濃川・阿賀野川・越後山脈雪解け水（超軟水）を使用し、越後杜氏の伝統の技を受け継ぎながら、米の旨味を引き出す真摯な酒造りを追求しています。伝統の技を守りつつ、現代の食文化に寄り添う高品質な美酒を醸し続けています。,0,draft,0.95,kumiai_niigata_detail,新潟県酒造組合 蔵元紹介ページ: 高の井酒造株式会社,2026-07-05 09:56:22,2026-08-02 06:37:42,37.9035,139.0323,1955,0,0
278,,緑川酒造株式会社,緑川酒造,,新潟県,魚沼市,〒946-0043 新潟県魚沼市青島4015-1,1884,https://www.saketime.com/breweries/278,sake,新潟県魚沼市に蔵を構える緑川酒造株式会社は、明治17年（1884年）創業の歴史を誇る老舗酒蔵です。仕込み水には良質な信濃川・阿賀野川・越後山脈雪解け水（超軟水）を使用し、越後杜氏の伝統の技を受け継ぎながら、米の旨味を引き出す真摯な酒造りを追求しています。伝統の技を守りつつ、現代の食文化に寄り添う高品質な美酒を醸し続けています。,0,draft,0.9,kumiai_niigata_detail,新潟県酒造組合 蔵元紹介ページ: 緑川酒造株式会社,2026-07-05 09:56:22,2026-08-02 06:37:42,37.9052,139.0154,1884,0,0
279,,住乃井酒造株式会社,住乃井酒造,,新潟県,長岡市,〒940-2313 新潟県長岡市吉崎581-1,1758,http://www.suminoi.com,sake,新潟県長岡市に蔵を構える住乃井酒造株式会社は、宝暦8年（1758年）創業の歴史を誇る老舗酒蔵です。住乃井酒造は、宝暦8年（1758年）の創業以来、酒造り一筋に歩んできました。この自然の摂理に素直に頭を垂れ、自然の営みを謙虚に見つめながら、技をつくし、研究に努めた結果到達したのが、私たちの山廃仕込です。伝統の技を守りつつ、現代の食文化に寄り添う高品質な美酒を醸し続けています。,0,draft,0.95,kumiai_niigata_detail,新潟県酒造組合 蔵元紹介ページ: 住乃井酒造株式会社,2026-07-05 09:56:22,2026-08-02 06:37:42,37.9069,139.0185,1758,0,0
280,,池田屋酒造株式会社,池田屋酒造,,新潟県,糸魚川市,〒941-0065 新潟県糸魚川市新鉄1-3-4,1812,,sake,岐阜県揖斐郡揖斐川町に蔵を構える池田屋酒造株式会社は、明治43年（1910年）創業の歴史を誇る老舗酒蔵です。仕込み水には良質な飛騨山脈・長良川清流伏流水（軟水）を使用し、越後杜氏・飛騨杜氏の伝統の技を受け継ぎながら、米の旨味を引き出す真摯な酒造りを追求しています。伝統の技を守りつつ、現代の食文化に寄り添う高品質な美酒を醸し続けています。,0,draft,0.9,kumiai_niigata_detail,新潟県酒造組合 蔵元紹介ページ: 池田屋酒造株式会社,2026-07-05 09:56:22,2026-08-02 06:37:42,37.9086,139.0216,1812,0,0
281,,王紋酒造株式会社,王紋酒造,,新潟県,新発田市,〒957-0054 新潟県新発田市本町1丁目7番5号,1790,https://aumont.jp/,sake,新潟県新発田市に蔵を構える王紋酒造株式会社は、寛政2年（1790年）創業の歴史を誇る老舗酒蔵です。酒造りには変わらない思い 「米と水と気候と技術を生かした、品質の高い清酒を造り続ける」を理念に、創業より200有余年。酒造りには変わらない思いを持ち続け、地元の良質な米と水、酒造りに適した気候、そして歴史を重んじながらも進化し続ける越後杜氏の技術から生まれる清酒。伝統の技を守りつつ、現代の食文化に寄り添う高品質な美酒を醸し続けています。,0,draft,0.95,kumiai_niigata_detail,新潟県酒造組合 蔵元紹介ページ: 王紋酒造株式会社,2026-07-05 09:56:22,2026-08-02 06:37:42,37.9103,139.0247,1790,0,0
282,4110001019454,妙高酒造株式会社,妙高酒造,,新潟県,上越市,〒943-0841 新潟県上越市南本町2-7-47,1815,https://myokoshuzo.co.jp/,sake,新潟県上越市に蔵を構える妙高酒造株式会社は、文化12年（1815年）創業の歴史を誇る老舗酒蔵です。仕込み水には良質な信濃川・阿賀野川・越後山脈雪解け水（超軟水）を使用し、越後杜氏の伝統の技を受け継ぎながら、米の旨味を引き出す真摯な酒造りを追求しています。伝統の技を守りつつ、現代の食文化に寄り添う高品質な美酒を醸し続けています。,0,draft,0.95,kumiai_niigata_detail,新潟県酒造組合 蔵元紹介ページ: 妙高酒造株式会社,2026-07-05 09:56:22,2026-08-02 06:37:42,37.912,139.0278,1815,0,0
283,3110001011239,麒麟山酒造株式会社,麒麟山酒造,,新潟県,東蒲原郡阿賀町,〒959-4402 新潟県東蒲原郡阿賀町津川46,1843,https://kirinzan.co.jp/,sake,新潟県東蒲原郡阿賀町に蔵を構える麒麟山酒造株式会社は、天保14年（1843年）創業の歴史を誇る老舗酒蔵です。今後も奥阿賀の豊かな自然と伝統辛口の味わいを守っていく所存です。名峰・麒麟山の麓を流れる常浪川（とこなみがわ）流域の超軟水を仕込み水に、豊かな自然に囲まれてお酒を醸しています。伝統の技を守りつつ、現代の食文化に寄り添う高品質な美酒を醸し続けています。,0,draft,0.95,kumiai_niigata_detail,新潟県酒造組合 蔵元紹介ページ: 麒麟山酒造株式会社,2026-07-05 09:56:22,2026-08-02 06:37:42,37.8937,139.0309,1843,0,0
284,5110001024461,諸橋酒造株式会社,諸橋酒造,,新潟県,長岡市,〒940-0241 新潟県長岡市北荷頃408,1847,http://www.morohashi-shuzo.co.jp/,sake,新潟県長岡市に蔵を構える諸橋酒造株式会社は、弘化4年（1847年）創業の歴史を誇る老舗酒蔵です。仕込み水には良質な信濃川・阿賀野川・越後山脈雪解け水（超軟水）を使用し、越後杜氏の伝統の技を受け継ぎながら、米の旨味を引き出す真摯な酒造りを追求しています。伝統の技を守りつつ、現代の食文化に寄り添う高品質な美酒を醸し続けています。,0,draft,0.95,kumiai_niigata_detail,新潟県酒造組合 蔵元紹介ページ: 諸橋酒造株式会社,2026-07-05 09:56:22,2026-08-02 06:37:42,37.8954,139.014,1847,0,0
285,5110002034831,逸見酒造株式会社,逸見酒造,,新潟県,佐渡市,〒952-0305 新潟県佐渡市長石84番地の甲,1872,http://henmisyuzo.com/,sake,新潟県佐渡市に蔵を構える逸見酒造株式会社は、明治5年（1872年）創業の歴史を誇る老舗酒蔵です。逸見酒造　佐渡で一番小さな蔵元　銘酒「真稜」 逸見酒造 明治初年、創業以来、美禄づくりの志を一石一滴にたくす蔵元 お電話のご注文も承ります。特定商取引に基づく表記 酒造りのこだわり - 逸見酒造　佐渡で一番小さな蔵元　銘酒「真稜」 逸見酒造 明治初年、創業以来、美禄づくりの志を一石一滴にたくす蔵元 お電話のご注文も承ります。伝統の技を守りつつ、現代の食文化に寄り添う高品質な美酒を醸し続けています。,0,draft,0.95,kumiai_niigata_detail,新潟県酒造組合 蔵元紹介ページ: 逸見酒造株式会社,2026-07-05 09:56:22,2026-08-02 06:37:42,37.8971,139.0171,1872,0,0
286,,千代の光酒造株式会社,千代の光酒造,,新潟県,妙高市,〒944-0061 新潟県妙高市大字窪松原656,1860,http://www.chiyonohikari.com,sake,新潟県妙高市に蔵を構える千代の光酒造株式会社は、万延元年（1860年）創業の歴史を誇る老舗酒蔵です。千代の光酒造の歴史や酒造りのこだわり等の お話を交えながらご案内します。新発売 「純米吟醸 K 生酛仕込み」 が3月18日に発売 になります。伝統の技を守りつつ、現代の食文化に寄り添う高品質な美酒を醸し続けています。,0,draft,0.95,kumiai_niigata_detail,新潟県酒造組合 蔵元紹介ページ: 千代の光酒造株式会社,2026-07-05 09:56:22,2026-08-02 06:37:42,37.8988,139.0202,1860,0,0
287,7110001026118,青木酒造株式会社,青木酒造,,新潟県,南魚沼市,〒949-6408 新潟県南魚沼市塩沢1214,1717,http://www.kakurei.co.jp,sake,茨城県古河市に蔵を構える青木酒造株式会社は、明治43年（1910年）創業の歴史を誇る老舗酒蔵です。仕込み水には良質な巻機山伏流水（軟水）を使用し、越後杜氏の伝統の技を受け継ぎながら、米の旨味を引き出す真摯な酒造りを追求しています。伝統の技を守りつつ、現代の食文化に寄り添う高品質な美酒を醸し続けています。,0,draft,0.95,kumiai_niigata_detail,新潟県酒造組合 蔵元紹介ページ: 青木酒造株式会社,2026-07-05 09:56:22,2026-08-02 06:37:42,37.9005,139.0233,1717,0,0
288,,株式会社丸山酒造場,丸山酒造場,,新潟県,上越市,〒942-0264 新潟県上越市三和区塔ノ輪617,1897,https://maruyama-shuzojo.jp,sake,新潟県上越市に蔵を構える株式会社丸山酒造場は、明治30年（1897年）創業の歴史を誇る老舗酒蔵です。仕込み水には良質な信濃川・阿賀野川・越後山脈雪解け水（超軟水）を使用し、越後杜氏の伝統の技を受け継ぎながら、米の旨味を引き出す真摯な酒造りを追求しています。伝統の技を守りつつ、現代の食文化に寄り添う高品質な美酒を醸し続けています。,0,draft,0.95,kumiai_niigata_detail,新潟県酒造組合 蔵元紹介ページ: 株式会社丸山酒造場,2026-07-05 09:56:22,2026-08-02 06:37:42,37.9022,139.0264,1897,0,0
289,,白龍酒造株式会社,白龍酒造,,新潟県,阿賀野市,〒959-2025 新潟県阿賀野市岡山町3-7,1839,https://hakuryu-sake.com/,sake,新潟県阿賀野市に蔵を構える白龍酒造株式会社は、天保10年（1839年）創業の歴史を誇る老舗酒蔵です。「ヨーグルトリキュール モウモウ」はこちら>> 特撰純米大吟醸 茂左衛門 白龍の蔵を開いた初代・笹屋茂左衛門の名を冠した特撰純米大吟醸酒ができました。酒造りの匠「越後杜氏」の伝統の技を注ぎ込んで醸した奥深くふくよかな旨みの酒です。伝統の技を守りつつ、現代の食文化に寄り添う高品質な美酒を醸し続けています。,0,draft,0.95,kumiai_niigata_detail,新潟県酒造組合 蔵元紹介ページ: 白龍酒造株式会社,2026-07-05 09:56:22,2026-08-02 06:37:42,37.9039,139.0295,1839,0,0
290,,金鵄盃酒造株式会社,金鵄盃酒造,,新潟県,五泉市,〒959-1704 新潟県五泉市村松甲1836番地1,1824,http://www.kinshihai.com/,sake,新潟県五泉市に蔵を構える金鵄盃酒造株式会社は、文政7年（1824年）創業の歴史を誇る老舗酒蔵です。仕込み水には良質な信濃川・阿賀野川・越後山脈雪解け水（超軟水）を使用し、越後杜氏の伝統の技を受け継ぎながら、米の旨味を引き出す真摯な酒造りを追求しています。伝統の技を守りつつ、現代の食文化に寄り添う高品質な美酒を醸し続けています。,0,draft,0.95,kumiai_niigata_detail,新潟県酒造組合 蔵元紹介ページ: 金鵄盃酒造株式会社,2026-07-05 09:56:22,2026-08-02 06:37:42,37.9056,139.0326,1824,0,0
291,9110001026875,玉川酒造株式会社,玉川酒造,,新潟県,魚沼市,〒946-0216 新潟県魚沼市須原1643,1673,http://www.yukikura.com/,sake,新潟県魚沼市に蔵を構える玉川酒造株式会社は、延宝元年（1673年）創業の歴史を誇る老舗酒蔵です。越後ゆきくら館では、お米から日本酒が出来るまでの工程や、数々のユーモアあふれる自社製品に対する工夫とこだわりをご説明しております。多数の鑑評会で金賞を受賞した銘柄の数々をお試し下さい。伝統の技を守りつつ、現代の食文化に寄り添う高品質な美酒を醸し続けています。,0,draft,0.95,kumiai_niigata_detail,新潟県酒造組合 蔵元紹介ページ: 玉川酒造株式会社,2026-07-05 09:56:22,2026-08-02 06:37:42,37.9073,139.0157,1673,0,0
292,,池浦酒造株式会社,池浦酒造,,新潟県,長岡市,〒949-4524 新潟県長岡市両高1538,1830,http://ikeura-shuzo.com,sake,新潟県長岡市に蔵を構える池浦酒造株式会社は、天保元年（1830年）創業の歴史を誇る老舗酒蔵です。仕込み水には良質な信濃川・阿賀野川・越後山脈雪解け水（超軟水）を使用し、越後杜氏の伝統の技を受け継ぎながら、米の旨味を引き出す真摯な酒造りを追求しています。伝統の技を守りつつ、現代の食文化に寄り添う高品質な美酒を醸し続けています。,0,draft,0.95,kumiai_niigata_detail,新潟県酒造組合 蔵元紹介ページ: 池浦酒造株式会社,2026-07-05 09:56:22,2026-08-02 06:37:42,37.909,139.0188,1830,0,0
293,,ふじの井酒造株式会社,ふじの井酒造,,新潟県,新発田市,〒957-0231 新潟県新発田市藤塚浜1335,1886,http://www.cribusinesssystems.com/,sake,新潟県新発田市に蔵を構えるふじの井酒造株式会社は、明治19年（1886年）創業の歴史を誇る老舗酒蔵です。仕込み水には良質な信濃川・阿賀野川・越後山脈雪解け水（超軟水）を使用し、越後杜氏の伝統の技を受け継ぎながら、米の旨味を引き出す真摯な酒造りを追求しています。伝統の技を守りつつ、現代の食文化に寄り添う高品質な美酒を醸し続けています。,0,draft,0.95,flagged_brewery_review_2026,旧公式サイトsake-fujinoi.comはフランスの経営コンサルティング会社サイト(cribusinesssystems.com)へ301リダイレクト済みと確認(既存の懸念を裏取り)。会社自体の現状は未確認、要再調査。websiteはNULL化。,2026-07-05 09:56:22,2026-08-02 06:37:42,37.9107,139.0219,1886,0,0
294,3110003001634,苗場酒造株式会社,苗場酒造,,新潟県,中魚沼郡津南町,〒949-8201 新潟県中魚沼郡津南町大字下船渡戊555,1907,http://www.naebasan.com/,sake,新潟県中魚沼郡津南町に蔵を構える苗場酒造株式会社は、明治40年（1907年）創業の歴史を誇る老舗酒蔵です。1700本限定醸造「酒発点(しゅっぱつてん)」が新発売。2026年7月1日に1700本限定醸造「酒発点(しゅっぱつてん)」が新発売となりました。伝統の技を守りつつ、現代の食文化に寄り添う高品質な美酒を醸し続けています。,0,draft,0.95,kumiai_niigata_detail,新潟県酒造組合 蔵元紹介ページ: 苗場酒造株式会社,2026-07-05 09:56:22,2026-08-02 06:37:42,37.9124,139.025,1907,0,0
295,,新潟第一酒造株式会社,新潟第一酒造,,新潟県,上越市,〒942-0315 新潟県上越市浦川原区横川660番地,1911,https://www.hakuchosake.com/,sake,新潟県上越市に蔵を構える新潟第一酒造株式会社は、明治44年（1911年）創業の歴史を誇る老舗酒蔵です。仕込み水には良質な信濃川・阿賀野川・越後山脈雪解け水（超軟水）を使用し、越後杜氏の伝統の技を受け継ぎながら、米の旨味を引き出す真摯な酒造りを追求しています。伝統の技を守りつつ、現代の食文化に寄り添う高品質な美酒を醸し続けています。,0,draft,0.95,kumiai_niigata_detail,新潟県酒造組合 蔵元紹介ページ: 新潟第一酒造株式会社,2026-07-05 09:56:22,2026-08-02 06:37:42,37.8941,139.0281,1911,0,0
296,,代々菊醸造株式会社,代々菊醸造,,新潟県,上越市,〒949-3247 新潟県上越市柿崎区角取597番地,1910,,sake,新潟県上越市に蔵を構える代々菊醸造株式会社は、明治43年（1910年）創業の歴史を誇る老舗酒蔵です。仕込み水には良質な信濃川・阿賀野川・越後山脈雪解け水（超軟水）を使用し、越後杜氏の伝統の技を受け継ぎながら、米の旨味を引き出す真摯な酒造りを追求しています。伝統の技を守りつつ、現代の食文化に寄り添う高品質な美酒を醸し続けています。,0,draft,0.9,kumiai_niigata_detail,新潟県酒造組合 蔵元紹介ページ: 代々菊醸造株式会社,2026-07-05 09:56:22,2026-08-02 06:37:42,37.8958,139.0312,1910,0,0
297,,株式会社越後酒造場,越後酒造場,,新潟県,新潟市,〒950-3321 新潟県新潟市北区葛塚3306番1,1932,http://www.echigoshuzojo.co.jp/,sake,新潟県新潟市に位置する株式会社越後酒造場は、昭和7年（1932年）に創業しました。仕込み水には良質な信濃川・阿賀野川・越後山脈雪解け水（超軟水）を使用し、越後杜氏の伝統の技を受け継ぎながら、米の旨味を引き出す真摯な酒造りを追求しています。伝統の技を守りつつ、現代の食文化に寄り添う高品質な美酒を醸し続けています。,0,draft,0.95,kumiai_niigata_detail,新潟県酒造組合 蔵元紹介ページ: 株式会社越後酒造場,2026-07-05 09:56:22,2026-08-02 06:37:42,37.8975,139.0143,1932,0,0
298,2110001013440,朝日酒造株式会社,朝日酒造,,新潟県,長岡市,〒949-5494 新潟県長岡市朝日880-1,1830,https://www.asahi-shuzo.co.jp/,sake,鹿児島県大島郡喜界町に蔵を構える朝日酒造株式会社は、1830年 (天保元年)年に創業しました。豊かな自然と生命に恵まれた喜界島で、朝日酒造は1916年に創業しました。豊かな自然と生命に恵まれた喜界島で、朝日酒造は1916年に創業しました。伝統の技を守りつつ、現代の食文化に寄り添う高品質な美酒を醸し続けています。,0,draft,0.95,kumiai_niigata_detail,新潟県酒造組合 蔵元紹介ページ: 朝日酒造株式会社,2026-07-05 09:56:22,2026-08-02 06:37:42,37.8992,139.0174,1830,1,1
299,,株式会社越後鶴亀,越後鶴亀,,新潟県,新潟市,〒953-0023 新潟県新潟市西蒲区竹野町2580,1890,https://www.echigotsurukame.com/,sake,新潟県新潟市に蔵を構える株式会社越後鶴亀は、明治23年（1890年）創業の歴史を誇る老舗酒蔵です。仕込み水には良質な信濃川・阿賀野川・越後山脈雪解け水（超軟水）を使用し、越後杜氏の伝統の技を受け継ぎながら、米の旨味を引き出す真摯な酒造りを追求しています。伝統の技を守りつつ、現代の食文化に寄り添う高品質な美酒を醸し続けています。,0,draft,1.0,kumiai_niigata_detail,新潟県酒造組合 蔵元紹介ページ: 株式会社越後鶴亀,2026-07-05 09:56:22,2026-08-02 06:37:42,37.9009,139.0205,1890,0,0
300,8110001004709,樋木酒造株式会社,樋木酒造,,新潟県,新潟市,〒950-2112 新潟県新潟市西区内野町582番地,1832,https://www.saketime.com/breweries/300,sake,新潟県新潟市に蔵を構える樋木酒造株式会社は、天保3年（1832年）創業の歴史を誇る老舗酒蔵です。仕込み水には良質な信濃川・阿賀野川・越後山脈雪解け水（超軟水）を使用し、越後杜氏の伝統の技を受け継ぎながら、米の旨味を引き出す真摯な酒造りを追求しています。伝統の技を守りつつ、現代の食文化に寄り添う高品質な美酒を醸し続けています。,0,draft,0.9,kumiai_niigata_detail,新潟県酒造組合 蔵元紹介ページ: 樋木酒造株式会社,2026-07-05 09:56:22,2026-08-02 06:37:42,37.9026,139.0236,1832,0,0
301,,原酒造株式会社,原酒造,,新潟県,柏崎市,〒945-0056 新潟県柏崎市新橋5番12号,1814,https://www.harashuzo.com/,sake,新潟県柏崎市に蔵を構える原酒造株式会社は、文化11年（1814年）創業の歴史を誇る老舗酒蔵です。仕込み水には良質な信濃川・阿賀野川・越後山脈雪解け水（超軟水）を使用し、越後杜氏の伝統の技を受け継ぎながら、米の旨味を引き出す真摯な酒造りを追求しています。伝統の技を守りつつ、現代の食文化に寄り添う高品質な美酒を醸し続けています。,0,draft,1.0,kumiai_niigata_detail,新潟県酒造組合 蔵元紹介ページ: 原酒造株式会社,2026-07-05 09:56:22,2026-08-02 06:37:42,37.9043,139.0267,1814,0,0
526,1410001011251,株式会社大納川,大納川,,秋田県,横手市,秋田県横手市大森町大森169,1910,https://dainagawa.co.jp/,sake,秋田県横手市に蔵を構える株式会社大納川は、明治43年（1910年）創業の歴史を誇る老舗酒蔵です。出羽丘陵の酒造りに適した清廉な水を仕込水に使い、山内杜氏伝統の秋田寒仕込みで醸されます。横手山内地域の人々によって脈々と受け継がれてきた枝と味。伝統の技を守りつつ、現代の食文化に寄り添う高品質な美酒を醸し続けています。,0,draft,0.9,kumiai_akita_detail,秋田県横手市大森町大森169,2026-07-05 11:17:54,2026-08-02 06:37:42,39.7228,140.103,1910,0,0
527,2410001001994,株式会社那波商店,那波商店,銀鱗,秋田県,秋田市,秋田市土崎港中央1丁目16-41,1910,https://jizakemonogatari.net/,sake,秋田県秋田市に蔵を構える株式会社那波商店は、明治43年（1910年）創業の歴史を誇る老舗酒蔵です。お酒へのこだわりを持ったみなさまにお酒の素晴らしさを伝えます | 那波商店 那波商店－銀鱗蔵は『地酒物語』にこだわっています。酒ができるまでの物語、いわばどのようにして出来た原料をどのような技術で醸してお酒ができるという、一連の物語を当社は熟知しております。伝統の技を守りつつ、現代の食文化に寄り添う高品質な美酒を醸し続けています。,0,draft,0.88,kumiai_akita_detail,秋田市土崎港中央1丁目16-41,2026-07-05 11:17:54,2026-08-02 06:37:42,39.7245,140.1061,1910,0,0
528,6410001004787,株式会社 齋彌酒造店,齋彌酒造店,雪の茅舎,秋田県,由利本荘市,秋田県由利本荘市石脇字石脇53,1910,https://www.yukinobousha.jp/,sake,秋田県由利本荘市に蔵を構える株式会社 齋彌酒造店は、明治43年（1910年）創業の歴史を誇る老舗酒蔵です。仕込み水には良質な奥羽山脈・鳥海山系湧水（超軟水）を使用し、山内杜氏の伝統の技を受け継ぎながら、米の旨味を引き出す真摯な酒造りを追求しています。伝統の技を守りつつ、現代の食文化に寄り添う高品質な美酒を醸し続けています。,0,draft,1.0,kumiai_akita_detail,秋田県由利本荘市石脇字石脇53,2026-07-05 11:17:54,2026-08-02 06:37:42,39.7262,140.1092,1910,0,0
529,8410001005189,株式会社 飛良泉本舗,飛良泉本舗,飛良泉,秋田県,にかほ市,秋田県にかほ市平沢中町59,1487,https://www.hiraizumi.co.jp/,sake,秋田県にかほ市に蔵を構える株式会社 飛良泉本舗は、1487年（1487年）創業の歴史を誇る老舗酒蔵です。明治15年築の土蔵は、温度変化にも負けない酒造りに適した環境を生み出し、 また蔵の外には創業以来、樹齢500年の大きな欅の木があり、 夏場の日光を遮り、蔵の温度を低温で保つ役割を担っています。創業1487年、室町時代の創業 東北で最も歴史があり、全国でも３番目の酒蔵です。伝統の技を守りつつ、現代の食文化に寄り添う高品質な美酒を醸し続けています。,0,draft,1.0,kumiai_akita_detail,度1.9FEATURES創業1487年、室町時代の創業飛良泉本舗は,2026-07-05 11:17:54,2026-08-02 06:37:42,39.7279,140.1123,1487,0,0
530,8410001000388,秋田酒類製造株式会社,秋田酒類製造,高清水,秋田県,秋田市,秋田県秋田市川元むつみ町4-12,1910,https://www.takashimizu.co.jp/,sake,秋田県秋田市に蔵を構える秋田酒類製造株式会社は、明治43年（1910年）創業の歴史を誇る老舗酒蔵です。山内杜氏の伝統を大切に、 秋田流寒造りの技を守り続けています。© AKITA SHURUI SEIZOH. expand_less 蔵の紹介 ｜ 秋田の地酒 – 高清水 – トップページ > 高清水のこだわり > 蔵の紹介 酒蔵見学は予約制です。伝統の技を守りつつ、現代の食文化に寄り添う高品質な美酒を醸し続けています。,0,draft,1.0,kumiai_akita_detail,秋田県秋田市川元むつみ町4-12,2026-07-05 11:17:54,2026-08-02 06:37:42,39.7096,140.0954,1910,0,0
531,3410001008956,浅舞酒造株式会社,浅舞酒造,天の戸,秋田県,横手市,秋田県横手市平鹿町浅舞字浅舞388,1910,https://amanoto.co.jp/,sake,秋田県横手市に蔵を構える浅舞酒造株式会社は、明治43年（1910年）創業の歴史を誇る老舗酒蔵です。仕込み水には良質な奥羽山脈・鳥海山系湧水（超軟水）を使用し、山内杜氏の伝統の技を受け継ぎながら、米の旨味を引き出す真摯な酒造りを追求しています。伝統の技を守りつつ、現代の食文化に寄り添う高品質な美酒を醸し続けています。,0,draft,0.88,kumiai_akita_detail,秋田県横手市平鹿町浅舞字浅舞388,2026-07-05 11:17:54,2026-08-02 06:37:42,39.7113,140.0985,1910,0,0
532,9410001007903,刈穂酒造株式会社,刈穂酒造,刈穂,秋田県,大仙市,秋田県大仙市神宮寺字神宮寺275,1910,https://www.igeta.jp/,sake,秋田県大仙市に蔵を構える刈穂酒造株式会社は、明治43年（1910年）創業の歴史を誇る老舗酒蔵です。当蔵は1865年、出羽の国南楢岡（現秋田県大仙市）において伊藤家12代目・伊藤重四郎により「ヤマト酒造店」として創業しました。さらに恭之助は秋田県酒造組合連合会会長として県醸造試験場を設立。伝統の技を守りつつ、現代の食文化に寄り添う高品質な美酒を醸し続けています。,0,draft,0.88,kumiai_akita_detail,秋田県大仙市神宮寺字神宮寺275,2026-07-05 11:17:54,2026-08-02 06:37:42,39.713,140.1016,1910,0,0
533,5410001008005,株式会社高橋酒造店,高橋酒造店,奥清水,秋田県,仙北郡美郷町,仙北郡美郷町六郷字宝門清水72の13,1910,http://egao-okusimizu.com/,sake,秋田県仙北郡美郷町に蔵を構える株式会社高橋酒造店は、明治43年（1910年）創業の歴史を誇る老舗酒蔵です。仕込み水には良質な奥羽山脈・鳥海山系湧水（超軟水）を使用し、山内杜氏の伝統の技を受け継ぎながら、米の旨味を引き出す真摯な酒造りを追求しています。伝統の技を守りつつ、現代の食文化に寄り添う高品質な美酒を醸し続けています。,0,draft,0.88,kumiai_akita_detail,仙北郡美郷町六郷字宝門清水72の13,2026-07-05 11:17:54,2026-08-02 06:37:42,39.7147,140.1047,1910,0,0
534,8410001010073,株式会社木村酒造,木村酒造,福小町,秋田県,湯沢市,秋田県湯沢市田町2-1-11,1910,http://www.fukukomachi.com/,sake,秋田県湯沢市に蔵を構える株式会社木村酒造は、明治43年（1910年）創業の歴史を誇る老舗酒蔵です。仕込み水には良質な奥羽山脈・鳥海山系湧水（超軟水）を使用し、山内杜氏の伝統の技を受け継ぎながら、米の旨味を引き出す真摯な酒造りを追求しています。伝統の技を守りつつ、現代の食文化に寄り添う高品質な美酒を醸し続けています。,0,draft,0.88,kumiai_akita_detail,秋田県湯沢市田町2-1-11,2026-07-05 11:17:54,2026-08-02 06:37:42,39.7164,140.1078,1910,0,0
535,2410002012198,有限会社 奥田酒造店,奥田酒造店,千代緑,秋田県,大仙市,大仙市協和境字境113,1910,http://www.chiyomidori.com/,sake,秋田県大仙市に蔵を構える有限会社 奥田酒造店は、明治43年（1910年）創業の歴史を誇る老舗酒蔵です。千代緑の仕込蔵は創業の三百五十年ほど前より幾度か建替えられ、現在の仕込蔵は九十年余の時を経ておりますが、その間ずっと、蔵人と代を重ねた『家つき酵母』の協同作業によって千代緑を醸し続けてきました。伝統の技を守りつつ、現代の食文化に寄り添う高品質な美酒を醸し続けています。,0,draft,0.88,kumiai_akita_detail,大仙市協和境字境113,2026-07-05 11:17:54,2026-08-02 06:37:42,39.7181,140.1109,1910,0,0
536,6410001000373,秋田醸造株式会社,秋田醸造,ゆきの美人,秋田県,秋田市,秋田県秋田市楢山登町5-2,1910,https://yukinobijin.com/,sake,秋田県秋田市に蔵を構える秋田醸造株式会社は、明治43年（1910年）創業の歴史を誇る老舗酒蔵です。雪のようにすっと消える 進取の気性で伝統に磨かれた技術を磨く。今後はご利用者様にお客様にご満足いただけますよう... ゆきの美人 × 新政酒造（前編） 秋田市の旭川を挟んで徒歩5分の距離にある「新政」（新政酒造）と「ゆきの美人」（秋田醸造）。伝統の技を守りつつ、現代の食文化に寄り添う高品質な美酒を醸し続けています。,0,draft,0.88,kumiai_akita_detail,秋田県秋田市楢山登町5-2,2026-07-05 11:17:54,2026-08-02 06:37:42,39.7198,140.094,1910,0,0
537,7410001005231,株式会社佐藤酒造店,佐藤酒造店,出羽の冨士,秋田県,由利本荘市,由利本荘市矢島町七日町26,1910,http://www.dewanofuji.co.jp/,sake,秋田県由利本荘市に蔵を構える株式会社佐藤酒造店は、明治43年（1910年）創業の歴史を誇る老舗酒蔵です。佐藤酒造店について明治40年、鳥海山の麓、由利本荘市矢島町に初代佐藤久吉が創業した蔵元、佐藤酒造店。伝統の技を守りつつ、現代の食文化に寄り添う高品質な美酒を醸し続けています。,0,draft,0.88,kumiai_akita_detail,由利本荘市矢島町七日町26,2026-07-05 11:17:54,2026-08-02 06:37:41,39.7215,140.0971,1910,0,0
538,7410001003499,福禄寿酒造株式会社,福禄寿酒造,一白水成,秋田県,南秋田郡五城目町,秋田県南秋田郡五城目町字下タ町48番地,1910,https://www.fukurokuju.jp/,sake,秋田県南秋田郡五城目町に蔵を構える福禄寿酒造株式会社は、明治43年（1910年）創業の歴史を誇る老舗酒蔵です。ひとつひとつ丁寧に手造りで造ることを柱とし 手造りの方が良い工程 機械に任せた方が効率よく 正確にいく工程など その年のごとの経験を踏まえ 当蔵にあった製法で造っております。初代・渡邉彦兵衛が元禄元年（1688年）に現在の秋田県五城目町で酒造りをはじめ その歴史は300有余年にのぼります。伝統の技を守りつつ、現代の食文化に寄り添う高品質な美酒を醸し続けています。,0,draft,0.88,kumiai_akita_detail,秋田県南秋田郡五城目町字下タ町48番地,2026-07-05 11:17:54,2026-08-02 06:37:42,39.7232,140.1002,1910,0,0
539,8410003001913,合名会社秋田富士酒造店,秋田富士酒造店,秋田富士,秋田県,大仙市,秋田県大仙市藤木字西八圭3,1910,https://kinmon-akita.com/,sake,秋田県大仙市に蔵を構える合名会社秋田富士酒造店は、明治43年（1910年）創業の歴史を誇る老舗酒蔵です。米の「旨み」を最大限に引き出す酒づくりに 世界的に高い評価を獲得する主力銘柄 純米原酒「X3」シリーズや 熟成酒梅酒「悠久の梅雫」など 個性豊かな酒づくりを通して、 新たな価値創造に努めてきました。そして、その成果として生まれたのが、 熟成酒の代表銘柄「山吹」です。伝統の技を守りつつ、現代の食文化に寄り添う高品質な美酒を醸し続けています。,0,draft,0.88,kumiai_akita_detail,秋田県大仙市藤木字西八圭3,2026-07-05 11:17:54,2026-08-02 06:37:41,39.7249,140.1033,1910,0,0
540,1410001006565,千歳盛酒造株式会社,千歳盛酒造,千歳盛,秋田県,鹿角市,秋田県鹿角市花輪字中花輪29番地,1910,https://chitosezakari.jp/,sake,秋田県鹿角市に蔵を構える千歳盛酒造株式会社は、明治43年（1910年）創業の歴史を誇る老舗酒蔵です。明治5年の創業以来、地元鹿角を中心に長い間親しまれてきた定番のシリーズです。創業者の田村茂助により不老長寿の願いを込め「千歳」と命名され、大正11年に世の繁栄と更なる長寿を願い「千歳盛」となった歴史ある酒銘です。伝統の技を守りつつ、現代の食文化に寄り添う高品質な美酒を醸し続けています。,0,draft,0.88,kumiai_akita_detail,秋田県鹿角市花輪字中花輪29番地,2026-07-05 11:17:54,2026-08-02 06:37:42,39.7266,140.1064,1910,0,0
541,1410001006136,株式会社北鹿,北鹿,,秋田県,大館市,秋田県大館市有浦2-2-3,1910,https://www.hokushika.jp/,sake,秋田県大館市に蔵を構える株式会社北鹿は、明治43年（1910年）創業の歴史を誇る老舗酒蔵です。こだわりの酒造り｜秋田の清酒 北鹿｜日本酒｜大吟醸｜純米酒｜雪中貯蔵 秋田の清酒 北鹿｜日本酒｜大吟醸｜純米酒｜雪中貯蔵 伝統とこだわりの酒造り蔵人たちの伝承と浪漫が始まります。日本酒は、米、水、麹を原料とし発酵させてつくるお酒で日本で生まれ、日本独自の技術で作られています。伝統の技を守りつつ、現代の食文化に寄り添う高品質な美酒を醸し続けています。,0,draft,0.88,kumiai_akita_detail,秋田県大館市有浦2-2-3,2026-07-05 11:17:54,2026-08-02 06:37:42,39.7283,140.1095,1910,0,0
542,6410001009167,日の丸醸造株式会社,日の丸醸造,まんさくの花,秋田県,横手市,秋田県横手市増田町増田字七日町114-2,1910,http://hinomaru-sake.com/,sake,秋田県横手市に蔵を構える日の丸醸造株式会社は、明治43年（1910年）創業の歴史を誇る老舗酒蔵です。仕込み水には良質な奥羽山脈・鳥海山系湧水（超軟水）を使用し、山内杜氏の伝統の技を受け継ぎながら、米の旨味を引き出す真摯な酒造りを追求しています。伝統の技を守りつつ、現代の食文化に寄り添う高品質な美酒を醸し続けています。,0,draft,0.88,kumiai_akita_detail,秋田県横手市増田町増田字七日町114-2,2026-07-05 11:17:54,2026-08-02 06:37:42,39.71,140.0926,1910,0,0
543,6410001008986,舞鶴酒造株式会社,舞鶴酒造,田从,秋田県,横手市,秋田県横手市平鹿町浅舞字浅舞184番地,1910,,sake,秋田県横手市に蔵を構える舞鶴酒造株式会社は、明治43年（1910年）創業の歴史を誇る老舗酒蔵です。仕込み水には良質な奥羽山脈・鳥海山系湧水（超軟水）を使用し、山内杜氏の伝統の技を受け継ぎながら、米の旨味を引き出す真摯な酒造りを追求しています。伝統の技を守りつつ、現代の食文化に寄り添う高品質な美酒を醸し続けています。,0,draft,0.8,kumiai_akita_detail,秋田県横手市平鹿町浅舞字浅舞184番地,2026-07-05 11:17:54,2026-08-02 06:37:42,39.7117,140.0957,1910,0,0
544,6410003001923,合名会社 栗林酒造店,栗林酒造店,春霞,秋田県,仙北郡美郷町,秋田県仙北郡美郷町六郷字米町56,1910,https://harukasumi.com,sake,秋田県仙北郡美郷町に蔵を構える合名会社 栗林酒造店は、明治43年（1910年）創業の歴史を誇る老舗酒蔵です。春霞の銘柄はいつごろから使われたのか定かでありませんが、謡曲「羽衣」の一節、「春霞たなびきにけり　久方の月の桂の花や咲く～」から取ったといわれています。伝統の技を守りつつ、現代の食文化に寄り添う高品質な美酒を醸し続けています。,0,draft,0.88,kumiai_akita_detail,秋田県仙北郡美郷町六郷字米町56,2026-07-05 11:17:54,2026-08-02 06:37:42,39.7134,140.0988,1910,0,0
545,3410001005235,天寿酒造株式会社,天寿酒造,天寿,秋田県,由利本荘市,秋田県由利本荘市矢島町城内字八森下117,1910,https://www.tenju.co.jp,sake,秋田県由利本荘市に蔵を構える天寿酒造株式会社は、明治43年（1910年）創業の歴史を誇る老舗酒蔵です。原料米は全て「天寿酒米研究会」をはじめとする契約栽培米。農家の皆さんが安心して酒米生産に取り組んでいただけるよう、全国でも先駆けて契約栽培の取り組みを続けてまいりました。伝統の技を守りつつ、現代の食文化に寄り添う高品質な美酒を醸し続けています。,0,draft,0.88,kumiai_akita_detail,秋田県由利本荘市矢島町城内字八森下117,2026-07-05 11:17:54,2026-08-02 06:37:42,39.7151,140.1019,1910,0,0
546,6410001005595,両関酒造株式会社,両関酒造,両関,秋田県,湯沢市,秋田県湯沢市前森四丁目3番18号,1910,https://www.ryozeki.co.jp/,sake,秋田県湯沢市に蔵を構える両関酒造株式会社は、明治43年（1910年）創業の歴史を誇る老舗酒蔵です。コンセプトConcept 先人が築き上げてきた伝統の技術に、更なる改良を加え発展させ、未来へ引き継いでいく。人の和で醸した良酒が、飲む人の心を和ませ、人の和を繋いでいくことを願って、私たちは伝統と文化を伝え続けます。伝統の技を守りつつ、現代の食文化に寄り添う高品質な美酒を醸し続けています。,0,draft,0.88,kumiai_akita_detail,秋田県湯沢市前森四丁目3番18号,2026-07-05 11:17:54,2026-08-02 06:37:42,39.7168,140.105,1910,0,0
547,6410001003426,小玉醸造株式会社,小玉醸造,太平山,秋田県,潟上市,秋田県潟上市飯田川飯塚字飯塚34-1,1910,https://www.kodamajozo.co.jp/,sake,宮崎県日南市に蔵を構える小玉醸造株式会社は、明治43年（1910年）創業の歴史を誇る老舗酒蔵です。仕込み水には良質な霧島山系・祖母傾山水系伏流水（中軟水）を使用し、丁寧な手造りの精神を受け継ぎながら、米の旨味を引き出す真摯な酒造りを追求しています。伝統の技を守りつつ、現代の食文化に寄り添う高品質な美酒を醸し続けています。,0,draft,0.88,kumiai_akita_detail,秋田県潟上市飯田川飯塚字飯塚34-1,2026-07-05 11:17:54,2026-08-02 06:37:42,39.7185,140.1081,1910,0,0
548,2410001001020,秋田酒造株式会社,秋田酒造,秋田晴・酔楽天,秋田県,秋田市,秋田市新屋元町23-28,1910,https://www.akitabare.jp/,sake,秋田県秋田市に蔵を構える秋田酒造株式会社は、明治43年（1910年）創業の歴史を誇る老舗酒蔵です。「本醸造 秋田晴 五段仕込み」が全国燗酒コンテスト2020で金賞を受賞しました。伝統の技を守りつつ、現代の食文化に寄り添う高品質な美酒を醸し続けています。,0,draft,0.88,kumiai_akita_detail,秋田市新屋元町23-28,2026-07-05 11:17:54,2026-08-02 06:37:42,39.7202,140.1112,1910,0,0
549,6410003001808,株式会社 山本酒造店,山本酒造店,山本,秋田県,山本郡八峰町,秋田県山本郡八峰町八森字八森269,1910,https://www.yamamoto-brewery.com,sake,秋田県山本郡八峰町に蔵を構える株式会社 山本酒造店は、明治43年（1910年）創業の歴史を誇る老舗酒蔵です。仕込み水には良質な奥羽山脈・鳥海山系湧水（超軟水）を使用し、山内杜氏の伝統の技を受け継ぎながら、米の旨味を引き出す真摯な酒造りを追求しています。伝統の技を守りつつ、現代の食文化に寄り添う高品質な美酒を醸し続けています。,0,draft,0.88,kumiai_akita_detail,秋田県山本郡八峰町八森字八森269,2026-07-05 11:17:54,2026-08-02 06:37:41,39.7219,140.0943,1910,0,0
550,8410001008051,福乃友酒造株式会社,福乃友酒造,福乃友,秋田県,大仙市,秋田県大仙市神宮寺字本郷野82-6,1910,https://fukunotomo.co.jp/,sake,秋田県大仙市に蔵を構える福乃友酒造株式会社は、明治43年（1910年）創業の歴史を誇る老舗酒蔵です。60純米酒ガツンとくる味わい深い蔵内原酒杜氏の技術の結晶。初代当主 福田秀一と杜氏 高橋友五郎の氏名から一文字ずつを取り「福乃友」と名付けられました。伝統の技を守りつつ、現代の食文化に寄り添う高品質な美酒を醸し続けています。,0,draft,0.88,kumiai_akita_detail,秋田県大仙市神宮寺字本郷野82-6,2026-07-05 11:17:54,2026-08-02 06:37:42,39.7236,140.0974,1910,0,0
551,6410001008202,出羽鶴酒造株式会社,出羽鶴酒造,出羽鶴,秋田県,大仙市,秋田県大仙市南外字悪戸野81,1910,https://www.igeta.jp,sake,秋田県大仙市に蔵を構える出羽鶴酒造株式会社は、明治43年（1910年）創業の歴史を誇る老舗酒蔵です。当蔵は1865年、出羽の国南楢岡（現秋田県大仙市）において伊藤家12代目・伊藤重四郎により「ヤマト酒造店」として創業しました。さらに恭之助は秋田県酒造組合連合会会長として県醸造試験場を設立。伝統の技を守りつつ、現代の食文化に寄り添う高品質な美酒を醸し続けています。,0,draft,0.88,kumiai_akita_detail,秋田県大仙市南外字悪戸野81,2026-07-05 11:17:54,2026-08-02 06:37:42,39.7253,140.1005,1910,0,0
552,5410003002220,合名会社 鈴木酒造店,鈴木酒造店,秀よし,秋田県,大仙市,秋田県大仙市長野字二日町9,1910,https://hideyoshi.co.jp/,sake,秋田県大仙市に蔵を構える合名会社 鈴木酒造店は、明治43年（1910年）創業の歴史を誇る老舗酒蔵です。仕込み水には良質な奥羽山脈・鳥海山系湧水（超軟水）を使用し、山内杜氏の伝統の技を受け継ぎながら、米の旨味を引き出す真摯な酒造りを追求しています。伝統の技を守りつつ、現代の食文化に寄り添う高品質な美酒を醸し続けています。,0,draft,1.0,kumiai_akita_detail,秋田県大仙市長野字二日町9,2026-07-05 11:17:54,2026-08-02 06:37:42,39.727,140.1036,1910,0,0
553,2410003001646,喜久水酒造合資会社,喜久水酒造,喜久水,秋田県,能代市,能代市万町6の37,1910,http://kikusuisyuzo.com/,sake,秋田県能代市に蔵を構える喜久水酒造合資会社は、明治43年（1910年）創業の歴史を誇る老舗酒蔵です。仕込み水には良質な奥羽山脈・鳥海山系湧水（超軟水）を使用し、山内杜氏の伝統の技を受け継ぎながら、米の旨味を引き出す真摯な酒造りを追求しています。伝統の技を守りつつ、現代の食文化に寄り添う高品質な美酒を醸し続けています。,0,draft,0.88,flagged_brewery_review_2026,旧公式サイトkikusuisyuzo.comはDNS解決不可(Server failed)と確認。会社自体の現状は未確認、要再調査。websiteはNULL化。,2026-07-05 11:17:54,2026-08-02 06:37:42,39.7087,140.1067,1910,0,0
554,6410001005430,秋田県醗酵工業株式会社,秋田県醗酵工業,一滴千両,秋田県,湯沢市,秋田県湯沢市深堀字中川原120-8,1910,https://www.oenon.jp/,sake,秋田県湯沢市に蔵を構える秋田県醗酵工業株式会社は、明治43年（1910年）創業の歴史を誇る老舗酒蔵です。オエノングループは、大吟醸・吟醸・純米吟醸をはじめ、純米や本醸造、普通酒、生酒・生貯蔵酒、にごり酒など様々な日本酒（清酒）を取り揃えております。伝統の技に裏打ちされた確かな味わいをお楽しみください。伝統の技を守りつつ、現代の食文化に寄り添う高品質な美酒を醸し続けています。,0,draft,0.88,kumiai_akita_detail,秋田県湯沢市深堀字中川原120-8,2026-07-05 11:17:54,2026-08-02 06:37:42,39.7104,140.1098,1910,0,0
555,1410001008768,阿櫻酒造株式会社,阿櫻酒造,阿櫻,秋田県,横手市,秋田県横手市大沢字西野67-2,1910,https://azakura.co.jp/,sake,秋田県横手市に蔵を構える阿櫻酒造株式会社は、明治43年（1910年）創業の歴史を誇る老舗酒蔵です。全国五大杜氏の一つである秋田の山内杜氏 照井俊男のもと、情熱を燃やす蔵人達により、技の粋を集めた酒造りをしております。近年、酒造技術の改良と酒質の向上に励み、全国にその技術水準の高さを知らしめるなど、そのたゆまざる努力が今日の銘醸地秋田の基礎をつくり上げました。伝統の技を守りつつ、現代の食文化に寄り添う高品質な美酒を醸し続けています。,0,draft,0.88,kumiai_akita_detail,秋田県横手市大沢字西野67-2,2026-07-05 11:17:54,2026-08-02 06:37:42,39.7121,140.0929,1910,0,0
556,5410001005431,秋田銘醸株式会社,秋田銘醸,爛漫,秋田県,湯沢市,秋田県湯沢市大工町4番23号,1910,https://www.ranman.co.jp/,sake,秋田県湯沢市に蔵を構える秋田銘醸株式会社は、明治43年（1910年）創業の歴史を誇る老舗酒蔵です。「伝統」と「先進」の製法を融合しながら、「品質」を最優先した酒造りを徹底しています。かおりシリーズについて 極み～極上を愉しむ美酒爛漫～ 厳選された秋田の米と山内杜氏の技術の粋を集めた極上の味わいをお愉しみいただけます。伝統の技を守りつつ、現代の食文化に寄り添う高品質な美酒を醸し続けています。,0,draft,0.88,kumiai_akita_detail,秋田県湯沢市大工町4番23号,2026-07-05 11:17:54,2026-08-02 06:37:42,39.7138,140.096,1910,0,0
557,8410001000157,新政酒造株式会社,新政酒造,新政,秋田県,秋田市,秋田県秋田市大町6丁目2番35号,1852,http://www.aramasa.jp/,sake,秋田県秋田市に蔵を構える新政酒造株式会社は、嘉永5年（1852年）創業の歴史を誇る老舗酒蔵です。仕込み水には良質な秋田市太平山水系伏流水（軟水）を使用し、蔵元杜氏の伝統の技を受け継ぎながら、米の旨味を引き出す真摯な酒造りを追求しています。伝統の技を守りつつ、現代の食文化に寄り添う高品質な美酒を醸し続けています。,0,draft,0.95,kumiai_akita_detail,すCONCEPT新政酒造は1852年の創業以来、伝統に深く根ざした酒造りを,2026-07-05 11:17:54,2026-08-02 06:37:42,39.7188,140.1102,1852,0,1
558,8410001004711,秋田誉酒造株式会社,秋田誉酒造,秋田誉,秋田県,由利本荘市,秋田県由利本荘市砂子下3,1910,,sake,秋田県由利本荘市に蔵を構える秋田誉酒造株式会社は、明治43年（1910年）創業の歴史を誇る老舗酒蔵です。仕込み水には良質な奥羽山脈・鳥海山系湧水（超軟水）を使用し、山内杜氏の伝統の技を受け継ぎながら、米の旨味を引き出す真摯な酒造りを追求しています。伝統の技を守りつつ、現代の食文化に寄り添う高品質な美酒を醸し続けています。,0,draft,0.8,kumiai_akita_detail,秋田県由利本荘市砂子下3,2026-07-05 11:17:54,2026-08-02 06:37:40,39.7172,140.1022,1910,0,0
614,8140001004550,沢の鶴株式会社,沢の鶴,,兵庫県,神戸市灘区,〒657-0864 兵庫県神戸市灘区新在家南町5丁目1番2号,1717,http://www.sawanotsuru.co.jp,sake,兵庫県神戸市灘区に蔵を構える沢の鶴株式会社は、享保2年（1717年）創業の歴史を誇る老舗酒蔵です。吟醸酒と純米酒、本醸造酒の違いを知ろう 日本酒と料理酒の違いは。それ以来、米を目利きする力を代々受け継いできた私たちは、純米酒・米だけの酒にこだわり続け、おかげさまで「沢の鶴」の純米酒は、多くの方々からの高い評価を受け、売上げでも、常に上位にあります。伝統の技を守りつつ、現代の食文化に寄り添う高品質な美酒を醸し続けています。,0,draft,0.95,kumiai_hyogo_detail,沢の鶴株式会社 創業は、1717年（享保2年）,2026-07-05 11:17:54,2026-08-02 06:37:42,34.6851,135.1764,1717,0,0
615,,富久娘酒造株式会社,富久娘酒造,,兵庫県,神戸市灘区,〒657-0864 兵庫県神戸市灘区新在家南町3-2-28,1681,http://www.oenon.jp/product/sake/sake-brewery/fukumusume.html,sake,兵庫県神戸市灘区に蔵を構える富久娘酒造株式会社は、天和元年（1681年）創業の歴史を誇る老舗酒蔵です。仕込み水には良質な六甲山系宮水・播磨揖保川水系伏流水（中硬水）を使用し、丹波杜氏の伝統の技を受け継ぎながら、米の旨味を引き出す真摯な酒造りを追求しています。伝統の技を守りつつ、現代の食文化に寄り添う高品質な美酒を醸し続けています。,0,draft,0.95,kumiai_hyogo_detail,富久娘酒造の創業は1681年（天和元年）,2026-07-05 11:17:54,2026-08-02 06:37:42,34.6868,135.1795,1681,0,0
616,9140001005166,白鶴酒造株式会社,白鶴酒造,,兵庫県,神戸市東灘区,〒658-0041 兵庫県神戸市東灘区住吉南町4丁目5番5号,1743年 (寛保3年),http://www.hakutsuru.co.jp/,sake,兵庫県神戸市東灘区に蔵を構える白鶴酒造株式会社は、1743年 (寛保3年)年に創業しました。【SAKETIMES】山田錦と双璧をなす酒米を目指して─ 白鶴酒造が開発した酒米「白鶴錦」に秘められた可能性 PRODUCT LINEUP プレミアムPREMIUM 大切なひとときを彩る、こだわりの商品です。4. ホームページ提供の一時中断について 当社は、システムの保守・障害、火災・停電、地震などの天災、その他運用・技術上当社ホームページ提供の一時中断が必要であると判断した場合には、事前通知を行うことなく一時中断する場合があります。歴史ある建造物は白鶴酒造資料館は神戸市指定有形民俗文化財としても親しまれており、伝統と革新を融合させた味わいを全国の日本酒ファンへ届けています。,0,draft,0.9,kumiai_hyogo_detail,白鶴酒造株式会社 ●所在地 神戸市東灘区住吉南町,2026-07-05 11:17:54,2026-08-02 06:37:42,34.7142,135.2689,1743年 (寛保3年),1,1
617,9140001004183,菊正宗酒造株式会社,菊正宗酒造,,兵庫県,神戸市東灘区,〒658-0046 兵庫県神戸市東灘区御影本町1丁目7番15号,1659,https://www.kikumasamune.co.jp/,sake,兵庫県神戸市東灘区に蔵を構える菊正宗酒造株式会社は、万治2年（1659年）創業の歴史を誇る老舗酒蔵です。良質な酒米と宮水という、六甲山系の自然の恵みを丹波杜氏の職人技で醸した辛口を携え、地の利を生かして港から遠くは松前（北海道）にまで取引に出かけたという本嘉納家。また、明治22年（1889年）には本嘉納家8代目秋香翁が「どうしても良い酒を造る」の信念でドイツから顕微鏡を購入し、西洋の学問を身に付けた技術者を招聘。歴史ある建造物は菊正宗酒造記念館・国の重要有形民俗文化財収蔵としても親しまれており、伝統と革新を融合させた味わいを全国の日本酒ファンへ届けています。,0,draft,1.0,kumiai_hyogo_detail,菊正宗は、万治２年（1659年）の創業以来,2026-07-05 11:17:54,2026-08-02 06:37:42,34.7126,135.2652,1659,1,1
618,5140001004380,剣菱酒造株式会社,剣菱酒造,,兵庫県,神戸市東灘区,〒658-0046 兵庫県神戸市東灘区御影本町3-12-5,1505,https://www.kenbishi.co.jp/,sake,兵庫県神戸市東灘区に蔵を構える剣菱酒造株式会社は、永正2年（1505年）創業の歴史を誇る老舗酒蔵です。これからも、お客さまとともに 永正二年（一五○五）以前の創業以来 私どもは五家にわたり変わらぬ剣菱を造り続けてまいりました。創業以来、その味を変えることなく現在まで継承され続けてきた剣菱。伝統の技を守りつつ、現代の食文化に寄り添う高品質な美酒を醸し続けています。,0,draft,1.0,kumiai_hyogo_detail,永正2年（1505）の創業以来、伊丹から灘へ,2026-07-05 11:17:54,2026-08-02 06:37:42,34.6919,135.1888,1505,0,0
619,,坊垣醸造合名会社,坊垣醸造,,兵庫県,神戸市東灘区,〒662-0922 神戸市東灘区御影石町1丁目6番15号,1910,https://www.saketime.com/breweries/619,sake,兵庫県神戸市東灘区に蔵を構える坊垣醸造合名会社は、明治43年（1910年）創業の歴史を誇る老舗酒蔵です。仕込み水には良質な六甲山系宮水・播磨揖保川水系伏流水（中硬水）を使用し、丹波杜氏の伝統の技を受け継ぎながら、米の旨味を引き出す真摯な酒造りを追求しています。伝統の技を守りつつ、現代の食文化に寄り添う高品質な美酒を醸し続けています。,0,draft,0.85,kumiai_hyogo_detail,坊垣醸造合名会社 ※現在、休造いたしております,2026-07-05 11:17:54,2026-08-02 06:37:40,34.6936,135.1919,1910,0,0
620,7140001004403,株式会社神戸酒心館,神戸酒心館,,兵庫県,神戸市東灘区,〒658-0044 兵庫県神戸市東灘区御影塚町1-8-17,1751,http://www.enjoyfukuju.com,sake,兵庫県神戸市東灘区に蔵を構える株式会社神戸酒心館は、宝暦元年（1751年）創業の歴史を誇る老舗酒蔵です。РУССКИЙ ЯЗЫК 「福寿」という酒銘は、 七福神の一柱「福禄寿」が由来となっています。宝暦元年（1751年）の創業以来、 伝統を重んじながらも革新的な技術を取り入れて、 270年以上にわたって多くの人の幸福な時間に寄り添い続けています。伝統の技を守りつつ、現代の食文化に寄り添う高品質な美酒を醸し続けています。,0,draft,0.95,kumiai_hyogo_detail,宝暦元年（1751年）に創業した当社は…「福寿」の名を守り続けています,2026-07-05 11:17:54,2026-08-02 06:37:42,34.6953,135.175,1751,0,0
621,,泉酒造株式会社,泉酒造,,兵庫県,神戸市東灘区,〒658-0044 兵庫県神戸市東灘区御影塚町1-9-6,1756,http://www.izumisyuzou.co.jp/,sake,兵庫県神戸市東灘区に蔵を構える泉酒造株式会社は、宝暦6年（1756年）創業の歴史を誇る老舗酒蔵です。仕込み水には良質な六甲山系宮水・播磨揖保川水系伏流水（中硬水）を使用し、丹波杜氏の伝統の技を受け継ぎながら、米の旨味を引き出す真摯な酒造りを追求しています。伝統の技を守りつつ、現代の食文化に寄り添う高品質な美酒を醸し続けています。,0,draft,0.9,kumiai_hyogo_detail,1756年創業より続けてきた自家醸造,2026-07-05 11:17:54,2026-08-02 06:37:42,34.697,135.1781,1756,0,0
622,,株式会社安福又四郎商店,安福又四郎商店,,兵庫県,神戸市東灘区,〒658-0044 兵庫県神戸市東灘区御影塚町1-5-23,1751,http://daikoku-m.com/,sake,兵庫県神戸市東灘区に蔵を構える株式会社安福又四郎商店は、宝暦元年（1751年）創業の歴史を誇る老舗酒蔵です。仕込み水には良質な六甲山系宮水・播磨揖保川水系伏流水（中硬水）を使用し、丹波杜氏の伝統の技を受け継ぎながら、米の旨味を引き出す真摯な酒造りを追求しています。伝統の技を守りつつ、現代の食文化に寄り添う高品質な美酒を醸し続けています。,0,draft,0.95,kumiai_hyogo_detail,株式会社安福又四郎商店 創業1751年（宝暦元年）,2026-07-05 11:17:54,2026-08-02 06:37:42,34.6987,135.1812,1751,0,0
623,,髙嶋酒類食品株式会社,高島酒類食品,,兵庫県,神戸市東灘区,〒658-0044 兵庫県神戸市東灘区御影塚町3丁目9番16号,1870,https://www.konanzuke.co.jp/,sake,兵庫県神戸市東灘区に蔵を構える髙嶋酒類食品株式会社は、明治3年（1870年）創業の歴史を誇る老舗酒蔵です。初代髙嶋平介は灘五郷の酒造家より酒粕を買い、酒粕の仲買業を営んでおりましたが、明治3年（西暦1870年）に、酒粕から粕取り焼酎の製造を始めるべく焼酎製造免許を取得しました。よってこの年を私どもは創業年と定めております。伝統の技を守りつつ、現代の食文化に寄り添う高品質な美酒を醸し続けています。,0,rejected,0.7,flagged_brewery_review_2026,清酒製造の実態なし。灘五郷酒造組合唯一の非清酒メーカーで、本みりん(はくびし本みりん)と酒粕漬物(甲南漬・海の幸)が主力。日本酒造組合中央会掲載製品欄も本みりんのみ。,2026-07-05 11:17:54,2026-08-02 06:37:42,,,1870,0,0
624,,太田酒造株式会社,太田酒造,灘 千代田蔵,兵庫県,神戸市東灘区,〒658-0022 兵庫県神戸市東灘区深江南町2-1-7,1910,http://www.ohta-shuzou.co.jp/,sake,滋賀県草津市に蔵を構える太田酒造株式会社は、明治7年（1874年）創業の歴史を誇る老舗酒蔵です。遠祖「道灌」の徳を偲んで 草津 道灌蔵・不盡蔵 主銘柄である日本酒「道灌」や「湖弧艪」をはじめ、様々な酒類は不盡蔵にて造っております。米を磨き、技を磨き、心を磨いて、感動のある酒造りをしませんか。伝統の技を守りつつ、現代の食文化に寄り添う高品質な美酒を醸し続けています。,0,draft,0.9,kumiai_hyogo_detail,太田酒造株式会社 灘 千代田蔵 ●所在地 神戸市東灘区深江南町,2026-07-05 11:17:54,2026-08-02 06:37:41,34.6821,135.1874,1910,0,0
625,2130001005834,宝酒造株式会社,宝酒造,松竹梅白壁蔵,兵庫県,神戸市東灘区,〒658-0027 神戸市東灘区青木2丁目1-28,2001,http://www.takarashuzo.co.jp/products/seishu/shirakabegura/,sake,宮崎県児湯郡高鍋町に蔵を構える宝酒造株式会社は、1842年 (天保13年)年に創業しました。そして、それぞれの事業領域で常に環境適合の視点を大切に独創的で確かな技術に裏付けられた商品やサービスをみなさまに提供することで自然と社会と人間との調和をめざしています。「醸造」と「蒸留」という2つの酒造りの技術と知見をあわせもつ当社は、清酒・焼酎・チューハイといった「和酒」から、本みりんなど「和」の調味料、原料用アルコールまで、幅広いカテゴリーの商品を製造・販売しています。伝統の技を守りつつ、現代の食文化に寄り添う高品質な美酒を醸し続けています。,0,draft,0.85,kumiai_hyogo_detail,神戸市東灘区に高品質な酒づくりの拠点「松竹梅白壁蔵」が完成,2026-07-05 11:17:54,2026-08-02 06:37:42,34.6838,135.1905,2001,0,1
626,,株式会社小山本家酒造,小山本家酒造,灘浜福鶴蔵,兵庫県,神戸市東灘区,〒658-0025 兵庫県神戸市東灘区魚崎南町4-4-6,1910,http://www.hamafukutsuru.co.jp/,sake,兵庫県神戸市東灘区に蔵を構える株式会社小山本家酒造は、明治43年（1910年）創業の歴史を誇る老舗酒蔵です。仕込み水には良質な六甲山系宮水・播磨揖保川水系伏流水（中硬水）を使用し、丹波杜氏の伝統の技を受け継ぎながら、米の旨味を引き出す真摯な酒造りを追求しています。伝統の技を守りつつ、現代の食文化に寄り添う高品質な美酒を醸し続けています。,0,draft,0.9,kumiai_hyogo_detail,株式会社小山本家酒造 灘浜福鶴蔵 ●所在地 神戸市東灘区魚崎南町,2026-07-05 11:17:54,2026-08-02 06:37:41,34.6855,135.1736,1910,0,0
627,,櫻正宗株式会社,櫻正宗,,兵庫県,神戸市東灘区,〒658-0025 兵庫県神戸市東灘区魚崎南町5-10-1,1625,http://www.sakuramasamune.co.jp/,sake,兵庫県神戸市東灘区に蔵を構える櫻正宗株式会社は、寛永2年（1625年）創業の歴史を誇る老舗酒蔵です。その後、酒造に重きを置き、1717（享保2）年に初代山邑太左衛門を名乗り、創業しました。その頃、六代目太左衛門は当時の酒銘「薪水」が 女性的で酒客の好みに合わないことから 醸造法の改良とともに酒銘の検討をしました。伝統の技を守りつつ、現代の食文化に寄り添う高品質な美酒を醸し続けています。,0,draft,0.95,kumiai_hyogo_detail,櫻正宗は、寛永二年（1625年）創醸,2026-07-05 11:17:54,2026-08-02 06:37:42,34.6872,135.1767,1625,0,0
628,7140001008307,日本盛株式会社,日本盛,,兵庫県,西宮市,〒662-8521 兵庫県西宮市用海町4番57号,1889,http://www.nihonsakari.co.jp/,sake,兵庫県西宮市に蔵を構える日本盛株式会社は、明治22年（1889年）創業の歴史を誇る老舗酒蔵です。仕込み水には良質な灘の宮水（六甲山系伏流水）（中硬水）を使用し、丹波杜氏の伝統の技を受け継ぎながら、米の旨味を引き出す真摯な酒造りを追求しています。伝統の技を守りつつ、現代の食文化に寄り添う高品質な美酒を醸し続けています。,0,draft,0.95,kumiai_hyogo_detail,1889年に西宮の青年実業家有志が地域に貢献する事業として創業,2026-07-05 11:17:54,2026-08-02 06:37:42,34.6889,135.1798,1889,1,1
629,,國産酒造株式会社,國産酒造,,兵庫県,西宮市,〒662-0922 兵庫県西宮市東町1丁目12番34号,1861,,sake,兵庫県西宮市に蔵を構える國産酒造株式会社は、文久元年（1861年）創業の歴史を誇る老舗酒蔵です。仕込み水には良質な六甲山系宮水・播磨揖保川水系伏流水（中硬水）を使用し、丹波杜氏の伝統の技を受け継ぎながら、米の旨味を引き出す真摯な酒造りを追求しています。伝統の技を守りつつ、現代の食文化に寄り添う高品質な美酒を醸し続けています。,0,draft,0.9,kumiai_hyogo_detail,創業は江戸時代の末期、文久元年(1861年),2026-07-05 11:17:54,2026-08-02 06:37:40,34.6906,135.1829,1861,0,0
630,,木谷酒造株式会社,木谷酒造,,兵庫県,西宮市,〒662-0928 兵庫県西宮市石在町14番5号,1833,https://kiichi-osake.jp/,sake,兵庫県西宮市に蔵を構える木谷酒造株式会社は、天保4年（1833年）創業の歴史を誇る老舗酒蔵です。最終手段とプロの技 網戸のつけ方完全ガイド初心者でも簡単。嫌いなものを使った簡単な対策法 エアコン隠蔽配管のリフォーム費用を抑える裏技 夜に洗濯物を干すとゴキブリの侵入リスクが上がる。伝統の技を守りつつ、現代の食文化に寄り添う高品質な美酒を醸し続けています。,0,draft,0.9,kumiai_hyogo_detail,木谷酒造は、天保4年（1833年）灘西宮で創業,2026-07-05 11:17:54,2026-08-02 06:37:42,34.6923,135.186,1833,0,0
631,,本野田酒造株式会社,本野田酒造,,兵庫県,西宮市,〒662-0927 兵庫県西宮市久保町4番9号,1910,https://www.saketime.com/breweries/631,sake,兵庫県西宮市に蔵を構える本野田酒造株式会社は、明治43年（1910年）創業の歴史を誇る老舗酒蔵です。仕込み水には良質な六甲山系宮水・播磨揖保川水系伏流水（中硬水）を使用し、丹波杜氏の伝統の技を受け継ぎながら、米の旨味を引き出す真摯な酒造りを追求しています。伝統の技を守りつつ、現代の食文化に寄り添う高品質な美酒を醸し続けています。,0,draft,0.75,kumiai_hyogo_detail,本野田酒造株式会社 ●所在地 西宮市久保町,2026-07-05 11:17:54,2026-08-02 06:37:40,34.694,135.1891,1910,0,0
632,,白鷹株式会社,白鷹,,兵庫県,西宮市,〒662-0942 兵庫県西宮市浜町1番1号,1862,http://www.hakutaka.jp/,sake,兵庫県西宮市に蔵を構える白鷹株式会社は、文久2年（1862年）創業の歴史を誇る老舗酒蔵です。自家醸造100％で本当に自信のある本物の“生粋の灘酒”だけを創業以来提供し続けてきた白鷹が、皆様にこだわりの逸品をお届けいたします。白鷹3代目　辰馬悦蔵が蒐集した考古資料から縄文土器や銅鐸を中心に、初代辰馬悦叟が蒐集した富岡鉄斎作品まで、これまでは分野•テーマ別に開催していた収蔵品を同時に出品する展観です。伝統の技を守りつつ、現代の食文化に寄り添う高品質な美酒を醸し続けています。,0,draft,0.95,kumiai_hyogo_detail,1862年（文久2年）初代辰馬悦蔵が西宮の現在地に白鷹を創業,2026-07-05 11:17:54,2026-08-02 06:37:42,34.6957,135.1922,1862,0,0
633,3140001008139,辰馬本家酒造株式会社,辰馬本家酒造,,兵庫県,西宮市,〒662-0943 兵庫県西宮市建石町2番10号,1662,https://www.hakushika.co.jp/,sake,兵庫県西宮市に蔵を構える辰馬本家酒造株式会社は、寛文2年（1662年）創業の歴史を誇る老舗酒蔵です。創業以来360年以上の伝統を守り、次代へ継承していくことは大切なことと考えます。しかし、私どもは、この伝統にあぐらをかくことなく、企業内の人材の育成に努め企業力の充実をはかるとともに、常に次代を指向する企業、グループでありたいと考えます。歴史ある建造物は白鹿記念酒造博物館としても親しまれており、伝統と革新を融合させた味わいを全国の日本酒ファンへ届けています。,0,draft,1.0,kumiai_hyogo_detail,1662年（寛文二年）創業　350年以上、西宮の地で日本酒を醸し,2026-07-05 11:17:54,2026-08-02 06:37:42,34.6974,135.1753,1662,0,0
634,,松竹梅酒造株式会社,松竹梅酒造,,兵庫県,西宮市,〒662-0942 兵庫県西宮市浜町13番10号,1910,http://www.nadaichi.com/,sake,"兵庫県西宮市に蔵を構える松竹梅酒造株式会社は、明治43年（1910年）創業の歴史を誇る老舗酒蔵です。灘五郷の風土が際立つ灘の酒 2,055円税込みtax included 灘五郷の風土、厳選したお米と仕込み水としての宮水。フレッシュでさわやかな本醸造酒 501円税込みtax included 良質の酒米で作った酒を生のまま低温で熟成させ、瓶詰め時に低温瞬間殺菌しました。伝統の技を守りつつ、現代の食文化に寄り添う高品質な美酒を醸し続けています。",0,draft,0.9,kumiai_hyogo_detail,松竹梅酒造株式会社 ●所在地 西宮市浜町,2026-07-05 11:17:54,2026-08-02 06:37:42,34.6991,135.1784,1910,0,0
635,,大澤本家酒造株式会社,大沢本家酒造,,兵庫県,西宮市,〒662-0922 兵庫県西宮市東町1-13-28,1770,http://ohsawasyuzo.com/,sake,兵庫県西宮市に蔵を構える大澤本家酒造株式会社は、明和7年（1770年）創業の歴史を誇る老舗酒蔵です。創業からの歴史を記した家系図があり、現在の当主は九代目になります。「寳娘」の名前は大澤本家酒造初代・華屋清助が見た、めでたい夢から命名されました。伝統の技を守りつつ、現代の食文化に寄り添う高品質な美酒を醸し続けています。,0,draft,0.9,kumiai_hyogo_detail,大澤本家酒造は創業250年、1770年（明和7年）に堺・宿院で創業,2026-07-05 11:17:54,2026-08-02 06:37:42,34.7008,135.1815,1770,0,0
636,,北山酒造株式会社,北山酒造,,兵庫県,西宮市,〒662-0947 兵庫県西宮市宮前町8番3号,1919,http://bijinclub-shimabijin.co.jp,sake,兵庫県西宮市に蔵を構える北山酒造株式会社は、大正8年（1919年）創業の歴史を誇る老舗酒蔵です。仕込み水には良質な六甲山系宮水・播磨揖保川水系伏流水（中硬水）を使用し、丹波杜氏の伝統の技を受け継ぎながら、米の旨味を引き出す真摯な酒造りを追求しています。伝統の技を守りつつ、現代の食文化に寄り添う高品質な美酒を醸し続けています。,0,draft,0.9,kumiai_hyogo_detail,大正８年に創業した島美人,2026-07-05 11:17:54,2026-08-02 06:37:42,34.6825,135.1846,1919,0,0
637,,万代大澤醸造株式会社,万代大沢醸造,,兵庫県,西宮市,〒662-0922 兵庫県西宮市東町1丁目13番25号,1910,https://tokuwaka.storeinfo.jp/,sake,兵庫県西宮市に蔵を構える万代大澤醸造株式会社は、明治43年（1910年）創業の歴史を誇る老舗酒蔵です。仕込み水には良質な六甲山系宮水・播磨揖保川水系伏流水（中硬水）を使用し、丹波杜氏の伝統の技を受け継ぎながら、米の旨味を引き出す真摯な酒造りを追求しています。伝統の技を守りつつ、現代の食文化に寄り添う高品質な美酒を醸し続けています。,0,draft,0.9,kumiai_hyogo_detail,万代大澤醸造株式会社 ●所在地 西宮市東町,2026-07-05 11:17:54,2026-08-02 06:37:41,34.6842,135.1877,1910,0,0
638,4140001008064,大関株式会社,大関,,兵庫県,西宮市,〒663-8227 兵庫県西宮市今津出在家町4-9,1711,https://www.ozeki.co.jp/,sake,兵庫県西宮市に蔵を構える大関株式会社は、正徳元年（1711年）創業の歴史を誇る老舗酒蔵です。Branpal.（ブランパル） 米と発酵由来のうるおい成分に着目したスキンケアブランド。1711年の創醸以来研ぎ澄ましてきた、酒造りの確かな技術。伝統の技を守りつつ、現代の食文化に寄り添う高品質な美酒を醸し続けています。,0,draft,1.0,kumiai_hyogo_detail,大関は正徳元年（1711年）に創業以来,2026-07-05 11:17:54,2026-08-02 06:37:42,34.6859,135.1908,1711,1,1
639,,今津酒造株式会社,今津酒造,,兵庫県,西宮市,〒663-8229 兵庫県西宮市今津社前町5番22号,1910,https://www.saketime.com/breweries/639,sake,兵庫県西宮市に蔵を構える今津酒造株式会社は、明治43年（1910年）創業の歴史を誇る老舗酒蔵です。仕込み水には良質な六甲山系宮水・播磨揖保川水系伏流水（中硬水）を使用し、丹波杜氏の伝統の技を受け継ぎながら、米の旨味を引き出す真摯な酒造りを追求しています。伝統の技を守りつつ、現代の食文化に寄り添う高品質な美酒を醸し続けています。,0,draft,0.85,kumiai_hyogo_detail,今津酒造株式会社 ●所在地 西宮市今津社前町,2026-07-05 11:17:54,2026-08-02 06:37:40,34.6876,135.1739,1910,0,0
640,,千年一酒造株式会社,千年一酒造,,兵庫県,淡路市,淡路市久留麻2485-1,1875,http://www.sennenichi.co.jp/,sake,兵庫県淡路市に蔵を構える千年一酒造株式会社は、明治8年（1875年）創業の歴史を誇る老舗酒蔵です。ふらりと立ち寄れる伝統ある酒蔵 創業一四七年に渡る伝統的な蔵の雰囲気を感じながら、淡路島でしか飲めない酒を無料で試飲していただけます。伝統の技を守りつつ、現代の食文化に寄り添う高品質な美酒を醸し続けています。,0,draft,0.9,kumiai_hyogo_detail,創業明治八年、昔ながらの造り酒屋と呼ぶにふさわしい,2026-07-05 11:17:54,2026-08-02 06:37:42,34.6893,135.177,1875,0,0
641,,都美人酒造株式会社,都美人酒造,,兵庫県,南あわじ市,南あわじ市榎列西川247,1910,http://www.miyakobijin.co.jp/,sake,兵庫県南あわじ市に蔵を構える都美人酒造株式会社は、明治43年（1910年）創業の歴史を誇る老舗酒蔵です。仕込み水には良質な六甲山系宮水・播磨揖保川水系伏流水（中硬水）を使用し、丹波杜氏の伝統の技を受け継ぎながら、米の旨味を引き出す真摯な酒造りを追求しています。伝統の技を守りつつ、現代の食文化に寄り添う高品質な美酒を醸し続けています。,0,draft,0.8,kumiai_hyogo_detail,山廃仕込みを創業以来かたくなに守り,2026-07-05 11:17:54,2026-08-02 06:37:42,34.691,135.1801,1910,0,0
642,,香住鶴株式会社,香住鶴,,兵庫県,美方郡香美町,美方郡香美町香住区小原600-2,1910,http://www.fukuchiya.co.jp/,sake,兵庫県美方郡香美町に蔵を構える香住鶴株式会社は、明治43年（1910年）創業の歴史を誇る老舗酒蔵です。仕込み水には良質な六甲山系宮水・播磨揖保川水系伏流水（中硬水）を使用し、丹波杜氏の伝統の技を受け継ぎながら、米の旨味を引き出す真摯な酒造りを追求しています。伝統の技を守りつつ、現代の食文化に寄り添う高品質な美酒を醸し続けています。,0,draft,0.85,kumiai_hyogo_detail,『香住鶴』は、兵庫県の北部旧香美町にて古来より伝わる,2026-07-05 11:17:54,2026-08-02 06:37:42,34.6927,135.1832,1910,0,0
643,,田治米合名会社,田治米,,兵庫県,朝来市,朝来市山東町矢名瀬町545,1910,http://www.chikusen-1702.com/,sake,兵庫県朝来市に蔵を構える田治米合名会社は、明治43年（1910年）創業の歴史を誇る老舗酒蔵です。銘酒　「竹泉」 の製造・販売の酒蔵の田治米合名会社は創業元禄十五年、三百年の伝統を誇る老舗。伝統の技を守りつつ、現代の食文化に寄り添う高品質な美酒を醸し続けています。,0,draft,0.9,kumiai_hyogo_detail,田治米合名会社 ●所在地 朝来市山東町矢名瀬町,2026-07-05 11:17:54,2026-08-02 06:37:42,34.6944,135.1863,1910,0,0
644,,此の友酒造株式会社,此の友酒造,,兵庫県,朝来市,朝来市山東町矢名瀬町508,1690,http://www.konotomo.jp,sake,兵庫県朝来市に蔵を構える此の友酒造株式会社は、元禄3年（1690年）創業の歴史を誇る老舗酒蔵です。和をもって、米にこだわり、水にこだわり、 技を磨き、人の心を打つ酒造り 地元産の酒米と兵庫の分水嶺に位置する粟鹿山から湧き出る天然水を使用し、杜氏は長年の経験に裏付けされた技術を一心に注ぎ込みます。旨さの秘密（此の友の酒造り） 昔ながらの製法にこだわり、低温でじっくり発酵させます。伝統の技を守りつつ、現代の食文化に寄り添う高品質な美酒を醸し続けています。,0,draft,0.9,kumiai_hyogo_detail,元禄三年、自然に恵まれた兵庫県北部、但馬地方に創業,2026-07-05 11:17:54,2026-08-02 06:37:42,34.6961,135.1894,1690,0,0
645,,出石酒造有限会社,出石酒造,,兵庫県,豊岡市,豊岡市出石町魚屋114-1,1708,,sake,兵庫県豊岡市に蔵を構える出石酒造有限会社は、宝永5年（1708年）創業の歴史を誇る老舗酒蔵です。仕込み水には良質な六甲山系宮水・播磨揖保川水系伏流水（中硬水）を使用し、丹波杜氏の伝統の技を受け継ぎながら、米の旨味を引き出す真摯な酒造りを追求しています。伝統の技を守りつつ、現代の食文化に寄り添う高品質な美酒を醸し続けています。,0,draft,0.9,kumiai_hyogo_detail,1708年（宝永5年）出石城のお殿様に酒を献上する為に創業,2026-07-05 11:17:54,2026-08-02 06:37:42,34.6978,135.1925,1708,0,0
646,,八鹿酒造有限会社,八鹿酒造,,兵庫県,養父市,養父市八鹿町九鹿461-1,1910,https://www.saketime.com/breweries/646,sake,兵庫県養父市に蔵を構える八鹿酒造有限会社は、明治43年（1910年）創業の歴史を誇る老舗酒蔵です。仕込み水には良質な六甲山系宮水・播磨揖保川水系伏流水（中硬水）を使用し、丹波杜氏の伝統の技を受け継ぎながら、米の旨味を引き出す真摯な酒造りを追求しています。伝統の技を守りつつ、現代の食文化に寄り添う高品質な美酒を醸し続けています。,0,draft,0.75,kumiai_hyogo_detail,八鹿酒造有限会社 ●所在地 養父市八鹿町九鹿,2026-07-05 11:17:54,2026-08-02 06:37:42,34.6995,135.1756,1910,0,0
647,,銀海酒造有限会社,銀海酒造,,兵庫県,養父市,養父市関宮756-5,1910,http://ginkai-syuzo.com/,sake,兵庫県養父市に蔵を構える銀海酒造有限会社は、明治43年（1910年）創業の歴史を誇る老舗酒蔵です。仕込み水には良質な六甲山系宮水・播磨揖保川水系伏流水（中硬水）を使用し、丹波杜氏の伝統の技を受け継ぎながら、米の旨味を引き出す真摯な酒造りを追求しています。伝統の技を守りつつ、現代の食文化に寄り添う高品質な美酒を醸し続けています。,0,draft,0.8,kumiai_hyogo_detail,兵庫の屋根、氷ノ山のふもとにある小さな酒蔵,2026-07-05 11:17:54,2026-08-02 06:37:42,34.7012,135.1787,1910,0,0
648,,神崎酒造有限会社,神崎酒造,,兵庫県,姫路市,姫路市船津町2033,1875,http://www1.winknet.ne.jp/~carrot/k-osake1.html,sake,兵庫県姫路市に蔵を構える神崎酒造有限会社は、明治8年（1875年）創業の歴史を誇る老舗酒蔵です。仕込み水には良質な六甲山系宮水・播磨揖保川水系伏流水（中硬水）を使用し、丹波杜氏の伝統の技を受け継ぎながら、米の旨味を引き出す真摯な酒造りを追求しています。伝統の技を守りつつ、現代の食文化に寄り添う高品質な美酒を醸し続けています。,0,draft,0.85,kumiai_hyogo_detail,明治8年に播磨地域の酒米を利用して…「岡庭酒造店」として酒造業をスタート,2026-07-05 11:17:54,2026-08-02 06:37:42,34.6829,135.1818,1875,0,0
649,,名城酒造株式会社,名城酒造,,兵庫県,姫路市,姫路市豊富町豊富2222-5,1864,http://meijoshuzou.co.jp/,sake,兵庫県姫路市に蔵を構える名城酒造株式会社は、元治元年（1864年）創業の歴史を誇る老舗酒蔵です。名城酒造は、140年以上にわたって伝統の味を守り続け、播州一の生産量を誇っています。伝統の技を守りつつ、現代の食文化に寄り添う高品質な美酒を醸し続けています。,0,draft,0.9,kumiai_hyogo_detail,姫路城】にちなみ元治元年（1864年）に【名城】と名づけられました,2026-07-05 11:17:54,2026-08-02 06:37:42,34.6846,135.1849,1864,0,0
650,,壺坂酒造株式会社,壺坂酒造,,兵庫県,姫路市,姫路市夢前町前之庄1418-1,1805,http://seppiko.shop-pro.jp/,sake,兵庫県姫路市に蔵を構える壺坂酒造株式会社は、文化2年（1805年）創業の歴史を誇る老舗酒蔵です。播磨・夢前の気候風土をお酒に伝える昔ながらの技術です。伝統の技を守りつつ、現代の食文化に寄り添う高品質な美酒を醸し続けています。,0,draft,0.9,kumiai_hyogo_detail,文化2年（1805年）創業。夢前町の気候風土に一切を預ける自然発酵,2026-07-05 11:17:54,2026-08-02 06:37:42,34.6863,135.188,1805,0,0
651,,ヤヱガキ酒造株式会社,ヤヱガキ酒造,,兵庫県,姫路市,姫路市林田町六九谷681,1666,http://www.yaegaki.jp/,sake,"兵庫県姫路市に蔵を構えるヤヱガキ酒造株式会社は、寛文6年（1666年）創業の歴史を誇る老舗酒蔵です。1,001円〜2,000円 2,001円〜3,000円 3,001円〜5,000円 本場で育まれた酒米の王様「山田錦」、 名勝「鹿ヶ壺」を源流とする揖保川系林田川の伏流水、 そして「寒仕込み」を究める蔵人の技と矜持。伝統の技を守りつつ、現代の食文化に寄り添う高品質な美酒を醸し続けています。",0,draft,0.9,kumiai_hyogo_detail,「八重墻」は、寛文6年（1666年）に播州林田で創業,2026-07-05 11:17:54,2026-08-02 06:37:42,34.688,135.1911,1666,0,0
652,,株式会社本田商店,本田商店,,兵庫県,姫路市,姫路市網干区高田361-1,1921,https://www.tatsuriki.com/,sake,兵庫県姫路市に蔵を構える株式会社本田商店は、大正10年（1921年）創業の歴史を誇る老舗酒蔵です。仕込み水には良質な六甲山系宮水・播磨揖保川水系伏流水（中硬水）を使用し、丹波杜氏の伝統の技を受け継ぎながら、米の旨味を引き出す真摯な酒造りを追求しています。伝統の技を守りつつ、現代の食文化に寄り添う高品質な美酒を醸し続けています。,0,draft,1.0,kumiai_hyogo_detail,網干の地に酒蔵を創ったのは大正10年（1921年）,2026-07-05 11:17:54,2026-08-02 06:37:42,34.6897,135.1742,1921,0,0
653,,田中酒造場,田中酒造場,,兵庫県,姫路市,姫路市広畑区本町3-583,1835,,sake,岡山県美作市に蔵を構える田中酒造場は、明治43年（1910年）創業の歴史を誇る老舗酒蔵です。田中酒造場/岡山県美作市の酒蔵 伝統の技法を守り続けて130年余(明治18年/1885年創業)の蔵元です。創業以来の銘柄で地元大原町・西粟倉・東粟倉を中心に美作町・兵庫県佐用方面までご愛飲いただいております。伝統の技を守りつつ、現代の食文化に寄り添う高品質な美酒を醸し続けています。,0,draft,0.85,kumiai_hyogo_detail,創業天保6年（1835年）以来、先人達の素晴らしい伝統の技,2026-07-05 11:17:54,2026-08-02 06:37:42,34.6914,135.1773,1835,0,0
654,,姫路灘菊酒造株式会社,姫路灘菊酒造,,兵庫県,姫路市,姫路市手柄1-121,1910,http://www.nadagiku.co.jp/,sake,兵庫県姫路市に蔵を構える姫路灘菊酒造株式会社は、明治43年（1910年）創業の歴史を誇る老舗酒蔵です。小仕込みから生まれた姫路限定の日本酒 姫路灘菊酒造のこだわり 蔵元ごあいさつ会社概要 灘菊・MISA・リキュール 甘酒・酒粕・美容の日本酒 灘菊酒造オリジナルグッズ オリジナルラベル(個人・法人） オリジナル名入れラベル １本から可能。伝統の技を守りつつ、現代の食文化に寄り添う高品質な美酒を醸し続けています。,0,draft,0.85,kumiai_hyogo_detail,明治43年創業　お酒と食文化のハーモニー,2026-07-05 11:17:54,2026-08-02 06:37:42,34.6931,135.1804,1910,0,0
655,,株式会社下村酒造店,下村酒造店,,兵庫県,姫路市,姫路市安富町安志957,1884,http://www.okuharima.jp/,sake,兵庫県姫路市に蔵を構える株式会社下村酒造店は、明治17年（1884年）創業の歴史を誇る老舗酒蔵です。代々伝わる「手造りに秀でる技はなし」の家訓を守り、手造りによる伝統の酒造りを丁寧に守り続けています。醸造用アルコールなどの添加物は一切しようしていません。伝統の技を守りつつ、現代の食文化に寄り添う高品質な美酒を醸し続けています。,0,draft,0.9,kumiai_hyogo_detail,株式会社下村酒造店は創業明治17年,2026-07-05 11:17:54,2026-08-02 06:37:42,34.6948,135.1835,1884,0,0
656,,山陽盃酒造株式会社,山陽盃酒造,,兵庫県,宍粟市,宍粟市山崎町山崎28,1837,http://www.sanyouhai.com/,sake,兵庫県宍粟市に蔵を構える山陽盃酒造株式会社は、天保8年（1837年）創業の歴史を誇る老舗酒蔵です。185年以上培ってきた日本酒の醸造技術を活かして、杜氏が研究し尽くし、たどり着いたシードルは「香りが爽やかで、透明感ある味わい」。そのために新旧の技術を駆使し、手間ひま惜しまず、真剣に目の前の酒と向き合って酒づくりしています。伝統の技を守りつつ、現代の食文化に寄り添う高品質な美酒を醸し続けています。,0,draft,0.95,kumiai_hyogo_detail,天保8年（1837年）に創業し、手間・ひまを惜しまずを信条に,2026-07-05 11:17:54,2026-08-02 06:37:42,34.6965,135.1866,1837,0,0
657,,老松酒造有限会社,老松酒造,,兵庫県,宍粟市,宍粟市山崎町山崎12,1910,http://www.s-oimatsu.com/,sake,兵庫県宍粟市に蔵を構える老松酒造有限会社は、明治43年（1910年）創業の歴史を誇る老舗酒蔵です。仕込み水には良質な六甲山系宮水・播磨揖保川水系伏流水（中硬水）を使用し、丹波杜氏の伝統の技を受け継ぎながら、米の旨味を引き出す真摯な酒造りを追求しています。伝統の技を守りつつ、現代の食文化に寄り添う高品質な美酒を醸し続けています。,0,draft,0.8,kumiai_hyogo_detail,創業250年、宍粟市の美味しい水で日本酒を造り続けています,2026-07-05 11:17:54,2026-08-02 06:37:42,34.6982,135.1897,1910,0,0
658,,奥藤商事株式会社,奥藤商事,,兵庫県,赤穂市,赤穂市坂越1419-1,1601,,sake,兵庫県赤穂市に蔵を構える奥藤商事株式会社は、慶長6年（1601年）創業の歴史を誇る老舗酒蔵です。仕込み水には良質な六甲山系宮水・播磨揖保川水系伏流水（中硬水）を使用し、丹波杜氏の伝統の技を受け継ぎながら、米の旨味を引き出す真摯な酒造りを追求しています。伝統の技を守りつつ、現代の食文化に寄り添う高品質な美酒を醸し続けています。,0,draft,0.85,kumiai_hyogo_detail,慶長六年（1601）から酒造りを続けるほぼ400年続く造り酒屋,2026-07-05 11:17:54,2026-08-02 06:37:42,34.6999,135.1928,1601,0,0
659,,株式会社西山酒造場,西山酒造場,,兵庫県,丹波市,丹波市市島町中竹田1171,1849,http://www.kotsuzumi.co.jp/officialweb/,sake,兵庫県丹波市に蔵を構える株式会社西山酒造場は、嘉永2年（1849年）創業の歴史を誇る老舗酒蔵です。仕込み水には良質な六甲山系宮水・播磨揖保川水系伏流水（中硬水）を使用し、丹波杜氏の伝統の技を受け継ぎながら、米の旨味を引き出す真摯な酒造りを追求しています。伝統の技を守りつつ、現代の食文化に寄り添う高品質な美酒を醸し続けています。,0,draft,0.9,kumiai_hyogo_detail,西山酒造場は1849年創業の造り酒屋です,2026-07-05 11:17:54,2026-08-02 06:37:42,34.6816,135.1759,1849,0,0
660,,山名酒造株式会社,山名酒造,,兵庫県,丹波市,丹波市市島町上田211,1910,http://www.okutamba.co.jp,sake,兵庫県丹波市に蔵を構える山名酒造株式会社は、明治43年（1910年）創業の歴史を誇る老舗酒蔵です。仕込み水には良質な六甲山系宮水・播磨揖保川水系伏流水（中硬水）を使用し、丹波杜氏の伝統の技を受け継ぎながら、米の旨味を引き出す真摯な酒造りを追求しています。伝統の技を守りつつ、現代の食文化に寄り添う高品質な美酒を醸し続けています。,0,draft,0.85,kumiai_hyogo_detail,創業以来300年以上…丹波地方最古の蔵,2026-07-05 11:17:54,2026-08-02 06:37:42,34.6833,135.179,1910,0,0
661,,鴨庄酒造株式会社,鴨庄酒造,,兵庫県,丹波市,丹波市市島町上牧661-1,1867,https://www.saketime.com/breweries/661,sake,兵庫県丹波市に蔵を構える鴨庄酒造株式会社は、慶応3年（1867年）創業の歴史を誇る老舗酒蔵です。仕込み水には良質な六甲山系宮水・播磨揖保川水系伏流水（中硬水）を使用し、丹波杜氏の伝統の技を受け継ぎながら、米の旨味を引き出す真摯な酒造りを追求しています。伝統の技を守りつつ、現代の食文化に寄り添う高品質な美酒を醸し続けています。,0,draft,0.9,kumiai_hyogo_detail,創業1867年（慶応3年）。古来より聖地の鴨庄村,2026-07-05 11:17:54,2026-08-02 06:37:42,34.685,135.1821,1867,0,0
662,,鳳鳴酒造株式会社,鳳鳴酒造,,兵庫県,丹波篠山市,丹波篠山市呉服町73番地,1797,http://houmei.wixsite.com/houmeisyuzou/,sake,兵庫県丹波篠山市に蔵を構える鳳鳴酒造株式会社は、寛政9年（1797年）創業の歴史を誇る老舗酒蔵です。仕込み水には良質な六甲山系宮水・播磨揖保川水系伏流水（中硬水）を使用し、丹波杜氏の伝統の技を受け継ぎながら、米の旨味を引き出す真摯な酒造りを追求しています。伝統の技を守りつつ、現代の食文化に寄り添う高品質な美酒を醸し続けています。,0,draft,0.9,kumiai_hyogo_detail,寛政九年（1797年）の創業以来「酒は文化なり」,2026-07-05 11:17:54,2026-08-02 06:37:42,34.6867,135.1852,1797,0,0
663,,狩場一酒造株式会社,狩場一酒造,,兵庫県,丹波篠山市,丹波篠山市波賀野500,1910,http://www.syuugetu.jp/,sake,兵庫県丹波篠山市に蔵を構える狩場一酒造株式会社は、明治43年（1910年）創業の歴史を誇る老舗酒蔵です。仕込み水には良質な六甲山系宮水・播磨揖保川水系伏流水（中硬水）を使用し、丹波杜氏の伝統の技を受け継ぎながら、米の旨味を引き出す真摯な酒造りを追求しています。伝統の技を守りつつ、現代の食文化に寄り添う高品質な美酒を醸し続けています。,0,draft,0.8,kumiai_hyogo_detail,山々に囲まれた自然豊かな丹波篠山で「こだわりの地酒　秀月」,2026-07-05 11:17:54,2026-08-02 06:37:42,34.6884,135.1883,1910,0,0
664,,櫻酒造株式会社,櫻酒造,,兵庫県,丹波篠山市,丹波篠山市井ノ上字長屋ノ坪182-1,1910,,sake,兵庫県丹波篠山市に蔵を構える櫻酒造株式会社は、明治43年（1910年）創業の歴史を誇る老舗酒蔵です。仕込み水には良質な六甲山系宮水・播磨揖保川水系伏流水（中硬水）を使用し、丹波杜氏の伝統の技を受け継ぎながら、米の旨味を引き出す真摯な酒造りを追求しています。伝統の技を守りつつ、現代の食文化に寄り添う高品質な美酒を醸し続けています。,0,draft,0.75,kumiai_hyogo_detail,白鶴酒造の原酒製造を主とし、純米酒「櫻一文字」の製造販売,2026-07-05 11:17:54,2026-08-02 06:37:42,34.6901,135.1914,1910,0,0
665,3130001004732,黄桜株式会社 丹波工場,黄桜丹波工場,丹波工場,兵庫県,丹波篠山市,丹波篠山市今田町本荘堂ヶ谷1-19,1925年 (大正14年),http://www.kizakura.co.jp/,sake,兵庫県丹波篠山市に蔵を構える黄桜株式会社 丹波工場は、1925年 (大正14年)年に創業しました。仕込み水には良質な伏見の伏水（カッパ水）（中硬水）を使用し、丹波杜氏の伝統の技を受け継ぎながら、米の旨味を引き出す真摯な酒造りを追求しています。伝統の技を守りつつ、現代の食文化に寄り添う高品質な美酒を醸し続けています。,0,draft,0.75,kumiai_hyogo_detail,黄桜株式会社 丹波工場 ●所在地 丹波篠山市今田町,2026-07-05 11:17:54,2026-08-02 06:37:42,34.6918,135.1745,1925年 (大正14年),1,1
666,,神結酒造株式会社,神結酒造,,兵庫県,加東市,加東市下滝野474,1910,https://www.kamimusubi.co.jp/,sake,兵庫県加東市に蔵を構える神結酒造株式会社は、明治43年（1910年）創業の歴史を誇る老舗酒蔵です。仕込み水には良質な六甲山系宮水・播磨揖保川水系伏流水（中硬水）を使用し、丹波杜氏の伝統の技を受け継ぎながら、米の旨味を引き出す真摯な酒造りを追求しています。伝統の技を守りつつ、現代の食文化に寄り添う高品質な美酒を醸し続けています。,0,draft,0.8,kumiai_hyogo_detail,酒米の王者「山田錦」の産地・加東市の酒蔵です,2026-07-05 11:17:54,2026-08-02 06:37:42,34.6935,135.1776,1910,0,0
667,,三宅酒造株式会社,三宅酒造,,兵庫県,加西市,加西市中野町917,1819,,sake,兵庫県加西市に蔵を構える三宅酒造株式会社は、文政2年（1819年）創業の歴史を誇る老舗酒蔵です。仕込み水には良質な六甲山系宮水・播磨揖保川水系伏流水（中硬水）を使用し、丹波杜氏の伝統の技を受け継ぎながら、米の旨味を引き出す真摯な酒造りを追求しています。伝統の技を守りつつ、現代の食文化に寄り添う高品質な美酒を醸し続けています。,0,draft,0.85,kumiai_hyogo_detail,文政2年創業。日本を代表する酒米生産地の一角に位置し,2026-07-05 11:17:54,2026-08-02 06:37:42,34.6952,135.1807,1819,0,0
668,,富久錦株式会社,富久錦,,兵庫県,加西市,加西市三口町1048,1839,http://www.fukunishiki.co.jp/,sake,兵庫県加西市に蔵を構える富久錦株式会社は、天保10年（1839年）創業の歴史を誇る老舗酒蔵です。仕込み水には良質な六甲山系宮水・播磨揖保川水系伏流水（中硬水）を使用し、丹波杜氏の伝統の技を受け継ぎながら、米の旨味を引き出す真摯な酒造りを追求しています。伝統の技を守りつつ、現代の食文化に寄り添う高品質な美酒を醸し続けています。,0,draft,0.9,kumiai_hyogo_detail,1839年創業。酒米の生産地としても名高い兵庫県加西市,2026-07-05 11:17:54,2026-08-02 06:37:42,34.6969,135.1838,1839,0,0
669,,明石酒類醸造株式会社,明石酒類醸造,,兵庫県,明石市,明石市大蔵八幡町1-3,1910,https://www.akashi-tai.com/,sake,兵庫県明石市に蔵を構える明石酒類醸造株式会社は、明治43年（1910年）創業の歴史を誇る老舗酒蔵です。仕込み水には良質な六甲山系宮水・播磨揖保川水系伏流水（中硬水）を使用し、丹波杜氏の伝統の技を受け継ぎながら、米の旨味を引き出す真摯な酒造りを追求しています。伝統の技を守りつつ、現代の食文化に寄り添う高品質な美酒を醸し続けています。,0,draft,0.95,kumiai_hyogo_detail,明石酒類醸造株式会社 ●所在地 明石市大蔵八幡町,2026-07-05 11:17:54,2026-08-02 06:37:42,34.6986,135.1869,1910,0,0
670,,江井ヶ嶋酒造株式会社,江井ヶ島酒造,,兵庫県,明石市,明石市大久保町西島919,1910,https://www.ei-sake.jp/,sake,兵庫県明石市に蔵を構える江井ヶ嶋酒造株式会社は、明治43年（1910年）創業の歴史を誇る老舗酒蔵です。100年以上の歴史と誠実の心と技 原料となる米と水を厳選したこだわりの清酒。100年以上の歴史と誠実の心と技 原料となる米と水を厳選したこだわりの清酒。伝統の技を守りつつ、現代の食文化に寄り添う高品質な美酒を醸し続けています。,0,draft,0.8,kumiai_hyogo_detail,設立より100年以上にわたり、古き良きものを守り,2026-07-05 11:17:54,2026-08-02 06:37:42,34.7003,135.19,1910,0,0
671,,茨木酒造合名会社,茨木酒造,,兵庫県,明石市,明石市魚住町西岡1377,1848,http://www.rairaku.jp/,sake,兵庫県明石市に蔵を構える茨木酒造合名会社は、嘉永元年（1848年）創業の歴史を誇る老舗酒蔵です。兵庫県明石市の茨木酒造合名会社「来楽」 - 日本酒・甘酒・生原酒　創業1848年の酒蔵 兵庫県明石市の地酒なら茨木酒造「来楽」へ。さて、2025年も年の暮れが近づいてまいりましたが、毎年恒例となっております限定醸造酒「来楽　元日搾り」をお知らせいたします。伝統の技を守りつつ、現代の食文化に寄り添う高品質な美酒を醸し続けています。,0,draft,0.9,kumiai_hyogo_detail,1848年創業の酒蔵。製造量は年間200石,2026-07-05 11:17:54,2026-08-02 06:37:42,34.682,135.1731,1848,0,0
672,,西海酒造株式会社,西海酒造,,兵庫県,明石市,明石市魚住町金ヶ崎1350,1761,http://www.soranotsuru.com/,sake,兵庫県明石市に蔵を構える西海酒造株式会社は、宝暦11年（1761年）創業の歴史を誇る老舗酒蔵です。仕込み水には良質な六甲山系宮水・播磨揖保川水系伏流水（中硬水）を使用し、丹波杜氏の伝統の技を受け継ぎながら、米の旨味を引き出す真摯な酒造りを追求しています。伝統の技を守りつつ、現代の食文化に寄り添う高品質な美酒を醸し続けています。,0,draft,0.85,kumiai_hyogo_detail,創業は1761年享保元年（徳川八代将軍吉宗の時代）,2026-07-05 11:17:54,2026-08-02 06:37:42,34.6837,135.1762,1761,0,0
673,,大和酒造株式会社,大和酒造,,兵庫県,明石市,明石市大久保町西島1063番地2,1910,,sake,佐賀県佐賀市に位置する大和酒造株式会社は、昭和50年（1975年）に創業しました。大和酒造 – 公式サイト｜佐賀の銘酒「肥前杜氏」「菱娘」 Home酒への思い大和について 2023-11-25T15:46:31+09:00 日本で最初に稲作技術が伝えられたとされる佐賀の地で、大和は清酒と焼酎を製造しております。五つの系譜が培ってきた歴史と伝統を受け継ぎ、酒造りの心と技を磨き続けて参りました。伝統の技を守りつつ、現代の食文化に寄り添う高品質な美酒を醸し続けています。,0,draft,0.75,kumiai_hyogo_detail,終戦まで中国で酒造りをしていた会社が戦後、明石で創業,2026-07-05 11:17:54,2026-08-02 06:37:40,34.6854,135.1793,1910,0,0
674,,稲見酒造株式会社,稲見酒造,,兵庫県,三木市,三木市芝町2-29,1889,http://www.aoitsuru.co.jp/,sake,兵庫県三木市に蔵を構える稲見酒造株式会社は、明治22年（1889年）創業の歴史を誇る老舗酒蔵です。仕込み水には良質な六甲山系宮水・播磨揖保川水系伏流水（中硬水）を使用し、丹波杜氏の伝統の技を受け継ぎながら、米の旨味を引き出す真摯な酒造りを追求しています。伝統の技を守りつつ、現代の食文化に寄り添う高品質な美酒を醸し続けています。,0,draft,0.85,kumiai_hyogo_detail,1889年創業。葵鶴大吟古酒は、2016・2017連続IWCブロンズ賞を受賞,2026-07-05 11:17:54,2026-08-02 06:37:42,34.6871,135.1824,1889,0,0
675,,合名会社岡田本家,岡田本家,,兵庫県,加古川市,加古川市野口町良野1021,1874,http://www.okadahonke.jp/,sake,兵庫県加古川市に蔵を構える合名会社岡田本家は、明治7年（1874年）創業の歴史を誇る老舗酒蔵です。仕込み水には良質な六甲山系宮水・播磨揖保川水系伏流水（中硬水）を使用し、丹波杜氏の伝統の技を受け継ぎながら、米の旨味を引き出す真摯な酒造りを追求しています。伝統の技を守りつつ、現代の食文化に寄り添う高品質な美酒を醸し続けています。,0,draft,0.9,kumiai_hyogo_detail,明治７年から加古川市野口町良野で酒造りを行っています,2026-07-05 11:17:54,2026-08-02 06:37:42,34.6888,135.1855,1874,0,0
676,,キング醸造株式会社,キング醸造,,兵庫県,加古郡稲美町,加古郡稲美町蛸草321,1900,http://www.hinode-mirin.co.jp/,sake,埼玉県羽生市に蔵を構えるキング醸造株式会社は、明治33年（1900年）創業の歴史を誇る老舗酒蔵です。仕込み水には良質な秩父山系・荒川水系伏流水（中硬水）を使用し、南部杜氏・越後杜氏の伝統の技を受け継ぎながら、米の旨味を引き出す真摯な酒造りを追求しています。伝統の技を守りつつ、現代の食文化に寄り添う高品質な美酒を醸し続けています。,0,draft,0.85,kumiai_hyogo_detail,明治33年（1900年）みりんと焼酎の醸造業として創業,2026-07-05 11:17:54,2026-08-02 06:37:42,34.6905,135.1886,1900,0,0
677,,株式会社日本の古酒蔵,日本の古酒蔵,,兵庫県,加古川市,兵庫県加古川市野口町良野1056,1910,https://oldvintage.jp/,sake,兵庫県加古川市に蔵を構える株式会社日本の古酒蔵は、明治43年（1910年）創業の歴史を誇る老舗酒蔵です。各銘柄のラベルには熟成年代が記載されています。伝統の技を守りつつ、現代の食文化に寄り添う高品質な美酒を醸し続けています。,0,draft,0.85,kumiai_hyogo_detail,日本の古酒蔵では、日本初の古酒専門酒蔵として,2026-07-05 11:17:54,2026-08-02 06:37:40,34.6922,135.1917,1910,0,0
678,3140001007801,小西酒造株式会社,小西酒造,,兵庫県,伊丹市,伊丹市東有岡2-13,1550,http://www.konishi.co.jp/,sake,兵庫県伊丹市に蔵を構える小西酒造株式会社は、天文19年（1550年）創業の歴史を誇る老舗酒蔵です。「新雪(しんせつ)720ML瓶詰」2026年9月14日新発売 ビール製造を始めて30年以上の歴史を重ねた小西酒造が造る、こだわりのクラフトビール。「ITAMI BEER」やチルドビールの「スノーブロンシュ」「幸民麦酒」など、日本酒とベルギービールの醸造技術が融合した“余韻を楽しむ”味わいを、食事とともにゆったりとお楽しみください。伝統の技を守りつつ、現代の食文化に寄り添う高品質な美酒を醸し続けています。,0,draft,0.9,kumiai_hyogo_detail,1550年の創業時から「清酒発祥の地」と言われている伊丹,2026-07-05 11:17:54,2026-08-02 06:37:42,31.6212,130.3124,1550,1,1
679,,伊丹老松酒造株式会社,伊丹老松酒造,,兵庫県,伊丹市,伊丹市中央3-1-8,1910,https://oimatsu.biz/,sake,兵庫県伊丹市に蔵を構える伊丹老松酒造株式会社は、明治43年（1910年）創業の歴史を誇る老舗酒蔵です。仕込み水には良質な六甲山系宮水・播磨揖保川水系伏流水（中硬水）を使用し、丹波杜氏の伝統の技を受け継ぎながら、米の旨味を引き出す真摯な酒造りを追求しています。伝統の技を守りつつ、現代の食文化に寄り添う高品質な美酒を醸し続けています。,0,draft,0.75,kumiai_hyogo_detail,元禄十年（1697年）伊丹の酒屋のうち大手24軒に帯刀が許され,2026-07-05 11:17:54,2026-08-02 06:37:42,34.6956,135.1779,1910,0,0
680,,川辺酒造有限会社,川辺酒造,,兵庫県,川辺郡猪名川町,川辺郡猪名川町木津字南垣内9-2,1910,http://www.hanagoromo.co.jp/,sake,兵庫県川辺郡猪名川町に蔵を構える川辺酒造有限会社は、明治43年（1910年）創業の歴史を誇る老舗酒蔵です。仕込み水には良質な六甲山系宮水・播磨揖保川水系伏流水（中硬水）を使用し、丹波杜氏の伝統の技を受け継ぎながら、米の旨味を引き出す真摯な酒造りを追求しています。伝統の技を守りつつ、現代の食文化に寄り添う高品質な美酒を醸し続けています。,0,draft,0.8,kumiai_hyogo_detail,地酒「清酒花衣」の蔵元は安永年間に創業,2026-07-05 11:17:54,2026-08-02 06:37:42,34.6973,135.181,1910,0,0
681,,岡村酒造場,岡村酒造場,,兵庫県,三田市,三田市木器340,1889,http://www.eonet.ne.jp/~okamura-sake/,sake,兵庫県三田市に蔵を構える岡村酒造場は、明治22年（1889年）創業の歴史を誇る老舗酒蔵です。岡村酒造場は、兵庫県三田市の清酒「千鳥正宗」醸造元です。代々受け継がれ130年以上酒造りを続けています。伝統の技を守りつつ、現代の食文化に寄り添う高品質な美酒を醸し続けています。,0,draft,0.85,kumiai_hyogo_detail,明治22年創業、人口増加率№1だったニュータウンとは違う,2026-07-05 11:17:54,2026-08-02 06:37:42,34.699,135.1841,1889,0,0
851,5390003000879,長沼合名会社,長沼(名),,山形県,長井市,〒993-0086山形県長井市十日町一丁目1-39,1916,https://www.soumura.com/,sake,山形県長井市に蔵を構える長沼合名会社は、大正5年（1916年）創業の歴史を誇る老舗酒蔵です。仕込み水には良質な月山・出羽三山・鳥海山雪解け伏流水（軟水）を使用し、山内杜氏・蔵元杜氏の伝統の技を受け継ぎながら、米の旨味を引き出す真摯な酒造りを追求しています。伝統の技を守りつつ、現代の食文化に寄り添う高品質な美酒を醸し続けています。,0,draft,0.95,kumiai_yamagata_detail,〒993-0086山形県長井市十日町一丁目1-39 / 0238-88-2007,2026-07-05 11:17:54,2026-08-02 06:37:41,38.2371,140.3714,1916,0,0
852,1390001009851,株式会社小嶋総本店,小島総本店,,山形県,米沢市,〒992-0037山形県米沢市本町二丁目2-3,1597,,sake,山形県米沢市に蔵を構える株式会社小嶋総本店は、慶長2年（1597年）創業の歴史を誇る老舗酒蔵です。仕込み水には良質な吾妻山系伏流水（軟水）を使用し、蔵元杜氏の伝統の技を受け継ぎながら、米の旨味を引き出す真摯な酒造りを追求しています。歴史ある建造物は東光の酒蔵（歴史的木造建築）としても親しまれており、伝統と革新を融合させた味わいを全国の日本酒ファンへ届けています。,0,draft,0.85,kumiai_yamagata_detail,〒992-0037山形県米沢市本町二丁目2-3 / 0238-23-4848,2026-07-05 11:17:54,2026-08-02 06:37:42,38.2388,140.3545,1597,0,0
853,9390001010059,浜田株式会社,浜田,,山形県,米沢市,〒992-0005山形県米沢市窪田町藤泉943-1,1866,,sake,山形県米沢市に蔵を構える浜田株式会社は、慶応2年（1866年）創業の歴史を誇る老舗酒蔵です。仕込み水には良質な月山・出羽三山・鳥海山雪解け伏流水（軟水）を使用し、山内杜氏・蔵元杜氏の伝統の技を受け継ぎながら、米の旨味を引き出す真摯な酒造りを追求しています。伝統の技を守りつつ、現代の食文化に寄り添う高品質な美酒を醸し続けています。,0,draft,0.85,kumiai_yamagata_detail,〒992-0005山形県米沢市窪田町藤泉943-1 / 0238-37-6330,2026-07-05 11:17:54,2026-08-02 06:37:42,38.2405,140.3576,1866,0,0
854,9390003000479,株式会社佐藤佐治右衛門,佐藤佐治右衛門,,山形県,東田川郡庄内町,〒999-7781山形県東田川郡庄内町余目字町255,1890,,sake,山形県東田川郡庄内町に蔵を構える株式会社佐藤佐治右衛門は、明治23年（1890年）創業の歴史を誇る老舗酒蔵です。仕込み水には良質な月山・出羽三山・鳥海山雪解け伏流水（軟水）を使用し、山内杜氏・蔵元杜氏の伝統の技を受け継ぎながら、米の旨味を引き出す真摯な酒造りを追求しています。伝統の技を守りつつ、現代の食文化に寄り添う高品質な美酒を醸し続けています。,0,draft,0.85,kumiai_yamagata_detail,〒999-7781山形県東田川郡庄内町余目字町255 / 0234-42-3013,2026-07-05 11:17:54,2026-08-02 06:37:40,38.2422,140.3607,1890,0,0
855,1390001000587,寿虎屋酒造株式会社,寿虎屋酒造,,山形県,山形市,〒990-2235山形県山形市大字中里字北田93-1,1715,http://kotobukitoraya.co.jp/,sake,山形県山形市に蔵を構える寿虎屋酒造株式会社は、正徳5年（1715年）創業の歴史を誇る老舗酒蔵です。仕込み水には良質な月山・出羽三山・鳥海山雪解け伏流水（軟水）を使用し、山内杜氏・蔵元杜氏の伝統の技を受け継ぎながら、米の旨味を引き出す真摯な酒造りを追求しています。伝統の技を守りつつ、現代の食文化に寄り添う高品質な美酒を醸し続けています。,0,draft,0.95,kumiai_yamagata_detail,〒990-2235山形県山形市大字中里字北田93-1 / 023-687-2626,2026-07-05 11:17:54,2026-08-02 06:37:42,38.2439,140.3638,1715,0,0
856,1390001006816,鯉川酒造株式会社,鯉川酒造,,山形県,東田川郡庄内町,〒999-7781山形県東田川郡庄内町余目字興野42,1725,https://sake-koikawa.jp/,sake,山形県東田川郡庄内町に蔵を構える鯉川酒造株式会社は、享保10年（1725年）創業の歴史を誇る老舗酒蔵です。そして杜氏ももちろん、地元で酒造りの技術を引き継いだ杜氏です。そして杜氏ももちろん、地元で酒造りの技術を引き継いだ杜氏です。伝統の技を守りつつ、現代の食文化に寄り添う高品質な美酒を醸し続けています。,0,draft,0.95,kumiai_yamagata_detail,〒999-7781山形県東田川郡庄内町余目字興野42 / 0234-43-2005,2026-07-05 11:17:54,2026-08-02 06:37:42,38.2456,140.3669,1725,0,0
857,4390002001276,有限会社秀鳳酒造場,秀鳳酒造場,,山形県,山形市,〒990-0063山形県山形市山家町一丁目6番6号,1890,,sake,山形県山形市に蔵を構える有限会社秀鳳酒造場は、明治23年（1890年）創業の歴史を誇る老舗酒蔵です。仕込み水には良質な月山・出羽三山・鳥海山雪解け伏流水（軟水）を使用し、山内杜氏・蔵元杜氏の伝統の技を受け継ぎながら、米の旨味を引き出す真摯な酒造りを追求しています。伝統の技を守りつつ、現代の食文化に寄り添う高品質な美酒を醸し続けています。,0,draft,0.85,kumiai_yamagata_detail,〒990-0063山形県山形市山家町一丁目6番6号 / 023-641-0026,2026-07-05 11:17:54,2026-08-02 06:37:42,38.2473,140.37,1890,0,0
858,1390001006122,株式会社オードヴィ庄内,オードヴィ庄内,,山形県,酒田市,〒998-0112山形県酒田市大字浜中乙123,1875,,sake,山形県酒田市に蔵を構える株式会社オードヴィ庄内は、明治8年（1875年）創業の歴史を誇る老舗酒蔵です。仕込み水には良質な月山・出羽三山・鳥海山雪解け伏流水（軟水）を使用し、山内杜氏・蔵元杜氏の伝統の技を受け継ぎながら、米の旨味を引き出す真摯な酒造りを追求しています。伝統の技を守りつつ、現代の食文化に寄り添う高品質な美酒を醸し続けています。,0,draft,0.85,kumiai_yamagata_detail,〒998-0112山形県酒田市大字浜中乙123 / 0234-92-2046,2026-07-05 11:17:54,2026-08-02 06:37:42,38.249,140.3731,1875,0,0
859,8390001011124,株式会社鈴木酒造店 長井蔵,鈴木酒造店長井蔵,,山形県,長井市,〒993-0015山形県長井市四ツ谷1-2-21,1931,https://www.saketime.com/breweries/859,sake,山形県長井市に位置する株式会社鈴木酒造店 長井蔵は、昭和6年（1931年）に創業しました。仕込み水には良質な月山・出羽三山・鳥海山雪解け伏流水（軟水）を使用し、山内杜氏・蔵元杜氏の伝統の技を受け継ぎながら、米の旨味を引き出す真摯な酒造りを追求しています。伝統の技を守りつつ、現代の食文化に寄り添う高品質な美酒を醸し続けています。,0,draft,0.85,kumiai_yamagata_detail,〒993-0015山形県長井市四ツ谷1-2-21 / 0238-88-2224,2026-07-05 11:17:54,2026-08-02 06:37:42,38.2307,140.3562,1931,0,0
860,9390001011321,若の井酒造株式会社,若の井酒造,,山形県,西置賜郡飯豊町,〒999-0601山形県西置賜郡飯豊町中947-3,1890,,sake,山形県西置賜郡飯豊町に蔵を構える若の井酒造株式会社は、明治23年（1890年）創業の歴史を誇る老舗酒蔵です。仕込み水には良質な月山・出羽三山・鳥海山雪解け伏流水（軟水）を使用し、山内杜氏・蔵元杜氏の伝統の技を受け継ぎながら、米の旨味を引き出す真摯な酒造りを追求しています。伝統の技を守りつつ、現代の食文化に寄り添う高品質な美酒を醸し続けています。,0,draft,0.85,kumiai_yamagata_detail,〒999-0601山形県西置賜郡飯豊町中947-3 / 0238-72-2020,2026-07-05 11:17:54,2026-08-02 06:37:40,38.2324,140.3593,1890,0,0
861,8390001007782,冨士酒造株式会社,冨士酒造,,山形県,鶴岡市,〒997-1124山形県鶴岡市大山三丁目32-48,1778,,sake,山形県鶴岡市に蔵を構える冨士酒造株式会社は、安永7年（1778年）創業の歴史を誇る老舗酒蔵です。仕込み水には良質な月山・出羽三山・鳥海山雪解け伏流水（軟水）を使用し、山内杜氏・蔵元杜氏の伝統の技を受け継ぎながら、米の旨味を引き出す真摯な酒造りを追求しています。伝統の技を守りつつ、現代の食文化に寄り添う高品質な美酒を醸し続けています。,0,draft,0.85,kumiai_yamagata_detail,〒997-1124山形県鶴岡市大山三丁目32-48 / 0235-33-3200,2026-07-05 11:17:54,2026-08-02 06:37:42,38.2341,140.3624,1778,0,0
862,5390001007975,亀の井酒造株式会社,亀の井酒造,,山形県,鶴岡市,〒997-0103山形県鶴岡市羽黒町戸野字福ノ内1,1875,,sake,山形県鶴岡市に蔵を構える亀の井酒造株式会社は、明治8年（1875年）創業の歴史を誇る老舗酒蔵です。仕込み水には良質な月山・出羽三山・鳥海山雪解け伏流水（軟水）を使用し、山内杜氏・蔵元杜氏の伝統の技を受け継ぎながら、米の旨味を引き出す真摯な酒造りを追求しています。伝統の技を守りつつ、現代の食文化に寄り添う高品質な美酒を醸し続けています。,0,draft,0.85,kumiai_yamagata_detail,〒997-0103山形県鶴岡市羽黒町戸野字福ノ内1 / 0235-62-2307,2026-07-05 11:17:54,2026-08-02 06:37:42,38.2358,140.3655,1875,0,0
863,7390001016487,株式会社加茂川,加茂川,,山形県,西置賜郡白鷹町,〒992-0771山形県西置賜郡白鷹町大字鮎貝3258,1741,,sake,山形県西置賜郡白鷹町に蔵を構える株式会社加茂川は、寛保元年（1741年）創業の歴史を誇る老舗酒蔵です。仕込み水には良質な月山・出羽三山・鳥海山雪解け伏流水（軟水）を使用し、山内杜氏・蔵元杜氏の伝統の技を受け継ぎながら、米の旨味を引き出す真摯な酒造りを追求しています。伝統の技を守りつつ、現代の食文化に寄り添う高品質な美酒を醸し続けています。,0,draft,0.85,kumiai_yamagata_detail,〒992-0771山形県西置賜郡白鷹町大字鮎貝3258 / 0238-85-3151,2026-07-05 11:17:54,2026-08-02 06:37:40,38.2375,140.3686,1741,0,0
864,7390001007759,羽根田酒造株式会社,羽根田酒造,,山形県,鶴岡市,〒997-1124山形県鶴岡市大山二丁目1-15,1592,,sake,山形県鶴岡市に蔵を構える羽根田酒造株式会社は、文禄元年（1592年）創業の歴史を誇る老舗酒蔵です。仕込み水には良質な月山・出羽三山・鳥海山雪解け伏流水（軟水）を使用し、山内杜氏・蔵元杜氏の伝統の技を受け継ぎながら、米の旨味を引き出す真摯な酒造りを追求しています。伝統の技を守りつつ、現代の食文化に寄り添う高品質な美酒を醸し続けています。,0,draft,0.85,kumiai_yamagata_detail,〒997-1124山形県鶴岡市大山二丁目1-15 / 0235-33-2058,2026-07-05 11:17:54,2026-08-02 06:37:42,38.2392,140.3717,1592,0,0
865,2390001011740,月山酒造株式会社,月山酒造,,山形県,寒河江市,〒990-0521山形県寒河江市大字谷沢769-1,1972,,sake,山形県寒河江市に位置する月山酒造株式会社は、昭和47年（1972年）に創業しました。仕込み水には良質な月山・出羽三山・鳥海山雪解け伏流水（軟水）を使用し、山内杜氏・蔵元杜氏の伝統の技を受け継ぎながら、米の旨味を引き出す真摯な酒造りを追求しています。伝統の技を守りつつ、現代の食文化に寄り添う高品質な美酒を醸し続けています。,0,draft,0.85,kumiai_yamagata_detail,〒990-0521山形県寒河江市大字谷沢769-1 / 0237-87-1114,2026-07-05 11:17:54,2026-08-02 06:37:42,38.2409,140.3548,1972,0,0
866,6390002012940,有限会社新藤酒造店,新藤酒造店,,山形県,米沢市,〒992-0116山形県米沢市大字竹井1331,1870,,sake,山形県米沢市に蔵を構える有限会社新藤酒造店は、明治3年（1870年）創業の歴史を誇る老舗酒蔵です。仕込み水には良質な月山・出羽三山・鳥海山雪解け伏流水（軟水）を使用し、山内杜氏・蔵元杜氏の伝統の技を受け継ぎながら、米の旨味を引き出す真摯な酒造りを追求しています。伝統の技を守りつつ、現代の食文化に寄り添う高品質な美酒を醸し続けています。,0,draft,0.85,kumiai_yamagata_detail,〒992-0116山形県米沢市大字竹井1331 / 0238-28-3403,2026-07-05 11:17:54,2026-08-02 06:37:42,38.2426,140.3579,1870,0,0
867,9390001007889,株式会社渡會本店,渡會本店,,山形県,鶴岡市,〒997-1124山形県鶴岡市大山二丁目2-8,1615,,sake,山形県鶴岡市に蔵を構える株式会社渡會本店は、元和元年（1615年）創業の歴史を誇る老舗酒蔵です。仕込み水には良質な月山・出羽三山・鳥海山雪解け伏流水（軟水）を使用し、山内杜氏・蔵元杜氏の伝統の技を受け継ぎながら、米の旨味を引き出す真摯な酒造りを追求しています。伝統の技を守りつつ、現代の食文化に寄り添う高品質な美酒を醸し続けています。,0,draft,0.85,kumiai_yamagata_detail,〒997-1124山形県鶴岡市大山二丁目2-8 / 0235-33-3262,2026-07-05 11:17:54,2026-08-02 06:37:42,38.2443,140.361,1615,0,0
868,4390001009320,高木酒造株式会社,高木酒造,,山形県,村山市,〒995-0208山形県村山市富並1826,1615,https://www.saketime.com/breweries/601/,sake,山形県村山市に蔵を構える高木酒造株式会社は、元和元年（1615年）創業の歴史を誇る老舗酒蔵です。仕込み水には良質な朝日連峰扇状地伏流水（軟水）を使用し、蔵元杜氏の伝統の技を受け継ぎながら、米の旨味を引き出す真摯な酒造りを追求しています。伝統の技を守りつつ、現代の食文化に寄り添う高品質な美酒を醸し続けています。,0,draft,1.0,kumiai_yamagata_detail,〒995-0208山形県村山市富並1826 / 0237-57-2131,2026-07-05 11:17:54,2026-08-02 06:37:42,38.246,140.3641,1615,0,0
869,8390001007254,松山酒造株式会社,松山酒造,,山形県,酒田市,〒999-6834山形県酒田市字荒町17,1829,https://www.saketime.com/breweries/869,sake,京都府京都市伏見区に蔵を構える松山酒造株式会社は、明治43年（1910年）創業の歴史を誇る老舗酒蔵です。仕込み水には良質な伏見名水群（伏水・御香水）・丹後山系水（中硬水）を使用し、丹波杜氏の伝統の技を受け継ぎながら、米の旨味を引き出す真摯な酒造りを追求しています。伝統の技を守りつつ、現代の食文化に寄り添う高品質な美酒を醸し続けています。,0,draft,0.85,kumiai_yamagata_detail,〒999-6834山形県酒田市字荒町17 / 0234-62-2003,2026-07-05 11:17:54,2026-08-02 06:37:40,38.2477,140.3672,1829,0,0
870,5390001006226,酒田酒造株式会社,酒田酒造,,山形県,酒田市,〒998-0037山形県酒田市日吉町二丁目3-25,1946,,sake,山形県酒田市に位置する酒田酒造株式会社は、昭和21年（1946年）に創業しました。仕込み水には良質な月山・出羽三山・鳥海山雪解け伏流水（軟水）を使用し、山内杜氏・蔵元杜氏の伝統の技を受け継ぎながら、米の旨味を引き出す真摯な酒造りを追求しています。伝統の技を守りつつ、現代の食文化に寄り添う高品質な美酒を醸し続けています。,0,draft,0.85,kumiai_yamagata_detail,〒998-0037山形県酒田市日吉町二丁目3-25 / 0234-22-1541,2026-07-05 11:17:54,2026-08-02 06:37:42,38.2494,140.3703,1946,0,0
871,8390001010456,米鶴酒造株式会社,米鶴酒造,,山形県,東置賜郡高畠町,〒992-0301山形県東置賜郡高畠町二井宿1076,1688,,sake,山形県東置賜郡高畠町に蔵を構える米鶴酒造株式会社は、元禄元年（1688年）創業の歴史を誇る老舗酒蔵です。仕込み水には良質な月山・出羽三山・鳥海山雪解け伏流水（軟水）を使用し、山内杜氏・蔵元杜氏の伝統の技を受け継ぎながら、米の旨味を引き出す真摯な酒造りを追求しています。伝統の技を守りつつ、現代の食文化に寄り添う高品質な美酒を醸し続けています。,0,draft,0.85,kumiai_yamagata_detail,〒992-0301山形県東置賜郡高畠町二井宿1076 / 0238-52-1130,2026-07-05 11:17:54,2026-08-02 06:37:42,38.2311,140.3534,1688,0,0
872,3390001009511,株式会社六歌仙,六歌仙,,山形県,東根市,〒999-3702山形県東根市温泉町3-17-7,1972,https://yamagata-rokkasen.co.jp/,sake,山形県東根市に位置する株式会社六歌仙は、昭和47年（1972年）に創業しました。お酒の百貨店（デパート）と称される六歌仙は、これからも日本酒の可能性を追い求め、自然と蔵人の英知、技を融合させ、日々精進してまいります。それこそが、手造りの基本であると六歌仙は考えております。伝統の技を守りつつ、現代の食文化に寄り添う高品質な美酒を醸し続けています。,0,draft,0.95,kumiai_yamagata_detail,〒999-3702山形県東根市温泉町3-17-7 / 0237-42-2777,2026-07-05 11:17:54,2026-08-02 06:37:42,38.2328,140.3565,1972,0,0
873,5390001010624,嵐山酒造株式会社,嵐山酒造,,山形県,東置賜郡川西町,〒999-0121山形県東置賜郡川西町大字上小松3182,1717,,sake,山形県東置賜郡川西町に蔵を構える嵐山酒造株式会社は、享保2年（1717年）創業の歴史を誇る老舗酒蔵です。仕込み水には良質な月山・出羽三山・鳥海山雪解け伏流水（軟水）を使用し、山内杜氏・蔵元杜氏の伝統の技を受け継ぎながら、米の旨味を引き出す真摯な酒造りを追求しています。伝統の技を守りつつ、現代の食文化に寄り添う高品質な美酒を醸し続けています。,0,draft,0.85,kumiai_yamagata_detail,〒999-0121山形県東置賜郡川西町大字上小松3182 / 0238-42-3040,2026-07-05 11:17:54,2026-08-02 06:37:40,38.2345,140.3596,1717,0,0
874,7390003000456,合資会社杉勇蕨岡酒造場,杉勇蕨岡酒造場,,山形県,飽海郡遊佐町,〒999-8314山形県飽海郡遊佐町大字上蕨岡字御備田47-1,1923,,sake,山形県飽海郡遊佐町に蔵を構える合資会社杉勇蕨岡酒造場は、大正12年（1923年）創業の歴史を誇る老舗酒蔵です。仕込み水には良質な月山・出羽三山・鳥海山雪解け伏流水（軟水）を使用し、山内杜氏・蔵元杜氏の伝統の技を受け継ぎながら、米の旨味を引き出す真摯な酒造りを追求しています。伝統の技を守りつつ、現代の食文化に寄り添う高品質な美酒を醸し続けています。,0,draft,0.85,kumiai_yamagata_detail,〒999-8314山形県飽海郡遊佐町大字上蕨岡字御備田47- / 0234-72-2234,2026-07-05 11:17:54,2026-08-02 06:37:42,38.2362,140.3627,1923,0,0
875,7390001000301,男山酒造株式会社,男山酒造,,山形県,山形市,〒990-0037山形県山形市八日町2-4-13,1789,,sake,山形県山形市に蔵を構える男山酒造株式会社は、寛政元年（1789年）創業の歴史を誇る老舗酒蔵です。仕込み水には良質な月山・出羽三山・鳥海山雪解け伏流水（軟水）を使用し、山内杜氏・蔵元杜氏の伝統の技を受け継ぎながら、米の旨味を引き出す真摯な酒造りを追求しています。伝統の技を守りつつ、現代の食文化に寄り添う高品質な美酒を醸し続けています。,0,draft,0.85,kumiai_yamagata_detail,〒990-0037山形県山形市八日町2-4-13 / 023-641-0141,2026-07-05 11:17:54,2026-08-02 06:37:42,38.2379,140.3658,1789,0,0
876,7390001009854,香坂酒造株式会社,香坂酒造,,山形県,米沢市,〒992-0045山形県米沢市中央七丁目3-10,1923,,sake,山形県米沢市に蔵を構える香坂酒造株式会社は、大正12年（1923年）創業の歴史を誇る老舗酒蔵です。仕込み水には良質な月山・出羽三山・鳥海山雪解け伏流水（軟水）を使用し、山内杜氏・蔵元杜氏の伝統の技を受け継ぎながら、米の旨味を引き出す真摯な酒造りを追求しています。伝統の技を守りつつ、現代の食文化に寄り添う高品質な美酒を醸し続けています。,0,draft,0.85,kumiai_yamagata_detail,〒992-0045山形県米沢市中央七丁目3-10 / 0238-23-3355,2026-07-05 11:17:54,2026-08-02 06:37:42,38.2396,140.3689,1923,0,0
877,6390001006753,麓井酒造株式会社,麓井酒造,,山形県,酒田市,〒999-8231山形県酒田市麓字横道32,1894,https://www.fumotoi.co.jp,sake,山形県酒田市に蔵を構える麓井酒造株式会社は、明治27年（1894年）創業の歴史を誇る老舗酒蔵です。お友達登録で蔵情報GET きもと造り鳥海山麓の美酒 明治27年（1894年）に創業。創業当時、この一帯の地名は「麓村」と申しました。伝統の技を守りつつ、現代の食文化に寄り添う高品質な美酒を醸し続けています。,0,draft,0.95,kumiai_yamagata_detail,〒999-8231山形県酒田市麓字横道32 / 0234-64-2002,2026-07-05 11:17:54,2026-08-02 06:37:42,38.2413,140.372,1894,0,0
878,1390003000817,株式会社後藤酒造店,後藤酒造店,,山形県,東置賜郡高畠町,〒999-2176山形県東置賜郡高畠町大字糠野目1462,1788,,sake,山形県東置賜郡高畠町に蔵を構える株式会社後藤酒造店は、天明8年（1788年）創業の歴史を誇る老舗酒蔵です。仕込み水には良質な月山・出羽三山・鳥海山雪解け伏流水（軟水）を使用し、山内杜氏・蔵元杜氏の伝統の技を受け継ぎながら、米の旨味を引き出す真摯な酒造りを追求しています。伝統の技を守りつつ、現代の食文化に寄り添う高品質な美酒を醸し続けています。,0,draft,0.85,kumiai_yamagata_detail,〒999-2176山形県東置賜郡高畠町大字糠野目1462 / 0238-57-3136,2026-07-05 11:17:54,2026-08-02 06:37:42,38.243,140.3551,1788,0,0
879,6390003000457,合資会社高橋酒造店,高橋酒造店,,山形県,飽海郡遊佐町,〒999-8521山形県飽海郡遊佐町大字吹浦字一本木57,1902,,sake,山形県飽海郡遊佐町に蔵を構える合資会社高橋酒造店は、明治35年（1902年）創業の歴史を誇る老舗酒蔵です。仕込み水には良質な月山・出羽三山・鳥海山雪解け伏流水（軟水）を使用し、山内杜氏・蔵元杜氏の伝統の技を受け継ぎながら、米の旨味を引き出す真摯な酒造りを追求しています。伝統の技を守りつつ、現代の食文化に寄り添う高品質な美酒を醸し続けています。,0,draft,0.85,kumiai_yamagata_detail,〒999-8521山形県飽海郡遊佐町大字吹浦字一本木57 / 0234-77-2005,2026-07-05 11:17:54,2026-08-02 06:37:42,38.2447,140.3582,1902,0,0
880,3390001010766,株式会社中沖酒造店,中沖酒造店,,山形県,東置賜郡川西町,〒992-0601山形県東置賜郡川西町大字西大塚1792-3,1923,https://uyo-ikkon.co.jp/,sake,山形県東置賜郡川西町に蔵を構える株式会社中沖酒造店は、大正12年（1923年）創業の歴史を誇る老舗酒蔵です。和やかに飲んでいただく 東を吾妻⼭、⻄を朝⽇連峰、南を飯豊連峰にかこまれ、最上川の⽔に育まれた置賜地⽅の川⻄町で、 中沖酒造店は⼤正⼗⼆年（1923年）に創業いたしました。創業当時の社⻑である⾼橋義四郎が、酒造りの指導をしていただいた⽅から頂いた三つの⾃戒を掲げ、 地元の⼈々に愛される酒を造ることを⽬標とし、今⽇まで⾄っています。伝統の技を守りつつ、現代の食文化に寄り添う高品質な美酒を醸し続けています。,0,draft,0.95,kumiai_yamagata_detail,〒992-0601山形県東置賜郡川西町大字西大塚1792-3 / 0238-42-4116,2026-07-05 11:17:54,2026-08-02 06:37:42,38.2464,140.3613,1923,0,0
881,7390001010754,樽平酒造株式会社,樽平酒造,,山形県,東置賜郡川西町,〒999-0122山形県東置賜郡川西町大字中小松2886,1695,,sake,山形県東置賜郡川西町に蔵を構える樽平酒造株式会社は、元禄8年（1695年）創業の歴史を誇る老舗酒蔵です。仕込み水には良質な月山・出羽三山・鳥海山雪解け伏流水（軟水）を使用し、山内杜氏・蔵元杜氏の伝統の技を受け継ぎながら、米の旨味を引き出す真摯な酒造りを追求しています。伝統の技を守りつつ、現代の食文化に寄り添う高品質な美酒を醸し続けています。,0,draft,0.85,kumiai_yamagata_detail,〒999-0122山形県東置賜郡川西町大字中小松2886 / 0238-42-3101,2026-07-05 11:17:54,2026-08-02 06:37:42,38.2481,140.3644,1695,0,0
882,7390001006769,楯の川酒造株式会社,楯の川酒造,,山形県,酒田市,〒999-6724山形県酒田市山楯字清水田27,1832,http://www.tatenokawa.com/,sake,山形県酒田市に蔵を構える楯の川酒造株式会社は、天保3年（1832年）創業の歴史を誇る老舗酒蔵です。仕込み水には良質な月山・出羽三山・鳥海山雪解け伏流水（軟水）を使用し、山内杜氏・蔵元杜氏の伝統の技を受け継ぎながら、米の旨味を引き出す真摯な酒造りを追求しています。伝統の技を守りつつ、現代の食文化に寄り添う高品質な美酒を醸し続けています。,0,draft,0.85,kumiai_yamagata_detail,〒999-6724山形県酒田市山楯字清水田27 / 0234-52-2323,2026-07-05 11:17:54,2026-08-02 06:37:42,38.2498,140.3675,1832,0,0
883,8390003000538,竹の露合資会社,竹の露,,山形県,鶴岡市,〒997-0152山形県鶴岡市羽黒町猪俣新田字田屋前133,1858,,sake,山形県鶴岡市に蔵を構える竹の露合資会社は、安政5年（1858年）創業の歴史を誇る老舗酒蔵です。仕込み水には良質な月山・出羽三山・鳥海山雪解け伏流水（軟水）を使用し、山内杜氏・蔵元杜氏の伝統の技を受け継ぎながら、米の旨味を引き出す真摯な酒造りを追求しています。伝統の技を守りつつ、現代の食文化に寄り添う高品質な美酒を醸し続けています。,0,draft,0.85,kumiai_yamagata_detail,〒997-0152山形県鶴岡市羽黒町猪俣新田字田屋前133 / 0235-62-2209,2026-07-05 11:17:54,2026-08-02 06:37:42,38.2315,140.3706,1858,0,0
884,3390001012218,千代寿虎屋株式会社,千代寿虎屋,,山形県,寒河江市,〒991-0032山形県寒河江市南町二丁目1番16号,1922,,sake,山形県寒河江市に蔵を構える千代寿虎屋株式会社は、大正11年（1922年）創業の歴史を誇る老舗酒蔵です。仕込み水には良質な月山・出羽三山・鳥海山雪解け伏流水（軟水）を使用し、山内杜氏・蔵元杜氏の伝統の技を受け継ぎながら、米の旨味を引き出す真摯な酒造りを追求しています。伝統の技を守りつつ、現代の食文化に寄り添う高品質な美酒を醸し続けています。,0,draft,0.85,kumiai_yamagata_detail,〒991-0032山形県寒河江市南町二丁目1番16号 / 0237-86-6133,2026-07-05 11:17:54,2026-08-02 06:37:40,38.2332,140.3537,1922,0,0
885,9390001007526,加藤嘉八郎酒造株式会社,加藤嘉八郎酒造,,山形県,鶴岡市,〒997-1124山形県鶴岡市大山三丁目1-38,1872,https://www.oyamasake.co.jp/,sake,山形県鶴岡市に蔵を構える加藤嘉八郎酒造株式会社は、明治5年（1872年）創業の歴史を誇る老舗酒蔵です。仕込み水には良質な月山・出羽三山・鳥海山雪解け伏流水（軟水）を使用し、山内杜氏・蔵元杜氏の伝統の技を受け継ぎながら、米の旨味を引き出す真摯な酒造りを追求しています。伝統の技を守りつつ、現代の食文化に寄り添う高品質な美酒を醸し続けています。,0,draft,1.0,kumiai_yamagata_detail,〒997-1124山形県鶴岡市大山三丁目1-38 / 0235-33-2008,2026-07-05 11:17:54,2026-08-02 06:37:42,38.2349,140.3568,1872,0,0
886,9390001008714,株式会社小屋酒造,小屋酒造,,山形県,最上郡大蔵村,〒996-0212山形県最上郡大蔵村大字清水2591,1593,,sake,山形県最上郡大蔵村に蔵を構える株式会社小屋酒造は、文禄2年（1593年）創業の歴史を誇る老舗酒蔵です。仕込み水には良質な月山・出羽三山・鳥海山雪解け伏流水（軟水）を使用し、山内杜氏・蔵元杜氏の伝統の技を受け継ぎながら、米の旨味を引き出す真摯な酒造りを追求しています。伝統の技を守りつつ、現代の食文化に寄り添う高品質な美酒を醸し続けています。,0,draft,0.85,kumiai_yamagata_detail,〒996-0212山形県最上郡大蔵村大字清水2591 / 0233-75-2001,2026-07-05 11:17:54,2026-08-02 06:37:42,38.2366,140.3599,1593,0,0
887,2390001012103,株式会社設楽酒造店,設楽酒造店,,山形県,西村山郡西川町,〒990-0701山形県西村山郡西川町大字睦合丙674-2,1896,https://www.shitara-syuzou.com,sake,山形県西村山郡西川町に蔵を構える株式会社設楽酒造店は、明治29年（1896年）創業の歴史を誇る老舗酒蔵です。創業明治２９年、酒税改正と同時に製造を開始し昭和２８年に会社組織を形成しました。この名水百選の月山自然水と高精白した米から銘柄「銀嶺月山」は造られます。伝統の技を守りつつ、現代の食文化に寄り添う高品質な美酒を醸し続けています。,0,draft,0.85,kumiai_yamagata_detail,〒990-0701山形県西村山郡西川町大字睦合丙674-2 / 0237-74-2020,2026-07-05 11:17:54,2026-08-02 06:37:42,38.2383,140.363,1896,0,0
888,7390001013278,奥羽自慢株式会社,奥羽自慢,,山形県,鶴岡市,〒997-0346山形県鶴岡市上山添字神明前123,1724,,sake,山形県鶴岡市に蔵を構える奥羽自慢株式会社は、享保9年（1724年）創業の歴史を誇る老舗酒蔵です。仕込み水には良質な月山・出羽三山・鳥海山雪解け伏流水（軟水）を使用し、山内杜氏・蔵元杜氏の伝統の技を受け継ぎながら、米の旨味を引き出す真摯な酒造りを追求しています。伝統の技を守りつつ、現代の食文化に寄り添う高品質な美酒を醸し続けています。,0,draft,0.85,kumiai_yamagata_detail,〒997-0346山形県鶴岡市上山添字神明前123 / 050-3385-0347,2026-07-05 11:17:54,2026-08-02 06:37:42,38.24,140.3661,1724,0,0
889,6390001014459,桜川酒造株式会社,桜川酒造,,山形県,西置賜郡小国町,〒999-1363山形県西置賜郡小国町大字小国小坂町213,1706,,sake,山形県西置賜郡小国町に蔵を構える桜川酒造株式会社は、宝永3年（1706年）創業の歴史を誇る老舗酒蔵です。仕込み水には良質な月山・出羽三山・鳥海山雪解け伏流水（軟水）を使用し、山内杜氏・蔵元杜氏の伝統の技を受け継ぎながら、米の旨味を引き出す真摯な酒造りを追求しています。伝統の技を守りつつ、現代の食文化に寄り添う高品質な美酒を醸し続けています。,0,draft,0.85,kumiai_yamagata_detail,〒999-1363山形県西置賜郡小国町大字小国小坂町213 / 0238-62-2011,2026-07-05 11:17:54,2026-08-02 06:37:42,38.2417,140.3692,1706,0,0
890,2390001004604,株式会社水戸部酒造,水戸部酒造,,山形県,天童市,〒994-0055山形県天童市原町乙7,1898,,sake,山形県天童市に蔵を構える株式会社水戸部酒造は、明治31年（1898年）創業の歴史を誇る老舗酒蔵です。仕込み水には良質な月山・出羽三山・鳥海山雪解け伏流水（軟水）を使用し、山内杜氏・蔵元杜氏の伝統の技を受け継ぎながら、米の旨味を引き出す真摯な酒造りを追求しています。伝統の技を守りつつ、現代の食文化に寄り添う高品質な美酒を醸し続けています。,0,draft,0.85,kumiai_yamagata_detail,〒994-0055山形県天童市原町乙7 / 023-653-2131,2026-07-05 11:17:54,2026-08-02 06:37:42,38.2434,140.3723,1898,0,0
891,8390001011900,古澤酒造株式会社,古沢酒造,,山形県,寒河江市,〒991-0023山形県寒河江市丸内3-5-7,1836,,sake,山形県寒河江市に蔵を構える古澤酒造株式会社は、天保7年（1836年）創業の歴史を誇る老舗酒蔵です。仕込み水には良質な月山・出羽三山・鳥海山雪解け伏流水（軟水）を使用し、山内杜氏・蔵元杜氏の伝統の技を受け継ぎながら、米の旨味を引き出す真摯な酒造りを追求しています。伝統の技を守りつつ、現代の食文化に寄り添う高品質な美酒を醸し続けています。,0,draft,0.85,kumiai_yamagata_detail,〒991-0023山形県寒河江市丸内3-5-7 / 0237-86-5322,2026-07-05 11:17:54,2026-08-02 06:37:42,38.2451,140.3554,1836,0,0
892,6390003000928,和田酒造合資会社,和田酒造,,山形県,西村山郡河北町,〒999-3511山形県西村山郡河北町谷地甲17,1797,https://aratama-wada.com/,sake,山形県西村山郡河北町に蔵を構える和田酒造合資会社は、寛政9年（1797年）創業の歴史を誇る老舗酒蔵です。仕込み水には良質な月山・出羽三山・鳥海山雪解け伏流水（軟水）を使用し、山内杜氏・蔵元杜氏の伝統の技を受け継ぎながら、米の旨味を引き出す真摯な酒造りを追求しています。伝統の技を守りつつ、現代の食文化に寄り添う高品質な美酒を醸し続けています。,0,draft,0.95,kumiai_yamagata_detail,〒999-3511山形県西村山郡河北町谷地甲17 / 0237-72-3105,2026-07-05 11:17:54,2026-08-02 06:37:42,38.2468,140.3585,1797,0,0
893,6390001015894,錦爛酒造株式会社,錦爛酒造,,山形県,東置賜郡高畠町,〒992-0262山形県東置賜郡高畠町大字元和田732,1772,,sake,山形県東置賜郡高畠町に蔵を構える錦爛酒造株式会社は、安永元年（1772年）創業の歴史を誇る老舗酒蔵です。仕込み水には良質な月山・出羽三山・鳥海山雪解け伏流水（軟水）を使用し、山内杜氏・蔵元杜氏の伝統の技を受け継ぎながら、米の旨味を引き出す真摯な酒造りを追求しています。伝統の技を守りつつ、現代の食文化に寄り添う高品質な美酒を醸し続けています。,0,draft,0.85,kumiai_yamagata_detail,〒992-0262山形県東置賜郡高畠町大字元和田732 / 0238-56-3120,2026-07-05 11:17:54,2026-08-02 06:37:42,38.2485,140.3616,1772,0,0
894,4390002014534,東の麓酒造有限会社,東の麓酒造,,山形県,南陽市,〒992-0472山形県南陽市宮内2557,1896,,sake,山形県南陽市に蔵を構える東の麓酒造有限会社は、明治29年（1896年）創業の歴史を誇る老舗酒蔵です。仕込み水には良質な月山・出羽三山・鳥海山雪解け伏流水（軟水）を使用し、山内杜氏・蔵元杜氏の伝統の技を受け継ぎながら、米の旨味を引き出す真摯な酒造りを追求しています。伝統の技を守りつつ、現代の食文化に寄り添う高品質な美酒を醸し続けています。,0,draft,0.85,kumiai_yamagata_detail,〒992-0472山形県南陽市宮内2557 / 0238-47-5111,2026-07-05 11:17:54,2026-08-02 06:37:42,38.2502,140.3647,1896,0,0
895,5390001004452,出羽桜酒造株式会社,出羽桜酒造,,山形県,天童市,〒994-0044山形県天童市一日町一丁目4番6号,1892,https://www.dewazakura.co.jp/,sake,山形県天童市に蔵を構える出羽桜酒造株式会社は、明治25年（1892年）創業の歴史を誇る老舗酒蔵です。気温、水温、米質など日々変わる条件の中、蓄積されたデータと熟練の技で最適な解を見つけ出します。歴史ある建造物は出羽桜美術館（国登録有形文化財群）としても親しまれており、伝統と革新を融合させた味わいを全国の日本酒ファンへ届けています。,0,draft,0.95,kumiai_yamagata_detail,〒994-0044山形県天童市一日町一丁目4番6号 / 023-653-5121,2026-07-05 11:17:54,2026-08-02 06:37:42,38.2319,140.3678,1892,0,0
896,5390001006440,東北銘醸株式会社,東北銘醸,,山形県,酒田市,〒998-0114山形県酒田市大字十里塚字村東山125-3,1893,https://hatsumago.co.jp/,sake,山形県酒田市に蔵を構える東北銘醸株式会社は、明治26年（1893年）創業の歴史を誇る老舗酒蔵です。山形県産米を使用し、生酛造りで醸し… 初孫「香が星（かがぼし）」純米大吟醸を発売します 令和8年９月2日（火） 山形県産出羽燦々（でわさんさん）１００％使用の純米大吟醸を季節限定で発売致します。その想いを胸に、いままでもこれからも上質な生酛造りに注力、邁進いたします。伝統の技を守りつつ、現代の食文化に寄り添う高品質な美酒を醸し続けています。,0,draft,1.0,kumiai_yamagata_detail,〒998-0114山形県酒田市大字十里塚字村東山125-3 / 0234-31-1515,2026-07-05 11:17:54,2026-08-02 06:37:42,38.2336,140.3709,1893,0,0
930,,朝倉酒造 株式会社,朝倉酒造,,福岡県,朝倉市三奈木河原,〒838-0023福岡県朝倉市三奈木河原4408,1910,,sake,福岡県朝倉市三奈木河原に蔵を構える朝倉酒造 株式会社は、明治43年（1910年）創業の歴史を誇る老舗酒蔵です。仕込み水には良質な筑後川・英彦山水系伏流水（軟水）を使用し、筑後杜氏の伝統の技を受け継ぎながら、米の旨味を引き出す真摯な酒造りを追求しています。伝統の技を守りつつ、現代の食文化に寄り添う高品質な美酒を醸し続けています。,0,draft,0.8,kumiai_fukuoka_detail,〒838-0023福岡県朝倉市三奈木河原4408,2026-07-05 11:42:39,2026-08-02 06:37:40,33.5974,130.4113,1910,0,0
931,,旭菊酒造 株式会社,旭菊酒造,,福岡県,久留米市三潴町壱町原,〒830-0115福岡県久留米市三潴町壱町原403,1900,http://www.asahikiku.jp/,sake,福岡県久留米市三潴町壱町原に蔵を構える旭菊酒造 株式会社は、明治33年（1900年）創業の歴史を誇る老舗酒蔵です。令和8年10月1日より新価格を適用致しますので、ご案内申し上げます 明治33年(1900年)、朝日が昇るごとく勢いがあり日本の象徴である菊の花「旭菊」（あさひきく）を銘柄とし、創業いたしました。時代が日々刻々と変化し続ける現代においても旭菊は流行に左右されない日本古来からの米の旨みにこだわり食事に合うお酒を造り日々研鑽を重ねております。伝統の技を守りつつ、現代の食文化に寄り添う高品質な美酒を醸し続けています。,0,draft,0.9,kumiai_fukuoka_detail,〒830-0115福岡県久留米市三潴町壱町原403,2026-07-05 11:42:39,2026-08-02 06:37:42,33.5991,130.4144,1900,0,0
932,,旭松酒造 株式会社,旭松酒造,,福岡県,八女市黒木町黒木,〒834-1217福岡県八女市黒木町黒木36,1910,http://www.asahimatsusyuzou.co.jp/,sake,福岡県八女市黒木町黒木に蔵を構える旭松酒造 株式会社は、明治43年（1910年）創業の歴史を誇る老舗酒蔵です。仕込み水には良質な筑後川・英彦山水系伏流水（軟水）を使用し、筑後杜氏の伝統の技を受け継ぎながら、米の旨味を引き出す真摯な酒造りを追求しています。伝統の技を守りつつ、現代の食文化に寄り添う高品質な美酒を醸し続けています。,0,draft,0.9,kumiai_fukuoka_detail,〒834-1217福岡県八女市黒木町黒木36,2026-07-05 11:42:39,2026-08-02 06:37:40,33.6008,130.4175,1910,0,0
933,,池亀酒造 株式会社,池亀酒造,,福岡県,久留米市三潴町草場,〒830-0105福岡県久留米市三潴町草場545,1875,https://ikekame.com,sake,福岡県久留米市三潴町草場に蔵を構える池亀酒造 株式会社は、明治8年（1875年）創業の歴史を誇る老舗酒蔵です。良き伝統は守りながら、頑なではなく柔軟な酒造りに取り組み、 酔う酒ではなく、新鮮な驚きと感動を与える酒文化を発信します。源蔵は、進取の精神に富んだ人物で、筑後川の水を使用した新しい醸造法を考案、 養成した杜氏を派遣して筑後地方の酒造りに貢献しました。伝統の技を守りつつ、現代の食文化に寄り添う高品質な美酒を醸し続けています。,0,draft,0.9,kumiai_fukuoka_detail,〒830-0105福岡県久留米市三潴町草場545,2026-07-05 11:42:39,2026-08-02 06:37:42,33.6025,130.4206,1875,0,0
934,,株式会社 池田屋,池田屋,,福岡県,みやま市瀬高町下庄,〒835-0024福岡県みやま市瀬高町下庄1287,1910,,sake,福岡県みやま市瀬高町下庄に蔵を構える株式会社 池田屋は、明治43年（1910年）創業の歴史を誇る老舗酒蔵です。仕込み水には良質な筑後川・英彦山水系伏流水（軟水）を使用し、筑後杜氏の伝統の技を受け継ぎながら、米の旨味を引き出す真摯な酒造りを追求しています。伝統の技を守りつつ、現代の食文化に寄り添う高品質な美酒を醸し続けています。,0,draft,0.8,kumiai_fukuoka_detail,〒835-0024福岡県みやま市瀬高町下庄1287,2026-07-05 11:42:39,2026-08-02 06:37:40,33.6042,130.4237,1910,0,0
935,,石蔵酒造 株式会社,石蔵酒造,,福岡県,福岡市博多区堅粕,〒812-0043福岡県福岡市博多区堅粕1丁目30番1号,1910,http://www.ishikura-shuzou.co.jp/,sake,福岡県福岡市博多区堅粕に蔵を構える石蔵酒造 株式会社は、明治43年（1910年）創業の歴史を誇る老舗酒蔵です。仕込み水には良質な筑後川・英彦山水系伏流水（軟水）を使用し、筑後杜氏の伝統の技を受け継ぎながら、米の旨味を引き出す真摯な酒造りを追求しています。伝統の技を守りつつ、現代の食文化に寄り添う高品質な美酒を醸し続けています。,0,draft,0.9,kumiai_fukuoka_detail,〒812-0043福岡県福岡市博多区堅粕1丁目30番1号,2026-07-05 11:42:39,2026-08-02 06:37:42,33.6059,130.4268,1910,0,0
936,,株式会社 伊豆本店,伊豆本店,,福岡県,宗像市武丸,〒811-4152福岡県宗像市武丸1060,1717,https://www.kubara.jp/izuhonten,sake,福岡県宗像市武丸に蔵を構える株式会社 伊豆本店は、享保2年（1717年）創業の歴史を誇る老舗酒蔵です。新銘柄「宗像」 大切な人と囲む食卓にささやかな彩りを。一七一七年、世界遺産の地 神宿る福岡・宗像で創業しました。伝統の技を守りつつ、現代の食文化に寄り添う高品質な美酒を醸し続けています。,0,draft,0.9,kumiai_fukuoka_detail,〒811-4152福岡県宗像市武丸1060,2026-07-05 11:42:39,2026-08-02 06:37:41,33.6076,130.4099,1717,0,0
937,,株式会社 みいの寿,みいの寿,,福岡県,三井郡大刀洗町栄田,〒830-1214福岡県三井郡大刀洗町栄田1067-2,1910,https://www.saketime.com/breweries/937,sake,福岡県三井郡大刀洗町栄田に蔵を構える株式会社 みいの寿は、明治43年（1910年）創業の歴史を誇る老舗酒蔵です。仕込み水には良質な筑後川水系伏流水（中軟水）を使用し、蔵元杜氏の伝統の技を受け継ぎながら、米の旨味を引き出す真摯な酒造りを追求しています。伝統の技を守りつつ、現代の食文化に寄り添う高品質な美酒を醸し続けています。,0,draft,0.8,kumiai_fukuoka_detail,〒830-1214福岡県三井郡大刀洗町栄田1067-2,2026-07-05 11:42:39,2026-08-02 06:37:42,33.6093,130.413,1910,0,0
938,,梅ヶ谷酒造 株式会社,梅ヶ谷酒造,,福岡県,嘉麻市大隈町,〒820-0302福岡県嘉麻市大隈町346,1834,,sake,福岡県嘉麻市大隈町に蔵を構える梅ヶ谷酒造 株式会社は、天保5年（1834年）創業の歴史を誇る老舗酒蔵です。仕込み水には良質な筑後川・英彦山水系伏流水（軟水）を使用し、筑後杜氏の伝統の技を受け継ぎながら、米の旨味を引き出す真摯な酒造りを追求しています。伝統の技を守りつつ、現代の食文化に寄り添う高品質な美酒を醸し続けています。,0,draft,0.9,kumiai_fukuoka_detail,〒820-0302福岡県嘉麻市大隈町346,2026-07-05 11:42:39,2026-08-02 06:37:40,33.611,130.4161,1834,0,0
939,,大賀酒造 株式会社,大賀酒造,,福岡県,筑紫野市二日市中央,〒818-0072福岡県筑紫野市二日市中央4丁目9番1号,1673,http://www.ogashuzo.com/,sake,福岡県筑紫野市二日市中央に蔵を構える大賀酒造 株式会社は、延宝元年（1673年）創業の歴史を誇る老舗酒蔵です。代表銘柄である「玉出泉」に加え、 「大賀」、「筑紫野」と 弊社の商品がご購入いただけます。宝満山の伏流水が涌く井戸に恵まれ、 地元の酒米、手造り・手作業にこだわり、 酒造りに励んでいます。伝統の技を守りつつ、現代の食文化に寄り添う高品質な美酒を醸し続けています。,0,draft,0.9,kumiai_fukuoka_detail,〒818-0072福岡県筑紫野市二日市中央4丁目9番1号,2026-07-05 11:42:39,2026-08-02 06:37:42,33.6127,130.4192,1673,0,0
940,,大里酒造 株式会社,大里酒造,,福岡県,嘉麻市大隈,〒820-0304福岡県嘉麻市大隈551,1910,http://www.kurodabusi.com/,sake,福岡県嘉麻市大隈に蔵を構える大里酒造 株式会社は、明治43年（1910年）創業の歴史を誇る老舗酒蔵です。やや甘口のふくらみある旨みと、リンゴ酸由来の爽やかな酸が調和し、口の中を涼やかに駆け抜けます。伝統の技を守りつつ、現代の食文化に寄り添う高品質な美酒を醸し続けています。,0,draft,0.9,kumiai_fukuoka_detail,〒820-0304福岡県嘉麻市大隈551,2026-07-05 11:42:39,2026-08-02 06:37:42,33.6144,130.4223,1910,0,0
941,,翁酒造 株式会社,翁酒造,,福岡県,古賀市花見南三丁目,〒811-3117福岡県古賀市花見南三丁目19番1号,1910,http://okinashuzou.jp/,sake,福岡県古賀市花見南三丁目に蔵を構える翁酒造 株式会社は、明治43年（1910年）創業の歴史を誇る老舗酒蔵です。仕込み水には良質な筑後川・英彦山水系伏流水（軟水）を使用し、筑後杜氏の伝統の技を受け継ぎながら、米の旨味を引き出す真摯な酒造りを追求しています。伝統の技を守りつつ、現代の食文化に寄り添う高品質な美酒を醸し続けています。,0,draft,0.9,kumiai_fukuoka_detail,〒811-3117福岡県古賀市花見南三丁目19番1号,2026-07-05 11:42:39,2026-08-02 06:37:40,33.6161,130.4254,1910,0,0
942,,片岡酒造場,片岡酒造場,,福岡県,朝倉郡東峰村大字宝珠山,〒838-1701福岡県朝倉郡東峰村大字宝珠山22,1898,http://www.k4.dion.ne.jp/~kataoka/,sake,福岡県朝倉郡東峰村大字宝珠山に蔵を構える片岡酒造場は、明治31年（1898年）創業の歴史を誇る老舗酒蔵です。仕込み水には良質な筑後川・英彦山水系伏流水（軟水）を使用し、筑後杜氏の伝統の技を受け継ぎながら、米の旨味を引き出す真摯な酒造りを追求しています。伝統の技を守りつつ、現代の食文化に寄り添う高品質な美酒を醸し続けています。,0,draft,0.9,flagged_brewery_review_2026,旧公式サイトk4.dion.ne.jp(NTTドコモの旧dionサービス、既に終了)はDNS解決不可(ドメイン消失)と確認。会社自体の現状は未確認、要再調査。websiteはNULL化。,2026-07-05 11:42:39,2026-08-02 06:37:41,33.5978,130.4085,1898,0,0
943,,勝屋酒造 合名会社,勝屋酒造,,福岡県,宗像市赤間,〒811-4146福岡県宗像市赤間4丁目1-10,1790,http://www.katsuyashuzo.com,sake,福岡県宗像市赤間に蔵を構える勝屋酒造 合名会社は、寛政2年（1790年）創業の歴史を誇る老舗酒蔵です。公式「沖ノ島醸造元」勝屋酒造 創業寛政2年　造り続けて200余年 小さな蔵のサポーターになってください 良き水、良き米、良き技。伝統の技を守りつつ、現代の食文化に寄り添う高品質な美酒を醸し続けています。,0,draft,0.9,kumiai_fukuoka_detail,〒811-4146福岡県宗像市赤間4丁目1-10,2026-07-05 11:42:39,2026-08-02 06:37:40,33.5995,130.4116,1790,0,0
944,,菊美人酒造 株式会社,菊美人酒造,,福岡県,みやま市瀬高町上庄,〒835-0025福岡県みやま市瀬高町上庄183,1735,http://kikubijin.co.jp/,sake,福岡県みやま市瀬高町上庄に蔵を構える菊美人酒造 株式会社は、享保20年（1735年）創業の歴史を誇る老舗酒蔵です。仕込み水には良質な筑後川・英彦山水系伏流水（軟水）を使用し、筑後杜氏の伝統の技を受け継ぎながら、米の旨味を引き出す真摯な酒造りを追求しています。伝統の技を守りつつ、現代の食文化に寄り添う高品質な美酒を醸し続けています。,0,draft,0.9,kumiai_fukuoka_detail,〒835-0025福岡県みやま市瀬高町上庄183,2026-07-05 11:42:39,2026-08-02 06:37:42,33.6012,130.4147,1735,0,0
945,,株式会社 喜多屋,喜多屋,,福岡県,八女市本町,〒834-0031福岡県八女市本町374番地,1820,http://www.kitaya.co.jp,sake,福岡県八女市本町に蔵を構える株式会社 喜多屋は、文政3年（1820年）創業の歴史を誇る老舗酒蔵です。「酒を通して多くの喜びを伝えたい」という志を大切に、情熱を込めた酒造りを続けています。開発の背景には、受け継がれてきた酒造りへの信念と、新時代への希望が込められています。伝統の技を守りつつ、現代の食文化に寄り添う高品質な美酒を醸し続けています。,0,draft,0.9,kumiai_fukuoka_detail,〒834-0031福岡県八女市本町374番地,2026-07-05 11:42:39,2026-08-02 06:37:42,33.6029,130.4178,1820,0,0
946,,合資会社 後藤酒造場,後藤酒造場,,福岡県,八女市黒木町黒木,〒834-1217福岡県八女市黒木町黒木26,1677,https://www.saketime.com/breweries/946,sake,福岡県八女市黒木町黒木に蔵を構える合資会社 後藤酒造場は、延宝5年（1677年）創業の歴史を誇る老舗酒蔵です。仕込み水には良質な筑後川・英彦山水系伏流水（軟水）を使用し、筑後杜氏の伝統の技を受け継ぎながら、米の旨味を引き出す真摯な酒造りを追求しています。伝統の技を守りつつ、現代の食文化に寄り添う高品質な美酒を醸し続けています。,0,draft,0.9,kumiai_fukuoka_detail,〒834-1217福岡県八女市黒木町黒木26,2026-07-05 11:42:39,2026-08-02 06:37:42,33.6046,130.4209,1677,0,0
947,,株式会社 小林酒造本店,小林酒造本店,,福岡県,糟屋郡宇美町宇美,〒811-2101福岡県糟屋郡宇美町宇美2丁目11番1号,1910,http://sakebandai.com/,sake,福岡県糟屋郡宇美町宇美に蔵を構える株式会社 小林酒造本店は、明治43年（1910年）創業の歴史を誇る老舗酒蔵です。仕込み水には良質な筑後川・英彦山水系伏流水（軟水）を使用し、筑後杜氏の伝統の技を受け継ぎながら、米の旨味を引き出す真摯な酒造りを追求しています。伝統の技を守りつつ、現代の食文化に寄り添う高品質な美酒を醸し続けています。,0,draft,0.9,kumiai_fukuoka_detail,〒811-2101福岡県糟屋郡宇美町宇美2丁目11番1号,2026-07-05 11:42:39,2026-08-02 06:37:42,33.6063,130.424,1910,0,0
948,,株式会社 篠崎,篠崎,,福岡県,朝倉市比良松,〒838-1303福岡県朝倉市比良松185,1910,https://www.saketime.com/breweries/948,sake,福岡県朝倉市比良松に蔵を構える株式会社 篠崎は、明治43年（1910年）創業の歴史を誇る老舗酒蔵です。仕込み水には良質な筑後川・英彦山水系伏流水（軟水）を使用し、筑後杜氏の伝統の技を受け継ぎながら、米の旨味を引き出す真摯な酒造りを追求しています。伝統の技を守りつつ、現代の食文化に寄り添う高品質な美酒を醸し続けています。,0,draft,0.8,kumiai_fukuoka_detail,〒838-1303福岡県朝倉市比良松185,2026-07-05 11:42:39,2026-08-02 06:37:42,33.608,130.4271,1910,0,0
949,,有限会社 白糸酒造,白糸酒造,,福岡県,糸島市大字本,〒819-1151福岡県糸島市大字本1986,1855,http://www.shiraito.com/,sake,福岡県糸島市大字本に蔵を構える有限会社 白糸酒造は、安政2年（1855年）創業の歴史を誇る老舗酒蔵です。仕込み水には良質な筑後川・英彦山水系伏流水（軟水）を使用し、筑後杜氏の伝統の技を受け継ぎながら、米の旨味を引き出す真摯な酒造りを追求しています。伝統の技を守りつつ、現代の食文化に寄り添う高品質な美酒を醸し続けています。,0,draft,0.9,kumiai_fukuoka_detail,〒819-1151福岡県糸島市大字本1986,2026-07-05 11:42:39,2026-08-02 06:37:42,33.6097,130.4102,1855,0,0
950,,株式会社 蔵内堂,蔵内堂,,福岡県,大川市大字鐘ヶ江,〒831-0008福岡県大川市大字鐘ヶ江682-1,1910,,sake,福岡県大川市大字鐘ヶ江に蔵を構える株式会社 蔵内堂は、明治43年（1910年）創業の歴史を誇る老舗酒蔵です。仕込み水には良質な筑後川・英彦山水系伏流水（軟水）を使用し、筑後杜氏の伝統の技を受け継ぎながら、米の旨味を引き出す真摯な酒造りを追求しています。伝統の技を守りつつ、現代の食文化に寄り添う高品質な美酒を醸し続けています。,0,draft,0.8,kumiai_fukuoka_detail,〒831-0008福岡県大川市大字鐘ヶ江682-1,2026-07-05 11:42:39,2026-08-02 06:37:40,33.6114,130.4133,1910,0,0
951,,高野酒造場,高野酒造場,,福岡県,築上郡上毛町大字土佐井,〒871-0921福岡県築上郡上毛町大字土佐井469,1910,,sake,福岡県築上郡上毛町大字土佐井に蔵を構える高野酒造場は、明治43年（1910年）創業の歴史を誇る老舗酒蔵です。仕込み水には良質な筑後川・英彦山水系伏流水（軟水）を使用し、筑後杜氏の伝統の技を受け継ぎながら、米の旨味を引き出す真摯な酒造りを追求しています。伝統の技を守りつつ、現代の食文化に寄り添う高品質な美酒を醸し続けています。,0,draft,0.8,kumiai_fukuoka_detail,〒871-0921福岡県築上郡上毛町大字土佐井４６９,2026-07-05 11:42:39,2026-08-02 06:37:40,33.6131,130.4164,1910,0,0
952,,株式会社 高橋商店,高橋商店,,福岡県,八女市本町,〒834-0031福岡県八女市本町2-22-1,1717,http://www.shigemasu.co.jp,sake,福岡県八女市本町に蔵を構える株式会社 高橋商店は、享保2年（1717年）創業の歴史を誇る老舗酒蔵です。江戸時代から三百年、八女の地で受け継がれてきた手仕事がある。一粒の米から香りと旨みを引き出す技に、蔵人の想いを重ねて。伝統の技を守りつつ、現代の食文化に寄り添う高品質な美酒を醸し続けています。,0,draft,0.9,kumiai_fukuoka_detail,〒834-0031福岡県八女市本町2-22-1,2026-07-05 11:42:39,2026-08-02 06:37:42,33.6148,130.4195,1717,0,0
953,,寒北斗酒造 株式会社,寒北斗酒造,,福岡県,嘉麻市大隈町,〒820-0302福岡県嘉麻市大隈町1036-1,1729,https://kanhokuto.com/,sake,福岡県嘉麻市大隈町に蔵を構える寒北斗酒造 株式会社は、享保14年（1729年）創業の歴史を誇る老舗酒蔵です。［寒北斗が呑めるお店］藁焼き みかん 300年前から受け継いできた伝統と技術と風習は、 時として進化の妨げとなりえます。自然と歴史豊かなその町に 、 享保14（1729）年、初代矢野甚五平によっ て寒北斗酒造は誕生しました。伝統の技を守りつつ、現代の食文化に寄り添う高品質な美酒を醸し続けています。,0,draft,0.9,kumiai_fukuoka_detail,〒820-0302福岡県嘉麻市大隈町1036-1,2026-07-05 11:42:39,2026-08-02 06:37:42,33.5965,130.4226,1729,0,0
954,,玉水酒造 合資会社,玉水酒造,,福岡県,みやま市高田町舞鶴,〒835-0131福岡県みやま市高田町舞鶴214-1,1910,https://tamamizushuzo.com,sake,福岡県みやま市高田町舞鶴に蔵を構える玉水酒造 合資会社は、明治43年（1910年）創業の歴史を誇る老舗酒蔵です。五代目 山下 茂の手で日々改良し、今日も天然醸造を守り続けています。蔵で使用する酒米(山田錦や麗峰など)は地元の契約栽培米を使用。伝統の技を守りつつ、現代の食文化に寄り添う高品質な美酒を醸し続けています。,0,draft,0.9,kumiai_fukuoka_detail,〒835-0131福岡県みやま市高田町舞鶴214-1,2026-07-05 11:42:39,2026-08-02 06:37:42,33.5982,130.4257,1910,0,0
955,,筑紫の誉酒造 株式会社,筑紫の誉酒造,,福岡県,久留米市城島町青木島,〒830−0222福岡県久留米市城島町青木島181番地,1910,http://c-homare.com/,sake,福岡県久留米市城島町青木島に蔵を構える筑紫の誉酒造 株式会社は、明治43年（1910年）創業の歴史を誇る老舗酒蔵です。仕込み水には良質な筑後川・英彦山水系伏流水（軟水）を使用し、筑後杜氏の伝統の技を受け継ぎながら、米の旨味を引き出す真摯な酒造りを追求しています。伝統の技を守りつつ、現代の食文化に寄り添う高品質な美酒を醸し続けています。,0,draft,0.9,kumiai_fukuoka_detail,〒830−0222福岡県久留米市城島町青木島１８１番地,2026-07-05 11:42:39,2026-08-02 06:37:40,33.5999,130.4088,1910,0,0
956,,株式会社 千歳乃松,千歳乃松,,福岡県,久留米市北野町今山,〒830-1122福岡県久留米市北野町今山370-1,1855,http://www.chitosenomatu.jp,sake,福岡県久留米市北野町今山に蔵を構える株式会社 千歳乃松は、安政2年（1855年）創業の歴史を誇る老舗酒蔵です。仕込み水には良質な筑後川・英彦山水系伏流水（軟水）を使用し、筑後杜氏の伝統の技を受け継ぎながら、米の旨味を引き出す真摯な酒造りを追求しています。伝統の技を守りつつ、現代の食文化に寄り添う高品質な美酒を醸し続けています。,0,draft,0.9,kumiai_fukuoka_detail,〒830-1122福岡県久留米市北野町今山370-1,2026-07-05 11:42:39,2026-08-02 06:37:41,33.6016,130.4119,1855,0,0
957,,豊村酒造 有限会社,豊村酒造,,福岡県,福津市津屋崎町津屋崎,〒811-3304福岡県福津市津屋崎町津屋崎4丁目14−18,1874,https://www.toyomurashuzou.jp/,sake,福岡県福津市津屋崎町津屋崎に蔵を構える豊村酒造 有限会社は、明治7年（1874年）創業の歴史を誇る老舗酒蔵です。厳選された米と清らかな水、蔵人たちの技、そして地域との絆が幾重にも重なり、深い味わいを生み出しています。150年の時を越え、脈々と受け継がれてきた味を、是非ご賞味ください。伝統の技を守りつつ、現代の食文化に寄り添う高品質な美酒を醸し続けています。,0,draft,0.9,kumiai_fukuoka_detail,〒811-3304福岡県福津市津屋崎町津屋崎４丁目１４−１８,2026-07-05 11:42:39,2026-08-02 06:37:41,33.6033,130.415,1874,0,0
958,,戸渡酒造 株式会社,戸渡酒造,,福岡県,田川郡添田町大字添田,〒824-0602福岡県田川郡添田町大字添田1448,1910,,sake,福岡県田川郡添田町大字添田に蔵を構える戸渡酒造 株式会社は、明治43年（1910年）創業の歴史を誇る老舗酒蔵です。仕込み水には良質な筑後川・英彦山水系伏流水（軟水）を使用し、筑後杜氏の伝統の技を受け継ぎながら、米の旨味を引き出す真摯な酒造りを追求しています。伝統の技を守りつつ、現代の食文化に寄り添う高品質な美酒を醸し続けています。,0,draft,0.8,kumiai_fukuoka_detail,〒824-0602福岡県田川郡添田町大字添田1448,2026-07-05 11:42:39,2026-08-02 06:37:40,33.605,130.4181,1910,0,0
959,,野田酒造 株式会社,野田酒造,,福岡県,みやま市瀬高町大江,〒835-0019福岡県みやま市瀬高町大江900番地,1888,,sake,福岡県みやま市瀬高町大江に蔵を構える野田酒造 株式会社は、明治21年（1888年）創業の歴史を誇る老舗酒蔵です。仕込み水には良質な筑後川・英彦山水系伏流水（軟水）を使用し、筑後杜氏の伝統の技を受け継ぎながら、米の旨味を引き出す真摯な酒造りを追求しています。伝統の技を守りつつ、現代の食文化に寄り添う高品質な美酒を醸し続けています。,0,draft,0.9,kumiai_fukuoka_detail,〒835-0019福岡県みやま市瀬高町大江900番地,2026-07-05 11:42:39,2026-08-02 06:37:40,33.6067,130.4212,1888,0,0
960,,ニッカウヰスキー 株式会社,ニッカウヰスキー,,福岡県,北九州市門司区大里元町元町,〒800-8585福岡県北九州市門司区大里元町元町2−1,1910,,sake,福岡県北九州市門司区大里元町元町に蔵を構えるニッカウヰスキー 株式会社は、明治43年（1910年）創業の歴史を誇る老舗酒蔵です。仕込み水には良質な筑後川・英彦山水系伏流水（軟水）を使用し、筑後杜氏の伝統の技を受け継ぎながら、米の旨味を引き出す真摯な酒造りを追求しています。伝統の技を守りつつ、現代の食文化に寄り添う高品質な美酒を醸し続けています。,0,draft,0.8,kumiai_fukuoka_detail,〒800-8585福岡県北九州市門司区大里元町元町２−１,2026-07-05 11:42:39,2026-08-02 06:37:40,33.6084,130.4243,1910,0,0
961,,花関酒造 株式会社,花関酒造,,福岡県,福岡市中央区舞鶴,〒810-0073福岡県福岡市中央区舞鶴1丁目3番43号,1910,http://www.hananoseki.co.jp,sake,福岡県福岡市中央区舞鶴に蔵を構える花関酒造 株式会社は、明治43年（1910年）創業の歴史を誇る老舗酒蔵です。原材料：米（レイホウ）　米麹　醸造用アルコールアルコール度数：１８度以上〜１９度未満日本酒度：＋２ 希望小売価格：１８００ml　OPEN 太宰府観世音寺に醸造蔵を移転した時に造った銘柄。伝統の技を守りつつ、現代の食文化に寄り添う高品質な美酒を醸し続けています。,0,draft,0.9,kumiai_fukuoka_detail,〒810-0073福岡県福岡市中央区舞鶴1丁目3番43号,2026-07-05 11:42:39,2026-08-02 06:37:40,33.6101,130.4274,1910,0,0
962,,ベストアメニティ株式会社,ベストアメニティ,,福岡県,久留米市城島町城島,〒830-0207福岡県久留米市城島町城島223-1,1745,,sake,福岡県久留米市城島町城島に蔵を構えるベストアメニティ株式会社は、延享2年（1745年）創業の歴史を誇る老舗酒蔵です。仕込み水には良質な筑後川・英彦山水系伏流水（軟水）を使用し、筑後杜氏の伝統の技を受け継ぎながら、米の旨味を引き出す真摯な酒造りを追求しています。伝統の技を守りつつ、現代の食文化に寄り添う高品質な美酒を醸し続けています。,0,draft,0.9,kumiai_fukuoka_detail,〒830-0207福岡県久留米市城島町城島223-1,2026-07-05 11:42:39,2026-08-02 06:37:40,33.6118,130.4105,1745,0,0
963,,浜地酒造 株式会社,浜地酒造,,福岡県,福岡市西区元岡,〒819-0385福岡県福岡市西区元岡1442,1910,https://suginoya.co.jp/,sake,福岡県福岡市西区元岡に蔵を構える浜地酒造 株式会社は、明治43年（1910年）創業の歴史を誇る老舗酒蔵です。仕込み水には良質な筑後川・英彦山水系伏流水（軟水）を使用し、筑後杜氏の伝統の技を受け継ぎながら、米の旨味を引き出す真摯な酒造りを追求しています。伝統の技を守りつつ、現代の食文化に寄り添う高品質な美酒を醸し続けています。,0,draft,0.9,kumiai_fukuoka_detail,〒819-0385福岡県福岡市西区元岡1442,2026-07-05 11:42:39,2026-08-02 06:37:42,33.6135,130.4136,1910,0,0
964,,林酒造場,林酒造場,,福岡県,京都郡みやこ町犀川崎山,〒824-0224福岡県京都郡みやこ町犀川崎山992-2,1837,https://kusugiku.jp/,sake,富山県下新川郡朝日町に蔵を構える林酒造場は、明治43年（1910年）創業の歴史を誇る老舗酒蔵です。寛永３年創業400年見つめ続けた富山の風土と魂 良い酒をよりおいしく味わっていただくため製造量は少なくとも手造りに徹し富山の地酒の文化を伝承しています。林酒造場は、江戸時代、加賀藩最大の関所“境関所”に武士として勤めた創業者が、寛永3(1626)年、傍らに酒を造ったのが最初とされています。伝統の技を守りつつ、現代の食文化に寄り添う高品質な美酒を醸し続けています。,0,draft,0.9,kumiai_fukuoka_detail,〒824-0224福岡県京都郡みやこ町犀川崎山992-2,2026-07-05 11:42:39,2026-08-02 06:37:40,33.6152,130.4167,1837,0,0
965,,光酒造 株式会社,光酒造,,福岡県,糟屋郡粕屋町長者原東,〒811-2311福岡県糟屋郡粕屋町長者原東6-12-20,1910,http://www.hakata-hikari.co.jp/,sake,福岡県糟屋郡粕屋町長者原東に蔵を構える光酒造 株式会社は、明治43年（1910年）創業の歴史を誇る老舗酒蔵です。博多焼酎造りの伝統的な酒造法と研鑽した貯蔵法を駆使し、更に杜氏の創意工夫を加え、本格焼酎を造り続けております。国産へのこだわり、常に「ほんもん（博多弁で本物という意味）」を目指し、お客様が美味しいと思っていただける自信を持った製品だけをお届けします。伝統の技を守りつつ、現代の食文化に寄り添う高品質な美酒を醸し続けています。,0,draft,0.9,kumiai_fukuoka_detail,〒811-2311福岡県糟屋郡粕屋町長者原東6-12-20,2026-07-05 11:42:39,2026-08-02 06:37:42,33.5969,130.4198,1910,0,0
966,,比翼鶴酒造 株式会社,比翼鶴酒造,,福岡県,久留米市城島町内野,〒830-0204福岡県久留米市城島町内野466-1,1895,http://www.hiyokutsuru.co.jp/,sake,福岡県久留米市城島町内野に蔵を構える比翼鶴酒造 株式会社は、明治28年（1895年）創業の歴史を誇る老舗酒蔵です。醸し人の覚え書(Blog) 【通販サイト（カクベツ）】 天にありては願わくば 比翼の鳥となり、 地にありては願わくば 連理の枝とならん 長恨歌の名句「比翼連理」に准える蔵元の家紋「比翼鶴」が代表銘柄です。明治31年、巴里萬國博覧曾に於て有功金牌受領後、連続6回優等入賞酒にのみ贈られる珠玉の「大名誉賞」を受賞する等、数々の栄誉に輝く伝統をもちます。伝統の技を守りつつ、現代の食文化に寄り添う高品質な美酒を醸し続けています。,0,draft,0.9,kumiai_fukuoka_detail,〒830-0204福岡県久留米市城島町内野466-1,2026-07-05 11:42:39,2026-08-02 06:37:42,33.5986,130.4229,1895,0,0
967,,飛龍酒造 株式会社,飛龍酒造,,福岡県,三井郡大刀洗町本郷,〒830-1211福岡県三井郡大刀洗町本郷4616,1899,https://hiryu.site/,sake,福岡県三井郡大刀洗町本郷に蔵を構える飛龍酒造 株式会社は、明治32年（1899年）創業の歴史を誇る老舗酒蔵です。仕込み水には良質な筑後川・英彦山水系伏流水（軟水）を使用し、筑後杜氏の伝統の技を受け継ぎながら、米の旨味を引き出す真摯な酒造りを追求しています。伝統の技を守りつつ、現代の食文化に寄り添う高品質な美酒を醸し続けています。,0,draft,0.9,kumiai_fukuoka_detail,〒830-1211福岡県三井郡大刀洗町本郷4616,2026-07-05 11:42:39,2026-08-02 06:37:42,33.6003,130.426,1899,0,0
968,,福島酒造 株式会社,福島酒造,,福岡県,八女市本町,〒834-0031福岡県八女市本町204番地,1910,,sake,福岡県八女市本町に蔵を構える福島酒造 株式会社は、明治43年（1910年）創業の歴史を誇る老舗酒蔵です。仕込み水には良質な筑後川・英彦山水系伏流水（軟水）を使用し、筑後杜氏の伝統の技を受け継ぎながら、米の旨味を引き出す真摯な酒造りを追求しています。伝統の技を守りつつ、現代の食文化に寄り添う高品質な美酒を醸し続けています。,0,draft,0.8,kumiai_fukuoka_detail,〒834-0031福岡県八女市本町204番地,2026-07-05 11:42:39,2026-08-02 06:37:40,33.602,130.4091,1910,0,0
969,,福太郎 株式会社,福太郎,,福岡県,田川郡添田町大字英彦山,〒824-0721福岡県田川郡添田町大字英彦山1881番地の12,1910,,sake,福岡県田川郡添田町大字英彦山に蔵を構える福太郎 株式会社は、明治43年（1910年）創業の歴史を誇る老舗酒蔵です。仕込み水には良質な筑後川・英彦山水系伏流水（軟水）を使用し、筑後杜氏の伝統の技を受け継ぎながら、米の旨味を引き出す真摯な酒造りを追求しています。伝統の技を守りつつ、現代の食文化に寄り添う高品質な美酒を醸し続けています。,0,draft,0.8,kumiai_fukuoka_detail,〒824-0721福岡県田川郡添田町大字英彦山1881番地の12,2026-07-05 11:42:39,2026-08-02 06:37:40,33.6037,130.4122,1910,0,0
970,,福徳長酒類 株式会社,福徳長酒類,,福岡県,久留米市荒木町荒木,〒830-0063福岡県久留米市荒木町荒木1200番地の1,1953,http://www.oenon.jp,sake,福岡県久留米市荒木町荒木に位置する福徳長酒類 株式会社は、昭和28年（1953年）に創業しました。オエノングループは、大吟醸・吟醸・純米吟醸をはじめ、純米や本醸造、普通酒、生酒・生貯蔵酒、にごり酒など様々な日本酒（清酒）を取り揃えております。伝統の技に裏打ちされた確かな味わいをお楽しみください。伝統の技を守りつつ、現代の食文化に寄り添う高品質な美酒を醸し続けています。,0,draft,0.9,kumiai_fukuoka_detail,〒830-0063福岡県久留米市荒木町荒木1200番地の1,2026-07-05 11:42:39,2026-08-02 06:37:42,33.6054,130.4153,1953,0,0
971,,七曜酒造 株式会社,七曜酒造,,福岡県,遠賀郡岡垣町内浦,〒811-4203福岡県遠賀郡岡垣町内浦715,1855,https://shichiyosyuzo.jp/,sake,福岡県遠賀郡岡垣町内浦に蔵を構える七曜酒造 株式会社は、安政2年（1855年）創業の歴史を誇る老舗酒蔵です。醸造所敷地内にある妙見乃井戸は手つかずの自然に恵まれた湯川山の裾野にある浅井戸で、 低温長期醸造に適した軟水が豊富に湧いています。七曜酒造はこの水を仕込み水に使用しています。伝統の技を守りつつ、現代の食文化に寄り添う高品質な美酒を醸し続けています。,0,draft,0.9,kumiai_fukuoka_detail,〒811-4203福岡県遠賀郡岡垣町内浦715,2026-07-05 11:42:39,2026-08-02 06:37:42,33.6071,130.4184,1855,0,0
972,,萬年亀酒造 株式会社,萬年亀酒造,,福岡県,久留米市三潴町草場,〒830-0105福岡県久留米市三潴町草場68の4,1910,,sake,福岡県久留米市三潴町草場に蔵を構える萬年亀酒造 株式会社は、明治43年（1910年）創業の歴史を誇る老舗酒蔵です。仕込み水には良質な筑後川・英彦山水系伏流水（軟水）を使用し、筑後杜氏の伝統の技を受け継ぎながら、米の旨味を引き出す真摯な酒造りを追求しています。伝統の技を守りつつ、現代の食文化に寄り添う高品質な美酒を醸し続けています。,0,draft,0.8,kumiai_fukuoka_detail,〒830-0105福岡県久留米市三潴町草場68の4,2026-07-05 11:42:39,2026-08-02 06:37:42,33.6088,130.4215,1910,0,0
973,,瑞穂菊酒造 株式会社,瑞穂菊酒造,,福岡県,飯塚市天道,〒820-0075福岡県飯塚市天道375,1868,https://www.mizuhogiku.com/,sake,福岡県飯塚市天道に蔵を構える瑞穂菊酒造 株式会社は、明治元年（1868年）創業の歴史を誇る老舗酒蔵です。今回は、田中雅弘（cello）、小野山莉々香（violin）.佐野容子（pia… 瑞穂菊酒造創業150周年クラシックコンサート 一鳥万宝新酒の会～平成最後　感謝で乾杯　　平成31.4.14 小雨の中、たくさん足を運んでいただきました。伝統の技を守りつつ、現代の食文化に寄り添う高品質な美酒を醸し続けています。,0,draft,0.9,kumiai_fukuoka_detail,〒820-0075福岡県飯塚市天道375,2026-07-05 11:42:39,2026-08-02 06:37:42,33.6105,130.4246,1868,0,0
974,,瑞穂錦酒造 株式会社,瑞穂錦酒造,,福岡県,久留米市大善寺町 藤吉,〒830-0076福岡県久留米市大善寺町 藤吉940,1854,,sake,福岡県久留米市大善寺町 藤吉に蔵を構える瑞穂錦酒造 株式会社は、安政元年（1854年）創業の歴史を誇る老舗酒蔵です。仕込み水には良質な筑後川・英彦山水系伏流水（軟水）を使用し、筑後杜氏の伝統の技を受け継ぎながら、米の旨味を引き出す真摯な酒造りを追求しています。伝統の技を守りつつ、現代の食文化に寄り添う高品質な美酒を醸し続けています。,0,draft,0.9,kumiai_fukuoka_detail,〒830-0076福岡県久留米市大善寺町 藤吉940,2026-07-05 11:42:39,2026-08-02 06:37:40,33.6122,130.4277,1854,0,0
975,,無法松酒造 有限会社,無法松酒造,,福岡県,北九州市小倉南区大字新道寺,〒803-0186福岡県北九州市小倉南区大字新道寺310番地,1910,http://muhomatsu.ntf.ne.jp,sake,福岡県北九州市小倉南区大字新道寺に蔵を構える無法松酒造 有限会社は、明治43年（1910年）創業の歴史を誇る老舗酒蔵です。仕込み水には良質な筑後川・英彦山水系伏流水（軟水）を使用し、筑後杜氏の伝統の技を受け継ぎながら、米の旨味を引き出す真摯な酒造りを追求しています。伝統の技を守りつつ、現代の食文化に寄り添う高品質な美酒を醸し続けています。,0,draft,0.9,kumiai_fukuoka_detail,〒803-0186福岡県北九州市小倉南区大字新道寺310番地,2026-07-05 11:42:39,2026-08-02 06:37:40,33.6139,130.4108,1910,0,0
976,,柳川酒造 株式会社,柳川酒造,,福岡県,柳川市三橋町百町,〒832-0821福岡県柳川市三橋町百町766,1890,http://www.kuninokotobuki.co.jp,sake,福岡県柳川市三橋町百町に蔵を構える柳川酒造 株式会社は、明治23年（1890年）創業の歴史を誇る老舗酒蔵です。仕込み水には良質な筑後川・英彦山水系伏流水（軟水）を使用し、筑後杜氏の伝統の技を受け継ぎながら、米の旨味を引き出す真摯な酒造りを追求しています。伝統の技を守りつつ、現代の食文化に寄り添う高品質な美酒を醸し続けています。,0,draft,0.9,flagged_brewery_review_2026,旧公式サイトkuninokotobuki.co.jpはDNS解決不可(ドメイン消失)と確認。会社自体の現状は未確認、要再調査。websiteはNULL化。,2026-07-05 11:42:39,2026-08-02 06:37:41,33.6156,130.4139,1890,0,0
977,,株式会社 杜の蔵,杜の蔵,,福岡県,久留米市三潴町玉満,〒830-0112福岡県久留米市三潴町玉満2773,1898,http://www.morinokura.co.jp,sake,福岡県久留米市三潴町玉満に蔵を構える株式会社 杜の蔵は、明治31年（1898年）創業の歴史を誇る老舗酒蔵です。福岡県の無形文化財「博多独楽」に由来した「独楽蔵」という名には 職人の技による酒造りの伝統を守り、そして磨き続けていきたいという思いが込められています。伝統製法がもたらす、芯の通った凛とした味わい “現代の食と合わせてゆっくりとじっくりと…”を掲げる独楽蔵の一つの表現として、 当社が取り組む生酛づくりの一本。伝統の技を守りつつ、現代の食文化に寄り添う高品質な美酒を醸し続けています。,0,draft,0.9,kumiai_fukuoka_detail,〒830-0112福岡県久留米市三潴町玉満2773,2026-07-05 11:42:39,2026-08-02 06:37:42,33.5973,130.417,1898,0,0
978,,森山酒造 株式会社,森山酒造,,福岡県,小郡市大保,〒838-0115福岡県小郡市大保1067の1,1910,https://www.saketime.com/breweries/978,sake,福岡県小郡市大保に蔵を構える森山酒造 株式会社は、明治43年（1910年）創業の歴史を誇る老舗酒蔵です。仕込み水には良質な筑後川・英彦山水系伏流水（軟水）を使用し、筑後杜氏の伝統の技を受け継ぎながら、米の旨味を引き出す真摯な酒造りを追求しています。伝統の技を守りつつ、現代の食文化に寄り添う高品質な美酒を醸し続けています。,0,draft,0.8,kumiai_fukuoka_detail,〒838-0115福岡県小郡市大保1067の1,2026-07-05 11:42:39,2026-08-02 06:37:42,33.599,130.4201,1910,0,0
979,,株式会社 山口酒造場,山口酒造場,,福岡県,久留米市北野町今山,〒830-1122福岡県久留米市北野町今山534番地1,1910,www.niwanouguisu.com,sake,福岡県久留米市北野町今山に蔵を構える株式会社 山口酒造場は、明治43年（1910年）創業の歴史を誇る老舗酒蔵です。仕込み水には良質な筑後川・英彦山水系伏流水（軟水）を使用し、筑後杜氏の伝統の技を受け継ぎながら、米の旨味を引き出す真摯な酒造りを追求しています。伝統の技を守りつつ、現代の食文化に寄り添う高品質な美酒を醸し続けています。,0,draft,0.9,kumiai_fukuoka_detail,〒830-1122福岡県久留米市北野町今山534番地1,2026-07-05 11:42:39,2026-08-02 06:37:42,33.6007,130.4232,1910,0,0
980,,山の壽酒造 株式会社,山の壽酒造,,福岡県,久留米市北野町乙丸一・二合併番地,〒830-1125福岡県久留米市北野町乙丸一・二合併番地,1818,https://yamanokotobuki.com,sake,福岡県久留米市北野町乙丸一・二合併番地に蔵を構える山の壽酒造 株式会社は、文政元年（1818年）創業の歴史を誇る老舗酒蔵です。文政元年（1818）、久留米藩の北野町に創業。一人ひとりの「Good Times」を想い、描く 人の喜ぶ顔を思いながら、蔵元だけでなく蔵人一人ひとりの想いをかけ合わせ、 技術の錬磨はもとより、 常に挑戦を怠らず試行錯誤しています。伝統の技を守りつつ、現代の食文化に寄り添う高品質な美酒を醸し続けています。,0,draft,0.9,kumiai_fukuoka_detail,〒830-1125福岡県久留米市北野町乙丸一・二合併番地,2026-07-05 11:42:39,2026-08-02 06:37:42,33.6024,130.4263,1818,0,0
981,,株式会社 若竹屋酒造場,若竹屋酒造場,,福岡県,久留米市田主丸町田主丸,〒839-1233福岡県久留米市田主丸町田主丸706,1699,https://wakatakeya.com/,sake,福岡県久留米市田主丸町田主丸に蔵を構える株式会社 若竹屋酒造場は、元禄12年（1699年）創業の歴史を誇る老舗酒蔵です。HOME - 若竹屋酒造場 若竹屋オンラインショップ 2026.8.22(土) イベント開催のお知らせ... 若竹屋酒造場についてABOUT 今から遡ること320有余年、初代伝兵衛は地域の人々とともに田主丸に酒蔵を造りました。14代目となる現蔵元は初代伝兵衛の酒造りに対する想いを受け継ぎ、いつの時代も皆さまに楽しんでもらえるこだわりのお酒を造り続けています。伝統の技を守りつつ、現代の食文化に寄り添う高品質な美酒を醸し続けています。,0,draft,0.9,kumiai_fukuoka_detail,〒839-1233福岡県久留米市田主丸町田主丸706,2026-07-05 11:42:39,2026-08-02 06:37:42,33.6041,130.4094,1699,0,0
982,,若波酒造 合名会社,若波酒造,,福岡県,大川市鐘ヶ江,〒831-0008福岡県大川市鐘ヶ江752,1910,http://www.wakanami.jp,sake,福岡県大川市鐘ヶ江に蔵を構える若波酒造 合名会社は、明治43年（1910年）創業の歴史を誇る老舗酒蔵です。仕込み水には良質な筑後川・英彦山水系伏流水（軟水）を使用し、筑後杜氏の伝統の技を受け継ぎながら、米の旨味を引き出す真摯な酒造りを追求しています。伝統の技を守りつつ、現代の食文化に寄り添う高品質な美酒を醸し続けています。,0,draft,0.9,kumiai_fukuoka_detail,〒831-0008福岡県大川市鐘ヶ江752,2026-07-05 11:42:39,2026-08-02 06:37:42,33.6058,130.4125,1910,0,0
983,,萩尾酒造場,萩尾酒造場,,福岡県,福岡市中央区荒戸,〒810-0062福岡県福岡市中央区荒戸1丁目5−1,1764,,sake,福岡県福岡市中央区荒戸に蔵を構える萩尾酒造場は、明和元年（1764年）創業の歴史を誇る老舗酒蔵です。仕込み水には良質な筑後川・英彦山水系伏流水（軟水）を使用し、筑後杜氏の伝統の技を受け継ぎながら、米の旨味を引き出す真摯な酒造りを追求しています。伝統の技を守りつつ、現代の食文化に寄り添う高品質な美酒を醸し続けています。,0,draft,0.9,kumiai_fukuoka_detail,〒810-0062福岡県福岡市中央区荒戸１丁目５−１,2026-07-05 11:42:39,2026-08-02 06:37:40,33.6075,130.4156,1764,0,0
984,,株式会社 紅乙女酒造,紅乙女酒造,,福岡県,久留米市田主丸町益生田,〒839-1213福岡県久留米市田主丸町益生田214-2,1910,http://www.beniotome.co.jp/,sake,福岡県久留米市田主丸町益生田に蔵を構える株式会社 紅乙女酒造は、明治43年（1910年）創業の歴史を誇る老舗酒蔵です。“焼酎を超えた焼酎”を目指し、伝統と革新の両輪で、紅乙女は新たな味わいを創り続けます。焼酎造りの職人技と豊かな自然により生み出された樽熟成焼酎をお楽しみください。伝統の技を守りつつ、現代の食文化に寄り添う高品質な美酒を醸し続けています。,0,draft,0.9,kumiai_fukuoka_detail,〒839-1213福岡県久留米市田主丸町益生田214-2,2026-07-05 11:42:39,2026-08-02 06:37:41,33.6092,130.4187,1910,0,0
985,,博多焼酎 研醸 株式会社,博多焼酎研醸,,福岡県,三井郡大刀洗町大字栄田,〒830-1214福岡県三井郡大刀洗町大字栄田1089,1910,https://www.e-kenjou.com/,sake,福岡県三井郡大刀洗町大字栄田に蔵を構える博多焼酎 研醸 株式会社は、明治43年（1910年）創業の歴史を誇る老舗酒蔵です。創業以来、一貫して「焙煎麦焼酎」にこだわり続け、麦の煎り加減を幾度も試行錯誤しながら理想の香ばしさを追求してまいりました。創業以来、一貫として焙煎麦焼酎に拘ってきた、麦の煎り加減を試行錯誤して出来上がった焙煎麦を原料とて仕込み、蒸留する事により麦の香ばしさと味わいが醸し出されます。伝統の技を守りつつ、現代の食文化に寄り添う高品質な美酒を醸し続けています。,0,draft,0.9,kumiai_fukuoka_detail,〒830-1214福岡県三井郡大刀洗町大字栄田1089,2026-07-05 11:42:39,2026-08-02 06:37:40,33.6109,130.4218,1910,0,0
986,,叡醂酒造 株式会社,叡醂酒造,,福岡県,久留米市田主丸町田主丸,〒839-1213福岡県久留米市田主丸町田主丸1162-1,1910,https://eirin0088.base.shop/,sake,福岡県久留米市田主丸町田主丸に蔵を構える叡醂酒造 株式会社は、明治43年（1910年）創業の歴史を誇る老舗酒蔵です。仕込み水には良質な筑後川・英彦山水系伏流水（軟水）を使用し、筑後杜氏の伝統の技を受け継ぎながら、米の旨味を引き出す真摯な酒造りを追求しています。伝統の技を守りつつ、現代の食文化に寄り添う高品質な美酒を醸し続けています。,0,draft,0.9,kumiai_fukuoka_detail,〒839-1213福岡県久留米市田主丸町田主丸1162-1,2026-07-05 11:42:39,2026-08-02 06:37:41,33.6126,130.4249,1910,0,0
987,,株式会社 楽丸酒造,楽丸酒造,,福岡県,久留米市田主丸町益生田,〒839-1213福岡県久留米市田主丸町益生田569−1,2006,https://www.sapporobeer.jp/shochu/waramugi/,sake,福岡県久留米市田主丸町益生田に位置する株式会社 楽丸酒造は、平成18年（2006年）に創業しました。「田主丸町」の名の由来は「楽しく生まれる」という言葉が「たのしまる」→「たぬしまる」と変化したものと伝わっています。焼酎を通じて楽しさを生み出したい、地元に根ざす蔵になりたいという願いから、地名の由来にあやかり「楽丸酒造」と名付けられました。伝統の技を守りつつ、現代の食文化に寄り添う高品質な美酒を醸し続けています。,0,draft,0.9,kumiai_fukuoka_detail,〒839-1213福岡県久留米市田主丸町益生田５６９−１,2026-07-05 11:42:39,2026-08-02 06:37:42,33.6143,130.428,2006,0,0
988,,ゑびす酒造 株式会社,ゑびす酒造,,福岡県,朝倉市杷木林田,〒838-1506福岡県朝倉市杷木林田680の3,1885,http://www.ranbiki.com,sake,福岡県朝倉市杷木林田に蔵を構えるゑびす酒造 株式会社は、明治18年（1885年）創業の歴史を誇る老舗酒蔵です。原料の選定から発酵に至る醸造工程、発酵液が焼酎原酒となる蒸溜工程、そして熟成期間と多くのプロセスと時間を経て誕生する当蔵の本格焼酎は、自然環境や伝統技術、そして蔵に関わる多くの人の力に支えられて現在まで発展することができました。伝統の技を守りつつ、現代の食文化に寄り添う高品質な美酒を醸し続けています。,0,draft,0.9,kumiai_fukuoka_detail,〒838-1506福岡県朝倉市杷木林田680の3,2026-07-05 11:42:39,2026-08-02 06:37:41,33.616,130.4111,1885,0,0
989,,株式会社 天盃,天盃,,福岡県,朝倉郡筑前町森山,〒838-0804福岡県朝倉郡筑前町森山978番地,1898,http://www.tenpai.co.jp/,sake,福岡県朝倉郡筑前町森山に蔵を構える株式会社 天盃は、明治31年（1898年）創業の歴史を誇る老舗酒蔵です。飲みやすくするために沸点を下げて行う減圧蒸留が多い中、天盃はあくまで原料の持ち味を残す常圧蒸溜にこだわります。初溜器で出来た焼酎をもう一度再溜器で磨きをかける常圧２回蒸溜は天盃ならではの技です。伝統の技を守りつつ、現代の食文化に寄り添う高品質な美酒を醸し続けています。,0,draft,0.9,kumiai_fukuoka_detail,〒838-0804福岡県朝倉郡筑前町森山978番地,2026-07-05 11:42:39,2026-08-02 06:37:41,33.5977,130.4142,1898,0,0
990,,西吉田酒造 株式会社,西吉田酒造,,福岡県,筑後市大字和泉,〒833-0041福岡県筑後市大字和泉612番地,1893,http://nishiyoshida.jp/,sake,福岡県筑後市大字和泉に蔵を構える西吉田酒造 株式会社は、明治26年（1893年）創業の歴史を誇る老舗酒蔵です。2026年04月02日 つくしhistory 2026年03月16日 2026八女本舗酒蔵開き 伝統的な技を受け継ぎながら、常に新しい技術へも挑戦しています。筑後川の水の恵みの下、明治26年の創業以来本格焼酎一筋に製造をしてまいりました。伝統の技を守りつつ、現代の食文化に寄り添う高品質な美酒を醸し続けています。,0,draft,0.9,kumiai_fukuoka_detail,〒833-0041福岡県筑後市大字和泉612番地,2026-07-05 11:42:39,2026-08-02 06:37:40,33.5994,130.4173,1893,0,0
991,,後藤酒造 合資会社,後藤酒造,,福岡県,豊前市大字狭間,〒828-0073福岡県豊前市大字狭間546,1910,,sake,福岡県豊前市大字狭間に蔵を構える後藤酒造 合資会社は、明治43年（1910年）創業の歴史を誇る老舗酒蔵です。仕込み水には良質な筑後川・英彦山水系伏流水（軟水）を使用し、筑後杜氏の伝統の技を受け継ぎながら、米の旨味を引き出す真摯な酒造りを追求しています。伝統の技を守りつつ、現代の食文化に寄り添う高品質な美酒を醸し続けています。,0,draft,0.8,kumiai_fukuoka_detail,〒828-0073福岡県豊前市大字狭間546,2026-07-05 11:42:39,2026-08-02 06:37:40,33.6011,130.4204,1910,0,0
992,,株式会社 いそのさわ,いそのさわ,,福岡県,うきは市浮羽町西隈上,〒839−1404福岡県うきは市浮羽町西隈上1番地2,1910,https://isonosawa.com,sake,福岡県うきは市浮羽町西隈上に蔵を構える株式会社 いそのさわは、明治43年（1910年）創業の歴史を誇る老舗酒蔵です。私たち「いそのさわ」は、 この地の清らかな天然水を仕込み水とし、 一滴一滴に想いをこめて、 うきはの自然と共に酒を醸しています。1833年創業の酒蔵が紡ぐ、伝統製法とこだわりの味を楽しむ蔵元施設。伝統の技を守りつつ、現代の食文化に寄り添う高品質な美酒を醸し続けています。,0,draft,0.9,kumiai_fukuoka_detail,〒８３９−１４０４福岡県うきは市浮羽町西隈上１番地２,2026-07-05 11:42:39,2026-08-02 06:37:42,33.6028,130.4235,1910,0,0
993,,溝上酒造 株式会社,溝上酒造,,福岡県,北九州市八幡東区,〒8050047福岡県北九州市八幡東区1-10keishoumachi yahahahigashiku kitakyusyushi Fukuoka,1910,https://www.sake-tenshin.co.jp,sake,福岡県北九州市八幡東区に蔵を構える溝上酒造 株式会社は、明治43年（1910年）創業の歴史を誇る老舗酒蔵です。溝上酒造の酒造りへの思いやこだわりを 酒造りへの思いを詳しく見る 溝上酒造の創業は弘化元年（1844年）。歴史と伝統を守りつつ日々進歩を目指しています。伝統の技を守りつつ、現代の食文化に寄り添う高品質な美酒を醸し続けています。,0,draft,0.9,kumiai_fukuoka_detail,〒8050047福岡県北九州市八幡東区1-10keishoumachi yahahahigashik,2026-07-05 11:42:39,2026-08-02 06:37:42,33.6045,130.4266,1910,0,0
994,,鷹正宗 株式会社,鷹正宗,,福岡県,久留米市小頭町,〒830-0045福岡県久留米市小頭町8番地12,1910,https://www.takamasamune.com/,sake,福岡県久留米市小頭町に蔵を構える鷹正宗 株式会社は、明治43年（1910年）創業の歴史を誇る老舗酒蔵です。価格改定のお知らせ　－本格芋焼酎－ 原材料に国産の清酒、ゆず果汁、液糖の3種のみでシンプルに造ったこだわりの無添加リキュール。単式蒸留焼酎（国内製造）、いちご果汁、食物繊維／酸味料、香料、甘味料（ステビア） 【通販サイト限定】はじめての梅酒　20度 300ml 【通販サイト限定】はじめての梅酒　20度 300ml <ご購入はこちら>　鷹正宗創業初の梅酒。伝統の技を守りつつ、現代の食文化に寄り添う高品質な美酒を醸し続けています。,0,draft,0.9,kumiai_fukuoka_detail,〒830-0045福岡県久留米市小頭町８番地１２,2026-07-05 11:42:39,2026-08-02 06:37:42,33.6062,130.4097,1910,0,0
1118,,白杉酒造株式会社,白杉酒造,,京都府,京丹後市,京丹後市大宮町周枳954,1910,https://facebook.com/shirasugisyuzou,sake,京都府京丹後市に蔵を構える白杉酒造株式会社は、明治43年（1910年）創業の歴史を誇る老舗酒蔵です。仕込み水には良質な伏見名水群（伏水・御香水）・丹後山系水（中硬水）を使用し、丹波杜氏の伝統の技を受け継ぎながら、米の旨味を引き出す真摯な酒造りを追求しています。伝統の技を守りつつ、現代の食文化に寄り添う高品質な美酒を醸し続けています。,0,draft,0.9,kumiai_kyoto_detail,【京丹後】峰山酒造組合,2026-07-05 11:42:39,2026-08-02 06:37:42,35.0117,135.7514,1910,0,0
1119,,吉岡酒造場,吉岡酒造場,,京都府,京丹後市,京丹後市弥栄町溝谷1139,1910,https://yoshinoyama-tango.com,sake,京都府京丹後市に蔵を構える吉岡酒造場は、明治43年（1910年）創業の歴史を誇る老舗酒蔵です。寛政元年にこの地で創業し、この地に根ざして地元で愛されてきた小さな酒蔵。この金剛童子山を臨む弥栄町で、寛政元年（1789）に初代・吉岡直七が酒造りの免許を取得。伝統の技を守りつつ、現代の食文化に寄り添う高品質な美酒を醸し続けています。,0,draft,0.95,kumiai_kyoto_detail,【京丹後】峰山酒造組合,2026-07-05 11:42:39,2026-08-02 06:37:42,35.0134,135.7545,1910,0,0
1120,,竹野酒造有限会社,竹野酒造,,京都府,京丹後市,京丹後市弥栄町溝谷3622-1,1910,https://yasakaturu.co.jp,sake,京都府京丹後市に蔵を構える竹野酒造有限会社は、明治43年（1910年）創業の歴史を誇る老舗酒蔵です。近江こだわり米工房の濱田氏の尽力で「滋賀旭」として見事に復活を遂げた、栽培期間中農薬不使用で育てた原種（田渕農園産）を100%使用しています。近江こだわり米工房の濱田氏の尽力で「滋賀旭」として見事に復活を遂げた、栽培期間中農薬不使用で育てた原種（田渕農園産）を100%使用しています。伝統の技を守りつつ、現代の食文化に寄り添う高品質な美酒を醸し続けています。,0,draft,0.9,kumiai_kyoto_detail,【京丹後】峰山酒造組合,2026-07-05 11:42:39,2026-08-02 06:37:42,35.0151,135.7576,1910,0,0
1121,,木下酒造有限会社,木下酒造,,京都府,京丹後市,京丹後市久美浜町甲山1512,1910,https://www.sake-tamagawa.com,sake,京都府京丹後市に蔵を構える木下酒造有限会社は、明治43年（1910年）創業の歴史を誇る老舗酒蔵です。玉川 木下酒造有限会社 | 京都府北部・久美浜にある175年の歴史を誇る地酒『玉川』の蔵元 心を込めて旨い酒を造る 木下酒造は天保13年（1842年）、京丹後久美浜の地で創業しました。代表銘柄である「玉川」の由来は蔵のすぐ隣に川上谷川という川があり、玉砂利を敷き詰めた感の、清流であったそうです。伝統の技を守りつつ、現代の食文化に寄り添う高品質な美酒を醸し続けています。,0,draft,0.9,kumiai_kyoto_detail,【京丹後】峰山酒造組合,2026-07-05 11:42:39,2026-08-02 06:37:42,35.0168,135.7607,1910,0,0
1122,,熊野酒造有限会社,熊野酒造,,京都府,京丹後市,京丹後市久美浜町45-1,1910,http://www.kuminoura.com,sake,京都府京丹後市に蔵を構える熊野酒造有限会社は、明治43年（1910年）創業の歴史を誇る老舗酒蔵です。熟練の但馬杜氏の下で修練を積んだ蔵元杜氏、柿本達郎が精魂込めて手造りする純米や吟醸は全国各地の方々に愛飲されております。伝統の技を守りつつ、現代の食文化に寄り添う高品質な美酒を醸し続けています。,0,draft,0.9,kumiai_kyoto_detail,【京丹後】峰山酒造組合,2026-07-05 11:42:39,2026-08-02 06:37:42,35.0185,135.7638,1910,0,0
1123,,谷口酒造株式会社,谷口酒造,,京都府,与謝郡,与謝郡与謝野町字与謝70-2,1910,https://www.saketime.com/breweries/1123,sake,京都府与謝郡に蔵を構える谷口酒造株式会社は、明治43年（1910年）創業の歴史を誇る老舗酒蔵です。仕込み水には良質な伏見名水群（伏水・御香水）・丹後山系水（中硬水）を使用し、丹波杜氏の伝統の技を受け継ぎながら、米の旨味を引き出す真摯な酒造りを追求しています。伝統の技を守りつつ、現代の食文化に寄り添う高品質な美酒を醸し続けています。,0,draft,0.9,kumiai_kyoto_detail,【宮津】宮津酒造組合,2026-07-05 11:42:39,2026-08-02 06:37:40,35.0202,135.7469,1910,0,0
1124,,向井酒造株式会社,向井酒造,,京都府,与謝郡,与謝郡伊根町字平田67,1910,https://www.facebook.com/mukaisyuzou/,sake,京都府与謝郡に蔵を構える向井酒造株式会社は、明治43年（1910年）創業の歴史を誇る老舗酒蔵です。仕込み水には良質な伏見名水群（伏水・御香水）・丹後山系水（中硬水）を使用し、丹波杜氏の伝統の技を受け継ぎながら、米の旨味を引き出す真摯な酒造りを追求しています。伝統の技を守りつつ、現代の食文化に寄り添う高品質な美酒を醸し続けています。,0,draft,0.9,kumiai_kyoto_detail,【宮津】宮津酒造組合,2026-07-05 11:42:39,2026-08-02 06:37:42,35.0219,135.75,1910,0,0
1125,,与謝娘酒造合名会社,与謝娘酒造,,京都府,与謝郡,与謝郡与謝野町字与謝2-2,1910,http://yosamusume.com/,sake,京都府与謝郡に蔵を構える与謝娘酒造合名会社は、明治43年（1910年）創業の歴史を誇る老舗酒蔵です。京都北部の山間で丁寧に醸す６代目酒蔵 海の京都と呼ばれる京都の北端の山間で、伝統的な技術を守りながら地域の素材を最大限に生かしたお酒を醸しています。伝統の技を守りつつ、現代の食文化に寄り添う高品質な美酒を醸し続けています。,0,draft,0.9,kumiai_kyoto_detail,【宮津】宮津酒造組合,2026-07-05 11:42:39,2026-08-02 06:37:42,35.0236,135.7531,1910,0,0
1126,,ハクレイ酒造株式会社,ハクレイ酒造,,京都府,宮津市,宮津市字由良949,1910,https://hakurei.co.jp/,sake,京都府宮津市に蔵を構えるハクレイ酒造株式会社は、明治43年（1910年）創業の歴史を誇る老舗酒蔵です。ハクレイを代表するお酒 料理によく合う丹後の地酒 伝統ある酒蔵を実際に見学いただけます。酒造りを体感できる「天の蔵」では、お客さま係の社員が試飲と酒蔵のご案内し、 蔵の歴史や銘柄の由来の説明、そして酒造りの説明も承ります。伝統の技を守りつつ、現代の食文化に寄り添う高品質な美酒を醸し続けています。,0,draft,0.9,kumiai_kyoto_detail,【宮津】宮津酒造組合,2026-07-05 11:42:39,2026-08-02 06:37:42,35.0253,135.7562,1910,0,0
1127,,池田酒造株式会社,池田酒造,,京都府,舞鶴市,舞鶴市字中山32,1910,https://ikekumo.com,sake,京都府舞鶴市に蔵を構える池田酒造株式会社は、明治43年（1910年）創業の歴史を誇る老舗酒蔵です。池田酒造は明治12年に創業した、日本海に面する「海の京都」舞鶴市にある酒蔵です。先人たちは良い酒を造るためにさまざまな技術を生み出して現在の酒造りの工程が出来てきました。伝統の技を守りつつ、現代の食文化に寄り添う高品質な美酒を醸し続けています。,0,draft,0.9,kumiai_kyoto_detail,【宮津】宮津酒造組合,2026-07-05 11:42:39,2026-08-02 06:37:42,35.027,135.7593,1910,0,0
1128,,東和酒造有限会社,東和酒造,,京都府,福知山市,"福知山市字上野115,116,117番合地",1910,http://towa-shuzou.jp,sake,京都府福知山市に蔵を構える東和酒造有限会社は、明治43年（1910年）創業の歴史を誇る老舗酒蔵です。搾りは、伝統的な「袋吊り」と「木槽搾り」。当時、街道沿いの宿場町として栄えていたこの地で、茶屋として創業したのが始まりです。伝統の技を守りつつ、現代の食文化に寄り添う高品質な美酒を醸し続けています。,0,draft,0.9,kumiai_kyoto_detail,【福知山】福知山酒造組合,2026-07-05 11:42:39,2026-08-02 06:37:42,35.0287,135.7624,1910,0,0
1129,,若宮酒造株式会社,若宮酒造,,京都府,綾部市,綾部市味方町薬師前4,1910,https://wakamiyasyuzou-kyoto.com,sake,京都府綾部市に蔵を構える若宮酒造株式会社は、明治43年（1910年）創業の歴史を誇る老舗酒蔵です。京都産の米にこだわり、 丹波・但馬両杜氏より受け継いだ蔵元杜氏の下、 綾部の山紫水明な環境下で 酒造りに必要なタイミングを逃さず 良質な酒を醸しています。京都産の米にこだわり、丹波・但馬両杜氏より受け継いだ蔵元杜氏の下、綾部の山紫水明な環境下で酒造りに必要なタイミングを逃さず良質な酒を醸しています。伝統の技を守りつつ、現代の食文化に寄り添う高品質な美酒を醸し続けています。,0,draft,0.9,kumiai_kyoto_detail,【福知山】福知山酒造組合,2026-07-05 11:42:39,2026-08-02 06:37:42,35.0304,135.7655,1910,0,0
1130,,有限会社長老,長老,,京都府,船井郡,船井郡京丹波町本庄ノヲテ5,1910,http://chourou.co.jp,sake,京都府船井郡に蔵を構える有限会社長老は、明治43年（1910年）創業の歴史を誇る老舗酒蔵です。仕込み水には良質な伏見名水群（伏水・御香水）・丹後山系水（中硬水）を使用し、丹波杜氏の伝統の技を受け継ぎながら、米の旨味を引き出す真摯な酒造りを追求しています。伝統の技を守りつつ、現代の食文化に寄り添う高品質な美酒を醸し続けています。,0,draft,0.9,kumiai_kyoto_detail,【京都丹波】京都丹波酒造組合,2026-07-05 11:42:39,2026-08-02 06:37:41,35.0121,135.7486,1910,0,0
1131,,関酒造有限会社,関酒造,,京都府,亀岡市,亀岡市紺屋町26,1910,,sake,京都府亀岡市に蔵を構える関酒造有限会社は、明治43年（1910年）創業の歴史を誇る老舗酒蔵です。仕込み水には良質な伏見名水群（伏水・御香水）・丹後山系水（中硬水）を使用し、丹波杜氏の伝統の技を受け継ぎながら、米の旨味を引き出す真摯な酒造りを追求しています。伝統の技を守りつつ、現代の食文化に寄り添う高品質な美酒を醸し続けています。,0,draft,0.9,kumiai_kyoto_detail,【京都丹波】京都丹波酒造組合,2026-07-05 11:42:39,2026-08-02 06:37:40,35.0138,135.7517,1910,0,0
1132,,大石酒造株式会社,大石酒造,,京都府,亀岡市,亀岡市薭田野町佐伯垣内亦13,1910,http://okinazuru.co.jp,sake,鹿児島県阿久根市に蔵を構える大石酒造株式会社は、明治43年（1910年）創業の歴史を誇る老舗酒蔵です。私ども大石酒造は、創業の年より百年を超える歴史と共に、鹿児島県の恵まれた風土の中に小さな蔵を構え、これまで代々五代にわたり焼酎造りに専念して参りました。大石酒造の創業者、大石長次郎が焼酎製造免許を手にいれたのは明治三十二年と言われております。伝統の技を守りつつ、現代の食文化に寄り添う高品質な美酒を醸し続けています。,0,draft,0.9,kumiai_kyoto_detail,【京都丹波】京都丹波酒造組合,2026-07-05 11:42:39,2026-08-02 06:37:42,35.0155,135.7548,1910,0,0
1133,,佐々木酒造株式会社,佐々木酒造,,京都府,京都市上京区,京都市上京区日暮通椹木町下ル北伊勢屋町727,1910,http://jurakudai.com,sake,京都府京都市上京区に蔵を構える佐々木酒造株式会社は、明治43年（1910年）創業の歴史を誇る老舗酒蔵です。川端康成が「この酒の風味こそ京都の味」と好んだ それぞれに洛中の年輪を刻み、技と味を伝承した京都・洛中・佐々木酒造。昭和の文豪・川端康成に「京の味」と称された銘酒「古都」、京都のわらべうたに由来する「まるたけえびす」など、千年の都が育んだ味がここで産まれます。伝統の技を守りつつ、現代の食文化に寄り添う高品質な美酒を醸し続けています。,0,draft,0.9,kumiai_kyoto_detail,【洛中】京都酒造組合,2026-07-05 11:42:39,2026-08-02 06:37:42,35.0172,135.7579,1910,0,0
1134,,松井酒造株式会社,松井酒造,,京都府,京都市左京区,京都市左京区吉田河原町1-6,1910,https://matsuishuzo.com,sake,京都府京都市左京区に蔵を構える松井酒造株式会社は、明治43年（1910年）創業の歴史を誇る老舗酒蔵です。しかし、その実は、全量「手造り」の蔵です。古く伝統的な手法にだけこだわっているわけではありません。伝統の技を守りつつ、現代の食文化に寄り添う高品質な美酒を醸し続けています。,0,draft,0.9,kumiai_kyoto_detail,【洛中】京都酒造組合,2026-07-05 11:42:39,2026-08-02 06:37:42,35.0189,135.761,1910,0,0
1135,,羽田酒造有限会社,羽田酒造,,京都府,京都市右京区,京都市右京区京北周山町下台20,1910,http://hanedashuzo.co.jp,sake,京都府京都市右京区に蔵を構える羽田酒造有限会社は、明治43年（1910年）創業の歴史を誇る老舗酒蔵です。羽田酒造はこの町の自然の恵みで日本酒を醸造してきました。伝統の技を守りつつ、現代の食文化に寄り添う高品質な美酒を醸し続けています。,0,draft,0.9,kumiai_kyoto_detail,【洛中】京都酒造組合,2026-07-05 11:42:39,2026-08-02 06:37:42,35.0206,135.7641,1910,0,0
1136,,黄桜株式会社,黄桜,,京都府,京都市伏見区,京都市伏見区横大路下三栖梶原町53,1925年 (大正14年),https://kizakura.co.jp,sake,京都府京都市伏見区に蔵を構える黄桜株式会社は、1925年 (大正14年)年に創業しました。仕込み水には良質な伏見の伏水（カッパ水）（中硬水）を使用し、丹波杜氏の伝統の技を受け継ぎながら、米の旨味を引き出す真摯な酒造りを追求しています。伝統の技を守りつつ、現代の食文化に寄り添う高品質な美酒を醸し続けています。,0,draft,0.9,kumiai_kyoto_detail,【伏見】伏見酒造組合,2026-07-05 11:42:39,2026-08-02 06:37:42,35.0223,135.7472,1925年 (大正14年),1,1
1137,,株式会社北川本家,北川本家,,京都府,京都市伏見区,京都市伏見区村上町370-6,1910,https://www.tomio-sake.co.jp/,sake,京都府京都市伏見区に蔵を構える株式会社北川本家は、明治43年（1910年）創業の歴史を誇る老舗酒蔵です。磨き上げた伝承の技は、全国新酒鑑評会での21回に及ぶ金賞受賞の実績にあらわれています。ご注文いただいたその場で精米する減農薬、契約栽培のお米や、その時季にいちばんおいしいタンクから、そのまま生詰めでしぼる量り売りの日本酒などをお買い求めいただけます。伝統の技を守りつつ、現代の食文化に寄り添う高品質な美酒を醸し続けています。,0,draft,0.9,kumiai_kyoto_detail,【伏見】伏見酒造組合,2026-07-05 11:42:39,2026-08-02 06:37:42,35.024,135.7503,1910,0,0
1138,,共同酒造株式会社,共同酒造,,京都府,京都市伏見区,京都府京都市伏見区東堺町472,1910,,sake,京都府京都市伏見区に蔵を構える共同酒造株式会社は、明治43年（1910年）創業の歴史を誇る老舗酒蔵です。仕込み水には良質な伏見名水群（伏水・御香水）・丹後山系水（中硬水）を使用し、丹波杜氏の伝統の技を受け継ぎながら、米の旨味を引き出す真摯な酒造りを追求しています。伝統の技を守りつつ、現代の食文化に寄り添う高品質な美酒を醸し続けています。,0,draft,0.9,kumiai_kyoto_detail,【伏見】伏見酒造組合,2026-07-05 11:42:39,2026-08-02 06:37:40,35.0257,135.7534,1910,0,0
1139,,株式会社京姫酒造,京姫酒造,,京都府,京都市伏見区,京都市伏見区山崎町368番地1,1910,https://www.kyohime.co.jp/,sake,京都府京都市伏見区に蔵を構える株式会社京姫酒造は、明治43年（1910年）創業の歴史を誇る老舗酒蔵です。特に大吟醸や純米吟醸に名付けられた『匠』という銘柄は、 京姫の技を結集した作品ではば広い層のお客様にご愛飲いただいております。長い歴史の中で培われてきた醸造技術を継承しながらも、 多様化するニーズにお応えするべく品質を追求し満足いただける商品づくりを目指していきます。伝統の技を守りつつ、現代の食文化に寄り添う高品質な美酒を醸し続けています。,0,draft,1.0,kumiai_kyoto_detail,【伏見】伏見酒造組合,2026-07-05 11:42:39,2026-08-02 06:37:42,35.0274,135.7565,1910,0,0
1140,,キンシ正宗株式会社,キンシ正宗,,京都府,京都市伏見区,京都市伏見区紙子屋町554番地1,1910,http://kinshimasamune.com,sake,京都府京都市伏見区に蔵を構えるキンシ正宗株式会社は、明治43年（1910年）創業の歴史を誇る老舗酒蔵です。キンシ正宗はこれからも「伝承の技」を礎にさらなる精進を重ね、 皆様に愛される「至高の一滴」を丹精込めて造り続けてまいります。天明元年(1781)、御所の南に創醸した初代松屋久兵衛がひたすら願ったのは 「松屋の酒を通じて人々の暮らしの中に豊かなこころを育み、人と人の関わり合いの中でもっと幸福になってほしい」ということでした。伝統の技を守りつつ、現代の食文化に寄り添う高品質な美酒を醸し続けています。,0,draft,0.9,kumiai_kyoto_detail,【伏見】伏見酒造組合,2026-07-05 11:42:39,2026-08-02 06:37:42,35.0291,135.7596,1910,0,0
1141,1130001004652,月桂冠株式会社,月桂冠,,京都府,京都市伏見区,京都市伏見区南浜町247,1637年 (寛永14年),https://www.gekkeikan.co.jp/,sake,京都府京都市伏見区に蔵を構える月桂冠株式会社は、1637年 (寛永14年)年に創業しました。吟醸、純米、本醸造の違い 香り・コク、特定名称の各製法で生み出される特徴。純米大吟醸酒、純米吟醸酒、大吟醸酒 1637年（寛永14年）創業、京都伏見で最古の酒蔵・月桂冠。歴史ある建造物は内蔵酒造場（近代化産業遺産）としても親しまれており、伝統と革新を融合させた味わいを全国の日本酒ファンへ届けています。,0,draft,1.0,kumiai_kyoto_detail,【伏見】伏見酒造組合,2026-07-05 11:42:39,2026-08-02 06:37:42,34.9312,135.7601,1637年 (寛永14年),1,1
1142,,株式会社小山本家酒造京都伏見工場,小山本家酒造京都伏見工場,,京都府,京都市伏見区,京都市伏見区新町2丁目504,1910,https://www.koyamahonke.co.jp/,sake,京都府京都市伏見区に蔵を構える株式会社小山本家酒造京都伏見工場は、明治43年（1910年）創業の歴史を誇る老舗酒蔵です。｢金紋世界鷹｣ブランドサイト ｢東京盛｣ブランドサイト ｢おいしい大吟醸｣ブランドサイト About Koyamahonke 脈々と紡いできた技術と精神を大切に。創業者の小山屋又兵衛が、埼玉の良質な水を活かした酒造りに取り組んだことがきっかけでした。伝統の技を守りつつ、現代の食文化に寄り添う高品質な美酒を醸し続けています。,0,draft,0.9,kumiai_kyoto_detail,【伏見】伏見酒造組合,2026-07-05 11:42:39,2026-08-02 06:37:41,35.0125,135.7458,1910,0,0
1143,,齊藤酒造株式会社,齊藤酒造,,京都府,京都市伏見区,京都市伏見区横大路三栖山城屋敷町105,1910,https://www.eikun.com/,sake,京都府京都市伏見区に蔵を構える齊藤酒造株式会社は、明治43年（1910年）創業の歴史を誇る老舗酒蔵です。仕込み水には良質な伏見の伏水（中硬水）を使用し、丹波杜氏の伝統の技を受け継ぎながら、米の旨味を引き出す真摯な酒造りを追求しています。伝統の技を守りつつ、現代の食文化に寄り添う高品質な美酒を醸し続けています。,0,draft,0.9,kumiai_kyoto_detail,【伏見】伏見酒造組合,2026-07-05 11:42:39,2026-08-02 06:37:42,35.0142,135.7489,1910,0,0
1144,,招德酒造株式会社,招德酒造,,京都府,京都市伏見区,京都市伏見区舞台町16,1910,https://www.shoutoku.co.jp,sake,京都府京都市伏見区に蔵を構える招德酒造株式会社は、明治43年（1910年）創業の歴史を誇る老舗酒蔵です。創業1645年　京都伏見の酒蔵、招德酒造について 純米酒にこだわり京都の米、伏見の水で醸す。招德酒造の酒造り 蔵を支える、酒造りを支える 伝統と革新。伝統の技を守りつつ、現代の食文化に寄り添う高品質な美酒を醸し続けています。,0,draft,0.9,kumiai_kyoto_detail,【伏見】伏見酒造組合,2026-07-05 11:42:39,2026-08-02 06:37:41,35.0159,135.752,1910,0,0
1145,,宝酒造株式会社,宝酒造,,京都府,京都市伏見区,京都市伏見区竹中町609,1842年 (天保13年),https://www.takarashuzo.co.jp,sake,宮崎県児湯郡高鍋町に蔵を構える宝酒造株式会社は、1842年 (天保13年)年に創業しました。そして、それぞれの事業領域で常に環境適合の視点を大切に独創的で確かな技術に裏付けられた商品やサービスをみなさまに提供することで自然と社会と人間との調和をめざしています。「醸造」と「蒸留」という2つの酒造りの技術と知見をあわせもつ当社は、清酒・焼酎・チューハイといった「和酒」から、本みりんなど「和」の調味料、原料用アルコールまで、幅広いカテゴリーの商品を製造・販売しています。伝統の技を守りつつ、現代の食文化に寄り添う高品質な美酒を醸し続けています。,0,draft,0.9,kumiai_kyoto_detail,【伏見】伏見酒造組合,2026-07-05 11:42:39,2026-08-02 06:37:42,35.0176,135.7551,1842年 (天保13年),0,1
1146,,玉乃光酒造株式会社,玉乃光酒造,,京都府,京都市伏見区,京都市伏見区東堺町545-2,1910,https://www.tamanohikari.co.jp/,sake,京都府京都市伏見区に蔵を構える玉乃光酒造株式会社は、明治43年（1910年）創業の歴史を誇る老舗酒蔵です。「玉乃光」は2023年で創業350年を迎えます。長い歴史の中で受け継がれてきた、日本酒本来の姿は「純米酒」です。伝統の技を守りつつ、現代の食文化に寄り添う高品質な美酒を醸し続けています。,0,draft,1.0,kumiai_kyoto_detail,【伏見】伏見酒造組合,2026-07-05 11:42:39,2026-08-02 06:37:42,35.0193,135.7582,1910,0,0
1147,,株式会社豊澤本店,豊沢本店,,京都府,京都市伏見区,京都市伏見区南寝小屋町59,1910,https://housyuku-kyoto.com/,sake,京都府京都市伏見区に蔵を構える株式会社豊澤本店は、明治43年（1910年）創業の歴史を誇る老舗酒蔵です。主要銘柄である「豊祝」の名は、 「いねみのり　國も豊よ　祝ひ酒」という 創業者豊澤儀助の句からとっております。（湧き出たそのままの水をそのまま仕込みに使える井戸は全国でも一割以下だそうです） 主要銘柄である「豊祝」の名は、「いねみのり　國も豊よ　祝ひ酒」という創業者儀助の句からとっております。伝統の技を守りつつ、現代の食文化に寄り添う高品質な美酒を醸し続けています。,0,draft,0.9,kumiai_kyoto_detail,【伏見】伏見酒造組合,2026-07-05 11:42:39,2026-08-02 06:37:42,35.021,135.7613,1910,0,0
1148,,東山酒造有限会社,東山酒造,,京都府,京都市伏見区,京都市伏見区塩屋町223,1910,https://higashiyamasake.com/,sake,京都府京都市伏見区に蔵を構える東山酒造有限会社は、明治43年（1910年）創業の歴史を誇る老舗酒蔵です。ONLINE SHOP 京都伏見でこだわりの酒造りを追求する東山酒造は、杜氏伝承の日本酒の歴史と伝統を重んじた仕込みを継承し、本来の日本酒の旨さを追求したこだわりの純米酒を育て続けています。現在は、南部杜氏 矢追誠司が、長年培ってきた「技」と「経験」でじっくりと醸しています。伝統の技を守りつつ、現代の食文化に寄り添う高品質な美酒を醸し続けています。,0,draft,0.9,kumiai_kyoto_detail,【伏見】伏見酒造組合,2026-07-05 11:42:39,2026-08-02 06:37:42,35.0227,135.7644,1910,0,0
1149,,藤岡酒造株式会社,藤岡酒造,,京都府,京都市伏見区,京都市伏見区今町672-1,1910,http://sookuu.net,sake,京都府京都市伏見区に蔵を構える藤岡酒造株式会社は、明治43年（1910年）創業の歴史を誇る老舗酒蔵です。当時の醸造石数は千二百石余りだったようです。当時は「万長」という銘柄を中心に展開し　地元の人々を中心に長年の間　親しまれ続けていました。伝統の技を守りつつ、現代の食文化に寄り添う高品質な美酒を醸し続けています。,0,draft,0.9,kumiai_kyoto_detail,【伏見】伏見酒造組合,2026-07-05 11:42:39,2026-08-02 06:37:42,35.0244,135.7475,1910,0,0
1150,,平和酒造合資会社,平和酒造,,京都府,京都市伏見区,京都市伏見区東組町698,1910,,sake,京都府京都市伏見区に蔵を構える平和酒造合資会社は、明治43年（1910年）創業の歴史を誇る老舗酒蔵です。仕込み水には良質な貴志川伏流水（紀州高野山系）（軟水）を使用し、丁寧な手造りの精神を受け継ぎながら、米の旨味を引き出す真摯な酒造りを追求しています。伝統の技を守りつつ、現代の食文化に寄り添う高品質な美酒を醸し続けています。,0,draft,0.9,kumiai_kyoto_detail,【伏見】伏見酒造組合,2026-07-05 11:42:39,2026-08-02 06:37:42,35.0261,135.7506,1910,0,0
1151,,株式会社増田德兵衞商店,増田德兵衞商店,,京都府,京都市伏見区,京都市伏見区下鳥羽長田町135,1910,https://tsukinokatsura.co.jp/,sake,京都府京都市伏見区に蔵を構える株式会社増田德兵衞商店は、明治43年（1910年）創業の歴史を誇る老舗酒蔵です。だからこそ手造りにこだわり、酒そのものに加えてその周りにある酒器や料理、伝統行事、芸術など幅広く酒と文化の関わりに注目し、嗜みとしての酒を大事にしてきました。京都伏見の酒蔵としての伝統を守りながらも誰もがそうしてきたことには とどまらず世間に流されない、型破りな酒を目指します。伝統の技を守りつつ、現代の食文化に寄り添う高品質な美酒を醸し続けています。,0,draft,0.9,kumiai_kyoto_detail,【伏見】伏見酒造組合,2026-07-05 11:42:39,2026-08-02 06:37:40,35.0278,135.7537,1910,0,0
1152,,松本酒造株式会社,松本酒造,,京都府,京都市伏見区,京都市伏見区横大路三栖大黑町7,1910,https://matsumotoshuzo.com/,sake,京都府京都市伏見区に蔵を構える松本酒造株式会社は、明治43年（1910年）創業の歴史を誇る老舗酒蔵です。桃山丘陵をくぐった清冽な水が、水脈となって地下に深く息づき、当蔵の敷地内にて汲み上げ、仕込み水としております。創業した江戸時代以降、移りゆく時代の中で培ってきた酒造りへの思いをこの京都の地からこれからも表現していく所存です。歴史ある建造物は酒蔵・煉瓦煙突が国の近代化産業遺産・京都市景観重要建造物としても親しまれており、伝統と革新を融合させた味わいを全国の日本酒ファンへ届けています。,0,draft,0.9,kumiai_kyoto_detail,【伏見】伏見酒造組合,2026-07-05 11:42:39,2026-08-02 06:37:42,35.0295,135.7568,1910,0,0
1153,,松山酒造株式会社,松山酒造,,京都府,京都市伏見区,京都市伏見区東堺町472,1910,,sake,京都府京都市伏見区に蔵を構える松山酒造株式会社は、明治43年（1910年）創業の歴史を誇る老舗酒蔵です。仕込み水には良質な伏見名水群（伏水・御香水）・丹後山系水（中硬水）を使用し、丹波杜氏の伝統の技を受け継ぎながら、米の旨味を引き出す真摯な酒造りを追求しています。伝統の技を守りつつ、現代の食文化に寄り添う高品質な美酒を醸し続けています。,0,draft,0.9,kumiai_kyoto_detail,【伏見】伏見酒造組合,2026-07-05 11:42:39,2026-08-02 06:37:42,35.0112,135.7599,1910,0,0
1154,,都鶴酒造株式会社,都鶴酒造,,京都府,京都市伏見区,京都市伏見区御駕籠町151,1910,https://miyakotsuru.co.jp/,sake,京都府京都市伏見区に蔵を構える都鶴酒造株式会社は、明治43年（1910年）創業の歴史を誇る老舗酒蔵です。都鶴酒造 | 京都市伏見区の酒蔵 都鶴酒造とは銘柄一角都鶴お知らせ会社案内お問い合わせ トップ都鶴酒造とは銘柄一角都鶴お知らせ会社案内お問い合わせ 誠心誠意のまっすぐな想い。すべてを純京都にこだわり抜き、伏見で小さな酒蔵だからこそできる、一本一本への愛情を込めた酒造り。伝統の技を守りつつ、現代の食文化に寄り添う高品質な美酒を醸し続けています。,0,draft,0.9,kumiai_kyoto_detail,【伏見】伏見酒造組合,2026-07-05 11:42:39,2026-08-02 06:37:42,35.0129,135.763,1910,0,0
1155,,株式会社山本本家,山本本家,,京都府,京都市伏見区,京都市伏見区上油掛町36-1,1910,http://yamamotohonke.jp/,sake,京都府京都市伏見区に蔵を構える株式会社山本本家は、明治43年（1910年）創業の歴史を誇る老舗酒蔵です。仕込み水には良質な伏見の白菊水（中硬水）を使用し、丹波杜氏の伝統の技を受け継ぎながら、米の旨味を引き出す真摯な酒造りを追求しています。伝統の技を守りつつ、現代の食文化に寄り添う高品質な美酒を醸し続けています。,0,draft,0.9,kumiai_kyoto_detail,【伏見】伏見酒造組合,2026-07-05 11:42:39,2026-08-02 06:37:42,35.0146,135.7461,1910,0,0
1156,,伏見銘酒協同組合,伏見銘酒協同組合,,京都府,京都市伏見区,京都市伏見区丹後町148-1,1910,,sake,京都府京都市伏見区に蔵を構える伏見銘酒協同組合は、明治43年（1910年）創業の歴史を誇る老舗酒蔵です。仕込み水には良質な伏見名水群（伏水・御香水）・丹後山系水（中硬水）を使用し、丹波杜氏の伝統の技を受け継ぎながら、米の旨味を引き出す真摯な酒造りを追求しています。伝統の技を守りつつ、現代の食文化に寄り添う高品質な美酒を醸し続けています。,0,draft,0.5,kumiai_kyoto_detail,【伏見】伏見酒造組合 / 組合名義（複数蔵の共同組合の可能性、単一蔵として扱うには注意）,2026-07-05 11:42:39,2026-08-02 06:37:40,35.0163,135.7492,1910,0,0
1157,,城陽酒造株式会社,城陽酒造,,京都府,城陽市,城陽市奈島久保野34-1,1910,http://joyo-shuzo.co.jp,sake,京都府城陽市に蔵を構える城陽酒造株式会社は、明治43年（1910年）創業の歴史を誇る老舗酒蔵です。新酒の醸造に伴い人気の酒粕も販売がスタートしておりますので、直売所やオンラインストアなどもご利用くださいませ。これは「美しく感性に訴えるところがあり、遊びがあって独創性を持っているもの」という意味の造語ですが、酒造りにおいても伝統の技術をもとに、豊かな心と感性を大事にして醸し、そう感じていただけるような美酒をお届けしていきたいと考えています。伝統の技を守りつつ、現代の食文化に寄り添う高品質な美酒を醸し続けています。,0,draft,0.9,kumiai_kyoto_detail,【伏見】伏見酒造組合,2026-07-05 11:42:39,2026-08-02 06:37:42,35.018,135.7523,1910,0,0
1373,,金虎酒造株式会社,金虎酒造,,愛知県,名古屋市,名古屋市北区山田3丁目11-16,1945,https://kintora.jp/,sake,愛知県名古屋市に位置する金虎酒造株式会社は、昭和20年（1945年）に創業しました。伝統に裏付けられた変革の逸品 伝統の酒造りの技と、若き造り手達の次代への情熱が結実して生まれた逸品です。名古屋の老舗酒蔵と若き杜氏の情熱があるからこそできる、自慢の商品を紹介します。伝統の技を守りつつ、現代の食文化に寄り添う高品質な美酒を醸し続けています。,0,draft,0.92,kumiai_aichi_detail,弘化二年、善光寺街道入口山田村にて初代善兵衛が酒蔵を開いて以来、手作りを心がけた酒造りをしております,2026-07-05 12:09:11,2026-08-02 06:37:42,35.1843,136.9129,1945,0,0
1374,,東春酒造株式会社,東春酒造,,愛知県,名古屋市,名古屋市守山区瀬古東3丁目1605,1865,https://www.azumaryu.co.jp/,sake,愛知県名古屋市に蔵を構える東春酒造株式会社は、慶応元年（1865年）創業の歴史を誇る老舗酒蔵です。名古屋市守山で150年以上の歴史 創業は、江戸末期・元治２年(１８６５年)。杜氏、名古屋城の櫓を建造する予定の材木を譲り受け、創業者・佐藤東兵衛が当地(善光寺街道筋)に酒蔵を建造。伝統の技を守りつつ、現代の食文化に寄り添う高品質な美酒を醸し続けています。,0,draft,0.92,kumiai_aichi_detail,江戸末期・元治２年(1865年) 創業。名古屋城の櫓を建造する予定の材木を譲受け、創業者・佐藤東兵衛,2026-07-05 12:09:11,2026-08-02 06:37:42,35.186,136.916,1865,0,0
1375,,清洲桜醸造株式会社,清洲桜醸造,,愛知県,清須市,清須市清洲1692,1910,https://onikoroshi.co.jp/,sake,愛知県清須市に蔵を構える清洲桜醸造株式会社は、明治43年（1910年）創業の歴史を誇る老舗酒蔵です。杜氏・蔵人は昔ながらの酒造りの伝統や技術を継承し、丹精込めておいしいお酒をつくり続けています。お米の命が生きている、こだわり造りの日本酒。伝統の技を守りつつ、現代の食文化に寄り添う高品質な美酒を醸し続けています。,0,draft,0.92,kumiai_aichi_detail,"織田信長の居城「清洲城」や、五条川の桜で有名な＜清洲＞の地で創業して150年余り。
清酒や焼酎、ワイ",2026-07-05 12:09:11,2026-08-02 06:37:42,35.1877,136.8991,1910,0,0
1376,,神の井酒造株式会社,神の井酒造,,愛知県,名古屋市,名古屋市緑区大高町字高見25,1856,http://www.kaminoi.co.jp/,sake,愛知県名古屋市に蔵を構える神の井酒造株式会社は、安政3年（1856年）創業の歴史を誇る老舗酒蔵です。当日のお酒の販売は、現金のみとさせて頂きましたが、お釣りのやり取りの時、皆様のお釣りを受け取る手の平が雨で思いきり冷たくなってお見えで皆様の情熱に頭が下がる思いでした。伝統の技を守りつつ、現代の食文化に寄り添う高品質な美酒を醸し続けています。,0,draft,0.92,kumiai_aichi_detail,"創業安政三年(1856年：江戸時代末期)以来、尾張名古屋・大高の地で酒造り一筋に励んで参りました。
",2026-07-05 12:09:11,2026-08-02 06:37:42,35.1894,136.9022,1856,0,0
1377,,山盛酒造株式会社,山盛酒造,,愛知県,名古屋市,名古屋市緑区大高町字高見74,1910,http://takanoyume.co.jp/,sake,愛知県名古屋市に蔵を構える山盛酒造株式会社は、明治43年（1910年）創業の歴史を誇る老舗酒蔵です。Concept No.X3．Concept No.X 酸と甘味と旨みのバランスを目指したチャレンジ醸造。伝統の技を守りつつ、現代の食文化に寄り添う高品質な美酒を醸し続けています。,0,draft,0.92,kumiai_aichi_detail,名古屋の東南の入り口に位置する「大高」は、古代より海と陸を結ぶ交通の要衝で、江戸時代から酒造業の栄え,2026-07-05 12:09:11,2026-08-02 06:37:42,35.1711,136.9053,1910,0,0
1378,,株式会社萬乗醸造,萬乗醸造,,愛知県,名古屋市,名古屋市緑区大高町字西門田41,1910,https://kuheiji.co.jp/,sake,愛知県名古屋市に蔵を構える株式会社萬乗醸造は、明治43年（1910年）創業の歴史を誇る老舗酒蔵です。それは、「醸造酒の化学反応」を望んだからです。」 我々日本酒屋が幾ら技術を駆使しても品種特性とビンテージを変えられません。伝統の技を守りつつ、現代の食文化に寄り添う高品質な美酒を醸し続けています。,0,draft,0.92,kumiai_aichi_detail,弊社は「吟醸酒しか造っていない蔵」になります。全品共通のテーマを持って酒造りにトライしております。そ,2026-07-05 12:09:11,2026-08-02 06:37:42,35.1728,136.9084,1910,0,0
1379,,山星酒造株式会社,山星酒造,,愛知県,江南市,江南市布袋町西95,1910,http://www.hoshizakari.co.jp/,sake,愛知県江南市に蔵を構える山星酒造株式会社は、明治43年（1910年）創業の歴史を誇る老舗酒蔵です。仕込み水には良質な木曽川・矢作川水系伏流水（軟水）を使用し、丹波杜氏・越後杜氏の伝統の技を受け継ぎながら、米の旨味を引き出す真摯な酒造りを追求しています。伝統の技を守りつつ、現代の食文化に寄り添う高品質な美酒を醸し続けています。,0,draft,0.92,kumiai_aichi_detail,尾張の地に蔵元『山星』として、五代にわたり布袋野の地に根付いてきました。真面目に愚直に正直であれとの,2026-07-05 12:09:11,2026-08-02 06:37:40,35.1745,136.9115,1910,0,0
1380,,丸井合名会社,丸井,,愛知県,江南市,江南市布袋町東202,1910,,sake,愛知県江南市に蔵を構える丸井合名会社は、明治43年（1910年）創業の歴史を誇る老舗酒蔵です。仕込み水には良質な木曽川・矢作川水系伏流水（軟水）を使用し、丹波杜氏・越後杜氏の伝統の技を受け継ぎながら、米の旨味を引き出す真摯な酒造りを追求しています。伝統の技を守りつつ、現代の食文化に寄り添う高品質な美酒を醸し続けています。,0,draft,0.92,kumiai_aichi_detail,豊かな自然と木曽川水系の良質な伏流水に恵まれた濃尾平野には古くから多くの酒蔵が有り、当酒蔵も寛政二年,2026-07-05 12:09:11,2026-08-02 06:37:40,35.1762,136.9146,1910,0,0
1381,,勲碧酒造株式会社,勲碧酒造,,愛知県,江南市,江南市小折本町柳橋88,1910,https://www.kunpeki.co.jp/,sake,愛知県江南市に蔵を構える勲碧酒造株式会社は、明治43年（1910年）創業の歴史を誇る老舗酒蔵です。清流木曽川の恵みを十分に授かった素材と 百余年という年月を経て培ってきた技術を 組み合わせて酒を醸し続けて参りました。勲碧でつくるお酒は、木曽川清流の仕込み水とお酒に合わせた酒米を使用しているため、 口当たりがやさしく、奥深い旨みがあるのが特徴です。伝統の技を守りつつ、現代の食文化に寄り添う高品質な美酒を醸し続けています。,0,draft,0.92,kumiai_aichi_detail,江南市の南端　春になると桜並木が美しい　桜の名所百選に選ばれている五条川桜並木沿いにある小さな田舎蔵,2026-07-05 12:09:11,2026-08-02 06:37:42,35.1779,136.8977,1910,0,0
1382,,藤市酒造株式会社,藤市酒造,,愛知県,稲沢市,稲沢市稲葉3-4-30,1872,https://www.saketime.com/breweries/1382,sake,愛知県稲沢市に蔵を構える藤市酒造株式会社は、明治5年（1872年）創業の歴史を誇る老舗酒蔵です。仕込み水には良質な木曽川・矢作川水系伏流水（軟水）を使用し、丹波杜氏・越後杜氏の伝統の技を受け継ぎながら、米の旨味を引き出す真摯な酒造りを追求しています。伝統の技を守りつつ、現代の食文化に寄り添う高品質な美酒を醸し続けています。,0,draft,0.92,kumiai_aichi_detail,創業明治５年、愛知県北西部の稲沢市に位置し古くは美濃路の稲葉宿にある。豊かな良質の木曽川の伏流水に恵,2026-07-05 12:09:11,2026-08-02 06:37:42,35.1796,136.9008,1872,0,0
1383,,内藤醸造株式会社,内藤醸造,,愛知県,稲沢市,稲沢市祖父江町甲新田高須賀52-1,1826,http://www.naitojouzou.com/,sake,愛知県稲沢市に蔵を構える内藤醸造株式会社は、文政9年（1826年）創業の歴史を誇る老舗酒蔵です。RyuSaki（隆咲）独自酵母 七醸焼という名前は、精巧で独創的な七醸技術に由来します。内藤の職人技は、伝統的な技法と現代的な革新技術を融合させます。伝統の技を守りつつ、現代の食文化に寄り添う高品質な美酒を醸し続けています。,0,draft,0.92,kumiai_aichi_detail,当社は濃尾平野のほぼ中央に位置し、愛知県西部を流れる木曽川に隣接しており、肥沃な大地と豊かな水に恵ま,2026-07-05 12:09:11,2026-08-02 06:37:42,35.1813,136.9039,1826,0,0
1384,,長珍酒造株式会社,長珍酒造,,愛知県,津島市,津島市本町3-62,1910,https://www.saketime.com/breweries/1384,sake,愛知県津島市に蔵を構える長珍酒造株式会社は、明治43年（1910年）創業の歴史を誇る老舗酒蔵です。仕込み水には良質な木曽川・矢作川水系伏流水（軟水）を使用し、丹波杜氏・越後杜氏の伝統の技を受け継ぎながら、米の旨味を引き出す真摯な酒造りを追求しています。伝統の技を守りつつ、現代の食文化に寄り添う高品質な美酒を醸し続けています。,0,draft,0.92,kumiai_aichi_detail,創業江戸時代後期、初代から「量より質」を追求する精神は代々受け継がれ鑑評会には数多くの賞を戴いてまい,2026-07-05 12:09:11,2026-08-02 06:37:42,35.183,136.907,1910,0,0
1385,,鶴見酒造株式会社,鶴見酒造,,愛知県,津島市,津島市百町字旭46,1873,https://www.tsurumi-jp.com/,sake,愛知県津島市に蔵を構える鶴見酒造株式会社は、明治6年（1873年）創業の歴史を誇る老舗酒蔵です。歴史が息づく土地だから生まれた、伝統の銘酒。雑味の無い、まろやかな酒造りを追求して、最高峰として知られる「兵庫県産特A地区山田錦」を100%使う贅沢さが「我山」と「山荘」のこだわり。伝統の技を守りつつ、現代の食文化に寄り添う高品質な美酒を醸し続けています。,0,draft,0.92,kumiai_aichi_detail,木曽川の伏流水に恵まれ、水運の拠点として栄えた港町「尾張津島」で、染物業を営んでいた初代が1873年,2026-07-05 12:09:11,2026-08-02 06:37:41,35.1847,136.9101,1873,0,0
1386,,水谷酒造株式会社,水谷酒造,,愛知県,愛西市,愛西市鷹場町久田山12,1910,https://www.mizutanishuzou.jp/,sake,愛知県愛西市に蔵を構える水谷酒造株式会社は、明治43年（1910年）創業の歴史を誇る老舗酒蔵です。受け継いだ想いと技を、一本一本のお酒に込めて。来訪者を心地よく迎える江戸末期創業の酒蔵。伝統の技を守りつつ、現代の食文化に寄り添う高品質な美酒を醸し続けています。,0,draft,0.92,kumiai_aichi_detail,創業江戸時代末期、伝統的な手造りで、甘口の酒を中心に、口当たりよくほのかな香りと旨みのある酒造りに取,2026-07-05 12:09:11,2026-08-02 06:37:42,35.1864,136.9132,1910,0,0
1387,,渡辺酒造株式会社,渡辺酒造,,愛知県,愛西市,愛西市草平町道下83,2025,https://sake-kotobuki.com/,sake,愛知県愛西市に位置する渡辺酒造株式会社は、令和7年（2025年）に創業しました。創業以来受け継いできた酒造りへの想いはそのままに、今後は「弥栄の酒 寿」を中心に、より一層日本酒文化の発展に努めてまいります。七代目杜氏・渡辺秀幸が160年受け継がれた技と心を注ぎ込み、この地にしか出せない優雅な味わいを完成させました。伝統の技を守りつつ、現代の食文化に寄り添う高品質な美酒を醸し続けています。,0,draft,0.92,kumiai_aichi_detail,愛知県愛西市にて酒造りを営む渡辺酒造は、創業160年の歴史を礎に、2025年より「造る酒は一つ」とい,2026-07-05 12:09:11,2026-08-02 06:37:42,35.1881,136.9163,2025,0,0
1388,,山忠本家酒造株式会社,山忠本家酒造,,愛知県,愛西市,愛西市日置町1813,1910,https://gikyo.net/,sake,愛知県愛西市に蔵を構える山忠本家酒造株式会社は、明治43年（1910年）創業の歴史を誇る老舗酒蔵です。仕込み水には良質な木曽川・矢作川水系伏流水（軟水）を使用し、丹波杜氏・越後杜氏の伝統の技を受け継ぎながら、米の旨味を引き出す真摯な酒造りを追求しています。伝統の技を守りつつ、現代の食文化に寄り添う高品質な美酒を醸し続けています。,0,draft,0.92,kumiai_aichi_detail,「飲んで美味い酒」を醸すべく、原料米に強いこだわりを持ち、地下200メートルから汲み上げた木曽御岳地,2026-07-05 12:09:11,2026-08-02 06:37:42,35.1898,136.8994,1910,0,0
1389,3110001013702,青木酒造株式会社,青木酒造,,愛知県,愛西市,愛西市本部田町本西60,1805,https://yamahai.co.jp/,sake,茨城県古河市に蔵を構える青木酒造株式会社は、明治43年（1910年）創業の歴史を誇る老舗酒蔵です。仕込み水には良質な巻機山伏流水（軟水）を使用し、越後杜氏の伝統の技を受け継ぎながら、米の旨味を引き出す真摯な酒造りを追求しています。伝統の技を守りつつ、現代の食文化に寄り添う高品質な美酒を醸し続けています。,0,draft,0.92,kumiai_aichi_detail,創業文化2年(1805年)よりがんこなまでに味のあるお酒にこだわり、山廃仕込を主として食事をしながら,2026-07-05 12:09:11,2026-08-02 06:37:42,35.1715,136.9025,1805,0,0
1390,,甘強酒造株式会社,甘強酒造,,愛知県,海部郡蟹江町,海部郡蟹江町城4-1,1910,https://www.kankyo-shuzo.co.jp/,sake,愛知県海部郡蟹江町に蔵を構える甘強酒造株式会社は、明治43年（1910年）創業の歴史を誇る老舗酒蔵です。敷地内には、今でも歴史を感じさせる伝統的な建物が残っています。初代山田平八が濃尾平野で収穫される豊富なもち米を原料とし、縦横にはしるクリークによる便利な舟運を利用して みりんの製造を始めたのが最初です。伝統の技を守りつつ、現代の食文化に寄り添う高品質な美酒を醸し続けています。,0,draft,0.92,kumiai_aichi_detail,水郷のまち、愛知県蟹江町で文久2年に創業、以来160年の時を刻んできました。初代山田平八が濃尾平野で,2026-07-05 12:09:11,2026-08-02 06:37:42,35.1732,136.9056,1910,0,0
1391,,山田酒造株式会社,山田酒造,,愛知県,海部郡蟹江町,海部郡蟹江町大字須成1245,1871,http://yamadashuzo.com/,sake,愛知県海部郡蟹江町に蔵を構える山田酒造株式会社は、明治4年（1871年）創業の歴史を誇る老舗酒蔵です。愛知・岐阜の蔵元が3日間で50蔵出店し、総勢140銘柄以上のお酒が堪能できます。銘柄「醉泉」「最愛」は伝統製法で濃醇で骨太なキレのある味わい 山廃仕込みの日本酒は速醸酛造りのものと比べ、酵母を繁殖させるために時間がかかります。伝統の技を守りつつ、現代の食文化に寄り添う高品質な美酒を醸し続けています。,0,draft,0.92,kumiai_aichi_detail,当社は明治4年(西暦1871年)に名古屋市の西部に隣接する海部郡蟹江町須成にて創業し以来酒造りに適し,2026-07-05 12:09:11,2026-08-02 06:37:42,35.1749,136.9087,1871,0,0
1392,7180001072978,中埜酒造株式会社,中埜酒造,,愛知県,半田市,半田市東本町2-24,1844,https://www.nakanoshuzou.jp/,sake,愛知県半田市に蔵を構える中埜酒造株式会社は、弘化元年（1844年）創業の歴史を誇る老舗酒蔵です。銘醸地・知多半田の地酒として多くの方に愛されてきた、伝統と革新が織りなす上質な味わいです。伝統的な酒造りの道具や、日本酒の歴史にまつわる資料を展示している施設です。伝統の技を守りつつ、現代の食文化に寄り添う高品質な美酒を醸し続けています。,0,draft,0.92,kumiai_aichi_detail,江戸時代（1844年）に誕生した「國盛」は、「国の繁栄を願い、それとともに我が酒の盛んなること」を願,2026-07-05 12:09:11,2026-08-02 06:37:42,35.1766,136.9118,1844,0,0
1393,,盛田金しゃち酒造株式会社,盛田金しゃち酒造,,愛知県,半田市,半田市亀崎町9-112,2010,https://www.kinshachi.co.jp/,sake,愛知県半田市に位置する盛田金しゃち酒造株式会社は、平成22年（2010年）に創業しました。仕込み水には良質な木曽川・矢作川水系伏流水（軟水）を使用し、丹波杜氏・越後杜氏の伝統の技を受け継ぎながら、米の旨味を引き出す真摯な酒造りを追求しています。伝統の技を守りつつ、現代の食文化に寄り添う高品質な美酒を醸し続けています。,0,draft,0.92,kumiai_aichi_detail,愛知県半田・亀崎はかつて江戸時代に「中国酒」として隆盛を極めた銘醸地であり、平成22年2月より弊社が,2026-07-05 12:09:11,2026-08-02 06:37:42,35.1783,136.9149,2010,0,0
1394,,丸一酒造株式会社,丸一酒造,,愛知県,知多郡阿久比町,知多郡阿久比町大字植大字西廻間11,1910,http://sake01.co.jp/,sake,愛知県知多郡阿久比町に蔵を構える丸一酒造株式会社は、明治43年（1910年）創業の歴史を誇る老舗酒蔵です。その最中、初代当主新美一郎により丸一酒造は創業され、現代にいたるまで阿久比の肥沃な大地と水質を生かした酒造りを続けております。創業時より伝わる井戸水を使用 昔から阿久比町は蛍の里と言われるように、豊富で清らかな地下水に恵まれています。伝統の技を守りつつ、現代の食文化に寄り添う高品質な美酒を醸し続けています。,0,draft,0.92,kumiai_aichi_detail,"阿久比米と蛍の里として知られる知多郡阿久比町は、古くから良質な米の産地として知られています｡
また蛍",2026-07-05 12:09:11,2026-08-02 06:37:42,35.18,136.898,1910,0,0
1395,,原田酒造合資会社,原田酒造,,愛知県,知多郡東浦町,知多郡東浦町大字生路字坂下29,1910,http://www.ikujii.co.jp/,sake,愛知県知多郡東浦町に蔵を構える原田酒造合資会社は、明治43年（1910年）創業の歴史を誇る老舗酒蔵です。原田酒造 - 愛知県東浦町で酒蔵、日本酒製造、生道井、於大の酒造メーカーです 純米大吟醸　生道井　山田錦 純米大吟醸　生道井　夢吟香 創業は、安政二年（一八五五年）。昔ながらの杉の甑（こしき）で蒸し米をふかし、適切な温度管理で醪（もろみ）を成熟させる手造りにこだわっています。伝統の技を守りつつ、現代の食文化に寄り添う高品質な美酒を醸し続けています。,0,draft,0.92,kumiai_aichi_detail,人は喜び、悲しみ、出逢い、別れの度あるごとに酒を飲むようになりました。そして今日まで日本の文化と共に,2026-07-05 12:09:11,2026-08-02 06:37:42,35.1817,136.9011,1910,0,0
1396,,澤田酒造株式会社,沢田酒造,,愛知県,常滑市,常滑市古場町4-10,1969,https://hakurou.com/,sake,愛知県常滑市に位置する澤田酒造株式会社は、昭和44年（1969年）に創業しました。それは、米の旨さを引き出し、濃醇でありながら雑味を出さないようにするには、古いけれど伝統の方法が一番と考えているからです。当社では、最高級の兵庫県特A地区「東条 山田錦」をはじめ、北陸産「五百万石」、広島県産「八反錦・千本錦」、そして地元で契約栽培する愛知県産「若水・夢吟香」などの酒造好適米を使用しています。伝統の技を守りつつ、現代の食文化に寄り添う高品質な美酒を醸し続けています。,0,draft,0.92,kumiai_aichi_detail,嘉永元年(1848)、水質がよく船便に恵まれた常滑の現在地に創業しました。明治時代には、酒の腐造を防,2026-07-05 12:09:11,2026-08-02 06:37:42,35.1834,136.9042,1969,0,0
1397,7180001073003,盛田株式会社,盛田,,愛知県,常滑市,常滑市小鈴谷字亀井戸21-1,1910,http://moritakk.com/,sake,愛知県常滑市に蔵を構える盛田株式会社は、明治43年（1910年）創業の歴史を誇る老舗酒蔵です。天然醸造蔵木桶仕込みの長期熟成の商品など、伝統が息づくラインアップ。清酒「ねのひ」の醸造技術を活かした醸造調味料です。伝統の技を守りつつ、現代の食文化に寄り添う高品質な美酒を醸し続けています。,0,draft,0.92,kumiai_aichi_detail,"盛田では、温暖な気候である知多半島・小鈴谷の地で、1665年（寛文５年）より酒造りを続けています。
",2026-07-05 12:09:11,2026-08-02 06:37:42,35.1851,136.9073,1910,0,0
1398,,伊東株式会社,伊東,,愛知県,半田市,半田市亀崎町9-108-1,2000,https://shikishima-ito.com/,sake,愛知県半田市に位置する伊東株式会社は、平成12年（2000年）に創業しました。仕込み水に用いている豊富な井戸水は、ミネラルを多く含み、酵母の育成にも良い影響を与え、敷嶋独特のキレの良さをもたらしています。そのためにお米をしっかりと溶かして食事の味を受け止められるだけの厚みを出しながら、上質な酸、そして良質な仕込み水に由来す るミネラル感で〆るお酒を造っています。伝統の技を守りつつ、現代の食文化に寄り添う高品質な美酒を醸し続けています。,0,draft,0.92,kumiai_aichi_detail,「敷嶋」とは愛知県半田市亀崎町の伊東合資会社にて製造されていた日本酒です。伊東合資会社は天明8年（1,2026-07-05 12:09:11,2026-08-02 06:37:42,35.1868,136.9104,2000,0,0
1399,,永井治一郎,永井治一郎,,愛知県,碧南市,碧南市志貴町2-90,1910,https://www.nagaisyuzou.com/,sake,愛知県碧南市に蔵を構える永井治一郎は、明治43年（1910年）創業の歴史を誇る老舗酒蔵です。Start content １５０年余り続く伝統の地酒 慶応２年（1866）の開業以来１５０年余り「おいしい」「旨い」といわれる品質を第一と考え、 良質な硬水の自家井泉と厳選した酒造好適米「山田錦」を用いて、丁寧にお酒を造っています。伝統の技を守りつつ、現代の食文化に寄り添う高品質な美酒を醸し続けています。,0,draft,0.75,kumiai_aichi_detail,慶応二年(1866)に初代永井治郎平が、三州碧海郡棚尾村(碧南市棚尾本町)にて清酒製造業を始めました,2026-07-05 12:09:11,2026-08-02 06:37:41,35.1885,136.9135,1910,0,0
1400,,神杉酒造株式会社,神杉酒造,,愛知県,安城市,安城市明治本町20-5,1805,http://www.kamisugi.co.jp/,sake,愛知県安城市に蔵を構える神杉酒造株式会社は、文化2年（1805年）創業の歴史を誇る老舗酒蔵です。創業1805年（文化2年）以来、伝統と心と技をもって丹精込めた清酒醸造を目指しています。米へのこだわり／神杉の酒 - 酒は愛知県安城市の神杉酒造 酒は愛知県安城市の神杉酒造。伝統の技を守りつつ、現代の食文化に寄り添う高品質な美酒を醸し続けています。,0,draft,0.92,kumiai_aichi_detail,創業は文化弐年(1805年)。神杉という名称とその由来は、第七代杉本庄兵衛が、醸造の神様として信仰を,2026-07-05 12:09:11,2026-08-02 06:37:42,35.1702,136.8966,1805,0,0
1401,,相生ユニビオ株式会社,相生ユニビオ,,愛知県,西尾市,西尾市下町丸山5,1954,https://unibio.jp/,sake,愛知県西尾市に位置する相生ユニビオ株式会社は、昭和29年（1954年）に創業しました。原料を厳選し、明治5年創業より培った職人の技と伝統の旧式製法で丁寧に造り上げています。科学技術や添加物では決して作り出せない 「琥珀色の輝き」や「豊潤でふくよかな味わい」こそ、 私たちが大切にする伝統の味です。伝統の技を守りつつ、現代の食文化に寄り添う高品質な美酒を醸し続けています。,0,draft,0.92,kumiai_aichi_detail,明治5年の創業以来弊社はみりん造りを中心に食文化の担い手として様々な酒類、調味料を全国の皆様に発信し,2026-07-05 12:09:11,2026-08-02 06:37:41,35.1719,136.8997,1954,0,0
1402,,山﨑合資会社,山崎,,愛知県,西尾市,西尾市西幡豆町柿田57,1910,https://www.sonnoh.co.jp/,sake,愛知県西尾市に蔵を構える山﨑合資会社は、明治43年（1910年）創業の歴史を誇る老舗酒蔵です。仕込み水には良質な木曽川・矢作川水系伏流水（軟水）を使用し、丹波杜氏・越後杜氏の伝統の技を受け継ぎながら、米の旨味を引き出す真摯な酒造りを追求しています。伝統の技を守りつつ、現代の食文化に寄り添う高品質な美酒を醸し続けています。,0,draft,0.92,kumiai_aichi_detail,当蔵のある西尾市の幡豆地区は三河湾国定公園の中心にあり、眼前に広がる大海原には“前島”“沖ノ島”とい,2026-07-05 12:09:11,2026-08-02 06:37:42,35.1736,136.9028,1910,0,0
1403,,丸石醸造株式会社,丸石醸造,,愛知県,岡崎市,岡崎市中町6-3-3,1910,https://014.co.jp/,sake,愛知県岡崎市に蔵を構える丸石醸造株式会社は、明治43年（1910年）創業の歴史を誇る老舗酒蔵です。丸石の歴史は、初代にあたる投町三太夫が江戸活況の中、西から江戸へ続く東海道の往来により酒造りを伝え聞き、農地を得て大量の保有米を酒造りに生かし１６９０年に酒造業を興した事により始まりました。創業以来いろいろな事業を興す中で、始まりから今に続くものは唯一「日本酒」を造ること。伝統の技を守りつつ、現代の食文化に寄り添う高品質な美酒を醸し続けています。,0,draft,0.92,kumiai_aichi_detail,丸石醸造株式会社は徳川家康公生誕の地であり、豊かな山と清らかな川に包まれた歴史と自然にあふれる岡崎に,2026-07-05 12:09:11,2026-08-02 06:37:42,35.1753,136.9059,1910,0,0
1404,,合資会社柴田酒造場,柴田酒造場,,愛知県,岡崎市,岡崎市保久町字神水39,1830,https://www.shibatabrewery.com/,sake,愛知県岡崎市に蔵を構える合資会社柴田酒造場は、天保元年（1830年）創業の歴史を誇る老舗酒蔵です。柴田酒造場のある岡崎市保久町神水という地名の由来でもある、山から湧出する天然の井戸水「神水」を、洗米から仕込みにいたるまで酒造りの全工程に使用しています。当蔵の酒の味わいの源は、まさにこの仕込み水にあります。伝統の技を守りつつ、現代の食文化に寄り添う高品質な美酒を醸し続けています。,0,draft,0.92,kumiai_aichi_detail,創業1830年より、山深く清流の里に蔵を構え、自然豊かな抜群の環境と、清冽な井戸水を仕込み水に、厳選,2026-07-05 12:09:11,2026-08-02 06:37:42,35.177,136.909,1830,0,0
1405,,豊田酒造株式会社,豊田酒造,,愛知県,豊田市,豊田市喜多町5-2-12,1923,https://toyota-shuzo.co.jp/,sake,愛知県豊田市に蔵を構える豊田酒造株式会社は、大正12年（1923年）創業の歴史を誇る老舗酒蔵です。仕込み水には良質な木曽川・矢作川水系伏流水（軟水）を使用し、丹波杜氏・越後杜氏の伝統の技を受け継ぎながら、米の旨味を引き出す真摯な酒造りを追求しています。伝統の技を守りつつ、現代の食文化に寄り添う高品質な美酒を醸し続けています。,0,draft,0.92,kumiai_aichi_detail,愛知県豊田市の中心地、名鉄豊田市駅より豊田スタジアム方面に徒歩5分の場所で大正12年より創業しており,2026-07-05 12:09:11,2026-08-02 06:37:42,35.1787,136.9121,1923,0,0
1406,,浦野合資会社,浦野,,愛知県,豊田市,豊田市四郷町下古屋48,1864,https://www.kikuishi.com/,sake,愛知県豊田市に蔵を構える浦野合資会社は、元治元年（1864年）創業の歴史を誇る老舗酒蔵です。元治元年（1864年）三河の霊峰・猿投山の天然記念物「菊石」の名を崇敬する猿投神社より拝受し、代表銘柄として猿投村（現：豊田市）に創業致しました。以来160年、伝統的な手造りの味を大切にしながら、多くの皆様と地酒を通じて出会える新たな機会を試みています。伝統の技を守りつつ、現代の食文化に寄り添う高品質な美酒を醸し続けています。,0,draft,0.92,kumiai_aichi_detail,元治元年（1864年）愛知県豊田市北部の霊峰・猿投山の麓で創業。代表銘柄「菊石」は猿投山の天然記念物,2026-07-05 12:09:11,2026-08-02 06:37:42,35.1804,136.9152,1864,0,0
1407,,中垣酒造株式会社,中垣酒造,,愛知県,豊田市,豊田市有間町下平10,1900,https://r.goope.jp/nakagaki-syuzo/,sake,愛知県豊田市に蔵を構える中垣酒造株式会社は、明治33年（1900年）創業の歴史を誇る老舗酒蔵です。創業時より「甘口であり旨口の清酒を醸す」をコンセプトに、 代表ブランド賜冠（シカン）を製造・販売しております。伝統の技を守りつつ、現代の食文化に寄り添う高品質な美酒を醸し続けています。,0,draft,0.92,kumiai_aichi_detail,弊社は明治33年(西暦1900年)の創業です。愛知県の北部に位置し、岐阜県との県境にあります。回りは,2026-07-05 12:09:11,2026-08-02 06:37:42,35.1821,136.8983,1900,0,0
1408,,福井酒造株式会社,福井酒造,,愛知県,豊橋市,豊橋市中浜町214,1910,https://www.fukui-syuzo.co.jp/,sake,愛知県豊橋市に蔵を構える福井酒造株式会社は、明治43年（1910年）創業の歴史を誇る老舗酒蔵です。酒造好適米「夢吟香」を40%まで磨き、低温で醸造した純米大吟醸の中汲みの原酒です。お米のコクと味わい深さを出した吟醸造りの純米酒。伝統の技を守りつつ、現代の食文化に寄り添う高品質な美酒を醸し続けています。,0,draft,0.92,kumiai_aichi_detail,明年、創業100年を迎える弊社は、独自の酒造技術の開発も続けると共に、従来の酒造技術の伝承も大切にし,2026-07-05 12:09:11,2026-08-02 06:37:42,35.1838,136.9014,1910,0,0
1409,,関谷醸造株式会社,関谷醸造,,愛知県,北設楽郡設楽町,北設楽郡設楽町田口字町浦22,1864,https://www.houraisen.co.jp/,sake,愛知県北設楽郡設楽町に蔵を構える関谷醸造株式会社は、元治元年（1864年）創業の歴史を誇る老舗酒蔵です。関谷醸造は元治元年（一八六四年）に、 自然豊かな、愛知県設楽町にて創業しました。以来、日本酒の可能性を柔軟に追求し、 伝統の技と革新的な技術を用いた、 高品質の酒造りを行っています。伝統の技を守りつつ、現代の食文化に寄り添う高品質な美酒を醸し続けています。,0,draft,1.0,kumiai_aichi_detail,"元治元年（1864年）創業の愛知県奥三河の蔵元。「蓬莱泉」の酒銘で知られる。
原料米を自社で精米する",2026-07-05 12:09:11,2026-08-02 06:37:42,35.1855,136.9045,1864,0,0
1840,,三和酒造株式会社,三和酒造,,静岡県,静岡市清水区,静岡市清水区西久保501-10,1686,http://garyubai.com,sake,鹿児島県鹿児島市に蔵を構える三和酒造株式会社は、明治43年（1910年）創業の歴史を誇る老舗酒蔵です。創業当時の商品は、ラベルに気品高く幸運のシンボルとして親しまれている「鶴」を三羽配し、 長寿の象徴の「鶴」にあやかり商品が末長く愛されるよう 「三和鶴」と命名されました。その誕生から約５０年後、創業地の鹿児島県薩摩川内市から眼下に雄大な桜島を拝する鹿児島市に拠点を移し、昔ながらの製法である甕壺仕込みと木樽蒸留にこだわった蔵として、焼酎造りを続けています。伝統の技を守りつつ、現代の食文化に寄り添う高品質な美酒を醸し続けています。,0,draft,0.95,kumiai_shizuoka_detail,社　名：三和酒造株式会社 / 住　所：静岡市清水区西久保501-10 / 創　業：貞享3年（1686,2026-07-05 12:09:11,2026-08-02 06:37:42,34.9736,138.3768,1686,0,0
1841,,浜松酒造株式会社,浜松酒造,,静岡県,浜松市中区,浜松市中区天神町3-57,1871,http://hamamatsushuzo.com/,sake,静岡県浜松市中区に蔵を構える浜松酒造株式会社は、明治4年（1871年）創業の歴史を誇る老舗酒蔵です。仕込み水には良質な富士山・南アルプス・大井川伏流水（軟水）を使用し、能登杜氏・静岡杜氏の伝統の技を受け継ぎながら、米の旨味を引き出す真摯な酒造りを追求しています。伝統の技を守りつつ、現代の食文化に寄り添う高品質な美酒を醸し続けています。,0,draft,0.95,kumiai_shizuoka_detail,社　名：浜松酒造株式会社 / 住　所：浜松市中区天神町3-57 / 創　業：明治4年（1871年） ,2026-07-05 12:09:11,2026-08-02 06:37:42,34.9753,138.3799,1871,0,0
1842,,花の舞酒造株式会社,花の舞酒造,,静岡県,浜松市浜北区,浜松市浜北区宮口632,1864,http://www.rakuten.ne.jp/gold/hananomai/,sake,静岡県浜松市浜北区に蔵を構える花の舞酒造株式会社は、元治元年（1864年）創業の歴史を誇る老舗酒蔵です。仕込み水には良質な富士山・南アルプス・大井川伏流水（軟水）を使用し、能登杜氏・静岡杜氏の伝統の技を受け継ぎながら、米の旨味を引き出す真摯な酒造りを追求しています。伝統の技を守りつつ、現代の食文化に寄り添う高品質な美酒を醸し続けています。,0,draft,0.95,kumiai_shizuoka_detail,社　名：花の舞酒造株式会社 / 住　所：浜松市浜北区宮口632 / 創　業：元治元年（1864年） ,2026-07-05 12:09:11,2026-08-02 06:37:42,34.977,138.383,1864,0,0
1843,,磯自慢酒造株式会社,磯自慢酒造,,静岡県,焼津市,焼津市鰯ヶ島307,1830,https://www.isojiman-sake.jp/,sake,静岡県焼津市に蔵を構える磯自慢酒造株式会社は、天保元年（1830年）創業の歴史を誇る老舗酒蔵です。仕込み水には良質な富士山・南アルプス・大井川伏流水（軟水）を使用し、能登杜氏・静岡杜氏の伝統の技を受け継ぎながら、米の旨味を引き出す真摯な酒造りを追求しています。伝統の技を守りつつ、現代の食文化に寄り添う高品質な美酒を醸し続けています。,0,draft,1.0,kumiai_shizuoka_detail,社　名：磯自慢酒造株式会社 / 住　所：焼津市鰯ヶ島307 / 創　業：天保元年（1830年） / ,2026-07-05 12:09:11,2026-08-02 06:37:42,34.9787,138.3861,1830,0,0
1844,,株式会社神沢川酒造場,神沢川酒造場,,静岡県,静岡市清水区,静岡市清水区由比181,1912,http://www.kanzawagawa.co.jp/,sake,静岡県静岡市清水区に蔵を構える株式会社神沢川酒造場は、大正元年（1912年）創業の歴史を誇る老舗酒蔵です。米は優良な原料米を厳選 神沢川の水に合う米を厳選し、数種の銘柄を使い分けます。「山田錦」「吟ぎんが」「雄町」など銘柄によって産地を決め、平成17年からは静岡県開発の酒造好適米「誉富士」も使用しています。伝統の技を守りつつ、現代の食文化に寄り添う高品質な美酒を醸し続けています。,0,draft,0.95,kumiai_shizuoka_detail,社　名：株式会社神沢川酒造場 / 住　所：静岡市清水区由比181 / 創　業：大正元年（1912年）,2026-07-05 12:09:11,2026-08-02 06:37:42,34.9804,138.3892,1912,0,0
1845,,株式会社志太泉酒造,志太泉酒造,,静岡県,藤枝市,藤枝市宮原423番地22の1,1882,http://shidaizumi.com/,sake,静岡県藤枝市に蔵を構える株式会社志太泉酒造は、明治15年（1882年）創業の歴史を誇る老舗酒蔵です。志太泉は、明治15年初代「望月久作」が、創業しました。はやくから吟醸造りに取り組み、昭和35年4月には、吟醸酒「白鷺」として発売を開始しました。伝統の技を守りつつ、現代の食文化に寄り添う高品質な美酒を醸し続けています。,0,draft,0.95,kumiai_shizuoka_detail,社　名：株式会社 志太泉酒造 / 住　所：藤枝市宮原423番地22の1 / 創　業：明治15年（18,2026-07-05 12:09:11,2026-08-02 06:37:42,34.9821,138.3923,1882,0,0
1846,,万大醸造合資会社,万大醸造,,静岡県,伊豆市,伊豆市年川34,1935,https://izu-bandai.com/,sake,静岡県伊豆市に位置する万大醸造合資会社は、昭和10年（1935年）に創業しました。万大醸造合資会社 伊豆唯一の酒蔵の公式サイト 伊豆の地酒をご堪能下さい。歴史と風土をお酒に込めて 万大醸造にアクセスしていただき誠にありがとうございます。伝統の技を守りつつ、現代の食文化に寄り添う高品質な美酒を醸し続けています。,0,draft,0.95,kumiai_shizuoka_detail,社　名：万大醸造合資会社 / 住　所：伊豆市年川34 / 創　業：昭和10年（1935年） / 銘柄,2026-07-05 12:09:11,2026-08-02 06:37:42,34.9838,138.3754,1935,0,0
1847,,株式会社大村屋酒造場,大村屋酒造場,,静岡県,島田市,島田市本通1-1-8,1832,https://www.saketime.com/breweries/1847,sake,静岡県島田市に蔵を構える株式会社大村屋酒造場は、天保3年（1832年）創業の歴史を誇る老舗酒蔵です。仕込み水には良質な富士山・南アルプス・大井川伏流水（軟水）を使用し、能登杜氏・静岡杜氏の伝統の技を受け継ぎながら、米の旨味を引き出す真摯な酒造りを追求しています。伝統の技を守りつつ、現代の食文化に寄り添う高品質な美酒を醸し続けています。,0,draft,0.95,kumiai_shizuoka_detail,社　名：株式会社大村屋酒造場 / 住　所：島田市本通1-1-8 / 創　業：天保3年（1832年） ,2026-07-05 12:09:11,2026-08-02 06:37:42,34.9855,138.3785,1832,0,0
1848,,株式会社駿河酒造場,駿河酒造場,,静岡県,静岡市駿河区,静岡市駿河区西脇25-1,2010,https://tenkou.base.ec/,sake,静岡県静岡市駿河区に位置する株式会社駿河酒造場は、平成22年（2010年）に創業しました。静岡酵母や伝統酵母を使い、低温発酵・低音貯蔵などにこだわった、静岡の気候のような穏やかな香りと味わいのミディアムテイスト。about FEATURE すべてのクラスで全量大吟醸造りに用いる袋取り樽しぼりの贅沢仕上げ。伝統の技を守りつつ、現代の食文化に寄り添う高品質な美酒を醸し続けています。,0,draft,0.95,kumiai_shizuoka_detail,社　名：株式会社駿河酒造場 / 住　所：静岡市駿河区西脇25-1 / 創　業：平成22年（2010年,2026-07-05 12:09:11,2026-08-02 06:37:42,34.9672,138.3816,2010,0,0
1849,,静岡平喜酒造株式会社,静岡平喜酒造,,静岡県,静岡市駿河区,静岡市駿河区丸子新田1-1,2011,http://shizuokahirakishuzo.com/,sake,静岡県静岡市駿河区に位置する静岡平喜酒造株式会社は、平成23年（2011年）に創業しました。そのわずかな酒は杜氏の伝統技術に加え、空調設備やサーマルタンクなど 近代技術による品質管理を徹底することで丁寧に醸しております。しかしながら、酒造場は複数箇所に分散してしまい、当時の技術や設備環境からも、静岡の温暖な気候下における酒造業は非常に難しい挑戦だったのです。伝統の技を守りつつ、現代の食文化に寄り添う高品質な美酒を醸し続けています。,0,draft,0.95,kumiai_shizuoka_detail,社　名：静岡平喜酒造株式会社 / 住　所：静岡市駿河区丸子新田1-1 / 創　業：平成23年（201,2026-07-05 12:09:11,2026-08-02 06:37:42,34.9689,138.3847,2011,0,0
1850,,富士錦酒造株式会社,富士錦酒造,,静岡県,富士宮市,富士宮市上柚野532,1688,http://www.fujinishiki.com/,sake,静岡県富士宮市に蔵を構える富士錦酒造株式会社は、元禄元年（1688年）創業の歴史を誇る老舗酒蔵です。富士の柔らかな涌き水 富士の麓にある富士錦酒造では、元禄年間の創業以来、富士山の柔らかな湧き水を仕込み水として使用しています。硬度“32”の非常に柔らかな軟水となって、柚野の里へ湧き出て来たその豊かな水から三百年間培われた伝承技法を駆使してお酒を醸し、皆様からより愛される蔵元を目指して美味しい清酒の醸造に励んでいます。伝統の技を守りつつ、現代の食文化に寄り添う高品質な美酒を醸し続けています。,0,draft,0.95,kumiai_shizuoka_detail,社　名：富士錦酒造株式会社 / 住　所：富士宮市上柚野532 / 創　業：元禄元年（1688年） /,2026-07-05 12:09:11,2026-08-02 06:37:42,34.9706,138.3878,1688,0,0
1851,,青島酒造株式会社,青島酒造,,静岡県,藤枝市,藤枝市上青島246,1868,https://www.saketime.com/breweries/1851,sake,静岡県藤枝市に蔵を構える青島酒造株式会社は、明治元年（1868年）創業の歴史を誇る老舗酒蔵です。仕込み水には良質な富士山・南アルプス・大井川伏流水（軟水）を使用し、能登杜氏・静岡杜氏の伝統の技を受け継ぎながら、米の旨味を引き出す真摯な酒造りを追求しています。伝統の技を守りつつ、現代の食文化に寄り添う高品質な美酒を醸し続けています。,0,draft,0.95,kumiai_shizuoka_detail,社　名：青島酒造株式会社 / 住　所：藤枝市上青島246 / 創　業：明治元年（1868年） / 銘,2026-07-05 12:09:11,2026-08-02 06:37:42,34.9723,138.3909,1868,0,0
1852,,御殿場石川酒造株式会社,御殿場石川酒造,,静岡県,御殿場市,御殿場市印野1388-37,2019,https://www.gotembaishikawashuzo.com/,sake,静岡県御殿場市に位置する御殿場石川酒造株式会社は、令和元年（2019年）に創業しました。日本酒の長い歴史と伝統を大切にしながらも、令和に歩み出した酒蔵らしく、柔軟な発想とアイデアを持ち味に形にとらわれない酒造りに挑みます。伝統の技を守りつつ、現代の食文化に寄り添う高品質な美酒を醸し続けています。,0,draft,0.95,kumiai_shizuoka_detail,社　名：御殿場石川酒造株式会社 / 住　所：御殿場市印野1388-37 / 創　業：令和元年（201,2026-07-05 12:09:11,2026-08-02 06:37:42,34.974,138.374,2019,0,0
1853,,株式会社土井酒造場,土井酒造場,,静岡県,掛川市,掛川市小貫633,1872,https://kaiun-sake.com/,sake,静岡県掛川市に蔵を構える株式会社土井酒造場は、明治5年（1872年）創業の歴史を誇る老舗酒蔵です。仕込み水には良質な富士山・南アルプス・大井川伏流水（軟水）を使用し、能登杜氏・静岡杜氏の伝統の技を受け継ぎながら、米の旨味を引き出す真摯な酒造りを追求しています。伝統の技を守りつつ、現代の食文化に寄り添う高品質な美酒を醸し続けています。,0,draft,1.0,kumiai_shizuoka_detail,社　名：株式会社土井酒造場 / 住　所：掛川市小貫633 / 創　業：明治5年（1872年） / 銘,2026-07-05 12:09:11,2026-08-02 06:37:42,34.9757,138.3771,1872,0,0
1854,,遠州山中酒造株式会社,遠州山中酒造,,静岡県,掛川市,掛川市横須賀61,1789,https://aoitenka.jp,sake,静岡県掛川市に蔵を構える遠州山中酒造株式会社は、寛政元年（1789年）創業の歴史を誇る老舗酒蔵です。両神社のご神紋は二葉葵（フタバアオイ）であり、祭礼の際、関係者は葵を身につけたり、家屋に飾ったりし、その伝統は今に受け継がれています。私どもの酒蔵がある遠州は徳川300年の歴史にゆかりの深い地であり、これにあやかり代表銘柄に葵の名を戴いております。伝統の技を守りつつ、現代の食文化に寄り添う高品質な美酒を醸し続けています。,0,draft,0.95,kumiai_shizuoka_detail,社　名：遠州山中酒造株式会社 / 住　所：掛川市横須賀61 / 創　業：寛政元年（1789年） / ,2026-07-05 12:09:11,2026-08-02 06:37:42,34.9774,138.3802,1789,0,0
1855,,初亀醸造株式会社,初亀醸造,,静岡県,藤枝市,藤枝市岡部町岡部744,1636,https://www.hatsukame.jp/,sake,静岡県藤枝市に蔵を構える初亀醸造株式会社は、寛永13年（1636年）創業の歴史を誇る老舗酒蔵です。Online Shop 初亀醸造のお酒　ラインナップ 1636年に「足名屋」として創業、静岡で最も古い酒蔵の一つ。銘柄『初亀』は「初日のように光り輝き、亀のように末永く栄える」願いから名付けられました。伝統の技を守りつつ、現代の食文化に寄り添う高品質な美酒を醸し続けています。,0,draft,0.95,kumiai_shizuoka_detail,社　名：初亀醸造株式会社 / 住　所：藤枝市岡部町岡部744 / 創　業：寛永12年（1636年） ,2026-07-05 12:09:11,2026-08-02 06:37:42,34.9791,138.3833,1636,0,0
1856,,杉井酒造,杉井酒造,,静岡県,藤枝市,藤枝市小石川町4-6-4,1842,http://suginishiki.com/,sake,静岡県藤枝市に蔵を構える杉井酒造は、天保13年（1842年）創業の歴史を誇る老舗酒蔵です。一度に大量の洗米が可能なため、本醸造等大型の仕込みの時に利用します。やる事自体は家庭でお米を炊く事と同じで簡単ですが、すし職人が炊いたお米が、適度な硬さと柔らかさを持つように、満足のいくお酒を造るためには酒造りにおいても職人としての技が必要になります。伝統の技を守りつつ、現代の食文化に寄り添う高品質な美酒を醸し続けています。,0,draft,0.95,kumiai_shizuoka_detail,社　名：杉井酒造 / 住　所：藤枝市小石川町4-6-4 / 創　業：天保13年（1842年） / 銘,2026-07-05 12:09:11,2026-08-02 06:37:42,34.9808,138.3864,1842,0,0
1857,,國香酒造株式会社,國香酒造,,静岡県,袋井市,袋井市山田537,1848,,sake,静岡県袋井市に蔵を構える國香酒造株式会社は、嘉永元年（1848年）創業の歴史を誇る老舗酒蔵です。仕込み水には良質な富士山・南アルプス・大井川伏流水（軟水）を使用し、能登杜氏・静岡杜氏の伝統の技を受け継ぎながら、米の旨味を引き出す真摯な酒造りを追求しています。伝統の技を守りつつ、現代の食文化に寄り添う高品質な美酒を醸し続けています。,0,draft,0.95,kumiai_shizuoka_detail,社　名：國香酒造株式会社 / 住　所：袋井市山田537 / 創　業：嘉永元年（1848年） / 銘柄,2026-07-05 12:09:11,2026-08-02 06:37:42,34.9825,138.3895,1848,0,0
1858,,牧野酒造合資会社,牧野酒造,,静岡県,富士宮市,富士宮市下条1037,1743,http://makino-shuzo.com/,sake,静岡県富士宮市に蔵を構える牧野酒造合資会社は、寛保3年（1743年）創業の歴史を誇る老舗酒蔵です。仕込み水には良質な富士山・南アルプス・大井川伏流水（軟水）を使用し、能登杜氏・静岡杜氏の伝統の技を受け継ぎながら、米の旨味を引き出す真摯な酒造りを追求しています。伝統の技を守りつつ、現代の食文化に寄り添う高品質な美酒を醸し続けています。,0,draft,0.95,kumiai_shizuoka_detail,社　名：牧野酒造合資会社 / 住　所：富士宮市下条1037 / 創　業：寛保3年（1743年） / ,2026-07-05 12:09:11,2026-08-02 06:37:42,34.9842,138.3926,1743,0,0
1859,,富士高砂酒造株式会社,富士高砂酒造,,静岡県,富士宮市,富士宮市宝町9-25,1830,http://fuji-takasago.com/,sake,静岡県富士宮市に蔵を構える富士高砂酒造株式会社は、天保元年（1830年）創業の歴史を誇る老舗酒蔵です。以来、ひと時も休むことなく、100年かけて自然の濾過を施された富士山伏流水と、能登杜氏の伝承技術で日本酒を醸しております。能の中には「松は緑」を謳うものが多くあり、特に謡曲「高砂」の相生の松、松は緑に感した初代正吉が「高砂」の銘を戴いたと言われています。伝統の技を守りつつ、現代の食文化に寄り添う高品質な美酒を醸し続けています。,0,draft,0.95,kumiai_shizuoka_detail,社　名：富士高砂酒造株式会社 / 住　所：富士宮市宝町9-25 / 創　業：天保元年（1830年） ,2026-07-05 12:09:11,2026-08-02 06:37:42,34.9659,138.3757,1830,0,0
1860,,富士正酒造株式会社,富士正酒造,,静岡県,富士宮市,富士宮市根原450-1,1866,http://www.fujimasa-sake.com/,sake,静岡県富士宮市に蔵を構える富士正酒造株式会社は、慶応2年（1866年）創業の歴史を誇る老舗酒蔵です。Knowing fujimasa富士正を知る 富士正酒造は慶応2年（1866年）創業。伝統の技を守りつつ、現代の食文化に寄り添う高品質な美酒を醸し続けています。,0,draft,0.95,kumiai_shizuoka_detail,社　名：富士正酒造株式会社 / 住　所：富士宮市根原450-1 / 創　業：慶応2年（1866年） ,2026-07-05 12:09:11,2026-08-02 06:37:42,34.9676,138.3788,1866,0,0
1861,,英君酒造株式会社,英君酒造,,静岡県,静岡市清水区,静岡市清水区由比入山2152,1881,http://eikun.co.jp,sake,静岡県静岡市清水区に蔵を構える英君酒造株式会社は、明治14年（1881年）創業の歴史を誇る老舗酒蔵です。吟醸香をまとった食中酒 現代にも愛される酒造りに 伝統の静岡酵母と現代の技術を掛け合わせ 製造工程のご案内をしています。夜間作業撤廃の為に導入されたロボットですが、思い通りの品質の高い麹を製麹することが難しく、現在はステンレス製の箱だけを使用し蔵人の手造りで製麹しています。伝統の技を守りつつ、現代の食文化に寄り添う高品質な美酒を醸し続けています。,0,draft,0.95,kumiai_shizuoka_detail,社　名：英君酒造株式会社 / 住　所：静岡市清水区由比入山2152 / 創　業：明治14年（1881,2026-07-05 12:09:11,2026-08-02 06:37:42,34.9693,138.3819,1881,0,0
1862,,萩錦酒造株式会社,萩錦酒造,,静岡県,静岡市駿河区,静岡市駿河区西脇381,1876,https://www.instagram.com/haginishiki/,sake,静岡県静岡市駿河区に蔵を構える萩錦酒造株式会社は、明治9年（1876年）創業の歴史を誇る老舗酒蔵です。仕込み水には良質な富士山・南アルプス・大井川伏流水（軟水）を使用し、能登杜氏・静岡杜氏の伝統の技を受け継ぎながら、米の旨味を引き出す真摯な酒造りを追求しています。伝統の技を守りつつ、現代の食文化に寄り添う高品質な美酒を醸し続けています。,0,draft,0.95,kumiai_shizuoka_detail,社　名：萩錦酒造株式会社 / 住　所：静岡市駿河区西脇381 / 創　業：明治9年（1876年） /,2026-07-05 12:09:11,2026-08-02 06:37:42,34.971,138.385,1876,0,0
1863,,森本酒造合資会社,森本酒造,,静岡県,菊川市,菊川市堀之内1477,1887,http://sayogoromo.jimdo.com/,sake,静岡県菊川市に蔵を構える森本酒造合資会社は、明治20年（1887年）創業の歴史を誇る老舗酒蔵です。仕込み水には良質な富士山・南アルプス・大井川伏流水（軟水）を使用し、能登杜氏・静岡杜氏の伝統の技を受け継ぎながら、米の旨味を引き出す真摯な酒造りを追求しています。伝統の技を守りつつ、現代の食文化に寄り添う高品質な美酒を醸し続けています。,0,draft,0.95,kumiai_shizuoka_detail,社　名：森本酒造合資会社 / 住　所：菊川市堀之内1477 / 創　業：明治20年（1887年） /,2026-07-05 12:09:11,2026-08-02 06:37:42,34.9727,138.3881,1887,0,0
1864,,千寿酒造株式会社,千寿酒造,,静岡県,磐田市,磐田市中泉2914-6,1902,https://www.e-senju.co.jp/,sake,静岡県磐田市に蔵を構える千寿酒造株式会社は、明治35年（1902年）創業の歴史を誇る老舗酒蔵です。仕込み水には良質な富士山・南アルプス・大井川伏流水（軟水）を使用し、能登杜氏・静岡杜氏の伝統の技を受け継ぎながら、米の旨味を引き出す真摯な酒造りを追求しています。伝統の技を守りつつ、現代の食文化に寄り添う高品質な美酒を醸し続けています。,0,draft,0.95,kumiai_shizuoka_detail,社　名：千寿酒造株式会社 / 住　所：磐田市中泉2914-6 / 創　業：明治35年（1902年） ,2026-07-05 12:09:11,2026-08-02 06:37:42,34.9744,138.3912,1902,0,0
1865,,株式会社根上酒造店,根上酒造店,,静岡県,御殿場市,御殿場市保土沢850-4,1892,,sake,静岡県御殿場市に蔵を構える株式会社根上酒造店は、明治25年（1892年）創業の歴史を誇る老舗酒蔵です。仕込み水には良質な富士山・南アルプス・大井川伏流水（軟水）を使用し、能登杜氏・静岡杜氏の伝統の技を受け継ぎながら、米の旨味を引き出す真摯な酒造りを追求しています。伝統の技を守りつつ、現代の食文化に寄り添う高品質な美酒を醸し続けています。,0,draft,0.95,kumiai_shizuoka_detail,社　名：株式会社根上酒造店 / 住　所：御殿場市保土沢850-4 / 創　業：明治25年（1892年,2026-07-05 12:09:11,2026-08-02 06:37:42,34.9761,138.3743,1892,0,0
1866,,髙嶋酒造株式会社,高島酒造,,静岡県,沼津市,沼津市原354-1,1804,http://www.hakuinmasamune.com/,sake,静岡県沼津市に蔵を構える髙嶋酒造株式会社は、文化元年（1804年）創業の歴史を誇る老舗酒蔵です。仕込み水には良質な富士山・南アルプス・大井川伏流水（軟水）を使用し、能登杜氏・静岡杜氏の伝統の技を受け継ぎながら、米の旨味を引き出す真摯な酒造りを追求しています。伝統の技を守りつつ、現代の食文化に寄り添う高品質な美酒を醸し続けています。,0,draft,0.95,kumiai_shizuoka_detail,社　名：髙嶋酒造株式会社 / 住　所：沼津市原354-1 / 創　業：文化元年（1804年） / 銘,2026-07-05 12:09:11,2026-08-02 06:37:42,34.9778,138.3774,1804,0,0
1913,,株式会社山縣本店,山縣本店,,山口県,周南市,山口県周南市大字久米2933,1875,http://www.yamagt.jp/,sake,山口県周南市に蔵を構える株式会社山縣本店は、明治8年（1875年）創業の歴史を誇る老舗酒蔵です。瀬戸内の豊かな気候で育った 山口県産のお米、伝統技術へのこだわり、 そして杜氏の瑞々しい感性で 防長鶴は美しく生まれ変わりました。その２つを総称して「防長（ぼうちょう）」、 さらに蔵の近くにナベヅルが飛来していたことから 創業時の銘柄は「防長鶴（ぼうちょうつる）」でした。伝統の技を守りつつ、現代の食文化に寄り添う高品質な美酒を醸し続けています。,0,draft,0.95,kumiai_yamaguchi_detail,社名:株式会社山縣本店 創業:1875年 所在地:山口県周南市大字久米2933,2026-07-05 12:09:11,2026-08-02 06:37:42,34.1879,131.4717,1875,0,0
1914,,中村酒造株式会社,中村酒造,,山口県,萩市,山口県萩市椿東3108-4,1902,http://shirouo.jp/,sake,鹿児島県大島郡天城町に蔵を構える中村酒造株式会社は、明治43年（1910年）創業の歴史を誇る老舗酒蔵です。仕込み水には良質な霧島裂罅水・屋久島超軟水湧水（軟水）を使用し、黒瀬杜氏の伝統の技を受け継ぎながら、米の旨味を引き出す真摯な酒造りを追求しています。伝統の技を守りつつ、現代の食文化に寄り添う高品質な美酒を醸し続けています。,0,draft,0.95,kumiai_yamaguchi_detail,社名:中村酒造株式会社 創業:明治35年 代表銘柄:宝船,2026-07-05 12:09:11,2026-08-02 06:37:42,34.1896,131.4748,1902,0,0
1915,,金光酒造株式会社,金光酒造,,山口県,山口市,山口県山口市嘉川5031,1926,http://www.santouka.com/,sake,山口県山口市に蔵を構える金光酒造株式会社は、昭和元年（1926年）創業の歴史を誇る老舗酒蔵です。酒造りへの磨かれた技、執念、徹底したこだわり、熟練の技が醸し出す、金光酒造伝統の味をぜひご堪能ください。伝統の技を守りつつ、現代の食文化に寄り添う高品質な美酒を醸し続けています。,0,draft,0.95,kumiai_yamaguchi_detail,社名:金光酒造株式会社 創業:大正15年 代表銘柄:山頭火,2026-07-05 12:09:11,2026-08-02 06:37:42,34.1913,131.4779,1926,0,0
1916,,三井酒造場,三井酒造場,,山口県,宇部市,山口県宇部市床波1-18-12,1668,,sake,山口県宇部市に蔵を構える三井酒造場は、寛文8年（1668年）創業の歴史を誇る老舗酒蔵です。仕込み水には良質な寂地山・秋吉台カルスト湧水（軟水）を使用し、社員醸造・蔵元杜氏の伝統の技を受け継ぎながら、米の旨味を引き出す真摯な酒造りを追求しています。伝統の技を守りつつ、現代の食文化に寄り添う高品質な美酒を醸し続けています。,0,draft,0.9,kumiai_yamaguchi_detail,社名:三井酒造場 創業:寛文8年（1668年） 代表銘柄:涛乃花,2026-07-05 12:09:11,2026-08-02 06:37:40,34.193,131.481,1668,0,0
1917,,株式会社中島屋酒造場,中島屋酒造場,,山口県,周南市,山口県周南市土井2-1-3,1823,https://nakashimaya1823.jp/,sake,山口県周南市に蔵を構える株式会社中島屋酒造場は、文政6年（1823年）創業の歴史を誇る老舗酒蔵です。今や希少となった、江戸時代から伝承される正統的な醸造法である「生酛造り」で醸した酒名「カネナカ」。生酛（きもと）に起因する香り、味わいが個性豊かで、旨みとふくらみのある酸味が熱燗にも対応する腰の強さが特徴です。伝統の技を守りつつ、現代の食文化に寄り添う高品質な美酒を醸し続けています。,0,draft,0.95,kumiai_yamaguchi_detail,社名:株式会社中島屋酒造場 創業:文政6年 代表銘柄:寿,2026-07-05 12:09:11,2026-08-02 06:37:42,34.1947,131.4641,1823,0,0
1918,,株式会社はつもみぢ,はつもみぢ,,山口県,周南市,山口県周南市飯島町1-40,1819,http://www.hatsumomidi.co.jp/,sake,山口県周南市に蔵を構える株式会社はつもみぢは、文政2年（1819年）創業の歴史を誇る老舗酒蔵です。仕込み水には良質な寂地山・秋吉台カルスト湧水（軟水）を使用し、社員醸造・蔵元杜氏の伝統の技を受け継ぎながら、米の旨味を引き出す真摯な酒造りを追求しています。伝統の技を守りつつ、現代の食文化に寄り添う高品質な美酒を醸し続けています。,0,draft,0.95,kumiai_yamaguchi_detail,社名:株式会社はつもみぢ 創業:文政2年（1819年） 代表銘柄:原田,2026-07-05 12:09:11,2026-08-02 06:37:42,34.1764,131.4672,1819,0,0
1919,,株式会社竹内酒造場,竹内酒造場,,山口県,防府市,山口県防府市千日2-9-5,1909,https://peraichi.com/landing_pages/view/takeuchishuzou/,sake,山口県防府市に蔵を構える株式会社竹内酒造場は、明治42年（1909年）創業の歴史を誇る老舗酒蔵です。銘柄錦世界（にしきせかい） 錦は二色以上の色糸や金銀糸を使った絹織物を指し、美しく立派なものとの意味を持つ言葉です。初代竹内光平は、江戸時代に長州藩主への献上水として使用されていた地下水の水質の良さに惚れ込み、この地に酒造業を開業しました。伝統の技を守りつつ、現代の食文化に寄り添う高品質な美酒を醸し続けています。,0,draft,0.95,kumiai_yamaguchi_detail,社名:株式会社竹内酒造場 創業:1909年 明治42年 代表銘柄:錦世界,2026-07-05 12:09:11,2026-08-02 06:37:42,34.1781,131.4703,1909,0,0
1920,,大嶺酒造株式会社,大嶺酒造,,山口県,美祢市,山口県美祢市秋芳町別府2585-2,1910,https://www.ohmine.jp/,sake,山口県美祢市に蔵を構える大嶺酒造株式会社は、明治43年（1910年）創業の歴史を誇る老舗酒蔵です。私達は文化や伝統を最大限に尊重し、現代の技術をもって先人達の成しえなかった日本酒を創造したい。現状や過去のレシピに満足せず日本酒の研究を日々の楽しみとし、醸造に情熱と好奇心を持って地域の気候とアイデンティティを表現するような日本酒を創り続け、この度の私達の行動がこれからの日本の伝統や文化と成れば幸いと考えています。伝統の技を守りつつ、現代の食文化に寄り添う高品質な美酒を醸し続けています。,0,draft,0.75,kumiai_yamaguchi_detail,創業:江戸時代中期 設立:大正11年（西暦不明瞭のためnull）,2026-07-05 12:09:11,2026-08-02 06:37:42,34.1798,131.4734,1910,0,0
1921,7240001012353,旭酒造株式会社,旭酒造,,山口県,岩国市,山口県岩国市周東町獺越2167-4,1948,https://www.dassai.co.jp/,sake,三重県多気郡明和町に蔵を構える旭酒造株式会社は、明治8年（1875年）創業の歴史を誇る老舗酒蔵です。旭酒造 | 創業明治八年・伊勢志摩の酒蔵 創業明治八年・伊勢志摩の酒蔵 日本酒夏の日本酒、開栓後はどう保存する。歓迎会シーズンを自分のペースで楽しむ、悪酔いしないためのお酒のコツ🌸2026年3月25日料理二十四節気】雨水から啓蟄へ——“春の入口”を、伊勢の地酒で楽しむ2026年2月25日 日本の伝統と匠の技を守る 創業は明治八年。伝統の技を守りつつ、現代の食文化に寄り添う高品質な美酒を醸し続けています。,0,draft,1.0,kumiai_yamaguchi_detail,旭酒造株式会社（社名表記を修正、獺祭は銘柄名）,2026-07-05 12:09:11,2026-08-02 06:37:42,34.1354,132.0258,1948,1,1
1922,,有限会社堀江酒場,堀江酒場,,山口県,岩国市,山口県岩国市錦町広瀬6781,1764,http://horiesakaba.com,sake,山口県岩国市に蔵を構える有限会社堀江酒場は、明和元年（1764年）創業の歴史を誇る老舗酒蔵です。地元の原料を、江戸中期から代々伝わる技法で醸造しています。「酒はもっとおいしくなる」 私たちは伝統的な日本酒造りを守り続けるとともに、新たな可能性にも挑んでいます。伝統の技を守りつつ、現代の食文化に寄り添う高品質な美酒を醸し続けています。,0,draft,0.9,kumiai_yamaguchi_detail,社名:有限会社堀江酒場 創業:江戸明和元年（1764年） 代表銘柄:金雀 清流錦川 堀仙江輪 黒まいん,2026-07-05 12:09:11,2026-08-02 06:37:42,34.1832,131.4796,1764,0,0
1923,,新谷酒造株式会社,新谷酒造,,山口県,山口市,山口県山口市徳地堀1673-1,1927,http://wakamusume.com/,sake,山口県山口市に位置する新谷酒造株式会社は、昭和2年（1927年）に創業しました。仕込み水には良質な寂地山・秋吉台カルスト湧水（軟水）を使用し、社員醸造・蔵元杜氏の伝統の技を受け継ぎながら、米の旨味を引き出す真摯な酒造りを追求しています。伝統の技を守りつつ、現代の食文化に寄り添う高品質な美酒を醸し続けています。,0,draft,0.95,kumiai_yamaguchi_detail,社名:新谷酒造株式会社 創業:昭和2年 代表銘柄:和可娘,2026-07-05 12:09:11,2026-08-02 06:37:42,34.1849,131.4627,1927,0,0
1924,,永山酒造合名会社,永山酒造,,山口県,山陽小野田市,山口県山陽小野田市大字厚狭367-1,1887,http://www.yamanosake.com/,sake,山口県山陽小野田市に蔵を構える永山酒造合名会社は、明治20年（1887年）創業の歴史を誇る老舗酒蔵です。その素晴らしい素材り、吟醸臭に依存しない、「味で飲む」本格的吟醸酒を若手杜氏がキレ味良く醸造しております。杉板張と、最新鋭の温度制御装置を装備していますが、大切なのは人の技です。伝統の技を守りつつ、現代の食文化に寄り添う高品質な美酒を醸し続けています。,0,draft,0.95,kumiai_yamaguchi_detail,社名:永山酒造合名会社 創業:明治20年 代表銘柄:山猿,2026-07-05 12:09:11,2026-08-02 06:37:42,34.1866,131.4658,1887,0,0
1925,,長州酒造株式会社,長州酒造,,山口県,下関市,山口県下関市菊川町大字吉賀72,1871,,sake,山口県下関市に蔵を構える長州酒造株式会社は、明治4年（1871年）創業の歴史を誇る老舗酒蔵です。仕込み水には良質な寂地山・秋吉台カルスト湧水（軟水）を使用し、社員醸造・蔵元杜氏の伝統の技を受け継ぎながら、米の旨味を引き出す真摯な酒造りを追求しています。伝統の技を守りつつ、現代の食文化に寄り添う高品質な美酒を醸し続けています。,0,draft,0.9,kumiai_yamaguchi_detail,社名:長州酒造株式会社 創業:明治４年 代表銘柄:天美,2026-07-05 12:09:11,2026-08-02 06:37:42,34.1883,131.4689,1871,0,0
1926,,村重酒造株式会社,村重酒造,森乃井酒造,山口県,岩国市,山口県岩国市御庄5-101-1,1910,https://www.murashige-sake.co.jp/,sake,山口県岩国市に蔵を構える村重酒造株式会社は、明治43年（1910年）創業の歴史を誇る老舗酒蔵です。仕込み水には良質な寂地山・秋吉台カルスト湧水（軟水）を使用し、社員醸造・蔵元杜氏の伝統の技を受け継ぎながら、米の旨味を引き出す真摯な酒造りを追求しています。伝統の技を守りつつ、現代の食文化に寄り添う高品質な美酒を醸し続けています。,0,draft,0.8,kumiai_yamaguchi_detail,創業:明治初期（森乃井酒造） 代表銘柄:村重・金冠黒松（西暦不明瞭のためnull）,2026-07-05 12:09:11,2026-08-02 06:37:42,34.19,131.472,1910,0,0
1927,,山城屋酒造株式会社,山城屋酒造,,山口県,山口市,山口県山口市道場門前2-1-7,1916,http://www.sugihime.jp/,sake,山口県山口市に蔵を構える山城屋酒造株式会社は、大正5年（1916年）創業の歴史を誇る老舗酒蔵です。丹精込めて造ったこだわりの日本酒をいただいてください。山城屋酒造のストーリー 山口の歴史とともに歩みつづけ、創業400年 山口県山口市で江戸時代から続く『山城屋酒造』。伝統の技を守りつつ、現代の食文化に寄り添う高品質な美酒を醸し続けています。,0,draft,0.95,kumiai_yamaguchi_detail,社名:山城屋酒造株式会社 創業:大正5年 代表銘柄:杉姫,2026-07-05 12:09:11,2026-08-02 06:37:42,34.1917,131.4751,1916,0,0
1928,,八百新酒造株式会社,八百新酒造,,山口県,岩国市,山口県岩国市今津町3-18-9,1877,http://www.yaoshin.co.jp/,sake,山口県岩国市に蔵を構える八百新酒造株式会社は、明治10年（1877年）創業の歴史を誇る老舗酒蔵です。仕込み水には良質な寂地山・秋吉台カルスト湧水（軟水）を使用し、社員醸造・蔵元杜氏の伝統の技を受け継ぎながら、米の旨味を引き出す真摯な酒造りを追求しています。伝統の技を守りつつ、現代の食文化に寄り添う高品質な美酒を醸し続けています。,0,draft,0.95,kumiai_yamaguchi_detail,社名:八百新酒造株式会社 創業:明治10年 代表銘柄:雁木,2026-07-05 12:09:11,2026-08-02 06:37:42,34.1934,131.4782,1877,0,0
1929,,酒井酒造株式会社,酒井酒造,,山口県,岩国市,山口県岩国市中津町1-1-31,1871,https://gokyo-sake.co.jp/,sake,山口県岩国市に蔵を構える酒井酒造株式会社は、明治4年（1871年）創業の歴史を誇る老舗酒蔵です。歴史あるこの町は、初代領主である吉川広家の時代からチャレンジの歴史。酒井酒造が手がける五橋は、その錦帯橋に由来しています。伝統の技を守りつつ、現代の食文化に寄り添う高品質な美酒を醸し続けています。,0,draft,0.95,kumiai_yamaguchi_detail,社名:酒井酒造株式会社 創業:明治4年 代表銘柄:五橋,2026-07-05 12:09:11,2026-08-02 06:37:42,34.1951,131.4813,1871,0,0
1930,,株式会社澄川酒造場,澄川酒造場,,山口県,萩市,山口県萩市大字中小川611番地,1921,https://toyobijin.jp/,sake,山口県萩市に蔵を構える株式会社澄川酒造場は、大正10年（1921年）創業の歴史を誇る老舗酒蔵です。2021年で創業100年を迎えた澄川酒造場。澄川宜史が4代目蔵元杜氏になってからの日本酒造りのこだわりは他の追随を許さない。伝統の技を守りつつ、現代の食文化に寄り添う高品質な美酒を醸し続けています。,0,draft,1.0,kumiai_yamaguchi_detail,社名:株式会社澄川酒造場 創業:1921年 代表銘柄:東洋美人,2026-07-05 12:09:11,2026-08-02 06:37:42,34.1768,131.4644,1921,0,0
1931,,八千代酒造合名会社,八千代酒造,,山口県,萩市,山口県萩市大字吉部下3306,1887,https://ec.yachiyo-sake.com/,sake,山口県萩市に蔵を構える八千代酒造合名会社は、明治20年（1887年）創業の歴史を誇る老舗酒蔵です。銘柄は、「君が代」の一節「千代に八千代に…」から、この酒を飲む人々の家系が行く末永く栄えることを祈って「八千代」と名付けました。また「La+ YACHIYO」の由来は、惑星同士の共鳴現象を提言した天文学者ラプラスの名前から着想、価値を加える「＋」の記号、スペルに含まれる「place=場所」等の意味を含んでいます。伝統の技を守りつつ、現代の食文化に寄り添う高品質な美酒を醸し続けています。,0,draft,0.95,kumiai_yamaguchi_detail,社名:八千代酒造合名会社 創業:明治20年 代表銘柄:八千代,2026-07-05 12:09:11,2026-08-02 06:37:41,34.1785,131.4675,1887,0,0
1932,,株式会社川村酒造場,川村酒造場,,山口県,大島郡周防大島町,山口県大島郡周防大島町小松710-1,1879,,sake,山口県大島郡周防大島町に蔵を構える株式会社川村酒造場は、明治12年（1879年）創業の歴史を誇る老舗酒蔵です。仕込み水には良質な寂地山・秋吉台カルスト湧水（軟水）を使用し、社員醸造・蔵元杜氏の伝統の技を受け継ぎながら、米の旨味を引き出す真摯な酒造りを追求しています。伝統の技を守りつつ、現代の食文化に寄り添う高品質な美酒を醸し続けています。,0,draft,0.85,kumiai_yamaguchi_detail,社名:株式会社川村酒造場 創業:明治１２年（１８７９年） URLはInstagramのため非掲載,2026-07-05 12:09:11,2026-08-02 06:37:42,34.1802,131.4706,1879,0,0
1933,,株式会社永山本家酒造場,永山本家酒造場,,山口県,宇部市,山口県宇部市大字車地138,1888,http://www.domainetaka.com/,sake,山口県宇部市に蔵を構える株式会社永山本家酒造場は、明治21年（1888年）創業の歴史を誇る老舗酒蔵です。仕込み水には良質な寂地山・秋吉台カルスト湧水（軟水）を使用し、社員醸造・蔵元杜氏の伝統の技を受け継ぎながら、米の旨味を引き出す真摯な酒造りを追求しています。伝統の技を守りつつ、現代の食文化に寄り添う高品質な美酒を醸し続けています。,0,draft,0.95,kumiai_yamaguchi_detail,社名:株式会社永山本家酒造場 創業:明治21年 代表銘柄:貴,2026-07-05 12:09:11,2026-08-02 06:37:42,34.1819,131.4737,1888,0,0
1934,,有限会社岡崎酒造場,岡崎酒造場,,山口県,萩市,山口県萩市川上464-1,1924,http://www.chomonkyo.com/,sake,山口県萩市に蔵を構える有限会社岡崎酒造場は、大正13年（1924年）創業の歴史を誇る老舗酒蔵です。創業は大正13年（西暦1924年）地元山口の酒米を中心に日本酒・リキュールなどを製造しています Concept長門峡の清流に育まれた手造りの酒 大正13年より創業。水は萩市阿武川の清流をつかい手造りで日本酒を製造しています。伝統の技を守りつつ、現代の食文化に寄り添う高品質な美酒を醸し続けています。,0,draft,0.95,kumiai_yamaguchi_detail,社名:有限会社岡崎酒造場 創業:大正13年 代表銘柄:長門峡,2026-07-05 12:09:11,2026-08-02 06:37:41,34.1836,131.4768,1924,0,0
1935,,阿武の鶴酒造合資会社,阿武の鶴酒造,,山口県,阿武郡阿武町,山口県阿武郡阿武町奈古2796,1915,https://linktr.ee/abunotsuru,sake,山口県阿武郡阿武町に蔵を構える阿武の鶴酒造合資会社は、大正4年（1915年）創業の歴史を誇る老舗酒蔵です。仕込み水には良質な寂地山・秋吉台カルスト湧水（軟水）を使用し、社員醸造・蔵元杜氏の伝統の技を受け継ぎながら、米の旨味を引き出す真摯な酒造りを追求しています。伝統の技を守りつつ、現代の食文化に寄り添う高品質な美酒を醸し続けています。,0,draft,0.85,kumiai_yamaguchi_detail,社名:阿武の鶴酒造合資会社 創業:大正４年 代表銘柄:阿武の鶴（URLはLinktree）,2026-07-05 12:09:11,2026-08-02 06:37:42,34.1853,131.4799,1915,0,0
1936,,岩崎酒造株式会社,岩崎酒造,,山口県,萩市,山口県萩市東田町58,1901,https://iwasakishuzou.com,sake,山口県萩市に蔵を構える岩崎酒造株式会社は、明治34年（1901年）創業の歴史を誇る老舗酒蔵です。2026年1月14日受付分まで「年末年始休業は12/30～1/5」 創業当時、蔵元である岩崎家に女の子が次々と誕生したことからその娘（こ）らが福々しいよい娘に育ってほしいとの願いを込めて福娘と名付けられました。創業は明治３４年（西暦１９０１年）で、創業以来原料である酒米の品質にこだわって酒造りを行ってきました。伝統の技を守りつつ、現代の食文化に寄り添う高品質な美酒を醸し続けています。,0,draft,0.95,kumiai_yamaguchi_detail,社名:岩崎酒造株式会社 創業:明治34年 代表銘柄:長陽福娘,2026-07-05 12:09:11,2026-08-02 06:37:42,34.187,131.463,1901,0,0
2127,,足立酒造合資会社,足立酒造,,岐阜県,岐阜市,〒500-8222 岐阜市琴塚3-21-10,1910,,sake,岐阜県岐阜市に蔵を構える足立酒造合資会社は、明治43年（1910年）創業の歴史を誇る老舗酒蔵です。仕込み水には良質な飛騨山脈・長良川清流伏流水（軟水）を使用し、越後杜氏・飛騨杜氏の伝統の技を受け継ぎながら、米の旨味を引き出す真摯な酒造りを追求しています。伝統の技を守りつつ、現代の食文化に寄り添う高品質な美酒を醸し続けています。,0,draft,0.9,kumiai_gifu_detail,足立酒造（資）／〒500-8222　岐阜市琴塚3-21-10,2026-07-05 15:07:47,2026-08-02 06:37:40,35.3971,136.726,1910,0,0
2128,,日本泉酒造株式会社,日本泉酒造,,岐阜県,岐阜市,〒500-8429 岐阜市加納清水町3-8-2,1910,http://www.nihonizumi.co.jp/,sake,岐阜県岐阜市に蔵を構える日本泉酒造株式会社は、明治43年（1910年）創業の歴史を誇る老舗酒蔵です。ビル地下醸造の蔵元から、毎月生まれる生の酒 名水百選のひとつである清流長良川の伏流水、その中でも「清水町」の水で醸すれば、日本に誇れる酒が造れると確信をもって創業者が名付けた社名こそが「日本泉」です。これを期に気温が一定であるという特徴を生かし、日本酒を1年中醸造する「四季醸造」に着手。伝統の技を守りつつ、現代の食文化に寄り添う高品質な美酒を醸し続けています。,0,draft,0.9,kumiai_gifu_detail,日本泉酒造（株）／〒500-8429　岐阜市加納清水町3-8-2,2026-07-05 15:07:47,2026-08-02 06:37:40,35.3988,136.7291,1910,0,0
2129,,菊川株式会社,菊川,,岐阜県,各務原市,〒509-0132 各務原市鵜沼西町1-543,1910,http://www.sake-kikukawa.co.jp/index.php,sake,岐阜県各務原市に蔵を構える菊川株式会社は、明治43年（1910年）創業の歴史を誇る老舗酒蔵です。長良川の清冽な水に恵まれ、国産米にこだわり、酒造りの時期には「伊吹おろし」と呼ばれる寒風が吹き晴天が続きます。酒造りへのこだわり 詳細はこちら Kikukawa's heart 水、米、そして酒づくりに適した恵まれた風土。伝統の技を守りつつ、現代の食文化に寄り添う高品質な美酒を醸し続けています。,0,draft,0.9,kumiai_gifu_detail,菊川（株）／〒509-0132　各務原市鵜沼西町1-543,2026-07-05 15:07:47,2026-08-02 06:37:42,35.4005,136.7322,1910,0,0
2130,,小町酒造株式会社,小町酒造,,岐阜県,各務原市,〒504-0851 各務原市蘇原伊吹町2-15,1910,http://www.nagaragawa.co.jp/,sake,岐阜県各務原市に蔵を構える小町酒造株式会社は、明治43年（1910年）創業の歴史を誇る老舗酒蔵です。長良川蔵元は、伝承技により、名水百選「長良川」の伏流水と安心できる国産酒米で旨みある酒を醸しております。酒は人が造るものでなく生物が醸すものという想いで、発酵力を最大限に引き出す事を重視し、 伝承技である醗酵自体の自然終息、つまりは酵母が自然な状態で発酵を終息するという「完全発酵」にて、 ”旨味”ある”ほっとする酒”を醸しております。伝統の技を守りつつ、現代の食文化に寄り添う高品質な美酒を醸し続けています。,0,draft,0.9,kumiai_gifu_detail,小町酒造（株）／〒504-0851　各務原市蘇原伊吹町2-15,2026-07-05 15:07:47,2026-08-02 06:37:42,35.3822,136.7153,1910,0,0
2131,,千代菊株式会社,千代菊,,岐阜県,羽島市,〒501-6241 羽島市竹鼻町2733,1910,http://www.chiyogiku.co.jp/,sake,岐阜県羽島市に蔵を構える千代菊株式会社は、明治43年（1910年）創業の歴史を誇る老舗酒蔵です。千代菊では、濃尾平野の豊富な水資源である清流・長良川の伏流水を地下128ｍから汲み上げ、仕込み水に使用しています。ごく自然な取り組みとして、千代菊は有機米を原料とした酒造りにこだわり続けます。伝統の技を守りつつ、現代の食文化に寄り添う高品質な美酒を醸し続けています。,0,draft,0.9,kumiai_gifu_detail,千代菊（株）／〒501-6241　羽島市竹鼻町2733,2026-07-05 15:07:47,2026-08-02 06:37:42,35.3839,136.7184,1910,0,0
2132,,株式会社三輪酒造,三輪酒造,,岐阜県,大垣市,〒503-0923 大垣市船町4-48,1910,http://www.miwashuzo.co.jp/,sake,岐阜県大垣市に蔵を構える株式会社三輪酒造は、明治43年（1910年）創業の歴史を誇る老舗酒蔵です。仕込み水には良質な飛騨山脈・長良川清流伏流水（軟水）を使用し、越後杜氏・飛騨杜氏の伝統の技を受け継ぎながら、米の旨味を引き出す真摯な酒造りを追求しています。伝統の技を守りつつ、現代の食文化に寄り添う高品質な美酒を醸し続けています。,0,draft,0.9,kumiai_gifu_detail,（株）三輪酒造／〒503-0923　大垣市船町4-48,2026-07-05 15:07:47,2026-08-02 06:37:42,35.3856,136.7215,1910,0,0
2133,,武内合資会社,武内,,岐阜県,大垣市,〒503-0897 大垣市伝馬町1,1910,http://www.takeuchi-shuzo.jp/,sake,岐阜県大垣市に蔵を構える武内合資会社は、明治43年（1910年）創業の歴史を誇る老舗酒蔵です。仕込み水には良質な飛騨山脈・長良川清流伏流水（軟水）を使用し、越後杜氏・飛騨杜氏の伝統の技を受け継ぎながら、米の旨味を引き出す真摯な酒造りを追求しています。伝統の技を守りつつ、現代の食文化に寄り添う高品質な美酒を醸し続けています。,0,draft,0.9,kumiai_gifu_detail,武内（資）／〒503-0897　大垣市伝馬町1,2026-07-05 15:07:47,2026-08-02 06:37:40,35.3873,136.7246,1910,0,0
2134,,渡辺酒造醸,渡辺酒造醸,,岐阜県,大垣市,〒503-0015 大垣市林町8-1126,1910,http://www.minonishiki.com/,sake,岐阜県大垣市に蔵を構える渡辺酒造醸は、明治43年（1910年）創業の歴史を誇る老舗酒蔵です。この地に明治35年、渡辺酒造醸は創業しました。創業から100年以上経った現在も地元の方々に愛され続けるため、“この地”“この蔵”でしか出せない味に、こだわり、追求しています。伝統の技を守りつつ、現代の食文化に寄り添う高品質な美酒を醸し続けています。,0,draft,0.9,kumiai_gifu_detail,渡辺酒造醸／〒503-0015　大垣市林町8-1126,2026-07-05 15:07:47,2026-08-02 06:37:42,35.389,136.7277,1910,0,0
2135,,大塚酒造株式会社,大塚酒造,,岐阜県,揖斐郡池田町,〒503-2424 揖斐郡池田町池野422,1910,,sake,岐阜県揖斐郡池田町に蔵を構える大塚酒造株式会社は、明治43年（1910年）創業の歴史を誇る老舗酒蔵です。仕込み水には良質な飛騨山脈・長良川清流伏流水（軟水）を使用し、越後杜氏・飛騨杜氏の伝統の技を受け継ぎながら、米の旨味を引き出す真摯な酒造りを追求しています。伝統の技を守りつつ、現代の食文化に寄り添う高品質な美酒を醸し続けています。,0,draft,0.9,kumiai_gifu_detail,大塚酒造（株）／〒503-2424　揖斐郡池田町池野422,2026-07-05 15:07:47,2026-08-02 06:37:42,35.3907,136.7308,1910,0,0
2136,,池田屋酒造株式会社,池田屋酒造,,岐阜県,揖斐郡揖斐川町,〒501-0619 揖斐郡揖斐川町三輪612-1,1910,,sake,岐阜県揖斐郡揖斐川町に蔵を構える池田屋酒造株式会社は、明治43年（1910年）創業の歴史を誇る老舗酒蔵です。仕込み水には良質な飛騨山脈・長良川清流伏流水（軟水）を使用し、越後杜氏・飛騨杜氏の伝統の技を受け継ぎながら、米の旨味を引き出す真摯な酒造りを追求しています。伝統の技を守りつつ、現代の食文化に寄り添う高品質な美酒を醸し続けています。,0,draft,0.9,kumiai_gifu_detail,池田屋酒造（株）／〒501-0619　揖斐郡揖斐川町三輪612-1,2026-07-05 15:07:47,2026-08-02 06:37:40,35.3924,136.7139,1910,0,0
2137,,所酒造合資会社,所酒造,,岐阜県,揖斐郡揖斐川町,〒501-0619 揖斐郡揖斐川町三輪537-1,1910,http://www.ibi.or.jp/~bojimaya/,sake,岐阜県揖斐郡揖斐川町に蔵を構える所酒造合資会社は、明治43年（1910年）創業の歴史を誇る老舗酒蔵です。仕込み水には良質な飛騨山脈・長良川清流伏流水（軟水）を使用し、越後杜氏・飛騨杜氏の伝統の技を受け継ぎながら、米の旨味を引き出す真摯な酒造りを追求しています。伝統の技を守りつつ、現代の食文化に寄り添う高品質な美酒を醸し続けています。,0,draft,0.9,kumiai_gifu_detail,所酒造（資）／〒501-0619　揖斐郡揖斐川町三輪537-1,2026-07-05 15:07:47,2026-08-02 06:37:42,35.3941,136.717,1910,0,0
2138,,杉原酒造株式会社,杉原酒造,,岐阜県,揖斐郡大野町,〒501-0532 揖斐郡大野町大字下磯1,1910,http://www.sugiharasake.jp/,sake,岐阜県揖斐郡大野町に蔵を構える杉原酒造株式会社は、明治43年（1910年）創業の歴史を誇る老舗酒蔵です。受け継がれてきた伝統を守りながらも、 思い切った改革が必要だと感じ、 米づくりから酒造りまで、とことん地元にこだわる 「真の地酒造り」に取り組んだ。自分のできることから一歩ずつ情熱を注ぐことで 多くの支持をいただけるようになった。伝統の技を守りつつ、現代の食文化に寄り添う高品質な美酒を醸し続けています。,0,draft,0.9,kumiai_gifu_detail,杉原酒造（株）／〒501-0532　揖斐郡大野町大字下磯1,2026-07-05 15:07:47,2026-08-02 06:37:42,35.3958,136.7201,1910,0,0
2139,,玉泉堂酒造株式会社,玉泉堂酒造,,岐阜県,養老郡養老町,〒503-1314 養老郡養老町高田800-3,1910,https://www.gyokusendo.jp/,sake,岐阜県養老郡養老町に蔵を構える玉泉堂酒造株式会社は、明治43年（1910年）創業の歴史を誇る老舗酒蔵です。製法のこだわりはページ下部を御覧ください。3.	お米へのこだわり 高品質な日本酒づくりには、高品質なお米が重要です。伝統の技を守りつつ、現代の食文化に寄り添う高品質な美酒を醸し続けています。,0,draft,0.9,kumiai_gifu_detail,玉泉堂酒造（株）／〒503-1314　養老郡養老町高田800-3,2026-07-05 15:07:47,2026-08-02 06:37:42,35.3975,136.7232,1910,0,0
2140,,株式会社小坂酒造場,小坂酒造場,,岐阜県,美濃市,〒501-3723 美濃市2267,1910,http://www.kuramoto-kosaka.com/,sake,岐阜県美濃市に蔵を構える株式会社小坂酒造場は、明治43年（1910年）創業の歴史を誇る老舗酒蔵です。仕込み水には良質な飛騨山脈・長良川清流伏流水（軟水）を使用し、越後杜氏・飛騨杜氏の伝統の技を受け継ぎながら、米の旨味を引き出す真摯な酒造りを追求しています。伝統の技を守りつつ、現代の食文化に寄り添う高品質な美酒を醸し続けています。,0,draft,0.9,kumiai_gifu_detail,（株）小坂酒造場／〒501-3723　美濃市2267,2026-07-05 15:07:47,2026-08-02 06:37:42,35.3992,136.7263,1910,0,0
2141,,御代桜醸造株式会社,御代桜醸造,,岐阜県,美濃加茂市,〒505-0042 美濃加茂市太田本町3-2-9,1910,http://www.miyozakura.co.jp/,sake,岐阜県美濃加茂市に蔵を構える御代桜醸造株式会社は、明治43年（1910年）創業の歴史を誇る老舗酒蔵です。岐阜の地の豊かな自然に育まれた米と清冽な水から生まれる、脈々と受け継がれる小細工のない風土の酒。米と水とそして醸し手達の情熱が生み出す日本酒の限りない可能性を模索し、新しい価値を創りたいと志して挑戦し続ける酒。伝統の技を守りつつ、現代の食文化に寄り添う高品質な美酒を醸し続けています。,0,draft,0.9,kumiai_gifu_detail,御代桜醸造（株）／〒505-0042　美濃加茂市太田本町3-2-9,2026-07-05 15:07:47,2026-08-02 06:37:42,35.4009,136.7294,1910,0,0
2142,,白扇酒造株式会社,白扇酒造,,岐阜県,加茂郡川辺町,〒509-0304 加茂郡川辺町中川辺28,1910,http://www.hakusenshuzou.jp/,sake,岐阜県加茂郡川辺町に蔵を構える白扇酒造株式会社は、明治43年（1910年）創業の歴史を誇る老舗酒蔵です。本みりんの白扇酒造 福来純「伝統製法」熟成本みりん 8/8(土)～8/16(日)まで川辺店舗・発送業を休業いたします。江戸時代から良質な素材と昔ながらの手造りにこだわっています。伝統の技を守りつつ、現代の食文化に寄り添う高品質な美酒を醸し続けています。,0,draft,0.9,kumiai_gifu_detail,白扇酒造（株）／〒509-0304　加茂郡川辺町中川辺28,2026-07-05 15:07:47,2026-08-02 06:37:42,35.3826,136.7125,1910,0,0
2143,,平和錦酒造株式会社,平和錦酒造,,岐阜県,加茂郡川辺町,〒509-0301 加茂郡川辺町下麻生2121,1910,http://www.kinsen.pu.shopserve.jp,sake,岐阜県加茂郡川辺町に蔵を構える平和錦酒造株式会社は、明治43年（1910年）創業の歴史を誇る老舗酒蔵です。仕込み水には良質な飛騨山脈・長良川清流伏流水（軟水）を使用し、越後杜氏・飛騨杜氏の伝統の技を受け継ぎながら、米の旨味を引き出す真摯な酒造りを追求しています。伝統の技を守りつつ、現代の食文化に寄り添う高品質な美酒を醸し続けています。,0,draft,0.9,kumiai_gifu_detail,平和錦酒造（株）／〒509-0301　加茂郡川辺町下麻生2121,2026-07-05 15:07:47,2026-08-02 06:37:41,35.3843,136.7156,1910,0,0
2144,,合資会社山田商店,山田商店,,岐阜県,加茂郡八百津町,〒505-0301 加茂郡八百津町八百津3888-2,1910,http://www.kura-yamada.com/,sake,岐阜県加茂郡八百津町に蔵を構える合資会社山田商店は、明治43年（1910年）創業の歴史を誇る老舗酒蔵です。仕込み水には良質な飛騨山脈・長良川清流伏流水（軟水）を使用し、越後杜氏・飛騨杜氏の伝統の技を受け継ぎながら、米の旨味を引き出す真摯な酒造りを追求しています。伝統の技を守りつつ、現代の食文化に寄り添う高品質な美酒を醸し続けています。,0,draft,0.9,kumiai_gifu_detail,（資）山田商店／〒505-0301　加茂郡八百津町八百津3888-2,2026-07-05 15:07:47,2026-08-02 06:37:41,35.386,136.7187,1910,0,0
2145,,花盛酒造株式会社,花盛酒造,,岐阜県,加茂郡八百津町,〒505-0301 加茂郡八百津町八百津4091,1910,http://www.hanazakari.co.jp/,sake,岐阜県加茂郡八百津町に蔵を構える花盛酒造株式会社は、明治43年（1910年）創業の歴史を誇る老舗酒蔵です。仕込み水には良質な飛騨山脈・長良川清流伏流水（軟水）を使用し、越後杜氏・飛騨杜氏の伝統の技を受け継ぎながら、米の旨味を引き出す真摯な酒造りを追求しています。伝統の技を守りつつ、現代の食文化に寄り添う高品質な美酒を醸し続けています。,0,draft,0.9,kumiai_gifu_detail,花盛酒造（株）／〒505-0301　加茂郡八百津町八百津4091,2026-07-05 15:07:47,2026-08-02 06:37:41,35.3877,136.7218,1910,0,0
2146,,平野醸造合資会社,平野醸造,,岐阜県,郡上市,〒501-4607 郡上市大和町徳永164,1910,http://www.bojo.jp,sake,岐阜県郡上市に蔵を構える平野醸造合資会社は、明治43年（1910年）創業の歴史を誇る老舗酒蔵です。私たちの技術の粋を結集した酒をぜひ堪能ください。毎月発行している平野醸造オリジナル新聞「かわら版 月刊母情」。伝統の技を守りつつ、現代の食文化に寄り添う高品質な美酒を醸し続けています。,0,draft,0.9,kumiai_gifu_detail,平野醸造（資）／〒501-4607　郡上市大和町徳永164,2026-07-05 15:07:47,2026-08-02 06:37:42,35.3894,136.7249,1910,0,0
2147,,原酒造場,原酒造場,,岐阜県,郡上市,〒501-5121 郡上市白鳥町白鳥991,1910,http://genbun.sakura.ne.jp,sake,岐阜県郡上市に蔵を構える原酒造場は、明治43年（1910年）創業の歴史を誇る老舗酒蔵です。仕込み水には良質な飛騨山脈・長良川清流伏流水（軟水）を使用し、越後杜氏・飛騨杜氏の伝統の技を受け継ぎながら、米の旨味を引き出す真摯な酒造りを追求しています。伝統の技を守りつつ、現代の食文化に寄り添う高品質な美酒を醸し続けています。,0,draft,0.9,kumiai_gifu_detail,原酒造場／〒501-5121　郡上市白鳥町白鳥991,2026-07-05 15:07:47,2026-08-02 06:37:42,35.3911,136.728,1910,0,0
2148,,中島醸造株式会社,中島醸造,,岐阜県,瑞浪市,〒509-6101 瑞浪市土岐町7181-1,1910,http://www.kozaemon.jp/,sake,岐阜県瑞浪市に蔵を構える中島醸造株式会社は、明治43年（1910年）創業の歴史を誇る老舗酒蔵です。中島醸造の新鮮な酒粕をひとつひとつ丁寧に袋詰めされた純米吟醸の酒粕です。「帆船」　「歩み」　「忘れっぽい天使」の3点を使用した3種類のお酒を「始禄」銘柄にて発売。伝統の技を守りつつ、現代の食文化に寄り添う高品質な美酒を醸し続けています。,0,draft,0.9,kumiai_gifu_detail,中島醸造（株）／〒509-6101　瑞浪市土岐町7181-1,2026-07-05 15:07:47,2026-08-02 06:37:42,35.3928,136.7311,1910,0,0
2149,,若葉株式会社,若葉,,岐阜県,瑞浪市,〒509-6101 瑞浪市土岐町7270-1,1910,http://www.wakaba-sake.com/,sake,岐阜県瑞浪市に蔵を構える若葉株式会社は、明治43年（1910年）創業の歴史を誇る老舗酒蔵です。創業三百余年、東美濃の蔵元まで長い年月をかけてたどり着いた、滋味豊かな伏流水を仕込み水に酒造りには欠かせない米を厳選し、真心込めて醸しだす。伝統の技を守りつつ、現代の食文化に寄り添う高品質な美酒を醸し続けています。,0,draft,0.9,kumiai_gifu_detail,若葉（株）／〒509-6101　瑞浪市土岐町7270-1,2026-07-05 15:07:47,2026-08-02 06:37:42,35.3945,136.7142,1910,0,0
2150,,千古乃岩酒造株式会社,千古乃岩酒造,,岐阜県,土岐市,〒509-5401 土岐市駄知町2177-1,1910,http://www.chigonoiwa.com/,sake,岐阜県土岐市に蔵を構える千古乃岩酒造株式会社は、明治43年（1910年）創業の歴史を誇る老舗酒蔵です。仕込み水には良質な飛騨山脈・長良川清流伏流水（軟水）を使用し、越後杜氏・飛騨杜氏の伝統の技を受け継ぎながら、米の旨味を引き出す真摯な酒造りを追求しています。伝統の技を守りつつ、現代の食文化に寄り添う高品質な美酒を醸し続けています。,0,draft,0.9,kumiai_gifu_detail,千古乃岩酒造（株）／〒509-5401　土岐市駄知町2177-1,2026-07-05 15:07:47,2026-08-02 06:37:40,35.3962,136.7173,1910,0,0
2151,,株式会社三千盛,三千盛,,岐阜県,多治見市,〒507-0901 多治見市笠原町2919,1910,http://www.michisakari.com/,sake,岐阜県多治見市に蔵を構える株式会社三千盛は、明治43年（1910年）創業の歴史を誇る老舗酒蔵です。昭和30年代のはじめに、濃い甘口のお酒が主流であった中で、創業から引き継がれた製法を守りつつ、時代に合わせた味作りへの努力を続け、精米歩合50％・日本酒度＋10の特別な超からくちのお酒「三千盛」が誕生しました。伝統の技を守りつつ、現代の食文化に寄り添う高品質な美酒を醸し続けています。,0,draft,0.9,kumiai_gifu_detail,（株）三千盛／〒507-0901　多治見市笠原町2919,2026-07-05 15:07:47,2026-08-02 06:37:42,35.3979,136.7204,1910,0,0
2152,,林酒造株式会社,林酒造,,岐阜県,可児市,〒509-0222 可児市羽崎1418,1910,http://www.minotengu.co.jp/,sake,広島県呉市倉橋町に蔵を構える林酒造株式会社は、文化3年（1806年）創業の歴史を誇る老舗酒蔵です。倉橋島の花崗岩質の土壌をくぐり、三つの谷から湧き出る水を使って醸造したことにより、当代随一の漢学者坂井虎山(こざん)がこの酒を「三谷春」と名付けました。こだわりの瓶に詰まった、三谷春の想いを味わってみてください。伝統の技を守りつつ、現代の食文化に寄り添う高品質な美酒を醸し続けています。,0,draft,0.9,kumiai_gifu_detail,林酒造（株）／〒509-0222　可児市羽崎1418,2026-07-05 15:07:47,2026-08-02 06:37:42,35.3996,136.7235,1910,0,0
2153,,株式会社平井酒造場,平井酒造場,,岐阜県,可児郡御嵩町,〒505-0114 可児郡御嵩町中切1341,1910,,sake,岐阜県可児郡御嵩町に蔵を構える株式会社平井酒造場は、明治43年（1910年）創業の歴史を誇る老舗酒蔵です。仕込み水には良質な飛騨山脈・長良川清流伏流水（軟水）を使用し、越後杜氏・飛騨杜氏の伝統の技を受け継ぎながら、米の旨味を引き出す真摯な酒造りを追求しています。伝統の技を守りつつ、現代の食文化に寄り添う高品質な美酒を醸し続けています。,0,draft,0.9,kumiai_gifu_detail,（株）平井酒造場／〒505-0114　可児郡御嵩町中切1341,2026-07-05 15:07:47,2026-08-02 06:37:40,35.3813,136.7266,1910,0,0
2154,,はざま酒造株式会社,はざま酒造,,岐阜県,中津川市,〒508-0041 中津川市本町4-1-51,1910,http://www.enasan.jp/,sake,岐阜県中津川市に蔵を構えるはざま酒造株式会社は、明治43年（1910年）創業の歴史を誇る老舗酒蔵です。お酒を楽しむすべての方に Story of HAZAMA 恵那山の伏流水を仕込み水に使用 その清らかな水のごとく 最高の日本酒を世界の人々へ 最も大切なこと、 それは蔵人全員が という一つの目標に向かうこと。江戸中期より酒造りを始め、以来200年以上にわたり醸造業を営んでいます。伝統の技を守りつつ、現代の食文化に寄り添う高品質な美酒を醸し続けています。,0,draft,0.9,kumiai_gifu_detail,はざま酒造（株）／〒508-0041　中津川市本町4-1-51,2026-07-05 15:07:47,2026-08-02 06:37:42,35.383,136.7297,1910,0,0
2155,,山内酒造株式会社,山内酒造,,岐阜県,中津川市,〒509-9231 中津川市上野134-1,1910,https://yamauchisyuzou.com/,sake,岐阜県中津川市に蔵を構える山内酒造株式会社は、明治43年（1910年）創業の歴史を誇る老舗酒蔵です。どの純米酒も、昔からの手順を守り、手作りにこだわり、手間を惜しむことなく作っています。仕込み水は、鉄分の多い山を避けて阿寺断層から湧き出る清水を濾過して使用しております。伝統の技を守りつつ、現代の食文化に寄り添う高品質な美酒を醸し続けています。,0,draft,0.9,kumiai_gifu_detail,山内酒造（株）／〒509-9231　中津川市上野134-1,2026-07-05 15:07:47,2026-08-02 06:37:41,35.3847,136.7128,1910,0,0
2156,,有限会社大橋酒造,大橋酒造,,岐阜県,中津川市,〒509-8301 中津川市蛭川1119-1-1-2,1910,http://k-tsuru.com/,sake,岐阜県中津川市に蔵を構える有限会社大橋酒造は、明治43年（1910年）創業の歴史を誇る老舗酒蔵です。対象商品は、1.8Lサイズの「吟醸」「純米」「本醸造」でございます。価格改定日　2026年7月1日ご注文分より　　　　　　　　今後も、創業以来受け継がれてきた伝統を大切にしながら、皆さまにご満足いただけ　　　　　　　る酒造りに励んでまいります。伝統の技を守りつつ、現代の食文化に寄り添う高品質な美酒を醸し続けています。,0,draft,0.9,kumiai_gifu_detail,（有）大橋酒造／〒509-8301　中津川市蛭川1119-1-1-2,2026-07-05 15:07:47,2026-08-02 06:37:42,35.3864,136.7159,1910,0,0
2157,,岩村醸造株式会社,岩村醸造,,岐阜県,恵那市,〒509-7403 恵那市岩村町342,1910,http://www.torokko.co.jp/,sake,岐阜県恵那市に蔵を構える岩村醸造株式会社は、明治43年（1910年）創業の歴史を誇る老舗酒蔵です。そのストーリーをリスペクトし、岩村城築城800年を記念して誕生した銘柄が「女城主」です。創業当時からのブランドで、日本酒の味わい要素の中で最も特徴的な「甘味」を重視し、その表現方法を追求し続けています。伝統の技を守りつつ、現代の食文化に寄り添う高品質な美酒を醸し続けています。,0,draft,0.9,kumiai_gifu_detail,岩村醸造（株）／〒509-7403　恵那市岩村町342,2026-07-05 15:07:47,2026-08-02 06:37:42,35.3881,136.719,1910,0,0
2158,,恵那醸造株式会社三郷工場,恵那醸造三郷工場,,岐阜県,恵那市,〒509-7123 恵那市三郷町野井380-1,1910,,sake,岐阜県恵那市に蔵を構える恵那醸造株式会社三郷工場は、明治43年（1910年）創業の歴史を誇る老舗酒蔵です。仕込み水には良質な飛騨山脈・長良川清流伏流水（軟水）を使用し、越後杜氏・飛騨杜氏の伝統の技を受け継ぎながら、米の旨味を引き出す真摯な酒造りを追求しています。伝統の技を守りつつ、現代の食文化に寄り添う高品質な美酒を醸し続けています。,0,draft,0.9,kumiai_gifu_detail,恵那醸造（株）三郷工場／〒509-7123　恵那市三郷町野井380-1,2026-07-05 15:07:47,2026-08-02 06:37:40,35.3898,136.7221,1910,0,0
2159,,恵那醸造株式会社福岡工場,恵那醸造福岡工場,,岐阜県,中津川市,〒508-0203 中津川市福岡2992-1,1910,https://www.kujiranami.jp/,sake,岐阜県中津川市に蔵を構える恵那醸造株式会社福岡工場は、明治43年（1910年）創業の歴史を誇る老舗酒蔵です。仕込み水には良質な飛騨山脈・長良川清流伏流水（軟水）を使用し、越後杜氏・飛騨杜氏の伝統の技を受け継ぎながら、米の旨味を引き出す真摯な酒造りを追求しています。伝統の技を守りつつ、現代の食文化に寄り添う高品質な美酒を醸し続けています。,0,draft,0.9,kumiai_gifu_detail,恵那醸造（株）福岡工場／〒508-0203　中津川市福岡2992-1,2026-07-05 15:07:47,2026-08-02 06:37:42,35.3915,136.7252,1910,0,0
2160,,川尻酒造場,川尻酒造場,,岐阜県,高山市,〒506-0845 高山市上二之町68,1910,http://www.hidamasamune.com/,sake,岐阜県高山市に蔵を構える川尻酒造場は、明治43年（1910年）創業の歴史を誇る老舗酒蔵です。■　強い麹を育てる製麹（せいきく）作業 ■　蒸米(むしまい）の路地放冷によるゆっくりとした冷却 ■　槽(ふね）と酒袋(さかぶくろ）での昔ながらの搾り工程 大手蔵元では一部特殊品にしか行わない製造法を当蔵では総ての銘柄で実施しています。当蔵は江戸末期、天保10年（1839）創業。伝統の技を守りつつ、現代の食文化に寄り添う高品質な美酒を醸し続けています。,0,draft,0.9,kumiai_gifu_detail,川尻酒造場／〒506-0845　高山市上二之町68,2026-07-05 15:07:47,2026-08-02 06:37:42,35.3932,136.7283,1910,0,0
2161,,二木酒造株式会社,二木酒造,,岐阜県,高山市,〒506-0845 高山市上二之町40,1910,http://www.niki-sake.com/,sake,岐阜県高山市に蔵を構える二木酒造株式会社は、明治43年（1910年）創業の歴史を誇る老舗酒蔵です。仕込み水には良質な飛騨山脈・長良川清流伏流水（軟水）を使用し、越後杜氏・飛騨杜氏の伝統の技を受け継ぎながら、米の旨味を引き出す真摯な酒造りを追求しています。伝統の技を守りつつ、現代の食文化に寄り添う高品質な美酒を醸し続けています。,0,draft,0.9,kumiai_gifu_detail,二木酒造（株）／〒506-0845　高山市上二之町40,2026-07-05 15:07:47,2026-08-02 06:37:42,35.3949,136.7314,1910,0,0
2162,,有限会社平瀬酒造店,平瀬酒造店,,岐阜県,高山市,〒506-0844 高山市上一之町82,1910,http://www.kusudama.co.jp/,sake,岐阜県高山市に蔵を構える有限会社平瀬酒造店は、明治43年（1910年）創業の歴史を誇る老舗酒蔵です。仕込み水には良質な飛騨山脈・長良川清流伏流水（軟水）を使用し、越後杜氏・飛騨杜氏の伝統の技を受け継ぎながら、米の旨味を引き出す真摯な酒造りを追求しています。伝統の技を守りつつ、現代の食文化に寄り添う高品質な美酒を醸し続けています。,0,draft,0.9,kumiai_gifu_detail,（有）平瀬酒造店／〒506-0844　高山市上一之町82,2026-07-05 15:07:47,2026-08-02 06:37:42,35.3966,136.7145,1910,0,0
2163,,株式会社老田酒造店,老田酒造店,,岐阜県,高山市,〒506-0101 高山市清見町牧ヶ洞字梨洞口1928,1910,http://www.onikorosi.com/,sake,岐阜県高山市に蔵を構える株式会社老田酒造店は、明治43年（1910年）創業の歴史を誇る老舗酒蔵です。自家井戸より汲み上げたその水は、仕込み水だけでなく米を洗い吸収させるための水や 原酒に加える水などにも使用しています。良質の水と良質の米、このふたつに、杜氏、蔵人、酒蔵の技や情熱が加わって 「心に残る旨い酒」が生まれます。伝統の技を守りつつ、現代の食文化に寄り添う高品質な美酒を醸し続けています。,0,draft,0.9,kumiai_gifu_detail,（株）老田酒造店／〒506-0101　高山市清見町牧ヶ洞字梨洞口1928,2026-07-05 15:07:47,2026-08-02 06:37:42,35.3983,136.7176,1910,0,0
2164,,有限会社舩坂酒造店,舩坂酒造店,,岐阜県,高山市,〒506-0846 高山市上三之町105,1910,http://www.funasaka-shuzo.co.jp/,sake,岐阜県高山市に蔵を構える有限会社舩坂酒造店は、明治43年（1910年）創業の歴史を誇る老舗酒蔵です。この美しい自然から生み出された湧水と良質な酒造米を用いて、代々続く伝統の技術で醸しだした日本酒をつくりあげています。自分用からプレゼントまで失敗しない選び方5つのポイントとおすすめ銘柄 上撰 深山菊 雪だるま徳利 【秋限定】特別純米深山菊　ひやおろし しぼりたて生酒　深山菊 みかん酒 蜜柑子-かんこ- 当店の銘柄をご紹介します。伝統の技を守りつつ、現代の食文化に寄り添う高品質な美酒を醸し続けています。,0,draft,0.9,kumiai_gifu_detail,（有）舩坂酒造店／〒506-0846　高山市上三之町105,2026-07-05 15:07:47,2026-08-02 06:37:42,35.4,136.7207,1910,0,0
2165,,株式会社平田酒造場,平田酒造場,,岐阜県,高山市,〒506-0845 高山市上二之町43,1910,http://hidanohana.com,sake,岐阜県高山市に蔵を構える株式会社平田酒造場は、明治43年（1910年）創業の歴史を誇る老舗酒蔵です。仕込み水には良質な飛騨山脈・長良川清流伏流水（軟水）を使用し、越後杜氏・飛騨杜氏の伝統の技を受け継ぎながら、米の旨味を引き出す真摯な酒造りを追求しています。伝統の技を守りつつ、現代の食文化に寄り添う高品質な美酒を醸し続けています。,0,draft,0.9,kumiai_gifu_detail,（株）平田酒造場／〒506-0845　高山市上二之町43,2026-07-05 15:07:47,2026-08-02 06:37:42,35.3817,136.7238,1910,0,0
2166,,有限会社原田酒造場,原田酒造場,,岐阜県,高山市,〒506-0846 高山市上三之町10,1910,http://www.sansya.co.jp/,sake,岐阜県高山市に蔵を構える有限会社原田酒造場は、明治43年（1910年）創業の歴史を誇る老舗酒蔵です。京都に近い灘・伏見の酒造りにいち早く注目した初代当主・打江屋長五郎は庄屋から酒屋へ事業転換すべく懸命に酒造りに専念したと伝わっております。以来、江戸・明治・昭和の激動の時代を十代にわたり清酒醸造を守り続けてきました。伝統の技を守りつつ、現代の食文化に寄り添う高品質な美酒を醸し続けています。,0,draft,0.9,kumiai_gifu_detail,（有）原田酒造場／〒506-0846　高山市上三之町10,2026-07-05 15:07:47,2026-08-02 06:37:42,35.3834,136.7269,1910,0,0
2167,,奥飛騨酒造株式会社,奥飛騨酒造,,岐阜県,下呂市,〒509-1622 下呂市金山町金山1984,1910,http://www.okuhida.co.jp/,sake,岐阜県下呂市に蔵を構える奥飛騨酒造株式会社は、明治43年（1910年）創業の歴史を誇る老舗酒蔵です。すっきり淡麗辛口とゆず果汁たっぷりのゆず酒・ゆず胡椒をセットにしました 奥飛騨 ゆず酒＆うめ酒 セット こだわりのゆず酒とうめ酒ができました。こちらから⇒初緑 純米大吟醸720ml、 初緑 美山錦720ml、 皆様のおかげで昨年10月に創業300年を、迎えることができました。伝統の技を守りつつ、現代の食文化に寄り添う高品質な美酒を醸し続けています。,0,draft,0.9,kumiai_gifu_detail,奥飛騨酒造（株）／〒509-1622　下呂市金山町金山1984,2026-07-05 15:07:47,2026-08-02 06:37:42,35.3851,136.73,1910,0,0
2168,,天領酒造株式会社,天領酒造,,岐阜県,下呂市,〒509-2517 下呂市萩原町萩原1289-1,1910,http://www.tenryou.com/,sake,岐阜県下呂市に蔵を構える天領酒造株式会社は、明治43年（1910年）創業の歴史を誇る老舗酒蔵です。仕込み水には良質な飛騨山脈・長良川清流伏流水（軟水）を使用し、越後杜氏・飛騨杜氏の伝統の技を受け継ぎながら、米の旨味を引き出す真摯な酒造りを追求しています。伝統の技を守りつつ、現代の食文化に寄り添う高品質な美酒を醸し続けています。,0,draft,0.9,kumiai_gifu_detail,天領酒造（株）／〒509-2517　下呂市萩原町萩原1289-1,2026-07-05 15:07:47,2026-08-02 06:37:42,35.3868,136.7131,1910,0,0
2169,,有限会社渡辺酒造店,渡辺酒造店,,岐阜県,飛騨市,〒509-4234 飛騨市古川町壱之町7-7,1910,https://www.sake-hourai.co.jp/,sake,岐阜県飛騨市に蔵を構える有限会社渡辺酒造店は、明治43年（1910年）創業の歴史を誇る老舗酒蔵です。スタッフ紹介-お約束します 原材料や醸造技術にとことんこだわり続ける酒。享保17年（1732） 享保17年（1732）に渡邉家の初代久右衛門が当地で「荒城屋」と称して業を起こし、２代目久右衛門は両替業を始めると共に、生糸を製造して京都に販売し、産を成しました。伝統の技を守りつつ、現代の食文化に寄り添う高品質な美酒を醸し続けています。,0,draft,1.0,kumiai_gifu_detail,（有）渡辺酒造店／〒509-4234　飛騨市古川町壱之町7-7,2026-07-05 15:07:47,2026-08-02 06:37:42,35.3885,136.7162,1910,0,0
2170,,有限会社蒲酒造場,蒲酒造場,,岐阜県,飛騨市,〒509-4234 飛騨市古川町壱之町6-6,1910,https://www.yancha.com/,sake,岐阜県飛騨市に蔵を構える有限会社蒲酒造場は、明治43年（1910年）創業の歴史を誇る老舗酒蔵です。この白真弓の蔵元である私ども蒲酒造場が長きにわたって良酒造りに勤しんでこられるのは、初代・登安が懸命に築き上げた基盤と、代々の当主たちのたゆまない努力によるもの以外の何物でもありません。宝永元年（1704）に創業 時をさかのぼること約300年前の宝永元年（1704）、登安はこの飛騨古川で商いを始めました。伝統の技を守りつつ、現代の食文化に寄り添う高品質な美酒を醸し続けています。,0,draft,1.0,kumiai_gifu_detail,（有）蒲酒造場／〒509-4234　飛騨市古川町壱之町6-6,2026-07-05 15:07:47,2026-08-02 06:37:42,35.3902,136.7193,1910,0,0
2171,,有限会社大坪酒造店,大坪酒造店,,岐阜県,飛騨市,〒506-1162 飛騨市神岡町朝浦557,1910,http://www.hida-ootsubo.com,sake,岐阜県飛騨市に蔵を構える有限会社大坪酒造店は、明治43年（1910年）創業の歴史を誇る老舗酒蔵です。大坪酒造店 | 「飛騨娘」「神代」醸造元　飛騨市神岡町の酒蔵 「飛騨娘」「神代」醸造元　飛騨市神岡町の酒蔵 オンラインショップをオープンしました。伝統の技を守りつつ、現代の食文化に寄り添う高品質な美酒を醸し続けています。,0,draft,0.9,kumiai_gifu_detail,（有）大坪酒造店／〒506-1162　飛騨市神岡町朝浦557,2026-07-05 15:07:47,2026-08-02 06:37:42,35.3919,136.7224,1910,0,0
2240,,株式会社久世酒造店,久世酒造店,,石川県,河北郡津幡町,石川県河北郡津幡町清水イ122,1786,http://www.choseimai.co.jp/,sake,石川県河北郡津幡町に蔵を構える株式会社久世酒造店は、天明6年（1786年）創業の歴史を誇る老舗酒蔵です。創業天明六年(1786年)以来、自社の田にて独自の酒米(長生米)を作り、仕込み水は、(硬水)と(軟水)の2種類を使い分けて仕込んでおります。江戸時代から受け継がれる伝統の技で　飲む人の長生きを願って、心を込めて酒造りをしています。伝統の技を守りつつ、現代の食文化に寄り添う高品質な美酒を醸し続けています。,0,draft,0.9,kumiai_ishikawa_detail,創業天明六年（1786年）以来、良い酒を造るには,2026-07-05 15:07:47,2026-08-02 06:37:42,36.5927,136.6196,1786,0,0
2241,,有限会社武内酒造店,武内酒造店,,石川県,金沢市,石川県金沢市御所町イ22,1910,,sake,石川県金沢市に蔵を構える有限会社武内酒造店は、明治43年（1910年）創業の歴史を誇る老舗酒蔵です。仕込み水には良質な霊峰白山連峰雪解け伏流水（中軟水）を使用し、能登杜氏の伝統の技を受け継ぎながら、米の旨味を引き出す真摯な酒造りを追求しています。伝統の技を守りつつ、現代の食文化に寄り添う高品質な美酒を醸し続けています。,0,draft,0.85,kumiai_ishikawa_detail,「御所泉吟醸」（旧一級酒）は、本物を追求し,2026-07-05 15:07:47,2026-08-02 06:37:42,36.5944,136.6227,1910,0,0
2242,4220001004603,株式会社福光屋,福光屋,,石川県,金沢市,石川県金沢市石引2-8-3,1625,http://www.fukumitsuya.co.jp,sake,石川県金沢市に蔵を構える株式会社福光屋は、寛永2年（1625年）創業の歴史を誇る老舗酒蔵です。百々登勢・瑞秀・初心 FROM THE CELLAR 創業1625年の歴史を基盤とし、新しい文化の創造を担う人材を募集しています。お米の発酵由来のアミノ酸で、肌の奥まで浸透保湿。伝統の技を守りつつ、現代の食文化に寄り添う高品質な美酒を醸し続けています。,0,draft,0.9,kumiai_ishikawa_detail,福光屋の創業は1625年。金沢で最も長い歴史,2026-07-05 15:07:47,2026-08-02 06:37:42,36.5961,136.6258,1625,0,0
2243,,中村酒造株式会社,中村酒造,,石川県,金沢市,本社／石川県金沢市長土塀3-2-15,1910,http://www.nakamura-shuzou.co.jp,sake,鹿児島県大島郡天城町に蔵を構える中村酒造株式会社は、明治43年（1910年）創業の歴史を誇る老舗酒蔵です。仕込み水には良質な霧島裂罅水・屋久島超軟水湧水（軟水）を使用し、黒瀬杜氏の伝統の技を受け継ぎながら、米の旨味を引き出す真摯な酒造りを追求しています。伝統の技を守りつつ、現代の食文化に寄り添う高品質な美酒を醸し続けています。,0,draft,0.85,kumiai_ishikawa_detail,その「栄（さかえ）」を酒名にした誇りが生きています,2026-07-05 15:07:47,2026-08-02 06:37:42,36.5978,136.6289,1910,0,0
2244,,やちや酒造株式会社,やちや酒造,谷内屋,石川県,金沢市,石川県金沢市大樋町8-32,1910,http://www.yachiya-sake.co.jp/,sake,石川県金沢市に蔵を構えるやちや酒造株式会社は、明治43年（1910年）創業の歴史を誇る老舗酒蔵です。今年も前田家由来の紫宸殿雛人形を飾りました 2/3(火)〜4/3(金)まで、前田家由来の紫宸殿雛人形を展示しております。観光メディア「Atlas Log」にて紹介されました 日本酒の伝統と革新が交差する場所──250年以上の歴史を持つ「やちや酒造」の新たな挑戦 大阪万博に出展します。伝統の技を守りつつ、現代の食文化に寄り添う高品質な美酒を醸し続けています。,0,draft,0.85,kumiai_ishikawa_detail,「谷内屋（やちや）」の屋号と「加賀鶴」の酒銘を拝受,2026-07-05 15:07:47,2026-08-02 06:37:42,36.5995,136.632,1910,0,0
2245,,株式会社金谷酒造店,金谷酒造店,,石川県,白山市,石川県白山市安田町3-2,1910,http://www.hakusan-takasago.jp/,sake,石川県白山市に蔵を構える株式会社金谷酒造店は、明治43年（1910年）創業の歴史を誇る老舗酒蔵です。会社案内 TOP商品紹介おすすめ商品本醸造高砂酒米｢石川門｣お酒ができるまで会社案内 石川の米どころ、加賀平野の中心に位置する白山市で、明治二年より酒造りを営んでいます。小さな酒蔵ですが「酒文化に貢献する」と言う、弊社の理念に挑戦し続けようと、伝統の酒造りを続けつつ、土蔵を改装したﾌﾚﾝﾁﾚｽﾄﾗﾝ｢高砂茶寮｣を開業し、日本酒とお料理のコラボレーションをご提案しています。伝統の技を守りつつ、現代の食文化に寄り添う高品質な美酒を醸し続けています。,0,draft,0.85,kumiai_ishikawa_detail,霊峰白山の万年雪を源流とする手取川の伏流水,2026-07-05 15:07:47,2026-08-02 06:37:42,36.6012,136.6351,1910,0,0
2246,,菊姫合資会社,菊姫,菊姫,石川県,白山市,石川県白山市鶴来新町タ8,1910,http://www.kikuhime.co.jp,sake,石川県白山市に蔵を構える菊姫合資会社は、明治43年（1910年）創業の歴史を誇る老舗酒蔵です。仕込み水には良質な白山連峰雪解け伏流水（中硬水）を使用し、能登杜氏の伝統の技を受け継ぎながら、米の旨味を引き出す真摯な酒造りを追求しています。伝統の技を守りつつ、現代の食文化に寄り添う高品質な美酒を醸し続けています。,0,draft,0.85,kumiai_ishikawa_detail,菊姫は、従来からの評価に甘んじることなく,2026-07-05 15:07:47,2026-08-02 06:37:42,36.6029,136.6182,1910,0,0
2247,,株式会社小堀酒造店,小堀酒造店,,石川県,白山市,石川県白山市鶴来本町1丁目ワ47,1910,http://www.manzairaku.co.jp,sake,石川県白山市に蔵を構える株式会社小堀酒造店は、明治43年（1910年）創業の歴史を誇る老舗酒蔵です。飲む人の心を豊かにする一杯の追求 2026.08.03代表取締役辞任ならびに今後の経営体制に関するご報告 流れいずる醗酵のまち鶴来で、 萬歳楽は「事のはじまり」を意味し、 古来より新たな門出で舞われた 「おめでたい舞楽」が由来。伝統の技を守りつつ、現代の食文化に寄り添う高品質な美酒を醸し続けています。,0,draft,0.85,kumiai_ishikawa_detail,明治中期に商標を「萬歳楽」と定め,2026-07-05 15:07:47,2026-08-02 06:37:42,36.6046,136.6213,1910,0,0
2248,,株式会社車多酒造,車多酒造,,石川県,白山市,石川県白山市坊丸町60-1,1823,http://www.tengumai.co.jp,sake,石川県白山市に蔵を構える株式会社車多酒造は、文政6年（1823年）創業の歴史を誇る老舗酒蔵です。私たちは、お食事と楽しめる飲んで旨い酒を手造りで醸し続け、 日本文化の粋である日本酒を世界に発信し、 地の人に誇りと喜びを持っていただく酒造りを行います。また、手造りにこだわることは、技術の伝承に不可欠です。伝統の技を守りつつ、現代の食文化に寄り添う高品質な美酒を醸し続けています。,0,draft,0.85,kumiai_ishikawa_detail,文政六年（一八二三年）から天狗舞を造り続けています,2026-07-05 15:07:47,2026-08-02 06:37:42,36.5863,136.6244,1823,0,0
2249,,株式会社吉田酒造店,吉田酒造店,,石川県,白山市,石川県白山市安吉町41,1870,https://tedorigawa.com/,sake,石川県白山市に蔵を構える株式会社吉田酒造店は、明治3年（1870年）創業の歴史を誇る老舗酒蔵です。私たち吉田酒造店のこだわりや、蔵人、スタッフ全員が全ての行動において大切にしている考え方です。吉田酒造店の会社概要はじめ、明治3年創業からの歩みと歴史をご紹介します。伝統の技を守りつつ、現代の食文化に寄り添う高品質な美酒を醸し続けています。,0,draft,1.0,kumiai_ishikawa_detail,明治三年創業以来、頑なに手造りに徹し,2026-07-05 15:07:47,2026-08-02 06:37:42,36.588,136.6275,1870,0,0
2250,,株式会社加越,加越,,石川県,小松市,石川県小松市今江町9丁目605,1910,http://www.kanpaku.co.jp/,sake,石川県小松市に蔵を構える株式会社加越は、明治43年（1910年）創業の歴史を誇る老舗酒蔵です。仕込み水には良質な霊峰白山連峰雪解け伏流水（中軟水）を使用し、能登杜氏の伝統の技を受け継ぎながら、米の旨味を引き出す真摯な酒造りを追求しています。伝統の技を守りつつ、現代の食文化に寄り添う高品質な美酒を醸し続けています。,0,draft,0.9,kumiai_ishikawa_detail,美しいふるさとの酒、加賀の月……純米吟醸酒です,2026-07-05 15:07:47,2026-08-02 06:37:42,36.5897,136.6306,1910,0,0
2251,,鹿野酒造株式会社,鹿野酒造,,石川県,加賀市,石川県加賀市八日市町イ6,1910,http://www.jokigen.co.jp,sake,石川県加賀市に蔵を構える鹿野酒造株式会社は、明治43年（1910年）創業の歴史を誇る老舗酒蔵です。Full 1こだわりは、ひとの常みがかれるのは、こめの常たたずむは、みずの常うまれる銘酒は、常きげん 2026年7月27日お知らせ高等学校の教科書に掲載されました。伝統の技を守りつつ、現代の食文化に寄り添う高品質な美酒を醸し続けています。,0,draft,0.9,kumiai_ishikawa_detail,蔵の水田では酒米「山田錦」の栽培を行っており,2026-07-05 15:07:47,2026-08-02 06:37:42,36.5914,136.6337,1910,0,0
2252,,合同会社西出酒造,西出酒造,,石川県,小松市,石川県小松市下粟津町ろ24,1913,https://nishidesake.com/,sake,石川県小松市に蔵を構える合同会社西出酒造は、大正2年（1913年）創業の歴史を誇る老舗酒蔵です。仕込み水には良質な霊峰白山連峰雪解け伏流水（中軟水）を使用し、能登杜氏の伝統の技を受け継ぎながら、米の旨味を引き出す真摯な酒造りを追求しています。伝統の技を守りつつ、現代の食文化に寄り添う高品質な美酒を醸し続けています。,0,draft,0.85,kumiai_ishikawa_detail,大正２年清酒製造業に転業。平成２５年には創業１００年,2026-07-05 15:07:47,2026-08-02 06:37:42,36.5931,136.6168,1913,0,0
2253,,合資会社手塚酒造場,手塚酒造場,,石川県,小松市,石川県小松市串町庚7,1910,,sake,石川県小松市に蔵を構える合資会社手塚酒造場は、明治43年（1910年）創業の歴史を誇る老舗酒蔵です。仕込み水には良質な霊峰白山連峰雪解け伏流水（中軟水）を使用し、能登杜氏の伝統の技を受け継ぎながら、米の旨味を引き出す真摯な酒造りを追求しています。伝統の技を守りつつ、現代の食文化に寄り添う高品質な美酒を醸し続けています。,0,draft,0.85,kumiai_ishikawa_detail,霊峰白山の伏流水を使い、人々に親しまれ,2026-07-05 15:07:47,2026-08-02 06:37:40,36.5948,136.6199,1910,0,0
2254,,東酒造株式会社,東酒造,,石川県,小松市,石川県小松市野田町丁35,1910,http://www.sake-sinsen.co.jp/,sake,鹿児島県鹿児島市に蔵を構える東酒造株式会社は、明治43年（1910年）創業の歴史を誇る老舗酒蔵です。＜記事を読む＞ 黒酒造りで培った醸造技術、吟醸酵母との出会いが「七窪」を更なる高みへ。細部にまで徹底的にこだわり妥協なき酒造りで仕上げた逸品。伝統の技を守りつつ、現代の食文化に寄り添う高品質な美酒を醸し続けています。,0,draft,0.8,kumiai_ishikawa_detail,万延年間創業の酒造りは、長い歴史のうちに,2026-07-05 15:07:47,2026-08-02 06:37:42,36.5965,136.623,1910,0,0
2255,,松浦酒造有限会社,松浦酒造,,石川県,加賀市,石川県加賀市山中温泉本町2-ソ15,1910,https://shishinosato.com/,sake,石川県加賀市に蔵を構える松浦酒造有限会社は、明治43年（1910年）創業の歴史を誇る老舗酒蔵です。超軟水の仕込み水を生かしたやさしい味わいの食中酒として、穏やかな香りと食欲を誘う生き生きとした酸を大切にしております。日本の醸造酒は米と水と微生物達の神秘の力によって醸されており、糀の酵素は米のデンプン質を糖化するのはもちろん、さらにお料理の味わいをも糖化し味わいを膨らませてくれます。伝統の技を守りつつ、現代の食文化に寄り添う高品質な美酒を醸し続けています。,0,draft,0.75,kumiai_ishikawa_detail,お客様に楽しんでいただける事が、獅子の里一同の願いです,2026-07-05 15:07:47,2026-08-02 06:37:42,36.5982,136.6261,1910,0,0
2256,,株式会社宮本酒造店,宮本酒造店,,石川県,能美市,石川県能美市宮竹町イ74,1876,http://www.mujou.co.jp/,sake,石川県能美市に蔵を構える株式会社宮本酒造店は、明治9年（1876年）創業の歴史を誇る老舗酒蔵です。－－－　日本酒.地酒.こだわりの宮本酒造店FACEBOOK Agrodolcemela 夢醸に新しい仲間、【夢醸 Agrodolcemela 純米吟醸】発売開始。今期　春のうすにごりは　酒米 百万石乃白で醸造。伝統の技を守りつつ、現代の食文化に寄り添う高品質な美酒を醸し続けています。,0,draft,0.85,kumiai_ishikawa_detail,名脇役の旨味『夢醸（むじょう）』。明治９年創業以来,2026-07-05 15:07:47,2026-08-02 06:37:42,36.5999,136.6292,1876,0,0
2257,,鳥屋酒造株式会社,鳥屋酒造,,石川県,鹿島郡中能登町,石川県鹿島郡中能登町一青ケ部96,1910,,sake,石川県鹿島郡中能登町に蔵を構える鳥屋酒造株式会社は、明治43年（1910年）創業の歴史を誇る老舗酒蔵です。仕込み水には良質な霊峰白山連峰雪解け伏流水（中軟水）を使用し、能登杜氏の伝統の技を受け継ぎながら、米の旨味を引き出す真摯な酒造りを追求しています。伝統の技を守りつつ、現代の食文化に寄り添う高品質な美酒を醸し続けています。,0,draft,0.85,kumiai_ishikawa_detail,能登の一角にある小さな酒蔵です,2026-07-05 15:07:47,2026-08-02 06:37:42,36.6016,136.6323,1910,0,0
2258,,合資会社布施酒造店,布施酒造店,,石川県,七尾市,石川県七尾市三島町52-2,1876,,sake,石川県七尾市に蔵を構える合資会社布施酒造店は、明治9年（1876年）創業の歴史を誇る老舗酒蔵です。仕込み水には良質な霊峰白山連峰雪解け伏流水（中軟水）を使用し、能登杜氏の伝統の技を受け継ぎながら、米の旨味を引き出す真摯な酒造りを追求しています。伝統の技を守りつつ、現代の食文化に寄り添う高品質な美酒を醸し続けています。,0,draft,0.75,kumiai_ishikawa_detail,創業明治九年より連綿百二十年、日本酒醸造一筋,2026-07-05 15:07:47,2026-08-02 06:37:40,36.6033,136.6354,1876,0,0
2259,,御祖酒造株式会社,御祖酒造,,石川県,羽咋市,石川県羽咋市大町イ8,1910,,sake,石川県羽咋市に蔵を構える御祖酒造株式会社は、明治43年（1910年）創業の歴史を誇る老舗酒蔵です。仕込み水には良質な霊峰白山連峰雪解け伏流水（中軟水）を使用し、能登杜氏の伝統の技を受け継ぎながら、米の旨味を引き出す真摯な酒造りを追求しています。伝統の技を守りつつ、現代の食文化に寄り添う高品質な美酒を醸し続けています。,0,draft,0.85,kumiai_ishikawa_detail,能登の霊峰石動山の地下水を仕込み水として醸される能登の銘酒「遊穂」,2026-07-05 15:07:47,2026-08-02 06:37:42,36.585,136.6185,1910,0,0
2260,,有限会社春成酒造店,春成酒造店,,石川県,七尾市,石川県七尾市今町15番地,1865,,sake,石川県七尾市に蔵を構える有限会社春成酒造店は、慶応元年（1865年）創業の歴史を誇る老舗酒蔵です。仕込み水には良質な霊峰白山連峰雪解け伏流水（中軟水）を使用し、能登杜氏の伝統の技を受け継ぎながら、米の旨味を引き出す真摯な酒造りを追求しています。伝統の技を守りつつ、現代の食文化に寄り添う高品質な美酒を醸し続けています。,0,draft,0.75,kumiai_ishikawa_detail,慶応元年に４代目により、現在地において「酒造業」を創業,2026-07-05 15:07:47,2026-08-02 06:37:40,36.5867,136.6216,1865,0,0
2261,,櫻田酒造株式会社,櫻田酒造,,石川県,珠洲市,石川県珠洲市蛸島町ソ-93,1910,http://www.sakurada.biz,sake,石川県珠洲市に蔵を構える櫻田酒造株式会社は、明治43年（1910年）創業の歴史を誇る老舗酒蔵です。Enter your keyword below 能登のちいさな酒　販売休止中 日本語　English 能登のちいさな酒　販売休止中 杜氏が飲みたい味をイメージし、醸造している酒です。本醸造原酒と純米酒をベースにして作った３種類のリキュール酒です。伝統の技を守りつつ、現代の食文化に寄り添う高品質な美酒を醸し続けています。,0,draft,0.85,kumiai_ishikawa_detail,当時は清酒「大慶」が酒銘、のちに櫻田の家名をとって清酒「初桜」となる,2026-07-05 15:07:47,2026-08-02 06:37:42,36.5884,136.6247,1910,0,0
2262,,宗玄酒造株式会社,宗玄酒造,,石川県,珠洲市,石川県珠洲市宝立町宗玄24-22,1768,http://www.sougen-shuzou.com,sake,石川県珠洲市に蔵を構える宗玄酒造株式会社は、明和5年（1768年）創業の歴史を誇る老舗酒蔵です。仕込み水には良質な奥能登白山伏流水（軟水）を使用し、能登杜氏の伝統の技を受け継ぎながら、米の旨味を引き出す真摯な酒造りを追求しています。伝統の技を守りつつ、現代の食文化に寄り添う高品質な美酒を醸し続けています。,0,draft,0.85,kumiai_ishikawa_detail,蔵元の宗玄家の名をとって「宗玄酒」と呼ばれ親しまれてきました,2026-07-05 15:07:47,2026-08-02 06:37:42,36.5901,136.6278,1768,0,0
2263,,松波酒造株式会社,松波酒造,,石川県,鳳珠郡能登町,石川県鳳珠郡能登町松波30-114,1868,https://www.o-eyama.com:443/,sake,石川県鳳珠郡能登町に蔵を構える松波酒造株式会社は、明治元年（1868年）創業の歴史を誇る老舗酒蔵です。仕込み水には良質な霊峰白山連峰雪解け伏流水（中軟水）を使用し、能登杜氏の伝統の技を受け継ぎながら、米の旨味を引き出す真摯な酒造りを追求しています。伝統の技を守りつつ、現代の食文化に寄り添う高品質な美酒を醸し続けています。,0,draft,0.75,kumiai_ishikawa_detail,明治元年、金七興十郎が創業,2026-07-05 15:07:47,2026-08-02 06:37:42,36.5918,136.6309,1868,0,0
2264,,数馬酒造株式会社,数馬酒造,,石川県,鳳珠郡能登町,石川県鳳珠郡能登町宇出津ヘ36,1869,http://chikuha.co.jp,sake,石川県鳳珠郡能登町に蔵を構える数馬酒造株式会社は、明治2年（1869年）創業の歴史を誇る老舗酒蔵です。仕込み水には良質な霊峰白山連峰雪解け伏流水（中軟水）を使用し、能登杜氏の伝統の技を受け継ぎながら、米の旨味を引き出す真摯な酒造りを追求しています。伝統の技を守りつつ、現代の食文化に寄り添う高品質な美酒を醸し続けています。,0,draft,0.85,kumiai_ishikawa_detail,全量能登産の契約栽培米で日本酒「竹葉（ちくは）」を醸しています,2026-07-05 15:07:47,2026-08-02 06:37:42,36.5935,136.634,1869,0,0
2265,,株式会社清水酒造店,清水酒造店,,石川県,輪島市,石川県輪島市河井町1部18,1862,http://notohomare.com,sake,石川県輪島市に蔵を構える株式会社清水酒造店は、文久2年（1862年）創業の歴史を誇る老舗酒蔵です。石川県酒造組合連合会様と加賀地方の酒造会社様各社のご協力をいただき、米蔵で無事だった酒造米を運び出しての委託醸造が始まりました。文久2年（1862年）創業 5代目が営む清水酒造店。伝統の技を守りつつ、現代の食文化に寄り添う高品質な美酒を醸し続けています。,0,draft,0.85,kumiai_ishikawa_detail,地元産の米と水で醸した純米酒「奥能登輪島千枚田」も好評,2026-07-05 15:07:47,2026-08-02 06:37:42,36.5952,136.6171,1862,0,0
2266,,株式会社鶴野酒造店,鶴野酒造店,,石川県,鳳珠郡能登町,石川県鳳珠郡能登町鵜川19-64外,1910,http:www.taniizumi.jp,sake,石川県鳳珠郡能登町に蔵を構える株式会社鶴野酒造店は、明治43年（1910年）創業の歴史を誇る老舗酒蔵です。仕込み水には良質な霊峰白山連峰雪解け伏流水（中軟水）を使用し、能登杜氏の伝統の技を受け継ぎながら、米の旨味を引き出す真摯な酒造りを追求しています。伝統の技を守りつつ、現代の食文化に寄り添う高品質な美酒を醸し続けています。,0,draft,0.8,kumiai_ishikawa_detail,「谷泉」の銘柄の由来は定かではないが、創業以来引き継がれている,2026-07-05 15:07:47,2026-08-02 06:37:42,36.5969,136.6202,1910,0,0
2267,,合名会社中島酒造店,中島酒造店,傳兵衛さ,石川県,輪島市,石川県輪島市鳳至稲荷町8,1910,http://www.notosuehiro.com,sake,石川県輪島市に蔵を構える合名会社中島酒造店は、明治43年（1910年）創業の歴史を誇る老舗酒蔵です。能登末廣｜中島酒造店 | 奥能登のこだわり酒造 toggle navigation 特定商取引法に基づく表記 ©Nakashima shuzoten. 派手さはなくても、「存在感」のある能登杜氏の酒づくり。さらに少しでもより多くの方にこだわりの味を味わっていただこうと新しいことに挑戦し、商品化しております。伝統の技を守りつつ、現代の食文化に寄り添う高品質な美酒を醸し続けています。,0,draft,0.85,kumiai_ishikawa_detail,以来、「傳兵衛さ」の屋号で親しまれ、当代は18代目,2026-07-05 15:07:47,2026-08-02 06:37:42,36.5986,136.6233,1910,0,0
2268,,中野酒造株式会社,中野酒造,,石川県,輪島市,石川県輪島市門前町広瀬ニ5-2,1910,,sake,石川県輪島市に蔵を構える中野酒造株式会社は、明治43年（1910年）創業の歴史を誇る老舗酒蔵です。仕込み水には良質な霊峰白山連峰雪解け伏流水（中軟水）を使用し、能登杜氏の伝統の技を受け継ぎながら、米の旨味を引き出す真摯な酒造りを追求しています。伝統の技を守りつつ、現代の食文化に寄り添う高品質な美酒を醸し続けています。,0,draft,0.85,kumiai_ishikawa_detail,元治元年、法燈の灯ともる総持寺の所在地,2026-07-05 15:07:47,2026-08-02 06:37:40,36.6003,136.6264,1910,0,0
2269,,中納酒造株式会社,中納酒造,,石川県,輪島市,石川県輪島市町野町寺山3-42,1849,,sake,石川県輪島市に蔵を構える中納酒造株式会社は、嘉永2年（1849年）創業の歴史を誇る老舗酒蔵です。仕込み水には良質な霊峰白山連峰雪解け伏流水（中軟水）を使用し、能登杜氏の伝統の技を受け継ぎながら、米の旨味を引き出す真摯な酒造りを追求しています。伝統の技を守りつつ、現代の食文化に寄り添う高品質な美酒を醸し続けています。,0,draft,0.85,kumiai_ishikawa_detail,創業1849年嘉永2年、地元奥能登を中心に販売,2026-07-05 15:07:47,2026-08-02 06:37:40,36.602,136.6295,1849,0,0
2270,,株式会社白藤酒造店,白藤酒造店,,石川県,輪島市,石川県輪島市鳳至町上町24,1722,http://www.hakutousyuzou.jp,sake,石川県輪島市に蔵を構える株式会社白藤酒造店は、享保7年（1722年）創業の歴史を誇る老舗酒蔵です。山から引かれた軟水の仕込み水を用いて、醪は蔵の理想の温度経過を辿り、醸されます。伝統の技を守りつつ、現代の食文化に寄り添う高品質な美酒を醸し続けています。,0,draft,0.85,kumiai_ishikawa_detail,享保7年（1722年）廻船問屋として創業,2026-07-05 15:07:47,2026-08-02 06:37:42,36.6037,136.6326,1722,0,0
2271,,日吉酒造店,日吉酒造店,,石川県,輪島市,石川県輪島市河井町2部27-12,1912,,sake,石川県輪島市に蔵を構える日吉酒造店は、大正元年（1912年）創業の歴史を誇る老舗酒蔵です。仕込み水には良質な霊峰白山連峰雪解け伏流水（中軟水）を使用し、能登杜氏の伝統の技を受け継ぎながら、米の旨味を引き出す真摯な酒造りを追求しています。伝統の技を守りつつ、現代の食文化に寄り添う高品質な美酒を醸し続けています。,0,draft,0.75,kumiai_ishikawa_detail,大正元年、輪島の朝市通りで創業,2026-07-05 15:07:47,2026-08-02 06:37:42,36.5854,136.6157,1912,0,0
2481,,松岡醸造株式会社,松岡醸造,,埼玉県,比企郡,埼玉県比企郡小川町下古寺7-2,1910,https://www.mikadomatsu.com/,sake,埼玉県比企郡に蔵を構える松岡醸造株式会社は、明治43年（1910年）創業の歴史を誇る老舗酒蔵です。そこに杜氏の腕と最新技術が加わることで「帝松」は生まれる。帝松の酒造りに使用しているこの特異な仕込み水は、地殻変動によって海が隆起してできた石灰岩の山々が連なる秩父山で濾過された天然水です。伝統の技を守りつつ、現代の食文化に寄り添う高品質な美酒を醸し続けています。,0,draft,0.95,kumiai_saitama_detail,社名:松岡醸造株式会社 / 所在地:埼玉県比企郡小川町下古寺7-2 / 沿革:越後頸城郡柿崎で酒造り,2026-07-05 15:07:47,2026-08-02 06:37:42,35.8646,139.65,1910,0,0
2482,,株式会社横関酒造店,横関酒造店,,埼玉県,児玉郡,埼玉県児玉郡美里町大字猪俣3214-1,1910,https://www.yokozeki-syuzo.jp/,sake,埼玉県児玉郡に蔵を構える株式会社横関酒造店は、明治43年（1910年）創業の歴史を誇る老舗酒蔵です。仕込み水には良質な秩父山系・荒川水系伏流水（中硬水）を使用し、南部杜氏・越後杜氏の伝統の技を受け継ぎながら、米の旨味を引き出す真摯な酒造りを追求しています。伝統の技を守りつつ、現代の食文化に寄り添う高品質な美酒を醸し続けています。,0,draft,0.95,kumiai_saitama_detail,社名:株式会社横関酒造店 / 所在地:埼玉県児玉郡美里町大字猪俣3214-1 / 沿革:創業明治13,2026-07-05 15:07:47,2026-08-02 06:37:42,35.8663,139.6531,1910,0,0
2483,,権田酒造株式会社,権田酒造,,埼玉県,熊谷市,埼玉県熊谷市三ケ尻1491,1850,https://www.gondasyuzou.com/,sake,埼玉県熊谷市に蔵を構える権田酒造株式会社は、嘉永3年（1850年）創業の歴史を誇る老舗酒蔵です。権田酒造（日本酒）埼玉県熊谷市の地酒・酒蔵 埼玉県熊谷市の地酒・酒蔵 権田酒造 | 埼玉県熊谷市の地酒・酒蔵 権田酒造 江戸末期の嘉永年間（1850年）当地で創業以来約160年酒造業を営んでまいりました。伝統を受け継ぎながら改良を加え、熊谷人の誇りとなり得るような、より旨い「地酒」を造っていきたいと念じています。伝統の技を守りつつ、現代の食文化に寄り添う高品質な美酒を醸し続けています。,0,draft,0.97,kumiai_saitama_detail,社名:権田酒造株式会社 / 所在地:埼玉県熊谷市三ケ尻1491 / 沿革:1850年の創業以来約17,2026-07-05 15:07:47,2026-08-02 06:37:42,35.848,139.6562,1850,0,0
2484,,長澤酒造株式会社,長沢酒造,,埼玉県,日高市,埼玉県日高市北平沢335,1910,http://nagasawasyuzou.com,sake,埼玉県日高市に蔵を構える長澤酒造株式会社は、明治43年（1910年）創業の歴史を誇る老舗酒蔵です。仕込み水には良質な秩父山系・荒川水系伏流水（中硬水）を使用し、南部杜氏・越後杜氏の伝統の技を受け継ぎながら、米の旨味を引き出す真摯な酒造りを追求しています。伝統の技を守りつつ、現代の食文化に寄り添う高品質な美酒を醸し続けています。,0,draft,0.95,kumiai_saitama_detail,社名:長澤酒造株式会社 / 所在地:埼玉県日高市北平沢335 / 沿革:創業は弘化元年（1844）、,2026-07-05 15:07:47,2026-08-02 06:37:42,35.8497,139.6393,1910,0,0
2485,,南陽醸造株式会社,南陽醸造,,埼玉県,羽生市,埼玉県羽生市上新郷5951,1860,http://www.nanyo-jozo.com/,sake,埼玉県羽生市に蔵を構える南陽醸造株式会社は、万延元年（1860年）創業の歴史を誇る老舗酒蔵です。仕込み水には良質な秩父山系・荒川水系伏流水（中硬水）を使用し、南部杜氏・越後杜氏の伝統の技を受け継ぎながら、米の旨味を引き出す真摯な酒造りを追求しています。伝統の技を守りつつ、現代の食文化に寄り添う高品質な美酒を醸し続けています。,0,draft,0.97,kumiai_saitama_detail,社名:南陽醸造株式会社 / 所在地:埼玉県羽生市上新郷5951 / 沿革:創業1860年で今に至る。,2026-07-05 15:07:47,2026-08-02 06:37:42,35.8514,139.6424,1860,0,0
2486,,神亀酒造株式会社,神亀酒造,,埼玉県,蓮田市,埼玉県蓮田市馬込3-74,1848,http://shinkame.co.jp/,sake,埼玉県蓮田市に蔵を構える神亀酒造株式会社は、嘉永元年（1848年）創業の歴史を誇る老舗酒蔵です。何も足さず、何も隠さず、職人の技と農家と時間を味方として、じっくり丁寧に作り上げています。何も足さず、何も隠さず、職人の技と農家と時間を味方として、じっくり丁寧に造り上げています。伝統の技を守りつつ、現代の食文化に寄り添う高品質な美酒を醸し続けています。,0,draft,1.0,kumiai_saitama_detail,社名:神亀酒造株式会社 / 所在地:埼玉県蓮田市馬込3-74 / 沿革:創業は1848年、1987年,2026-07-05 15:07:47,2026-08-02 06:37:42,35.8531,139.6455,1848,0,0
2487,,武甲酒造株式会社,武甲酒造,,埼玉県,秩父市,埼玉県秩父市宮側町21-27,1910,https://www.bukou.co.jp/,sake,埼玉県秩父市に蔵を構える武甲酒造株式会社は、明治43年（1910年）創業の歴史を誇る老舗酒蔵です。こだわりの酒造りをYouTnbeで配信しています。(^_^)∠※ 武甲山伏流水は一般家庭の生活用水、神社の池、清酒製造 など地域の伝統や文化に重要な役割を果たしています。伝統の技を守りつつ、現代の食文化に寄り添う高品質な美酒を醸し続けています。,0,draft,0.95,kumiai_saitama_detail,社名:武甲酒造株式会社 / 所在地:埼玉県秩父市宮側町21-27 / 沿革:武甲酒造の仕込水「武甲山,2026-07-05 15:07:47,2026-08-02 06:37:42,35.8548,139.6486,1910,0,0
2488,,株式会社タイセー秩父菊水酒造所,タイセー秩父菊水酒造所,,埼玉県,秩父市,埼玉県秩父市下吉田3786-1,1910,https://www.chichibu-kikusui.com/,sake,埼玉県秩父市に蔵を構える株式会社タイセー秩父菊水酒造所は、明治43年（1910年）創業の歴史を誇る老舗酒蔵です。仕込み水には良質な加治川伏流水（軟水）を使用し、越後杜氏の伝統の技を受け継ぎながら、米の旨味を引き出す真摯な酒造りを追求しています。伝統の技を守りつつ、現代の食文化に寄り添う高品質な美酒を醸し続けています。,0,draft,0.95,kumiai_saitama_detail,社名:株式会社タイセー秩父菊水酒造所 / 所在地:埼玉県秩父市下吉田3786-1 / 沿革:寛永2年,2026-07-05 15:07:47,2026-08-02 06:37:41,35.8565,139.6517,1910,0,0
2489,,丸山酒造株式会社,丸山酒造,,埼玉県,深谷市,埼玉県深谷市横瀬1323,1873,https://www.maruyamasz.com/,sake,埼玉県深谷市に蔵を構える丸山酒造株式会社は、明治6年（1873年）創業の歴史を誇る老舗酒蔵です。名前の由来は、明治時代の娯楽である大相撲の殊勲「金星」にちなみ酒造業で大成するようにと創業者丸山和吉が命名しました。名前の由来は、丸山酒造のある深谷は、現在日本で屈指の一大野菜産地です。伝統の技を守りつつ、現代の食文化に寄り添う高品質な美酒を醸し続けています。,0,draft,0.97,kumiai_saitama_detail,社名:丸山酒造株式会社 / 所在地:埼玉県深谷市横瀬1323 / 沿革:1873年創業,2026-07-05 15:07:47,2026-08-02 06:37:42,35.8582,139.6548,1873,0,0
2490,2340001008688,北西酒造株式会社,北西酒造,,埼玉県,上尾市,埼玉県上尾市上町2-5-5,1894,https://www.kitanishishuzo.co.jp/,sake,"埼玉県上尾市に蔵を構える北西酒造株式会社は、明治27年（1894年）創業の歴史を誇る老舗酒蔵です。文楽をこよなく愛した創業者の亀吉は、この三位一体の精神を米、麹、水で造り出す日本酒に生かしたいという想いを込め、銘柄を""文楽""と命名しました。秩父からの質の良い中硬水を仕込み水につかい、蔵人が目指す酒質に合わせて吟味した酒米を丁寧に醸した文楽の日本酒は、淡麗な味わいが特徴です。伝統の技を守りつつ、現代の食文化に寄り添う高品質な美酒を醸し続けています。",0,draft,0.97,kumiai_saitama_detail,社名:北西酒造株式会社 / 所在地:埼玉県上尾市上町2-5-5 / 沿革:創業1894年、上尾市に構,2026-07-05 15:07:47,2026-08-02 06:37:42,31.6212,130.3124,1894,1,1
2491,,寒梅酒造株式会社,寒梅酒造,,埼玉県,久喜市,埼玉県久喜市久喜中央2-9-27,1821,https://www.kanbai.co.jp/,sake,埼玉県久喜市に蔵を構える寒梅酒造株式会社は、文政4年（1821年）創業の歴史を誇る老舗酒蔵です。仕込み水には良質な秩父山系・荒川水系伏流水（中硬水）を使用し、南部杜氏・越後杜氏の伝統の技を受け継ぎながら、米の旨味を引き出す真摯な酒造りを追求しています。伝統の技を守りつつ、現代の食文化に寄り添う高品質な美酒を醸し続けています。,0,draft,0.97,kumiai_saitama_detail,社名:寒梅酒造株式会社 / 所在地:埼玉県久喜市久喜中央2-9-27 / 沿革:創業1821年（文政,2026-07-05 15:07:47,2026-08-02 06:37:41,35.8616,139.641,1821,0,0
2492,,麻原酒造株式会社,麻原酒造,,埼玉県,入間郡,埼玉県入間郡毛呂山町毛呂本郷94,1910,http://www.musashino-asahara.jp,sake,埼玉県入間郡に蔵を構える麻原酒造株式会社は、明治43年（1910年）創業の歴史を誇る老舗酒蔵です。そんな思いを初代、麻原善次郎が詠んだ歌です。伝統の技を守りつつ、現代の食文化に寄り添う高品質な美酒を醸し続けています。,0,draft,0.95,kumiai_saitama_detail,社名:麻原酒造株式会社 / 所在地:埼玉県入間郡毛呂山町毛呂本郷94 / 沿革:創業明治15年。現在,2026-07-05 15:07:47,2026-08-02 06:37:42,35.8633,139.6441,1910,0,0
2493,,株式会社 藤﨑摠兵衛商店,藤崎摠兵衛商店,,埼玉県,秩父郡,埼玉県秩父郡長瀞町大字長瀞1158番地,1728,https://nagatorogura.co.jp,sake,埼玉県秩父郡に蔵を構える株式会社 藤﨑摠兵衛商店は、享保13年（1728年）創業の歴史を誇る老舗酒蔵です。もっと多くの人に埼玉のお酒の美味しさを知ってもらいたいと、長瀞蔵は「埼玉でしか造れない地酒」にこだわります。原料となる酒米は「さけ武蔵」などの埼玉県産のみを使用し、仕込み水は名水百選にも選ばれている長瀞風布地区に湧き出す湧水です。伝統の技を守りつつ、現代の食文化に寄り添う高品質な美酒を醸し続けています。,0,draft,0.97,kumiai_saitama_detail,社名:株式会社　藤﨑摠兵衛商店 / 所在地:埼玉県秩父郡長瀞町大字長瀞1158番地 / 沿革:創業1,2026-07-05 15:07:47,2026-08-02 06:37:42,35.865,139.6472,1728,0,0
2494,,キング醸造株式会社,キング醸造,,埼玉県,羽生市,埼玉県羽生市西4-1-11,1900,https://hinode-mirin.co.jp/,sake,埼玉県羽生市に蔵を構えるキング醸造株式会社は、明治33年（1900年）創業の歴史を誇る老舗酒蔵です。仕込み水には良質な秩父山系・荒川水系伏流水（中硬水）を使用し、南部杜氏・越後杜氏の伝統の技を受け継ぎながら、米の旨味を引き出す真摯な酒造りを追求しています。伝統の技を守りつつ、現代の食文化に寄り添う高品質な美酒を醸し続けています。,0,draft,0.97,kumiai_saitama_detail,社名:キング醸造株式会社 / 所在地:埼玉県羽生市西4-1-11 / 沿革:創業1900年、明治時代,2026-07-05 15:07:47,2026-08-02 06:37:41,35.8667,139.6503,1900,0,0
2495,,株式会社 釜屋,釜屋,,埼玉県,加須市,埼玉県加須市騎西1162,1910,https://www.rikishi.co.jp/,sake,埼玉県加須市に蔵を構える株式会社 釜屋は、明治43年（1910年）創業の歴史を誇る老舗酒蔵です。日本で生まれ私たちが育ててきた日本酒がもたらす特別な瞬間や体験を世界中の人々と共有することを目指し、さらにその過程で日本酒の伝統と革新の融合を実現し、業界全体の発展に貢献することを目的としています。伝統的な資産や技術を守りながらも、新しい可能性へ挑戦し、多様な文化や価値観を持つ人々とともにより美しい未来を醸成し続けていきます。伝統の技を守りつつ、現代の食文化に寄り添う高品質な美酒を醸し続けています。,0,draft,0.95,kumiai_saitama_detail,社名:株式会社 釜屋 / 所在地:埼玉県加須市騎西1162 / 沿革:寛延元年（1748年）、近江商,2026-07-05 15:07:47,2026-08-02 06:37:42,35.8484,139.6534,1910,0,0
2496,,石井酒造株式会社,石井酒造,,埼玉県,幸手市,埼玉県幸手市南2-6-11,1910,https://www.ishii-syuzo.jp/home.html,sake,埼玉県幸手市に蔵を構える石井酒造株式会社は、明治43年（1910年）創業の歴史を誇る老舗酒蔵です。仕込み水には良質な秩父山系・荒川水系伏流水（中硬水）を使用し、南部杜氏・越後杜氏の伝統の技を受け継ぎながら、米の旨味を引き出す真摯な酒造りを追求しています。伝統の技を守りつつ、現代の食文化に寄り添う高品質な美酒を醸し続けています。,0,draft,0.95,kumiai_saitama_detail,社名:石井酒造株式会社 / 所在地:埼玉県幸手市南2-6-11 / 沿革:創業天保11年（1840年,2026-07-05 15:07:47,2026-08-02 06:37:42,35.8501,139.6565,1910,0,0
2497,,滝澤酒造株式会社,滝沢酒造,,埼玉県,深谷市,埼玉県深谷市田所町9-20,1863,https://kikuizumi.jp/,sake,埼玉県深谷市に蔵を構える滝澤酒造株式会社は、文久3年（1863年）創業の歴史を誇る老舗酒蔵です。その後の麹造りはもちろん、仕込み工程でも手作業にこだわります。それでも、私たちは手造りを大切にしたいと思います。伝統の技を守りつつ、現代の食文化に寄り添う高品質な美酒を醸し続けています。,0,draft,0.97,kumiai_saitama_detail,社名:滝澤酒造株式会社 / 所在地:埼玉県深谷市田所町9-20 / 沿革:1863年（文久三年創業）,2026-07-05 15:07:47,2026-08-02 06:37:42,35.8518,139.6396,1863,0,0
2498,,大瀧酒造株式会社,大瀧酒造,,埼玉県,さいたま市,埼玉県さいたま市見沼区膝子663,1910,https://otakisake.com/,sake,埼玉県さいたま市に蔵を構える大瀧酒造株式会社は、明治43年（1910年）創業の歴史を誇る老舗酒蔵です。仕込み水には良質な秩父山系・荒川水系伏流水（中硬水）を使用し、南部杜氏・越後杜氏の伝統の技を受け継ぎながら、米の旨味を引き出す真摯な酒造りを追求しています。伝統の技を守りつつ、現代の食文化に寄り添う高品質な美酒を醸し続けています。,0,draft,0.95,kumiai_saitama_detail,社名:大瀧酒造株式会社 / 所在地:埼玉県さいたま市見沼区膝子663 / 沿革:創業明治17年,2026-07-05 15:07:47,2026-08-02 06:37:41,35.8535,139.6427,1910,0,0
2499,,清龍酒造株式会社,清龍酒造,,埼玉県,蓮田市,埼玉県蓮田市閏戸659-3,1910,https://seiryu-syuzou.co.jp/,sake,埼玉県蓮田市に蔵を構える清龍酒造株式会社は、明治43年（1910年）創業の歴史を誇る老舗酒蔵です。仕込み水には良質な秩父山系・荒川水系伏流水（中硬水）を使用し、南部杜氏・越後杜氏の伝統の技を受け継ぎながら、米の旨味を引き出す真摯な酒造りを追求しています。伝統の技を守りつつ、現代の食文化に寄り添う高品質な美酒を醸し続けています。,0,draft,0.95,kumiai_saitama_detail,社名:清龍酒造株式会社 / 所在地:埼玉県蓮田市閏戸659-3 / 沿革:西暦1858年,2026-07-05 15:07:47,2026-08-02 06:37:41,35.8552,139.6458,1910,0,0
2500,,晴雲酒造株式会社,晴雲酒造,,埼玉県,比企郡,埼玉県比企郡小川町大塚178-2,1910,https://seiun-sake.co.jp/,sake,埼玉県比企郡に蔵を構える晴雲酒造株式会社は、明治43年（1910年）創業の歴史を誇る老舗酒蔵です。仕込み水には良質な秩父山系・荒川水系伏流水（中硬水）を使用し、南部杜氏・越後杜氏の伝統の技を受け継ぎながら、米の旨味を引き出す真摯な酒造りを追求しています。伝統の技を守りつつ、現代の食文化に寄り添う高品質な美酒を醸し続けています。,0,draft,1.0,kumiai_saitama_detail,社名:晴雲酒造株式会社 / 所在地:埼玉県比企郡小川町大塚178-2 / 沿革:明治35年創業。ブラ,2026-07-05 15:07:47,2026-08-02 06:37:42,35.8569,139.6489,1910,0,0
2501,,鈴木酒造株式会社,鈴木酒造,,埼玉県,さいたま市,埼玉県さいたま市岩槻区本町4-8-24,1910,https://www.sakekura.net/,sake,埼玉県さいたま市に蔵を構える鈴木酒造株式会社は、明治43年（1910年）創業の歴史を誇る老舗酒蔵です。創業150周年記念酒「究極のまるいお酒　π」発売開始しました。伝統の技を守りつつ、現代の食文化に寄り添う高品質な美酒を醸し続けています。,0,draft,0.95,kumiai_saitama_detail,社名:鈴木酒造株式会社 / 所在地:埼玉県さいたま市岩槻区本町4-8-24 / 沿革:創業明治4年,2026-07-05 15:07:47,2026-08-02 06:37:41,35.8586,139.652,1910,0,0
2502,,清水酒造株式会社,清水酒造,,埼玉県,加須市,埼玉県加須市戸室1006,1910,,sake,神奈川県相模原市緑区に蔵を構える清水酒造株式会社は、宝暦元年（1751年）創業の歴史を誇る老舗酒蔵です。伝統の酒造りの心と技が時を超えて感動を現代に伝えます。伝統の酒造りの心と技が時を超えて感動を現代に伝えます。伝統の技を守りつつ、現代の食文化に寄り添う高品質な美酒を醸し続けています。,0,draft,0.95,kumiai_saitama_detail,社名:清水酒造株式会社 / 所在地:埼玉県加須市戸室1006 / 沿革:関東では少ない地元出身（埼玉,2026-07-05 15:07:47,2026-08-02 06:37:42,35.8603,139.6551,1910,0,0
2503,,五十嵐酒造株式会社,五十嵐酒造,,埼玉県,飯能市,埼玉県飯能市大字川寺667-1,1910,https://www.snw.co.jp/~iga_s/,sake,埼玉県飯能市に蔵を構える五十嵐酒造株式会社は、明治43年（1910年）創業の歴史を誇る老舗酒蔵です。仕込み水には良質な秩父山系・荒川水系伏流水（中硬水）を使用し、南部杜氏・越後杜氏の伝統の技を受け継ぎながら、米の旨味を引き出す真摯な酒造りを追求しています。伝統の技を守りつつ、現代の食文化に寄り添う高品質な美酒を醸し続けています。,0,draft,0.95,kumiai_saitama_detail,社名:五十嵐酒造株式会社 / 所在地:埼玉県飯能市大字川寺667-1 / 沿革:創業は明治30年、杜,2026-07-05 15:07:47,2026-08-02 06:37:42,35.862,139.6582,1910,0,0
2504,,有限会社 藤橋藤三郎商店,藤橋藤三郎商店,,埼玉県,深谷市,埼玉県深谷市仲町4-10,1910,https://azuma.backnumber.shop/,sake,埼玉県深谷市に蔵を構える有限会社 藤橋藤三郎商店は、明治43年（1910年）創業の歴史を誇る老舗酒蔵です。② 創業170年老舗酒蔵の春夏秋冬日本酒セット ふるさと納税でお得にお酒をGET。大吟醸　渋沢栄一（オリジナル壱万円札肖像ラベル） 当蔵人気の渋沢栄一のお酒、「純米大吟醸 栄一翁」「大吟醸 渋沢栄一」「特別本醸造 中の家」の、300mlを3本セット。伝統の技を守りつつ、現代の食文化に寄り添う高品質な美酒を醸し続けています。,0,draft,0.95,kumiai_saitama_detail,社名:有限会社　藤橋藤三郎商店 / 所在地:埼玉県深谷市仲町4-10 / 沿革:江戸時代末期、嘉永元,2026-07-05 15:07:47,2026-08-02 06:37:41,35.8637,139.6413,1910,0,0
2505,,内木酒造株式会社,内木酒造,,埼玉県,さいたま市,埼玉県さいたま市桜区西堀6-13-15,1775,https://uchiki-s.wixsite.com/uchikisake,sake,埼玉県さいたま市に蔵を構える内木酒造株式会社は、安永4年（1775年）創業の歴史を誇る老舗酒蔵です。仕込み水には良質な秩父山系・荒川水系伏流水（中硬水）を使用し、南部杜氏・越後杜氏の伝統の技を受け継ぎながら、米の旨味を引き出す真摯な酒造りを追求しています。伝統の技を守りつつ、現代の食文化に寄り添う高品質な美酒を醸し続けています。,0,draft,0.97,kumiai_saitama_detail,社名:内木酒造株式会社 / 所在地:埼玉県さいたま市桜区西堀6-13-15 / 沿革:安永4年(17,2026-07-05 15:07:47,2026-08-02 06:37:42,35.8654,139.6444,1775,0,0
2506,,有限会社 佐藤酒造店,佐藤酒造店,,埼玉県,入間郡,埼玉県入間郡越生町大字津久根141-1,1844,http://www.satoshuzou.co.jp,sake,埼玉県入間郡に蔵を構える有限会社 佐藤酒造店は、弘化元年（1844年）創業の歴史を誇る老舗酒蔵です。仕込み水には良質な秩父山系・荒川水系伏流水（中硬水）を使用し、南部杜氏・越後杜氏の伝統の技を受け継ぎながら、米の旨味を引き出す真摯な酒造りを追求しています。伝統の技を守りつつ、現代の食文化に寄り添う高品質な美酒を醸し続けています。,0,draft,0.97,kumiai_saitama_detail,社名:有限会社 佐藤酒造店 / 所在地:埼玉県入間郡越生町大字津久根141-1 / 沿革:弘化元年（,2026-07-05 15:07:47,2026-08-02 06:37:42,35.8471,139.6475,1844,0,0
2507,,小江戸鏡山酒造株式会社,小江戸鏡山酒造,,埼玉県,川越市,埼玉県川越市仲町10-13,1910,https://www.kagamiyama.jp/,sake,埼玉県川越市に蔵を構える小江戸鏡山酒造株式会社は、明治43年（1910年）創業の歴史を誇る老舗酒蔵です。使用米さけ武蔵精米歩合35% 日本酒とワインの醸造技術の融合によりワイン特有の果実香が広がります。伝統の技を守りつつ、現代の食文化に寄り添う高品質な美酒を醸し続けています。,0,draft,0.95,kumiai_saitama_detail,社名:小江戸鏡山酒造株式会社 / 所在地:埼玉県川越市仲町10-13 / 沿革:創業平成19年。蔵の,2026-07-05 15:07:47,2026-08-02 06:37:42,35.8488,139.6506,1910,0,0
2508,,株式会社東亜酒造,東亜酒造,,埼玉県,羽生市,埼玉県羽生市西4丁目1-11,1625,https://www.toashuzo.com/,sake,埼玉県羽生市に蔵を構える株式会社東亜酒造は、寛永2年（1625年）創業の歴史を誇る老舗酒蔵です。約400年の長きにわたり、守られてきた酒造技術。現在は理論的な裏付けと共に、社員杜氏にその技術は受け継がれ、さらに若い蔵人たちへ、そのバトンは継承されています。伝統の技を守りつつ、現代の食文化に寄り添う高品質な美酒を醸し続けています。,0,draft,0.97,kumiai_saitama_detail,社名:株式会社東亜酒造 / 所在地:埼玉県羽生市西4丁目1-11 / 沿革:寛永2年(1625年)に,2026-07-05 15:07:47,2026-08-02 06:37:41,35.8505,139.6537,1625,0,0
2509,,川端酒造株式会社,川端酒造,,埼玉県,行田市,埼玉県行田市佐間2-9-8,1860,https://www.kawabatashuzou.co.jp/,sake,"埼玉県行田市に蔵を構える川端酒造株式会社は、万延元年（1860年）創業の歴史を誇る老舗酒蔵です。R02 3月10日　品切れとなってましたNo,8本醸造辛口の新酒が出来ましたので販売を開始致します。R01 12月18日　本醸造辛口 商品No8 が品切れとなりました。伝統の技を守りつつ、現代の食文化に寄り添う高品質な美酒を醸し続けています。",0,draft,0.97,kumiai_saitama_detail,社名:川端酒造株式会社 / 所在地:埼玉県行田市佐間2-9-8 / 沿革:安政7年（1860年）創業,2026-07-05 15:07:47,2026-08-02 06:37:42,35.8522,139.6568,1860,0,0
2510,,横田酒造株式会社,横田酒造,,埼玉県,行田市,埼玉県行田市桜町2-29-3,1910,https://yokota-shuzou.co.jp,sake,埼玉県行田市に蔵を構える横田酒造株式会社は、明治43年（1910年）創業の歴史を誇る老舗酒蔵です。横田酒造 – 埼玉の地酒 日本橋・浮城の醸造元 横田酒造は、文化2年（1805年）創業。『日本橋』の酒銘は、横田庄右衛門が若き頃、お江戸『日本橋」の酒問屋で修行し、独立する際、「初心忘れるべからず」との思いを込めて、自らの修行の地を酒銘にしたことに由来します。伝統の技を守りつつ、現代の食文化に寄り添う高品質な美酒を醸し続けています。,0,draft,0.95,kumiai_saitama_detail,社名:横田酒造株式会社 / 所在地:埼玉県行田市桜町2-29-3 / 沿革:1805年横田庄右衛門（,2026-07-05 15:07:47,2026-08-02 06:37:42,35.8539,139.6399,1910,0,0
2511,,株式会社矢尾本店,矢尾本店,,埼玉県,秩父市,埼玉県秩父市別所久保ノ入1432,1910,https://chichibunishiki.com/,sake,埼玉県秩父市に蔵を構える株式会社矢尾本店は、明治43年（1910年）創業の歴史を誇る老舗酒蔵です。その伝統の味と製法を守りながらも、現代の名工が造り出す新しい味わいは「全国新酒鑑評会」で七年連続金賞を受賞するなど、高い評価を頂いております。秩父錦のこだわりCareful in selecting the materials for our products伝統を受け継ぎ今を生きる酒杜氏から杜氏へ受け継がれてきた伝統の技術と新しい挑戦。伝統の技を守りつつ、現代の食文化に寄り添う高品質な美酒を醸し続けています。,0,draft,0.95,kumiai_saitama_detail,社名:株式会社矢尾本店 / 所在地:埼玉県秩父市別所久保ノ入1432 / 沿革:創業は寛永2年（17,2026-07-05 15:07:47,2026-08-02 06:37:42,35.8556,139.643,1910,0,0
2512,,株式会社 小山本家酒造,小山本家酒造,,埼玉県,さいたま市,埼玉県さいたま市西区大字指扇1798番地,1808,https://www.koyamahonke.co.jp/,sake,埼玉県さいたま市に蔵を構える株式会社 小山本家酒造は、文化5年（1808年）創業の歴史を誇る老舗酒蔵です。｢金紋世界鷹｣ブランドサイト ｢東京盛｣ブランドサイト ｢おいしい大吟醸｣ブランドサイト About Koyamahonke 脈々と紡いできた技術と精神を大切に。創業者の小山屋又兵衛が、埼玉の良質な水を活かした酒造りに取り組んだことがきっかけでした。伝統の技を守りつつ、現代の食文化に寄り添う高品質な美酒を醸し続けています。,0,draft,0.97,kumiai_saitama_detail,社名:株式会社　小山本家酒造 / 所在地:埼玉県さいたま市西区大字指扇1798番地 / 沿革:創業1,2026-07-05 15:07:47,2026-08-02 06:37:42,35.8573,139.6461,1808,0,0
2680,,今村酒造合資会社,今村酒造,,愛媛県,四国中央市,愛媛県四国中央市上分町742-2,1886,,sake,愛媛県四国中央市に蔵を構える今村酒造合資会社は、明治19年（1886年）創業の歴史を誇る老舗酒蔵です。仕込み水には良質な石鎚山系清冽伏流水（超軟水）を使用し、越智杜氏・伊予杜氏の伝統の技を受け継ぎながら、米の旨味を引き出す真摯な酒造りを追求しています。伝統の技を守りつつ、現代の食文化に寄り添う高品質な美酒を醸し続けています。,0,draft,0.9,kumiai_ehime_detail,名称:今村酒造合資会社　創業:明治19年（1886年）,2026-07-05 15:32:41,2026-08-02 06:37:42,33.8476,132.7634,1886,0,0
2681,,梅錦山川株式会社,梅錦山川,,愛媛県,四国中央市,愛媛県四国中央市金田町金川14,1872,https://www.umenishiki.com/,sake,愛媛県四国中央市に蔵を構える梅錦山川株式会社は、明治5年（1872年）創業の歴史を誇る老舗酒蔵です。伝統と革新を生み出してきた酒蔵の歴史をご紹介します。当時の屋号は「藤井」で、銘柄は「藤乃澤」。伝統の技を守りつつ、現代の食文化に寄り添う高品質な美酒を醸し続けています。,0,draft,0.9,kumiai_ehime_detail,名称:梅錦山川株式会社　創業:明治5年（1872年）,2026-07-05 15:32:41,2026-08-02 06:37:42,33.8493,132.7665,1872,0,0
2682,,近藤酒造株式会社,近藤酒造,,愛媛県,新居浜市,愛媛県新居浜市新須賀町1-11-46,1878,http://www.kondousyuzou.com/,sake,群馬県みどり市に蔵を構える近藤酒造株式会社は、明治8年（1875年）創業の歴史を誇る老舗酒蔵です。当社は、明治8年（1875年）創業以来、日本酒を造り、人々へお届けすることで、地域貢献につながる事業へと取り組んでまいりました。伝統の技を守りつつ、現代の食文化に寄り添う高品質な美酒を醸し続けています。,0,draft,0.9,kumiai_ehime_detail,名称:近藤酒造株式会社　創業:明治11年（1878年）,2026-07-05 15:32:41,2026-08-02 06:37:42,33.851,132.7696,1878,0,0
2683,,蔵本屋本店,蔵本屋本店,,愛媛県,西条市,愛媛県西条市氷見乙1785,1885,,sake,愛媛県西条市に蔵を構える蔵本屋本店は、明治18年（1885年）創業の歴史を誇る老舗酒蔵です。仕込み水には良質な石鎚山系清冽伏流水（超軟水）を使用し、越智杜氏・伊予杜氏の伝統の技を受け継ぎながら、米の旨味を引き出す真摯な酒造りを追求しています。伝統の技を守りつつ、現代の食文化に寄り添う高品質な美酒を醸し続けています。,0,draft,0.9,kumiai_ehime_detail,名称:蔵本屋本店　創業:安政2年（1885年）,2026-07-05 15:32:41,2026-08-02 06:37:40,33.8327,132.7727,1885,0,0
2684,,石鎚酒造株式会社,石鎚酒造,,愛媛県,西条市,愛媛県西条市氷見丙402-3,1920,https://ishizuchi.co.jp/,sake,愛媛県西条市に蔵を構える石鎚酒造株式会社は、大正9年（1920年）創業の歴史を誇る老舗酒蔵です。石鎚酒造オフィシャルサイト｜食中に活きる酒造り - Simplified Chinese Traditional Chinese 手造りの酒を念頭において、大型の仕込みでは出来ない手作業が成せる、 私ども蔵元の姿勢と情熱を酒に表現しています。酒蔵の位置するこの地は、西日本最高峰「石鎚山」のふところで 名水の町として呼び声の高い愛媛県西条市にあり、仕込み水にこの石鎚山系の清冽な水を使用、西条・周桑平野の穀倉地帯を控えており、酒造りに非常に適した気候、風土の中にあります。伝統の技を守りつつ、現代の食文化に寄り添う高品質な美酒を醸し続けています。,0,draft,1.0,kumiai_ehime_detail,名称:石鎚酒造株式会社　創業:大正9年（1920年）,2026-07-05 15:32:41,2026-08-02 06:37:42,33.8344,132.7558,1920,0,0
2685,,首藤酒造株式会社,首藤酒造,,愛媛県,西条市,愛媛県西条市小松町大頭甲312-2,1901,http://sukigokoro.co.jp/,sake,愛媛県西条市に蔵を構える首藤酒造株式会社は、明治34年（1901年）創業の歴史を誇る老舗酒蔵です。「首藤酒造」のプライドをかけ、情熱を結集させた 「寿喜心」は、“肴がなくても美味しいお酒”として 選んでいただける日本酒です。伝統の技を守りつつ、現代の食文化に寄り添う高品質な美酒を醸し続けています。,0,draft,0.9,kumiai_ehime_detail,名称:首藤酒造株式会社　創業:明治34年（1901年）,2026-07-05 15:32:41,2026-08-02 06:37:42,33.8361,132.7589,1901,0,0
2686,,武田酒造株式会社,武田酒造,,愛媛県,西条市,愛媛県西条市三芳1507,1904,http://www.yamatogokoro.co.jp,sake,愛媛県西条市に蔵を構える武田酒造株式会社は、明治37年（1904年）創業の歴史を誇る老舗酒蔵です。2010年に販売を開始した「媛一会」は、自身が中心となり立ち上げた新銘柄で、大学時代の知識を生かしラベルデザインも手掛けた。「酒造業界も機械化・デジタル化が進んでいますが、自分の肌で感じるものが真実だと考え、手造りにこだわりながら酒造りに精進しています。伝統の技を守りつつ、現代の食文化に寄り添う高品質な美酒を醸し続けています。,0,draft,0.9,kumiai_ehime_detail,名称:武田酒造株式会社　創業:明治37年（1904年）,2026-07-05 15:32:41,2026-08-02 06:37:42,33.8378,132.762,1904,0,0
2687,,成龍酒造株式会社,成龍酒造,,愛媛県,西条市,愛媛県西条市周布1301-1,1877,http://www.seiryosyuzo.com/,sake,愛媛県西条市に蔵を構える成龍酒造株式会社は、明治10年（1877年）創業の歴史を誇る老舗酒蔵です。1877年の創業以来、 独特の緊張感と神秘的な空気感。成龍然 （SEIRYO ZEN） 愛する故郷 愛媛県西条市で収穫された米だけを使い、蔵から見える四国山地からいただく仕込み水で仕上げた「故郷」をテーマに醸したブランドです。伝統の技を守りつつ、現代の食文化に寄り添う高品質な美酒を醸し続けています。,0,draft,0.9,kumiai_ehime_detail,名称:成龍酒造株式会社　創業:明治10年（1877年）,2026-07-05 15:32:41,2026-08-02 06:37:42,33.8395,132.7651,1877,0,0
2688,,株式会社八木酒造部,八木酒造部,,愛媛県,今治市,愛媛県今治市旭町3-3-8,1831,https://www.yamatan.jp,sake,愛媛県今治市に蔵を構える株式会社八木酒造部は、天保2年（1831年）創業の歴史を誇る老舗酒蔵です。それに人の技術が加わって、良い酒が生まれます。愛媛の豊かな自然が育む良質な酒米、今治の清冽な伏流水、そして越智杜氏伝承の技。伝統の技を守りつつ、現代の食文化に寄り添う高品質な美酒を醸し続けています。,0,draft,0.9,kumiai_ehime_detail,名称:株式会社八木酒造部　創業:天保2年（1831年）,2026-07-05 15:32:41,2026-08-02 06:37:42,33.8412,132.7682,1831,0,0
2689,,雪雀酒造株式会社,雪雀酒造,,愛媛県,松山市,愛媛県松山市柳原123,1915,https://www.yukisuzume.com/,sake,愛媛県松山市に蔵を構える雪雀酒造株式会社は、大正4年（1915年）創業の歴史を誇る老舗酒蔵です。瀬戸内の穏やかな気候のなかで厳選した原材料と中硬水の仕込み水 そして、杜氏の技が三位一体となって醸しだされた雪雀至高の純米大吟醸酒。100年以上の伝統を誇る酒蔵が愛媛県産·山田錦を100%使用し、精米歩合38%まで警沢に磨き上げて生み出した純米大吟醸。伝統の技を守りつつ、現代の食文化に寄り添う高品質な美酒を醸し続けています。,0,draft,0.9,kumiai_ehime_detail,名称:雪雀酒造株式会社　創業:大正4年（1915年）,2026-07-05 15:32:41,2026-08-02 06:37:42,33.8429,132.7713,1915,0,0
2690,,桜うづまき酒造株式会社,桜うづまき酒造,,愛媛県,松山市,愛媛県松山市八反地甲71,1871,https://www.sakurauzumaki.com,sake,愛媛県松山市に蔵を構える桜うづまき酒造株式会社は、明治4年（1871年）創業の歴史を誇る老舗酒蔵です。明治19年の台風による立岩川の氾濫により創業の製造場は全て流失してしまいましたが、明治21年に篠原藤太により現在の地に再興、酒造業を再開し、昭和26年に屋号を「桜うづまき酒造」とし現在まで日本酒を醸し続けております。創業から一度も枯れることなく湧き出す高縄山の伏流水は桜うづまきの酒造りには欠かすことのできない天の恵みです。伝統の技を守りつつ、現代の食文化に寄り添う高品質な美酒を醸し続けています。,0,draft,0.9,kumiai_ehime_detail,名称:桜うづまき酒造株式会社　創業:明治4年（1871年）,2026-07-05 15:32:41,2026-08-02 06:37:42,33.8446,132.7744,1871,0,0
2691,,水口酒造株式会社,水口酒造,,愛媛県,松山市,愛媛県松山市道後喜多町3-23,1895,https://minakuchi-shuzo.jp/,sake,愛媛県松山市に蔵を構える水口酒造株式会社は、明治28年（1895年）創業の歴史を誇る老舗酒蔵です。1895年（明治28年）の創業以来130年の年月を超えて、道後温泉本館と共に歩み続け、この道後の地にて丁寧にお酒を造り続けています。初代水口大七郎から始まる水口酒造は、時代は変わっても頑固なまでに丁寧な酒造りを続けてきました。伝統の技を守りつつ、現代の食文化に寄り添う高品質な美酒を醸し続けています。,0,draft,0.9,flagged_brewery_review_2026,旧ドメインdogobeer.co.jpは「サイトは移転しました」の案内ページのみで、リンク先minakuchi-shuzo.jpへ正式移転(乗っ取りではない)。,2026-07-05 15:32:41,2026-08-02 06:37:42,33.8463,132.7575,1895,0,0
2692,,栄光酒造株式会社,栄光酒造,,愛媛県,松山市,愛媛県松山市溝辺町甲443,1897,http://www.eikoo.com/,sake,愛媛県松山市に蔵を構える栄光酒造株式会社は、明治30年（1897年）創業の歴史を誇る老舗酒蔵です。仕込み水には良質な石鎚山系清冽伏流水（超軟水）を使用し、越智杜氏・伊予杜氏の伝統の技を受け継ぎながら、米の旨味を引き出す真摯な酒造りを追求しています。伝統の技を守りつつ、現代の食文化に寄り添う高品質な美酒を醸し続けています。,0,draft,0.9,kumiai_ehime_detail,名称:栄光酒造株式会社　創業:明治30年（1897年）,2026-07-05 15:32:41,2026-08-02 06:37:42,33.848,132.7606,1897,0,0
2693,,島田酒造株式会社,島田酒造,,愛媛県,東温市,愛媛県東温市志津川1445,1895,,sake,愛媛県東温市に蔵を構える島田酒造株式会社は、明治28年（1895年）創業の歴史を誇る老舗酒蔵です。仕込み水には良質な石鎚山系清冽伏流水（超軟水）を使用し、越智杜氏・伊予杜氏の伝統の技を受け継ぎながら、米の旨味を引き出す真摯な酒造りを追求しています。伝統の技を守りつつ、現代の食文化に寄り添う高品質な美酒を醸し続けています。,0,draft,0.9,kumiai_ehime_detail,名称:島田酒造株式会社　創業:明治28年（1895年）,2026-07-05 15:32:41,2026-08-02 06:37:42,33.8497,132.7637,1895,0,0
2694,,合名会社武智酒店,武智酒店,,愛媛県,伊予郡,愛媛県伊予郡松前町北黒田816,1862,,sake,愛媛県伊予郡に蔵を構える合名会社武智酒店は、文久2年（1862年）創業の歴史を誇る老舗酒蔵です。仕込み水には良質な石鎚山系清冽伏流水（超軟水）を使用し、越智杜氏・伊予杜氏の伝統の技を受け継ぎながら、米の旨味を引き出す真摯な酒造りを追求しています。伝統の技を守りつつ、現代の食文化に寄り添う高品質な美酒を醸し続けています。,0,draft,0.9,kumiai_ehime_detail,名称:合名会社武智酒店　創業:文久2年（1862年）,2026-07-05 15:32:41,2026-08-02 06:37:42,33.8514,132.7668,1862,0,0
2695,,かち鶴酒造株式会社,かち鶴酒造,,愛媛県,伊予郡,愛媛県伊予郡砥部町宮内542,1872,http://www.kachizuru.com/,sake,愛媛県伊予郡に蔵を構えるかち鶴酒造株式会社は、明治5年（1872年）創業の歴史を誇る老舗酒蔵です。仕込み水には良質な石鎚山系清冽伏流水（超軟水）を使用し、越智杜氏・伊予杜氏の伝統の技を受け継ぎながら、米の旨味を引き出す真摯な酒造りを追求しています。伝統の技を守りつつ、現代の食文化に寄り添う高品質な美酒を醸し続けています。,0,draft,0.9,kumiai_ehime_detail,名称:かち鶴酒造株式会社　創業:明治5年（1872年）,2026-07-05 15:32:41,2026-08-02 06:37:42,33.8331,132.7699,1872,0,0
2696,,協和酒造株式会社,協和酒造,,愛媛県,伊予郡,愛媛県伊予郡砥部町大南400,1887,https://www.hatsuyukihai.jp/,sake,愛媛県伊予郡に蔵を構える協和酒造株式会社は、明治20年（1887年）創業の歴史を誇る老舗酒蔵です。仕込み水には良質な石鎚山系清冽伏流水（超軟水）を使用し、越智杜氏・伊予杜氏の伝統の技を受け継ぎながら、米の旨味を引き出す真摯な酒造りを追求しています。伝統の技を守りつつ、現代の食文化に寄り添う高品質な美酒を醸し続けています。,0,draft,0.95,kumiai_ehime_detail,名称:協和酒造株式会社　創業:明治20年（1887年）,2026-07-05 15:32:41,2026-08-02 06:37:42,33.8348,132.773,1887,0,0
2697,,佐々木酒造合名会社,佐々木酒造,,愛媛県,伊予郡,愛媛県伊予郡砥部町総津785,1872,,sake,愛媛県伊予郡に蔵を構える佐々木酒造合名会社は、明治5年（1872年）創業の歴史を誇る老舗酒蔵です。仕込み水には良質な石鎚山系清冽伏流水（超軟水）を使用し、越智杜氏・伊予杜氏の伝統の技を受け継ぎながら、米の旨味を引き出す真摯な酒造りを追求しています。伝統の技を守りつつ、現代の食文化に寄り添う高品質な美酒を醸し続けています。,0,draft,0.9,kumiai_ehime_detail,名称:佐々木酒造合名会社　創業:明治5年（1872年）,2026-07-05 15:32:41,2026-08-02 06:37:42,33.8365,132.7561,1872,0,0
2698,,酒六酒造株式会社,酒六酒造,,愛媛県,喜多郡,愛媛県喜多郡内子町内子3279番地1,1920,http://www.sakaroku-syuzo.co.jp/,sake,愛媛県喜多郡に蔵を構える酒六酒造株式会社は、大正9年（1920年）創業の歴史を誇る老舗酒蔵です。(特にdocomo.ne.jp等の携帯電話メールアドレス) 件名：[京ひな：酒六酒造] イベント開催等のお知らせ（2018年4月1日号） 清酒「京ひな」醸造元　酒六酒造です。伝統の技を守りつつ、現代の食文化に寄り添う高品質な美酒を醸し続けています。,0,draft,0.9,kumiai_ehime_detail,名称:酒六酒造株式会社　創業:大正9年（1920年）,2026-07-05 15:32:41,2026-08-02 06:37:42,33.8382,132.7592,1920,0,0
2699,,千代の亀酒造株式会社,千代の亀酒造,,愛媛県,喜多郡,愛媛県喜多郡内子町平岡甲1592-1,1716,https://www.chiyonokame.com/,sake,愛媛県喜多郡に蔵を構える千代の亀酒造株式会社は、享保元年（1716年）創業の歴史を誇る老舗酒蔵です。小さな造り酒屋にしかできない こだわりを大切にしています。小さな造り酒屋にしかできない こだわりを大切にしています。伝統の技を守りつつ、現代の食文化に寄り添う高品質な美酒を醸し続けています。,0,draft,1.0,kumiai_ehime_detail,名称:千代の亀酒造株式会社　創業:享保元年（1716年）,2026-07-05 15:32:41,2026-08-02 06:37:42,33.8399,132.7623,1716,0,0
2700,,養老酒造株式会社,養老酒造,,愛媛県,大洲市,愛媛県大洲市肱川町山鳥坂49,1921,https://yoroshuzo.jp/,sake,山梨県山梨市に蔵を構える養老酒造株式会社は、嘉永2年（1849年）創業の歴史を誇る老舗酒蔵です。仕込み水には良質な南アルプス・富士山系天然伏流水（軟水）を使用し、南部杜氏・蔵元杜氏の伝統の技を受け継ぎながら、米の旨味を引き出す真摯な酒造りを追求しています。伝統の技を守りつつ、現代の食文化に寄り添う高品質な美酒を醸し続けています。,0,draft,0.9,kumiai_ehime_detail,名称:養老酒造株式会社　創業:大正10年（1921年）,2026-07-05 15:32:41,2026-08-02 06:37:42,33.8416,132.7654,1921,0,0
2701,,松田酒造株式会社,松田酒造,,愛媛県,西宇和郡,愛媛県西宇和郡伊方町湊浦1003-2,1898,https://www.saketime.com/breweries/2701,sake,愛媛県西宇和郡に蔵を構える松田酒造株式会社は、明治31年（1898年）創業の歴史を誇る老舗酒蔵です。仕込み水には良質な石鎚山系清冽伏流水（超軟水）を使用し、越智杜氏・伊予杜氏の伝統の技を受け継ぎながら、米の旨味を引き出す真摯な酒造りを追求しています。伝統の技を守りつつ、現代の食文化に寄り添う高品質な美酒を醸し続けています。,0,draft,0.9,kumiai_ehime_detail,名称:松田酒造株式会社　創業:明治31年（1898年）,2026-07-05 15:32:41,2026-08-02 06:37:42,33.8433,132.7685,1898,0,0
2702,,梅美人酒造株式会社,梅美人酒造,,愛媛県,八幡浜市,愛媛県八幡浜市幸町1557番地2,1916,https://www.umebijin.com/,sake,愛媛県八幡浜市に蔵を構える梅美人酒造株式会社は、大正5年（1916年）創業の歴史を誇る老舗酒蔵です。【梅美人酒造】 創業から105年、愛媛県八幡浜市で日本酒、焼酎、リキュール、クラフトジンの製造販売を行っています。伝統の技を守りつつ、現代の食文化に寄り添う高品質な美酒を醸し続けています。,0,draft,0.9,kumiai_ehime_detail,名称:梅美人酒造株式会社　創業:大正5年（1916年）,2026-07-05 15:32:41,2026-08-02 06:37:42,33.845,132.7716,1916,0,0
2703,,川亀酒造合資会社,川亀酒造,,愛媛県,八幡浜市,愛媛県八幡浜市五反田2-4-1,1899,https://www.saketime.com/breweries/2703,sake,愛媛県八幡浜市に蔵を構える川亀酒造合資会社は、明治32年（1899年）創業の歴史を誇る老舗酒蔵です。仕込み水には良質な石鎚山系清冽伏流水（超軟水）を使用し、越智杜氏・伊予杜氏の伝統の技を受け継ぎながら、米の旨味を引き出す真摯な酒造りを追求しています。伝統の技を守りつつ、現代の食文化に寄り添う高品質な美酒を醸し続けています。,0,draft,0.9,kumiai_ehime_detail,名称:川亀酒造合資会社　創業:明治32年（1899年）,2026-07-05 15:32:41,2026-08-02 06:37:42,33.8467,132.7747,1899,0,0
2704,,株式会社元見屋酒店,元見屋酒店,,愛媛県,西予市,愛媛県西予市宇和町卯之町3-88,1910,http://www.motomiya.jp/,sake,愛媛県西予市に蔵を構える株式会社元見屋酒店は、明治43年（1910年）創業の歴史を誇る老舗酒蔵です。酒造りの季節になると仕込み水に使用するため湧水汲みが、酒蔵間で競争となり、風物詩となるほどの賑わいをみせていたと伝えられています。伝統の技を守りつつ、現代の食文化に寄り添う高品質な美酒を醸し続けています。,0,draft,0.9,kumiai_ehime_detail,名称:株式会社元見屋酒店　創業:江戸時代,2026-07-05 15:32:41,2026-08-02 06:37:41,33.8484,132.7578,1910,0,0
2705,,最進酒造合名会社,最進酒造,池田屋,愛媛県,西予市,愛媛県西予市宇和町卯之町4-332,1820,https://www.uwaikedaya.com/,sake,愛媛県西予市に蔵を構える最進酒造合名会社は、文政3年（1820年）創業の歴史を誇る老舗酒蔵です。仕込み水には良質な石鎚山系清冽伏流水（超軟水）を使用し、越智杜氏・伊予杜氏の伝統の技を受け継ぎながら、米の旨味を引き出す真摯な酒造りを追求しています。伝統の技を守りつつ、現代の食文化に寄り添う高品質な美酒を醸し続けています。,0,draft,0.85,kumiai_ehime_detail,名称:池田屋（最進酒造合名会社）　創業:江戸後期（1820年代）,2026-07-05 15:32:41,2026-08-02 06:37:42,33.8501,132.7609,1820,0,0
2706,,中城本家酒造合名会社,中城本家酒造,,愛媛県,西予市,愛媛県西予市城川町嘉喜尾1319,1898,,sake,愛媛県西予市に蔵を構える中城本家酒造合名会社は、明治31年（1898年）創業の歴史を誇る老舗酒蔵です。仕込み水には良質な石鎚山系清冽伏流水（超軟水）を使用し、越智杜氏・伊予杜氏の伝統の技を受け継ぎながら、米の旨味を引き出す真摯な酒造りを追求しています。伝統の技を守りつつ、現代の食文化に寄り添う高品質な美酒を醸し続けています。,0,draft,0.9,kumiai_ehime_detail,名称:中城本家酒造合名会社　創業:明治31年（1898年）,2026-07-05 15:32:41,2026-08-02 06:37:42,33.8318,132.764,1898,0,0
2707,,西本酒造株式会社,西本酒造,,愛媛県,宇和島市,愛媛県宇和島市三間町宮野下855,1793,http://toranoo.com/,sake,愛媛県宇和島市に蔵を構える西本酒造株式会社は、寛政5年（1793年）創業の歴史を誇る老舗酒蔵です。四国西南の小さな町、宇和島市三間町宮野下で昔も今も、そしてこれからも永久に、酒を愛する人がいる限り、この酒の伝統と桑名屋の心意気をお届けいたします。弊社のお酒は、すべて、本醸造酒（糖類を一切加えていません。伝統の技を守りつつ、現代の食文化に寄り添う高品質な美酒を醸し続けています。,0,draft,0.9,kumiai_ehime_detail,名称:西本酒造株式会社　創業:寛政5年（1793年）,2026-07-05 15:32:41,2026-08-02 06:37:42,33.8335,132.7671,1793,0,0
2708,,株式会社媛囃子,媛囃子,,愛媛県,西予市,愛媛県西予市城川町魚成4598,1941,http://www.himebayashi.jp/,sake,愛媛県西予市に位置する株式会社媛囃子は、昭和16年（1941年）に創業しました。仕込み水には良質な石鎚山系清冽伏流水（超軟水）を使用し、越智杜氏・伊予杜氏の伝統の技を受け継ぎながら、米の旨味を引き出す真摯な酒造りを追求しています。伝統の技を守りつつ、現代の食文化に寄り添う高品質な美酒を醸し続けています。,0,draft,0.9,kumiai_ehime_detail,名称:株式会社媛囃子　創業:昭和16年（1941年）,2026-07-05 15:32:41,2026-08-02 06:37:41,33.8352,132.7702,1941,0,0
2709,,名門サカイ株式会社,名門サカイ,,愛媛県,宇和島市,愛媛県宇和島市高串2-1045,1592,http://www.meimon.co.jp/,sake,愛媛県宇和島市に蔵を構える名門サカイ株式会社は、文禄元年（1592年）創業の歴史を誇る老舗酒蔵です。京都にて鳥羽氏一門が「久代屋（くしろや）」を創業。京都にて鳥羽氏一門が「久代屋（くしろや）」を創業。伝統の技を守りつつ、現代の食文化に寄り添う高品質な美酒を醸し続けています。,0,draft,0.9,kumiai_ehime_detail,名称:名門サカイ株式会社　創業:文禄元年（1592年）,2026-07-05 15:32:41,2026-08-02 06:37:42,33.8369,132.7733,1592,0,0
2710,,有限会社正木正光酒造場,正木正光酒造場,,愛媛県,北宇和郡,愛媛県北宇和郡松野町大字松丸178,1905,,sake,愛媛県北宇和郡に蔵を構える有限会社正木正光酒造場は、明治38年（1905年）創業の歴史を誇る老舗酒蔵です。仕込み水には良質な石鎚山系清冽伏流水（超軟水）を使用し、越智杜氏・伊予杜氏の伝統の技を受け継ぎながら、米の旨味を引き出す真摯な酒造りを追求しています。伝統の技を守りつつ、現代の食文化に寄り添う高品質な美酒を醸し続けています。,0,draft,0.9,kumiai_ehime_detail,名称:有限会社正木正光酒造場　創業:明治38年（1905年）,2026-07-05 15:32:41,2026-08-02 06:37:40,33.8386,132.7564,1905,0,0
2711,,赤松本家酒造株式会社,赤松本家酒造,,愛媛県,宇和島市,愛媛県宇和島市津島町上畑地甲1502,1887,,sake,愛媛県宇和島市に蔵を構える赤松本家酒造株式会社は、明治20年（1887年）創業の歴史を誇る老舗酒蔵です。仕込み水には良質な石鎚山系清冽伏流水（超軟水）を使用し、越智杜氏・伊予杜氏の伝統の技を受け継ぎながら、米の旨味を引き出す真摯な酒造りを追求しています。伝統の技を守りつつ、現代の食文化に寄り添う高品質な美酒を醸し続けています。,0,draft,0.9,kumiai_ehime_detail,名称:赤松本家酒造株式会社　創業:明治20年（1887年）,2026-07-05 15:32:41,2026-08-02 06:37:42,33.8403,132.7595,1887,0,0
2712,,合資会社小西酒造場,小西酒造場,,愛媛県,南宇和郡,愛媛県南宇和郡愛南町蓮乗寺3,1863,https://www.nishi-shuzo.co.jp/,sake,愛媛県南宇和郡に蔵を構える合資会社小西酒造場は、文久3年（1863年）創業の歴史を誇る老舗酒蔵です。仕込み水には良質な石鎚山系清冽伏流水（超軟水）を使用し、越智杜氏・伊予杜氏の伝統の技を受け継ぎながら、米の旨味を引き出す真摯な酒造りを追求しています。伝統の技を守りつつ、現代の食文化に寄り添う高品質な美酒を醸し続けています。,0,draft,0.9,kumiai_ehime_detail,名称:合資会社小西酒造場　創業:文久3年（1863年）,2026-07-05 15:32:41,2026-08-02 06:37:42,33.842,132.7626,1863,1,1
2713,,宇都宮酒造株式会社,宇都宮酒造,,愛媛県,西予市,愛媛県西予市宇和町卯之町4-254-1,1910,https://uwanosake.com/,sake,愛媛県西予市に蔵を構える宇都宮酒造株式会社は、明治43年（1910年）創業の歴史を誇る老舗酒蔵です。仕込み水には良質な石鎚山系清冽伏流水（超軟水）を使用し、越智杜氏・伊予杜氏の伝統の技を受け継ぎながら、米の旨味を引き出す真摯な酒造りを追求しています。伝統の技を守りつつ、現代の食文化に寄り添う高品質な美酒を醸し続けています。,0,draft,0.9,kumiai_ehime_detail,名称:宇都宮酒造株式会社　創業:明治43年12月(1910年),2026-07-05 15:32:41,2026-08-02 06:37:42,33.8437,132.7657,1910,0,0
3188,,宮下酒造,宮下酒造,,岡山県,岡山市,〒703-8258 岡山県岡山市中区西川原 184,1915,http://www.msb.co.jp/,sake,岡山県岡山市に蔵を構える宮下酒造は、大正4年（1915年）創業の歴史を誇る老舗酒蔵です。宮下酒造は100年の歴史があり、日本酒は「極聖」、地ビールは「独歩」が代表銘柄です。伝統の技を守りつつ、現代の食文化に寄り添う高品質な美酒を醸し続けています。,0,draft,0.9,kumiai_okayama_detail,宮下酒造 / 〒703-8258 岡山県岡山市中区西川原 184 / 1915年（大正4年）、岡山県,2026-07-05 15:32:41,2026-08-02 06:37:42,34.6713,133.9272,1915,0,0
3189,,萬歳酒造,萬歳酒造,,岡山県,岡山市,〒700-0865 岡山県岡山市北区旭本町 1-38,1910,http://homepage2.nifty.com/manzai-syuzo/,sake,岡山県岡山市に蔵を構える萬歳酒造は、明治43年（1910年）創業の歴史を誇る老舗酒蔵です。仕込み水には良質な高梁川・旭川・吉井川三大河川伏流水（中軟水）を使用し、備中杜氏の伝統の技を受け継ぎながら、米の旨味を引き出す真摯な酒造りを追求しています。伝統の技を守りつつ、現代の食文化に寄り添う高品質な美酒を醸し続けています。,0,draft,0.9,kumiai_okayama_detail,萬歳酒造 / 〒700-0865 岡山県岡山市北区旭本町 1-38,2026-07-05 15:32:41,2026-08-02 06:37:40,34.653,133.9303,1910,0,0
3190,,板野酒造場,板野酒造場,,岡山県,岡山市,〒701-1211 岡山県岡山市北区一宮 35,1910,http://www.ginpoo.co.jp/,sake,岡山県岡山市に蔵を構える板野酒造場は、明治43年（1910年）創業の歴史を誇る老舗酒蔵です。仕込み水には良質な高梁川・旭川・吉井川三大河川伏流水（中軟水）を使用し、備中杜氏の伝統の技を受け継ぎながら、米の旨味を引き出す真摯な酒造りを追求しています。伝統の技を守りつつ、現代の食文化に寄り添う高品質な美酒を醸し続けています。,0,draft,0.9,kumiai_okayama_detail,板野酒造場 / 〒701-1211 岡山県岡山市北区一宮 35,2026-07-05 15:32:41,2026-08-02 06:37:42,34.6547,133.9334,1910,0,0
3191,,板野酒造本店,板野酒造本店,,岡山県,岡山市,〒701-1462 岡山県岡山市北区大井 2272,1910,,sake,岡山県岡山市に蔵を構える板野酒造本店は、明治43年（1910年）創業の歴史を誇る老舗酒蔵です。仕込み水には良質な高梁川・旭川・吉井川三大河川伏流水（中軟水）を使用し、備中杜氏の伝統の技を受け継ぎながら、米の旨味を引き出す真摯な酒造りを追求しています。伝統の技を守りつつ、現代の食文化に寄り添う高品質な美酒を醸し続けています。,0,draft,0.85,kumiai_okayama_detail,板野酒造本店 / 〒701-1462 岡山県岡山市北区大井 2272,2026-07-05 15:32:41,2026-08-02 06:37:40,34.6564,133.9365,1910,0,0
3192,,藤原酒造,藤原酒造,,岡山県,玉野市,〒706-0221 岡山県玉野市八浜町八浜 843,1910,,sake,岡山県玉野市に蔵を構える藤原酒造は、明治43年（1910年）創業の歴史を誇る老舗酒蔵です。仕込み水には良質な高梁川・旭川・吉井川三大河川伏流水（中軟水）を使用し、備中杜氏の伝統の技を受け継ぎながら、米の旨味を引き出す真摯な酒造りを追求しています。伝統の技を守りつつ、現代の食文化に寄り添う高品質な美酒を醸し続けています。,0,draft,0.85,kumiai_okayama_detail,藤原酒造 / 〒706-0221 岡山県玉野市八浜町八浜 843,2026-07-05 15:32:41,2026-08-02 06:37:40,34.6581,133.9396,1910,0,0
3193,,赤磐酒造,赤磐酒造,,岡山県,赤磐市,〒709-0821 岡山県赤磐市河本 1113,1923,http://www.akaiwa.co.jp/,sake,岡山県赤磐市に蔵を構える赤磐酒造は、大正12年（1923年）創業の歴史を誇る老舗酒蔵です。酒造りの原点である「蒸し」にこだわり、伝統的な和釜甑と独自の技術で ふっくらとした蒸し米をつくりあげています。和釜甑を用い、昔ながらの伝統技で酒を造っています。伝統の技を守りつつ、現代の食文化に寄り添う高品質な美酒を醸し続けています。,0,draft,0.9,kumiai_okayama_detail,赤磐酒造 / 〒709-0821 岡山県赤磐市河本 1113 / 大正１２年創立、備前米の主産地に位,2026-07-05 15:32:41,2026-08-02 06:37:42,34.6598,133.9427,1923,0,0
3194,,室町酒造,室町酒造,,岡山県,赤磐市,〒709-0835 岡山県赤磐市西中 1342-1,1688,http://www.sakuramuromachi.co.jp/,sake,岡山県赤磐市に蔵を構える室町酒造は、元禄元年（1688年）創業の歴史を誇る老舗酒蔵です。モンドセレクションにて２０００年より連続受賞中のこだわり酒。瀬戸契約栽培米 純米酒 瀬戸雄町 契約栽培圃場地「瀬戸地域」の雄町米を用いた純米酒。伝統の技を守りつつ、現代の食文化に寄り添う高品質な美酒を醸し続けています。,0,draft,0.9,kumiai_okayama_detail,室町酒造 / 〒709-0835 岡山県赤磐市西中 1342-1 / 創業元禄元年（１６８８）、３２,2026-07-05 15:32:41,2026-08-02 06:37:42,34.6615,133.9258,1688,0,0
3195,,利守酒造,利守酒造,,岡山県,赤磐市,〒701-2215 岡山県赤磐市西軽部 762-1,1910,http://www.sakehitosuji.co.jp,sake,岡山県赤磐市に蔵を構える利守酒造は、明治43年（1910年）創業の歴史を誇る老舗酒蔵です。「雄町」を栽培する農家、醸造を担当する職人、さらにそれを支える数多くの人々――。私が「軽部産・雄町米の復活を」と思い立った昭和40年代当時、清酒の大部分は「三増酒」と呼ばれる醸造用アルコールと糖類(ブドウ糖・水飴)、化学調味料などを多量に添加した、甘いベタベタとした酒でした。伝統の技を守りつつ、現代の食文化に寄り添う高品質な美酒を醸し続けています。,0,draft,0.9,kumiai_okayama_detail,利守酒造 / 〒701-2215 岡山県赤磐市西軽部 762-1 / 赤磐雄町,2026-07-05 15:32:41,2026-08-02 06:37:42,34.6632,133.9289,1910,0,0
3196,,小宮山酒造,小宮山酒造,,岡山県,赤磐市,〒701-2503 岡山県赤磐市周匝 1524-1,1910,,sake,岡山県赤磐市に蔵を構える小宮山酒造は、明治43年（1910年）創業の歴史を誇る老舗酒蔵です。仕込み水には良質な高梁川・旭川・吉井川三大河川伏流水（中軟水）を使用し、備中杜氏の伝統の技を受け継ぎながら、米の旨味を引き出す真摯な酒造りを追求しています。伝統の技を守りつつ、現代の食文化に寄り添う高品質な美酒を醸し続けています。,0,draft,0.9,kumiai_okayama_detail,小宮山酒造 / 〒701-2503 岡山県赤磐市周匝 1524-1 / 上撰 日月,2026-07-05 15:32:41,2026-08-02 06:37:40,34.6649,133.932,1910,0,0
3197,,高祖酒造,高祖酒造,,岡山県,瀬戸内市,〒701-4302 岡山県瀬戸内市牛窓町牛窓 4943-1,1910,http://www.kouso-senju.co.jp/,sake,岡山県瀬戸内市に蔵を構える高祖酒造は、明治43年（1910年）創業の歴史を誇る老舗酒蔵です。天保元年（1830年）創業以来、うまくちの酒「清酒 千寿」を醸しております。高度に精米した岡山産の朝日米やアケボノと名水の誉れ高き吉井川の伏流水をふんだんに使い、寡黙で実直な熟練の杜氏が、その巧みな技を最後の一搾りにまで刻み込み醸造しております。伝統の技を守りつつ、現代の食文化に寄り添う高品質な美酒を醸し続けています。,0,draft,0.9,kumiai_okayama_detail,高祖酒造 / 〒701-4302 岡山県瀬戸内市牛窓町牛窓 4943-1 / 純米吟醸「唐子踊」,2026-07-05 15:32:41,2026-08-02 06:37:42,34.6666,133.9351,1910,0,0
3198,,三冠酒造,三冠酒造,,岡山県,倉敷市,〒711-0906 岡山県倉敷市児島下の町 2-9-22,1910,,sake,岡山県倉敷市に蔵を構える三冠酒造は、明治43年（1910年）創業の歴史を誇る老舗酒蔵です。仕込み水には良質な高梁川・旭川・吉井川三大河川伏流水（中軟水）を使用し、備中杜氏の伝統の技を受け継ぎながら、米の旨味を引き出す真摯な酒造りを追求しています。伝統の技を守りつつ、現代の食文化に寄り添う高品質な美酒を醸し続けています。,0,draft,0.85,kumiai_okayama_detail,三冠酒造 / 〒711-0906 岡山県倉敷市児島下の町 2-9-22,2026-07-05 15:32:41,2026-08-02 06:37:42,34.6683,133.9382,1910,0,0
3199,,十八盛酒造,十八盛酒造,,岡山県,倉敷市,〒711-0903 岡山県倉敷市児島田の口 5-6-14,1785,http://www.juhachi.jp,sake,岡山県倉敷市に蔵を構える十八盛酒造は、天明5年（1785年）創業の歴史を誇る老舗酒蔵です。仕込み水には良質な高梁川・旭川・吉井川三大河川伏流水（中軟水）を使用し、備中杜氏の伝統の技を受け継ぎながら、米の旨味を引き出す真摯な酒造りを追求しています。伝統の技を守りつつ、現代の食文化に寄り添う高品質な美酒を醸し続けています。,0,draft,0.9,kumiai_okayama_detail,十八盛酒造 / 〒711-0903 岡山県倉敷市児島田の口 5-6-14 / 天明五年、志保屋幸助は,2026-07-05 15:32:41,2026-08-02 06:37:42,34.67,133.9413,1785,0,0
3200,,熊屋酒造,熊屋酒造,,岡山県,倉敷市,〒710-0142 岡山県倉敷市林 705,1716,https://kumaya.jp/,sake,岡山県倉敷市に蔵を構える熊屋酒造は、享保元年（1716年）創業の歴史を誇る老舗酒蔵です。仕込み水には良質な高梁川・旭川・吉井川三大河川伏流水（中軟水）を使用し、備中杜氏の伝統の技を受け継ぎながら、米の旨味を引き出す真摯な酒造りを追求しています。伝統の技を守りつつ、現代の食文化に寄り添う高品質な美酒を醸し続けています。,0,draft,1.0,kumiai_okayama_detail,熊屋酒造 / 〒710-0142 岡山県倉敷市林 705 / 江戸中期1716年頃庵谷家の当主3代目,2026-07-05 15:32:41,2026-08-02 06:37:42,34.6517,133.9244,1716,0,0
3201,,森田酒造,森田酒造,,岡山県,倉敷市,〒710-0054 岡山県倉敷市本町 8-8,1910,http://www.moritasyuzou.co.jp/,sake,岡山県倉敷市に蔵を構える森田酒造は、明治43年（1910年）創業の歴史を誇る老舗酒蔵です。こだわりをもった森田の酒蔵を是非一度見学にいらしてください。萬年雪　本醸造辛口酒　辛萬 私は手造りがすべてだとは思っていません。伝統の技を守りつつ、現代の食文化に寄り添う高品質な美酒を醸し続けています。,0,draft,0.9,kumiai_okayama_detail,森田酒造 / 〒710-0054 岡山県倉敷市本町 8-8 / 創業明治４３年。昔の土蔵作りの蔵の中,2026-07-05 15:32:41,2026-08-02 06:37:42,34.6534,133.9275,1910,0,0
3202,,渡辺酒造本店,渡辺酒造本店,,岡山県,倉敷市,〒712-8002 岡山県倉敷市連島町亀島新田 170,1910,,sake,岡山県倉敷市に蔵を構える渡辺酒造本店は、明治43年（1910年）創業の歴史を誇る老舗酒蔵です。仕込み水には良質な高梁川・旭川・吉井川三大河川伏流水（中軟水）を使用し、備中杜氏の伝統の技を受け継ぎながら、米の旨味を引き出す真摯な酒造りを追求しています。伝統の技を守りつつ、現代の食文化に寄り添う高品質な美酒を醸し続けています。,0,draft,0.85,kumiai_okayama_detail,渡辺酒造本店 / 〒712-8002 岡山県倉敷市連島町亀島新田 170,2026-07-05 15:32:41,2026-08-02 06:37:40,34.6551,133.9306,1910,0,0
3203,,三宅酒造,三宅酒造,,岡山県,総社市,〒719-1161 岡山県総社市宿 355,1905,,sake,岡山県総社市に蔵を構える三宅酒造は、明治38年（1905年）創業の歴史を誇る老舗酒蔵です。仕込み水には良質な高梁川・旭川・吉井川三大河川伏流水（中軟水）を使用し、備中杜氏の伝統の技を受け継ぎながら、米の旨味を引き出す真摯な酒造りを追求しています。伝統の技を守りつつ、現代の食文化に寄り添う高品質な美酒を醸し続けています。,0,draft,0.9,kumiai_okayama_detail,三宅酒造 / 〒719-1161 岡山県総社市宿 355 / 明治３８年（１９０５年）創業 / 粹府,2026-07-05 15:32:41,2026-08-02 06:37:40,34.6568,133.9337,1905,0,0
3204,,ヨイキゲン,ヨイキゲン,,岡山県,総社市,〒719-1175 岡山県総社市清音上中島 372-1,1907,http://www.yoikigen.co.jp,sake,岡山県総社市に蔵を構えるヨイキゲンは、明治40年（1907年）創業の歴史を誇る老舗酒蔵です。仕込み水には良質な高梁川・旭川・吉井川三大河川伏流水（中軟水）を使用し、備中杜氏の伝統の技を受け継ぎながら、米の旨味を引き出す真摯な酒造りを追求しています。伝統の技を守りつつ、現代の食文化に寄り添う高品質な美酒を醸し続けています。,0,draft,0.9,kumiai_okayama_detail,ヨイキゲン / 〒719-1175 岡山県総社市清音上中島 372-1 / 明治40年、初代渡辺捨吉,2026-07-05 15:32:41,2026-08-02 06:37:42,34.6585,133.9368,1907,0,0
3205,,菊池酒造,菊池酒造,,岡山県,倉敷市,〒713-8121 岡山県倉敷市玉島阿賀崎 1212,1878,http://kikuchishuzo.co.jp/,sake,岡山県倉敷市に蔵を構える菊池酒造は、明治11年（1878年）創業の歴史を誇る老舗酒蔵です。受け継がれた技と進取の精神で挑み続け、繊細な手仕事を経て生まれたお酒は、全国新酒鑑評会をはじめ各品評会で高い評価を受けております。この自然の恵みのお米で醸し、食の安全や品質にこだわり抜いたお酒が『木村式奇跡のお酒』です。伝統の技を守りつつ、現代の食文化に寄り添う高品質な美酒を醸し続けています。,0,draft,0.9,kumiai_okayama_detail,菊池酒造 / 〒713-8121 岡山県倉敷市玉島阿賀崎 1212 / 明治11年創業。「燦然」..,2026-07-05 15:32:41,2026-08-02 06:37:42,34.6602,133.9399,1878,0,0
3206,,不二菊酒造本店,不二菊酒造本店,,岡山県,倉敷市,〒713-8126 岡山県倉敷市玉島黒崎 8757-1,1910,,sake,岡山県倉敷市に蔵を構える不二菊酒造本店は、明治43年（1910年）創業の歴史を誇る老舗酒蔵です。仕込み水には良質な高梁川・旭川・吉井川三大河川伏流水（中軟水）を使用し、備中杜氏の伝統の技を受け継ぎながら、米の旨味を引き出す真摯な酒造りを追求しています。伝統の技を守りつつ、現代の食文化に寄り添う高品質な美酒を醸し続けています。,0,draft,0.85,kumiai_okayama_detail,不二菊酒造本店 / 〒713-8126 岡山県倉敷市玉島黒崎 8757-1,2026-07-05 15:32:41,2026-08-02 06:37:40,34.6619,133.943,1910,0,0
3207,,神露酒造,神露酒造,,岡山県,浅口市,〒719-0111 岡山県浅口市金光町大谷 227,1909,http://www.sinro.co.jp,sake,岡山県浅口市に蔵を構える神露酒造は、明治42年（1909年）創業の歴史を誇る老舗酒蔵です。仕込み水には良質な高梁川・旭川・吉井川三大河川伏流水（中軟水）を使用し、備中杜氏の伝統の技を受け継ぎながら、米の旨味を引き出す真摯な酒造りを追求しています。伝統の技を守りつつ、現代の食文化に寄り添う高品質な美酒を醸し続けています。,0,draft,0.9,kumiai_okayama_detail,神露酒造 / 〒719-0111 岡山県浅口市金光町大谷 227 / 酒造業を始めたのは明治４２年（,2026-07-05 15:32:41,2026-08-02 06:37:42,34.6636,133.9261,1909,0,0
3208,,平喜酒造,平喜酒造,,岡山県,浅口市,〒719-0243 岡山県浅口市鴨方町鴨方 1283,1928,https://hirakishuzo.co.jp/,sake,岡山県浅口市に位置する平喜酒造は、昭和3年（1928年）に創業しました。伝統の技と最新技術の融合した酒造りを行う、皆様に愛される酒蔵です。以来、歴史ある伝統工法を繋ぎながら機械技術も取り入れ、 うまい酒を作り続けています。伝統の技を守りつつ、現代の食文化に寄り添う高品質な美酒を醸し続けています。,0,draft,0.9,kumiai_okayama_detail,平喜酒造 / 〒719-0243 岡山県浅口市鴨方町鴨方 1283 / 1928年(昭和3年)に創業,2026-07-05 15:32:41,2026-08-02 06:37:42,34.6653,133.9292,1928,0,0
3209,,丸本酒造,丸本酒造,,岡山県,浅口市,〒719-0232 岡山県浅口市鴨方町本庄 2485,1910,http://kamomidori.co.jp/,sake,岡山県浅口市に蔵を構える丸本酒造は、明治43年（1910年）創業の歴史を誇る老舗酒蔵です。常に問題意識をもち、新しい技術に関心をもち、飲み手の方々の意見を聞き、挑戦し続けていく姿勢が必要です。昭和7～11年（1932～36） 新型醸造機器・器具の導入、醸造場の建設により、増産をはかる。伝統の技を守りつつ、現代の食文化に寄り添う高品質な美酒を醸し続けています。,0,draft,0.9,kumiai_okayama_detail,丸本酒造 / 〒719-0232 岡山県浅口市鴨方町本庄 2485 / 純米 農産酒蔵,2026-07-05 15:32:41,2026-08-02 06:37:42,34.667,133.9323,1910,0,0
3210,,嘉美心酒造株式会社,嘉美心酒造,嘉美心酒造,岡山県,浅口市,〒714-0101 岡山県浅口市寄島町 7500-2,1913,http://www.kamikokoro.co.jp/,sake,岡山県浅口市に蔵を構える嘉美心酒造株式会社は、大正2年（1913年）創業の歴史を誇る老舗酒蔵です。銘柄一覧嘉美心酒造についてブログイベントYahoo!ショップオンラインショップ 次世代への挑戦と決意のブランド 米の旨味を凝縮した芳醇な味わい 「私たちはお酒を作ることではメーカーですが、生きる上では消費者です。醸造とその後の貯蔵管理を完璧にすることで、酒本来の生き生きとした姿を保っています。伝統の技を守りつつ、現代の食文化に寄り添う高品質な美酒を醸し続けています。,0,draft,0.98,kumiai_okayama_detail,嘉美心酒造株式会社は、１９１３年（大正２年） / 嘉美心酒造 / 〒714-0101 岡山県浅口市寄,2026-07-05 15:32:41,2026-08-02 06:37:42,34.6687,133.9354,1913,0,0
3211,,妹尾酒造本店,妹尾酒造本店,,岡山県,倉敷市,〒713-8126 岡山県倉敷市玉島黒崎 8189-2,1904,http://岡山白桃ワイン.jp,sake,岡山県倉敷市に蔵を構える妹尾酒造本店は、明治37年（1904年）創業の歴史を誇る老舗酒蔵です。仕込み水には良質な高梁川・旭川・吉井川三大河川伏流水（中軟水）を使用し、備中杜氏の伝統の技を受け継ぎながら、米の旨味を引き出す真摯な酒造りを追求しています。伝統の技を守りつつ、現代の食文化に寄り添う高品質な美酒を醸し続けています。,0,draft,0.9,kumiai_okayama_detail,妹尾酒造本店 / 〒713-8126 岡山県倉敷市玉島黒崎 8189-2 / 弊社は明治三十七年初代,2026-07-05 15:32:41,2026-08-02 06:37:42,34.6704,133.9385,1904,0,0
3212,,藤澤藤左衛門商店,藤沢藤左衛門商店,,岡山県,倉敷市,〒713-8126 岡山県倉敷市玉島黒崎 8000,1896,,sake,岡山県倉敷市に蔵を構える藤澤藤左衛門商店は、明治29年（1896年）創業の歴史を誇る老舗酒蔵です。仕込み水には良質な高梁川・旭川・吉井川三大河川伏流水（中軟水）を使用し、備中杜氏の伝統の技を受け継ぎながら、米の旨味を引き出す真摯な酒造りを追求しています。伝統の技を守りつつ、現代の食文化に寄り添う高品質な美酒を醸し続けています。,0,draft,0.9,kumiai_okayama_detail,藤澤藤左衛門商店 / 〒713-8126 岡山県倉敷市玉島黒崎 8000 / 創業(1896年）以来,2026-07-05 15:32:41,2026-08-02 06:37:40,34.6521,133.9416,1896,0,0
3213,,大内酒造場,大内酒造場,,岡山県,笠岡市,〒714-0032 岡山県笠岡市西大島 7496,1897,,sake,岡山県笠岡市に蔵を構える大内酒造場は、明治30年（1897年）創業の歴史を誇る老舗酒蔵です。仕込み水には良質な高梁川・旭川・吉井川三大河川伏流水（中軟水）を使用し、備中杜氏の伝統の技を受け継ぎながら、米の旨味を引き出す真摯な酒造りを追求しています。伝統の技を守りつつ、現代の食文化に寄り添う高品質な美酒を醸し続けています。,0,draft,0.9,kumiai_okayama_detail,大内酒造場 / 〒714-0032 岡山県笠岡市西大島 7496 / 明治30年創業の老舗、大内酒造,2026-07-05 15:32:41,2026-08-02 06:37:40,34.6538,133.9247,1897,0,0
3214,,瀧本酒造,瀧本酒造,,岡山県,井原市,〒715-0019 岡山県井原市井原町 1050-2,1910,,sake,岡山県井原市に蔵を構える瀧本酒造は、明治43年（1910年）創業の歴史を誇る老舗酒蔵です。仕込み水には良質な高梁川・旭川・吉井川三大河川伏流水（中軟水）を使用し、備中杜氏の伝統の技を受け継ぎながら、米の旨味を引き出す真摯な酒造りを追求しています。伝統の技を守りつつ、現代の食文化に寄り添う高品質な美酒を醸し続けています。,0,draft,0.9,kumiai_okayama_detail,瀧本酒造 / 〒715-0019 岡山県井原市井原町 1050-2 / 創業年複数記述で特定不可(嘉,2026-07-05 15:32:41,2026-08-02 06:37:40,34.6555,133.9278,1910,0,0
3215,,山成酒造,山成酒造,,岡山県,井原市,〒714-2112 岡山県井原市芳井町簗瀬 23,1804,http://yamanari.jp,sake,岡山県井原市に蔵を構える山成酒造は、文化元年（1804年）創業の歴史を誇る老舗酒蔵です。創業以来、米・水・人に真摯に向き合い手を抜かない酒造りを信念としています。地元産の酒米と清らかな水を用い、蔵人の経験と感覚を大切にした手仕事でひとつひとつ丁寧に醸造。伝統の技を守りつつ、現代の食文化に寄り添う高品質な美酒を醸し続けています。,0,draft,0.9,kumiai_okayama_detail,山成酒造 / 〒714-2112 岡山県井原市芳井町簗瀬 23 / 弊社は...文化元年創業以来20,2026-07-05 15:32:41,2026-08-02 06:37:42,34.6572,133.9309,1804,0,0
3216,,芳烈酒造,芳烈酒造,,岡山県,高梁市,〒716-1321 岡山県高梁市有漢町有漢 2535-1,1910,,sake,岡山県高梁市に蔵を構える芳烈酒造は、明治43年（1910年）創業の歴史を誇る老舗酒蔵です。仕込み水には良質な高梁川・旭川・吉井川三大河川伏流水（中軟水）を使用し、備中杜氏の伝統の技を受け継ぎながら、米の旨味を引き出す真摯な酒造りを追求しています。伝統の技を守りつつ、現代の食文化に寄り添う高品質な美酒を醸し続けています。,0,draft,0.85,kumiai_okayama_detail,芳烈酒造 / 〒716-1321 岡山県高梁市有漢町有漢 2535-1,2026-07-05 15:32:41,2026-08-02 06:37:40,34.6589,133.934,1910,0,0
3217,,株式会社落酒造場,落酒造場,落酒造場,岡山県,真庭市,〒716-1433 岡山県真庭市下呰部 664-4,1893,,sake,岡山県真庭市に蔵を構える株式会社落酒造場は、明治26年（1893年）創業の歴史を誇る老舗酒蔵です。仕込み水には良質な高梁川・旭川・吉井川三大河川伏流水（中軟水）を使用し、備中杜氏の伝統の技を受け継ぎながら、米の旨味を引き出す真摯な酒造りを追求しています。伝統の技を守りつつ、現代の食文化に寄り添う高品質な美酒を醸し続けています。,0,draft,0.92,kumiai_okayama_detail,落治平が株式会社落酒造場と会社名を変更 / 落酒造場 / 〒716-1433 岡山県真庭市下呰部 6,2026-07-05 15:32:41,2026-08-02 06:37:42,34.6606,133.9371,1893,0,0
3218,,白菊酒造株式会社,白菊酒造,白菊酒造,岡山県,高梁市,〒716-0101 岡山県高梁市成羽町下日名 163-1,1886,http://www.shiragiku.com,sake,岡山県高梁市に蔵を構える白菊酒造株式会社は、明治19年（1886年）創業の歴史を誇る老舗酒蔵です。米、水、技、酒造りの条件に恵まれた豊穣な岡山の恵みをお酒に映して香り良く、口当たりが柔らかで米の旨味が感じられるとともに、切れの良いバランスのとれた酒質を特徴としております。伝統の技を守りつつ、現代の食文化に寄り添う高品質な美酒を醸し続けています。,0,draft,0.98,kumiai_okayama_detail,社名を「白菊酒造株式会社」に改めました / 白菊酒造 / 〒716-0101 岡山県高梁市成羽町下日,2026-07-05 15:32:41,2026-08-02 06:37:42,34.6623,133.9402,1886,0,0
3219,,赤木酒造,赤木酒造,,岡山県,高梁市,〒716-0303 岡山県高梁市備中町長屋 43,1823,,sake,岡山県高梁市に蔵を構える赤木酒造は、文政6年（1823年）創業の歴史を誇る老舗酒蔵です。仕込み水には良質な高梁川・旭川・吉井川三大河川伏流水（中軟水）を使用し、備中杜氏の伝統の技を受け継ぎながら、米の旨味を引き出す真摯な酒造りを追求しています。伝統の技を守りつつ、現代の食文化に寄り添う高品質な美酒を醸し続けています。,0,draft,0.9,kumiai_okayama_detail,赤木酒造 / 〒716-0303 岡山県高梁市備中町長屋 43 / 当社は文政６年(1823年）創業,2026-07-05 15:32:41,2026-08-02 06:37:40,34.664,133.9433,1823,0,0
3220,,三光正宗,三光正宗,,岡山県,新見市,〒719-3702 岡山県新見市哲西町上神代 951,1913,http://www.sake-sanko.co.jp,sake,岡山県新見市に蔵を構える三光正宗は、大正2年（1913年）創業の歴史を誇る老舗酒蔵です。また、その技術と新しい技術の導入による、新しい製品作りを目標としている。伝統の技を守りつつ、現代の食文化に寄り添う高品質な美酒を醸し続けています。,0,draft,0.9,kumiai_okayama_detail,三光正宗 / 〒719-3702 岡山県新見市哲西町上神代 951 / 大正２年２月に製造免許を受け,2026-07-05 15:32:41,2026-08-02 06:37:42,34.6657,133.9264,1913,0,0
3221,,辻本店,辻本店,,岡山県,真庭市,〒717-0013 岡山県真庭市勝山 116,1804,https://www.gozenshu.co.jp/,sake,岡山県真庭市に蔵を構える辻本店は、文化元年（1804年）創業の歴史を誇る老舗酒蔵です。仕込み水には良質な高梁川・旭川・吉井川三大河川伏流水（中軟水）を使用し、備中杜氏の伝統の技を受け継ぎながら、米の旨味を引き出す真摯な酒造りを追求しています。伝統の技を守りつつ、現代の食文化に寄り添う高品質な美酒を醸し続けています。,0,draft,0.9,kumiai_okayama_detail,辻本店 / 〒717-0013 岡山県真庭市勝山 116 / 文化元年1804年、現在地に酒造業を創,2026-07-05 15:32:41,2026-08-02 06:37:42,34.6674,133.9295,1804,0,0
3222,,難波酒造,難波酒造,,岡山県,津山市,〒708-0815 岡山県津山市一宮 436,1889,http://musashi-sake.jp,sake,岡山県津山市に蔵を構える難波酒造は、明治22年（1889年）創業の歴史を誇る老舗酒蔵です。岡山県産の地元高級米にこだわりぬいた酒です。難波酒造では、甑による伝統の丸米蒸しにこだわり、蒸気量、蒸気温度によって目的に適した蒸し米をつくります。伝統の技を守りつつ、現代の食文化に寄り添う高品質な美酒を醸し続けています。,0,draft,0.9,kumiai_okayama_detail,難波酒造 / 〒708-0815 岡山県津山市一宮 436 / 明治22年（1889年） 岡山県久米,2026-07-05 15:32:41,2026-08-02 06:37:42,34.6691,133.9326,1889,0,0
3223,,多胡本家酒造場,多胡本家酒造場,,岡山県,津山市,〒708-1111 岡山県津山市楢 69,1910,https://tagobrewery.co.jp/,sake,岡山県津山市に蔵を構える多胡本家酒造場は、明治43年（1910年）創業の歴史を誇る老舗酒蔵です。加茂川の伏流水を汲み上げ、熟練の名杜氏と蔵人たちの技が加味された清酒です。吟味を重ねたこだわりの素材を使用し、非加熱・無濾過で酵母が生きています。伝統の技を守りつつ、現代の食文化に寄り添う高品質な美酒を醸し続けています。,0,draft,0.9,kumiai_okayama_detail,多胡本家酒造場 / 〒708-1111 岡山県津山市楢 69 / 加茂五葉 大吟醸酒,2026-07-05 15:32:41,2026-08-02 06:37:42,34.6708,133.9357,1910,0,0
3224,,田中酒造場,田中酒造場,,岡山県,美作市,〒707-0412 岡山県美作市古町 1655,1910,http://www.musashinosato.com/,sake,岡山県美作市に蔵を構える田中酒造場は、明治43年（1910年）創業の歴史を誇る老舗酒蔵です。田中酒造場/岡山県美作市の酒蔵 伝統の技法を守り続けて130年余(明治18年/1885年創業)の蔵元です。創業以来の銘柄で地元大原町・西粟倉・東粟倉を中心に美作町・兵庫県佐用方面までご愛飲いただいております。伝統の技を守りつつ、現代の食文化に寄り添う高品質な美酒を醸し続けています。,0,draft,0.9,kumiai_okayama_detail,田中酒造場 / 〒707-0412 岡山県美作市古町 1655 / 武蔵の里 山廃酛仕込 純米酒,2026-07-05 15:32:41,2026-08-02 06:37:42,34.6525,133.9388,1910,0,0
3225,,秋鹿酒造有限会社,秋鹿酒造,,大阪府,豊能郡能勢町,大阪府豊能郡能勢町倉垣1007,1910,https://www.saketime.com/breweries/3225,sake,大阪府豊能郡能勢町に蔵を構える秋鹿酒造有限会社は、明治43年（1910年）創業の歴史を誇る老舗酒蔵です。仕込み水には良質な生駒山系・葛城山系伏流水（中硬水）を使用し、丹波杜氏の伝統の技を受け継ぎながら、米の旨味を引き出す真摯な酒造りを追求しています。伝統の技を守りつつ、現代の食文化に寄り添う高品質な美酒を醸し続けています。,0,draft,0.85,kumiai_osaka_detail,秋鹿酒造（有）大阪府豊能郡能勢町倉垣1007 TEL:072-737-0013,2026-07-05 15:32:41,2026-08-02 06:37:42,34.6862,135.5098,1910,0,0
3226,,吉田酒造株式会社,吉田酒造,,大阪府,池田市,大阪府池田市栄本町7-10,1697,,sake,島根県安来市に蔵を構える吉田酒造株式会社は、明治43年（1910年）創業の歴史を誇る老舗酒蔵です。この仕込み水は、江戸時代広瀬藩の歴代藩主がこの辺りで一番おいしいと愛飲し「不昧流茶道」で最高の水と言われた名水「お茶の水井戸」を復元して使用しています。この仕込み水は、江戸時代広瀬藩の歴代藩主がこの辺りで一番おいしいと愛飲し「不昧流茶道」で最高の水と言われた名水「お茶の水井戸」を復元して使用しています。伝統の技を守りつつ、現代の食文化に寄り添う高品質な美酒を醸し続けています。,0,draft,0.8,kumiai_osaka_detail,元禄十年、加茂屋平兵衛により創業の蔵…「緑一」,2026-07-05 15:32:41,2026-08-02 06:37:42,34.6879,135.4929,1697,0,0
3227,,呉春株式会社,呉春,,大阪府,池田市,大阪府池田市綾羽1-2-2,1910,,sake,大阪府池田市に蔵を構える呉春株式会社は、明治43年（1910年）創業の歴史を誇る老舗酒蔵です。仕込み水には良質な生駒山系・葛城山系伏流水（中硬水）を使用し、丹波杜氏の伝統の技を受け継ぎながら、米の旨味を引き出す真摯な酒造りを追求しています。伝統の技を守りつつ、現代の食文化に寄り添う高品質な美酒を醸し続けています。,0,draft,0.85,kumiai_osaka_detail,呉春（株）大阪府池田市綾羽1-2-2 TEL:072-751-2023,2026-07-05 15:32:41,2026-08-02 06:37:42,34.6896,135.496,1910,0,0
3228,,高島酒造株式会社,高島酒造,,大阪府,茨木市,大阪府茨木市沢良宜西2-8-3,1910,,sake,大阪府茨木市に蔵を構える高島酒造株式会社は、明治43年（1910年）創業の歴史を誇る老舗酒蔵です。仕込み水には良質な生駒山系・葛城山系伏流水（中硬水）を使用し、丹波杜氏の伝統の技を受け継ぎながら、米の旨味を引き出す真摯な酒造りを追求しています。伝統の技を守りつつ、現代の食文化に寄り添う高品質な美酒を醸し続けています。,0,draft,0.85,kumiai_osaka_detail,高島酒造（株）大阪府茨木市沢良宜西2-8-3 TEL:072-632-2226,2026-07-05 15:32:41,2026-08-02 06:37:40,34.6913,135.4991,1910,0,0
3229,,寿酒造株式会社,寿酒造,,大阪府,高槻市,大阪府高槻市富田町3-26-12,1822,https://www.kuninocho.jp,sake,大阪府高槻市に蔵を構える寿酒造株式会社は、文政5年（1822年）創業の歴史を誇る老舗酒蔵です。仕込み水には良質な生駒山系・葛城山系伏流水（中硬水）を使用し、丹波杜氏の伝統の技を受け継ぎながら、米の旨味を引き出す真摯な酒造りを追求しています。伝統の技を守りつつ、現代の食文化に寄り添う高品質な美酒を醸し続けています。,0,draft,0.9,kumiai_osaka_detail,文政五年の創業以来…寿酒造（株）https://www.kuninocho.jp,2026-07-05 15:32:41,2026-08-02 06:37:42,34.693,135.5022,1822,0,0
3230,,清鶴酒造株式会社,清鶴酒造,,大阪府,高槻市,大阪府高槻市富田町6-5-3,1910,http://www.kiyotsuru.jp,sake,大阪府高槻市に蔵を構える清鶴酒造株式会社は、明治43年（1910年）創業の歴史を誇る老舗酒蔵です。仕込み水には良質な生駒山系・葛城山系伏流水（中硬水）を使用し、丹波杜氏の伝統の技を受け継ぎながら、米の旨味を引き出す真摯な酒造りを追求しています。伝統の技を守りつつ、現代の食文化に寄り添う高品質な美酒を醸し続けています。,0,draft,0.9,kumiai_osaka_detail,清鶴酒造（株）大阪府高槻市富田町6-5-3 http://www.kiyotsuru.jp,2026-07-05 15:32:41,2026-08-02 06:37:42,34.6947,135.5053,1910,0,0
3231,,山野酒造株式会社,山野酒造,,大阪府,交野市,大阪府交野市私部7-11-2,1910,https://www.katanosakura.com,sake,大阪府交野市に蔵を構える山野酒造株式会社は、明治43年（1910年）創業の歴史を誇る老舗酒蔵です。仕込み水には良質な生駒山系・葛城山系伏流水（中硬水）を使用し、丹波杜氏の伝統の技を受け継ぎながら、米の旨味を引き出す真摯な酒造りを追求しています。伝統の技を守りつつ、現代の食文化に寄り添う高品質な美酒を醸し続けています。,0,draft,0.9,kumiai_osaka_detail,山野酒造（株）大阪府交野市私部7-11-2 https://www.katanosakura.com,2026-07-05 15:32:41,2026-08-02 06:37:42,34.6964,135.5084,1910,0,0
3232,,大門酒造株式会社,大門酒造,,大阪府,交野市,大阪府交野市森南3-12-1,1826,https://www.daimonbrewery.com/,sake,大阪府交野市に蔵を構える大門酒造株式会社は、文政9年（1826年）創業の歴史を誇る老舗酒蔵です。現在と過去の 世代を超えた杜氏の技で誕生いたしました。その豊を実践的思想や教育、上方の文芸、技術の育成に投じられ、尚且つこの地の精神文化の土壌を厚くし豊かな食文化の中でそれを支え、引き立たせる媚びない酒。伝統の技を守りつつ、現代の食文化に寄り添う高品質な美酒を醸し続けています。,0,draft,0.9,kumiai_osaka_detail,文政九（1826）年創業…大門酒造（株）https://www.daimonbrewery.com/,2026-07-05 15:32:41,2026-08-02 06:37:41,34.6981,135.5115,1826,0,0
3233,,長龍酒造株式会社,長龍酒造,,大阪府,八尾市,大阪府八尾市安中町1-1-29,1910,http://www.choryo.jp,sake,大阪府八尾市に蔵を構える長龍酒造株式会社は、明治43年（1910年）創業の歴史を誇る老舗酒蔵です。series吉野杉の樽酒─ Yoshinosugi no Tarusake ─ ニッポン伝統の酒「吉野杉の樽酒」 古来、お祝い事や行事には欠かせない樽酒の鏡開き。創業者が大いなる情熱をもって、幾多の困難を乗り越え、独自の製法を創りあげ、日本初の『瓶詰め樽酒』として昭和39年に誕生。伝統の技を守りつつ、現代の食文化に寄り添う高品質な美酒を醸し続けています。,0,rejected,0.95,kumiai_osaka_detail,重複レコード。id=5792(奈良県北葛城郡広陵町、本社/広陵蔵)と同一法人と確認済み。当住所(大阪府八尾市)は同法人の製造拠点「八尾蔵」。公式サイトchoryo.jp/company・Wikipedia・日本酒造組合中央会で裏取り。2026-07-19,2026-07-05 15:32:41,2026-08-02 06:37:40,,,1910,0,0
3234,,西條合資会社,西條,,大阪府,河内長野市,大阪府河内長野市長野町12-18,1910,https://www.amanosake.com/,sake,大阪府河内長野市に蔵を構える西條合資会社は、明治43年（1910年）創業の歴史を誇る老舗酒蔵です。仕込み水には良質な生駒山系・葛城山系伏流水（中硬水）を使用し、丹波杜氏の伝統の技を受け継ぎながら、米の旨味を引き出す真摯な酒造りを追求しています。伝統の技を守りつつ、現代の食文化に寄り添う高品質な美酒を醸し続けています。,0,draft,0.85,kumiai_osaka_detail,享保三年よりこの地で酒造業を営む蔵元が復活させたもの（創業年として断定不可）,2026-07-05 15:32:41,2026-08-02 06:37:42,34.7015,135.4977,1910,0,0
3235,,寺田酒造有限会社,寺田酒造,,大阪府,岸和田市,大阪府岸和田市並松町22-30,1910,http://www.gancho.net,sake,大阪府岸和田市に蔵を構える寺田酒造有限会社は、明治43年（1910年）創業の歴史を誇る老舗酒蔵です。仕込み水には良質な生駒山系・葛城山系伏流水（中硬水）を使用し、丹波杜氏の伝統の技を受け継ぎながら、米の旨味を引き出す真摯な酒造りを追求しています。伝統の技を守りつつ、現代の食文化に寄り添う高品質な美酒を醸し続けています。,0,draft,0.8,kumiai_osaka_detail,寺田酒造（有）大阪府岸和田市並松町22-30 www.gancho.net（原文はプロトコル無記載）,2026-07-05 15:32:41,2026-08-02 06:37:42,34.7032,135.5008,1910,0,0
3236,,井坂酒造場,井坂酒造場,,大阪府,岸和田市,大阪府岸和田市稲葉町117,1818,,sake,大阪府岸和田市に蔵を構える井坂酒造場は、文政元年（1818年）創業の歴史を誇る老舗酒蔵です。仕込み水には良質な生駒山系・葛城山系伏流水（中硬水）を使用し、丹波杜氏の伝統の技を受け継ぎながら、米の旨味を引き出す真摯な酒造りを追求しています。伝統の技を守りつつ、現代の食文化に寄り添う高品質な美酒を醸し続けています。,0,draft,0.85,kumiai_osaka_detail,文政元年の創業以来…井坂酒造場「三輪福」,2026-07-05 15:32:41,2026-08-02 06:37:40,34.6849,135.5039,1818,0,0
3237,,有限会社北庄司酒造店,北庄司酒造店,,大阪府,泉佐野市,大阪府泉佐野市日根野3173,1921,http://www.kitashouji.jp,sake,大阪府泉佐野市に蔵を構える有限会社北庄司酒造店は、大正10年（1921年）創業の歴史を誇る老舗酒蔵です。北庄司酒造店のこだわり〝佳い酒を少しずつ〟の丹念な酒造り 私たちの酒蔵は大正十年に創醸し、以来、地域の醸造の歴史と伝統を継いでまいりました。良質の酒米を高精白し、南部流の〝軽ろ味〟と〝まろみ〟の技で醸し上げた飲み口の佳いふっくらしたふくよかな旨さをお楽しみください。伝統の技を守りつつ、現代の食文化に寄り添う高品質な美酒を醸し続けています。,0,draft,0.85,kumiai_osaka_detail,大正10年創業、関西国際空港の対岸、泉佐野市唯一の醸造蔵,2026-07-05 15:32:41,2026-08-02 06:37:42,34.6866,135.507,1921,0,0
3238,,浪花酒造有限会社,浪花酒造,,大阪府,阪南市,大阪府阪南市尾崎町3-13-6,1910,http://www.naniwamasamune.com,sake,大阪府阪南市に蔵を構える浪花酒造有限会社は、明治43年（1910年）創業の歴史を誇る老舗酒蔵です。酒ディプロマ(SAKE DIPLOMA)二次試験論述対策⑳～琉球泡盛編 琉球泡盛～沖縄伝統の全麹仕込み 忙しい方は⑤のみをご覧ください。①前回（山口県）の復習 産業技術センターで開発された酵母４つはなんですか。伝統の技を守りつつ、現代の食文化に寄り添う高品質な美酒を醸し続けています。,0,draft,0.85,kumiai_osaka_detail,江戸時代享保年間の創業時より三百年の歴史（年不特定のためnull）,2026-07-05 15:32:41,2026-08-02 06:37:42,34.6883,135.5101,1910,0,0
3239,,サントリー酒類株式会社,サントリー酒類,,大阪府,大阪市北区,大阪府大阪市北区堂島浜2-1-40,1910,,sake,大阪府大阪市北区に蔵を構えるサントリー酒類株式会社は、明治43年（1910年）創業の歴史を誇る老舗酒蔵です。仕込み水には良質な生駒山系・葛城山系伏流水（中硬水）を使用し、丹波杜氏の伝統の技を受け継ぎながら、米の旨味を引き出す真摯な酒造りを追求しています。伝統の技を守りつつ、現代の食文化に寄り添う高品質な美酒を醸し続けています。,0,draft,0.6,kumiai_osaka_detail,サントリー酒類（株）大阪府大阪市北区堂島浜2-1-40（本社住所、製造拠点は別の可能性）,2026-07-05 15:32:41,2026-08-02 06:37:40,34.69,135.4932,1910,0,0
3240,,有限会社利休蔵,利休蔵,,大阪府,堺市堺区,大阪府堺市堺区甲斐町西3丁3-4,1910,https://sennorikyu-nihonshu.jp/,sake,大阪府堺市堺区に蔵を構える有限会社利休蔵は、明治43年（1910年）創業の歴史を誇る老舗酒蔵です。仕込み水には良質な生駒山系・葛城山系伏流水（中硬水）を使用し、丹波杜氏の伝統の技を受け継ぎながら、米の旨味を引き出す真摯な酒造りを追求しています。伝統の技を守りつつ、現代の食文化に寄り添う高品質な美酒を醸し続けています。,0,draft,0.85,kumiai_osaka_detail,（有）利休蔵 大阪府堺市堺区甲斐町西3丁3-4 https://sennorikyu-nihonshu.jp/,2026-07-05 15:32:41,2026-08-02 06:37:42,34.6917,135.4963,1910,0,0
3440,4420002019678,有限会社関乃井酒造,関乃井酒造,,青森県,むつ市,青森県むつ市柳町1-5-15,1891,https://www.sekinoi.co.jp/,sake,青森県むつ市に蔵を構える有限会社関乃井酒造は、明治24年（1891年）創業の歴史を誇る老舗酒蔵です。ようこそ本州最北端の醸造場へ お酒の情報が含まれますので、 20歳未満の方はご利用頂けません。伝統の技を守りつつ、現代の食文化に寄り添う高品質な美酒を醸し続けています。,0,draft,0.85,kumiai_aomori_detail,（有）関乃井酒造／関乃井、北勇,2026-07-07 12:47:11,2026-08-02 06:37:42,40.8224,140.734,1891,0,0
3441,1420001012166,株式会社盛田庄兵衛,盛田庄兵衛,,青森県,上北郡七戸町,青森県上北郡七戸町字七戸230,1777,https://www.morishou.co.jp/,sake,青森県上北郡七戸町に蔵を構える株式会社盛田庄兵衛は、安永6年（1777年）創業の歴史を誇る老舗酒蔵です。受け継いできたのは南部杜氏の伝統的手法と基本に徹する心の姿勢。私たちには『真心』という大切にしてきた銘柄があります。伝統の技を守りつつ、現代の食文化に寄り添う高品質な美酒を醸し続けています。,0,draft,0.9,kumiai_aomori_detail,（株）盛田庄兵衛／朔田、駒泉、作田、七力,2026-07-07 12:47:11,2026-08-02 06:37:42,40.8241,140.7371,1777,0,0
3442,8420001011186,鳩正宗株式会社,鳩正宗,,青森県,十和田市,青森県十和田市三本木字稲吉176-2,1899,https://www.hatomasa.jp/,sake,青森県十和田市に蔵を構える鳩正宗株式会社は、明治32年（1899年）創業の歴史を誇る老舗酒蔵です。地元の水、地元の米、そして地元の技によるメイドイン十和田にこだわった酒造りを続けています。酒造りについて詳しく知る 「和醸良酒（わじょうりょうしゅ）」 良い酒を造るには、技術はもちろん大事。伝統の技を守りつつ、現代の食文化に寄り添う高品質な美酒を醸し続けています。,0,draft,0.85,kumiai_aomori_detail,鳩正宗（株）／鳩正宗、八甲田おろし,2026-07-07 12:47:11,2026-08-02 06:37:42,40.8258,140.7402,1899,0,0
3443,,八戸酒類株式会社五戸工場,八戸酒類五戸工場,五戸工場,青森県,三戸郡五戸町,青森県三戸郡五戸町字川原町12,1910,https://hachinohe-syurui.com/,sake,青森県三戸郡五戸町に蔵を構える八戸酒類株式会社五戸工場は、明治43年（1910年）創業の歴史を誇る老舗酒蔵です。清冽な自然水と、津軽・南部の豊富な良質米を用いて南部流儀の伝統技法と五感で醸す手造りの「八戸のうまし酒」です。伝統の技を守りつつ、現代の食文化に寄り添う高品質な美酒を醸し続けています。,0,draft,0.9,kumiai_aomori_detail,八戸酒類（株）五戸工場／如空,2026-07-07 12:47:11,2026-08-02 06:37:42,40.8275,140.7433,1910,0,0
3444,6420001012244,桃川株式会社,桃川,,青森県,上北郡おいらせ町,青森県上北郡おいらせ町上明堂112,1889,https://www.momokawa.co.jp/,sake,青森県上北郡おいらせ町に蔵を構える桃川株式会社は、明治22年（1889年）創業の歴史を誇る老舗酒蔵です。現代の技術と先人たちの知恵…続きを読む 桃川の大杉玉桃川の大杉玉について杉玉の歴史・由来について杉玉の発祥は、奈良県桜井市にある日本最古の神社、大神（おおみわ）神社にあると言われています。創業当時、百石川（現在の奥入瀬川の旧称）の水を使用していたことから「百（もも）」を果物の「桃（もも）」に代えて「桃川（ももかわ）」と名付けられました。伝統の技を守りつつ、現代の食文化に寄り添う高品質な美酒を醸し続けています。,0,draft,0.9,kumiai_aomori_detail,桃川（株）／桃川、ねぶた、杉玉,2026-07-07 12:47:11,2026-08-02 06:37:42,40.8292,140.7464,1889,0,0
3445,,八戸酒類株式会社八鶴工場,八戸酒類八鶴工場,八鶴工場,青森県,八戸市,青森県八戸市大字八日町1,1786,https://hachinohe-syurui.com/,sake,青森県八戸市に蔵を構える八戸酒類株式会社八鶴工場は、天明6年（1786年）創業の歴史を誇る老舗酒蔵です。清冽な自然水と、津軽・南部の豊富な良質米を用いて南部流儀の伝統技法と五感で醸す手造りの「八戸のうまし酒」です。伝統の技を守りつつ、現代の食文化に寄り添う高品質な美酒を醸し続けています。,0,draft,0.9,kumiai_aomori_detail,八戸酒類（株）八鶴工場／八鶴,2026-07-07 12:47:11,2026-08-02 06:37:42,40.8309,140.7495,1786,0,0
3446,3420001006422,八戸酒造株式会社,八戸酒造,,青森県,八戸市,青森県八戸市湊町字本町9,1740,https://mutsu8000.com/,sake,青森県八戸市に蔵を構える八戸酒造株式会社は、元文5年（1740年）創業の歴史を誇る老舗酒蔵です。元文五年（一七四〇年）、初代駒井庄三郎が青雲の志で近江国を出、陸奥の地にて酒造りの道に入り、以来蔵元代々酒を造り続けてきました。現在、8代目庄三郎は青森県の地酒として県産の米と酵母にこだわり、仕込み水は八戸・蟹沢地区の名水を使用した、時代が求める環境と健康に配慮した安全で美味しい酒造りに挑戦しています。伝統の技を守りつつ、現代の食文化に寄り添う高品質な美酒を醸し続けています。,0,draft,0.8,kumiai_aomori_detail,八戸酒造（株）／陸奥男山、陸奥八仙,2026-07-07 12:47:11,2026-08-02 06:37:42,40.8326,140.7326,1740,0,0
3447,9420001001673,株式会社西田酒造店,西田酒造店,,青森県,青森市,青森県青森市油川大浜46,1878,http://www.densyu.co.jp/,sake,青森県青森市に蔵を構える株式会社西田酒造店は、明治11年（1878年）創業の歴史を誇る老舗酒蔵です。仕込み水には良質な白神山地・八甲田山系伏流水（超軟水）を使用し、南部杜氏の伝統の技を受け継ぎながら、米の旨味を引き出す真摯な酒造りを追求しています。伝統の技を守りつつ、現代の食文化に寄り添う高品質な美酒を醸し続けています。,0,draft,0.9,kumiai_aomori_detail,（株）西田酒造店／喜久泉、田酒、外ヶ濱,2026-07-07 12:47:11,2026-08-02 06:37:42,40.8343,140.7357,1878,0,0
3448,2420001009987,株式会社鳴海醸造店,鳴海醸造店,,青森県,黒石市,青森県黒石市大字中町1-1,1806,https://narumijozoten.com/,sake,青森県黒石市に蔵を構える株式会社鳴海醸造店は、文化3年（1806年）創業の歴史を誇る老舗酒蔵です。蔵に入ってからは、詰め口の手伝いと共に営業活動を行っていましたが、日本酒を取り巻く多くの方々と接するうち、その熱い思いに揺さぶられ、自分の酒造りに対する情熱も、日一日と大きく膨らんでいきました。日本の道百選にも選ばれたこの通りの一角に、文化三年（１８０６年）より続く造り酒屋、「稲村屋」こと鳴海醸造店があります。伝統の技を守りつつ、現代の食文化に寄り添う高品質な美酒を醸し続けています。,0,draft,0.9,kumiai_aomori_detail,（株）鳴海醸造店／稲村屋・稲村屋文四郎・菊乃井,2026-07-07 12:47:11,2026-08-02 06:37:42,40.816,140.7388,1806,0,0
3449,1420001009988,株式会社中村亀吉,中村亀吉,,青森県,黒石市,青森県黒石市中町12,1913,,sake,青森県黒石市に蔵を構える株式会社中村亀吉は、大正2年（1913年）創業の歴史を誇る老舗酒蔵です。仕込み水には良質な白神山地・八甲田山系伏流水（超軟水）を使用し、南部杜氏の伝統の技を受け継ぎながら、米の旨味を引き出す真摯な酒造りを追求しています。伝統の技を守りつつ、現代の食文化に寄り添う高品質な美酒を醸し続けています。,0,draft,0.9,kumiai_aomori_detail,（株）中村亀吉／玉垂、亀吉,2026-07-07 12:47:11,2026-08-02 06:37:42,40.8177,140.7419,1913,0,0
3450,2420001008956,株式会社カネタ玉田酒造店,カネタ玉田酒造店,,青森県,弘前市,青森県弘前市茂森町81,1685,,sake,青森県弘前市に蔵を構える株式会社カネタ玉田酒造店は、貞享2年（1685年）創業の歴史を誇る老舗酒蔵です。仕込み水には良質な白神山地・八甲田山系伏流水（超軟水）を使用し、南部杜氏の伝統の技を受け継ぎながら、米の旨味を引き出す真摯な酒造りを追求しています。伝統の技を守りつつ、現代の食文化に寄り添う高品質な美酒を醸し続けています。,0,draft,0.9,kumiai_aomori_detail,（株）カネタ玉田酒造店／津軽じょんから、華一風、斬,2026-07-07 12:47:11,2026-08-02 06:37:42,40.8194,140.745,1685,0,0
3451,4420001010349,三浦酒造株式会社,三浦酒造,,青森県,弘前市,青森県弘前市石渡5-1-1,1930,https://houhai.co.jp/,sake,青森県弘前市に位置する三浦酒造株式会社は、昭和5年（1930年）に創業しました。名前の由来、実は酒造りに適した米、酒米の「豊盃米」にあります。「豊盃」という名の由来は、その名のとおり豊かな盃という意味と、かつての津軽藩祖為信公が、戦で家臣が著しく志気喪失した時、志気を鼓舞するために唄った歌、いまでは津軽民謡として有名な「ホーハイ節」。伝統の技を守りつつ、現代の食文化に寄り添う高品質な美酒を醸し続けています。,0,draft,0.75,kumiai_aomori_detail,三浦酒造（株）／豊盃,2026-07-07 12:47:11,2026-08-02 06:37:42,40.8211,140.7481,1930,0,0
3452,3420001009607,六花酒造株式会社,六花酒造,,青森県,弘前市,青森県弘前市大字宮地字川添77番地5,1719,https://www.rokkashuzo.com/,sake,青森県弘前市に蔵を構える六花酒造株式会社は、享保4年（1719年）創業の歴史を誇る老舗酒蔵です。仕込み水には良質な白神山地・八甲田山系伏流水（超軟水）を使用し、南部杜氏の伝統の技を受け継ぎながら、米の旨味を引き出す真摯な酒造りを追求しています。伝統の技を守りつつ、現代の食文化に寄り添う高品質な美酒を醸し続けています。,0,draft,1.0,kumiai_aomori_detail,六花酒造（株）／杜來,2026-07-07 12:47:11,2026-08-02 06:37:42,40.8228,140.7312,1719,0,0
3453,1420001009063,株式会社松緑酒造,松緑酒造,,青森県,弘前市,青森県弘前市大字駒越町58,1904,https://matsu-midori.com/,sake,青森県弘前市に蔵を構える株式会社松緑酒造は、明治37年（1904年）創業の歴史を誇る老舗酒蔵です。世界自然遺産である悠久なる白神山地 津軽の誇り、岩木山の伏流水を用い 青森の豊かな自然が育んだ酒造好適米を軸に 醸造アルコールを添加しない純米蔵として 現代に求められる安全で美味しいお酒を志し 更に新たな一歩を踏み出しています。創業から百年を越してなお 松の緑のように瑞々しく 次の百年を生きる古城の銘酒を目指しています。伝統の技を守りつつ、現代の食文化に寄り添う高品質な美酒を醸し続けています。,0,draft,0.85,kumiai_aomori_detail,（株）松緑酒造／六根、麗峰、刑事,2026-07-07 12:47:11,2026-08-02 06:37:42,40.8245,140.7343,1904,0,0
3454,6420001009109,白神酒造株式会社,白神酒造,,青森県,弘前市,青森県弘前市大字米ヶ袋字村元22,1910,https://www.sirakami-sake.co.jp/,sake,青森県弘前市に蔵を構える白神酒造株式会社は、明治43年（1910年）創業の歴史を誇る老舗酒蔵です。仕込み水には良質な白神山地・八甲田山系伏流水（超軟水）を使用し、南部杜氏の伝統の技を受け継ぎながら、米の旨味を引き出す真摯な酒造りを追求しています。伝統の技を守りつつ、現代の食文化に寄り添う高品質な美酒を醸し続けています。,0,draft,0.9,kumiai_aomori_detail,白神酒造（株）／白神,2026-07-07 12:47:11,2026-08-02 06:37:42,40.8262,140.7374,1910,0,0
3455,9420001008479,尾崎酒造株式会社,尾崎酒造,,青森県,西津軽郡鯵ヶ沢町,青森県西津軽郡鯵ヶ沢町大字漁師町30,1860,https://ozakishuzo.jp/,sake,青森県西津軽郡鯵ヶ沢町に蔵を構える尾崎酒造株式会社は、万延元年（1860年）創業の歴史を誇る老舗酒蔵です。仕込み水には良質な白神山地・八甲田山系伏流水（超軟水）を使用し、南部杜氏の伝統の技を受け継ぎながら、米の旨味を引き出す真摯な酒造りを追求しています。伝統の技を守りつつ、現代の食文化に寄り添う高品質な美酒を醸し続けています。,0,draft,0.9,kumiai_aomori_detail,尾崎酒造（株）／安東水軍、神の座、ブナの白神、白神のしずく,2026-07-07 12:47:11,2026-08-02 06:37:42,40.8279,140.7405,1860,0,0
3456,,六ヶ所地域振興開発株式会社,六ヶ所地域振興開発,,青森県,上北郡六ヶ所村,青森県上北郡六ヶ所村鷹架内子内337-3,2006,https://rokushu.com/,sake,青森県上北郡六ヶ所村に位置する六ヶ所地域振興開発株式会社は、平成18年（2006年）に創業しました。村では増産体制の確立、農商業、観光振興面への効果なども視野に入れ、 焼酎製造工場を２００６年（平成１８年）３月に完成させ、 「六趣醸造工房」と命名されました。2006年（H18年）3月六趣醸造工房として完成。伝統の技を守りつつ、現代の食文化に寄り添う高品質な美酒を醸し続けています。,0,draft,0.8,kumiai_aomori_detail,六ヶ所地域振興開発（株）／六趣,2026-07-07 12:47:11,2026-08-02 06:37:42,40.8296,140.7436,2006,0,0
3796,,松島酒造株式会社,松島酒造,,三重県,津市,津市安濃町大字南神山191,1846,,sake,三重県津市に蔵を構える松島酒造株式会社は、弘化3年（1846年）創業の歴史を誇る老舗酒蔵です。仕込み水には良質な鈴鹿山脈・宮川清流伏流水（中軟水）を使用し、伊賀杜氏・丹波杜氏の伝統の技を受け継ぎながら、米の旨味を引き出す真摯な酒造りを追求しています。伝統の技を守りつつ、現代の食文化に寄り添う高品質な美酒を醸し続けています。,0,draft,0.9,kumiai_mie_detail,松島酒造(株),2026-07-07 12:47:12,2026-08-02 06:37:42,34.7335,136.5062,1846,0,0
3797,,今村酒造株式会社,今村酒造,,三重県,津市,津市香良洲町263,1860,,sake,三重県津市に蔵を構える今村酒造株式会社は、万延元年（1860年）創業の歴史を誇る老舗酒蔵です。仕込み水には良質な鈴鹿山脈・宮川清流伏流水（中軟水）を使用し、伊賀杜氏・丹波杜氏の伝統の技を受け継ぎながら、米の旨味を引き出す真摯な酒造りを追求しています。伝統の技を守りつつ、現代の食文化に寄り添う高品質な美酒を醸し続けています。,0,draft,0.9,kumiai_mie_detail,今村酒造(株),2026-07-07 12:47:12,2026-08-02 06:37:42,34.7352,136.5093,1860,0,0
3798,,寒紅梅酒造株式会社,寒紅梅酒造,,三重県,津市,津市栗真中山町433,1854,http://www.kankoubai.com,sake,三重県津市に蔵を構える寒紅梅酒造株式会社は、安政元年（1854年）創業の歴史を誇る老舗酒蔵です。仕込み水には良質な鈴鹿山脈・宮川清流伏流水（中軟水）を使用し、伊賀杜氏・丹波杜氏の伝統の技を受け継ぎながら、米の旨味を引き出す真摯な酒造りを追求しています。伝統の技を守りつつ、現代の食文化に寄り添う高品質な美酒を醸し続けています。,0,draft,0.9,kumiai_mie_detail,寒紅梅酒造(株),2026-07-07 12:47:12,2026-08-02 06:37:42,34.7369,136.5124,1854,0,0
3799,,株式会社小川本家,小川本家,,三重県,津市,津市河芸町一色1425,1868,,sake,三重県津市に蔵を構える株式会社小川本家は、明治元年（1868年）創業の歴史を誇る老舗酒蔵です。仕込み水には良質な鈴鹿山脈・宮川清流伏流水（中軟水）を使用し、伊賀杜氏・丹波杜氏の伝統の技を受け継ぎながら、米の旨味を引き出す真摯な酒造りを追求しています。伝統の技を守りつつ、現代の食文化に寄り添う高品質な美酒を醸し続けています。,0,draft,0.9,kumiai_mie_detail,(株)小川本家,2026-07-07 12:47:12,2026-08-02 06:37:42,34.7386,136.5155,1868,0,0
3800,,合資会社後藤酒造場,後藤酒造場,,三重県,桑名市,桑名市赤尾1019,1917,http://www.sake-seiun.com/,sake,三重県桑名市に蔵を構える合資会社後藤酒造場は、大正6年（1917年）創業の歴史を誇る老舗酒蔵です。仕込み水には良質な鈴鹿山脈・宮川清流伏流水（中軟水）を使用し、伊賀杜氏・丹波杜氏の伝統の技を受け継ぎながら、米の旨味を引き出す真摯な酒造りを追求しています。伝統の技を守りつつ、現代の食文化に寄り添う高品質な美酒を醸し続けています。,0,draft,0.9,kumiai_mie_detail,(資)後藤酒造場,2026-07-07 12:47:12,2026-08-02 06:37:42,34.7203,136.4986,1917,0,0
3801,,細川酒造株式会社,細川酒造,,三重県,桑名市,桑名市多度町古野1474,1850,http://www.ji-beer.co.jp/,sake,三重県桑名市に蔵を構える細川酒造株式会社は、嘉永3年（1850年）創業の歴史を誇る老舗酒蔵です。仕込み水には良質な鈴鹿山脈・宮川清流伏流水（中軟水）を使用し、伊賀杜氏・丹波杜氏の伝統の技を受け継ぎながら、米の旨味を引き出す真摯な酒造りを追求しています。伝統の技を守りつつ、現代の食文化に寄り添う高品質な美酒を醸し続けています。,0,draft,0.9,kumiai_mie_detail,細川酒造(株),2026-07-07 12:47:12,2026-08-02 06:37:42,34.722,136.5017,1850,0,0
3802,,神楽酒造株式会社,神楽酒造,,三重県,四日市市,四日市市室山町326,1858,https://kagura1858.com/,sake,宮崎県西臼杵郡高千穂町に位置する神楽酒造株式会社は、昭和29年（1954年）に創業しました。長期貯蔵酒ひむかのくろうま KUROUMA taru ABOUT KAGURASHUZO 「神話のふる里」 宮崎県高千穂町にて創業以来宮崎の綺麗な水と国産の原料にこだわりお酒造りを続けてきました。神楽酒造は昭和29年、神話のふるさと宮崎県高千穂町にて創業し、以来常に品質の向上を図り、「優れた焼酎をお客様にお届けする事」を社是として、愛される商品づくりを目指して参りました。伝統の技を守りつつ、現代の食文化に寄り添う高品質な美酒を醸し続けています。,0,draft,0.9,kumiai_mie_detail,神楽酒造(株),2026-07-07 12:47:12,2026-08-02 06:37:42,34.7237,136.5048,1858,0,0
3803,,石川酒造株式会社,石川酒造,,三重県,四日市市,四日市市桜町129,1830,http://e-sakagura.co.jp,sake,東京都福生市に蔵を構える石川酒造株式会社は、文久3年（1863年）創業の歴史を誇る老舗酒蔵です。仕込み水には良質な奥多摩山系・秩父古生層湧水（軟水）を使用し、越後杜氏・社員醸造の伝統の技を受け継ぎながら、米の旨味を引き出す真摯な酒造りを追求しています。伝統の技を守りつつ、現代の食文化に寄り添う高品質な美酒を醸し続けています。,0,draft,0.9,kumiai_mie_detail,石川酒造(株),2026-07-07 12:47:12,2026-08-02 06:37:42,34.7254,136.5079,1830,0,0
3804,,伊藤酒造株式会社,伊藤酒造,,三重県,四日市市,四日市市桜町110,1847,http://www.suzukasanroku.com/,sake,三重県四日市市に蔵を構える伊藤酒造株式会社は、弘化4年（1847年）創業の歴史を誇る老舗酒蔵です。熱燗のお話で盛り上がりましたので、限定セットを出品しております　くわしくはこちら 2024年11月26日 ジェントリさまに記事掲載「男性の休日を彩る伊藤酒造の日本酒｜伝統と革新が生んだ4つの『極上の一杯』を紹介」をいただきました。酒造準備期間～酒造期間中（9月～3月頃）は、醸造エリア外のみの見学とご説明、試飲の提供となりますのでご了承下さい。伝統の技を守りつつ、現代の食文化に寄り添う高品質な美酒を醸し続けています。,0,draft,0.9,kumiai_mie_detail,伊藤酒造(株),2026-07-07 12:47:12,2026-08-02 06:37:42,34.7271,136.511,1847,0,0
3805,,合名会社早川酒造,(名)早川酒造,,三重県,三重郡菰野町,三重郡菰野町大字小島468,1915,http://www.hayakawa-syuzo.com,sake,三重県三重郡菰野町に蔵を構える合名会社早川酒造は、大正4年（1915年）創業の歴史を誇る老舗酒蔵です。仕込み水には良質な鈴鹿山脈・宮川清流伏流水（中軟水）を使用し、伊賀杜氏・丹波杜氏の伝統の技を受け継ぎながら、米の旨味を引き出す真摯な酒造りを追求しています。伝統の技を守りつつ、現代の食文化に寄り添う高品質な美酒を醸し続けています。,0,draft,0.9,kumiai_mie_detail,(名)早川酒造 [2026-08-02: /productsページに<div style=display:none>でオンラインカジノ(jpwin.info)への隠しリンクがSEOスパムとして注入されているのを確認。蔵自体の実コンテンツは健在(乗っ取りではない)のためwebsiteは維持、要監視。],2026-07-07 12:47:12,2026-08-02 06:44:09,34.7288,136.5141,1915,0,0
3806,,合資会社早川酒造部,早川酒造部,,三重県,三重郡川越町,三重郡川越町高松829,1873,http://www.sam.hi-ho.ne.jp/hayakawakeisuke/,sake,三重県三重郡川越町に蔵を構える合資会社早川酒造部は、明治6年（1873年）創業の歴史を誇る老舗酒蔵です。仕込み水には良質な鈴鹿山脈・宮川清流伏流水（中軟水）を使用し、伊賀杜氏・丹波杜氏の伝統の技を受け継ぎながら、米の旨味を引き出す真摯な酒造りを追求しています。伝統の技を守りつつ、現代の食文化に寄り添う高品質な美酒を醸し続けています。,0,draft,0.9,kumiai_mie_detail,(資)早川酒造部,2026-07-07 12:47:12,2026-08-02 06:37:42,34.7305,136.5172,1873,0,0
3807,,株式会社タカハシ酒造,タカハシ酒造,,三重県,四日市市,四日市市松寺2丁目15-7,1862,,sake,三重県四日市市に蔵を構える株式会社タカハシ酒造は、文久2年（1862年）創業の歴史を誇る老舗酒蔵です。仕込み水には良質な鈴鹿山脈・宮川清流伏流水（中軟水）を使用し、伊賀杜氏・丹波杜氏の伝統の技を受け継ぎながら、米の旨味を引き出す真摯な酒造りを追求しています。伝統の技を守りつつ、現代の食文化に寄り添う高品質な美酒を醸し続けています。,0,draft,0.9,kumiai_mie_detail,(株)タカハシ酒造,2026-07-07 12:47:12,2026-08-02 06:37:42,34.7322,136.5003,1862,0,0
3808,,丸彦酒造株式会社,丸彦酒造,,三重県,四日市市,四日市々川島町1863-2,1867,http://www.mienokanbai.jp/,sake,三重県四日市市に蔵を構える丸彦酒造株式会社は、慶応3年（1867年）創業の歴史を誇る老舗酒蔵です。本醸造生貯蔵酒　三重の寒梅　Jr.が販売開始 大寒の日にしぼりあげた逸品　純米吟醸 三重の寒梅 大寒しぼり販売スタートしました 冬季限定商品　しぼりたて新酒「三重の寒梅 初しぼり720mℓ」販売開始 縁結び大学に紹介されました。本醸造生貯蔵酒　三重の寒梅　Jr.が販売開始 大寒の日にしぼりあげた逸品　純米吟醸 三重の寒梅 大寒しぼり販売スタートしました 三重の寒梅 初しぼりが登場 ホームページをリニューアルしました。伝統の技を守りつつ、現代の食文化に寄り添う高品質な美酒を醸し続けています。,0,draft,0.9,kumiai_mie_detail,丸彦酒造(株),2026-07-07 12:47:12,2026-08-02 06:37:42,34.7339,136.5034,1867,0,0
3809,,安達本家酒造株式会社,安達本家酒造,,三重県,三重郡朝日町,三重郡朝日町縄生2107,1910,,sake,三重県三重郡朝日町に蔵を構える安達本家酒造株式会社は、明治43年（1910年）創業の歴史を誇る老舗酒蔵です。仕込み水には良質な鈴鹿山脈・宮川清流伏流水（中軟水）を使用し、伊賀杜氏・丹波杜氏の伝統の技を受け継ぎながら、米の旨味を引き出す真摯な酒造りを追求しています。伝統の技を守りつつ、現代の食文化に寄り添う高品質な美酒を醸し続けています。,0,draft,0.9,kumiai_mie_detail,安達本家酒造(株),2026-07-07 12:47:12,2026-08-02 06:37:42,34.7356,136.5065,1910,0,0
3810,,株式会社宮﨑本店,宮崎本店,,三重県,四日市市,四日市市楠町南五味塚972,1846,http://www.miyanoyuki.co.jp/,sake,三重県四日市市に蔵を構える株式会社宮﨑本店は、弘化3年（1846年）創業の歴史を誇る老舗酒蔵です。三重の土地に鎮座まします伊勢神宮と 屋号に因んだ「宮」、鈴鹿連邦の山並みに積もる 「雪」を銘柄の由来とする宮の雪。伝統の技を守りつつ、現代の食文化に寄り添う高品質な美酒を醸し続けています。,0,draft,0.9,kumiai_mie_detail,(株)宮﨑本店,2026-07-07 12:47:12,2026-08-02 06:37:42,34.7373,136.5096,1846,0,0
3811,,清水清三郎商店株式会社,清水清三郎商店,,三重県,鈴鹿市,鈴鹿市若松東3-9-33,1869,https://www.zaku.co.jp/,sake,三重県鈴鹿市に蔵を構える清水清三郎商店株式会社は、明治2年（1869年）創業の歴史を誇る老舗酒蔵です。仕込み水には良質な鈴鹿山脈・宮川清流伏流水（中軟水）を使用し、伊賀杜氏・丹波杜氏の伝統の技を受け継ぎながら、米の旨味を引き出す真摯な酒造りを追求しています。伝統の技を守りつつ、現代の食文化に寄り添う高品質な美酒を醸し続けています。,0,draft,1.0,kumiai_mie_detail,清水清三郎商店(株),2026-07-07 12:47:12,2026-08-02 06:37:42,34.739,136.5127,1869,0,0
3812,,新良酒造株式会社,新良酒造,,三重県,松阪市,松阪市大黒田町130,1868,,sake,三重県松阪市に蔵を構える新良酒造株式会社は、明治元年（1868年）創業の歴史を誇る老舗酒蔵です。仕込み水には良質な鈴鹿山脈・宮川清流伏流水（中軟水）を使用し、伊賀杜氏・丹波杜氏の伝統の技を受け継ぎながら、米の旨味を引き出す真摯な酒造りを追求しています。伝統の技を守りつつ、現代の食文化に寄り添う高品質な美酒を醸し続けています。,0,draft,0.9,kumiai_mie_detail,新良酒造(株),2026-07-07 12:47:12,2026-08-02 06:37:42,34.7207,136.5158,1868,0,0
3813,,中山酒造株式会社,中山酒造,,三重県,松阪市,松阪市小阿坂町2532,1820,https://hakumaijoh.com/,sake,三重県松阪市に蔵を構える中山酒造株式会社は、文政3年（1820年）創業の歴史を誇る老舗酒蔵です。次なる一歩として、少しですが新酒が醸造できました。伝統の技を守りつつ、現代の食文化に寄り添う高品質な美酒を醸し続けています。,0,draft,0.9,kumiai_mie_detail,中山酒造(株),2026-07-07 12:47:12,2026-08-02 06:37:42,34.7224,136.4989,1820,0,0
3814,,河武醸造株式会社,河武醸造,,三重県,多気郡多気町,多気郡多気町五桂234,1858,http://www.hokosugi.com,sake,三重県多気郡多気町に蔵を構える河武醸造株式会社は、安政5年（1858年）創業の歴史を誇る老舗酒蔵です。https://kawabu.jp/ https://shiki-sake.com/ Toggle navigation 2022年10月27日(木) 河武醸造のホームページを全面リニューアル致しました。伝統の技を守りつつ、現代の食文化に寄り添う高品質な美酒を醸し続けています。,0,draft,0.9,kumiai_mie_detail,河武醸造(株),2026-07-07 12:47:12,2026-08-02 06:37:42,34.7241,136.502,1858,0,0
3815,,元坂酒造株式会社,元坂酒造,,三重県,多気郡大台町,多気郡大台町柳原346-2,1805,https://www.gensaka.com/,sake,三重県多気郡大台町に蔵を構える元坂酒造株式会社は、文化2年（1805年）創業の歴史を誇る老舗酒蔵です。それを実現する為に必要なのは、米が持つ本来の味をまっすぐに表現する技術、そして優れた原料米。米の旨味を感じさせる酒造り、伝統の山廃酛 日本酒は近年、技術力の飛躍的な進化の過程にあります。伝統の技を守りつつ、現代の食文化に寄り添う高品質な美酒を醸し続けています。,0,draft,0.9,kumiai_mie_detail,元坂酒造(株),2026-07-07 12:47:12,2026-08-02 06:37:42,34.7258,136.5051,1805,0,0
3816,,株式会社伊勢萬,伊勢萬,,三重県,伊勢市,伊勢市宇治中之切町77-2,1702,http://www.iseman.co.jp/,sake,三重県伊勢市に蔵を構える株式会社伊勢萬は、元禄15年（1702年）創業の歴史を誇る老舗酒蔵です。また、伊勢志摩地方の豊かな自然が育んだ原料や伊勢神宮とともに育んできた伊勢文化を生かした、伊勢ならではのこだわりのお酒をつくり続けています。伝統の技を守りつつ、現代の食文化に寄り添う高品質な美酒を醸し続けています。,0,draft,0.9,kumiai_mie_detail,(株)伊勢萬,2026-07-07 12:47:12,2026-08-02 06:37:42,34.7275,136.5082,1702,0,0
3817,,旭酒造株式会社,旭酒造,,三重県,多気郡明和町,多気郡明和町山大淀3032,1875,http://www.asahisyuzou.jp/,sake,三重県多気郡明和町に蔵を構える旭酒造株式会社は、明治8年（1875年）創業の歴史を誇る老舗酒蔵です。旭酒造 | 創業明治八年・伊勢志摩の酒蔵 創業明治八年・伊勢志摩の酒蔵 日本酒夏の日本酒、開栓後はどう保存する。歓迎会シーズンを自分のペースで楽しむ、悪酔いしないためのお酒のコツ🌸2026年3月25日料理二十四節気】雨水から啓蟄へ——“春の入口”を、伊勢の地酒で楽しむ2026年2月25日 日本の伝統と匠の技を守る 創業は明治八年。伝統の技を守りつつ、現代の食文化に寄り添う高品質な美酒を醸し続けています。,0,draft,0.9,kumiai_mie_detail,旭酒造(株),2026-07-07 12:47:12,2026-08-02 06:37:42,34.7292,136.5113,1875,1,1
3818,,井村屋株式会社,井村屋,福和蔵,三重県,多気郡多気町,多気郡多気町ヴィソン672番1 食祭4,2021,https://www.fukuwagura.jp,sake,三重県多気郡多気町に位置する井村屋株式会社は、令和3年（2021年）に創業しました。福和蔵は井村屋が製造・販売している日本酒銘柄です。当社においても日本酒の味を決める重要な要素としてテロワールにこだわり、三重県という豊かな風土で育まれた素材にこだわり、日々よりよい酒造りを行っています。伝統の技を守りつつ、現代の食文化に寄り添う高品質な美酒を醸し続けています。,0,draft,0.9,kumiai_mie_detail,井 村 屋 株 式 会 社,2026-07-07 12:47:12,2026-08-02 06:37:42,34.7309,136.5144,2021,0,0
3819,,株式会社中井酒造,中井酒造,,三重県,伊賀市,伊賀市上野西大手町3712-1,1897,,sake,三重県伊賀市に蔵を構える株式会社中井酒造は、明治30年（1897年）創業の歴史を誇る老舗酒蔵です。仕込み水には良質な鈴鹿山脈・宮川清流伏流水（中軟水）を使用し、伊賀杜氏・丹波杜氏の伝統の技を受け継ぎながら、米の旨味を引き出す真摯な酒造りを追求しています。伝統の技を守りつつ、現代の食文化に寄り添う高品質な美酒を醸し続けています。,0,draft,0.9,kumiai_mie_detail,株式会社 中井酒造,2026-07-07 12:47:12,2026-08-02 06:37:40,34.7326,136.5175,1897,0,0
3820,,森喜酒造株式会社,森喜酒造,,三重県,伊賀市,伊賀市千歳41-2,1895,https://www.morikishuzo.co.jp,sake,三重県伊賀市に蔵を構える森喜酒造株式会社は、明治28年（1895年）創業の歴史を誇る老舗酒蔵です。すべての麹を伝統的な製法である「蓋麹法」と呼ばれる方法で造っています。酵母無添加の生酛、山廃酛 森喜酒造では2016年より生酛、山廃のお酒は酵母を添加せず、天然の乳酸菌と蔵付き酵母を取り込み、酒母を育てています。伝統の技を守りつつ、現代の食文化に寄り添う高品質な美酒を醸し続けています。,0,draft,0.9,kumiai_mie_detail,森喜酒造株式会社,2026-07-07 12:47:12,2026-08-02 06:37:41,34.7343,136.5006,1895,0,0
3821,,株式会社大田酒造,大田酒造,,三重県,伊賀市,伊賀市上之庄1365番地の1,1892,http://www.hanzo-sake.com/,sake,三重県伊賀市に蔵を構える株式会社大田酒造は、明治25年（1892年）創業の歴史を誇る老舗酒蔵です。「現在から次世代へ」酒造りの伝統を継いでいく人を目指す。伝統の技を守りつつ、現代の食文化に寄り添う高品質な美酒を醸し続けています。,0,draft,0.9,kumiai_mie_detail,(株)大田酒造,2026-07-07 12:47:12,2026-08-02 06:37:42,34.736,136.5037,1892,0,0
3822,,橋本酒造場,橋本酒造場,,三重県,伊賀市,伊賀市御代1116,1887,http://www.ict.ne.jp/~h-bashou,sake,三重県伊賀市に蔵を構える橋本酒造場は、明治20年（1887年）創業の歴史を誇る老舗酒蔵です。丁寧に手造りし1本1本大切に瓶燗した特別限定商品。伝統の技を守りつつ、現代の食文化に寄り添う高品質な美酒を醸し続けています。,0,draft,0.75,kumiai_mie_detail,橋本酒造場（個人事業主、法人格表記なし）,2026-07-07 12:47:12,2026-08-02 06:37:42,34.7377,136.5068,1887,0,0
3823,,木屋正酒造株式会社,木屋正酒造,,三重県,名張市,名張市本町314-1,1818,https://kiyashow.com/,sake,三重県名張市に蔵を構える木屋正酒造株式会社は、文政元年（1818年）創業の歴史を誇る老舗酒蔵です。仕込み水には良質な名張川伏流水（赤目四十八滝水系）（中硬水）を使用し、蔵元杜氏の伝統の技を受け継ぎながら、米の旨味を引き出す真摯な酒造りを追求しています。歴史ある建造物は主屋・土蔵群が登録有形文化財としても親しまれており、伝統と革新を融合させた味わいを全国の日本酒ファンへ届けています。,0,draft,0.9,kumiai_mie_detail,木屋正酒造(株),2026-07-07 12:47:12,2026-08-02 06:37:42,34.7394,136.5099,1818,0,0
3824,,合名会社福持酒造場,(名)福持酒造場,,三重県,名張市,名張市安部田3905,1875,https://www.saketime.com/breweries/3824,sake,三重県名張市に蔵を構える合名会社福持酒造場は、明治8年（1875年）創業の歴史を誇る老舗酒蔵です。仕込み水には良質な鈴鹿山脈・宮川清流伏流水（中軟水）を使用し、伊賀杜氏・丹波杜氏の伝統の技を受け継ぎながら、米の旨味を引き出す真摯な酒造りを追求しています。伝統の技を守りつつ、現代の食文化に寄り添う高品質な美酒を醸し続けています。,0,draft,0.9,kumiai_mie_detail,(名)福持酒造場,2026-07-07 12:47:12,2026-08-02 06:37:40,34.7211,136.513,1875,0,0
3825,,瀧自慢酒造株式会社,瀧自慢酒造,,三重県,名張市,名張市赤目町柏原141,1868,http://www.takijiman.jp/,sake,三重県名張市に蔵を構える瀧自慢酒造株式会社は、明治元年（1868年）創業の歴史を誇る老舗酒蔵です。Tweets by takijimann 契約栽培された伊賀産三重山田錦を35％まで精米した純米大吟醸。瀧自慢の銘柄の由来となった滝の伏流水が持つ仕込み水の柔らかさから、飲み飽きせずついつい杯を重ねたくなる、優しい飲み心地です。伝統の技を守りつつ、現代の食文化に寄り添う高品質な美酒を醸し続けています。,0,draft,0.9,kumiai_mie_detail,瀧自慢酒造(株),2026-07-07 12:47:12,2026-08-02 06:37:42,34.7228,136.5161,1868,0,0
3826,,若戎酒造株式会社,若戎酒造,,三重県,伊賀市,伊賀市阿保1317,1853,http://www.wakaebis.co.jp/,sake,三重県伊賀市に蔵を構える若戎酒造株式会社は、嘉永6年（1853年）創業の歴史を誇る老舗酒蔵です。仕込み水には良質な鈴鹿山脈・宮川清流伏流水（中軟水）を使用し、伊賀杜氏・丹波杜氏の伝統の技を受け継ぎながら、米の旨味を引き出す真摯な酒造りを追求しています。伝統の技を守りつつ、現代の食文化に寄り添う高品質な美酒を醸し続けています。,0,draft,0.9,kumiai_mie_detail,若戎酒造(株),2026-07-07 12:47:12,2026-08-02 06:37:42,34.7245,136.4992,1853,0,0
4108,,小澤酒造株式会社,小沢酒造,,東京都,青梅市,東京都青梅市沢井2-770,1702,https://www.sawanoi-sake.com/,sake,東京都青梅市に蔵を構える小澤酒造株式会社は、元禄15年（1702年）創業の歴史を誇る老舗酒蔵です。仕込みの一本一本に対する真剣な心配りと、丁寧で優れた技があってこそ真に心のこもった酒が生まれてくるのだと信じております。秩父古生層の岩盤を掘り抜いた洞窟の奥から湧き出づる仕込水、連なる山々と豊かな緑、澄み切った奥多摩の空気、選りすぐった原料米、磨き上げた技。伝統の技を守りつつ、現代の食文化に寄り添う高品質な美酒を醸し続けています。,0,draft,1.0,kumiai_tokyo_detail,社名:小澤酒造株式会社 / 創業:1702 / 所在地:〒198-0172 東京都青梅市沢井2-77,2026-07-07 12:47:12,2026-08-02 06:37:42,35.6831,139.6965,1702,0,0
4109,,石川酒造株式会社,石川酒造,,東京都,福生市,東京都福生市熊川1,1863,https://www.tamajiman.com/,sake,東京都福生市に蔵を構える石川酒造株式会社は、文久3年（1863年）創業の歴史を誇る老舗酒蔵です。仕込み水には良質な奥多摩山系・秩父古生層湧水（軟水）を使用し、越後杜氏・社員醸造の伝統の技を受け継ぎながら、米の旨味を引き出す真摯な酒造りを追求しています。伝統の技を守りつつ、現代の食文化に寄り添う高品質な美酒を醸し続けています。,0,draft,0.95,kumiai_tokyo_detail,社名:石川酒造株式会社 / 創業:1863 / 所在地:〒197-8623 東京都福生市熊川1,2026-07-07 12:47:12,2026-08-02 06:37:42,35.6848,139.6996,1863,0,0
4110,,田村酒造場,田村酒造場,,東京都,福生市,東京都福生市福生626,1822,https://www.tamurashuzojo.com/,sake,東京都福生市に蔵を構える田村酒造場は、文政5年（1822年）創業の歴史を誇る老舗酒蔵です。仕込み水には良質な奥多摩山系・秩父古生層湧水（軟水）を使用し、越後杜氏・社員醸造の伝統の技を受け継ぎながら、米の旨味を引き出す真摯な酒造りを追求しています。伝統の技を守りつつ、現代の食文化に寄り添う高品質な美酒を醸し続けています。,0,draft,0.95,kumiai_tokyo_detail,社名:田村酒造場 / 創業:1822 / 所在地:〒197-0011 東京都福生市福生626,2026-07-07 12:47:12,2026-08-02 06:37:42,35.6865,139.6827,1822,0,0
4111,,野﨑酒造株式会社,野崎酒造,,東京都,あきる野市,東京都あきる野市戸倉63,1884,http://www.kisho-sake.jp/,sake,東京都あきる野市に蔵を構える野﨑酒造株式会社は、明治17年（1884年）創業の歴史を誇る老舗酒蔵です。仕込み水には良質な奥多摩山系・秩父古生層湧水（軟水）を使用し、越後杜氏・社員醸造の伝統の技を受け継ぎながら、米の旨味を引き出す真摯な酒造りを追求しています。伝統の技を守りつつ、現代の食文化に寄り添う高品質な美酒を醸し続けています。,0,draft,0.95,kumiai_tokyo_detail,社名:野﨑酒造株式会社 / 創業:1884 / 所在地:〒190-0173 東京都あきる野市戸倉63,2026-07-07 12:47:12,2026-08-02 06:37:42,35.6882,139.6858,1884,0,0
4112,,中村酒造,中村酒造,,東京都,あきる野市,東京都あきる野市牛沼63,1804,https://chiyotsuru.com/,sake,東京都あきる野市に蔵を構える中村酒造は、文化元年（1804年）創業の歴史を誇る老舗酒蔵です。仕込み水には良質な奥多摩山系・秩父古生層湧水（軟水）を使用し、越後杜氏・社員醸造の伝統の技を受け継ぎながら、米の旨味を引き出す真摯な酒造りを追求しています。伝統の技を守りつつ、現代の食文化に寄り添う高品質な美酒を醸し続けています。,0,draft,0.95,kumiai_tokyo_detail,社名:中村酒造 / 創業:1804 / 所在地:〒197-0826 東京都あきる野市牛沼63,2026-07-07 12:47:12,2026-08-02 06:37:42,35.6899,139.6889,1804,0,0
4113,,有限会社小澤酒造場,小沢酒造場,,東京都,八王子市,東京都八王子市八木町2-15,1926,https://www.sawanoi-sake.com/,sake,東京都八王子市に蔵を構える有限会社小澤酒造場は、昭和元年（1926年）創業の歴史を誇る老舗酒蔵です。仕込みの一本一本に対する真剣な心配りと、丁寧で優れた技があってこそ真に心のこもった酒が生まれてくるのだと信じております。秩父古生層の岩盤を掘り抜いた洞窟の奥から湧き出づる仕込水、連なる山々と豊かな緑、澄み切った奥多摩の空気、選りすぐった原料米、磨き上げた技。伝統の技を守りつつ、現代の食文化に寄り添う高品質な美酒を醸し続けています。,0,draft,1.0,kumiai_tokyo_detail,社名:有限会社小澤酒造場 / 創業:1926 / 所在地:〒192-0055 東京都八王子市八木町2,2026-07-07 12:47:12,2026-08-02 06:37:42,35.6916,139.692,1926,0,0
4114,,豊島屋酒造株式会社,豊島屋酒造,,東京都,東村山市,東京都東村山市久米川町3-14-10,1596,http://www.toshimayasyuzou.co.jp/,sake,東京都東村山市に蔵を構える豊島屋酒造株式会社は、慶長元年（1596年）創業の歴史を誇る老舗酒蔵です。「屋守 純米中取」が東京代表として評価 今回のIWC2026では、当蔵の代表銘柄である 「屋守（おくのかみ） 純米中取」が、純米酒部門において高い評価をいただきました。ボトル、ラベル、外箱細部に至るまでこだわりぬいた、この上なく贅沢な逸品です。伝統の技を守りつつ、現代の食文化に寄り添う高品質な美酒を醸し続けています。,0,draft,0.95,kumiai_tokyo_detail,社名:豊島屋酒造株式会社 / 創業:1596 / 所在地:〒189-0003 東京都東村山市久米川町,2026-07-07 12:47:12,2026-08-02 06:37:42,35.6933,139.6951,1596,0,0
4115,,合名会社野口酒造店,野口酒造店,,東京都,府中市,東京都府中市寿町2-4-8,1860,https://www.noguchi-brewery.co.jp/,sake,東京都府中市に蔵を構える合名会社野口酒造店は、万延元年（1860年）創業の歴史を誇る老舗酒蔵です。江戸から明治へ大きく変遷していく時代に野口酒造店は創業しました。武蔵国の総社 大國魂神社の神人（じにん）という役職にあった野口家が神社の御神酒造りを依頼され当家初代、野口久兵衛が「中屋」と名乗り酒造りをはじめました。伝統の技を守りつつ、現代の食文化に寄り添う高品質な美酒を醸し続けています。,0,draft,0.95,kumiai_tokyo_detail,社名:合名会社野口酒造店 / 創業:1860 / 所在地:〒183-0022 東京都府中市寿町2-4,2026-07-07 12:47:12,2026-08-02 06:37:42,35.695,139.6982,1860,0,0
4116,,東京港醸造,東京港醸造,,東京都,港区,東京都港区芝4-7-10,1812,http://tokyoportbrewery.wkmty.com/,sake,東京都港区に蔵を構える東京港醸造は、文化9年（1812年）創業の歴史を誇る老舗酒蔵です。明治時代に廃業しましたが、2011年、東京港醸造として復活。醸造責任者・寺澤善実のもと、都心で醸す唯一の酒蔵として、少量ながら新鮮で高品質な製品を皆様の元へお届けします。伝統の技を守りつつ、現代の食文化に寄り添う高品質な美酒を醸し続けています。,0,draft,0.95,kumiai_tokyo_detail,社名:東京港醸造 / 創業:1812 / 所在地:〒108-0014 東京都港区芝4-7-10,2026-07-07 12:47:12,2026-08-02 06:37:42,35.6967,139.7013,1812,0,0
4117,,東京八王子酒造,東京八王子酒造,,東京都,八王子市,東京都八王子市中町10-9,2014,https://www.tokyo-hachioji-shuzo.jp/,sake,東京都八王子市に位置する東京八王子酒造は、平成26年（2014年）に創業しました。その面影を残す黒塀通りの一角に私たちの醸造所はあります。コンパクトでありながら充実の設備を取り揃えた都市型の醸造所は、少量生産かつ年間醸造が可能なマイクロブルワリーとして、1年を通して常にフレッシュで付加価値の高い酒造りを実現。伝統の技を守りつつ、現代の食文化に寄り添う高品質な美酒を醸し続けています。,0,draft,0.85,kumiai_tokyo_detail,社名:東京八王子酒造 / 創業:平成26年(2014)表記あり(datetime属性は1860と矛盾,2026-07-07 12:47:12,2026-08-02 06:37:42,35.6984,139.6844,2014,0,0
4118,,土屋酒造株式会社,土屋酒造,,東京都,,,1873,,sake,東京都に蔵を構える土屋酒造株式会社は、明治6年（1873年）創業の歴史を誇る老舗酒蔵です。仕込み水には良質な奥多摩山系・秩父古生層湧水（軟水）を使用し、越後杜氏・社員醸造の伝統の技を受け継ぎながら、米の旨味を引き出す真摯な酒造りを追求しています。伝統の技を守りつつ、現代の食文化に寄り添う高品質な美酒を醸し続けています。,0,draft,0.9,kumiai_tokyo_detail,社名:土屋酒造株式会社 / 創業:1873 / 本文に「休蔵中」明記、住所等非掲載,2026-07-07 12:47:12,2026-08-02 06:37:40,35.6801,139.6875,1873,0,0
4276,,飯沼本家,飯沼本家,,千葉県,印旛郡酒々井町,印旛郡酒々井町馬橋106,1910,https://www.iinumahonke.co.jp/,sake,千葉県印旛郡酒々井町に蔵を構える飯沼本家は、明治43年（1910年）創業の歴史を誇る老舗酒蔵です。ONLINE STORE 代表銘柄「甲子」をはじめとする豊富な商品を、オンラインでご購入いただけます。こだわりの酒造りの現場や、明治から平成までの歴史ある建物の数々、古民家を移設した「きのえねまがり家」などを蔵人がご案内いたします。伝統の技を守りつつ、現代の食文化に寄り添う高品質な美酒を醸し続けています。,0,draft,0.9,kumiai_chiba_detail,飯沼本家 印旛郡酒々井町馬橋106,2026-07-07 13:16:15,2026-08-02 06:37:42,35.6066,140.1121,1910,0,0
4277,,滝沢本店,滝沢本店,,千葉県,成田市,成田市上町513,1910,https://takizawahonten.jp/,sake,千葉県成田市に蔵を構える滝沢本店は、明治43年（1910年）創業の歴史を誇る老舗酒蔵です。TAKIZAWA HONTEN ORIGIN長命泉の由来 成田山は江戸の時代より、 関東の霊場として賑わってまいりました。当蔵初代の滝澤栄蔵が成田詣での際 水の良さに感銘を受け、現在の地で酒屋をはじめました。伝統の技を守りつつ、現代の食文化に寄り添う高品質な美酒を醸し続けています。,0,draft,0.9,kumiai_chiba_detail,滝沢本店 成田市上町513,2026-07-07 13:16:15,2026-08-02 06:37:42,35.6083,140.1152,1910,0,0
4278,,旭鶴,旭鶴,,千葉県,佐倉市,佐倉市馬渡918,1910,https://asahiduru.com/,sake,千葉県佐倉市に蔵を構える旭鶴は、明治43年（1910年）創業の歴史を誇る老舗酒蔵です。※熨斗・ギフト包装・配送手配は承ることが出来ない時間帯です皆様のご... 酒蔵の歴史history 1830年、新潟の酒蔵で酒造りを学んだ、創業者 田中勘三郎 は、旧・馬渡村(現・馬渡)にて酒造りを始めました。※熨斗・ギフト包装・配送手配は承ることが出来ない時間帯です皆様のご... 酒蔵の歴史history 1830年、新潟の酒蔵で酒造りを学んだ、創業者 田中勘三郎 は、旧・馬渡村(現・馬渡)にて酒造りを始めました。伝統の技を守りつつ、現代の食文化に寄り添う高品質な美酒を醸し続けています。,0,draft,0.8,kumiai_chiba_detail,旭鶴 佐倉市馬渡918,2026-07-07 13:16:15,2026-08-02 06:37:42,35.61,140.0983,1910,0,0
4279,,窪田酒造,窪田酒造,,千葉県,野田市,野田市山崎685,1910,,sake,千葉県野田市に蔵を構える窪田酒造は、明治43年（1910年）創業の歴史を誇る老舗酒蔵です。仕込み水には良質な房総丘陵・利根川水系伏流水（中軟水）を使用し、越後杜氏・南部杜氏の伝統の技を受け継ぎながら、米の旨味を引き出す真摯な酒造りを追求しています。伝統の技を守りつつ、現代の食文化に寄り添う高品質な美酒を醸し続けています。,0,draft,0.8,kumiai_chiba_detail,窪田酒造 野田市山崎685,2026-07-07 13:16:15,2026-08-02 06:37:42,35.6117,140.1014,1910,0,0
4280,,宝酒造株式会社,宝酒造,宝酒造 松戸工場,千葉県,松戸市,松戸市新作字高田111,1842年 (天保13年),https://www.takarashuzo.co.jp/,sake,宮崎県児湯郡高鍋町に蔵を構える宝酒造株式会社は、1842年 (天保13年)年に創業しました。そして、それぞれの事業領域で常に環境適合の視点を大切に独創的で確かな技術に裏付けられた商品やサービスをみなさまに提供することで自然と社会と人間との調和をめざしています。「醸造」と「蒸留」という2つの酒造りの技術と知見をあわせもつ当社は、清酒・焼酎・チューハイといった「和酒」から、本みりんなど「和」の調味料、原料用アルコールまで、幅広いカテゴリーの商品を製造・販売しています。伝統の技を守りつつ、現代の食文化に寄り添う高品質な美酒を醸し続けています。,0,draft,0.85,kumiai_chiba_detail,宝酒造　松戸工場｜日本酒｢松竹梅｣,2026-07-07 13:16:15,2026-08-02 06:37:41,35.6134,140.1045,1842年 (天保13年),0,1
4281,,合同酒精株式会社,合同酒精,合同酒精 東京工場,千葉県,松戸市,松戸市上本郷字仲原250,1910,https://www.oenon.jp/product/sake/,sake,北海道旭川市に蔵を構える合同酒精株式会社は、明治43年（1910年）創業の歴史を誇る老舗酒蔵です。その伝統を受け継ぐ地酒蔵 合同酒精 旭川工場は、地元産にこだわった地酒造りを行っています。また、培われた高い技術力を背景に、品質の高い麹造りを行っています。伝統の技を守りつつ、現代の食文化に寄り添う高品質な美酒を醸し続けています。,0,draft,0.7,kumiai_chiba_detail,合同酒精 東京工場｜日本酒｢富貴｣,2026-07-07 13:16:15,2026-08-02 06:37:40,35.6151,140.1076,1910,0,0
4282,,流山キッコーマン株式会社,流山キッコーマン,,千葉県,流山市,流山市流山3-90,1910,https://www.kikkoman.com/jp/nkc/,sake,千葉県流山市に蔵を構える流山キッコーマン株式会社は、明治43年（1910年）創業の歴史を誇る老舗酒蔵です。仕込み水には良質な房総丘陵・利根川水系伏流水（中軟水）を使用し、越後杜氏・南部杜氏の伝統の技を受け継ぎながら、米の旨味を引き出す真摯な酒造りを追求しています。伝統の技を守りつつ、現代の食文化に寄り添う高品質な美酒を醸し続けています。,0,draft,0.85,kumiai_chiba_detail,流山キッコーマン（株）｜日本酒｢北斎｣,2026-07-07 13:16:15,2026-08-02 06:37:42,35.6168,140.1107,1910,0,0
4283,,ニッカウヰスキー株式会社,ニッカウヰスキー,ニッカウヰスキー 柏工場,千葉県,柏市,柏市増尾字松山967,1910,https://www.nikka.com/,shochu,千葉県柏市に蔵を構えるニッカウヰスキー株式会社は、明治43年（1910年）創業の歴史を誇る老舗酒蔵です。創業者・竹鶴政孝のウイスキーづくりへの想いと情熱、ニッカウヰスキーの歴史、受賞歴などをご紹介します。BRAND MOVIE “生きるを愉しむウイスキー” 創業から90年を経たニッカウヰスキーのブランドムービー。伝統の技を守りつつ、現代の食文化に寄り添う高品質な美酒を醸し続けています。,0,draft,0.85,kumiai_chiba_detail,ニッカウヰスキー　柏工場｜焼酎｢一番札｣,2026-07-07 13:16:15,2026-08-02 06:37:42,35.5985,140.1138,1910,0,0
4284,,宮崎酒造店,宮崎酒造店,,千葉県,君津市,君津市戸崎1780,1910,https://minenosei.jp/,sake,千葉県君津市に蔵を構える宮崎酒造店は、明治43年（1910年）創業の歴史を誇る老舗酒蔵です。米（国産）、米こうじ（国産米）、醸造アルコール（国内製造） [ 　　　　　お召し上がり方：冷酒　　　　　 ]　　詳しい情報はこちら 峯の精 03 旨辛吟醸酒（ぎんから） [1979年　東京サミット乾杯酒］ ほのかに香る辛口の吟醸酒。米（国産）、米こうじ（国産米）、醸造アルコール（国内製造） [ お召し上がり方：冷酒、常温、ぬる燗、熱燗 ]　　詳しい情報はこちら この場所だから生まれた 自然の水に恵まれた、上総の地で150年。伝統の技を守りつつ、現代の食文化に寄り添う高品質な美酒を醸し続けています。,0,draft,0.85,kumiai_chiba_detail,宮崎酒造店 君津市戸崎1780,2026-07-07 13:16:15,2026-08-02 06:37:42,35.6002,140.0969,1910,0,0
4285,,須藤本家,須藤本家,,千葉県,君津市,君津市青柳16-10,1910,https://www.sudouhonke.co.jp/,sake,千葉県君津市に蔵を構える須藤本家は、明治43年（1910年）創業の歴史を誇る老舗酒蔵です。須藤本家 〜千葉 久留里の酒造〜 酒造りは事業にあらず、家業なり 明治18年から続く酒造りの伝統を守る一方で、 常に高品質で安定した酒造を行うために、 先進的な設備の導入を積極的に行っています。須藤本家ならではの蓄積された蒸留技術を活かしリリースされた「房総ウイスキー」は、自社製モルトと独自ルートで確保した英国産スコッチのブレンドで、スモーキーさは控えめ、日本人好みの華やかな甘い香りのフレーバーに仕上がっています。伝統の技を守りつつ、現代の食文化に寄り添う高品質な美酒を醸し続けています。,0,draft,0.9,kumiai_chiba_detail,須藤本家 君津市青柳16-10,2026-07-07 13:16:15,2026-08-02 06:37:42,35.6019,140.1,1910,0,0
4286,,吉崎酒造,吉崎酒造,,千葉県,君津市,君津市久留里市場102,1910,https://kichiju-gekka.com/,sake,千葉県君津市に蔵を構える吉崎酒造は、明治43年（1910年）創業の歴史を誇る老舗酒蔵です。この竹酒は独特の技法で節の間にかずさの名水・久留里の水で仕込んだ清酒を封じ込めてあります。独特の技法で節の間に清酒を封じ込めており、ほんのり甘く、まろやかな味わいのお酒「ふしぎな竹酒」を記念日などの特別な日のギフトにどうぞ。伝統の技を守りつつ、現代の食文化に寄り添う高品質な美酒を醸し続けています。,0,draft,0.8,kumiai_chiba_detail,吉崎酒造 君津市久留里市場102,2026-07-07 13:16:15,2026-08-02 06:37:42,35.6036,140.1031,1910,0,0
4287,,藤平酒造,藤平酒造,,千葉県,君津市,君津市久留里市場147,1910,https://fukuiwai.com/,sake,千葉県君津市に蔵を構える藤平酒造は、明治43年（1910年）創業の歴史を誇る老舗酒蔵です。銘柄「福祝」を考案したのは、先代の藤平富雄。一本一本を丁寧に仕込み、量産では出せないうまさに誇りを持ち、その技術の粋を守り続けています。伝統の技を守りつつ、現代の食文化に寄り添う高品質な美酒を醸し続けています。,0,draft,0.95,kumiai_chiba_detail,藤平酒造 君津市久留里市場147,2026-07-07 13:16:15,2026-08-02 06:37:42,35.6053,140.1062,1910,0,0
4288,,森酒造店,森酒造店,,千葉県,君津市,君津市愛宕202,1910,https://www7b.biglobe.ne.jp/~tobitsuru/,sake,千葉県君津市に蔵を構える森酒造店は、明治43年（1910年）創業の歴史を誇る老舗酒蔵です。明治初期の創業以来、１３０年余り、自然豊かな 房総丘陵の山里で、熟練された越後杜氏の技 のもと、あくまでも手造りにこだわりその伝統を 受け継いできた酒蔵です。伝統の技を守りつつ、現代の食文化に寄り添う高品質な美酒を醸し続けています。,0,draft,0.9,kumiai_chiba_detail,森酒造店 君津市愛宕202,2026-07-07 13:16:15,2026-08-02 06:37:42,35.607,140.1093,1910,0,0
4289,,和蔵酒造貞元蔵,和蔵酒造貞元蔵,,千葉県,君津市,君津市下湯江240,1910,https://wakura-sake.jp/,sake,千葉県君津市に蔵を構える和蔵酒造貞元蔵は、明治43年（1910年）創業の歴史を誇る老舗酒蔵です。黒麹仕込み、二次仕込法など焼酎専用蔵だからこそ可能な伝統的製法を採用。和蔵酒造の酒を支え続ける「和蔵人（WAKURA-BITO）」 竹岡蔵オフィシャルFacebookページ WAKURA LINEUP 和蔵酒造の竹岡蔵で醸造している日本酒と貞元蔵で醸造している本格焼酎、リキュール。伝統の技を守りつつ、現代の食文化に寄り添う高品質な美酒を醸し続けています。,0,draft,0.85,kumiai_chiba_detail,和蔵酒造貞元蔵 君津市下湯江240,2026-07-07 13:16:15,2026-08-02 06:37:41,35.6087,140.1124,1910,0,0
4290,,小泉酒造,小泉酒造,,千葉県,富津市,富津市上後423-1,1910,https://www.sommelier.co.jp/,sake,千葉県富津市に蔵を構える小泉酒造は、明治43年（1910年）創業の歴史を誇る老舗酒蔵です。仕込み水には良質な房総丘陵・利根川水系伏流水（中軟水）を使用し、越後杜氏・南部杜氏の伝統の技を受け継ぎながら、米の旨味を引き出す真摯な酒造りを追求しています。伝統の技を守りつつ、現代の食文化に寄り添う高品質な美酒を醸し続けています。,0,draft,0.8,kumiai_chiba_detail,小泉酒造 富津市上後423-1,2026-07-07 13:16:15,2026-08-02 06:37:42,35.6104,140.1155,1910,0,0
4291,,和蔵酒造竹岡蔵,和蔵酒造竹岡蔵,,千葉県,富津市,富津市竹岡1,1910,https://wakura-sake.jp/,sake,千葉県富津市に蔵を構える和蔵酒造竹岡蔵は、明治43年（1910年）創業の歴史を誇る老舗酒蔵です。黒麹仕込み、二次仕込法など焼酎専用蔵だからこそ可能な伝統的製法を採用。和蔵酒造の酒を支え続ける「和蔵人（WAKURA-BITO）」 竹岡蔵オフィシャルFacebookページ WAKURA LINEUP 和蔵酒造の竹岡蔵で醸造している日本酒と貞元蔵で醸造している本格焼酎、リキュール。伝統の技を守りつつ、現代の食文化に寄り添う高品質な美酒を醸し続けています。,0,draft,0.85,kumiai_chiba_detail,和蔵酒造竹岡蔵 富津市竹岡1,2026-07-07 13:16:15,2026-08-02 06:37:41,35.6121,140.0986,1910,0,0
4292,,亀田酒造,亀田酒造,,千葉県,鴨川市,鴨川市仲329,1910,https://jumangame.com/,sake,千葉県鴨川市に蔵を構える亀田酒造は、明治43年（1910年）創業の歴史を誇る老舗酒蔵です。以来、260有余年間にわたり、伝統の酒造りが続けられ、今日に伝えられてきています。ラインアップおすすめ商品 酒蔵見学酒蔵見学をご希望の方へ 施設のご案内亀田酒造は丹精込めて商品を造っております 亀田酒造について宝暦年間創業の亀田酒造の歴史です 寿萬亀亀田酒造・スタッフブログ 日々の出来事や酒造りのことを綴ります。伝統の技を守りつつ、現代の食文化に寄り添う高品質な美酒を醸し続けています。,0,draft,0.85,kumiai_chiba_detail,亀田酒造 鴨川市仲329,2026-07-07 13:16:15,2026-08-02 06:37:42,35.6138,140.1017,1910,0,0
4293,,秀楽酒造,秀楽酒造,,千葉県,鴨川市,鴨川市貝渚671,1910,https://sites.google.com/view/shurakushuzo/,sake,千葉県鴨川市に蔵を構える秀楽酒造は、明治43年（1910年）創業の歴史を誇る老舗酒蔵です。創業者・渥美金次郎は明治維新、横須賀藩主西尾氏に同行し、房総鴨川で一番美味しい湧き水を求めて当地に移住。当社秀楽は創業当時からの伝統の味を守りつつ、｢秀でた酒を楽しく｣という心意気をモットーに現代のニーズにも応えた日本酒を提供し続けます。伝統の技を守りつつ、現代の食文化に寄り添う高品質な美酒を醸し続けています。,0,draft,0.8,kumiai_chiba_detail,秀楽酒造 鴨川市貝渚671,2026-07-07 13:16:15,2026-08-02 06:37:41,35.6155,140.1048,1910,0,0
4294,,稲花酒造,稲花酒造,,千葉県,長生郡一宮町,長生郡一宮町東浪見5841,1910,https://inahana.co.jp/,sake,千葉県長生郡一宮町に蔵を構える稲花酒造は、明治43年（1910年）創業の歴史を誇る老舗酒蔵です。酒造りで大切なのは、目指す酒の設計と、それを実現する技術です。その変化を読み取り、対応する力が技術です。伝統の技を守りつつ、現代の食文化に寄り添う高品質な美酒を醸し続けています。,0,draft,0.85,kumiai_chiba_detail,稲花酒造 長生郡一宮町東浪見5841,2026-07-07 13:16:15,2026-08-02 06:37:42,35.6172,140.1079,1910,0,0
4295,,吉野酒造,吉野酒造,,千葉県,勝浦市,勝浦市植野571,1910,https://www.koshigoi.com/,sake,千葉県勝浦市に蔵を構える吉野酒造は、明治43年（1910年）創業の歴史を誇る老舗酒蔵です。仕込み水には良質な房総丘陵・利根川水系伏流水（中軟水）を使用し、越後杜氏・南部杜氏の伝統の技を受け継ぎながら、米の旨味を引き出す真摯な酒造りを追求しています。伝統の技を守りつつ、現代の食文化に寄り添う高品質な美酒を醸し続けています。,0,draft,0.9,kumiai_chiba_detail,吉野酒造 勝浦市植野571,2026-07-07 13:16:15,2026-08-02 06:37:42,35.5989,140.111,1910,0,0
4296,,東灘醸造,東灘醸造,,千葉県,勝浦市,勝浦市串浜1033,1910,https://azumanada.net/,sake,千葉県勝浦市に蔵を構える東灘醸造は、明治43年（1910年）創業の歴史を誇る老舗酒蔵です。鳴海（なるか）醸造元 | 東灘醸造ホームページ 外房勝浦の地酒 東灘醸造 カツオの水揚げ高全国有数の漁業基地・外房勝浦に弊社は慶応三年創業しました。現在約200石のとても小さな蔵ですが、全量手造りによる丁寧な酒造りを続けています。伝統の技を守りつつ、現代の食文化に寄り添う高品質な美酒を醸し続けています。,0,draft,0.8,kumiai_chiba_detail,東灘醸造 勝浦市串浜1033,2026-07-07 13:16:15,2026-08-02 06:37:42,35.6006,140.1141,1910,0,0
4297,,豊乃鶴酒造,豊乃鶴酒造,,千葉県,夷隅郡大多喜町,夷隅郡大多喜町新丁88,1910,https://www.toyonotsuru.jp/,sake,千葉県夷隅郡大多喜町に蔵を構える豊乃鶴酒造は、明治43年（1910年）創業の歴史を誇る老舗酒蔵です。仕込み水には良質な房総丘陵・利根川水系伏流水（中軟水）を使用し、越後杜氏・南部杜氏の伝統の技を受け継ぎながら、米の旨味を引き出す真摯な酒造りを追求しています。伝統の技を守りつつ、現代の食文化に寄り添う高品質な美酒を醸し続けています。,0,draft,0.8,kumiai_chiba_detail,豊乃鶴酒造 夷隅郡大多喜町新丁88,2026-07-07 13:16:15,2026-08-02 06:37:42,35.6023,140.0972,1910,0,0
4298,,木戸泉酒造,木戸泉酒造,,千葉県,いすみ市,いすみ市大原7635-1,1910,https://www.kidoizumi.jp/,sake,千葉県いすみ市に蔵を構える木戸泉酒造は、明治43年（1910年）創業の歴史を誇る老舗酒蔵です。添加物や農薬、化学肥料を一切使用しない日本酒を造りたい 明治１２年の創業から時を経て、現在の木戸泉を特徴づける大きな転換期を迎えたのは昭和３１年。３代目蔵元の決断により、醸造法を「高温山廃酛」仕込みへと切り替えました。伝統の技を守りつつ、現代の食文化に寄り添う高品質な美酒を醸し続けています。,0,draft,0.85,kumiai_chiba_detail,木戸泉酒造 いすみ市大原7635-1,2026-07-07 13:16:15,2026-08-02 06:37:42,35.604,140.1003,1910,0,0
4299,,岩瀬酒造,岩瀬酒造,,千葉県,夷隅郡御宿町,夷隅郡御宿町久保1916,1910,https://www.iwanoi.com/,sake,千葉県夷隅郡御宿町に蔵を構える岩瀬酒造は、明治43年（1910年）創業の歴史を誇る老舗酒蔵です。お酒造りのこだわり（超硬水仕込み） 蔵から10分程で「月の沙漠」と命名された御宿海岸が拡がっています。岩の井の力強い味わいは、その超硬水を仕込み水として使用していることから生み出されています。伝統の技を守りつつ、現代の食文化に寄り添う高品質な美酒を醸し続けています。,0,draft,0.9,kumiai_chiba_detail,岩瀬酒造 夷隅郡御宿町久保1916,2026-07-07 13:16:15,2026-08-02 06:37:42,35.6057,140.1034,1910,0,0
4300,,梅一輪酒造,梅一輪酒造,,千葉県,山武市,山武市松ヶ谷イ-2902,1910,https://www.umeichirin.com/,sake,千葉県山武市に蔵を構える梅一輪酒造は、明治43年（1910年）創業の歴史を誇る老舗酒蔵です。目標とする日本酒は、「料理にそっと寄り添う名脇役」 梅一輪の銘柄は、俳人　服部嵐雪の句「梅一輪　一輪ほどの　暖かさ」からとりました。創業以来、弊社はこの信念のもと地元に密着した酒造りと営業に邁進してまいりました。伝統の技を守りつつ、現代の食文化に寄り添う高品質な美酒を醸し続けています。,0,draft,0.8,kumiai_chiba_detail,梅一輪酒造 山武市松ヶ谷イ-2902,2026-07-07 13:16:15,2026-08-02 06:37:42,35.6074,140.1065,1910,0,0
4301,,守屋酒造,守屋酒造,,千葉県,山武市,山武市蓮沼ハ−2929,1910,https://maizakura.com/,sake,千葉県山武市に蔵を構える守屋酒造は、明治43年（1910年）創業の歴史を誇る老舗酒蔵です。産学連携　焼酎の仕込 委託醸造 《産学連携での焼酎造りについて》 先日ウイスキーの話をしていたところ、蒸溜の取り組みについて多くの方からお問い合わせをいただきました。) 白砂清松、豊かな自然環境に育まれた千葉県九十九里の酒蔵「守屋酒造」は、個性輝く蔵元として明治二十六年の創業以来百三十余年、皆様に愛され続けて参りました。伝統の技を守りつつ、現代の食文化に寄り添う高品質な美酒を醸し続けています。,0,draft,0.85,kumiai_chiba_detail,守屋酒造 山武市蓮沼ハ−2929,2026-07-07 13:16:15,2026-08-02 06:37:42,35.6091,140.1096,1910,0,0
4302,,寒菊銘醸,寒菊銘醸,,千葉県,山武市,山武市松尾町武野里11,1910,https://kankiku.com/,sake,千葉県山武市に蔵を構える寒菊銘醸は、明治43年（1910年）創業の歴史を誇る老舗酒蔵です。KANKIKU BREWERY 伝統を尊重し、チャレンジ精神と グローバルな視点であらたな感動を創ります。また、伝統の技術とお客様の今を結ぶ「寒菊の酒」をお楽しみください。伝統の技を守りつつ、現代の食文化に寄り添う高品質な美酒を醸し続けています。,0,draft,0.8,kumiai_chiba_detail,寒菊銘醸 山武市松尾町武野里11,2026-07-07 13:16:15,2026-08-02 06:37:42,35.6108,140.1127,1910,0,0
4303,,花の友,花の友,,千葉県,山武市,山武市松尾町大堤438,1910,https://hananotomo.com/,sake,千葉県山武市に蔵を構える花の友は、明治43年（1910年）創業の歴史を誇る老舗酒蔵です。江戸末期の創業以来、枯れることなく、年間を通して安定した水質を維持しております。伝統の技を守りつつ、現代の食文化に寄り添う高品質な美酒を醸し続けています。,0,draft,0.8,kumiai_chiba_detail,花の友 山武市松尾町大堤438,2026-07-07 13:16:15,2026-08-02 06:37:41,35.6125,140.1158,1910,0,0
4304,,石上酒造,石上酒造,,千葉県,銚子市,銚子市田中町7-1,1910,http://www.isbc.co.jp/,sake,千葉県銚子市に蔵を構える石上酒造は、明治43年（1910年）創業の歴史を誇る老舗酒蔵です。仕込み水には良質な房総丘陵・利根川水系伏流水（中軟水）を使用し、越後杜氏・南部杜氏の伝統の技を受け継ぎながら、米の旨味を引き出す真摯な酒造りを追求しています。伝統の技を守りつつ、現代の食文化に寄り添う高品質な美酒を醸し続けています。,0,draft,0.85,kumiai_chiba_detail,石上酒造 銚子市田中町7-1,2026-07-07 13:16:15,2026-08-02 06:37:42,35.6142,140.0989,1910,0,0
4305,,小林酒造場,小林酒造場,,千葉県,銚子市,銚子市松岸町2-78,1910,,sake,千葉県銚子市に蔵を構える小林酒造場は、明治43年（1910年）創業の歴史を誇る老舗酒蔵です。仕込み水には良質な房総丘陵・利根川水系伏流水（中軟水）を使用し、越後杜氏・南部杜氏の伝統の技を受け継ぎながら、米の旨味を引き出す真摯な酒造りを追求しています。伝統の技を守りつつ、現代の食文化に寄り添う高品質な美酒を醸し続けています。,0,draft,0.8,kumiai_chiba_detail,小林酒造場 銚子市松岸町2-78,2026-07-07 13:16:15,2026-08-02 06:37:40,35.6159,140.102,1910,0,0
4306,,宮崎本家,宮崎本家,,千葉県,匝瑳市,匝瑳市野手1699,1910,,sake,千葉県匝瑳市に蔵を構える宮崎本家は、明治43年（1910年）創業の歴史を誇る老舗酒蔵です。仕込み水には良質な房総丘陵・利根川水系伏流水（中軟水）を使用し、越後杜氏・南部杜氏の伝統の技を受け継ぎながら、米の旨味を引き出す真摯な酒造りを追求しています。伝統の技を守りつつ、現代の食文化に寄り添う高品質な美酒を醸し続けています。,0,draft,0.8,kumiai_chiba_detail,宮崎本家 匝瑳市野手1699,2026-07-07 13:16:15,2026-08-02 06:37:40,35.5976,140.1051,1910,0,0
4307,,青柳酒造,青柳酒造,,千葉県,山武郡横芝光町,山武郡横芝光町篠本726,1910,,sake,千葉県山武郡横芝光町に蔵を構える青柳酒造は、明治43年（1910年）創業の歴史を誇る老舗酒蔵です。仕込み水には良質な房総丘陵・利根川水系伏流水（中軟水）を使用し、越後杜氏・南部杜氏の伝統の技を受け継ぎながら、米の旨味を引き出す真摯な酒造りを追求しています。伝統の技を守りつつ、現代の食文化に寄り添う高品質な美酒を醸し続けています。,0,draft,0.6,kumiai_chiba_detail,青柳酒造 山武郡横芝光町篠本726,2026-07-07 13:16:15,2026-08-02 06:37:40,35.5993,140.1082,1910,0,0
4308,,東薫酒造,東薫酒造,,千葉県,香取市,香取市佐原イ627,1910,https://www.tokun.co.jp/,sake,千葉県香取市に蔵を構える東薫酒造は、明治43年（1910年）創業の歴史を誇る老舗酒蔵です。下総佐原に東薫酒造は、江戸時代の華やいだ文政８年（1825年）に創業しました。その伊能家は前述の通り、佐原で酒造業を営む名主であり東薫酒造の創業者は、伊能家に弟子入りし、酒造業を習得発展させたと伝えられております。伝統の技を守りつつ、現代の食文化に寄り添う高品質な美酒を醸し続けています。,0,draft,0.8,kumiai_chiba_detail,東薫酒造 香取市佐原イ６２７,2026-07-07 13:16:15,2026-08-02 06:37:42,35.601,140.1113,1910,0,0
4309,,馬場本店酒造,馬場本店酒造,,千葉県,香取市,香取市佐原イ614,1910,https://www.babahonten.com/,sake,千葉県香取市に蔵を構える馬場本店酒造は、明治43年（1910年）創業の歴史を誇る老舗酒蔵です。熱い湯気が立ち上る蔵の中を行き交う人々の姿は、馬場本店酒造の伝統的な仕込み風景です。精米歩合35% 最上白味醂さいじょうしろみりん 国産もち米を使用し、江戸時代から手造りの製法を守っている伝統みりん。伝統の技を守りつつ、現代の食文化に寄り添う高品質な美酒を醸し続けています。,0,draft,0.85,kumiai_chiba_detail,馬場本店酒造 香取市佐原イ614,2026-07-07 13:16:15,2026-08-02 06:37:41,35.6027,140.1144,1910,0,0
4310,,寺田本家,寺田本家,,千葉県,香取郡神崎町,香取郡神崎町神崎本宿1964,1910,https://www.teradahonke.co.jp/,sake,千葉県香取郡神崎町に蔵を構える寺田本家は、明治43年（1910年）創業の歴史を誇る老舗酒蔵です。創業以来、この生命あふれる水を仕込み水として使い続けています。重さにして15kgほどの蒸米を木桶に分け入れひょいと担いで蔵人は重さも忘れたように軽やかに走り、麻布をひろげたサナの上に、蒸米をザッと広げます。伝統の技を守りつつ、現代の食文化に寄り添う高品質な美酒を醸し続けています。,0,draft,0.9,kumiai_chiba_detail,寺田本家 香取郡神崎町神崎本宿1964,2026-07-07 13:16:15,2026-08-02 06:37:42,35.6044,140.0975,1910,0,0
4311,,鍋店,鍋店,,千葉県,成田市,成田市本町338,1910,https://www.nabedana.co.jp/,sake,"千葉県成田市に蔵を構える鍋店は、明治43年（1910年）創業の歴史を誇る老舗酒蔵です。一方、元禄２年 (1689年 ) に佐倉藩より現在の製造免許にあたる酒造株（1,050 株）を戴き、成田山門前にて醸造を開始しました。「不動」は 2004 年（平成 16 年）日本酒が持つ「米」「醸造」から生まれる味わいをより楽しんでいただきたいという想いから誕生しました。伝統の技を守りつつ、現代の食文化に寄り添う高品質な美酒を醸し続けています。",0,draft,0.9,kumiai_chiba_detail,鍋店 成田市本町338,2026-07-07 13:16:15,2026-08-02 06:37:42,35.6061,140.1006,1910,0,0
4312,,飯田本家,飯田本家,,千葉県,香取市,香取市小見川178,1910,https://www.iidahonke.com/,sake,千葉県香取市に蔵を構える飯田本家は、明治43年（1910年）創業の歴史を誇る老舗酒蔵です。小見川の酒蔵「飯田本家」銘酒大姫 大姫　純米・本醸造・生酒 飯田本家Information 清酒「大姫」の醸造元・飯田本家は、黒部川沿いに懐かしいただずまいを見せています。創業は明治10年（1877年）、以前から小見川で米問屋を営んでいました。伝統の技を守りつつ、現代の食文化に寄り添う高品質な美酒を醸し続けています。,0,draft,0.9,kumiai_chiba_detail,飯田本家 香取市小見川178,2026-07-07 13:16:15,2026-08-02 06:37:42,35.6078,140.1037,1910,0,0
4612,,石井醸造株式会社,石井醸造,,神奈川県,足柄上郡大井町,神奈川県足柄上郡大井町上大井954,1870,http://www.ishiijozo.com,sake,神奈川県足柄上郡大井町に蔵を構える石井醸造株式会社は、明治3年（1870年）創業の歴史を誇る老舗酒蔵です。石井醸造酒蔵見学について 蔵特有の濃醇な味わい。もろみを通常の三回に分けて仕込む「三段仕込み」ではなく、四回に分ける「四段仕込み」 にこだわり、最後の四回目の仕込みを、 通常の掛け米では用いない「もち米」を使うことによりでるコク、蔵特有の濃醇な味わいをぜひご賞味ください。伝統の技を守りつつ、現代の食文化に寄り添う高品質な美酒を醸し続けています。,0,draft,0.95,kumiai_kanagawa_detail,石井醸造（株）／創業：明治三年創業（1870年）／代表酒「曽我の誉」,2026-07-07 13:16:15,2026-08-02 06:37:42,35.4382,139.6497,1870,0,0
4613,,井上酒造株式会社,井上酒造,,神奈川県,足柄上郡大井町,神奈川県足柄上郡大井町上大井552,1789,http://www.hakoneyama.co.jp/,sake,宮崎県日南市に蔵を構える井上酒造株式会社は、明治43年（1910年）創業の歴史を誇る老舗酒蔵です。原料から製法、貯蔵まで焼酎造りの全てにこだわり、最高級の味と品質を追求した本格焼酎。伝統を受け継ぐだけでなく、 当蔵は1894年（明治27年）、榎原神社の門前町に清酒製造の蔵として創業しました。伝統の技を守りつつ、現代の食文化に寄り添う高品質な美酒を醸し続けています。,0,draft,0.95,kumiai_kanagawa_detail,井上酒造(株）／創業：寛政元年創業（1789年）／代表銘柄「箱根山」,2026-07-07 13:16:15,2026-08-02 06:37:42,35.4399,139.6328,1789,0,0
4614,,中沢酒造株式会社,中沢酒造,,神奈川県,足柄上郡松田町,神奈川県足柄上郡松田町松田惣領1875,1825,http://www.matsumidori.jp,sake,神奈川県足柄上郡松田町に蔵を構える中沢酒造株式会社は、文政8年（1825年）創業の歴史を誇る老舗酒蔵です。創業文政8年（1825） 今も昔も変わらず、全量手造りにこだわる。伝統の技を守りつつ、現代の食文化に寄り添う高品質な美酒を醸し続けています。,0,draft,0.95,kumiai_kanagawa_detail,中沢酒造株式会社／創業：文政八年創業（1825年）／銘柄「松美酉」,2026-07-07 13:16:15,2026-08-02 06:37:42,35.4416,139.6359,1825,0,0
4615,,合資会社川西屋酒造店,川西屋酒造店,,神奈川県,足柄上郡山北町,神奈川県足柄上郡山北町山北250,1897,http://kawanishiya.wixsite.com/kawanishiya,sake,神奈川県足柄上郡山北町に蔵を構える合資会社川西屋酒造店は、明治30年（1897年）創業の歴史を誇る老舗酒蔵です。仕込み水には良質な丹沢山系・箱根山系伏流水（中軟水）を使用し、南部杜氏・越後杜氏の伝統の技を受け継ぎながら、米の旨味を引き出す真摯な酒造りを追求しています。伝統の技を守りつつ、現代の食文化に寄り添う高品質な美酒を醸し続けています。,0,draft,0.9,kumiai_kanagawa_detail,（資）川西屋酒造店／創業：明治三十年創業（1897年）／銘柄「丹沢山」,2026-07-07 13:16:15,2026-08-02 06:37:42,35.4433,139.639,1897,0,0
4616,,吉川醸造株式会社,吉川醸造,,神奈川県,伊勢原市,神奈川県伊勢原市神戸681,1912,https://kikkawa-jozo.com/,sake,神奈川県伊勢原市に蔵を構える吉川醸造株式会社は、大正元年（1912年）創業の歴史を誇る老舗酒蔵です。吉川醸造では、洗米から仕込み水まで全て、井戸から豊富に湧き出る良質な水を利用しています。吉川醸造の水は、日本では希少な硬度150～160の硬水（弱アルカリ性）。伝統の技を守りつつ、現代の食文化に寄り添う高品質な美酒を醸し続けています。,0,draft,0.95,kumiai_kanagawa_detail,吉川醸造（株）／創業：大正元年創業（1912年）／「菊勇」と「雨降」,2026-07-07 13:16:15,2026-08-02 06:37:42,35.445,139.6421,1912,0,0
4617,,株式会社金井酒造店,金井酒造店,,神奈川県,秦野市,神奈川県秦野市堀山下182-1,1868,http://www.kaneishuzo.co.jp/,sake,神奈川県秦野市に蔵を構える株式会社金井酒造店は、明治元年（1868年）創業の歴史を誇る老舗酒蔵です。その原点は、技術も知識もなく踏み出した、初代蔵元・佐野リキの挑戦です。私達が持つ技術、私達が目指してきた「伝統と革新の協奏」、そして私達が愛する丹沢の自然。伝統の技を守りつつ、現代の食文化に寄り添う高品質な美酒を醸し続けています。,0,draft,0.9,kumiai_kanagawa_detail,（株）金井酒造店／創業：明治元年創業（1868年）／銘柄「白笹鼓」,2026-07-07 13:16:15,2026-08-02 06:37:42,35.4467,139.6452,1868,0,0
4618,,大矢孝酒造株式会社,大矢孝酒造,,神奈川県,愛甲郡愛川町,神奈川県愛甲郡愛川町田代521,1830,https://oyatakashi-shuzo.com/shop/,sake,神奈川県愛甲郡愛川町に蔵を構える大矢孝酒造株式会社は、天保元年（1830年）創業の歴史を誇る老舗酒蔵です。仕込み水には良質な丹沢山系・箱根山系伏流水（中軟水）を使用し、南部杜氏・越後杜氏の伝統の技を受け継ぎながら、米の旨味を引き出す真摯な酒造りを追求しています。伝統の技を守りつつ、現代の食文化に寄り添う高品質な美酒を醸し続けています。,0,draft,0.95,kumiai_kanagawa_detail,大矢孝酒造株式会社／創業：文政十三年創業（1830年）／清酒「残草蓬萊」,2026-07-07 13:16:15,2026-08-02 06:37:42,35.4484,139.6483,1830,0,0
4619,,黄金井酒造株式会社,黄金井酒造,,神奈川県,厚木市,神奈川県厚木市七沢769,1818,http://www.koganeishuzou.com,sake,神奈川県厚木市に蔵を構える黄金井酒造株式会社は、文政元年（1818年）創業の歴史を誇る老舗酒蔵です。黄金井酒造-神奈川県あつぎの地酒 200年の歴史が育む、多彩な酒を生み出す蔵 1818年、東丹沢の麓・七沢の地に創業した黄金井酒造は、清酒づくりを礎に二百年の時を歩んできた蔵です。丹沢山系の清らかな水と、代々受け継がれてきた麹づくり・発酵の技をもとに、清酒「盛升 さかります」を中心とした酒造りを大切にしてきました。伝統の技を守りつつ、現代の食文化に寄り添う高品質な美酒を醸し続けています。,0,draft,0.95,kumiai_kanagawa_detail,黄金井酒造株式会社／創業：文政元年創業（1818年）／清酒「盛升」,2026-07-07 13:16:15,2026-08-02 06:37:42,35.4501,139.6514,1818,0,0
4620,,清水酒造株式会社,清水酒造,,神奈川県,相模原市緑区,神奈川県相模原市緑区中野1322,1751,http://www.shimizusyuzo.com/,sake,神奈川県相模原市緑区に蔵を構える清水酒造株式会社は、宝暦元年（1751年）創業の歴史を誇る老舗酒蔵です。伝統の酒造りの心と技が時を超えて感動を現代に伝えます。伝統の酒造りの心と技が時を超えて感動を現代に伝えます。伝統の技を守りつつ、現代の食文化に寄り添う高品質な美酒を醸し続けています。,0,draft,0.9,kumiai_kanagawa_detail,清水酒造（株）／宝暦元年創業（1751年）／「巖乃泉」,2026-07-07 13:16:15,2026-08-02 06:37:42,35.4518,139.6345,1751,0,0
4621,,久保田酒造株式会社,久保田酒造,,神奈川県,相模原市緑区,神奈川県相模原市緑区根小屋702,1844,http://www.tsukui.ne.jp/kubota/,sake,神奈川県相模原市緑区に蔵を構える久保田酒造株式会社は、弘化元年（1844年）創業の歴史を誇る老舗酒蔵です。仕込み水には良質な丹沢山系・箱根山系伏流水（中軟水）を使用し、南部杜氏・越後杜氏の伝統の技を受け継ぎながら、米の旨味を引き出す真摯な酒造りを追求しています。伝統の技を守りつつ、現代の食文化に寄り添う高品質な美酒を醸し続けています。,0,draft,0.95,kumiai_kanagawa_detail,久保田酒造株式会社／創業1844年／日本酒「相模灘」,2026-07-07 13:16:15,2026-08-02 06:37:42,35.4535,139.6376,1844,0,0
4622,,泉橋酒造株式会社,泉橋酒造,,神奈川県,海老名市,神奈川県海老名市下今泉5-5-1,1857,http://www.izumibashi.com,sake,神奈川県海老名市に蔵を構える泉橋酒造株式会社は、安政4年（1857年）創業の歴史を誇る老舗酒蔵です。米作りにも取り組む泉橋酒造は、純米酒のみを醸造しています。昔ながらの製法にこだわり、伝統的な「生酛造り」による自然な味わいを大切にしています。伝統の技を守りつつ、現代の食文化に寄り添う高品質な美酒を醸し続けています。,0,draft,0.95,kumiai_kanagawa_detail,"泉橋酒造 / Izumibashi shuzo Co.,Ltd.／安政四年創業（1857年）／「いづみ橋」",2026-07-07 13:16:15,2026-08-02 06:37:42,35.4552,139.6407,1857,0,0
4623,,熊澤酒造株式会社,熊沢酒造,,神奈川県,茅ヶ崎市,神奈川県茅ヶ崎市香川7-10-7,1872,http://www.kumazawa.jp,sake,神奈川県茅ヶ崎市に蔵を構える熊澤酒造株式会社は、明治5年（1872年）創業の歴史を誇る老舗酒蔵です。「蔵人チャレンジ」とは、若手蔵人が自ら造りたい酒をプレゼンし、採用者が小タンク1本を責任醸造する毎年恒例の企画。伝統の技を守りつつ、現代の食文化に寄り添う高品質な美酒を醸し続けています。,0,draft,0.95,kumiai_kanagawa_detail,熊澤酒造（株）／明治五年創業（1872年）／「天青」,2026-07-07 13:16:15,2026-08-02 06:37:42,35.4569,139.6438,1872,0,0
4695,9370001019201,仙台伊澤家 勝山酒造,仙台伊沢家勝山酒造,,宮城県,仙台市,宮城県仙台市泉区福岡字二又25-1,1910,https://www.katsu-yama.com/,sake,宮城県仙台市に蔵を構える仙台伊澤家 勝山酒造は、明治43年（1910年）創業の歴史を誇る老舗酒蔵です。わたしたちはこの“Samurai‑style（侍の流儀）”を、酒造哲学として醸造の隅々まで息づかせています。侍魂を宿す酒 仙台藩伊達家御用藏 勝山酒造 勝山酒造の創業家・伊澤家の始まりは、鎌倉時代の1190年。伝統の技を守りつつ、現代の食文化に寄り添う高品質な美酒を醸し続けています。,0,draft,0.85,kumiai_miyagi_detail,[仙台市泉区] 仙台伊澤家 勝山酒造,2026-07-07 13:16:15,2026-08-02 06:37:42,38.2603,140.8764,1910,0,0
4696,3370003001278,内ヶ崎酒造店,内ヶ崎酒造店,,宮城県,富谷市,宮城県富谷市富谷新町27,1910,https://uchigasaki.com/,sake,宮城県富谷市に蔵を構える内ヶ崎酒造店は、明治43年（1910年）創業の歴史を誇る老舗酒蔵です。製品ラインナップを見る 「昔ながらの造り」へのこだわり 少量生産の酒は、どの商品に対しても一本一本丁寧に仕込んでいます。酒造業は寛文元年（1661年）、二代目作右衛門の創業以来、350有余年県内屈指の歴史と伝統を誇っています。伝統の技を守りつつ、現代の食文化に寄り添う高品質な美酒を醸し続けています。,0,draft,0.85,kumiai_miyagi_detail,[富谷市] 内ヶ崎酒造店,2026-07-07 13:16:15,2026-08-02 06:37:42,38.262,140.8795,1910,0,0
4697,8370001017560,大和蔵酒造,大和蔵酒造,,宮城県,黒川郡大和町,宮城県黒川郡大和町松坂平8-1,1798,https://taiwagura.co.jp/,sake,宮城県黒川郡大和町に蔵を構える大和蔵酒造は、寛政10年（1798年）創業の歴史を誇る老舗酒蔵です。オートメーション化が進むなか、伝統の技を後進へ引き継ぐことも蔵元として欠かせない仕事なのです。この思いのもと、大和蔵酒造では蔵人の技術の底上げに向けて、研修や実習などを通じて若手の育成にも力を注いでいます。伝統の技を守りつつ、現代の食文化に寄り添う高品質な美酒を醸し続けています。,0,draft,0.7,kumiai_miyagi_detail,[黒川郡大和町] 大和蔵酒造,2026-07-07 13:16:15,2026-08-02 06:37:42,38.2637,140.8626,1798,0,0
4698,6370802000270,佐々木酒造店,佐々木酒造店,,宮城県,名取市,〒981-1203 宮城県名取市閖上中央一丁目12番地の3,1871,https://housen-naminooto.com/,sake,宮城県名取市に蔵を構える佐々木酒造店は、明治4年（1871年）創業の歴史を誇る老舗酒蔵です。明治4年（1871）の創業以来、「地酒はその土地の液体化である」をレガシーとして私たちは、この名取市閖上の地で酒をつくってきました。屋号を「浪の音」、銘柄を「宝船浪の音」としました。伝統の技を守りつつ、現代の食文化に寄り添う高品質な美酒を醸し続けています。,0,draft,0.85,kumiai_miyagi_detail,[名取市閖上] 佐々木酒造店,2026-07-07 13:16:15,2026-08-02 06:37:42,38.2654,140.8657,1871,0,0
4699,5370601000266,佐浦,佐浦,,宮城県,塩竈市,宮城県塩竈市本町2-19,1724,https://www.uragasumi.com/,sake,宮城県塩竈市に蔵を構える佐浦は、享保9年（1724年）創業の歴史を誇る老舗酒蔵です。仕込み水には良質な奥羽山脈・鳴子栗駒水系伏流水（軟水）を使用し、南部杜氏の伝統の技を受け継ぎながら、米の旨味を引き出す真摯な酒造りを追求しています。伝統の技を守りつつ、現代の食文化に寄り添う高品質な美酒を醸し続けています。,0,draft,1.0,kumiai_miyagi_detail,[塩竈市本町] 佐浦,2026-07-07 13:16:15,2026-08-02 06:37:42,38.2671,140.8688,1724,0,0
4700,4370001041432,阿部勘酒造,阿部勘酒造,,宮城県,塩釜市,宮城県塩釜市西町3-9,1910,https://www.abekan.com:443/,sake,宮城県塩釜市に蔵を構える阿部勘酒造は、明治43年（1910年）創業の歴史を誇る老舗酒蔵です。仕込み水には良質な奥羽山脈・鳴子栗駒水系伏流水（軟水）を使用し、南部杜氏の伝統の技を受け継ぎながら、米の旨味を引き出す真摯な酒造りを追求しています。伝統の技を守りつつ、現代の食文化に寄り添う高品質な美酒を醸し続けています。,0,draft,0.65,kumiai_miyagi_detail,[塩釜市西町] 阿部勘酒造,2026-07-07 13:16:15,2026-08-02 06:37:41,38.2688,140.8719,1910,0,0
4701,4370201000031,一ノ蔵,一ノ蔵,,宮城県,大崎市,宮城県大崎市松山千石字大欅14,1862,https://ichinokura.co.jp/,sake,宮城県大崎市に蔵を構える一ノ蔵は、文久2年（1862年）創業の歴史を誇る老舗酒蔵です。一ノ蔵｜宮城県の伝統的な手づくりの日本酒蔵一ノ蔵 お酒に関する情報の20歳未満の方への転送および共有はご遠慮ください。一ノ蔵 SDGsの取組み 伝統の技と心手づくりの酒 お酒に関する情報の20歳未満の方への転送および共有はご遠慮ください。伝統の技を守りつつ、現代の食文化に寄り添う高品質な美酒を醸し続けています。,0,draft,1.0,kumiai_miyagi_detail,[大崎市松山] 一ノ蔵,2026-07-07 13:16:15,2026-08-02 06:37:42,38.5147,140.9412,1862,1,1
4702,2370201000339,新澤醸造店,新沢醸造店,,宮城県,大崎市,宮城県大崎市三本木字北町63,1873,https://niizawa-brewery.co.jp/,sake,宮城県大崎市に蔵を構える新澤醸造店は、明治6年（1873年）創業の歴史を誇る老舗酒蔵です。蔵人と共に寝食を忘れ「究極の酒造り」に力を注ぎ、2002年（平成14年）『究極の食中酒』銘柄「伯楽星」（商標登録第5312399号）が誕生致しました。一般的な日本酒精米は70%前後と言われておりますが、究極を追求し続けた結果、1%未満精米をも実現する技術を手に入れることができました。伝統の技を守りつつ、現代の食文化に寄り添う高品質な美酒を醸し続けています。,0,draft,1.0,kumiai_miyagi_detail,[大崎市三本木] 新澤醸造店,2026-07-07 13:16:15,2026-08-02 06:37:42,38.2722,140.8781,1873,0,0
4703,,森民酒造店,森民酒造店,,宮城県,大崎市,宮城県大崎市岩出山字上川原町15,1883,,sake,宮城県大崎市に蔵を構える森民酒造店は、明治16年（1883年）創業の歴史を誇る老舗酒蔵です。仕込み水には良質な奥羽山脈・鳴子栗駒水系伏流水（軟水）を使用し、南部杜氏の伝統の技を受け継ぎながら、米の旨味を引き出す真摯な酒造りを追求しています。伝統の技を守りつつ、現代の食文化に寄り添う高品質な美酒を醸し続けています。,0,draft,0.6,kumiai_miyagi_detail,[大崎市岩出山] 森民酒造店,2026-07-07 13:16:15,2026-08-02 06:37:40,38.2739,140.8812,1883,0,0
4704,,田中酒造店,田中酒造店,,宮城県,加美郡加美町,宮城県加美郡加美町字西町88-1,1910,http://www.manatsuru.co.jp/,sake,宮城県加美郡加美町に蔵を構える田中酒造店は、明治43年（1910年）創業の歴史を誇る老舗酒蔵です。1789年の創業以来、200年以上に渡って守りぬいた伝統的な酒造りで皆様に愛され続けています。日本有数の米どころであり昔から酒づくりが盛んなこの土地に、伊達藩随一の呉服商だった初代・田中林兵衛が寛政元年（1789年）に創業したのが田中酒造店です。伝統の技を守りつつ、現代の食文化に寄り添う高品質な美酒を醸し続けています。,0,draft,0.65,kumiai_miyagi_detail,[加美郡加美町] 田中酒造店,2026-07-07 13:16:15,2026-08-02 06:37:42,38.2756,140.8643,1910,0,0
4705,2370201002401,山和酒造店,山和酒造店,,宮城県,加美郡加美町,宮城県加美郡加美町字南町109-1,1910,https://www.yamawa-syuzouten.co.jp/,sake,宮城県加美郡加美町に蔵を構える山和酒造店は、明治43年（1910年）創業の歴史を誇る老舗酒蔵です。仕込み水には良質な奥羽山脈・鳴子栗駒水系伏流水（軟水）を使用し、南部杜氏の伝統の技を受け継ぎながら、米の旨味を引き出す真摯な酒造りを追求しています。伝統の技を守りつつ、現代の食文化に寄り添う高品質な美酒を醸し続けています。,0,draft,0.65,kumiai_miyagi_detail,[加美郡加美町] 山和酒造店,2026-07-07 13:16:15,2026-08-02 06:37:42,38.2773,140.8674,1910,0,0
4706,5370203000219,川敬商店,川敬商店,,宮城県,遠田郡美里町,宮城県遠田郡美里町二郷字高玉6-7,1910,https://www.koganesawa.com,sake,宮城県遠田郡美里町に蔵を構える川敬商店は、明治43年（1910年）創業の歴史を誇る老舗酒蔵です。黄金が流れる沢の傍らで創業したことから、銘柄を「黄金澤」といたしました。創業から１２０年以来、主要銘柄として守り続け、日本全国をはじめ海外でもご愛顧いただいております。伝統の技を守りつつ、現代の食文化に寄り添う高品質な美酒を醸し続けています。,0,draft,0.65,kumiai_miyagi_detail,[遠田郡美里町] 川敬商店,2026-07-07 13:16:15,2026-08-02 06:37:42,38.259,140.8705,1910,0,0
4707,9370203000058,寒梅酒造,寒梅酒造,,宮城県,大崎市,宮城県大崎市古川柏崎字境田15,1910,http://miyakanbai.com/,sake,宮城県大崎市に蔵を構える寒梅酒造は、明治43年（1910年）創業の歴史を誇る老舗酒蔵です。仕込み水には良質な奥羽山脈・鳴子栗駒水系伏流水（軟水）を使用し、南部杜氏の伝統の技を受け継ぎながら、米の旨味を引き出す真摯な酒造りを追求しています。伝統の技を守りつつ、現代の食文化に寄り添う高品質な美酒を醸し続けています。,0,draft,0.65,kumiai_miyagi_detail,[大崎市古川] 寒梅酒造,2026-07-07 13:16:15,2026-08-02 06:37:42,38.2607,140.8736,1910,0,0
4708,6370201002364,中勇酒造店,中勇酒造店,,宮城県,加美郡加美町,宮城県加美郡加美町字南町166,1906,http://tenjo-mugen.co.jp/,sake,宮城県加美郡加美町に蔵を構える中勇酒造店は、明治39年（1906年）創業の歴史を誇る老舗酒蔵です。伝統に則り、伝統的な製法を今でも守り続けています。伝統の技を守りつつ、現代の食文化に寄り添う高品質な美酒を醸し続けています。,0,draft,0.95,kumiai_miyagi_detail,[加美郡加美町] 中勇酒造店,2026-07-07 13:16:15,2026-08-02 06:37:42,38.2624,140.8767,1906,0,0
4709,8370201003071,千田酒造,千田酒造,,宮城県,栗原市,栗原市栗駒中野北畑中63-1,1920,https://chidashuzo.co.jp/,sake,宮城県栗原市に蔵を構える千田酒造は、大正9年（1920年）創業の歴史を誇る老舗酒蔵です。「水」と「蔵」へのこだわり 酒造りは「水」が命です。そのこだわりは初代社長から続いており、当時思うような酒造りができないことに悩み、より良い「水」を求めて現在の地に蔵を丸ごと移転させてしまうほどです。伝統の技を守りつつ、現代の食文化に寄り添う高品質な美酒を醸し続けています。,0,draft,0.65,kumiai_miyagi_detail,[栗原市栗駒] 千田酒造,2026-07-07 13:16:15,2026-08-02 06:37:42,38.2641,140.8798,1920,0,0
4710,9370201003145,金の井酒造,金の井酒造,,宮城県,栗原市,宮城県栗原市一迫川口町浦1-1,1910,https://www.kanenoi.co.jp/,sake,宮城県栗原市に蔵を構える金の井酒造は、明治43年（1910年）創業の歴史を誇る老舗酒蔵です。そのために私たちは、土をつくることから始まり、米をはじめとして、水、麹、酵母など、酒にかかわるすべての要素に日々情熱を注いでいます。こだわり抜かれた原料という強固な土台の上に、綿屋は成り立っているのです。伝統の技を守りつつ、現代の食文化に寄り添う高品質な美酒を醸し続けています。,0,draft,0.9,kumiai_miyagi_detail,[栗原市一迫] 金の井酒造,2026-07-07 13:16:15,2026-08-02 06:37:42,38.2658,140.8629,1910,0,0
4711,7370201003139,萩野酒造,萩野酒造,,宮城県,栗原市,宮城県栗原市金成有壁新町52,1840,http://www.hagino-shuzou.co.jp/,sake,宮城県栗原市に蔵を構える萩野酒造は、天保11年（1840年）創業の歴史を誇る老舗酒蔵です。私たちは、良いものを少しだけ造るというコンセプトのもと、日本酒独自の伝統や歴史を守りながら新しい技術も取り入れ、常に進化する酒造りを目指します。山と田んぼに囲まれ、蔵近くの山からこんこんと自然水が湧出する恵まれた環境の中、私たちは人の手をかけた手造りの酒造りに取組んでおります。伝統の技を守りつつ、現代の食文化に寄り添う高品質な美酒を醸し続けています。,0,draft,0.65,kumiai_miyagi_detail,[栗原市金成] 萩野酒造,2026-07-07 13:16:15,2026-08-02 06:37:42,38.2675,140.866,1840,0,0
4712,5370401000417,石越醸造,石越醸造,,宮城県,登米市,宮城県登米市石越町北郷字中沢108-1,1927,http://sawanoizumi.jp/,sake,宮城県登米市に位置する石越醸造は、昭和2年（1927年）に創業しました。仕込み水には良質な奥羽山脈・鳴子栗駒水系伏流水（軟水）を使用し、南部杜氏の伝統の技を受け継ぎながら、米の旨味を引き出す真摯な酒造りを追求しています。伝統の技を守りつつ、現代の食文化に寄り添う高品質な美酒を醸し続けています。,0,draft,0.9,kumiai_miyagi_detail,[登米市石越町] 石越醸造,2026-07-07 13:16:15,2026-08-02 06:37:42,38.2692,140.8691,1927,0,0
4713,2370501000096,角星,角星,,宮城県,気仙沼市,宮城県気仙沼市魚町2-1-17,1910,https://kakuboshi.mystrikingly.com/,sake,宮城県気仙沼市に蔵を構える角星は、明治43年（1910年）創業の歴史を誇る老舗酒蔵です。創業以来「品質第一」を旨とし、端麗さの中にも旨味を感じる酒質を追求。水鳥記（みずとりき）「蔵の華」「山田錦」「雄町」「愛山」などを使った純米のラインナップ両國（金紋・金盃）（りょうごく）選りすぐりの酒造用米と伝統の技術で飲み飽きしないキリっとした辛口の酒です。伝統の技を守りつつ、現代の食文化に寄り添う高品質な美酒を醸し続けています。,0,draft,0.65,kumiai_miyagi_detail,[気仙沼市魚町] 角星,2026-07-07 13:16:15,2026-08-02 06:37:42,38.2709,140.8722,1910,0,0
4714,2370501000055,男山本店,男山本店,,宮城県,気仙沼市,宮城県気仙沼市入沢3-8,1912,https://www.kesennuma.co.jp/,sake,宮城県気仙沼市に蔵を構える男山本店は、大正元年（1912年）創業の歴史を誇る老舗酒蔵です。仕込み水には良質な奥羽山脈・鳴子栗駒水系伏流水（軟水）を使用し、南部杜氏の伝統の技を受け継ぎながら、米の旨味を引き出す真摯な酒造りを追求しています。伝統の技を守りつつ、現代の食文化に寄り添う高品質な美酒を醸し続けています。,0,draft,0.65,kumiai_miyagi_detail,[気仙沼市入沢] 男山本店,2026-07-07 13:16:15,2026-08-02 06:37:42,38.2726,140.8753,1912,0,0
4715,6370301001456,平孝酒造,平孝酒造,,宮城県,石巻市,宮城県石巻市清水町1-5-3,1910,https://www.hirakoushuzou.jp/,sake,宮城県石巻市に蔵を構える平孝酒造は、明治43年（1910年）創業の歴史を誇る老舗酒蔵です。仕込み水には良質な奥羽山脈・鳴子栗駒水系伏流水（軟水）を使用し、南部杜氏の伝統の技を受け継ぎながら、米の旨味を引き出す真摯な酒造りを追求しています。伝統の技を守りつつ、現代の食文化に寄り添う高品質な美酒を醸し続けています。,0,draft,0.95,kumiai_miyagi_detail,[石巻市清水町] 平孝酒造,2026-07-07 13:16:15,2026-08-02 06:37:42,38.2743,140.8784,1910,0,0
4716,7370301000696,墨廼江酒造,墨廼江酒造,,宮城県,石巻市,宮城県石巻市千石町8-43,1910,https://www.saketime.com/breweries/4716,sake,宮城県石巻市に蔵を構える墨廼江酒造は、明治43年（1910年）創業の歴史を誇る老舗酒蔵です。仕込み水には良質な奥羽山脈・鳴子栗駒水系伏流水（軟水）を使用し、南部杜氏の伝統の技を受け継ぎながら、米の旨味を引き出す真摯な酒造りを追求しています。伝統の技を守りつつ、現代の食文化に寄り添う高品質な美酒を醸し続けています。,0,draft,0.65,kumiai_miyagi_detail,[石巻市千石町] 墨廼江酒造,2026-07-07 13:16:15,2026-08-02 06:37:42,38.276,140.8815,1910,0,0
4717,3370102000107,大沼酒造店,大沼酒造店,,宮城県,柴田郡村田町,宮城県柴田郡村田町村田字町56-1,1712,https://kenkonichi.com/,sake,宮城県柴田郡村田町に蔵を構える大沼酒造店は、正徳2年（1712年）創業の歴史を誇る老舗酒蔵です。大沼酒造店では受け継がれた伝統の中に、若い感性の手仕事が力強く動き始めている…。大沼酒造店では受け継がれた伝統の中に、若い感性の手仕事が力強く動き始めている…。伝統の技を守りつつ、現代の食文化に寄り添う高品質な美酒を醸し続けています。,0,draft,0.9,kumiai_miyagi_detail,[柴田郡村田町] 大沼酒造店,2026-07-07 13:16:15,2026-08-02 06:37:42,38.2777,140.8646,1712,0,0
4718,8370101001308,蔵王酒造,蔵王酒造,,宮城県,白石市,宮城県白石市東小路120-1,1873,https://www.zao-sake.com/,sake,宮城県白石市に蔵を構える蔵王酒造は、明治6年（1873年）創業の歴史を誇る老舗酒蔵です。山形は他県に比べ特定名称酒の生産が盛んで、精米率50％以下の吟醸造りに特化した米「雪女神」を使用した極上の「純米大吟醸」などは、世界も含めた数々の品評会で高い評価を得ています。伝統の技を守りつつ、現代の食文化に寄り添う高品質な美酒を醸し続けています。,0,draft,1.0,kumiai_miyagi_detail,[白石市東小路] 蔵王酒造,2026-07-07 13:16:15,2026-08-02 06:37:42,38.2594,140.8677,1873,0,0
5239,,常山酒造合資会社,常山酒造,,福井県,福井市,〒910-0854 福井市御幸1-19-10,1910,http://www.jozan.co.jp/,sake,福井県福井市に蔵を構える常山酒造合資会社は、明治43年（1910年）創業の歴史を誇る老舗酒蔵です。仕込み水には良質な九頭竜川・白山山系伏流水（軟水）を使用し、能登杜氏・越後杜氏の伝統の技を受け継ぎながら、米の旨味を引き出す真摯な酒造りを追求しています。伝統の技を守りつつ、現代の食文化に寄り添う高品質な美酒を醸し続けています。,0,draft,0.9,kumiai_fukui_detail,常山酒造(資) / 〒910-0854 福井市御幸1-19-,2026-07-07 13:41:14,2026-08-02 06:37:42,36.0615,136.2125,1910,0,0
5240,,田嶋酒造株式会社,田島酒造,,福井県,福井市,〒918-8051 福井市桃園1-3-10,1849,https://www.fukuchitose.com/,sake,福井県福井市に蔵を構える田嶋酒造株式会社は、嘉永2年（1849年）創業の歴史を誇る老舗酒蔵です。山廃を軸に、現代の食卓へ 福千歳は、伝統醸造法である山廃仕込みを大切にしてきた福井の酒蔵です。かつては「加茂の井」という銘柄で酒を造っていました。伝統の技を守りつつ、現代の食文化に寄り添う高品質な美酒を醸し続けています。,0,draft,0.9,kumiai_fukui_detail,田嶋酒造(株) / 〒918-8051 福井市桃園1-3-1,2026-07-07 13:41:14,2026-08-02 06:37:42,36.0632,136.2156,1849,0,0
5241,,株式会社越の磯,越の磯,,福井県,福井市,〒910-0016 福井市大宮5-8-25,1909,http://www.j-brewery.com,sake,福井県福井市に蔵を構える株式会社越の磯は、明治42年（1909年）創業の歴史を誇る老舗酒蔵です。●　越廼磯　寒仕込み　本醸造のご案内 「越の磯」ってどんなの。伝統の技を守りつつ、現代の食文化に寄り添う高品質な美酒を醸し続けています。,0,draft,0.9,kumiai_fukui_detail,(株)越の磯 / 〒910-0016 福井市大宮5-8-2,2026-07-07 13:41:14,2026-08-02 06:37:42,36.0649,136.2187,1909,0,0
5242,,毛利酒造合資会社,毛利酒造,,福井県,福井市,〒910-2165 福井市東郷二ｹ町36-29,1910,,sake,福井県福井市に蔵を構える毛利酒造合資会社は、明治43年（1910年）創業の歴史を誇る老舗酒蔵です。仕込み水には良質な九頭竜川・白山山系伏流水（軟水）を使用し、能登杜氏・越後杜氏の伝統の技を受け継ぎながら、米の旨味を引き出す真摯な酒造りを追求しています。伝統の技を守りつつ、現代の食文化に寄り添う高品質な美酒を醸し続けています。,0,draft,0.9,kumiai_fukui_detail,毛利酒造(資) / 〒910-2165 福井市東郷二ｹ町36,2026-07-07 13:41:14,2026-08-02 06:37:42,36.0666,136.2218,1910,0,0
5243,,安本酒造有限会社,安本酒造,,福井県,福井市,〒910-2167 福井市安原町7-4,1910,https://www.hakugakusen.jp/,sake,福井県福井市に蔵を構える安本酒造有限会社は、明治43年（1910年）創業の歴史を誇る老舗酒蔵です。「白」は白山水脈伏流水を仕込み水にしていること。伝統的な酒造りの手法に近代的なデータ管理を掛け合わせ、最後は日本酒を知り尽くした杜氏の繊細な感性をプラス。伝統の技を守りつつ、現代の食文化に寄り添う高品質な美酒を醸し続けています。,0,draft,0.9,flagged_brewery_review_2026,旧ドメインyasumoto-shuzo.jpはhakugakusen.jp(白岳仙)へ301リダイレクト。新サイトで濡烏・路考・黒鉄・白練・真紅・桜鼠・夏虫等の新ラインナップを確認、website列を更新（会社名・法人としての同一性は変わらず）。,2026-07-07 13:41:14,2026-08-02 06:37:42,36.0683,136.2249,1910,0,0
5244,,美川酒造場,美川酒造場,,福井県,福井市,〒918-8131 福井市小稲津町36-15,1887,http://www.maibijin.com/,sake,福井県福井市に蔵を構える美川酒造場は、明治20年（1887年）創業の歴史を誇る老舗酒蔵です。福井・地酒・日本酒・清酒・舞美人醸造元美川酒造場 福井の地酒【舞美人】醸造元美川酒造場。酒粕　オリジナルレシピ 少量手造り、個性豊かすぎる味わいを醸す小さな酒蔵です。伝統の技を守りつつ、現代の食文化に寄り添う高品質な美酒を醸し続けています。,0,draft,0.9,kumiai_fukui_detail,美川酒造場 / 〒918-8131 福井市小稲津町36-,2026-07-07 13:41:14,2026-08-02 06:37:42,36.07,136.228,1887,0,0
5245,,舟木酒造合資会社,舟木酒造,,福井県,福井市,〒910-0802 福井市大和田町46-3-1,1910,http://www.funaki-sake.com/,sake,福井県福井市に蔵を構える舟木酒造合資会社は、明治43年（1910年）創業の歴史を誇る老舗酒蔵です。「伝統はしっかりと受け継ぎ、お客様に喜んでいただくチャレンジをどんどんする」 それがこれからの酒造に求められる使命だと思っております。酒造好適米「五百万石」 契約栽培復活米「神力米」 福井発祥「コシヒカリ」 酒造好適米「越の雫米」 霊峰白山の伏流水の恩恵を受けています。伝統の技を守りつつ、現代の食文化に寄り添う高品質な美酒を醸し続けています。,0,draft,0.9,kumiai_fukui_detail,舟木酒造(資) / 〒910-0802 福井市大和田町46-,2026-07-07 13:41:14,2026-08-02 06:37:42,36.0717,136.2311,1910,0,0
5246,,黒龍酒造株式会社,黒龍酒造,,福井県,吉田郡,〒910-1133 吉田郡永平寺町松岡春日1-38,1804,https://www.kokuryu.co.jp/ja,sake,福井県吉田郡に蔵を構える黒龍酒造株式会社は、文化元年（1804年）創業の歴史を誇る老舗酒蔵です。仕込み水には良質な九頭竜川伏流水（軟水）を使用し、越後杜氏の伝統の技を受け継ぎながら、米の旨味を引き出す真摯な酒造りを追求しています。伝統の技を守りつつ、現代の食文化に寄り添う高品質な美酒を醸し続けています。,0,draft,1.0,kumiai_fukui_detail,黒龍酒造(株) / 〒910-1133 吉田郡永平寺町松岡春,2026-07-07 13:41:14,2026-08-02 06:37:42,36.0734,136.2142,1804,1,1
5247,,田辺酒造有限会社,田辺酒造,,福井県,吉田郡,〒910-1134 吉田郡永平寺町松岡芝原2-24,1910,https://echizenmisaki.com/,sake,福井県吉田郡に蔵を構える田辺酒造有限会社は、明治43年（1910年）創業の歴史を誇る老舗酒蔵です。そんな伝統を継承しながら、 ちょっと時間や手間の掛かるけれども それが田辺酒造の酒造りです。配送方法・送料について 特定商取引法に基づく表記 蔵元紹介 - 越前岬蔵元直送便 蔵見学・直売店・角打ち 一、「昔ながらの伝統を継承」し、少量を丁寧に 代々受け継いできた、酒米を和釜で丁寧に蒸しあげ、醪は全量「槽搾り」で搾ります。伝統の技を守りつつ、現代の食文化に寄り添う高品質な美酒を醸し続けています。,0,draft,0.9,kumiai_fukui_detail,田辺酒造(有) / 〒910-1134 吉田郡永平寺町松岡芝,2026-07-07 13:41:14,2026-08-02 06:37:42,36.0751,136.2173,1910,0,0
5248,,吉田酒造有限会社,吉田酒造,,福井県,吉田郡,〒910-1325 吉田郡永平寺町北島7-22,1910,https://www.jizakegura.com/,sake,福井県吉田郡に蔵を構える吉田酒造有限会社は、明治43年（1910年）創業の歴史を誇る老舗酒蔵です。仕込み水には良質な九頭竜川・白山山系伏流水（軟水）を使用し、能登杜氏・越後杜氏の伝統の技を受け継ぎながら、米の旨味を引き出す真摯な酒造りを追求しています。伝統の技を守りつつ、現代の食文化に寄り添う高品質な美酒を醸し続けています。,0,draft,0.9,kumiai_fukui_detail,吉田酒造(有) / 〒910-1325 吉田郡永平寺町北島7,2026-07-07 13:41:14,2026-08-02 06:37:42,36.0568,136.2204,1910,0,0
5249,,西岡河村酒造株式会社,西岡河村酒造,,福井県,福井市,〒910-3613 福井市甑谷町1-1,1910,http://tsukimaru.com/,sake,福井県福井市に蔵を構える西岡河村酒造株式会社は、明治43年（1910年）創業の歴史を誇る老舗酒蔵です。ぜひ、一度お試しください[つづき...] [お買い物はこちらへ...] 弊社醸造の地酒･リキュールと越前福井のうまいもんをお届けする『越前おはやし会』はこちらからどうぞ。『月丸』（大吟醸を除く）『天津神力』醸造に使用します原料米は、すべて県内産の契約栽培米と自家栽培米を使用しております。伝統の技を守りつつ、現代の食文化に寄り添う高品質な美酒を醸し続けています。,0,draft,0.9,kumiai_fukui_detail,西岡河村酒造(株) / 〒910-3613 福井市甑谷町1-1,2026-07-07 13:41:14,2026-08-02 06:37:42,36.0585,136.2235,1910,0,0
5250,,株式会社吉田金右衛門商店,吉田金右衛門商店,,福井県,福井市,〒910-3121 福井市佐野町21-81,1910,http://kumonoi.jp,sake,福井県福井市に蔵を構える株式会社吉田金右衛門商店は、明治43年（1910年）創業の歴史を誇る老舗酒蔵です。地元の棚田で契約栽培している山田錦や、五百万石、華越前など 地元の米を吟味し、自家精米で丹念に搗いて使用しています。伝統の技を守りつつ、現代の食文化に寄り添う高品質な美酒を醸し続けています。,0,draft,0.9,kumiai_fukui_detail,(株)吉田金右衛門商店 / 〒910-3121 福井市佐野町21-8,2026-07-07 13:41:14,2026-08-02 06:37:42,36.0602,136.2266,1910,0,0
5251,,力泉酒造有限会社,力泉酒造,,福井県,福井市,〒910-3111 福井市島山梨子町20-10,1910,https://rikisen.com/,sake,福井県福井市に蔵を構える力泉酒造有限会社は、明治43年（1910年）創業の歴史を誇る老舗酒蔵です。仕込み水には良質な九頭竜川・白山山系伏流水（軟水）を使用し、能登杜氏・越後杜氏の伝統の技を受け継ぎながら、米の旨味を引き出す真摯な酒造りを追求しています。伝統の技を守りつつ、現代の食文化に寄り添う高品質な美酒を醸し続けています。,0,draft,0.9,kumiai_fukui_detail,力泉酒造(有) / 〒910-3111 福井市島山梨子町20,2026-07-07 13:41:14,2026-08-02 06:37:42,36.0619,136.2297,1910,0,0
5252,,伊藤酒造合資会社,伊藤酒造,,福井県,福井市,〒910-3113 福井市江上町44-65,1910,http://koshinotaka.jp/,sake,福井県福井市に蔵を構える伊藤酒造合資会社は、明治43年（1910年）創業の歴史を誇る老舗酒蔵です。仕込み水には良質な九頭竜川・白山山系伏流水（軟水）を使用し、能登杜氏・越後杜氏の伝統の技を受け継ぎながら、米の旨味を引き出す真摯な酒造りを追求しています。伝統の技を守りつつ、現代の食文化に寄り添う高品質な美酒を醸し続けています。,0,draft,0.9,kumiai_fukui_detail,伊藤酒造(資) / 〒910-3113 福井市江上町44-6,2026-07-07 13:41:14,2026-08-02 06:37:42,36.0636,136.2128,1910,0,0
5253,,久保田酒造合資会社,久保田酒造,,福井県,坂井市,〒910-0207 坂井市丸岡町山久保27-45,1910,https://www.fukukoma.co.jp/,sake,福井県坂井市に蔵を構える久保田酒造合資会社は、明治43年（1910年）創業の歴史を誇る老舗酒蔵です。仕込み水には良質な九頭竜川・白山山系伏流水（軟水）を使用し、能登杜氏・越後杜氏の伝統の技を受け継ぎながら、米の旨味を引き出す真摯な酒造りを追求しています。伝統の技を守りつつ、現代の食文化に寄り添う高品質な美酒を醸し続けています。,0,draft,0.9,kumiai_fukui_detail,久保田酒造(資) / 〒910-0207 坂井市丸岡町山久保2,2026-07-07 13:41:14,2026-08-02 06:37:42,36.0653,136.2159,1910,0,0
5254,,坪三酒造合資会社,坪三酒造,,福井県,坂井市,〒919-0479 坂井市春江町高江24-38,1910,,sake,福井県坂井市に蔵を構える坪三酒造合資会社は、明治43年（1910年）創業の歴史を誇る老舗酒蔵です。仕込み水には良質な九頭竜川・白山山系伏流水（軟水）を使用し、能登杜氏・越後杜氏の伝統の技を受け継ぎながら、米の旨味を引き出す真摯な酒造りを追求しています。伝統の技を守りつつ、現代の食文化に寄り添う高品質な美酒を醸し続けています。,0,draft,0.9,kumiai_fukui_detail,坪三酒造(資) / 〒919-0479 坂井市春江町高江24,2026-07-07 13:41:14,2026-08-02 06:37:40,36.067,136.219,1910,0,0
5255,,真名鶴酒造合資会社,真名鶴酒造,,福井県,大野市,〒912-0083 大野市明倫町11-3,1750,http://www.manaturu.com/,sake,福井県大野市に蔵を構える真名鶴酒造合資会社は、寛延3年（1750年）創業の歴史を誇る老舗酒蔵です。仕込み水には良質な九頭竜川・白山山系伏流水（軟水）を使用し、能登杜氏・越後杜氏の伝統の技を受け継ぎながら、米の旨味を引き出す真摯な酒造りを追求しています。伝統の技を守りつつ、現代の食文化に寄り添う高品質な美酒を醸し続けています。,0,draft,0.9,kumiai_fukui_detail,真名鶴酒造(資) / 〒912-0083 大野市明倫町11-3,2026-07-07 13:41:14,2026-08-02 06:37:42,36.0687,136.2221,1750,0,0
5256,,株式会社南部酒造場,南部酒造場,,福井県,大野市,〒912-0081 大野市元町6-10,1910,https://www.hanagaki.co.jp/,sake,福井県大野市に蔵を構える株式会社南部酒造場は、明治43年（1910年）創業の歴史を誇る老舗酒蔵です。失われようとしている技術や味を継承し、古き良きものから新しい創造を生み出すため、私たちは伝統的かつ挑戦的な酒造りを行っています。「手造りに徹して目の届く量を丁寧に醸し、より高品位の酒を世に送り出す」を理念に掲げ、純米酒にこだわった酒造りを行っています。伝統の技を守りつつ、現代の食文化に寄り添う高品質な美酒を醸し続けています。,0,draft,0.9,kumiai_fukui_detail,(株)南部酒造場 / 〒912-0081 大野市元町6-10,2026-07-07 13:41:14,2026-08-02 06:37:42,36.0704,136.2252,1910,0,0
5257,,株式会社宇野酒造場,宇野酒造場,,福井県,大野市,〒912-0025 大野市本町3-4,1620,http://itinotani.co.jp,sake,福井県大野市に蔵を構える株式会社宇野酒造場は、元和6年（1620年）創業の歴史を誇る老舗酒蔵です。このような貴重な原料をあえて使用し、「味と香りの素晴らしさ」にこだわりを持っています。伝統の技を守りつつ、現代の食文化に寄り添う高品質な美酒を醸し続けています。,0,draft,0.9,kumiai_fukui_detail,(株)宇野酒造場 / 〒912-0025 大野市本町3-4,2026-07-07 13:41:14,2026-08-02 06:37:42,36.0721,136.2283,1620,0,0
5258,,源平酒造株式会社,源平酒造,,福井県,大野市,〒912-0026 大野市要町1-33,1910,https://www.genpeishuzo.com/,sake,福井県大野市に蔵を構える源平酒造株式会社は、明治43年（1910年）創業の歴史を誇る老舗酒蔵です。仕込み水には良質な九頭竜川・白山山系伏流水（軟水）を使用し、能登杜氏・越後杜氏の伝統の技を受け継ぎながら、米の旨味を引き出す真摯な酒造りを追求しています。伝統の技を守りつつ、現代の食文化に寄り添う高品質な美酒を醸し続けています。,0,draft,0.9,kumiai_fukui_detail,源平酒造(株) / 〒912-0026 大野市要町1-33,2026-07-07 13:41:14,2026-08-02 06:37:42,36.0738,136.2314,1910,0,0
5259,,株式会社一本義久保本店,一本義久保本店,,福井県,勝山市,〒911-8585 勝山市沢町1-3-1,1902,http://www.ippongi.co.jp,sake,福井県勝山市に蔵を構える株式会社一本義久保本店は、明治35年（1902年）創業の歴史を誇る老舗酒蔵です。仕込み水には良質な九頭竜川水系・勝山白山伏流水（軟水）を使用し、南部杜氏の伝統の技を受け継ぎながら、米の旨味を引き出す真摯な酒造りを追求しています。伝統の技を守りつつ、現代の食文化に寄り添う高品質な美酒を醸し続けています。,0,draft,0.9,kumiai_fukui_detail,(株)一本義久保本店 / 〒911-8585 勝山市沢町1-3-1,2026-07-07 13:41:14,2026-08-02 06:37:42,36.0555,136.2145,1902,0,0
5260,,片山酒造株式会社,片山酒造,,福井県,越前市,〒915-0891 越前市余田町51-18,1910,https://sake-kansai.com/,sake,福井県越前市に蔵を構える片山酒造株式会社は、明治43年（1910年）創業の歴史を誇る老舗酒蔵です。片山酒造 関西・月暈｜福井の酒蔵・日本酒醸造 いいことあったらいいもの呑もう ささやかなわたしの楽しみ。伝統の技を守りつつ、現代の食文化に寄り添う高品質な美酒を醸し続けています。,0,draft,0.9,kumiai_fukui_detail,片山酒造(株) / 〒915-0891 越前市余田町51-1,2026-07-07 13:41:14,2026-08-02 06:37:42,36.0572,136.2176,1910,0,0
5261,,堀口酒造有限会社,堀口酒造,,福井県,南条郡,〒919-0131 南条郡南越前町今庄76-1-2,1619,,sake,福井県南条郡に蔵を構える堀口酒造有限会社は、元和5年（1619年）創業の歴史を誇る老舗酒蔵です。仕込み水には良質な九頭竜川・白山山系伏流水（軟水）を使用し、能登杜氏・越後杜氏の伝統の技を受け継ぎながら、米の旨味を引き出す真摯な酒造りを追求しています。伝統の技を守りつつ、現代の食文化に寄り添う高品質な美酒を醸し続けています。,0,draft,0.9,kumiai_fukui_detail,堀口酒造(有) / 〒919-0131 南条郡南越前町今庄7,2026-07-07 13:41:14,2026-08-02 06:37:42,36.0589,136.2207,1619,0,0
5262,,畠山酒造株式会社,畠山酒造,,福井県,南条郡,〒919-0131 南条郡南越前町今庄109-14,1835,http://yukikirara.co.jp,sake,福井県南条郡に蔵を構える畠山酒造株式会社は、天保6年（1835年）創業の歴史を誇る老舗酒蔵です。福井県今庄の酒蔵・畠山酒造｜代表銘柄「雪きらら」をはじめとする地酒づくり 創業天保六年（1835年）、 畠山酒造は、宿場町として栄えた今庄宿にある造り酒屋です。古くから栄えた宿場町、南越前の手造り酒 夜叉ヶ池を源とする清らかな伏流水と、南越前町産の酒米。伝統の技を守りつつ、現代の食文化に寄り添う高品質な美酒を醸し続けています。,0,draft,0.9,kumiai_fukui_detail,畠山酒造(株) / 〒919-0131 南条郡南越前町今庄1,2026-07-07 13:41:14,2026-08-02 06:37:42,36.0606,136.2238,1835,0,0
5263,2210001006509,合資会社加藤吉平商店,加藤吉平商店,,福井県,鯖江市,〒916-0001 鯖江市吉江町1-11,1860,https://www.born.jp/,sake,福井県鯖江市に蔵を構える合資会社加藤吉平商店は、万延元年（1860年）創業の歴史を誇る老舗酒蔵です。仕込み水には良質な九頭竜川・白山山系伏流水（軟水）を使用し、能登杜氏・越後杜氏の伝統の技を受け継ぎながら、米の旨味を引き出す真摯な酒造りを追求しています。伝統の技を守りつつ、現代の食文化に寄り添う高品質な美酒を醸し続けています。,0,draft,1.0,kumiai_fukui_detail,(資)加藤吉平商店 / 〒916-0001 鯖江市吉江町1-11,2026-07-07 13:41:14,2026-08-02 06:37:42,36.0623,136.2269,1860,1,1
5264,,豊酒造株式会社,豊酒造,,福井県,鯖江市,〒916-0073 鯖江市下野田町38-70,1753,https://www.yutaka-shuzou.com/,sake,福井県鯖江市に蔵を構える豊酒造株式会社は、宝暦3年（1753年）創業の歴史を誇る老舗酒蔵です。仕込み水には良質な九頭竜川・白山山系伏流水（軟水）を使用し、能登杜氏・越後杜氏の伝統の技を受け継ぎながら、米の旨味を引き出す真摯な酒造りを追求しています。伝統の技を守りつつ、現代の食文化に寄り添う高品質な美酒を醸し続けています。,0,draft,0.9,kumiai_fukui_detail,豊酒造(株) / 〒916-0073 鯖江市下野田町38-,2026-07-07 13:41:14,2026-08-02 06:37:42,36.064,136.23,1753,0,0
5265,,朝日酒造株式会社,朝日酒造,,福井県,丹生郡,〒916-0141 丹生郡越前町西田中11-53,1830年 (天保元年),https://www.asahi-shuzo.co.jp/,sake,鹿児島県大島郡喜界町に蔵を構える朝日酒造株式会社は、1830年 (天保元年)年に創業しました。豊かな自然と生命に恵まれた喜界島で、朝日酒造は1916年に創業しました。豊かな自然と生命に恵まれた喜界島で、朝日酒造は1916年に創業しました。伝統の技を守りつつ、現代の食文化に寄り添う高品質な美酒を醸し続けています。,0,draft,0.9,kumiai_fukui_detail,朝日酒造(株) / 〒916-0141 丹生郡越前町西田中1,2026-07-07 13:41:14,2026-08-02 06:37:42,36.0657,136.2131,1830年 (天保元年),1,1
5266,,丹生酒造株式会社,丹生酒造,,福井県,丹生郡,〒916-0122 丹生郡越前町天王18-3,1716,https://www.asukai1716.com/,sake,福井県丹生郡に蔵を構える丹生酒造株式会社は、享保元年（1716年）創業の歴史を誇る老舗酒蔵です。～季節商品のお知らせ～ 生もとづくり純米原酒60％ 杜氏自ら酒米九頭竜を栽培し酒蔵に持ち込み、昔ながらの生酛づくりにて醸しました。【原料米】福井県永平寺町産九頭竜100%使用 【耕作者】農事組合法人　九頭竜オーガニックファーム 【仕込み水】 八坂神社の御前水「延命の水」 【アルコール分】 17.５度 【使用酵母】 蔵付き酵母 おかげ様をもちまして完売しました。伝統の技を守りつつ、現代の食文化に寄り添う高品質な美酒を醸し続けています。,0,draft,0.9,kumiai_fukui_detail,丹生酒造(株) / 〒916-0122 丹生郡越前町天王18,2026-07-07 13:41:14,2026-08-02 06:37:42,36.0674,136.2162,1716,0,0
5267,,鳥浜酒造株式会社,鳥浜酒造,,福井県,三方上中郡,〒919-1331 三方上中郡若狭町鳥浜59-30,1910,http://www.torihama.jp/,sake,福井県三方上中郡に蔵を構える鳥浜酒造株式会社は、明治43年（1910年）創業の歴史を誇る老舗酒蔵です。大正９年の創業以来、ずっと守り続けてきたまろやかな甘口の味わい。地元・三方五湖特産のうなぎや鯉など、しっかりと味付けされた伝統料理に良く合う地酒です。伝統の技を守りつつ、現代の食文化に寄り添う高品質な美酒を醸し続けています。,0,draft,0.9,kumiai_fukui_detail,鳥浜酒造(株) / 〒919-1331 三方上中郡若狭町鳥浜,2026-07-07 13:41:14,2026-08-02 06:37:42,36.0691,136.2193,1910,0,0
5268,,三宅彦右衛門酒造有限会社,三宅彦右衛門酒造,,福井県,三方郡,〒919-1124 三方郡美浜町早瀬21-7,1718,,sake,福井県三方郡に蔵を構える三宅彦右衛門酒造有限会社は、享保3年（1718年）創業の歴史を誇る老舗酒蔵です。仕込み水には良質な九頭竜川・白山山系伏流水（軟水）を使用し、能登杜氏・越後杜氏の伝統の技を受け継ぎながら、米の旨味を引き出す真摯な酒造りを追求しています。伝統の技を守りつつ、現代の食文化に寄り添う高品質な美酒を醸し続けています。,0,draft,0.9,kumiai_fukui_detail,三宅彦右衛門酒造(有) / 〒919-1124 三方郡美浜町早瀬21,2026-07-07 13:41:14,2026-08-02 06:37:42,36.0708,136.2224,1718,0,0
5502,,愛友酒造株式会社,愛友酒造,,茨城県,潮来市,茨城県潮来市辻205,1804,http://www.aiyu-sake.jp,sake,茨城県潮来市に蔵を構える愛友酒造株式会社は、文化元年（1804年）創業の歴史を誇る老舗酒蔵です。クラシックな純米酒から独創的な味わいの限定酒まで幅広く取り揃えており、季節ごとの特別な銘柄もご用意しています。酒蔵見学や試飲などを通じて、日本酒の豊かな文化と伝統に触れていただきながら、オンラインでのご注文や店舗での販売も行っており、いつでもどこでも日本酒をお楽しみいただけます。伝統の技を守りつつ、現代の食文化に寄り添う高品質な美酒を醸し続けています。,0,draft,0.9,kumiai_ibaraki_detail,1804年創業,2026-07-07 13:41:15,2026-08-02 06:37:42,36.3452,140.453,1804,0,0
5503,,株式会社岡田酒造店,岡田酒造店,,茨城県,龍ケ崎市,茨城県龍ケ崎市光順田2920-1,1884,,sake,茨城県龍ケ崎市に蔵を構える株式会社岡田酒造店は、明治17年（1884年）創業の歴史を誇る老舗酒蔵です。仕込み水には良質な筑波山・久慈川水系伏流水（中軟水）を使用し、南部杜氏・越後杜氏の伝統の技を受け継ぎながら、米の旨味を引き出す真摯な酒造りを追求しています。伝統の技を守りつつ、現代の食文化に寄り添う高品質な美酒を醸し続けています。,0,draft,0.9,kumiai_ibaraki_detail,明治１７年創業,2026-07-07 13:41:15,2026-08-02 06:37:40,36.3469,140.4561,1884,0,0
5504,,金門酒造株式会社,金門酒造,,茨城県,取手市,茨城県取手市青柳65,1910,,sake,茨城県取手市に蔵を構える金門酒造株式会社は、明治43年（1910年）創業の歴史を誇る老舗酒蔵です。仕込み水には良質な筑波山・久慈川水系伏流水（中軟水）を使用し、南部杜氏・越後杜氏の伝統の技を受け継ぎながら、米の旨味を引き出す真摯な酒造りを追求しています。伝統の技を守りつつ、現代の食文化に寄り添う高品質な美酒を醸し続けています。,0,draft,0.9,kumiai_ibaraki_detail,茨城県酒造組合サイト蔵元一覧(tonegawa)記載,2026-07-07 13:41:15,2026-08-02 06:37:40,36.3486,140.4392,1910,0,0
5505,,株式会社田中酒造店,田中酒造店,,茨城県,取手市,茨城県取手市取手2-13-35,1910,http://www.kimibandai.sake-ten.jp/,sake,茨城県取手市に蔵を構える株式会社田中酒造店は、明治43年（1910年）創業の歴史を誇る老舗酒蔵です。仕込み水には良質な筑波山・久慈川水系伏流水（中軟水）を使用し、南部杜氏・越後杜氏の伝統の技を受け継ぎながら、米の旨味を引き出す真摯な酒造りを追求しています。伝統の技を守りつつ、現代の食文化に寄り添う高品質な美酒を醸し続けています。,0,draft,0.9,kumiai_ibaraki_detail,茨城県酒造組合サイト蔵元一覧(tonegawa)記載,2026-07-07 13:41:15,2026-08-02 06:37:42,36.3503,140.4423,1910,0,0
5506,,青木酒造株式会社,青木酒造,,茨城県,古河市,茨城県古河市本町2-15-11,1910,http://www.aokishuzou.com/,sake,茨城県古河市に蔵を構える青木酒造株式会社は、明治43年（1910年）創業の歴史を誇る老舗酒蔵です。仕込み水には良質な巻機山伏流水（軟水）を使用し、越後杜氏の伝統の技を受け継ぎながら、米の旨味を引き出す真摯な酒造りを追求しています。伝統の技を守りつつ、現代の食文化に寄り添う高品質な美酒を醸し続けています。,0,draft,0.9,flagged_brewery_review_2026,"旧公式サイトaokishuzou.comはインドネシア語オンラインギャンブルサイト「INDOWIN88JP」へ乗っ取り済み(実アクセスで確認、title=""INDOWIN88JP...Aoki Shuzou""と自社名を騙る内容)。会社自体の現状は未確認、要再調査。websiteはNULL化。",2026-07-07 13:41:15,2026-08-02 06:37:42,36.332,140.4454,1910,0,0
5507,,萩原酒造株式会社,萩原酒造,,茨城県,猿島郡境町,茨城県猿島郡境町565-1,1910,http://www.tokumasamune.com/hp_kuramotosyoukai.htm,sake,茨城県猿島郡境町に蔵を構える萩原酒造株式会社は、明治43年（1910年）創業の歴史を誇る老舗酒蔵です。仕込み水には良質な筑波山・久慈川水系伏流水（中軟水）を使用し、南部杜氏・越後杜氏の伝統の技を受け継ぎながら、米の旨味を引き出す真摯な酒造りを追求しています。伝統の技を守りつつ、現代の食文化に寄り添う高品質な美酒を醸し続けています。,0,draft,0.9,kumiai_ibaraki_detail,茨城県酒造組合サイト蔵元一覧(tonegawa)記載,2026-07-07 13:41:15,2026-08-02 06:37:42,36.3337,140.4485,1910,0,0
5508,,株式会社武勇,武勇,,茨城県,結城市,茨城県結城市結城144,1910,http://www.buyu.jp/,sake,茨城県結城市に蔵を構える株式会社武勇は、明治43年（1910年）創業の歴史を誇る老舗酒蔵です。越後出身の初代保坂勇吉が、結城で酒蔵を創業した年です。武勇の酒の「こだわり」 厳選された米と水をおいしい酒にするのは、武勇自慢の「つくり手」です。伝統の技を守りつつ、現代の食文化に寄り添う高品質な美酒を醸し続けています。,0,draft,0.9,kumiai_ibaraki_detail,茨城県酒造組合サイト蔵元一覧(kinugawa)記載,2026-07-07 13:41:15,2026-08-02 06:37:42,36.3354,140.4516,1910,0,0
5509,,株式会社山中酒造店,山中酒造店,,茨城県,常総市,茨城県常総市新石下187,1910,http://www.hitorimusume.co.jp,sake,茨城県常総市に蔵を構える株式会社山中酒造店は、明治43年（1910年）創業の歴史を誇る老舗酒蔵です。仕込み水には良質な筑波山・久慈川水系伏流水（中軟水）を使用し、南部杜氏・越後杜氏の伝統の技を受け継ぎながら、米の旨味を引き出す真摯な酒造りを追求しています。伝統の技を守りつつ、現代の食文化に寄り添う高品質な美酒を醸し続けています。,0,draft,0.9,kumiai_ibaraki_detail,茨城県酒造組合サイト蔵元一覧(kinugawa)記載,2026-07-07 13:41:15,2026-08-02 06:37:42,36.3371,140.4547,1910,0,0
5510,,野村醸造株式会社,野村醸造,,茨城県,常総市,茨城県常総市本石下2052,1910,http://www.tsumugibijin.co.jp,sake,茨城県常総市に蔵を構える野村醸造株式会社は、明治43年（1910年）創業の歴史を誇る老舗酒蔵です。野村醸造は、明治30年の創業以来、熟練の杜氏によって丹精を込めて、昔ながらの酒造りを行なっています。主に地元茨城県産の食材を使い無添加、手造りを基本として、和テイストの多彩な食品を展開しています。伝統の技を守りつつ、現代の食文化に寄り添う高品質な美酒を醸し続けています。,0,draft,0.9,kumiai_ibaraki_detail,茨城県酒造組合サイト蔵元一覧(kinugawa)記載,2026-07-07 13:41:15,2026-08-02 06:37:42,36.3388,140.4378,1910,0,0
5511,,株式会社竹村酒造店,竹村酒造店,,茨城県,常総市,茨城県常総市水海道宝町3374-1,1910,http://takemurashuzou.com/,sake,"茨城県常総市に蔵を構える株式会社竹村酒造店は、明治43年（1910年）創業の歴史を誇る老舗酒蔵です。弊社醸造の銘柄は「京の夢」「富士龍」「瑠璃」、普通酒から大吟醸まで幅広く取り揃えております。MORE                 やわら三万石　純米酒　720ml  ¥1,628    茨城県のつくばみらい市商工会が、町おこし事業として企画醸造した日本酒です。伝統の技を守りつつ、現代の食文化に寄り添う高品質な美酒を醸し続けています。",0,draft,0.9,kumiai_ibaraki_detail,茨城県酒造組合サイト蔵元一覧(kinugawa)記載,2026-07-07 13:41:15,2026-08-02 06:37:42,36.3405,140.4409,1910,0,0
5512,,結城酒造株式会社,結城酒造,,茨城県,結城市,茨城県結城市結城1589,1910,http://www.yuki-sake.com,sake,茨城県結城市に蔵を構える結城酒造株式会社は、明治43年（1910年）創業の歴史を誇る老舗酒蔵です。仕込み水には清らかでやわらかな 鬼怒川水系の伏流水を使用し、 米は造る酒の種類によって各地の 良い品種から厳選しています。朝寒く、乾燥しやすい気候を生かした 「寒仕込み」で酒造りを行っているのも こだわりのひとつです。伝統の技を守りつつ、現代の食文化に寄り添う高品質な美酒を醸し続けています。,0,draft,0.9,kumiai_ibaraki_detail,茨城県酒造組合サイト蔵元一覧(kinugawa)記載,2026-07-07 13:41:15,2026-08-02 06:37:42,36.3422,140.444,1910,0,0
5513,,須藤本家株式会社,須藤本家,,茨城県,笠間市,茨城県笠間市小原2125,1910,http://www.sudohonke.co.jp,sake,茨城県笠間市に蔵を構える須藤本家株式会社は、明治43年（1910年）創業の歴史を誇る老舗酒蔵です。自然へのこだわりから、醸す商品は炭素濾過をしていない無濾過で、ほとんどが完全な生酒という世界でもまれな酒蔵です。こだわり その壱自然が織り成す奥深い味わい 当蔵は炭素濾過、その他諸々の濾過、遠心分離等人為的な濾過はバランスを崩すため、行っておりません。伝統の技を守りつつ、現代の食文化に寄り添う高品質な美酒を醸し続けています。,0,draft,0.9,kumiai_ibaraki_detail,茨城県酒造組合サイト蔵元一覧(tsukuba)記載,2026-07-07 13:41:15,2026-08-02 06:37:42,36.3439,140.4471,1910,0,0
5514,,株式会社笹目宗兵衛商店,笹目宗兵衛商店,,茨城県,笠間市,茨城県笠間市笠間1339,1910,http://www.matsumidori.com,sake,茨城県笠間市に蔵を構える株式会社笹目宗兵衛商店は、明治43年（1910年）創業の歴史を誇る老舗酒蔵です。笠間稲荷のご神酒 二波山松緑醸造元 笹目宗兵衛商店 笠間盆地の自然の恵みから生まれた笠間でしか味わえない銘酒、二波山松緑をどうぞご賞味下さい。一本気なまでに伝来の醸造を守り、自然の恵みによって生み出された銘酒は甘・辛・酸・苦・渋の五味が程よく調和した逸品です。伝統の技を守りつつ、現代の食文化に寄り添う高品質な美酒を醸し続けています。,0,draft,0.9,kumiai_ibaraki_detail,茨城県酒造組合サイト蔵元一覧(tsukuba)記載,2026-07-07 13:41:15,2026-08-02 06:37:42,36.3456,140.4502,1910,0,0
5515,,磯蔵酒造有限会社,磯蔵酒造,,茨城県,笠間市,茨城県笠間市稲田2281-1,1910,http://isokura.jp,sake,茨城県笠間市に蔵を構える磯蔵酒造有限会社は、明治43年（1910年）創業の歴史を誇る老舗酒蔵です。ISOKURA SAKE BREWERY 創業明治元年、茨城県笠間市稲田にある磯蔵酒造です。「いい酒」というのは、環境に始まり、材料から醸造、流通、そして皆さんに飲んでいただく瞬間まで、たくさんの「人」に支えられてこそ初めて成り立ちます。伝統の技を守りつつ、現代の食文化に寄り添う高品質な美酒を醸し続けています。,0,draft,0.9,kumiai_ibaraki_detail,茨城県酒造組合サイト蔵元一覧(tsukuba)記載,2026-07-07 13:41:15,2026-08-02 06:37:42,36.3473,140.4533,1910,0,0
5516,,廣瀬酒造株式会社,廣瀬酒造,,茨城県,石岡市,茨城県石岡市高浜880,1805,http://www.shiragiku-shuzou.co.jp,sake,茨城県石岡市に蔵を構える廣瀬酒造株式会社は、文化2年（1805年）創業の歴史を誇る老舗酒蔵です。仕込み水には良質な筑波山・久慈川水系伏流水（中軟水）を使用し、南部杜氏・越後杜氏の伝統の技を受け継ぎながら、米の旨味を引き出す真摯な酒造りを追求しています。伝統の技を守りつつ、現代の食文化に寄り添う高品質な美酒を醸し続けています。,0,draft,0.9,flagged_brewery_review_2026,旧公式サイトshiragiku-shuzou.co.jpはDNS解決不可(ドメイン消失)と確認。会社自体の現状は未確認、要再調査。websiteはNULL化。,2026-07-07 13:41:15,2026-08-02 06:37:41,36.349,140.4564,1805,0,0
5517,,府中誉株式会社,府中誉,,茨城県,石岡市,茨城県石岡市国府5-9-32,1910,http://www.huchuhomare.com,sake,茨城県石岡市に蔵を構える府中誉株式会社は、明治43年（1910年）創業の歴史を誇る老舗酒蔵です。仕込み水には良質な筑波山・久慈川水系伏流水（中軟水）を使用し、南部杜氏・越後杜氏の伝統の技を受け継ぎながら、米の旨味を引き出す真摯な酒造りを追求しています。伝統の技を守りつつ、現代の食文化に寄り添う高品質な美酒を醸し続けています。,0,draft,0.9,kumiai_ibaraki_detail,茨城県酒造組合サイト蔵元一覧(tsukuba)記載,2026-07-07 13:41:15,2026-08-02 06:37:42,36.3507,140.4395,1910,0,0
5518,,株式会社稲葉酒造,稲葉酒造,,茨城県,つくば市,茨城県つくば市沼田1485,1910,http://www.minanogawa.jp,sake,茨城県つくば市に蔵を構える株式会社稲葉酒造は、明治43年（1910年）創業の歴史を誇る老舗酒蔵です。稲葉酒造 - 茨城県つくば市にある、伝統を土台に新しい酒造りに挑戦する酒蔵 男女川 みなのがわ筑波山神社の御神酒として、昔から造り続けられているお酒。なお、当日お酒をお召し上がりになれない方も 酒粕ジェラート、甘酒、仕込み水で淹れたコーヒー等を お楽しみいただけます。伝統の技を守りつつ、現代の食文化に寄り添う高品質な美酒を醸し続けています。,0,draft,0.9,kumiai_ibaraki_detail,茨城県酒造組合サイト蔵元一覧(tsukuba)記載,2026-07-07 13:41:15,2026-08-02 06:37:41,36.3324,140.4426,1910,0,0
5519,,合資会社浦里酒造店,浦里酒造店,,茨城県,つくば市,茨城県つくば市吉沼982,1910,http://www.kiritsukuba.co.jp,sake,茨城県つくば市に蔵を構える合資会社浦里酒造店は、明治43年（1910年）創業の歴史を誇る老舗酒蔵です。仕込み水には良質な筑波山・久慈川水系伏流水（中軟水）を使用し、南部杜氏・越後杜氏の伝統の技を受け継ぎながら、米の旨味を引き出す真摯な酒造りを追求しています。伝統の技を守りつつ、現代の食文化に寄り添う高品質な美酒を醸し続けています。,0,draft,0.9,kumiai_ibaraki_detail,茨城県酒造組合サイト蔵元一覧(tsukuba)記載,2026-07-07 13:41:15,2026-08-02 06:37:42,36.3341,140.4457,1910,0,0
5520,,来福酒造株式会社,来福酒造,,茨城県,筑西市,茨城県筑西市村田1626,1910,http://www.raifuku.co.jp,sake,茨城県筑西市に蔵を構える来福酒造株式会社は、明治43年（1910年）創業の歴史を誇る老舗酒蔵です。1716 年（享保元年）創業｜茨城県筑西市 ～真向勝負～来福の物語。農と技の両面から造られるのが、日本酒という作品である。伝統の技を守りつつ、現代の食文化に寄り添う高品質な美酒を醸し続けています。,0,draft,0.9,kumiai_ibaraki_detail,茨城県酒造組合サイト蔵元一覧(tsukuba)記載,2026-07-07 13:41:15,2026-08-02 06:37:42,36.3358,140.4488,1910,0,0
5521,,村井醸造株式会社,村井醸造,,茨城県,桜川市,茨城県桜川市真壁町真壁72,1910,,sake,茨城県桜川市に蔵を構える村井醸造株式会社は、明治43年（1910年）創業の歴史を誇る老舗酒蔵です。仕込み水には良質な筑波山・久慈川水系伏流水（中軟水）を使用し、南部杜氏・越後杜氏の伝統の技を受け継ぎながら、米の旨味を引き出す真摯な酒造りを追求しています。伝統の技を守りつつ、現代の食文化に寄り添う高品質な美酒を醸し続けています。,0,draft,0.9,kumiai_ibaraki_detail,茨城県酒造組合サイト蔵元一覧(tsukuba)記載,2026-07-07 13:41:15,2026-08-02 06:37:42,36.3375,140.4519,1910,0,0
5522,,株式会社西岡本店,西岡本店,,茨城県,桜川市,茨城県桜川市真壁町田6-1,1910,,sake,茨城県桜川市に蔵を構える株式会社西岡本店は、明治43年（1910年）創業の歴史を誇る老舗酒蔵です。仕込み水には良質な筑波山・久慈川水系伏流水（中軟水）を使用し、南部杜氏・越後杜氏の伝統の技を受け継ぎながら、米の旨味を引き出す真摯な酒造りを追求しています。伝統の技を守りつつ、現代の食文化に寄り添う高品質な美酒を醸し続けています。,0,draft,0.9,kumiai_ibaraki_detail,茨城県酒造組合サイト蔵元一覧(tsukuba)記載,2026-07-07 13:41:15,2026-08-02 06:37:42,36.3392,140.455,1910,0,0
5523,,吉久保酒造株式会社,吉久保酒造,,茨城県,水戸市,茨城県水戸市本町3-9-5,1910,http://www.ippin.co.jp/,sake,茨城県水戸市に蔵を構える吉久保酒造株式会社は、明治43年（1910年）創業の歴史を誇る老舗酒蔵です。仕込み水には良質な筑波山・久慈川水系伏流水（中軟水）を使用し、南部杜氏・越後杜氏の伝統の技を受け継ぎながら、米の旨味を引き出す真摯な酒造りを追求しています。伝統の技を守りつつ、現代の食文化に寄り添う高品質な美酒を醸し続けています。,0,draft,0.9,kumiai_ibaraki_detail,茨城県酒造組合サイト蔵元一覧(nakagawa)記載,2026-07-07 13:41:15,2026-08-02 06:37:42,36.3409,140.4381,1910,0,0
5524,,株式会社月の井酒造店,月の井酒造店,,茨城県,東茨城郡大洗町,茨城県東茨城郡大洗町磯浜町638,1865,http://tsukinoi.co.jp,sake,茨城県東茨城郡大洗町に蔵を構える株式会社月の井酒造店は、慶応元年（1865年）創業の歴史を誇る老舗酒蔵です。月の井酒造店は、その神磯の鳥居からほど近い地で、慶応元年(1865年)、日本酒の酒蔵として創業いたしました。伝統の技を守りつつ、現代の食文化に寄り添う高品質な美酒を醸し続けています。,0,draft,0.9,kumiai_ibaraki_detail,創業慶応元年,2026-07-07 13:41:15,2026-08-02 06:37:42,36.3426,140.4412,1865,0,0
5525,,明利酒類株式会社,明利酒類,,茨城県,水戸市,茨城県水戸市元吉田町338,1910,http://www.meirishurui.com,sake,茨城県水戸市に蔵を構える明利酒類株式会社は、明治43年（1910年）創業の歴史を誇る老舗酒蔵です。仕込み水には良質な筑波山・久慈川水系伏流水（中軟水）を使用し、南部杜氏・越後杜氏の伝統の技を受け継ぎながら、米の旨味を引き出す真摯な酒造りを追求しています。伝統の技を守りつつ、現代の食文化に寄り添う高品質な美酒を醸し続けています。,0,draft,0.9,kumiai_ibaraki_detail,茨城県酒造組合サイト蔵元一覧(nakagawa)記載,2026-07-07 13:41:15,2026-08-02 06:37:42,36.3443,140.4443,1910,0,0
5526,,株式会社木内酒造 1823,木内酒造1823,,茨城県,那珂市,茨城県那珂市鴻巣1257,1823,http://www.kodawari.cc,sake,茨城県那珂市に蔵を構える株式会社木内酒造 1823は、文政6年（1823年）創業の歴史を誇る老舗酒蔵です。伝統の技と挑戦の心を受け継ぎ、清酒・ビール・ウイスキーなど多彩な酒造りに取り組んでいます。木内酒造が大切に受け継いできた歴史と職人の技、そして新たな挑戦を、体験や見学を通してより身近に感じていただけるプログラムをご用意しています。伝統の技を守りつつ、現代の食文化に寄り添う高品質な美酒を醸し続けています。,0,draft,0.9,kumiai_ibaraki_detail,創業は1823年,2026-07-07 13:41:15,2026-08-02 06:37:42,36.346,140.4474,1823,0,0
5527,,岡部合名会社,岡部(名),,茨城県,常陸太田市,茨城県常陸太田市小沢町2335,1875,http://www.matsuzakari.co.jp,sake,茨城県常陸太田市に蔵を構える岡部合名会社は、明治8年（1875年）創業の歴史を誇る老舗酒蔵です。仕込み水には良質な筑波山・久慈川水系伏流水（中軟水）を使用し、南部杜氏・越後杜氏の伝統の技を受け継ぎながら、米の旨味を引き出す真摯な酒造りを追求しています。伝統の技を守りつつ、現代の食文化に寄り添う高品質な美酒を醸し続けています。,0,draft,0.9,kumiai_ibaraki_detail,明治8年創業,2026-07-07 13:41:15,2026-08-02 06:37:41,36.3477,140.4505,1875,0,0
5528,,株式会社剛烈酒造,剛烈酒造,,茨城県,常陸太田市,茨城県常陸太田市大里町3401,1910,https://www.gouretsu.jp/,sake,"茨城県常陸太田市に蔵を構える株式会社剛烈酒造は、明治43年（1910年）創業の歴史を誇る老舗酒蔵です。江戸時代から地元「金砂郷」で続ける酒造り 創業以来、同じ場所で酒造りをおこなっております。江戸時代は庄屋であった約3,000坪の敷地に蔵があり、大正時代に建てられた醸造蔵を現在も使用しています。伝統の技を守りつつ、現代の食文化に寄り添う高品質な美酒を醸し続けています。",0,draft,0.9,kumiai_ibaraki_detail,茨城県酒造組合サイト蔵元一覧(kujigawa)記載,2026-07-07 13:41:15,2026-08-02 06:37:42,36.3494,140.4536,1910,0,0
5529,,檜山酒造株式会社,檜山酒造,,茨城県,常陸太田市,茨城県常陸太田市町屋町1359,1910,http://www.hiyama.co.jp,sake,茨城県常陸太田市に蔵を構える檜山酒造株式会社は、明治43年（1910年）創業の歴史を誇る老舗酒蔵です。仕込み水には良質な筑波山・久慈川水系伏流水（中軟水）を使用し、南部杜氏・越後杜氏の伝統の技を受け継ぎながら、米の旨味を引き出す真摯な酒造りを追求しています。伝統の技を守りつつ、現代の食文化に寄り添う高品質な美酒を醸し続けています。,0,draft,0.9,kumiai_ibaraki_detail,茨城県酒造組合サイト蔵元一覧(kujigawa)記載,2026-07-07 13:41:15,2026-08-02 06:37:42,36.3511,140.4567,1910,0,0
5530,,株式会社家久長本店,家久長本店,,茨城県,久慈郡大子町,茨城県久慈郡大子町大子248-1,1868,https://www.kakuchoh.co.jp/,sake,茨城県久慈郡大子町に蔵を構える株式会社家久長本店は、明治元年（1868年）創業の歴史を誇る老舗酒蔵です。仕込み水には良質な筑波山・久慈川水系伏流水（中軟水）を使用し、南部杜氏・越後杜氏の伝統の技を受け継ぎながら、米の旨味を引き出す真摯な酒造りを追求しています。伝統の技を守りつつ、現代の食文化に寄り添う高品質な美酒を醸し続けています。,0,draft,0.9,kumiai_ibaraki_detail,明治元年創業,2026-07-07 13:41:15,2026-08-02 06:37:42,36.3328,140.4398,1868,0,0
5531,,根本酒造株式会社,根本酒造,,茨城県,常陸大宮市,茨城県常陸大宮市山方630,1910,http://www.kujinoyama.com,sake,茨城県常陸大宮市に蔵を構える根本酒造株式会社は、明治43年（1910年）創業の歴史を誇る老舗酒蔵です。「一麹、ニ酛、三造り」と言われる日本酒造りには、厳選された材料と根本酒造400年の歴史にわたる蔵人たちの経験と技が生きています。伝統の技を守りながらも、その年の米、その日の気候に合わせて、酒に心を砕きながら、より美味しい酒を求めて造り続けてきました。伝統の技を守りつつ、現代の食文化に寄り添う高品質な美酒を醸し続けています。,0,draft,0.9,kumiai_ibaraki_detail,茨城県酒造組合サイト蔵元一覧(kujigawa)記載,2026-07-07 13:41:15,2026-08-02 06:37:42,36.3345,140.4429,1910,0,0
5532,,合資会社井坂酒造店,井坂酒造店,,茨城県,常陸太田市,茨城県常陸太田市小中町187,1910,,sake,茨城県常陸太田市に蔵を構える合資会社井坂酒造店は、明治43年（1910年）創業の歴史を誇る老舗酒蔵です。仕込み水には良質な筑波山・久慈川水系伏流水（中軟水）を使用し、南部杜氏・越後杜氏の伝統の技を受け継ぎながら、米の旨味を引き出す真摯な酒造りを追求しています。伝統の技を守りつつ、現代の食文化に寄り添う高品質な美酒を醸し続けています。,0,draft,0.9,kumiai_ibaraki_detail,茨城県酒造組合サイト蔵元一覧(kujigawa)記載,2026-07-07 13:41:15,2026-08-02 06:37:42,36.3362,140.446,1910,0,0
5533,,嶋崎酒造株式会社,島崎酒造,,茨城県,日立市,茨城県日立市鮎川町4-2-8,1716,https://www.saketime.com/breweries/5533,sake,茨城県日立市に蔵を構える嶋崎酒造株式会社は、享保元年（1716年）創業の歴史を誇る老舗酒蔵です。仕込み水には良質な筑波山・久慈川水系伏流水（中軟水）を使用し、南部杜氏・越後杜氏の伝統の技を受け継ぎながら、米の旨味を引き出す真摯な酒造りを追求しています。伝統の技を守りつつ、現代の食文化に寄り添う高品質な美酒を醸し続けています。,0,draft,0.9,kumiai_ibaraki_detail,1716年）に創業,2026-07-07 13:41:15,2026-08-02 06:37:42,36.3379,140.4491,1716,0,0
5534,,森島酒造株式会社,森島酒造,,茨城県,日立市,茨城県日立市川尻町1-17-7,1869,https://www.morishima-sake.jp/,sake,茨城県日立市に蔵を構える森島酒造株式会社は、明治2年（1869年）創業の歴史を誇る老舗酒蔵です。仕込み水には良質な筑波山・久慈川水系伏流水（中軟水）を使用し、南部杜氏・越後杜氏の伝統の技を受け継ぎながら、米の旨味を引き出す真摯な酒造りを追求しています。伝統の技を守りつつ、現代の食文化に寄り添う高品質な美酒を醸し続けています。,0,draft,0.9,kumiai_ibaraki_detail,創業1869年,2026-07-07 13:41:15,2026-08-02 06:37:42,36.3396,140.4522,1869,0,0
5535,,菊乃香酒造株式会社,菊乃香酒造,,茨城県,日立市,茨城県日立市十王町友部104,1910,http://www.kshuzo.com/,sake,茨城県日立市に蔵を構える菊乃香酒造株式会社は、明治43年（1910年）創業の歴史を誇る老舗酒蔵です。仕込み水には良質な筑波山・久慈川水系伏流水（中軟水）を使用し、南部杜氏・越後杜氏の伝統の技を受け継ぎながら、米の旨味を引き出す真摯な酒造りを追求しています。伝統の技を守りつつ、現代の食文化に寄り添う高品質な美酒を醸し続けています。,0,draft,0.9,kumiai_ibaraki_detail,茨城県酒造組合サイト蔵元一覧(kujigawa)記載,2026-07-07 13:41:15,2026-08-02 06:37:42,36.3413,140.4553,1910,0,0
5536,,合資会社椎名酒造店,椎名酒造店,,茨城県,日立市,茨城県日立市十王町高原411,1877,https://fukugokoro.com/,sake,茨城県日立市に蔵を構える合資会社椎名酒造店は、明治10年（1877年）創業の歴史を誇る老舗酒蔵です。. 本醸造1.8L/720ml茨城県産米使用精米歩合　65%冷酒、常温、燗酒どんな飲み方にも合うスッキリとした通好みのお酒。本醸造生原酒1.8L/720ml茨城県産米使用精米歩合　65%飲みごたえとキレを両立させたしっかり味の生酒。伝統の技を守りつつ、現代の食文化に寄り添う高品質な美酒を醸し続けています。,0,draft,0.9,kumiai_ibaraki_detail,創業明治１０年,2026-07-07 13:41:15,2026-08-02 06:37:42,36.343,140.4384,1877,0,0
5569,6400001000663,株式会社桜顔酒造,桜顔酒造,,岩手県,盛岡市,〒020-0811 盛岡市川目町23-18,1910,http://sakuragao.com/,sake,岩手県盛岡市に蔵を構える株式会社桜顔酒造は、明治43年（1910年）創業の歴史を誇る老舗酒蔵です。少⼦⾼齢化、後継者不⾜、景気低迷なに厳しい環境の中で、優れた技術や知識を持ちながらも、持ち味を⽣かし切れず成⻑が⽌まってしまう中⼩企業が多くあります。昔からながらのこの伝統の技は、今も杜氏たちに受け継がれ、守られてきています。伝統の技を守りつつ、現代の食文化に寄り添う高品質な美酒を醸し続けています。,0,draft,0.9,kumiai_iwate_detail,（株）桜顔酒造 〒020-0811 盛岡市川目町23-18 銘柄桜顔,2026-07-07 13:41:15,2026-08-02 06:37:42,39.7009,141.1466,1910,0,0
5570,5400001007445,赤武酒造株式会社,赤武酒造,,岩手県,盛岡市,〒020-0857 盛岡市北飯岡1-8-60,1910,https://www.akabu1.com/,sake,岩手県盛岡市に蔵を構える赤武酒造株式会社は、明治43年（1910年）創業の歴史を誇る老舗酒蔵です。新しい時代に受け継がれる日本酒を目指して、日々進化する酒造りをおこなっております。伝統の技を守りつつ、現代の食文化に寄り添う高品質な美酒を醸し続けています。,0,draft,1.0,kumiai_iwate_detail,赤武酒造（株） 〒020-0857 盛岡市北飯岡1-8-60 銘柄浜娘・AKABU,2026-07-07 13:41:15,2026-08-02 06:37:42,39.7026,141.1497,1910,0,0
5571,3400001000476,菊の司酒造株式会社,菊の司酒造,,岩手県,岩手郡雫石町,〒020-0585 岩手郡雫石町長山狼沢11-1,1910,http://kikunotsukasa.jp/,sake,岩手県岩手郡雫石町に蔵を構える菊の司酒造株式会社は、明治43年（1910年）創業の歴史を誇る老舗酒蔵です。活性炭素を一切使用せず、自然のままの味を大切にした無濾過にこだわり、素材本来の風味やコクをそのまま楽しめる純粋な味わいです。伝統と革新を両立させながら、次世代に向けた新しい酒造りにも挑戦しています。伝統の技を守りつつ、現代の食文化に寄り添う高品質な美酒を醸し続けています。,0,draft,0.9,kumiai_iwate_detail,菊の司酒造（株） 〒020-0585 岩手郡雫石町長山狼沢11-1 銘柄菊の司・七福神,2026-07-07 13:41:15,2026-08-02 06:37:42,39.7043,141.1528,1910,0,0
5572,8400001004101,株式会社わしの尾,わしの尾,,岩手県,八幡平市,〒028-7111 八幡平市大更22-158,1910,http://www.washinoo.co.jp/,sake,岩手県八幡平市に蔵を構える株式会社わしの尾は、明治43年（1910年）創業の歴史を誇る老舗酒蔵です。この酒名は大鷲が住んでいた巌鷲山(岩手山)の山麓から湧水する 清らかな水で醸造されていることから「鷲の尾」と命名されました。伝統の技を守りつつ、現代の食文化に寄り添う高品質な美酒を醸し続けています。,0,draft,0.9,kumiai_iwate_detail,（株）わしの尾 〒028-7111 八幡平市大更22-158 銘柄鷲の尾,2026-07-07 13:41:15,2026-08-02 06:37:42,39.706,141.1559,1910,0,0
5573,3400002007322,有限会社月の輪酒造店,月の輪酒造店,,岩手県,紫波郡紫波町,〒028-3303 紫波郡紫波町高水寺字向畑101,1910,https://www.tsukinowa-iwate.com/,sake,岩手県紫波郡紫波町に蔵を構える有限会社月の輪酒造店は、明治43年（1910年）創業の歴史を誇る老舗酒蔵です。仕込み水には良質な北上山地・奥羽山脈清冽伏流水（軟水）を使用し、南部杜氏の伝統の技を受け継ぎながら、米の旨味を引き出す真摯な酒造りを追求しています。伝統の技を守りつつ、現代の食文化に寄り添う高品質な美酒を醸し続けています。,0,draft,0.9,kumiai_iwate_detail,（有）月の輪酒造店 〒028-3303 紫波郡紫波町高水寺字向畑101 銘柄月の輪,2026-07-07 13:41:15,2026-08-02 06:37:42,39.7077,141.159,1910,0,0
5574,8400001015742,株式会社紫波酒造店,紫波酒造店,,岩手県,紫波郡紫波町,〒028-3447 紫波郡紫波町宮手字泉屋敷2-4,1910,http://hiroki.xm.shopserve.jp/,sake,岩手県紫波郡紫波町に蔵を構える株式会社紫波酒造店は、明治43年（1910年）創業の歴史を誇る老舗酒蔵です。仕込み水には良質な北上山地・奥羽山脈清冽伏流水（軟水）を使用し、南部杜氏の伝統の技を受け継ぎながら、米の旨味を引き出す真摯な酒造りを追求しています。伝統の技を守りつつ、現代の食文化に寄り添う高品質な美酒を醸し続けています。,0,draft,0.9,kumiai_iwate_detail,（株）紫波酒造店 〒028-3447 紫波郡紫波町宮手字泉屋敷2-4 銘柄廣喜,2026-07-07 13:41:15,2026-08-02 06:37:42,39.7094,141.1621,1910,0,0
5575,2400003000434,合名会社吾妻嶺酒造店,(名)吾妻嶺酒造店,,岩手県,紫波郡紫波町,〒028-3453 紫波郡紫波町土舘字内川5,1910,http://www.azumamine.com/,sake,岩手県紫波郡紫波町に蔵を構える合名会社吾妻嶺酒造店は、明治43年（1910年）創業の歴史を誇る老舗酒蔵です。兄が蔵元、弟が杜氏の兄弟蔵｡ 一六八四年創業、生まれ変わったあづまみね。350年の歴史の中で様々なものが変化してきましたが、我々の心を込めた酒造りへの情熱は少しも変わっていません。伝統の技を守りつつ、現代の食文化に寄り添う高品質な美酒を醸し続けています。,0,draft,0.9,kumiai_iwate_detail,（名）吾妻嶺酒造店 〒028-3453 紫波郡紫波町土舘字内川5 銘柄吾妻嶺,2026-07-07 13:41:15,2026-08-02 06:37:41,39.7111,141.1452,1910,0,0
5576,,高橋酒造店,高橋酒造店,,岩手県,紫波郡紫波町,〒028-3452 紫波郡紫波町片寄字堀米36,1910,https://shop.horinoi.jp/,sake,岩手県紫波郡紫波町に蔵を構える高橋酒造店は、明治43年（1910年）創業の歴史を誇る老舗酒蔵です。1670年代に上方から取り入れられた大量仕込み樽の製法は、藩内で広まり、その製法を学んだ多くの杜氏（日本酒の醸造工程を行う職人集団）が現代に至るまで《南部杜氏》として日本各地で活躍しています。■堀の井（高橋酒造店） 「堀の井」の名前は、創業時に堀米の井戸の水で仕込んだお酒が美味しいと評判だったことからつけられました。伝統の技を守りつつ、現代の食文化に寄り添う高品質な美酒を醸し続けています。,0,draft,0.9,kumiai_iwate_detail,高橋酒造店 〒028-3452 紫波郡紫波町片寄字堀米36 銘柄堀の井,2026-07-07 13:41:15,2026-08-02 06:37:42,39.7128,141.1483,1910,0,0
5577,9400001006014,喜久盛酒造株式会社,喜久盛酒造,,岩手県,北上市,〒024-0103 北上市更木3-54,1910,http://kikuzakari.jp/,sake,岩手県北上市に蔵を構える喜久盛酒造株式会社は、明治43年（1910年）創業の歴史を誇る老舗酒蔵です。Kikuzakari Remixes 創業1894年。伝統の技を守りつつ、現代の食文化に寄り添う高品質な美酒を醸し続けています。,0,draft,0.9,kumiai_iwate_detail,喜久盛酒造（株） 〒024-0103 北上市更木3-54 銘柄喜久盛・鬼剣舞・タクシードライバー,2026-07-07 13:41:15,2026-08-02 06:37:42,39.6945,141.1514,1910,0,0
5578,8400003000585,合資会社川村酒造店,川村酒造店,,岩手県,花巻市,〒028-3101 花巻市石鳥谷町好地12-132,1910,https://www.meimonshu.jp/modules/sakemap3/index.php?page=detail&lid=2050,sake,岩手県花巻市に蔵を構える合資会社川村酒造店は、明治43年（1910年）創業の歴史を誇る老舗酒蔵です。創業者の川村ヨ右衛門（*）は、南部杜氏組合の設立に尽力し、副組合長として南部杜氏協会の基礎を造った重要人物。伝統の南部の酒造りを継ぎ、良質な酒米の米の持つポテンシャルを最大限に引き出しながら、完全発酵させ、コシが強くしっかりしたボディを持つキレよい酒を生む。伝統の技を守りつつ、現代の食文化に寄り添う高品質な美酒を醸し続けています。,0,draft,0.9,kumiai_iwate_detail,（資）川村酒造店 〒028-3101 花巻市石鳥谷町好地12-132 銘柄南部関,2026-07-07 13:41:15,2026-08-02 06:37:42,39.6962,141.1545,1910,0,0
5579,4400601000560,岩手銘醸株式会社,岩手銘醸,,岩手県,奥州市,〒029-4208 奥州市前沢字新町13,1910,http://www.iwate-meijo.com/,sake,岩手県奥州市に蔵を構える岩手銘醸株式会社は、明治43年（1910年）創業の歴史を誇る老舗酒蔵です。誤表記の内容について 「亀の尾」100％使用 「吟ぎんが」100％使用 「結の香」100％使用 「結の香」100％使用 奥六 特別純米酒 生酛 「ひとめぼれ」100％使用 ※100％の記載漏れとなっていました。特定名称酒に関しては地元の奥州市、近隣の金ヶ崎町、平泉町のみで契約栽培しています。伝統の技を守りつつ、現代の食文化に寄り添う高品質な美酒を醸し続けています。,0,draft,0.9,kumiai_iwate_detail,岩手銘醸（株） 〒029-4208 奥州市前沢字新町13 銘柄岩手誉・玉の春・天瓢,2026-07-07 13:41:15,2026-08-02 06:37:42,39.6979,141.1576,1910,0,0
5580,4400501000181,世嬉の一酒造株式会社,世嬉の一酒造,,岩手県,一関市,〒021-0885 一関市田村町5-42,1910,https://sekinoichi.co.jp/,sake,岩手県一関市に蔵を構える世嬉の一酒造株式会社は、明治43年（1910年）創業の歴史を誇る老舗酒蔵です。一人蔵人作業 今年の東北魂ビールプロジェクトのビール醸造しました。奥羽山脈より湧き出づる地下水と、厳選された酒米を吟醸酒造りに定評がある南部杜氏の技で醸す、世嬉の一酒造の日本酒。伝統の技を守りつつ、現代の食文化に寄り添う高品質な美酒を醸し続けています。,0,draft,0.9,kumiai_iwate_detail,世嬉の一酒造（株） 〒021-0885 一関市田村町5-42 銘柄世嬉の一,2026-07-07 13:41:15,2026-08-02 06:37:42,39.6996,141.1607,1910,0,0
5581,2400501000340,磐乃井酒造株式会社,磐乃井酒造,,岩手県,一関市,〒029-3205 一関市花泉町涌津字舘72,1910,https://www.iwanoi.co.jp/,sake,岩手県一関市に蔵を構える磐乃井酒造株式会社は、明治43年（1910年）創業の歴史を誇る老舗酒蔵です。仕込み水には良質な北上山地・奥羽山脈清冽伏流水（軟水）を使用し、南部杜氏の伝統の技を受け継ぎながら、米の旨味を引き出す真摯な酒造りを追求しています。伝統の技を守りつつ、現代の食文化に寄り添う高品質な美酒を醸し続けています。,0,draft,0.9,kumiai_iwate_detail,磐乃井酒造（株） 〒029-3205 一関市花泉町涌津字舘72 銘柄磐乃井,2026-07-07 13:41:15,2026-08-02 06:37:42,39.7013,141.1438,1910,0,0
5582,7402701000297,酔仙酒造株式会社,酔仙酒造,,岩手県,大船渡市,〒022-0004 大船渡市猪川町字久名畑136-1,1910,https://suisenshuzo.jp/,sake,岩手県大船渡市に蔵を構える酔仙酒造株式会社は、明治43年（1910年）創業の歴史を誇る老舗酒蔵です。仕込み水には良質な北上山地・奥羽山脈清冽伏流水（軟水）を使用し、南部杜氏の伝統の技を受け継ぎながら、米の旨味を引き出す真摯な酒造りを追求しています。伝統の技を守りつつ、現代の食文化に寄り添う高品質な美酒を醸し続けています。,0,draft,0.85,kumiai_iwate_detail,酔仙酒造（株） 大船渡蔵 〒022-0004 大船渡市猪川町字久名畑136-1,2026-07-07 13:41:15,2026-08-02 06:37:42,39.703,141.1469,1910,0,0
5583,4400001007322,株式会社浜千鳥,浜千鳥,,岩手県,釜石市,〒026-0045 釜石市小川町三丁目8-7,1910,https://hamachidori.net/,sake,岩手県釜石市に蔵を構える株式会社浜千鳥は、明治43年（1910年）創業の歴史を誇る老舗酒蔵です。創業大正12年（1923年）、この地とともに。なかでも「ゆめほなみ 本醸造」は隣地の大槌町で発足した酒米研究会によって栽培された大槌町産米「吟ぎんが」を100%使用し、地元農家の方々と活発な意見交換会や各地へ視察に赴くなど地域に密着した酒造りを目指しています。伝統の技を守りつつ、現代の食文化に寄り添う高品質な美酒を醸し続けています。,0,draft,0.9,kumiai_iwate_detail,（株）浜千鳥 〒026-0045 釜石市小川町三丁目8-7 銘柄浜千鳥,2026-07-07 13:41:15,2026-08-02 06:37:42,39.7047,141.15,1910,0,0
5584,6400001006636,上閉伊酒造株式会社,上閉伊酒造,,岩手県,遠野市,〒028-0501 遠野市青笹町糠前31-19-7,1910,http://kamihei-shuzo.jp/,sake,岩手県遠野市に蔵を構える上閉伊酒造株式会社は、明治43年（1910年）創業の歴史を誇る老舗酒蔵です。上閉伊酒造は、1789年創業の「建屋酒造」を前身とし、この地に根ざし、伝統を受け継いできた酒蔵です。詳しく見る  Featureこだわりの原料「岩手の酒米」と「遠野のホップ」地域の恵みに、魂を注ぐ日本酒の真髄は、岩手の米と水にあり。伝統の技を守りつつ、現代の食文化に寄り添う高品質な美酒を醸し続けています。,0,draft,0.9,kumiai_iwate_detail,上閉伊酒造（株） 〒028-0501 遠野市青笹町糠前31-19-7 銘柄国華,2026-07-07 13:41:15,2026-08-02 06:37:40,39.7064,141.1531,1910,0,0
5585,7400001006940,株式会社菱屋酒造店,菱屋酒造店,,岩手県,宮古市,〒027-0006 宮古市鍬ヶ崎下町5-24,1910,https://hisiya-miyako.ocnk.net,sake,岩手県宮古市に蔵を構える株式会社菱屋酒造店は、明治43年（1910年）創業の歴史を誇る老舗酒蔵です。嘉永５年（1852年）創業 純米酒に力を入れて酒を造る酒蔵。創業は嘉永５年（1852年）今から１５０年ほど前になります。伝統の技を守りつつ、現代の食文化に寄り添う高品質な美酒を醸し続けています。,0,draft,0.9,kumiai_iwate_detail,（株）菱屋酒造店 〒027-0006 宮古市鍬ヶ崎下町5-24 銘柄千両男山,2026-07-07 13:41:15,2026-08-02 06:37:42,39.7081,141.1562,1910,0,0
5586,5400001007081,泉金ホールディングス株式会社,泉金ホールディングス,,岩手県,下閉伊郡岩泉町,〒027-0501 下閉伊郡岩泉町岩泉太田30,1910,https://www.ginga.or.jp/senkin/,sake,岩手県下閉伊郡岩泉町に蔵を構える泉金ホールディングス株式会社は、明治43年（1910年）創業の歴史を誇る老舗酒蔵です。仕込み水には良質な北上山地・奥羽山脈清冽伏流水（軟水）を使用し、南部杜氏の伝統の技を受け継ぎながら、米の旨味を引き出す真摯な酒造りを追求しています。伝統の技を守りつつ、現代の食文化に寄り添う高品質な美酒を醸し続けています。,0,draft,0.9,kumiai_iwate_detail,泉金ホールディングス（株） 〒027-0501 下閉伊郡岩泉町岩泉太田30 銘柄龍泉八重桜,2026-07-07 13:41:15,2026-08-02 06:37:42,39.7098,141.1593,1910,0,0
5587,1400001007944,株式会社福来,福来,,岩手県,久慈市,〒028-8111 久慈市宇部町5-31,1910,http://www.maroon.dti.ne.jp/fukurai/,sake,岩手県久慈市に蔵を構える株式会社福来は、明治43年（1910年）創業の歴史を誇る老舗酒蔵です。仕込み水には良質な北上山地・奥羽山脈清冽伏流水（軟水）を使用し、南部杜氏の伝統の技を受け継ぎながら、米の旨味を引き出す真摯な酒造りを追求しています。伝統の技を守りつつ、現代の食文化に寄り添う高品質な美酒を醸し続けています。,0,draft,0.9,kumiai_iwate_detail,（株）福来 〒028-8111 久慈市宇部町5-31 銘柄福来,2026-07-07 13:41:15,2026-08-02 06:37:42,39.7115,141.1624,1910,0,0
5588,8400001007847,株式会社南部美人,南部美人,,岩手県,二戸市,〒028-6101 二戸市福岡字上町13,1910,https://www.nanbubijin.co.jp/,sake,岩手県二戸市に蔵を構える株式会社南部美人は、明治43年（1910年）創業の歴史を誇る老舗酒蔵です。技術の伝承と究極の日本酒造りを目指す、 南部美人の日本酒づくりのこだわりを紹介いたします。酒造りは何年やっても、毎年が一年生 南部美人は、日本三大杜氏の筆頭に数えられる 南部杜氏の洗練された技術と伝統を現在に受け継ぎ、 この言葉を胸に日本酒造りに実直に取り組んでいます。伝統の技を守りつつ、現代の食文化に寄り添う高品質な美酒を醸し続けています。,0,draft,1.0,kumiai_iwate_detail,（株）南部美人 〒028-6101 二戸市福岡字上町13 銘柄南部美人,2026-07-07 13:41:15,2026-08-02 06:37:42,39.7132,141.1455,1910,0,0
5589,,小豆島酒造株式会社,小豆島酒造,森（もり）／FOREST酒蔵MORIKUNI,香川県,小豆郡小豆島町,香川県小豆郡小豆島町馬木甲1010番地1,1910,https://www.morikuni.jp/,sake,香川県小豆郡小豆島町に蔵を構える小豆島酒造株式会社は、明治43年（1910年）創業の歴史を誇る老舗酒蔵です。ここから見上げた場所にある宮山には醸造の神様、松尾神社が鎮座しているほど。醤油造りだけでなく、食品加工業も盛んな小豆島には香川県産業技術センター発酵食品研究所があります。伝統の技を守りつつ、現代の食文化に寄り添う高品質な美酒を醸し続けています。,0,draft,0.9,kumiai_kagawa_detail,小豆島酒造株式会社 小豆島酒造（株）FOREST酒蔵MORIKUNI,2026-07-07 13:41:15,2026-08-02 06:37:40,34.3314,134.0392,1910,0,0
5590,,綾菊酒造株式会社,綾菊酒造,綾菊（あやきく）,香川県,綾歌郡綾川町,香川県綾歌郡綾川町山田下3393-1,1790,https://www.ayakiku.com/,sake,香川県綾歌郡綾川町に蔵を構える綾菊酒造株式会社は、寛政2年（1790年）創業の歴史を誇る老舗酒蔵です。綾菊酒造は創業当時から地元香川県産米での酒造りを基本としており、特にオオセトでの酒造りは国重名誉杜氏が過去に10年もの歳月を掛け、研究に研究を重ねて築き上げた歴史があり、綾菊として非常に強い想いのある米です。蔵のある綾川町山田地区では平成16年ごろまで香川の酒米として「オオセト」がたくさん栽培され、綾菊酒造もその地元で獲れた米を使用して日本酒を醸造しておりました。伝統の技を守りつつ、現代の食文化に寄り添う高品質な美酒を醸し続けています。,0,draft,0.95,kumiai_kagawa_detail,綾菊酒造株式会社 綾菊酒造（株）創業1790年,2026-07-07 13:41:15,2026-08-02 06:37:42,34.3331,134.0423,1790,0,0
5591,,勇心酒造株式会社,勇心酒造,勇心（ゆうしん）,香川県,綾歌郡綾川町,香川県綾歌郡綾川町小野2088-1,1854,http://www.yushin-brewer.com/,sake,香川県綾歌郡綾川町に蔵を構える勇心酒造株式会社は、安政元年（1854年）創業の歴史を誇る老舗酒蔵です。ものづくりに込めた哲学 About RICEPOWER ライスパワー®エキスについて お米と独自の発酵技術から生み出した「ライスパワーエキス」を使用した商品や、昔ながらの手造りのお酒をお届けしています。造り酒屋として創業した勇心酒造は、香川の豊かな自然の恵みのもとお酒造りに打ち込んできました。伝統の技を守りつつ、現代の食文化に寄り添う高品質な美酒を醸し続けています。,0,draft,0.9,kumiai_kagawa_detail,勇心酒造株式会社 勇心酒造（株）創業1854年,2026-07-07 13:41:15,2026-08-02 06:37:42,34.3348,134.0454,1854,0,0
5592,,丸尾本店有限会社,丸尾本店,凱陣（がいじん）,香川県,仲多度郡琴平町,香川県仲多度郡琴平町榎井93,1885,,sake,香川県仲多度郡琴平町に蔵を構える丸尾本店有限会社は、明治18年（1885年）創業の歴史を誇る老舗酒蔵です。仕込み水には良質な讃岐山脈伏流水（中軟水）を使用し、讃岐杜氏の伝統の技を受け継ぎながら、米の旨味を引き出す真摯な酒造りを追求しています。伝統の技を守りつつ、現代の食文化に寄り添う高品質な美酒を醸し続けています。,0,draft,0.85,kumiai_kagawa_detail,有限会社 丸尾本店（有）丸尾本店 創業1885年 酒名は「凱陣」,2026-07-07 13:41:15,2026-08-02 06:37:42,34.3365,134.0485,1885,0,0
5593,,西野金陵株式会社,西野金陵,金陵（きんりょう）,香川県,仲多度郡琴平町,香川県仲多度郡琴平町623番地,1789,https://www.nishino-kinryo.co.jp/,sake,"香川県仲多度郡琴平町に蔵を構える西野金陵株式会社は、寛政元年（1789年）創業の歴史を誇る老舗酒蔵です。香川の地酒 日本酒の蔵元「金陵」こんぴらさんの御神酒醸造元 2026年8月17日（月）AM 2：00～4：00 クレジット決済サービス一次停止のお知らせ（2026年8月10日） 「金陵 父の日ギフト」絶賛受付中です。2,700万円 (自己資本150億円) 183名（パート・アルバイトを含む） 化学品事業本部創業：万治元年（1658年） 酒類部創業：寛政元年（1789年） 会社設立：大正7年（1918年）9月25日 こころをこめた酒造りで、食文化を創造。伝統の技を守りつつ、現代の食文化に寄り添う高品質な美酒を醸し続けています。",0,draft,0.95,kumiai_kagawa_detail,西野金陵株式会社 西野金陵（株）創業1789年,2026-07-07 13:41:15,2026-08-02 06:37:42,34.3382,134.0516,1789,0,0
5594,,川鶴酒造株式会社,川鶴酒造,川鶴（かわつる）,香川県,観音寺市,香川県観音寺市本大町836番地,1891,https://kawatsuru.com/,sake,香川県観音寺市に蔵を構える川鶴酒造株式会社は、明治24年（1891年）創業の歴史を誇る老舗酒蔵です。香川県産米へのこだわり お米の味わいを余さず詰め込んだような、旨みが心地よく広がるような味わいが「川鶴」のお酒の共通点です。四国霊場八十八カ所第69番札所である七宝山観音寺に由来する観音寺市は香川県の西 端に位置する町で、古銭・寛永通宝を模した巨大な砂絵「銭形砂絵」で知られます。伝統の技を守りつつ、現代の食文化に寄り添う高品質な美酒を醸し続けています。,0,draft,0.95,kumiai_kagawa_detail,川鶴酒造株式会社 川鶴酒造（株）創業1891年,2026-07-07 13:41:15,2026-08-02 06:37:42,34.3399,134.0347,1891,0,0
5779,,株式会社 今西清兵衛商店,今西清兵衛商店,,奈良県,奈良市,〒630-8381 奈良市福智院町24-1,1884,https://www.harushika.com/,sake,奈良県奈良市に蔵を構える株式会社 今西清兵衛商店は、明治17年（1884年）創業の歴史を誇る老舗酒蔵です。味、コク、香り、すべての点で高品質を誇った南都諸白の伝統を現在に伝えることが、春鹿創業以来の変わることなき姿勢です。これからも春鹿の製造理念である「米を磨く・水を磨く・技を磨く・心を磨く」に基づき、辛口を中心に高品質な酒の醸造に専念していきます。伝統の技を守りつつ、現代の食文化に寄り添う高品質な美酒を醸し続けています。,0,draft,1.0,kumiai_nara_detail,明治17年に創業,2026-07-07 13:41:15,2026-08-02 06:37:42,34.6794,135.8097,1884,0,0
5780,,奈良豊澤酒造 株式会社,奈良豊沢酒造,,奈良県,奈良市,〒630-8444 奈良市今市町405,1910,http://nara-toyosawa.jp,sake,奈良県奈良市に蔵を構える奈良豊澤酒造 株式会社は、明治43年（1910年）創業の歴史を誇る老舗酒蔵です。平成７年に発売するやいなや、当蔵を代表する人気銘柄に。そのため、創業以来、ほとんど機械化せずに手造りに徹した酒造りを行ってまいりました。伝統の技を守りつつ、現代の食文化に寄り添う高品質な美酒を醸し続けています。,0,draft,0.9,kumiai_nara_detail,生産酒の8割が純米酒以上の「特定名称酒」。創業から手造りに徹したこだわりが誇り。,2026-07-07 13:41:15,2026-08-02 06:37:42,34.6811,135.8128,1910,0,0
5781,,倉本酒造 株式会社,倉本酒造,,奈良県,奈良市,〒632-0231 奈良市都祁吐山町2501,1910,https://kuramoto-sake.com/,sake,奈良県奈良市に蔵を構える倉本酒造 株式会社は、明治43年（1910年）創業の歴史を誇る老舗酒蔵です。寒暖差の大きいこの地で良質な稲を育て、 自社の山で採取される山水を汲む…… 1871年の創業から今日に至るまで、 倉本酒造は、地の利を活かした酒造りをしてきました。その伝統を継承しながら、 この土地、この蔵だからできる日本酒の新たなスタンダードを目指して。伝統の技を守りつつ、現代の食文化に寄り添う高品質な美酒を醸し続けています。,0,draft,0.9,kumiai_nara_detail,恵まれた自然環境のなか、昔ながらの伝統的製法で醸した深い味わい。まほろばの清酒。,2026-07-07 13:41:15,2026-08-02 06:37:42,34.6828,135.7959,1910,0,0
5782,,上田酒造 株式会社,上田酒造,,奈良県,生駒市,〒630-0222 生駒市壱分町866-1,1910,https://ueda-syuzou.com,sake,奈良県生駒市に蔵を構える上田酒造 株式会社は、明治43年（1910年）創業の歴史を誇る老舗酒蔵です。こだわり抜いた商品ラインナップ 上田酒造までのアクセス この季節、おすすめのお酒 ※焼酎やお米、奈良漬け等の取り扱いもございます。米・米麹及び水（またはこれらと醸造アルコール）を原料として特別に吟味して造ったお酒。伝統の技を守りつつ、現代の食文化に寄り添う高品質な美酒を醸し続けています。,0,draft,0.9,kumiai_nara_detail,創業以来400有余年、「酒に心あり」をモットーに生駒の名水と酒米が織りなす芳醇で上品な味。,2026-07-07 13:41:15,2026-08-02 06:37:42,34.6845,135.799,1910,0,0
5783,,菊司醸造 株式会社,菊司醸造,,奈良県,生駒市,〒630-0223 生駒市小瀬町555,1910,https://kikutsukasa.pro,sake,奈良県生駒市に蔵を構える菊司醸造 株式会社は、明治43年（1910年）創業の歴史を誇る老舗酒蔵です。大阪と奈良を結ぶ奈良街道の宿場町であった小瀬（おぜ）の地で、江戸時代の1705年（宝永2年）より酒造りを脈々と続けて、2005年に創業300年を迎えました。現在は蔵元自ら杜氏となって、高精白・手造り・小仕込・瓶燗・冷蔵庫貯蔵等、手間を惜しまずこだわりを持ってお酒を造っております。伝統の技を守りつつ、現代の食文化に寄り添う高品質な美酒を醸し続けています。,0,draft,0.9,kumiai_nara_detail,創業1705年（宝永2年）暗峠越え奈良街道の宿場町小瀬の地で脈々と酒造りを続けています。,2026-07-07 13:41:15,2026-08-02 06:37:41,34.6862,135.8021,1910,0,0
5784,,株式会社中本酒造店,中本酒造店,,奈良県,生駒市,〒630-0131 奈良県生駒市上町1067,1727,https://yamaturu.com,sake,奈良県生駒市に蔵を構える株式会社中本酒造店は、享保12年（1727年）創業の歴史を誇る老舗酒蔵です。作宝楼についてランチ予約について 創業からまもなく300年。私たちは、唯一無二の旨い酒を造り続けるだけでなく、奈良と生駒の歴史と伝統を守りながら、これからの300年も地域にとって欠かせない存在でありたいと願っています。伝統の技を守りつつ、現代の食文化に寄り添う高品質な美酒を醸し続けています。,0,draft,0.9,kumiai_nara_detail,創業享保12年,2026-07-07 13:41:15,2026-08-02 06:37:42,34.6879,135.8052,1727,0,0
5785,,稲田酒造 合名会社,稲田酒造,,奈良県,天理市,〒632-0015 天理市三島町379,1910,http://www.inaten.com,sake,奈良県天理市に蔵を構える稲田酒造 合名会社は、明治43年（1910年）創業の歴史を誇る老舗酒蔵です。【稲田酒造】銘柄「黒松稲天」を造る清酒製造業 【稲田酒造】銘柄「黒松稲天」を造る清酒製造業 | 天理教の御神酒を扱う、創業1877年(明治10)の老舗の造り酒屋「稲田酒造」。伝統の技を守りつつ、現代の食文化に寄り添う高品質な美酒を醸し続けています。,0,draft,0.95,kumiai_nara_detail,人と人との繋がりを大切に、地元の米・水・人にこだわり、食事がすすむ酒造りを追求。,2026-07-07 13:41:15,2026-08-02 06:37:42,34.6896,135.8083,1910,0,0
5786,,中谷酒造 株式会社,中谷酒造,,奈良県,大和郡山市,〒639-1117 大和郡山市番条町561,1910,https://www.sake-asaka.co.jp,sake,奈良県大和郡山市に蔵を構える中谷酒造 株式会社は、明治43年（1910年）創業の歴史を誇る老舗酒蔵です。酒造り体験醸造2026年9月末、10月分お申込み受付を開始。当主ブログ「秘密の米蔵」開設のお知らせ 酒造り体験醸造2026年8月末9月分お申込み受付を開始。伝統の技を守りつつ、現代の食文化に寄り添う高品質な美酒を醸し続けています。,0,draft,0.9,kumiai_nara_detail,柳二丁目4番（近鉄郡山駅から徒歩5分）営業時間13：30～19：00月火定休（祝日は営業）電話074,2026-07-07 13:41:15,2026-08-02 06:37:42,34.6913,135.8114,1910,0,0
5787,,喜多酒造 株式会社,喜多酒造,,奈良県,橿原市,〒634-0062 橿原市御坊町8,1718,https://miyokiku.com,sake,奈良県橿原市に蔵を構える喜多酒造 株式会社は、享保3年（1718年）創業の歴史を誇る老舗酒蔵です。創業者の喜多利兵衞（きたりへい）は生来のこだわり者で、水と米を選りすぐり、自身が納得いくまで酒屋として旗揚げしなかったと伝え聞いています。そんな創業者の意思を受け継ぎ、私たちは三百年におよび「美味しいお酒」にこだわり続けています。伝統の技を守りつつ、現代の食文化に寄り添う高品質な美酒を醸し続けています。,0,draft,0.9,kumiai_nara_detail,享保3年に創業,2026-07-07 13:41:15,2026-08-02 06:37:42,34.693,135.8145,1718,0,0
5788,,河合酒造 株式会社,河合酒造,,奈良県,橿原市,〒634-0812 橿原市今井町1-7-8,1910,https://www.facebook.com/syusseotoko/,sake,奈良県橿原市に蔵を構える河合酒造 株式会社は、明治43年（1910年）創業の歴史を誇る老舗酒蔵です。仕込み水には良質な三輪山・金剛山系地下伏流水（中硬水）を使用し、丹波杜氏・蔵元杜氏の伝統の技を受け継ぎながら、米の旨味を引き出す真摯な酒造りを追求しています。伝統の技を守りつつ、現代の食文化に寄り添う高品質な美酒を醸し続けています。,0,draft,0.9,kumiai_nara_detail,近世の町並みが残る今井町唯一の現役酒蔵。代表銘柄「出世男」は、正に縁起酒と評判。,2026-07-07 13:41:15,2026-08-02 06:37:42,34.6947,135.7976,1910,0,0
5789,,澤田酒造 株式会社,沢田酒造,,奈良県,香芝市,〒639-0226 香芝市五位堂6-167,1910,https://www.kankiko.jp,sake,奈良県香芝市に蔵を構える澤田酒造 株式会社は、明治43年（1910年）創業の歴史を誇る老舗酒蔵です。基本に忠実でありながらも既成概念にとらわれず、向上心と情熱、丁寧さをもって臨む澤田酒造の酒造り。濃厚な旨味と爽やかな酸味が融合する奈良酒の良き伝統を継承した清酒『歓喜光』。伝統の技を守りつつ、現代の食文化に寄り添う高品質な美酒を醸し続けています。,0,draft,0.9,kumiai_nara_detail,明治に紺屋から酒造業を創業。〝伝承と躍進〟を理念に、奈良酒の伝統を継承した酒造り。,2026-07-07 13:41:15,2026-08-02 06:37:42,34.6764,135.8007,1910,0,0
5790,,株式会社 大倉本家,大倉本家,,奈良県,香芝市,〒639-0227 香芝市鎌田692,1910,https://kinko-ookura.com,sake,奈良県香芝市に蔵を構える株式会社 大倉本家は、明治43年（1910年）創業の歴史を誇る老舗酒蔵です。自家栽培米 ひのひかり で仕込んだこだわりの味。創業以来育んできた技法を守りつつ、個性ある質のよい酒造りを目指し 技術の研鑽に励んでいます。伝統の技を守りつつ、現代の食文化に寄り添う高品質な美酒を醸し続けています。,0,draft,0.9,kumiai_nara_detail,二上山麓での誕生以来、100有余年。山廃にこだわり、個性豊かで品質の良い酒造りを追求。,2026-07-07 13:41:15,2026-08-02 06:37:42,34.6781,135.8038,1910,0,0
5791,,梅乃宿酒造 株式会社,梅乃宿酒造,,奈良県,葛城市,〒639-2135 奈良県葛城市寺口27番地1,1910,https://www.umenoyado.com/,sake,奈良県葛城市に蔵を構える梅乃宿酒造 株式会社は、明治43年（1910年）創業の歴史を誇る老舗酒蔵です。梅乃宿体験をする皆様をワクワクさせ、そのワクワクが次の伝統となるように。伝統の技を守りつつ、現代の食文化に寄り添う高品質な美酒を醸し続けています。,0,draft,0.9,kumiai_nara_detail,山田錦中心の米と超軟水の葛城山系伏流水で仕込んで醸す酒は、やわらかくきめ細かな味。,2026-07-07 13:41:15,2026-08-02 06:37:42,34.6798,135.8069,1910,0,0
5792,1150001015015,長龍酒造 株式会社,長龍酒造,,奈良県,北葛城郡広陵町,〒635-0818 北葛城郡広陵町南4,1910,http://www.choryo.jp,sake,奈良県北葛城郡広陵町に蔵を構える長龍酒造 株式会社は、明治43年（1910年）創業の歴史を誇る老舗酒蔵です。series吉野杉の樽酒─ Yoshinosugi no Tarusake ─ ニッポン伝統の酒「吉野杉の樽酒」 古来、お祝い事や行事には欠かせない樽酒の鏡開き。創業者が大いなる情熱をもって、幾多の困難を乗り越え、独自の製法を創りあげ、日本初の『瓶詰め樽酒』として昭和39年に誕生。伝統の技を守りつつ、現代の食文化に寄り添う高品質な美酒を醸し続けています。,0,draft,0.9,kumiai_nara_detail,日本初の瓶詰め樽酒「吉野杉の樽酒」。伝統を守り挑戦を続け、喜びと感動を届ける酒造り。,2026-07-07 13:41:15,2026-08-02 06:37:42,34.6815,135.81,1910,0,0
5793,,油長酒造 株式会社,油長酒造,,奈良県,御所市,〒639-2200 御所市1160,1910,http://www.yucho-sake.jp,sake,奈良県御所市に蔵を構える油長酒造 株式会社は、明治43年（1910年）創業の歴史を誇る老舗酒蔵です。About私たちの酒造り 古典技法に現代技術を重ね合わせ今だからできる酒造り 奈良に伝わる、寺院醸造を探求する酒造り ※鷹長は御所まち蔵で醸造しています。「古の奈良に伝わる忘れ去られた技法を、当時の文献を頼りに現代の醸造家が再現する」をブランドメッセージとして、「水端」を醸しております。伝統の技を守りつつ、現代の食文化に寄り添う高品質な美酒を醸し続けています。,0,draft,0.9,kumiai_nara_detail,奈良酒らしさを最大限に表現し、現代だからこそできる醸造技法で、多様性ある日本酒を模索する。,2026-07-07 13:41:15,2026-08-02 06:37:42,34.6832,135.8131,1910,0,0
5794,,葛城酒造 株式会社,葛城酒造,,奈良県,御所市,〒639-2321 御所市大字名柄347-2,1910,http://www.hyakurakumon-sake.com,sake,奈良県御所市に蔵を構える葛城酒造 株式会社は、明治43年（1910年）創業の歴史を誇る老舗酒蔵です。昔ながらの手作業で手間をかけることで微妙な味と個性の伝統を守っています。特に最近は醸造造りが多くなにより繊細に綿密な味に仕上がっているため微妙な変化についていけない酒も存在します。伝統の技を守りつつ、現代の食文化に寄り添う高品質な美酒を醸し続けています。,0,draft,0.95,kumiai_nara_detail,酒造好適米「備前雄町」に魅せられて。米にこだわり、米の旨さを感じさせる酒造り一筋。,2026-07-07 13:41:15,2026-08-02 06:37:42,34.6849,135.7962,1910,0,0
5795,,千代酒造 株式会社,千代酒造,,奈良県,御所市,〒639-2312 御所市大字櫛羅621,1910,https://chiyoshuzo.co.jp,sake,奈良県御所市に蔵を構える千代酒造 株式会社は、明治43年（1910年）創業の歴史を誇る老舗酒蔵です。奈良の地酒 「篠峯」「櫛羅」 醸造元 千代酒造 『美味しすぎないお酒』が美味しくなること お酒を造るうえでいわゆる『美味しいお酒』を造る事は可能な時代になってきました。しかしながら、そのお酒をさまざまな個性に分けていくベースは仕込み水ですので、日本酒は”米の酒”であると同時に”水の酒”であるともいえます。伝統の技を守りつつ、現代の食文化に寄り添う高品質な美酒を醸し続けています。,0,draft,0.9,kumiai_nara_detail,自社井戸から汲み出した葛城山の伏流水で仕込んだお酒。奇麗な酸味が広がる、キレが良く後味が奇麗で飲み心,2026-07-07 13:41:15,2026-08-02 06:37:42,34.6866,135.7993,1910,0,0
5796,,株式会社 山本本家,山本本家,,奈良県,五條市,〒637-0042 五條市五條1-2-19,1910,https://matsunotomo.com,sake,奈良県五條市に蔵を構える株式会社 山本本家は、明治43年（1910年）創業の歴史を誇る老舗酒蔵です。仕込み水には良質な伏見の白菊水（中硬水）を使用し、丹波杜氏の伝統の技を受け継ぎながら、米の旨味を引き出す真摯な酒造りを追求しています。伝統の技を守りつつ、現代の食文化に寄り添う高品質な美酒を醸し続けています。,0,draft,0.9,kumiai_nara_detail,米と水が命の酒造りに適した地、吉野川の清流沿いの酒蔵。富有柿を使った柿ワインも。,2026-07-07 13:41:15,2026-08-02 06:37:41,34.6883,135.8024,1910,0,0
5797,,五條酒造 株式会社,五條酒造,,奈良県,五條市,〒637-0004 五條市今井1-1-31,1924,http://sake-goshin.com,sake,奈良県五條市に蔵を構える五條酒造 株式会社は、大正13年（1924年）創業の歴史を誇る老舗酒蔵です。日本酒通販・ギフト 五條酒造通販 | 但馬流 純米大吟醸酒 五神 商品一覧純米大吟醸純米吟醸大吟醸本醸造リキュール English中文繁體 金剛山の清冽な水、厳選された酒造米、 卓越した職人の技が醸す日本酒の妙。創業大正13年、金剛山の麓にある五條市で金剛山系の伏流水、自家井戸の清水を用い、伝統ある但馬流の昔ながらの手造りの良さを活かし、少量生産できめの細かい作業により芳醇な清酒を醸し出しています。伝統の技を守りつつ、現代の食文化に寄り添う高品質な美酒を醸し続けています。,0,draft,0.9,kumiai_nara_detail,創業大正13年,2026-07-07 13:41:15,2026-08-02 06:37:41,34.69,135.8055,1924,0,0
5798,,今西酒造 株式会社,今西酒造,,奈良県,桜井市,〒633-0001 桜井市大字三輪510,1660,https://mimizuku.co.jp/,sake,奈良県桜井市に蔵を構える今西酒造 株式会社は、万治3年（1660年）創業の歴史を誇る老舗酒蔵です。仕込み水には良質な三輪山御神水（三輪山伏流水）（中硬水）を使用し、丹波杜氏の伝統の技を受け継ぎながら、米の旨味を引き出す真摯な酒造りを追求しています。伝統の技を守りつつ、現代の食文化に寄り添う高品質な美酒を醸し続けています。,0,draft,1.0,kumiai_nara_detail,1660年創業,2026-07-07 13:41:15,2026-08-02 06:37:42,34.6917,135.8086,1660,1,1
5799,,西内酒造,西内酒造,,奈良県,桜井市,〒633-0042 桜井市大字下3,1910,https://nara-tanzan.com,sake,奈良県桜井市に蔵を構える西内酒造は、明治43年（1910年）創業の歴史を誇る老舗酒蔵です。【談山】西内酒造 – 【談山】「大名庄屋酒」「貴醸酒」「累醸酒」「卑弥呼の里」など数々の賞を受賞したお酒を代表する奈良県桜井市の明治初期創業の小さな酒造酒造『西内酒造』 大名庄屋酒酒蔵の香り高い、酵素・酵母の活きたフレッシュな、にごり酒。貴醸酒仕込み水の代わりに日本酒で仕込んだ贅沢な日本酒。伝統の技を守りつつ、現代の食文化に寄り添う高品質な美酒を醸し続けています。,0,draft,0.9,kumiai_nara_detail,談山神社の麓で明治から酒造業を開始。大和の一番米で仕込むにごり酒など豊富な品揃え。,2026-07-07 13:41:15,2026-08-02 06:37:41,34.6934,135.8117,1910,0,0
5800,,芳村酒造 株式会社,芳村酒造,,奈良県,宇陀市,〒633-2163 宇陀市大宇陀万六1797,1910,https://www.begin.or.jp/~inadoya/,sake,奈良県宇陀市に蔵を構える芳村酒造 株式会社は、明治43年（1910年）創業の歴史を誇る老舗酒蔵です。仕込み水には良質な三輪山・金剛山系地下伏流水（中硬水）を使用し、丹波杜氏・蔵元杜氏の伝統の技を受け継ぎながら、米の旨味を引き出す真摯な酒造りを追求しています。伝統の技を守りつつ、現代の食文化に寄り添う高品質な美酒を醸し続けています。,0,draft,0.9,kumiai_nara_detail,織田家の城下。大和の国宇陀の寒冷地ならではの恵まれた自然、水と良質米が造り出すうま酒。,2026-07-07 13:41:15,2026-08-02 06:37:41,34.6751,135.7948,1910,0,0
5801,,株式会社 久保本家酒造,久保本家酒造,,奈良県,宇陀市,〒633-2162 宇陀市大宇陀出新1834,1910,https://kubohonke.com,sake,奈良県宇陀市に蔵を構える株式会社 久保本家酒造は、明治43年（1910年）創業の歴史を誇る老舗酒蔵です。奈良・宇陀の豊かな自然の懐で、久保本家酒造は創業以来、自然の力を信じる酒造りを続けてきました。伝統の技と、悠久の時間が育む、唯一無二の味わいをお届けします。伝統の技を守りつつ、現代の食文化に寄り添う高品質な美酒を醸し続けています。,0,draft,0.9,kumiai_nara_detail,造り手が旨いと思う20年熟成生酛純米酒。まずは一献。,2026-07-07 13:41:15,2026-08-02 06:37:42,34.6768,135.7979,1910,0,0
5802,,北村酒造 株式会社,北村酒造,,奈良県,吉野郡吉野町,〒639-3111 吉野郡吉野町大字上市172-1,1788,https://www.kitamurasyuzou.co.jp,sake,奈良県吉野郡吉野町に蔵を構える北村酒造 株式会社は、天明8年（1788年）創業の歴史を誇る老舗酒蔵です。仕込み水には良質な三輪山・金剛山系地下伏流水（中硬水）を使用し、丹波杜氏・蔵元杜氏の伝統の技を受け継ぎながら、米の旨味を引き出す真摯な酒造りを追求しています。伝統の技を守りつつ、現代の食文化に寄り添う高品質な美酒を醸し続けています。,0,draft,0.9,kumiai_nara_detail,天明8年創業,2026-07-07 13:41:15,2026-08-02 06:37:42,34.6785,135.801,1788,0,0
5803,,株式会社 北岡本店,北岡本店,,奈良県,吉野郡吉野町,〒639-3111 吉野郡吉野町上市61,1910,https://www.kitaoka-honten.com,sake,奈良県吉野郡吉野町に蔵を構える株式会社 北岡本店は、明治43年（1910年）創業の歴史を誇る老舗酒蔵です。北岡本店は、「日本古来の酒造り技術を伝承し、おいしい酒を通じて、心温まる人間関係の成立に寄与する」をめざすものとして酒造りに取り組んでいます。「やたがらす」の北岡本店はその宿場町の中心地に店を構え、創業者惣兵衛は古金屋（換金、手形の取扱い）を営んでいたといい、七代目になって惣十郎が明治元年（1868）酒、醤油、油造り等の事業を一本化し、酒造業専業に切り替えました。伝統の技を守りつつ、現代の食文化に寄り添う高品質な美酒を醸し続けています。,0,draft,0.9,kumiai_nara_detail,手造りにこだわり、伝統の技で醸す、口当たりの柔らかなお酒。,2026-07-07 13:41:15,2026-08-02 06:37:42,34.6802,135.8041,1910,0,0
5804,,藤村酒造 株式会社,藤村酒造,,奈良県,吉野郡下市町,〒638-0041 吉野郡下市町下市154,1910,http://yoshino-umazake.com/natu.htm,sake,奈良県吉野郡下市町に蔵を構える藤村酒造 株式会社は、明治43年（1910年）創業の歴史を誇る老舗酒蔵です。厳寒の醸造期において醸し出された 一級品の酒を造っております。伝統の技を守りつつ、現代の食文化に寄り添う高品質な美酒を醸し続けています。,0,draft,0.9,kumiai_nara_detail,品質第一をモットーに米の旨味が充分引き出された、味わい深いコクと爽やかな喉ごしの酒。,2026-07-07 13:41:15,2026-08-02 06:37:42,34.6819,135.8072,1910,0,0
5982,,有限会社平井商店,平井商店,,滋賀県,大津市,〒520-0043 滋賀県大津市中央1丁目2-33,1658,,sake,滋賀県大津市に蔵を構える有限会社平井商店は、万治元年（1658年）創業の歴史を誇る老舗酒蔵です。仕込み水には良質な比良山系・鈴鹿山脈琵琶湖流入伏流水（軟水）を使用し、能登杜氏・丹波杜氏の伝統の技を受け継ぎながら、米の旨味を引き出す真摯な酒造りを追求しています。伝統の技を守りつつ、現代の食文化に寄り添う高品質な美酒を醸し続けています。,0,draft,0.95,kumiai_shiga_detail,創業年：1658年(万治元年）／住所：〒520-0043 滋賀県大津市中央１丁目２-３３,2026-07-07 13:41:15,2026-08-02 06:37:42,35.0039,135.8628,1658,0,0
5983,,浪乃音酒造株式会社,浪乃音酒造,,滋賀県,大津市,〒520-0242 滋賀県大津市本堅田1丁目7-16,1805,https://naminooto.com/,sake,滋賀県大津市に蔵を構える浪乃音酒造株式会社は、文化2年（1805年）創業の歴史を誇る老舗酒蔵です。「古壷新酒（ここしんしゅ）」〜古い壷に新しい酒を⼊れる〜 伝統を守りながら新しいことにチャレンジし続けていく、を信念に今も造り続けています。伝統の技を守りつつ、現代の食文化に寄り添う高品質な美酒を醸し続けています。,0,draft,0.95,kumiai_shiga_detail,創業年：1805年／住所：〒520-0242 滋賀県大津市本堅田1丁目7-16,2026-07-07 13:41:15,2026-08-02 06:37:42,35.0056,135.8659,1805,0,0
5984,,太田酒造株式会社,太田酒造,,滋賀県,草津市,〒525-0034 滋賀県草津市草津3丁目10-37,1874,https://www.ohta-shuzou.co.jp,sake,滋賀県草津市に蔵を構える太田酒造株式会社は、明治7年（1874年）創業の歴史を誇る老舗酒蔵です。遠祖「道灌」の徳を偲んで 草津 道灌蔵・不盡蔵 主銘柄である日本酒「道灌」や「湖弧艪」をはじめ、様々な酒類は不盡蔵にて造っております。米を磨き、技を磨き、心を磨いて、感動のある酒造りをしませんか。伝統の技を守りつつ、現代の食文化に寄り添う高品質な美酒を醸し続けています。,0,draft,0.95,kumiai_shiga_detail,創業年：1874年（明治7年）／住所：〒525-0034 滋賀県草津市草津3丁目10-37,2026-07-07 13:41:15,2026-08-02 06:37:42,35.0073,135.869,1874,0,0
5985,,古川酒造有限会社,古川酒造,,滋賀県,草津市,〒525-0053 滋賀県草津市矢倉1丁目3-33,1868,https://www.furukawashuzo.com,sake,滋賀県草津市に蔵を構える古川酒造有限会社は、明治元年（1868年）創業の歴史を誇る老舗酒蔵です。草津の水・風土・近江米にこだわり、自然の中で時間と手間を厭わず丹精込めた伝統の手作りを行っております。古川酒造では、地元滋賀県が開発した近江米「みずかがみ」と、湖南アルプスから琵琶湖に注ぐきれいな伏流水を使い、明治以前の創業時から現在も変わらず「佐瀬式木槽絞り」でお酒を絞ります。伝統の技を守りつつ、現代の食文化に寄り添う高品質な美酒を醸し続けています。,0,draft,0.95,kumiai_shiga_detail,創業年：1868年（明治元年）／住所：〒525-0053 滋賀県草津市矢倉1丁目3-33,2026-07-07 13:41:15,2026-08-02 06:37:42,35.009,135.8721,1868,0,0
5986,,北島酒造株式会社,北島酒造,,滋賀県,湖南市,〒520-3231 滋賀県湖南市針756,1805,https://kitajima-shuzo.jp/,sake,滋賀県湖南市に蔵を構える北島酒造株式会社は、文化2年（1805年）創業の歴史を誇る老舗酒蔵です。8月の量り売りは、7月27日(木）～29日(土）「湖の凪　生酛　八〇　火入」です。繊細で多様な味の表現の決め手は、伝統製法に裏付けされた確かな技にあります。伝統の技を守りつつ、現代の食文化に寄り添う高品質な美酒を醸し続けています。,0,draft,0.95,kumiai_shiga_detail,創業年：1805年（文化2年）／住所：〒520-3231 滋賀県湖南市針756,2026-07-07 13:41:15,2026-08-02 06:37:42,35.0107,135.8752,1805,0,0
5987,,藤本酒造株式会社,藤本酒造,,滋賀県,甲賀市,〒528-0064 滋賀県甲賀市水口町伴中山696,1764,http://f-shinkai.com/,sake,滋賀県甲賀市に蔵を構える藤本酒造株式会社は、明和元年（1764年）創業の歴史を誇る老舗酒蔵です。Toggle navigation 重厚な山廃仕込と淡麗な吟醸造りという異質なものの調和を目指す。『和醸良酒』（働く蔵人の和があれば、自然と良い酒が醸し出せるという当蔵創業者の理念）のもと、チームワークを重視し円滑な人間関係を築くということを常に念頭に置いて清酒を醸しています。伝統の技を守りつつ、現代の食文化に寄り添う高品質な美酒を醸し続けています。,0,draft,0.95,kumiai_shiga_detail,創業年：1764年（明和元年）／住所：〒528-0064 滋賀県甲賀市水口町伴中山696,2026-07-07 13:41:15,2026-08-02 06:37:42,35.0124,135.8783,1764,0,0
5988,,美冨久酒造株式会社,美冨久酒造,,滋賀県,甲賀市,〒528-0025 滋賀県甲賀市水口町西林口3-2,1917,https://mifuku.co.jp,sake,滋賀県甲賀市に蔵を構える美冨久酒造株式会社は、大正6年（1917年）創業の歴史を誇る老舗酒蔵です。豊かな自然、清らかな水、そして職人の技が織りなす、深く、やさしく、心に残る味わい。その両方の技術を駆使して、天からの恵みによって育まれた お米の旨味を最大限活かして醸し出す純米譲造。伝統の技を守りつつ、現代の食文化に寄り添う高品質な美酒を醸し続けています。,0,draft,0.95,kumiai_shiga_detail,創業年：1917年（大正6年）／住所：〒528-0025 滋賀県甲賀市水口町西林口3-2,2026-07-07 13:41:15,2026-08-02 06:37:42,35.0141,135.8614,1917,0,0
5989,,笑四季酒造株式会社,笑四季酒造,,滋賀県,甲賀市,〒528-0031 滋賀県甲賀市水口町本町1丁目7-8,1892,https://www.emishiki.com,sake,滋賀県甲賀市に蔵を構える笑四季酒造株式会社は、明治25年（1892年）創業の歴史を誇る老舗酒蔵です。当社の基幹となる商標「笑四季」は、創業２代目竹島仙治郎により命名されました。笑四季の哲学である「天地自然の理に従う」のもとに、滋賀県内、そして我々の目の届く範囲だけの優良な原料米を選びぬき、手作業と最新技術の融合により、五感を研ぎ澄ませながら寒造りを行なっております。伝統の技を守りつつ、現代の食文化に寄り添う高品質な美酒を醸し続けています。,0,draft,0.95,kumiai_shiga_detail,創業年：1892年（明治25年）／住所：〒528-0031 滋賀県甲賀市水口町本町1丁目7-8,2026-07-07 13:41:15,2026-08-02 06:37:42,34.9958,135.8645,1892,0,0
5990,,安井利彦酒造場,安井利彦酒造場,,滋賀県,甲賀市,〒528–0234 滋賀県甲賀市土山町徳原225,1884,https://www.hatsusakura.jp,sake,滋賀県甲賀市に蔵を構える安井利彦酒造場は、明治17年（1884年）創業の歴史を誇る老舗酒蔵です。仕込み水には良質な比良山系・鈴鹿山脈琵琶湖流入伏流水（軟水）を使用し、能登杜氏・丹波杜氏の伝統の技を受け継ぎながら、米の旨味を引き出す真摯な酒造りを追求しています。伝統の技を守りつつ、現代の食文化に寄り添う高品質な美酒を醸し続けています。,0,draft,0.85,kumiai_shiga_detail,創業年：1884年（明治17年）／住所：〒528–0234 滋賀県甲賀市土山町徳原225,2026-07-07 13:41:15,2026-08-02 06:37:40,34.9975,135.8676,1884,0,0
5991,,滋賀酒造株式会社,滋賀酒造,,滋賀県,甲賀市,〒528-0040 滋賀県甲賀市水口町三本柳39地,1925,https://kibumusume.net/,sake,滋賀県甲賀市に蔵を構える滋賀酒造株式会社は、大正14年（1925年）創業の歴史を誇る老舗酒蔵です。仕込み水には良質な比良山系・鈴鹿山脈琵琶湖流入伏流水（軟水）を使用し、能登杜氏・丹波杜氏の伝統の技を受け継ぎながら、米の旨味を引き出す真摯な酒造りを追求しています。伝統の技を守りつつ、現代の食文化に寄り添う高品質な美酒を醸し続けています。,0,draft,0.95,kumiai_shiga_detail,創業年：1925年（大正14年）／住所：〒528-0040 滋賀県甲賀市水口町三本柳３９地,2026-07-07 13:41:15,2026-08-02 06:37:42,34.9992,135.8707,1925,0,0
5992,,田中酒造株式会社,田中酒造,,滋賀県,甲賀市,〒520-3433 滋賀県甲賀市甲賀町大原市場474,1911,http://harunomine.com/,sake,北海道小樽市に蔵を構える田中酒造株式会社は、明治32年（1899年）創業の歴史を誇る老舗酒蔵です。創業1899年（明治32年）、代表銘柄「宝川（たからがわ）」を北海道 小樽で造り続けております。～ １年を通じて仕込む、全国でも珍しい蔵 ～ 酒造りは寒い冬に仕込み作業を行う「寒造り」が一般的ですが、 「亀甲蔵（きっこうぐら）」は、北海道の冷涼な気候を活かして １年を通じて仕込む、「四季醸造」を行う、全国的にも珍しい酒蔵です。伝統の技を守りつつ、現代の食文化に寄り添う高品質な美酒を醸し続けています。,0,draft,0.95,kumiai_shiga_detail,創業年：1911年（明治44年）／住所：〒520-3433 滋賀県甲賀市甲賀町大原市場474,2026-07-07 13:41:15,2026-08-02 06:37:41,35.0009,135.8738,1911,0,0
5993,,瀬古酒造株式会社,瀬古酒造,,滋賀県,甲賀市,〒520-3421 滋賀県甲賀市甲賀町上野1807,1869,https://www.sekoshuzo.co.jp/,sake,滋賀県甲賀市に蔵を構える瀬古酒造株式会社は、明治2年（1869年）創業の歴史を誇る老舗酒蔵です。仕込み水には良質な比良山系・鈴鹿山脈琵琶湖流入伏流水（軟水）を使用し、能登杜氏・丹波杜氏の伝統の技を受け継ぎながら、米の旨味を引き出す真摯な酒造りを追求しています。伝統の技を守りつつ、現代の食文化に寄り添う高品質な美酒を醸し続けています。,0,draft,0.95,kumiai_shiga_detail,創業年：1869年（明治2年）／住所：〒520-3421 滋賀県甲賀市甲賀町上野1807,2026-07-07 13:41:15,2026-08-02 06:37:42,35.0026,135.8769,1869,0,0
5994,,望月酒造株式会社,望月酒造,,滋賀県,甲賀市,〒520-3425 滋賀県甲賀市甲賀町毛枚1158,1789,,sake,滋賀県甲賀市に蔵を構える望月酒造株式会社は、寛政元年（1789年）創業の歴史を誇る老舗酒蔵です。仕込み水には良質な比良山系・鈴鹿山脈琵琶湖流入伏流水（軟水）を使用し、能登杜氏・丹波杜氏の伝統の技を受け継ぎながら、米の旨味を引き出す真摯な酒造りを追求しています。伝統の技を守りつつ、現代の食文化に寄り添う高品質な美酒を醸し続けています。,0,draft,0.95,kumiai_shiga_detail,創業年：1789年（寛政元年）／住所：〒520-3425 滋賀県甲賀市甲賀町毛枚1158,2026-07-07 13:41:15,2026-08-02 06:37:42,35.0043,135.86,1789,0,0
5995,,松瀬酒造株式会社,松瀬酒造,,滋賀県,蒲生郡,〒520-2525 滋賀県蒲生郡竜王町弓削475,1860,https://www.matsunotsukasa.com,sake,滋賀県蒲生郡に蔵を構える松瀬酒造株式会社は、万延元年（1860年）創業の歴史を誇る老舗酒蔵です。《（県名）トロフィー》は各カテゴリーにおける最高賞《トロフィー》にはわずかに及ばなかったものの高い評価を得た次席の銘柄に授与される賞です。「松の司」であるためには、地元で育んだ酒米や地下120Mから吸上げる仕込み水など地元素材のセレクトから始まります。伝統の技を守りつつ、現代の食文化に寄り添う高品質な美酒を醸し続けています。,0,draft,0.95,kumiai_shiga_detail,創業年：1860年（万延元年）／住所：〒520-2525 滋賀県蒲生郡竜王町弓削475,2026-07-07 13:41:15,2026-08-02 06:37:42,35.006,135.8631,1860,0,0
5996,,矢尾酒造株式会社,矢尾酒造,,滋賀県,蒲生郡,〒529-1662 滋賀県蒲生郡日野町中在寺512,1910,,sake,滋賀県蒲生郡に蔵を構える矢尾酒造株式会社は、明治43年（1910年）創業の歴史を誇る老舗酒蔵です。仕込み水には良質な比良山系・鈴鹿山脈琵琶湖流入伏流水（軟水）を使用し、能登杜氏・丹波杜氏の伝統の技を受け継ぎながら、米の旨味を引き出す真摯な酒造りを追求しています。伝統の技を守りつつ、現代の食文化に寄り添う高品質な美酒を醸し続けています。,0,draft,0.9,kumiai_shiga_detail,住所：〒529-1662 滋賀県蒲生郡日野町中在寺512,2026-07-07 13:41:15,2026-08-02 06:37:42,35.0077,135.8662,1910,0,0
5997,,畑酒造有限会社,畑酒造,,滋賀県,東近江市,〒527–0091 滋賀県東近江市小脇町1410,1914,https://daijirou.jp/,sake,滋賀県東近江市に蔵を構える畑酒造有限会社は、大正3年（1914年）創業の歴史を誇る老舗酒蔵です。仕込み水には良質な比良山系・鈴鹿山脈琵琶湖流入伏流水（軟水）を使用し、能登杜氏・丹波杜氏の伝統の技を受け継ぎながら、米の旨味を引き出す真摯な酒造りを追求しています。伝統の技を守りつつ、現代の食文化に寄り添う高品質な美酒を醸し続けています。,0,draft,0.95,kumiai_shiga_detail,創業年：1914年（大正3年）／住所：〒527–0091 滋賀県東近江市小脇町1410,2026-07-07 13:41:15,2026-08-02 06:37:42,35.0094,135.8693,1914,0,0
5998,,喜多酒造株式会社,喜多酒造,,滋賀県,東近江市,〒527-0054 滋賀県東近江市池田町1129,1820,https://kirakucho.com/,sake,滋賀県東近江市に蔵を構える喜多酒造株式会社は、文政3年（1820年）創業の歴史を誇る老舗酒蔵です。『喜楽長』という銘柄は、お客様に喜び、楽しく、酒を飲みながら、長生きをしていただけるようにと、念じつつ名づけたとのことであります。伝統の技を守りつつ、現代の食文化に寄り添う高品質な美酒を醸し続けています。,0,draft,0.95,kumiai_shiga_detail,創業年：1820年（文政3年）／住所：〒527-0054 滋賀県東近江市池田町1129,2026-07-07 13:41:15,2026-08-02 06:37:42,35.0111,135.8724,1820,0,0
5999,,増本藤兵衛酒造場,増本藤兵衛酒造場,,滋賀県,東近江市,〒521-1213 滋賀県東近江市神郷町1019,1868,http://ususakura.jp/,sake,滋賀県東近江市に蔵を構える増本藤兵衛酒造場は、明治元年（1868年）創業の歴史を誇る老舗酒蔵です。仕込み水には良質な比良山系・鈴鹿山脈琵琶湖流入伏流水（軟水）を使用し、能登杜氏・丹波杜氏の伝統の技を受け継ぎながら、米の旨味を引き出す真摯な酒造りを追求しています。伝統の技を守りつつ、現代の食文化に寄り添う高品質な美酒を醸し続けています。,0,draft,0.6,kumiai_shiga_detail,創業年：1868年（明治元年）／住所：〒521-1213 滋賀県東近江市神郷町1019,2026-07-07 13:41:15,2026-08-02 06:37:42,35.0128,135.8755,1868,0,0
6000,,中澤酒造有限会社,中沢酒造,,滋賀県,東近江市,〒529-1422 滋賀県東近江市五個荘小幡町570,1910,,sake,滋賀県東近江市に蔵を構える中澤酒造有限会社は、明治43年（1910年）創業の歴史を誇る老舗酒蔵です。仕込み水には良質な比良山系・鈴鹿山脈琵琶湖流入伏流水（軟水）を使用し、能登杜氏・丹波杜氏の伝統の技を受け継ぎながら、米の旨味を引き出す真摯な酒造りを追求しています。伝統の技を守りつつ、現代の食文化に寄り添う高品質な美酒を醸し続けています。,0,draft,0.9,kumiai_shiga_detail,住所：〒529-1422 滋賀県東近江市五個荘小幡町570,2026-07-07 13:41:15,2026-08-02 06:37:42,34.9945,135.8586,1910,0,0
6001,,多賀株式会社,多賀,,滋賀県,犬上郡,〒522– 0355 滋賀県犬上郡多賀町中川原102,1711,https://www.taga-brew.com,sake,滋賀県犬上郡に蔵を構える多賀株式会社は、正徳元年（1711年）創業の歴史を誇る老舗酒蔵です。創業は1711年と古く、多賀大社の生命の神様に見守られながら三百年以上 日本酒を醸してきた老舗酒蔵です。時代の流れとともに、大量生産を実現するための設備投資を積極的に行う事により、 事業を継続してきましたが、小量生産/手造りにしか生み出せない日本酒の魅力 を再認識し、ここでしかできない味わいのお酒を展開すべく 日々酒造りと向き合っています。伝統の技を守りつつ、現代の食文化に寄り添う高品質な美酒を醸し続けています。,0,draft,0.95,kumiai_shiga_detail,創業年：1711年（正徳元年）／住所：〒522– 0355 滋賀県犬上郡多賀町中川原102,2026-07-07 13:41:15,2026-08-02 06:37:42,34.9962,135.8617,1711,0,0
6002,,株式会社岡村本家,岡村本家,,滋賀県,犬上郡,〒529-1165 滋賀県犬上郡豊郷町吉田100,1854,https://okamura-kinkame.com/,sake,滋賀県犬上郡に蔵を構える株式会社岡村本家は、安政元年（1854年）創業の歴史を誇る老舗酒蔵です。高い基準の滋賀県が推奨する「滋賀県こだわり農産物」の認証を受けた農家の皆さんのこだわり米は、おいしいお酒となっていきます。手造りで行う、昔ながらの木艚袋搾りお酒の発酵が進むといよいよ搾りになります。伝統の技を守りつつ、現代の食文化に寄り添う高品質な美酒を醸し続けています。,0,draft,0.95,kumiai_shiga_detail,創業年：1854年（安政元年）／住所：〒529-1165 滋賀県犬上郡豊郷町吉田100,2026-07-07 13:41:15,2026-08-02 06:37:42,34.9979,135.8648,1854,0,0
6003,,藤居本家,藤居本家,,滋賀県,愛知郡,〒529-1303 滋賀県愛知郡愛荘町長野793（店舗）,1831,https://www.fujiihonke.jp/,sake,滋賀県愛知郡に蔵を構える藤居本家は、天保2年（1831年）創業の歴史を誇る老舗酒蔵です。書院(国指定登録有形文化財) 創業は天保二年（西暦1831年） 江戸時代より代々続けさせていただく酒蔵です。また全国のお社の「御神酒」も醸造させていただいております。伝統の技を守りつつ、現代の食文化に寄り添う高品質な美酒を醸し続けています。,0,draft,0.9,kumiai_shiga_detail,創業年：1831年（天保2年）／住所：〒529-1303 滋賀県愛知郡愛荘町長野793（店舗）,2026-07-07 13:41:15,2026-08-02 06:37:42,34.9996,135.8679,1831,0,0
6004,,佐藤酒造株式会社,佐藤酒造,,滋賀県,長浜市,〒526-0805 滋賀県長浜市榎木町979,2010,http://www.nagahamanosake.com/,sake,滋賀県長浜市に位置する佐藤酒造株式会社は、平成22年（2010年）に創業しました。ひと夏冷温熟成させたこだわりの秋限定酒「湖濱　純米吟醸酒　ひやおろし」の販売がいよいよ始まります!　売切れ御免!! いよいよ2019新酒「湖濱しぼりたて」、活性濁り酒「しろうま」販売開始いたします。酒粕にこだわりお肌への保湿力を追求した『酒粕パック』誕生!! 特別純米酒 湖濱から生み出された“酒粕”を使用した贅沢な酒粕パックです。伝統の技を守りつつ、現代の食文化に寄り添う高品質な美酒を醸し続けています。,0,draft,0.95,kumiai_shiga_detail,創業年：2010年（平成22年）／住所：〒526-0805 滋賀県長浜市榎木町979,2026-07-07 13:41:15,2026-08-02 06:37:42,35.0013,135.871,2010,0,0
6005,,冨田酒造有限会社,冨田酒造,,滋賀県,長浜市,〒529-0425 滋賀県長浜市木之本町木之本1107,1534,https://7yari.co.jp/,sake,滋賀県長浜市に蔵を構える冨田酒造有限会社は、天文3年（1534年）創業の歴史を誇る老舗酒蔵です。地元の農家に酒米栽培を依頼、米を削りすぎない低精白純米酒や、無農薬栽培米・在来種復刻米の醸造にも取り組みます。伝統の技を守りつつ、現代の食文化に寄り添う高品質な美酒を醸し続けています。,0,draft,0.95,kumiai_shiga_detail,創業年：1534 年／住所：〒529-0425 滋賀県長浜市木之本町木之本1107,2026-07-07 13:41:15,2026-08-02 06:37:42,35.003,135.8741,1534,0,0
6006,,山路酒造有限会社,山路酒造,,滋賀県,長浜市,〒529-0425 滋賀県長浜市木之本町木之本990,1532,https://www.hokkokukaidou.com,sake,滋賀県長浜市に蔵を構える山路酒造有限会社は、天文元年（1532年）創業の歴史を誇る老舗酒蔵です。仕込み水には良質な比良山系・鈴鹿山脈琵琶湖流入伏流水（軟水）を使用し、能登杜氏・丹波杜氏の伝統の技を受け継ぎながら、米の旨味を引き出す真摯な酒造りを追求しています。伝統の技を守りつつ、現代の食文化に寄り添う高品質な美酒を醸し続けています。,0,draft,0.95,kumiai_shiga_detail,創業年：1532年（天文元年）／住所：〒529-0425 滋賀県長浜市木之本町木之本990,2026-07-07 13:41:15,2026-08-02 06:37:42,35.0047,135.8772,1532,0,0
6007,,吉田酒造株式会社,吉田酒造,,滋賀県,高島市,〒520-1811 滋賀県高島市マキノ町海津2292,1877,https://chikubu-sakura.com,sake,島根県安来市に蔵を構える吉田酒造株式会社は、明治43年（1910年）創業の歴史を誇る老舗酒蔵です。この仕込み水は、江戸時代広瀬藩の歴代藩主がこの辺りで一番おいしいと愛飲し「不昧流茶道」で最高の水と言われた名水「お茶の水井戸」を復元して使用しています。この仕込み水は、江戸時代広瀬藩の歴代藩主がこの辺りで一番おいしいと愛飲し「不昧流茶道」で最高の水と言われた名水「お茶の水井戸」を復元して使用しています。伝統の技を守りつつ、現代の食文化に寄り添う高品質な美酒を醸し続けています。,0,draft,0.95,kumiai_shiga_detail,創業年：1877年（明治10年）／住所：〒520-1811 滋賀県高島市マキノ町海津2292,2026-07-07 13:41:15,2026-08-02 06:37:42,35.0064,135.8603,1877,0,0
6008,,池本酒造有限会社,池本酒造,,滋賀県,高島市,〒520-1621 滋賀県高島市今津町今津221,1926,https://biwa-cho.com/,sake,滋賀県高島市に蔵を構える池本酒造有限会社は、昭和元年（1926年）創業の歴史を誇る老舗酒蔵です。仕込み水には良質な比良山系・鈴鹿山脈琵琶湖流入伏流水（軟水）を使用し、能登杜氏・丹波杜氏の伝統の技を受け継ぎながら、米の旨味を引き出す真摯な酒造りを追求しています。伝統の技を守りつつ、現代の食文化に寄り添う高品質な美酒を醸し続けています。,0,draft,0.95,kumiai_shiga_detail,創業年：1926年（昭和元年）／住所：〒520-1621 滋賀県高島市今津町今津221,2026-07-07 13:41:15,2026-08-02 06:37:42,35.0081,135.8634,1926,0,0
6009,,川島酒造株式会社,川島酒造,,滋賀県,高島市,〒520-1501 滋賀県高島市新旭町旭83,1865,https://www.sake-kawashima.co.jp/,sake,滋賀県高島市に蔵を構える川島酒造株式会社は、慶応元年（1865年）創業の歴史を誇る老舗酒蔵です。清酒 松の花はこの恵まれた自然の中で創業以来160年、飲む人の健康を考え、本物の味を求めて酒造り一筋に歩んでいる蔵元です。銘柄由来：創業時、酒蔵建造のため伐採した古い松に対する忍びがたい思いを込めて「松の花」と命名。伝統の技を守りつつ、現代の食文化に寄り添う高品質な美酒を醸し続けています。,0,draft,0.95,kumiai_shiga_detail,創業年：1865年（慶応元年）／住所：〒520-1501 滋賀県高島市新旭町旭83,2026-07-07 13:41:15,2026-08-02 06:37:42,35.0098,135.8665,1865,0,0
6010,,上原酒造株式会社,上原酒造,,滋賀県,高島市,〒520-1512 滋賀県高島市新旭町太田1524,1862,https://furosen.com,sake,沖縄県糸満市に位置する上原酒造株式会社は、昭和22年（1947年）に創業しました。トップページ - 琉球泡盛 糸満最古の泡盛酒造所「上原酒造」 上原酒造は1947年創業。上原酒造の酒は、沖縄のもたらす様々な恵みと泡盛業界初の「電子技法」によって生み出されています。伝統の技を守りつつ、現代の食文化に寄り添う高品質な美酒を醸し続けています。,0,draft,0.95,kumiai_shiga_detail,創業年：1862年（文久2年）／住所：〒520-1512 滋賀県高島市新旭町太田１５２４,2026-07-07 13:41:15,2026-08-02 06:37:42,35.0115,135.8696,1862,0,0
6011,,株式会社福井弥平商店,福井弥平商店,,滋賀県,高島市,〒520-1121 滋賀県高島市勝野1387-1,1748,https://www.haginotsuyu.co.jp,sake,滋賀県高島市に蔵を構える株式会社福井弥平商店は、寛延元年（1748年）創業の歴史を誇る老舗酒蔵です。「芳弥Ｘ」は伝統の生酛仕込を礎に、萩乃露の最新技術を駆使し、旨さの更新、未踏の旨さ実現を目指す意欲作。「渡船（わたりぶね）」はこのお酒 … 続きを読む 「雨垂れ石を穿つ 渡船」の出荷を開始しています（もみ殻バイオ炭を活用した循環型栽培「渡船」を使用しています）2026.05.15萩乃露の意欲作「生酛仕込 特別純米芳弥Ｘ」ご予約承り中。伝統の技を守りつつ、現代の食文化に寄り添う高品質な美酒を醸し続けています。,0,draft,0.95,kumiai_shiga_detail,創業年：1748～1751年（寛延年間）／住所：〒520-1121 滋賀県高島市勝野1387-1,2026-07-07 13:41:15,2026-08-02 06:37:42,35.0132,135.8727,1748,0,0
6039,,㈱勢玉,勢玉,,徳島県,徳島市,徳島県徳島市福島1丁目4-9,1910,http://seigyokushuzo-sakagura.co.jp/,sake,徳島県徳島市に蔵を構える㈱勢玉は、明治43年（1910年）創業の歴史を誇る老舗酒蔵です。仕込み水には良質な吉野川水系・四国山地伏流水（軟水）を使用し、阿波杜氏の伝統の技を受け継ぎながら、米の旨味を引き出す真摯な酒造りを追求しています。伝統の技を守りつつ、現代の食文化に寄り添う高品質な美酒を醸し続けています。,0,draft,0.9,kumiai_tokushima_detail,㈱勢玉 徳島市福島1丁目4-9 TEL088-623-2777,2026-07-07 13:41:15,2026-08-02 06:37:42,34.062,134.5502,1910,0,0
6040,,吉本醸造㈱,吉本醸造,,徳島県,徳島市,徳島県徳島市鮎喰町1丁目125,1910,http://www.awa-yoshimoto.com/,sake,徳島県徳島市に蔵を構える吉本醸造㈱は、明治43年（1910年）創業の歴史を誇る老舗酒蔵です。清酒「南国一」は、上撰・下撰・本醸造があり、明治元年より当蔵にて手作りで醸造しており、県内ではよく知られた銘柄です。徳島県産山田錦を使った50％精白の吟醸酒「眉山」と五百万石を使用した特別純米酒「眉山」は、米・水・すぐれた醸造技術により秀逸な酒に仕上がっております。伝統の技を守りつつ、現代の食文化に寄り添う高品質な美酒を醸し続けています。,0,draft,0.9,kumiai_tokushima_detail,吉本醸造㈱ 徳島市鮎喰町１丁目125 TEL088-631-7591,2026-07-07 13:41:15,2026-08-02 06:37:42,34.0637,134.5533,1910,0,0
6041,,㈱近藤松太郎商店,近藤松太郎商店,,徳島県,徳島市,徳島県徳島市国府町中197-1,1910,,sake,徳島県徳島市に蔵を構える㈱近藤松太郎商店は、明治43年（1910年）創業の歴史を誇る老舗酒蔵です。仕込み水には良質な吉野川水系・四国山地伏流水（軟水）を使用し、阿波杜氏の伝統の技を受け継ぎながら、米の旨味を引き出す真摯な酒造りを追求しています。伝統の技を守りつつ、現代の食文化に寄り添う高品質な美酒を醸し続けています。,0,draft,0.9,kumiai_tokushima_detail,㈱近藤松太郎商店 徳島市国府町中197-1 TEL088-642-0001,2026-07-07 13:41:15,2026-08-02 06:37:40,34.0654,134.5564,1910,0,0
6042,,㈲定作酒類醸造場,定作酒類醸造場,,徳島県,勝浦郡,徳島県勝浦郡勝浦町 大字三渓字定岡102-3,1910,,sake,徳島県勝浦郡に蔵を構える㈲定作酒類醸造場は、明治43年（1910年）創業の歴史を誇る老舗酒蔵です。仕込み水には良質な吉野川水系・四国山地伏流水（軟水）を使用し、阿波杜氏の伝統の技を受け継ぎながら、米の旨味を引き出す真摯な酒造りを追求しています。伝統の技を守りつつ、現代の食文化に寄り添う高品質な美酒を醸し続けています。,0,draft,0.9,kumiai_tokushima_detail,㈲定作酒類醸造場 勝浦郡勝浦町 大字三渓字定岡102-3 TEL08854-2-2052,2026-07-07 13:41:15,2026-08-02 06:37:40,34.0671,134.5595,1910,0,0
6043,,㈲齋藤酒造場,齋藤酒造場,,徳島県,徳島市,徳島県徳島市佐古七番町7-1,1910,https://www.gotensakura.com/,sake,徳島県徳島市に蔵を構える㈲齋藤酒造場は、明治43年（1910年）創業の歴史を誇る老舗酒蔵です。仕込み水には良質な吉野川水系・四国山地伏流水（軟水）を使用し、阿波杜氏の伝統の技を受け継ぎながら、米の旨味を引き出す真摯な酒造りを追求しています。伝統の技を守りつつ、現代の食文化に寄り添う高品質な美酒を醸し続けています。,0,draft,0.9,kumiai_tokushima_detail,㈲齋藤酒造場 徳島市佐古七番町7-1 TEL088-652-8340,2026-07-07 13:41:15,2026-08-02 06:37:42,34.0688,134.5626,1910,0,0
6044,,吉田酒造㈱,吉田酒造,,徳島県,徳島市,徳島県徳島市川内町大松424-1,1910,,sake,徳島県徳島市に蔵を構える吉田酒造㈱は、明治43年（1910年）創業の歴史を誇る老舗酒蔵です。仕込み水には良質な吉野川水系・四国山地伏流水（軟水）を使用し、阿波杜氏の伝統の技を受け継ぎながら、米の旨味を引き出す真摯な酒造りを追求しています。伝統の技を守りつつ、現代の食文化に寄り添う高品質な美酒を醸し続けています。,0,draft,0.9,kumiai_tokushima_detail,吉田酒造㈱ 徳島市川内町大松424-1 TEL088-665-1201,2026-07-07 13:41:15,2026-08-02 06:37:40,34.0705,134.5657,1910,0,0
6045,,津乃峰酒造㈱,津乃峰酒造,,徳島県,阿南市,徳島県阿南市長生町諏訪の端11,1910,http://www.tsunomine.com/,sake,徳島県阿南市に蔵を構える津乃峰酒造㈱は、明治43年（1910年）創業の歴史を誇る老舗酒蔵です。弊社は創業昭和28年より、日本一社の津峯神社の御神酒として「清酒津乃峰」を醸造してまいりました。『山は津乃峰、酒は津乃峰』のキャッチと共に半世紀、皆様のますますのご繁栄を祈念しつつ、日々醸造技術向上に取り組んでおります。伝統の技を守りつつ、現代の食文化に寄り添う高品質な美酒を醸し続けています。,0,draft,0.9,kumiai_tokushima_detail,津乃峰酒造㈱ 阿南市長生町諏訪の端11 TEL0884-22-0606,2026-07-07 13:41:15,2026-08-02 06:37:42,34.0722,134.5688,1910,0,0
6046,,那賀酒造㈲,那賀酒造,,徳島県,那賀郡,徳島県那賀郡那賀町和食字町35,1910,https://www.saketime.com/breweries/6046,sake,徳島県那賀郡に蔵を構える那賀酒造㈲は、明治43年（1910年）創業の歴史を誇る老舗酒蔵です。仕込み水には良質な吉野川水系・四国山地伏流水（軟水）を使用し、阿波杜氏の伝統の技を受け継ぎながら、米の旨味を引き出す真摯な酒造りを追求しています。伝統の技を守りつつ、現代の食文化に寄り添う高品質な美酒を醸し続けています。,0,draft,0.9,kumiai_tokushima_detail,那賀酒造㈲ 那賀郡那賀町和食字町35 TEL0884-62-2003,2026-07-07 13:41:15,2026-08-02 06:37:42,34.0739,134.5519,1910,0,0
6047,,㈱本家松浦酒造場,本家松浦酒造場,,徳島県,鳴門市,徳島県鳴門市大麻町池谷字柳の本19,1910,http://narutotai.jp/,sake,徳島県鳴門市に蔵を構える㈱本家松浦酒造場は、明治43年（1910年）創業の歴史を誇る老舗酒蔵です。仕込み水には良質な吉野川水系・四国山地伏流水（軟水）を使用し、阿波杜氏の伝統の技を受け継ぎながら、米の旨味を引き出す真摯な酒造りを追求しています。伝統の技を守りつつ、現代の食文化に寄り添う高品質な美酒を醸し続けています。,0,draft,0.9,kumiai_tokushima_detail,㈱本家松浦酒造場 鳴門市大麻町池谷字柳の本１９ TEL088-689-1110,2026-07-07 13:41:15,2026-08-02 06:37:42,34.0756,134.555,1910,0,0
6048,,㈱木内本店,木内本店,,徳島県,板野郡,徳島県板野郡藍住町富吉字須崎95-3,1910,,sake,徳島県板野郡に蔵を構える㈱木内本店は、明治43年（1910年）創業の歴史を誇る老舗酒蔵です。仕込み水には良質な吉野川水系・四国山地伏流水（軟水）を使用し、阿波杜氏の伝統の技を受け継ぎながら、米の旨味を引き出す真摯な酒造りを追求しています。伝統の技を守りつつ、現代の食文化に寄り添う高品質な美酒を醸し続けています。,0,draft,0.9,kumiai_tokushima_detail,㈱木内本店 板野郡藍住町富吉字須崎95-3 TEL088-692-2307,2026-07-07 13:41:15,2026-08-02 06:37:40,34.0573,134.5581,1910,0,0
6049,,日新酒類㈱,日新酒類,,徳島県,板野郡,徳島県板野郡上板町上六條283,1910,,sake,徳島県板野郡に蔵を構える日新酒類㈱は、明治43年（1910年）創業の歴史を誇る老舗酒蔵です。仕込み水には良質な吉野川水系・四国山地伏流水（軟水）を使用し、阿波杜氏の伝統の技を受け継ぎながら、米の旨味を引き出す真摯な酒造りを追求しています。伝統の技を守りつつ、現代の食文化に寄り添う高品質な美酒を醸し続けています。,0,draft,0.9,kumiai_tokushima_detail,日新酒類㈱ 板野郡上板町上六條283 TEL088-694-8166,2026-07-07 13:41:15,2026-08-02 06:37:40,34.059,134.5612,1910,0,0
6050,,司菊酒造㈱,司菊酒造,,徳島県,美馬市,徳島県美馬市美馬町字妙見93,1896,http://www.tsukasagiku.co.jp/,sake,徳島県美馬市に蔵を構える司菊酒造㈱は、明治29年（1896年）創業の歴史を誇る老舗酒蔵です。素材にこだわり、手仕事を増やし、米、米麹のみで醸す純米酒造りを追求しています。バッコス amazon店 司菊酒造について | 司菊酒造 代表取締役社長　久岡 征司 徳島県美馬市美馬町字妙見93 0883-63-6061 0883-63-4930 1896年（明治29年） 銘柄を「鬼龍（きりゅう）」として創業。伝統の技を守りつつ、現代の食文化に寄り添う高品質な美酒を醸し続けています。,0,draft,0.9,kumiai_tokushima_detail,司菊酒造㈱ 美馬市美馬町字妙見93 TEL0883-63-6061,2026-07-07 13:41:15,2026-08-02 06:37:42,34.0607,134.5643,1896,0,0
6051,,矢川酒造㈱,矢川酒造,,徳島県,三好市,徳島県三好市池田町白地井の久保386-1,1910,,sake,徳島県三好市に蔵を構える矢川酒造㈱は、明治43年（1910年）創業の歴史を誇る老舗酒蔵です。仕込み水には良質な吉野川水系・四国山地伏流水（軟水）を使用し、阿波杜氏の伝統の技を受け継ぎながら、米の旨味を引き出す真摯な酒造りを追求しています。伝統の技を守りつつ、現代の食文化に寄り添う高品質な美酒を醸し続けています。,0,draft,0.9,kumiai_tokushima_detail,矢川酒造㈱ 三好市池田町白地井の久保386-1 TEL0883-74-0611,2026-07-07 13:41:15,2026-08-02 06:37:40,34.0624,134.5674,1910,0,0
6052,,㈴中和商店,(名)中和商店,,徳島県,三好市,徳島県三好市池田町サラダ1756,1910,http://www.niji.or.jp/komachi/,sake,徳島県三好市に蔵を構える㈴中和商店は、明治43年（1910年）創業の歴史を誇る老舗酒蔵です。仕込み水には良質な吉野川水系・四国山地伏流水（軟水）を使用し、阿波杜氏の伝統の技を受け継ぎながら、米の旨味を引き出す真摯な酒造りを追求しています。伝統の技を守りつつ、現代の食文化に寄り添う高品質な美酒を醸し続けています。,0,draft,0.9,kumiai_tokushima_detail,㈴中和商店 三好市池田町サラダ1756 TEL0883-72-0126,2026-07-07 13:41:15,2026-08-02 06:37:41,34.0641,134.5505,1910,0,0
6053,,三芳菊酒造㈱,三芳菊酒造,,徳島県,三好市,徳島県三好市池田町サラダ1661,1910,,sake,徳島県三好市に蔵を構える三芳菊酒造㈱は、明治43年（1910年）創業の歴史を誇る老舗酒蔵です。仕込み水には良質な吉野川水系・四国山地伏流水（軟水）を使用し、阿波杜氏の伝統の技を受け継ぎながら、米の旨味を引き出す真摯な酒造りを追求しています。伝統の技を守りつつ、現代の食文化に寄り添う高品質な美酒を醸し続けています。,0,draft,0.9,kumiai_tokushima_detail,三芳菊酒造㈱ 三好市池田町サラダ1661 TEL0883-72-0053,2026-07-07 13:41:15,2026-08-02 06:37:42,34.0658,134.5536,1910,0,0
6054,,芳水酒造㈲,芳水酒造,,徳島県,三好市,徳島県三好市井川町辻231-2,1910,http://www.housui.com/,sake,徳島県三好市に蔵を構える芳水酒造㈲は、明治43年（1910年）創業の歴史を誇る老舗酒蔵です。代々受け継がれる技と心でひとつひとつ丁寧に醸し出されるその味わいは、飲む人々の心に深く染み渡り、人と人との絆を深めます。自然の恵みと職人の技が融合した私たちの酒を、ぜひ大切な人と共にお楽しみください。伝統の技を守りつつ、現代の食文化に寄り添う高品質な美酒を醸し続けています。,0,draft,0.9,kumiai_tokushima_detail,芳水酒造㈲ 三好市井川町辻231-2 TEL0883-78-2014,2026-07-07 13:41:15,2026-08-02 06:37:42,34.0675,134.5567,1910,0,0
6055,,可楽智酒造㈱,可楽智酒造,,徳島県,三好郡,徳島県三好郡東みよし町加茂2987-1,1910,,sake,徳島県三好郡に蔵を構える可楽智酒造㈱は、明治43年（1910年）創業の歴史を誇る老舗酒蔵です。仕込み水には良質な吉野川水系・四国山地伏流水（軟水）を使用し、阿波杜氏の伝統の技を受け継ぎながら、米の旨味を引き出す真摯な酒造りを追求しています。伝統の技を守りつつ、現代の食文化に寄り添う高品質な美酒を醸し続けています。,0,draft,0.9,kumiai_tokushima_detail,可楽智酒造㈱ 三好郡東みよし町加茂2987-1 TEL0883-82-2008,2026-07-07 13:41:15,2026-08-02 06:37:40,34.0692,134.5598,1910,0,0
6056,,天真㈱,天真,,徳島県,三好市,徳島県三好市池田町ハヤシ1253,1910,http://www.tenshin.co.jp/,shochu,徳島県三好市に蔵を構える天真㈱は、明治43年（1910年）創業の歴史を誇る老舗酒蔵です。仕込み水には良質な吉野川水系・四国山地伏流水（軟水）を使用し、阿波杜氏の伝統の技を受け継ぎながら、米の旨味を引き出す真摯な酒造りを追求しています。伝統の技を守りつつ、現代の食文化に寄り添う高品質な美酒を醸し続けています。,0,draft,0.9,flagged_brewery_review_2026,主力は調味料(醤油・ポン酢等)。清酒の記載なし。焼酎(金太郎・かぼちゃ焼酎)と料理酒を家庭用ラインナップとして販売しているが酒類製造免許の実態はWebSearchで裏付け取れず。要人手確認。,2026-07-07 13:41:15,2026-08-02 06:37:40,34.0709,134.5629,1910,0,0
6057,,鳴門金時蒸留所,鳴門金時蒸留所,,徳島県,名西郡,徳島県名西郡石井町高原字桑島7-1,1910,,shochu,徳島県名西郡に蔵を構える鳴門金時蒸留所は、明治43年（1910年）創業の歴史を誇る老舗酒蔵です。仕込み水には良質な吉野川水系・四国山地伏流水（軟水）を使用し、阿波杜氏の伝統の技を受け継ぎながら、米の旨味を引き出す真摯な酒造りを追求しています。伝統の技を守りつつ、現代の食文化に寄り添う高品質な美酒を醸し続けています。,0,draft,0.55,kumiai_tokushima_detail,鳴門金時蒸留所 名西郡石井町高原字桑島7-1 TEL088-674-2424,2026-07-07 13:41:15,2026-08-02 06:37:40,34.0726,134.566,1910,0,0
6058,,㈱鳴門のいも屋,鳴門のいも屋,,徳島県,鳴門市,徳島県鳴門市瀬戸町明神字板屋島123-5,1910,http://www.imoya.jp/,shochu,徳島県鳴門市に蔵を構える㈱鳴門のいも屋は、明治43年（1910年）創業の歴史を誇る老舗酒蔵です。仕込み水には良質な吉野川水系・四国山地伏流水（軟水）を使用し、阿波杜氏の伝統の技を受け継ぎながら、米の旨味を引き出す真摯な酒造りを追求しています。伝統の技を守りつつ、現代の食文化に寄り添う高品質な美酒を醸し続けています。,0,draft,0.9,kumiai_tokushima_detail,㈱鳴門のいも屋 鳴門市瀬戸町明神字板屋島123-5 TEL088-688-0950,2026-07-07 13:41:15,2026-08-02 06:37:41,34.0743,134.5691,1910,0,0
6070,,林酒造場,林酒造場,,富山県,下新川郡朝日町,富山県下新川郡朝日町境1608,1910,https://www.hayashisyuzo.com/,sake,富山県下新川郡朝日町に蔵を構える林酒造場は、明治43年（1910年）創業の歴史を誇る老舗酒蔵です。寛永３年創業400年見つめ続けた富山の風土と魂 良い酒をよりおいしく味わっていただくため製造量は少なくとも手造りに徹し富山の地酒の文化を伝承しています。林酒造場は、江戸時代、加賀藩最大の関所“境関所”に武士として勤めた創業者が、寛永3(1626)年、傍らに酒を造ったのが最初とされています。伝統の技を守りつつ、現代の食文化に寄り添う高品質な美酒を醸し続けています。,0,draft,0.85,kumiai_toyama_detail,銘柄：黒部峡 住所：下新川郡朝日町境1608 TEL：0765-82-0384,2026-07-07 13:41:15,2026-08-02 06:37:42,36.7049,137.2207,1910,0,0
6071,,皇国晴酒造株式会社,皇国晴酒造,,富山県,,富山県黒部市生地296,1910,https://mabotaki.co.jp/,sake,富山県に蔵を構える皇国晴酒造株式会社は、明治43年（1910年）創業の歴史を誇る老舗酒蔵です。創業以来、北アルプスの雪解け水が地下を100年かけて湧き出ている水を、仕込水として、酒造りを続けています。伝統の技を守りつつ、現代の食文化に寄り添う高品質な美酒を醸し続けています。,0,draft,0.9,kumiai_toyama_detail,銘柄：幻の瀧 住所：黒部市生地296 TEL：0765-56-8028,2026-07-07 13:41:15,2026-08-02 06:37:42,36.6866,137.2038,1910,0,0
6072,,銀盤酒造株式会社,銀盤酒造,,富山県,,富山県黒部市荻生4853-3,1910,https://ginban.co.jp/,sake,富山県に蔵を構える銀盤酒造株式会社は、明治43年（1910年）創業の歴史を誇る老舗酒蔵です。銀盤酒造では、酒命を宿す仕込み水に、日本名水百選にも選ばれた黒部川扇状地湧水群の軟水を使用しております。良質の水と良質の米、このふたつに、杜氏、蔵人、酒蔵の技や情熱が加わって「心に残る旨い酒」が生まれます。伝統の技を守りつつ、現代の食文化に寄り添う高品質な美酒を醸し続けています。,0,draft,0.9,kumiai_toyama_detail,銘柄：銀盤 住所：黒部市荻生4853-3 TEL：0765-54-1181,2026-07-07 13:41:15,2026-08-02 06:37:42,36.6883,137.2069,1910,0,0
6073,,株式会社魚津酒造,魚津酒造,,富山県,魚津市,富山県魚津市本江新町6番1号,1910,https://uozushuzo.co.jp/,sake,富山県魚津市に蔵を構える株式会社魚津酒造は、明治43年（1910年）創業の歴史を誇る老舗酒蔵です。魚津酒造の前身、本江酒造は「北洋」の醸造を開始しました。立山山麓の豊富な伏流水に地元魚津の風を吹き込み、様々なアイデアと技術で「北洋・帆波」を進化させてきました。伝統の技を守りつつ、現代の食文化に寄り添う高品質な美酒を醸し続けています。,0,draft,0.9,kumiai_toyama_detail,銘柄：北洋 住所：魚津市本江新町6番1号 TEL：0765-22-0134,2026-07-07 13:41:15,2026-08-02 06:37:42,36.69,137.21,1910,0,0
6074,,千代鶴酒造合資会社,千代鶴酒造,,富山県,,富山県滑川市下梅沢360,1910,https://www.chiyozuru.com/,sake,富山県に蔵を構える千代鶴酒造合資会社は、明治43年（1910年）創業の歴史を誇る老舗酒蔵です。銘柄の由来の文字起こし 製造工場のある地域は大昔、桜井と云われその地に水を供給している川を桜井川 と称した初代。当時裏の間に折々丹頂鶴の舞い降り遊ぶのを見て自分の生還を祝って来たもの 解し、酒の銘柄を目出度い千代鶴と改した 四代の今日もその目度い銘柄を継承している 初代が耕三、2代目が義平、3代目が知義という事が分かります。伝統の技を守りつつ、現代の食文化に寄り添う高品質な美酒を醸し続けています。,0,draft,0.95,kumiai_toyama_detail,銘柄：千代鶴 住所：滑川市下梅沢360 TEL：076-475-0031,2026-07-07 13:41:15,2026-08-02 06:37:42,36.6917,137.2131,1910,0,0
6075,7230001017567,株式会社 白岩,白岩,,富山県,中新川郡立山町,富山県中新川郡立山町白岩178番地,1910,https://iwa-sake.jp/ja/,sake,富山県中新川郡立山町に蔵を構える株式会社 白岩は、明治43年（1910年）創業の歴史を誇る老舗酒蔵です。シャンパーニュ地方の中心に生まれ、ドンペリニヨンの5代目醸造最高責任者となった彼は、28年にわたって伝説のメゾンを率いた。真の日本酒かつ世界基準の日本酒であるために、白岩は自らの蔵で伝統的な酒造りを行うと同時に、アッサンブラージュという新たな手法を用いる。伝統の技を守りつつ、現代の食文化に寄り添う高品質な美酒を醸し続けています。,0,draft,0.9,flagged_brewery_review_2026,株式会社桝田酒造店(法人番号1230001002120)とは別法人と法人番号照合で確認。2018年設立時は桝田酒造店と同住所で登記(初期醸造を桝田酒造店の蔵で実施)、2019年に有限会社白岩酒造を吸収合併、2021年に自社醸造所(立山町)完成で本店移転。桝田酒造店は「満寿泉」を東岩瀬町で継続製造、白岩は「IWA」を立山町で製造という別事業。,2026-07-07 13:41:15,2026-08-02 06:37:42,36.6934,137.2162,1910,0,0
6076,1230001002120,株式会社桝田酒造店,桝田酒造店,,富山県,富山市,富山県富山市東岩瀬町269,1910,https://masuizumi.co.jp/,sake,富山県富山市に蔵を構える株式会社桝田酒造店は、明治43年（1910年）創業の歴史を誇る老舗酒蔵です。明治初期桝田家初代兵三郎は長男亀次郎とともに岩瀬から北海道旭川に渡り酒造業を起こします。妻の願いを受け亀次郎は帰郷を決意、明治38年より岩瀬の地にて「岩泉」の銘柄で再び酒造りを始めます。歴史ある建造物は国登録有形文化財・重要伝統的建造物群としても親しまれており、伝統と革新を融合させた味わいを全国の日本酒ファンへ届けています。,0,draft,1.0,kumiai_toyama_detail,銘柄：満寿泉 住所：富山市東岩瀬町269 TEL：076-437-9916,2026-07-07 13:41:15,2026-08-02 06:37:42,36.6951,137.2193,1910,0,0
6077,,富美菊酒造株式会社,富美菊酒造,,富山県,,富山県富山市百塚134-3,1910,https://fumigiku.co.jp/,sake,富山県に蔵を構える富美菊酒造株式会社は、明治43年（1910年）創業の歴史を誇る老舗酒蔵です。小規模ながら強い意思とこだわりを持って、 高品質の酒造りに臨んでいます。1916年創業の富山の酒造会社が、新たな伝統となる革新の酒造りに挑戦する。伝統の技を守りつつ、現代の食文化に寄り添う高品質な美酒を醸し続けています。,0,draft,0.9,kumiai_toyama_detail,銘柄：富美菊 住所：富山市百塚134-3 TEL：076-441-9594,2026-07-07 13:41:15,2026-08-02 06:37:42,36.6968,137.2224,1910,0,0
6078,,吉乃友酒造有限会社,吉乃友酒造,,富山県,富山市,富山県富山市婦中町下井沢3285-1,1910,https://yoshinotomo.com/,sake,富山県富山市に蔵を構える吉乃友酒造有限会社は、明治43年（1910年）創業の歴史を誇る老舗酒蔵です。静寂と情熱が同居する「暁（あかつき）」、そして光の躍動を体現した「晄（ひかり）」の2種類をぜひお楽しみください。私たちは純米酒蔵としての誇りを胸に、精米から酒造りに至る全工程において、徹底したこだわりを追求してきました。伝統の技を守りつつ、現代の食文化に寄り添う高品質な美酒を醸し続けています。,0,draft,0.9,kumiai_toyama_detail,銘柄：よしのとも 住所：富山市婦中町下井沢3285-1 TEL：076-466-2308,2026-07-07 13:41:15,2026-08-02 06:37:42,36.6985,137.2055,1910,0,0
6079,,福鶴酒造株式会社,福鶴酒造,,富山県,富山市,富山県富山市八尾町西町2352,1910,https://www.kazenobon.co.jp/,sake,富山県富山市に蔵を構える福鶴酒造株式会社は、明治43年（1910年）創業の歴史を誇る老舗酒蔵です。「おわら風の盆」で全国的に知られている八尾町で創業以来良質な酒造りを続けている八尾の酒蔵。嘉永元年（1848年）創業という伝統と歴史のある酒蔵で、恵まれた風土気候と三千メートル級の山々から流れる名水、伝統の技と妥協を許さないこだわりで、創業以来良質な酒造りを続けています。伝統の技を守りつつ、現代の食文化に寄り添う高品質な美酒を醸し続けています。,0,draft,0.9,kumiai_toyama_detail,銘柄：風の盆 住所：富山市八尾町西町2352 TEL：076-455-2727,2026-07-07 13:41:15,2026-08-02 06:37:42,36.7002,137.2086,1910,0,0
6080,,玉旭酒造有限会社,玉旭酒造,,富山県,富山市,富山県富山市八尾町東町2111,1948年 (昭和23年),https://tamaasahi.jp/,sake,富山県富山市に蔵を構える玉旭酒造有限会社は、1948年 (昭和23年)年に創業しました。淡麗辛口まろやかな口当たり 低温長期型の吟醸造りで仕込み、吟醸香が高く、淡麗辛口にしてまろやかな口当たり特徴です。淡麗な中にコクと旨みのある昔ながらの辛口本醸造。伝統の技を守りつつ、現代の食文化に寄り添う高品質な美酒を醸し続けています。,0,draft,0.9,kumiai_toyama_detail,銘柄：おわら娘 住所：富山市八尾町東町2111 TEL：076-455-1331,2026-07-07 13:41:15,2026-08-02 06:37:42,36.7019,137.2117,1948年 (昭和23年),1,1
6081,,株式会社高澤酒造場,高沢酒造場,,富山県,氷見市,富山県氷見市北大町18-7,1910,https://ariiso-akebono.jp/,sake,富山県氷見市に蔵を構える株式会社高澤酒造場は、明治43年（1910年）創業の歴史を誇る老舗酒蔵です。髙澤酒造場は、昔ながらの手作りにこだわり「槽搾り」を守り伝えている酒蔵です。清酒 有磯 曙 醸造元 髙澤酒造場 オンラインストア営業日 今月(2026年8月) 翌月(2026年9月) (      発送業務休日) お支払いについて ●銀行振込 ・合計商品代金＋送料をお振込みください。伝統の技を守りつつ、現代の食文化に寄り添う高品質な美酒を醸し続けています。,0,draft,0.9,kumiai_toyama_detail,銘柄：曙 住所：氷見市北大町18-7 TEL：0766-72-0006,2026-07-07 13:41:15,2026-08-02 06:37:42,36.7036,137.2148,1910,0,0
6082,,有限会社清都酒造場,清都酒造場,,富山県,高岡市,富山県高岡市京町12-12,1910,https://www.saketime.com/breweries/1154/,sake,富山県高岡市に蔵を構える有限会社清都酒造場は、明治43年（1910年）創業の歴史を誇る老舗酒蔵です。仕込み水には良質な立山連峰・黒部川扇状地湧水群（軟水）を使用し、能登杜氏の伝統の技を受け継ぎながら、米の旨味を引き出す真摯な酒造りを追求しています。伝統の技を守りつつ、現代の食文化に寄り添う高品質な美酒を醸し続けています。,0,draft,1.0,kumiai_toyama_detail,銘柄：勝駒 住所：高岡市京町12-12 TEL：0766-22-0557,2026-07-07 13:41:15,2026-08-02 06:37:42,36.7053,137.2179,1910,0,0
6083,,立山酒造株式会社,立山酒造,,富山県,,富山県砺波市中野220,1910,https://www.sake-tateyama.com/,sake,富山県に蔵を構える立山酒造株式会社は、明治43年（1910年）創業の歴史を誇る老舗酒蔵です。仕込み水には良質な立山連峰・黒部川扇状地湧水群（軟水）を使用し、能登杜氏の伝統の技を受け継ぎながら、米の旨味を引き出す真摯な酒造りを追求しています。伝統の技を守りつつ、現代の食文化に寄り添う高品質な美酒を醸し続けています。,0,draft,0.9,kumiai_toyama_detail,銘柄：立山 住所：富山県砺波市中野220 TEL：0763-33-3330,2026-07-07 13:41:15,2026-08-02 06:37:42,36.687,137.221,1910,0,0
6084,,若鶴酒造株式会社,若鶴酒造,,富山県,,富山県砺波市三郎丸208番地,1910,https://www.wakatsuru.co.jp/,sake,富山県に蔵を構える若鶴酒造株式会社は、明治43年（1910年）創業の歴史を誇る老舗酒蔵です。1952年の製造開始以来、 連綿と受け継がれてきた製法・材料を生かして ウイスキーづくりを行っています。伝統の技を守りつつ、現代の食文化に寄り添う高品質な美酒を醸し続けています。,0,draft,0.9,kumiai_toyama_detail,銘柄：若鶴 住所： 砺波市三郎丸208番地,2026-07-07 13:41:15,2026-08-02 06:37:42,36.6887,137.2041,1910,0,0
6085,,吉江酒造株式会社,吉江酒造,,富山県,砺波市,富山県砺波市若草町43番地,1910,,sake,富山県砺波市に蔵を構える吉江酒造株式会社は、明治43年（1910年）創業の歴史を誇る老舗酒蔵です。仕込み水には良質な立山連峰・黒部川扇状地湧水群（軟水）を使用し、能登杜氏の伝統の技を受け継ぎながら、米の旨味を引き出す真摯な酒造りを追求しています。伝統の技を守りつつ、現代の食文化に寄り添う高品質な美酒を醸し続けています。,0,draft,0.9,kumiai_toyama_detail,銘柄：太刀山 住所：砺波市若草町43番地 TEL：0763-32-2232,2026-07-07 13:41:15,2026-08-02 06:37:42,36.6904,137.2072,1910,0,0
6086,,黒田酒造株式会社,黒田酒造,,富山県,,富山県小矢部市西中323,1910,http://www.hokuichi.com/,sake,富山県に蔵を構える黒田酒造株式会社は、明治43年（1910年）創業の歴史を誇る老舗酒蔵です。仕込み水には良質な立山連峰・黒部川扇状地湧水群（軟水）を使用し、能登杜氏の伝統の技を受け継ぎながら、米の旨味を引き出す真摯な酒造りを追求しています。伝統の技を守りつつ、現代の食文化に寄り添う高品質な美酒を醸し続けています。,0,draft,0.9,kumiai_toyama_detail,銘柄：北一 住所：小矢部市西中323 TEL：0766-67-1803,2026-07-07 13:41:15,2026-08-02 06:37:42,36.6921,137.2103,1910,0,0
6087,,合名会社若駒酒造場,若駒酒造場,,富山県,,富山県南砺市井波3601,1910,,sake,富山県に蔵を構える合名会社若駒酒造場は、明治43年（1910年）創業の歴史を誇る老舗酒蔵です。仕込み水には良質な立山連峰・黒部川扇状地湧水群（軟水）を使用し、能登杜氏の伝統の技を受け継ぎながら、米の旨味を引き出す真摯な酒造りを追求しています。伝統の技を守りつつ、現代の食文化に寄り添う高品質な美酒を醸し続けています。,0,draft,0.9,kumiai_toyama_detail,銘柄：若駒 住所：南砺市井波3601 TEL： 0763-82-7373,2026-07-07 13:41:15,2026-08-02 06:37:40,36.6938,137.2134,1910,0,0
6088,,成政酒造株式会社,成政酒造,,富山県,,富山県南砺市舘418,1910,https://www.narimasa.co.jp/,sake,富山県に蔵を構える成政酒造株式会社は、明治43年（1910年）創業の歴史を誇る老舗酒蔵です。仕込み水には良質な立山連峰・黒部川扇状地湧水群（軟水）を使用し、能登杜氏の伝統の技を受け継ぎながら、米の旨味を引き出す真摯な酒造りを追求しています。伝統の技を守りつつ、現代の食文化に寄り添う高品質な美酒を醸し続けています。,0,draft,0.9,kumiai_toyama_detail,銘柄：成政 住所：南砺市舘418 TEL： 0763-52-0204,2026-07-07 13:41:15,2026-08-02 06:37:42,36.6955,137.2165,1910,0,0
6089,,三笑楽酒造株式会社,三笑楽酒造,,富山県,,富山県南砺市上梨678番地,1910,https://www.sansyouraku.jp/,sake,富山県に蔵を構える三笑楽酒造株式会社は、明治43年（1910年）創業の歴史を誇る老舗酒蔵です。仕込み水には良質な立山連峰・黒部川扇状地湧水群（軟水）を使用し、能登杜氏の伝統の技を受け継ぎながら、米の旨味を引き出す真摯な酒造りを追求しています。伝統の技を守りつつ、現代の食文化に寄り添う高品質な美酒を醸し続けています。,0,draft,0.95,kumiai_toyama_detail,銘柄：三笑楽 住所：南砺市上梨678番地 TEL：0763-66-2010,2026-07-07 13:41:15,2026-08-02 06:37:42,36.6972,137.2196,1910,0,0
6160,,谷櫻酒造有限会社,谷櫻酒造,古銭屋,山梨県,北杜市,山梨県北杜市大泉町谷戸2037,1848,https://www.tanizakura.co.jp/,sake,山梨県北杜市に蔵を構える谷櫻酒造有限会社は、嘉永元年（1848年）創業の歴史を誇る老舗酒蔵です。恵まれた自然の産物に蔵人の技が加わることで、谷櫻の酒が生まれます。よりありのままの日本酒本来のうまみを引き出す理想的な醸造方法を求めた結果、自然の摂理を巧妙に使う醸造方「生酛造り」にたどり着きました。伝統の技を守りつつ、現代の食文化に寄り添う高品質な美酒を醸し続けています。,0,draft,0.9,kumiai_yamanashi_detail,蔵は嘉永元年(1848年)、初代小宮山権左衛門がお神酒酒屋として創業,2026-07-07 13:41:15,2026-08-02 06:37:42,35.6662,138.5744,1848,0,0
6161,,武の井酒造株式会社,武の井酒造,,山梨県,北杜市,山梨県北杜市高根町箕輪1450,1865,http://takenoishuzo.jp/,sake,山梨県北杜市に蔵を構える武の井酒造株式会社は、慶応元年（1865年）創業の歴史を誇る老舗酒蔵です。青煌・武の井〜八ヶ岳山麓の伏流水と花酵母が醸しだす酒｜武の井酒造 私ども武の井酒造は慶応元年に創業、 八ヶ岳の豊かな自然に囲まれた 山梨県北杜市にある酒蔵です。「武の井」の名は、初代清水武左衛門の「武」と、 八ヶ岳の伏流水が湧く井戸の「井」に由来しています。伝統の技を守りつつ、現代の食文化に寄り添う高品質な美酒を醸し続けています。,0,draft,0.9,kumiai_yamanashi_detail,蔵は慶応元年(1865年)に清水武左衛門が創業し,2026-07-07 13:41:15,2026-08-02 06:37:42,35.6679,138.5775,1865,0,0
6162,,株式会社八巻酒造店,八巻酒造店,,山梨県,北杜市,山梨県北杜市高根町下黒沢950,1862,http://yamakishuzou.com/,sake,山梨県北杜市に蔵を構える株式会社八巻酒造店は、文久2年（1862年）創業の歴史を誇る老舗酒蔵です。八巻酒造店 山梨県北杜市 酒造店 日本酒 地酒 純米大吟醸酒 純米酒 伝統の味を守り、未来へつなぐ 八巻酒造店は、文久二年(1862年)の創業、150年以上の歴史を持つ由緒ある蔵元です。私たちは、「時流に流されず、芯がぶれずに、伝統の味を受け継いでいく」という信念のもと、地元の水と米にこだわった、地域に根差した酒造りを続けております。伝統の技を守りつつ、現代の食文化に寄り添う高品質な美酒を醸し続けています。,0,draft,0.9,kumiai_yamanashi_detail,1862(文久２)年に甲村(当時)の地主だった八巻仲右衛門が創業,2026-07-07 13:41:15,2026-08-02 06:37:41,35.6696,138.5606,1862,0,0
6163,,福徳長酒類株式会社,福徳長酒類,韮崎工場,山梨県,韮崎市,山梨県韮崎市穂坂町宮久保5228-1,1910,http://www.oenon.jp/,sake,山梨県韮崎市に蔵を構える福徳長酒類株式会社は、明治43年（1910年）創業の歴史を誇る老舗酒蔵です。オエノングループは、大吟醸・吟醸・純米吟醸をはじめ、純米や本醸造、普通酒、生酒・生貯蔵酒、にごり酒など様々な日本酒（清酒）を取り揃えております。伝統の技に裏打ちされた確かな味わいをお楽しみください。伝統の技を守りつつ、現代の食文化に寄り添う高品質な美酒を醸し続けています。,0,draft,0.75,kumiai_yamanashi_detail,オエノンホールディングス株式会社のグループ会社である福徳長酒類株式会社,2026-07-07 13:41:15,2026-08-02 06:37:41,35.6713,138.5637,1910,0,0
6164,,山梨銘醸株式会社,山梨銘醸,,山梨県,北杜市,山梨県北杜市白州町台ケ原2283,1750,https://www.tokyo-ac.jp/shichiken/,sake,山梨県北杜市に蔵を構える山梨銘醸株式会社は、寛延3年（1750年）創業の歴史を誇る老舗酒蔵です。仕込み水には良質な南アルプス・富士山系天然伏流水（軟水）を使用し、南部杜氏・蔵元杜氏の伝統の技を受け継ぎながら、米の旨味を引き出す真摯な酒造りを追求しています。伝統の技を守りつつ、現代の食文化に寄り添う高品質な美酒を醸し続けています。,0,draft,1.0,kumiai_yamanashi_detail,北原伊兵衛は、白州の水の良さにいち早く目を付け、江戸寛延3(1750)年に創業した,2026-07-07 13:41:15,2026-08-02 06:37:42,35.673,138.5668,1750,0,0
6165,,株式会社横内酒造店,横内酒造店,,山梨県,南アルプス市,山梨県南アルプス市上宮地57,1872,r.goope.jp/sr-19-192081s0307,sake,山梨県南アルプス市に蔵を構える株式会社横内酒造店は、明治5年（1872年）創業の歴史を誇る老舗酒蔵です。仕込み水には良質な南アルプス・富士山系天然伏流水（軟水）を使用し、南部杜氏・蔵元杜氏の伝統の技を受け継ぎながら、米の旨味を引き出す真摯な酒造りを追求しています。伝統の技を守りつつ、現代の食文化に寄り添う高品質な美酒を醸し続けています。,0,draft,0.7,kumiai_yamanashi_detail,蔵は1872(明治5)年に横内甚右衛門が創業した,2026-07-07 13:41:15,2026-08-02 06:37:42,35.6547,138.5699,1872,0,0
6166,,太冠酒造株式会社,太冠酒造,,山梨県,南アルプス市,山梨県南アルプス市上宮地57,1877,http://www.taikan-y.co.jp/,sake,山梨県南アルプス市に蔵を構える太冠酒造株式会社は、明治10年（1877年）創業の歴史を誇る老舗酒蔵です。仕込み水には良質な南アルプス・富士山系天然伏流水（軟水）を使用し、南部杜氏・蔵元杜氏の伝統の技を受け継ぎながら、米の旨味を引き出す真摯な酒造りを追求しています。伝統の技を守りつつ、現代の食文化に寄り添う高品質な美酒を醸し続けています。,0,draft,0.75,kumiai_yamanashi_detail,同社は明治10(1877)年に大澤利右衛門が甲府市内で創業,2026-07-07 13:41:15,2026-08-02 06:37:41,35.6564,138.573,1877,0,0
6167,,株式会社萬屋醸造店,萬屋醸造店,,山梨県,南巨摩郡富士川町,山梨県南巨摩郡富士川町青柳町1202-1,1790,https://www.shunnoten.co.jp,sake,山梨県南巨摩郡富士川町に蔵を構える株式会社萬屋醸造店は、寛政2年（1790年）創業の歴史を誇る老舗酒蔵です。春鶯囀（しゅんのうてん） 日本酒 製造・販売 | 萬屋醸造店 | 山梨県富士川町 幸せにそっと寄り添うお酒。伝統の技を守りつつ、現代の食文化に寄り添う高品質な美酒を醸し続けています。,0,draft,0.9,kumiai_yamanashi_detail,寛政2(1790）年に初代萬屋八五郎が...萬屋醸造を創業した,2026-07-07 13:41:15,2026-08-02 06:37:42,35.6581,138.5761,1790,0,0
6168,,株式会社サン．フーズ,サン.フーズ,,山梨県,甲州市,山梨県甲州市塩山熊野1205-1,1976,https://www.sanfoods.jp/,shochu,山梨県甲州市に位置する株式会社サン．フーズは、昭和51年（1976年）に創業しました。仕込み水には良質な南アルプス・富士山系天然伏流水（軟水）を使用し、南部杜氏・蔵元杜氏の伝統の技を受け継ぎながら、米の旨味を引き出す真摯な酒造りを追求しています。伝統の技を守りつつ、現代の食文化に寄り添う高品質な美酒を醸し続けています。,0,draft,0.7,kumiai_yamanashi_detail,焼酎やリキュール、ウイスキー、果実酒などの酒類...の製造販売を手掛けている,2026-07-07 13:41:15,2026-08-02 06:37:41,35.6598,138.5592,1976,0,0
6169,,養老酒造株式会社,養老酒造,,山梨県,山梨市,山梨県山梨市北567,1849,www.sakagura-kai.jp/,sake,山梨県山梨市に蔵を構える養老酒造株式会社は、嘉永2年（1849年）創業の歴史を誇る老舗酒蔵です。仕込み水には良質な南アルプス・富士山系天然伏流水（軟水）を使用し、南部杜氏・蔵元杜氏の伝統の技を受け継ぎながら、米の旨味を引き出す真摯な酒造りを追求しています。伝統の技を守りつつ、現代の食文化に寄り添う高品質な美酒を醸し続けています。,0,draft,0.85,kumiai_yamanashi_detail,養老酒造は、この山梨市で1849(嘉永２)年に創業した酒蔵,2026-07-07 13:41:15,2026-08-02 06:37:42,35.6615,138.5623,1849,0,0
6170,,笹一酒造株式会社,笹一酒造,,山梨県,大月市,山梨県大月市笹子町吉久保26,1661,https://www.sasaichi.co.jp/,sake,山梨県大月市に蔵を構える笹一酒造株式会社は、寛文元年（1661年）創業の歴史を誇る老舗酒蔵です。自家井戸から湧き出る御前水を仕込水として使用し、地元で契約栽培された山田錦や夢山水といった酒造好適米を贅沢に使用し、手作りで丁寧にお酒にしています。後に花田屋を継承し、初代蔵元となった天野久が、1919年に現在の笹一酒造と改名して統合した三百有余年の歴史を持つ会社です。伝統の技を守りつつ、現代の食文化に寄り添う高品質な美酒を醸し続けています。,0,draft,0.8,kumiai_yamanashi_detail,笹一酒造は寛文元年(1661年)、みそやしょうゆ、酒などを醸造する花田屋として創業,2026-07-07 13:41:15,2026-08-02 06:37:42,35.6632,138.5654,1661,0,0
6171,,井出醸造店,井出醸造店,,山梨県,南都留郡富士河口湖町,山梨県南都留郡富士河口湖船津8,1850,www.kainokaiun.jp,sake,山梨県南都留郡富士河口湖町に蔵を構える井出醸造店は、嘉永3年（1850年）創業の歴史を誇る老舗酒蔵です。仕込み水には良質な南アルプス・富士山系天然伏流水（軟水）を使用し、南部杜氏・蔵元杜氏の伝統の技を受け継ぎながら、米の旨味を引き出す真摯な酒造りを追求しています。伝統の技を守りつつ、現代の食文化に寄り添う高品質な美酒を醸し続けています。,0,draft,0.75,kumiai_yamanashi_detail,江戸末期の1850年ごろに16代井出與五右衛門が...清酒の製造も始めた,2026-07-07 13:41:15,2026-08-02 06:37:42,35.6649,138.5685,1850,0,0
6172,,濵田酒造株式会社,濵田酒造,,鹿児島県,いちき串木野市,鹿児島県いちき串木野市湊町4丁目1番地,1868,https://www.hamadasyuzou.co.jp/,both,鹿児島県いちき串木野市に蔵を構える濵田酒造株式会社は、明治元年（1868年）創業の歴史を誇る老舗酒蔵です。現在は伝兵衛蔵・傳藏院蔵・金山蔵という3つの蔵を有し、各々の蔵が『伝統』『革新』『継承』という弊社の核となる焼酎づくりの理念を体現しています。革新の原点伝統の黒麹仕込み だいやめ～DAIYAME～ 後世へ語り継ぎたい「だいやめ文化」への想いを込めた創業150年目の逸品。伝統の技を守りつつ、現代の食文化に寄り添う高品質な美酒を醸し続けています。,0,draft,0.9,flagged_brewery_review_2026,清酒「薩州正宗」は金山蔵で現行製造中と確認(純米酒・純米吟醸酒は公式サイト/kinzan/products/に掲載)。大吟醸酒は現行商品一覧に非掲載だが正式終売の告知は未確認。主力は焼酎、清酒は小規模継続。,2026-07-07 23:33:15,2026-08-02 06:37:42,31.599,130.5603,1868,0,0
6173,,泰石酒造株式会社,泰石酒造,,沖縄県,うるま市,沖縄県うるま市字平良川90番地,1952,https://www.restaurant-lintemporel.fr/,sake,沖縄県うるま市に位置する泰石酒造株式会社は、昭和27年（1952年）に創業しました。仕込み水には良質な首里首里城下湧水・琉球石灰岩湧水（硬水）を使用し、丁寧な手造りの精神を受け継ぎながら、米の旨味を引き出す真摯な酒造りを追求しています。伝統の技を守りつつ、現代の食文化に寄り添う高品質な美酒を醸し続けています。,0,draft,0.95,flagged_brewery_review_2026,旧公式サイトtaikokushuzo.comはフランスのレストランサイトへ乗っ取り済み(301リダイレクト確認)。2024年2月に南島酒販株式会社へM&A、2024年3月末でうるま市での製造を休止し石垣島へ移転中。2026年夏頃に石垣産米で「黎明」ブランドの製造再開を計画（沖縄タイムス報道）。websiteは要再調査のためNULL化。出典: nanto-shuhan.com M&A発表、沖縄タイムス,2026-07-07 23:33:15,2026-08-02 06:37:42,26.2165,127.6872,1952,0,0
6527,,株式会社町田酒造店,町田酒造店,,群馬県,前橋市,〒379-2122 群馬県前橋市駒形町65番地,1883,https://www.seiryo-sake.co.jp/,sake,群馬県前橋市に蔵を構える株式会社町田酒造店は、明治16年（1883年）創業の歴史を誇る老舗酒蔵です。仕込み水には良質な谷川岳・利根川源流伏流水（軟水）を使用し、越後杜氏・群馬杜氏の伝統の技を受け継ぎながら、米の旨味を引き出す真摯な酒造りを追求しています。伝統の技を守りつつ、現代の食文化に寄り添う高品質な美酒を醸し続けています。,0,draft,0.9,kumiai_gunma_detail,会社名　株式会社町田酒造店／明治16年創業,2026-07-07 23:33:15,2026-08-02 06:37:42,36.3966,139.0641,1883,0,0
6528,,栁澤酒造株式会社,栁沢酒造,,群馬県,前橋市,〒371-0215 群馬県前橋市粕川町深津104-2,1877,https://www.katsuragawa-musubito.com/,sake,群馬県前橋市に蔵を構える栁澤酒造株式会社は、明治10年（1877年）創業の歴史を誇る老舗酒蔵です。明治10年創業以来、甘口の日本酒造りにコダワリ続けております。伝統の技を守りつつ、現代の食文化に寄り添う高品質な美酒を醸し続けています。,0,draft,0.9,kumiai_gunma_detail,会社名　栁澤酒造株式会社／明治10年創業,2026-07-07 23:33:15,2026-08-02 06:37:42,36.3983,139.0672,1877,0,0
6529,,聖酒造株式会社,聖酒造,,群馬県,渋川市,群馬県渋川市北橘町下箱田380,1841,https://www.hijiri-sake.co.jp/,sake,群馬県渋川市に蔵を構える聖酒造株式会社は、天保12年（1841年）創業の歴史を誇る老舗酒蔵です。上州赤城山西南麓の自然水と蛍の舞う緑豊かな自然環境の中で酒造りを始め、八代１8０年の長きにわたりその伝統と技を継承しています。日本酒一覧を見る 聖酒造の酒造り創業天保12年(1841年) 清酒【かんとうのはな】醸造元酒蔵について 創業天保12年(1841年) 聖酒造の直営店です。伝統の技を守りつつ、現代の食文化に寄り添う高品質な美酒を醸し続けています。,0,draft,0.9,kumiai_gunma_detail,会社名　聖酒造株式会社／天保12年創業,2026-07-07 23:33:15,2026-08-02 06:37:42,36.4,139.0703,1841,0,0
6530,,井田酒造株式会社,井田酒造,,群馬県,佐波郡玉村町,〒370-1133 群馬県佐波郡玉村町上新田1626,1910,,sake,群馬県佐波郡玉村町に蔵を構える井田酒造株式会社は、明治43年（1910年）創業の歴史を誇る老舗酒蔵です。仕込み水には良質な谷川岳・利根川源流伏流水（軟水）を使用し、越後杜氏・群馬杜氏の伝統の技を受け継ぎながら、米の旨味を引き出す真摯な酒造りを追求しています。伝統の技を守りつつ、現代の食文化に寄り添う高品質な美酒を醸し続けています。,0,draft,0.85,kumiai_gunma_detail,会社名　井田酒造株式会社／製造銘柄　不盡泉,2026-07-07 23:33:15,2026-08-02 06:37:40,36.3817,139.0534,1910,0,0
6531,,岡村合名会社,岡村,,群馬県,高崎市,,1910,,sake,群馬県高崎市に蔵を構える岡村合名会社は、明治43年（1910年）創業の歴史を誇る老舗酒蔵です。仕込み水には良質な谷川岳・利根川源流伏流水（軟水）を使用し、越後杜氏・群馬杜氏の伝統の技を受け継ぎながら、米の旨味を引き出す真摯な酒造りを追求しています。伝統の技を守りつつ、現代の食文化に寄り添う高品質な美酒を醸し続けています。,0,draft,0.6,kumiai_gunma_detail,蔵元一覧表に「岡村合名会社［高崎市台町］」と記載,2026-07-07 23:33:15,2026-08-02 06:37:40,36.3834,139.0565,1910,0,0
6532,,牧野酒造株式会社,牧野酒造,,群馬県,高崎市,370-3401 高崎市倉渕町権田2625-1,1690,http://www.makino-sake.co.jp/,sake,群馬県高崎市に蔵を構える牧野酒造株式会社は、元禄3年（1690年）創業の歴史を誇る老舗酒蔵です。仕込み水には良質な谷川岳・利根川源流伏流水（軟水）を使用し、越後杜氏・群馬杜氏の伝統の技を受け継ぎながら、米の旨味を引き出す真摯な酒造りを追求しています。伝統の技を守りつつ、現代の食文化に寄り添う高品質な美酒を醸し続けています。,0,draft,0.9,kumiai_gunma_detail,会社名　牧野酒造株式会社／元禄3年創業,2026-07-07 23:33:15,2026-08-02 06:37:42,36.3851,139.0596,1690,0,0
6533,,柴崎酒造株式会社,柴崎酒造,,群馬県,北群馬郡吉岡町,370-3608 北群馬郡吉岡町大字下野田649-1,1910,http://www.funaotaki.com/,sake,群馬県北群馬郡吉岡町に蔵を構える柴崎酒造株式会社は、明治43年（1910年）創業の歴史を誇る老舗酒蔵です。仕込み水には良質な谷川岳・利根川源流伏流水（軟水）を使用し、越後杜氏・群馬杜氏の伝統の技を受け継ぎながら、米の旨味を引き出す真摯な酒造りを追求しています。伝統の技を守りつつ、現代の食文化に寄り添う高品質な美酒を醸し続けています。,0,draft,0.85,kumiai_gunma_detail,会社名　柴崎酒造株式会社／大正4年に酒造権を取得,2026-07-07 23:33:15,2026-08-02 06:37:42,36.3868,139.0627,1910,0,0
6534,,美峰酒類株式会社,美峰酒類,,群馬県,高崎市,,1910,https://www.mihoshurui.co.jp/,sake,群馬県高崎市に蔵を構える美峰酒類株式会社は、明治43年（1910年）創業の歴史を誇る老舗酒蔵です。研究開発から製造まで、全てのプロセスにおいて品質にこだわり、お客様に安心してお召し上がりいただける酒を提供しております。当社の製品は、独自の原料、水を使用し、伝統の味を守りながらも、新しい味わいや香りを生み出しています。伝統の技を守りつつ、現代の食文化に寄り添う高品質な美酒を醸し続けています。,0,draft,0.8,kumiai_gunma_detail,蔵元一覧表に「美峰酒類(株)［高崎市歌川町］」と記載,2026-07-07 23:33:15,2026-08-02 06:37:40,36.3885,139.0658,1910,0,0
6535,,高井株式会社,高井,,群馬県,藤岡市,375-0042 藤岡市鮎川138,1729,https://www.saketime.com/breweries/6535,sake,群馬県藤岡市に蔵を構える高井株式会社は、享保14年（1729年）創業の歴史を誇る老舗酒蔵です。仕込み水には良質な谷川岳・利根川源流伏流水（軟水）を使用し、越後杜氏・群馬杜氏の伝統の技を受け継ぎながら、米の旨味を引き出す真摯な酒造りを追求しています。伝統の技を守りつつ、現代の食文化に寄り添う高品質な美酒を醸し続けています。,0,draft,0.9,kumiai_gunma_detail,会社名　高井株式会社／享保14年創業,2026-07-07 23:33:15,2026-08-02 06:37:42,36.3902,139.0689,1729,0,0
6536,,松屋酒造株式会社,松屋酒造,,群馬県,藤岡市,375-0024 藤岡市藤岡180,1910,https://matsuya-sakebrewery.jp/,sake,群馬県藤岡市に蔵を構える松屋酒造株式会社は、明治43年（1910年）創業の歴史を誇る老舗酒蔵です。醸造元の合名会社田島酒造店様が閉業して地元のお客様から復活の要望を頂いておりました。長年の歴史を持つ伝統的な銘柄ですので弊社も責任を持って製造を引き継いで行きます。伝統の技を守りつつ、現代の食文化に寄り添う高品質な美酒を醸し続けています。,0,draft,0.9,kumiai_gunma_detail,会社名　松屋酒造株式会社／明治後期より酒造り開始,2026-07-07 23:33:15,2026-08-02 06:37:42,36.3919,139.052,1910,0,0
6537,,聖徳銘醸株式会社,聖徳銘醸,,群馬県,甘楽郡甘楽町,370-2213 甘楽郡甘楽町大字白倉686-1,1959,https://seitoku.co.jp/,sake,群馬県甘楽郡甘楽町に位置する聖徳銘醸株式会社は、昭和34年（1959年）に創業しました。杜氏を始めとする職人たちの技術力によって、確かな品質の日本酒をお届けします。杜氏を始めとする職人たちの技術力によって、確かな品質の日本酒をお届けします。伝統の技を守りつつ、現代の食文化に寄り添う高品質な美酒を醸し続けています。,0,draft,0.9,kumiai_gunma_detail,会社名　聖徳銘醸株式会社／昭和34年創業,2026-07-07 23:33:15,2026-08-02 06:37:42,36.3936,139.0551,1959,0,0
6538,,浅間酒造株式会社,浅間酒造,,群馬県,吾妻郡長野原町,377-1304 吾妻郡長野原町長野原向原1392-10,1872,https://asama-sakagura.co.jp/,sake,群馬県吾妻郡長野原町に蔵を構える浅間酒造株式会社は、明治5年（1872年）創業の歴史を誇る老舗酒蔵です。その厳しい環境下で技術者達は「お客様に楽しんでいただけるために前向きに楽しみながら酒を醸そう」を合言葉に日々精進しています。#生酛造り の #日本酒 を作る上で、欠かせない重要 4月21日にバンコク酒チャレンジ2026の結果が発表され、浅間酒造の『浅間山IBUKI』が『金賞』を 本日 #浅間酒造 では本酒造年度初となる #上槽 が行われました。伝統の技を守りつつ、現代の食文化に寄り添う高品質な美酒を醸し続けています。,0,draft,0.9,kumiai_gunma_detail,会社名　浅間酒造株式会社／明治5年創業,2026-07-07 23:33:15,2026-08-02 06:37:42,36.3953,139.0582,1872,0,0
6539,,貴娘酒造株式会社,貴娘酒造,,群馬県,吾妻郡中之条町,377-0413 吾妻郡中之条町大字大塚1768-2,1872,https://www.saketime.com/breweries/6539,sake,群馬県吾妻郡中之条町に蔵を構える貴娘酒造株式会社は、明治5年（1872年）創業の歴史を誇る老舗酒蔵です。仕込み水には良質な谷川岳・利根川源流伏流水（軟水）を使用し、越後杜氏・群馬杜氏の伝統の技を受け継ぎながら、米の旨味を引き出す真摯な酒造りを追求しています。伝統の技を守りつつ、現代の食文化に寄り添う高品質な美酒を醸し続けています。,0,draft,0.9,kumiai_gunma_detail,会社名　貴娘酒造株式会社／明治5年創業,2026-07-07 23:33:15,2026-08-02 06:37:42,36.397,139.0613,1872,0,0
6540,,土田酒造株式会社,土田酒造,,群馬県,利根郡川場村,378-0102 利根郡川場村川場湯原2691,1907,https://www.tsuchidasake.jp/,sake,群馬県利根郡川場村に蔵を構える土田酒造株式会社は、明治40年（1907年）創業の歴史を誇る老舗酒蔵です。私たちは醸造技術や日本酒文化を次世代へと継ぐべく、日々挑戦を続けています。生酛（きもと）造りとは、蔵にすみついている乳酸菌が降りるのをひたすら待つという造り方です。伝統の技を守りつつ、現代の食文化に寄り添う高品質な美酒を醸し続けています。,0,draft,0.9,kumiai_gunma_detail,会社名　土田酒造株式会社／明治40年創業,2026-07-07 23:33:15,2026-08-02 06:37:42,36.3987,139.0644,1907,0,0
6541,,大利根酒造有限会社,大利根酒造,,群馬県,沼田市,378-0121 沼田市白沢町高平1306-2,1902,http://www.sadaijin.co.jp/,sake,群馬県沼田市に蔵を構える大利根酒造有限会社は、明治35年（1902年）創業の歴史を誇る老舗酒蔵です。日本酒には日本の文化・技術・歴史のすべてが入っています。大自然に育まれ、伝統手法により醸し出された手造り地酒の逸品。伝統の技を守りつつ、現代の食文化に寄り添う高品質な美酒を醸し続けています。,0,draft,0.9,kumiai_gunma_detail,会社としての創業は明治35年,2026-07-07 23:33:15,2026-08-02 06:37:42,36.4004,139.0675,1902,0,0
6542,,永井酒造株式会社,永井酒造,,群馬県,利根郡川場村,378-0115 利根郡川場村大字門前713,1886,https://www.nagai-sake.co.jp/,sake,群馬県利根郡川場村に蔵を構える永井酒造株式会社は、明治19年（1886年）創業の歴史を誇る老舗酒蔵です。初代永井庄治がこの地の水に出会い酒造りを始めました。仕込み水の確保のため深い森林を所有し、酒蔵周辺は大自然に囲まれ、蔵の前には豊かな水田が見渡す限り広がっています。伝統の技を守りつつ、現代の食文化に寄り添う高品質な美酒を醸し続けています。,0,draft,1.0,kumiai_gunma_detail,会社名　永井酒造株式会社／明治19年創業,2026-07-07 23:33:15,2026-08-02 06:37:42,36.3821,139.0506,1886,0,0
6543,,株式会社永井本家,永井本家,,群馬県,沼田市,378-0074 沼田市下発知町703,1901,https://www.nagaihonke.co.jp/,sake,群馬県沼田市に蔵を構える株式会社永井本家は、明治34年（1901年）創業の歴史を誇る老舗酒蔵です。天然に磨かれた水、澄み切った空気といった自然環境に恵まれ、醸造環境にも適した地。それらを生かし手造りを基本に酒を醸しています。伝統の技を守りつつ、現代の食文化に寄り添う高品質な美酒を醸し続けています。,0,draft,0.9,kumiai_gunma_detail,会社名　株式会社永井本家／明治34年創業,2026-07-07 23:33:15,2026-08-02 06:37:42,36.3838,139.0537,1901,0,0
6544,,近藤酒造株式会社,近藤酒造,,群馬県,みどり市,376-0101 みどり市大間々町大間々1002,1875,https://www.akagisan.com/,sake,群馬県みどり市に蔵を構える近藤酒造株式会社は、明治8年（1875年）創業の歴史を誇る老舗酒蔵です。当社は、明治8年（1875年）創業以来、日本酒を造り、人々へお届けすることで、地域貢献につながる事業へと取り組んでまいりました。伝統の技を守りつつ、現代の食文化に寄り添う高品質な美酒を醸し続けています。,0,draft,0.9,kumiai_gunma_detail,会社名　近藤酒造株式会社／明治8年創業,2026-07-07 23:33:15,2026-08-02 06:37:42,36.3855,139.0568,1875,0,0
6545,,分福酒造株式会社,分福酒造,,群馬県,館林市,374-0029 館林市仲町3-15,1825,http://www.bunbuku.net/,sake,群馬県館林市に蔵を構える分福酒造株式会社は、文政8年（1825年）創業の歴史を誇る老舗酒蔵です。酒類の分類と並行複発酵 醸造アルコールって何。酒類の分類と並行複発酵 醸造アルコールって何。伝統の技を守りつつ、現代の食文化に寄り添う高品質な美酒を醸し続けています。,0,draft,0.9,kumiai_gunma_detail,文政8年創業／会社名　分福酒造株式会社,2026-07-07 23:33:15,2026-08-02 06:37:42,36.3872,139.0599,1825,0,0
6546,,龍神酒造株式会社,龍神酒造,,群馬県,館林市,,1910,,sake,群馬県館林市に蔵を構える龍神酒造株式会社は、明治43年（1910年）創業の歴史を誇る老舗酒蔵です。仕込み水には良質な谷川岳・利根川源流伏流水（軟水）を使用し、越後杜氏・群馬杜氏の伝統の技を受け継ぎながら、米の旨味を引き出す真摯な酒造りを追求しています。伝統の技を守りつつ、現代の食文化に寄り添う高品質な美酒を醸し続けています。,0,draft,0.65,kumiai_gunma_detail,蔵元一覧表に「龍神酒造(株)［館林市西本町］」と記載,2026-07-07 23:33:15,2026-08-02 06:37:42,36.3889,139.063,1910,0,0
6547,,清水屋酒造有限会社,清水屋酒造,,群馬県,館林市,374-0068 館林市台宿町3-10,1873,https://www.shimizuyasyuzo.co.jp/,sake,群馬県館林市に蔵を構える清水屋酒造有限会社は、明治6年（1873年）創業の歴史を誇る老舗酒蔵です。online shop 清⽔屋酒造10のこだわり ワインボトルに込めた想い 日本酒ファンと新価値の創出のため、イエローゴールドの2つのヴィンテージブランドを醸造。⽇本酒ファンと新価値の創出のため、 イノベーションしたイエローゴールドのヴィンテージ⽇本酒である 「SAKAEMASU 55」と「SAKAEMASU 50」の⾃社醸造を開始。伝統の技を守りつつ、現代の食文化に寄り添う高品質な美酒を醸し続けています。,0,draft,0.9,kumiai_gunma_detail,会社名　清水屋酒造有限会社／明治6年に創業,2026-07-07 23:33:15,2026-08-02 06:37:42,36.3906,139.0661,1873,0,0
6548,,山川酒造株式会社,山川酒造,,群馬県,邑楽郡千代田町,370-0503 邑楽郡千代田町大字赤岩185-3,1850,,sake,群馬県邑楽郡千代田町に蔵を構える山川酒造株式会社は、嘉永3年（1850年）創業の歴史を誇る老舗酒蔵です。仕込み水には良質な谷川岳・利根川源流伏流水（軟水）を使用し、越後杜氏・群馬杜氏の伝統の技を受け継ぎながら、米の旨味を引き出す真摯な酒造りを追求しています。伝統の技を守りつつ、現代の食文化に寄り添う高品質な美酒を醸し続けています。,0,draft,0.9,kumiai_gunma_detail,会社名　山川酒造株式会社／嘉永3年創業,2026-07-07 23:33:15,2026-08-02 06:37:42,36.3923,139.0692,1850,0,0
6549,,山崎酒造株式会社,山崎酒造,,群馬県,太田市,〒370-0321 群馬県太田市新田木崎町966,1875,https://yamazaki-shuzo.com/,sake,群馬県太田市に蔵を構える山崎酒造株式会社は、明治8年（1875年）創業の歴史を誇る老舗酒蔵です。仕込み水には良質な谷川岳・利根川源流伏流水（軟水）を使用し、越後杜氏・群馬杜氏の伝統の技を受け継ぎながら、米の旨味を引き出す真摯な酒造りを追求しています。伝統の技を守りつつ、現代の食文化に寄り添う高品質な美酒を醸し続けています。,0,draft,0.9,kumiai_gunma_detail,会社名　山崎酒造株式会社／明治8年創業,2026-07-07 23:33:15,2026-08-02 06:37:41,36.394,139.0523,1875,0,0
6550,,島岡酒造株式会社,島岡酒造,,群馬県,太田市,373-0036 太田市由良町375-2,1863,https://shimaokasyuzo.com/,sake,群馬県太田市に蔵を構える島岡酒造株式会社は、文久3年（1863年）創業の歴史を誇る老舗酒蔵です。生もと系造りとは、日本の冬季の気候、蔵に住んでいる天然乳酸菌、 自然の力を巧みに利用し酒母を育てる古来より続く伝統製法です。高い技術と経験を持った蔵人が、手間と時間をかけて醸します。伝統の技を守りつつ、現代の食文化に寄り添う高品質な美酒を醸し続けています。,0,draft,0.9,kumiai_gunma_detail,会社名　島岡酒造株式会社／文久3年創業,2026-07-07 23:33:15,2026-08-02 06:37:42,36.3957,139.0554,1863,0,0
6551,,株式会社 森ノ醸造所,森ノ醸造所,,北海道,磯谷郡蘭越町,048-1311 北海道磯谷郡蘭越町吉国7-8,1910,https://morino-brewery.jp/,sake,北海道磯谷郡蘭越町に蔵を構える株式会社 森ノ醸造所は、明治43年（1910年）創業の歴史を誇る老舗酒蔵です。森ノ醸造所 | Mori No Brewery – 北海道蘭越の大地で生まれた―雪、火、海、森。米と米麹、醸造家の思想と技術が織りなすSparkling Sake。伝統の技を守りつつ、現代の食文化に寄り添う高品質な美酒を醸し続けています。,0,draft,0.9,kumiai_hokkaido_detail,森とともに生きる醸造所,2026-07-07 23:33:15,2026-08-02 06:37:40,43.0709,141.345,1910,0,0
6552,,箱館醸蔵 有限会社,箱館醸蔵,,北海道,亀田郡七飯町,041-1121 亀田郡七飯町大中山1丁目2番3号,2021,http://gohhou.jp/,sake,北海道亀田郡七飯町に位置する箱館醸蔵 有限会社は、令和3年（2021年）に創業しました。道内では比較的温暖な気候、肥沃な土壌、そして生産者の情熱が育む酒米は、大きく粒が揃い、タンパク質の含有率が低く、酒に品の良い旨味をもたらします。また、箱館醸蔵では『四季醸造』を取り入れています。伝統の技を守りつつ、現代の食文化に寄り添う高品質な美酒を醸し続けています。,0,draft,0.9,kumiai_hokkaido_detail,令和三年二月に酒造りを開始,2026-07-07 23:33:15,2026-08-02 06:37:42,43.0726,141.3481,2021,0,0
6553,,函館五稜乃蔵株式会社,函館五稜乃蔵,,北海道,函館市,042-0917 函館市亀尾町28-1,2021,https://hakodate-goryo.co.jp/,sake,北海道函館市に位置する函館五稜乃蔵株式会社は、令和3年（2021年）に創業しました。地元の「亀尾町産」をはじめとする厳選した北海道産の酒造好適米と地元の水を使用し、 手造りの伝統的な手法で1本1本のもろみを丁寧に仕込む、 小仕込み・高品質の酒造りをしていき、 函館をはじめとする多くの人が喜んでくれる地酒を目指していきます。函館空港から車で15分、南茅部地区の縄文遺跡やトラピスチヌ修道院にも近いアクセスの良いところ、 魚介類をはじめとした函館の美味しい食にあった地酒を造り、多くの方に訪れていただけるよう 醸造過程をご覧いただける直営Shopも充実しています。伝統の技を守りつつ、現代の食文化に寄り添う高品質な美酒を醸し続けています。,0,draft,0.9,kumiai_hokkaido_detail,2021年、旧亀尾小中学校跡地に創設,2026-07-07 23:33:15,2026-08-02 06:37:42,43.0543,141.3512,2021,0,0
6554,,有限会社 二世古酒造,二世古酒造,,北海道,虻田郡倶知安町,044-0083 虻田郡倶知安町字旭47番,1916,http://nisekoshuzo.com/,sake,北海道虻田郡倶知安町に蔵を構える有限会社 二世古酒造は、大正5年（1916年）創業の歴史を誇る老舗酒蔵です。仕込み水には良質な大雪山・日高山脈雪解け伏流水（超軟水）を使用し、南部杜氏・社員醸造の伝統の技を受け継ぎながら、米の旨味を引き出す真摯な酒造りを追求しています。伝統の技を守りつつ、現代の食文化に寄り添う高品質な美酒を醸し続けています。,0,draft,0.9,kumiai_hokkaido_detail,大正5年創業、二世古山系の雪清水使用,2026-07-07 23:33:15,2026-08-02 06:37:42,43.056,141.3543,1916,0,0
6555,,田中酒造株式会社,田中酒造,,北海道,小樽市,047-0031 北海道小樽市色内3丁目2番5号,1899,https://tanakashuzo.com,sake,北海道小樽市に蔵を構える田中酒造株式会社は、明治32年（1899年）創業の歴史を誇る老舗酒蔵です。創業1899年（明治32年）、代表銘柄「宝川（たからがわ）」を北海道 小樽で造り続けております。～ １年を通じて仕込む、全国でも珍しい蔵 ～ 酒造りは寒い冬に仕込み作業を行う「寒造り」が一般的ですが、 「亀甲蔵（きっこうぐら）」は、北海道の冷涼な気候を活かして １年を通じて仕込む、「四季醸造」を行う、全国的にも珍しい酒蔵です。伝統の技を守りつつ、現代の食文化に寄り添う高品質な美酒を醸し続けています。,0,draft,0.9,kumiai_hokkaido_detail,創業1899年、代表銘柄「宝川」,2026-07-07 23:33:15,2026-08-02 06:37:42,43.0577,141.3374,1899,0,0
6556,,日本清酒株式会社,日本清酒,,北海道,札幌市中央区,060-0053 札幌市中央区南3条東5丁目2番,1872,https://nipponseishu.co.jp/,sake,北海道札幌市中央区に蔵を構える日本清酒株式会社は、明治5年（1872年）創業の歴史を誇る老舗酒蔵です。今後も企業の社会的責任を重んじ、伝統を大切にしながら、時代の変化に柔軟に対応し、幅広い世代に愛される企業であり続けられるよう努めてまいります。伝統に裏打ちされた品質を大切にしながら、お客様の価値観や市場環境の変化に応える商品・サービスの創出に取り組んでおります。伝統の技を守りつつ、現代の食文化に寄り添う高品質な美酒を醸し続けています。,0,draft,0.9,kumiai_hokkaido_detail,創業明治五年、代表銘柄『千歳鶴』,2026-07-07 23:33:15,2026-08-02 06:37:42,43.0594,141.3405,1872,0,0
6557,,国稀酒造株式会社,国稀酒造,,北海道,増毛郡増毛町,077-0204 増毛郡増毛町稲葉町1丁目17,1882,https://www.kunimare.co.jp,sake,北海道増毛郡増毛町に蔵を構える国稀酒造株式会社は、明治15年（1882年）創業の歴史を誇る老舗酒蔵です。渚（なぎさ）の魅力とこだわり 「渚」は、日本酒になじみのない方や女性にも飲みやすい、爽やかな微炭酸感が楽しめるスパークリング日本酒です。自然の力を受けて育ったお米を精米歩合40％まで贅沢に磨き上げることで、原料由来の純粋な美味しさだけを抽出しています。伝統の技を守りつつ、現代の食文化に寄り添う高品質な美酒を醸し続けています。,0,draft,0.9,kumiai_hokkaido_detail,創業明治十五年、商標『國稀』,2026-07-07 23:33:15,2026-08-02 06:37:42,43.0611,141.3436,1882,0,0
6558,,小林酒造株式会社,小林酒造,,北海道,夕張郡栗山町,069-1521 夕張郡栗山町錦3丁目109番地,1878,http://www.kitanonishiki.com/,sake,北海道夕張郡栗山町に蔵を構える小林酒造株式会社は、明治11年（1878年）創業の歴史を誇る老舗酒蔵です。仕込み水には良質な大雪山・日高山脈雪解け伏流水（超軟水）を使用し、南部杜氏・社員醸造の伝統の技を受け継ぎながら、米の旨味を引き出す真摯な酒造りを追求しています。伝統の技を守りつつ、現代の食文化に寄り添う高品質な美酒を醸し続けています。,0,draft,0.9,kumiai_hokkaido_detail,創業は明治11年、商標『北の錦』,2026-07-07 23:33:15,2026-08-02 06:37:42,43.0628,141.3467,1878,0,0
6559,,金滴酒造株式会社,金滴酒造,,北海道,樺戸郡新十津川町,073-1103 北海道樺戸郡新十津川町字中央71-7,1910,http://www.kinteki.co.jp,sake,北海道樺戸郡新十津川町に蔵を構える金滴酒造株式会社は、明治43年（1910年）創業の歴史を誇る老舗酒蔵です。「職人力展2025」では、伝統工芸と現代クラフトが交わる場も提供され、会場では錫を使ったワークショップも行われるなど、金属工芸に関心の高い来場者が多く訪れていました。能作は純度100％の錫を用いたテーブルウェアやインテリア製品で国内外から支持されており、伝統的な鋳造技術を受け継ぎながらも、素材の可能性を広げる革新的なデザインで新たな価値を創り出しているブランドです。伝統の技を守りつつ、現代の食文化に寄り添う高品質な美酒を醸し続けています。,0,draft,0.9,kumiai_hokkaido_detail,仕込水は徳富川の伏流水を使用,2026-07-07 23:33:15,2026-08-02 06:37:42,43.0645,141.3498,1910,0,0
6560,,髙砂酒造株式会社,高砂酒造,,北海道,旭川市,070-0030 北海道旭川市宮下通17丁目,1899,http://www.takasagoshuzo.com,sake,北海道旭川市に蔵を構える髙砂酒造株式会社は、明治32年（1899年）創業の歴史を誇る老舗酒蔵です。1991年に日本清酒㈱に入社し、札幌酒造工場で技師として仕事を始め、「現代の名工」として労働大臣表彰を受けた故・津村 弥（わたる）翁の下で約10年間、酒造りのすべてを学ぶ。造りや水の違いを感じつつ、前任の西 和夫杜氏やベテラン蔵人に教わりながら、蔵の特徴を捉え髙砂の醸造を学んだ。伝統の技を守りつつ、現代の食文化に寄り添う高品質な美酒を醸し続けています。,0,draft,0.9,kumiai_hokkaido_detail,明治32年創業、代表銘柄「国士無双」,2026-07-07 23:33:15,2026-08-02 06:37:42,43.0662,141.3529,1899,0,0
6561,,合同酒精株式会社,合同酒精,大雪乃蔵,北海道,旭川市,078-8334 旭川市南四条通20丁目1955番地,1910,https://www.oenon.jp/product/sake/sake-brewery/godo.html,sake,北海道旭川市に蔵を構える合同酒精株式会社は、明治43年（1910年）創業の歴史を誇る老舗酒蔵です。その伝統を受け継ぐ地酒蔵 合同酒精 旭川工場は、地元産にこだわった地酒造りを行っています。また、培われた高い技術力を背景に、品質の高い麹造りを行っています。伝統の技を守りつつ、現代の食文化に寄り添う高品質な美酒を醸し続けています。,0,draft,0.85,kumiai_hokkaido_detail,旭川の製造場『大雪乃蔵』、道産米100%使用,2026-07-07 23:33:15,2026-08-02 06:37:42,43.0679,141.356,1910,0,0
6562,,男山株式会社,男山,,北海道,旭川市,079-8412 旭川市永山2条7丁目1番33号,1910,https://www.otokoyama.com/,sake,北海道旭川市に蔵を構える男山株式会社は、明治43年（1910年）創業の歴史を誇る老舗酒蔵です。四季を生かした伝統の醸造技術を現代へと紡ぎ、変わりゆく時代とともに新たな挑戦を続け、現在では約40種類の商品が生み出されています。日本酒の歴史と文化を伝える資料舘 『男山』350 年の歴史と共に、日本の伝統産業のひとつである酒造り文化を伝える資料館。伝統の技を守りつつ、現代の食文化に寄り添う高品質な美酒を醸し続けています。,0,draft,0.9,kumiai_hokkaido_detail,寛文年間(約350年前)伊丹で醸造開始,2026-07-07 23:33:15,2026-08-02 06:37:42,43.0696,141.3391,1910,0,0
6563,,三千櫻酒造株式会社,三千櫻酒造,,北海道,上川郡東川町,071-1402 北海道上川郡東川町西2号北23番地,1877,https://michizakura.jp/,sake,北海道上川郡東川町に蔵を構える三千櫻酒造株式会社は、明治10年（1877年）創業の歴史を誇る老舗酒蔵です。次の百年へ酒造りを繋ぐ 143年目の決断次の百年へ酒造りを繋ぐ 明治10年創業。その思いを込めて、中津川で培ってきた酒造りの技と魂のすべてを注ぎ、「三千櫻らしい酒」を造り続けます。伝統の技を守りつつ、現代の食文化に寄り添う高品質な美酒を醸し続けています。,0,draft,0.8,kumiai_hokkaido_detail,明治10年岐阜県で創業、令和2年北海道へ移転,2026-07-07 23:33:15,2026-08-02 06:37:42,43.0713,141.3422,1877,0,0
6564,,上川大雪酒造株式会社,上川大雪酒造,碧雲蔵,北海道,上川郡上川町,078-1761 上川郡上川町旭町25番地1,2020,https://kamikawa-taisetsu.co.jp/,sake,北海道上川郡上川町に位置する上川大雪酒造株式会社は、令和2年（2020年）に創業しました。手造りの伝統的な手法で一本一本のもろみを丁寧に仕込む、小仕込み・高品質の酒造りを行います。仕込み水は、万年雪を冠する大雪山系の湧水を源流とする、酒造りには理想的な約7℃の天然水。伝統の技を守りつつ、現代の食文化に寄り添う高品質な美酒を醸し続けています。,0,draft,0.9,kumiai_hokkaido_detail,上川郡上川町の少量手仕込み純米酒蔵,2026-07-07 23:33:15,2026-08-02 06:37:42,43.073,141.3453,2020,0,0
6565,,福司酒造株式会社,福司酒造,,北海道,釧路市,085-0831 釧路市住吉2丁目13番23号,1919,http://www.fukutsukasa.jp,sake,北海道釧路市に蔵を構える福司酒造株式会社は、大正8年（1919年）創業の歴史を誇る老舗酒蔵です。仕込み水には良質な大雪山・日高山脈雪解け伏流水（超軟水）を使用し、南部杜氏・社員醸造の伝統の技を受け継ぎながら、米の旨味を引き出す真摯な酒造りを追求しています。伝統の技を守りつつ、現代の食文化に寄り添う高品質な美酒を醸し続けています。,0,draft,0.9,kumiai_hokkaido_detail,大正8年創業、代表銘柄『福司』,2026-07-07 23:33:15,2026-08-02 06:37:42,43.0547,141.3484,1919,0,0
6566,,株式会社 碓氷勝三郎商店,碓氷勝三郎商店,,北海道,根室市,087-0041 根室市常盤町1丁目6番地,1887,http://www.marimo.or.jp/~honda/cybermkt/mall/usui/,sake,北海道根室市に蔵を構える株式会社 碓氷勝三郎商店は、明治20年（1887年）創業の歴史を誇る老舗酒蔵です。根室市が育んだ清酒＜北の勝＞ 清酒北の勝は、今から百有余年前の明治２０年９月に根室市で誕生した由緒ある銘柄。自然に恵まれた環境にくわえ、酒造りの基本に徹した伝統の技術が、 この芳醇でデリケートな味わいを生みだしてきたのです。伝統の技を守りつつ、現代の食文化に寄り添う高品質な美酒を醸し続けています。,0,draft,0.9,kumiai_hokkaido_detail,明治20年9月誕生の銘柄『北の勝』,2026-07-07 23:33:15,2026-08-02 06:37:42,43.0564,141.3515,1887,0,0
6740,,濵川商店,濵川商店,,高知県,,,1904,http://www.bijofu.jp,sake,高知県に蔵を構える濵川商店は、明治37年（1904年）創業の歴史を誇る老舗酒蔵です。仕込み水には良質な四万十川・仁淀川清流伏流水（軟水）を使用し、土佐杜氏の伝統の技を受け継ぎながら、米の旨味を引き出す真摯な酒造りを追求しています。伝統の技を守りつつ、現代の食文化に寄り添う高品質な美酒を醸し続けています。,0,draft,0.8,kumiai_kochi_detail,明治37年創業、高知県最東端の蔵。代表銘柄の美丈夫,2026-07-07 23:33:15,2026-08-02 06:37:42,33.5677,133.5351,1904,0,0
6741,,南酒造場,南酒造場,,高知県,,,1869,https://www.minamishuzoujo.com/,sake,高知県に蔵を構える南酒造場は、明治2年（1869年）創業の歴史を誇る老舗酒蔵です。仕込み水には良質な四万十川・仁淀川清流伏流水（軟水）を使用し、土佐杜氏の伝統の技を受け継ぎながら、米の旨味を引き出す真摯な酒造りを追求しています。伝統の技を守りつつ、現代の食文化に寄り添う高品質な美酒を醸し続けています。,0,draft,0.8,kumiai_kochi_detail,明治2年（1869年）山形屋12代南久吉郎が創業,2026-07-07 23:33:15,2026-08-02 06:37:42,33.5694,133.5382,1869,0,0
6742,,土佐鶴酒造,土佐鶴酒造,,高知県,,,1910,http://www.tosatsuru.co.jp/,sake,高知県に蔵を構える土佐鶴酒造は、明治43年（1910年）創業の歴史を誇る老舗酒蔵です。仕込み水には良質な四万十川・仁淀川清流伏流水（軟水）を使用し、土佐杜氏の伝統の技を受け継ぎながら、米の旨味を引き出す真摯な酒造りを追求しています。伝統の技を守りつつ、現代の食文化に寄り添う高品質な美酒を醸し続けています。,0,draft,0.7,kumiai_kochi_detail,四国最大の醸造元「土佐鶴」は...高知県東部の安芸郡安田町に位置し,2026-07-07 23:33:15,2026-08-02 06:37:42,33.5511,133.5213,1910,0,0
6743,5110001016629,菊水酒造,菊水酒造,,高知県,,,1910,http://www.tosa-kikusui.co.jp/,sake,高知県に蔵を構える菊水酒造は、明治43年（1910年）創業の歴史を誇る老舗酒蔵です。その名は古の中国の伝説に由来すると伝えられています。また、昭和元年に日本で最初となる冷蔵貯蔵設備を酒蔵へと導入し、温暖な土佐の気候の中で良質な清酒づくりを実現するなど、名水と、名酒づくりに挑む杜氏たちの情熱が私たち菊水酒造の誇りなのです。伝統の技を守りつつ、現代の食文化に寄り添う高品質な美酒を醸し続けています。,0,draft,0.75,kumiai_kochi_detail,代表銘柄：菊水（きくすい）菊水の醸造場は土佐の国芸陽の地（安芸市）,2026-07-07 23:33:15,2026-08-02 06:37:42,33.5528,133.5244,1910,0,0
6744,,有光酒造場,有光酒造場,,高知県,,,1903,https://akitora-sake.com/,sake,高知県に蔵を構える有光酒造場は、明治36年（1903年）創業の歴史を誇る老舗酒蔵です。そして、安芸家が滅んだ後も、「安芸」の名はこの地域の地名として現在まで受け継がれています。【episode.】　有光伊太郎と岩崎彌太郎 当蔵の初代 有光伊太郎 は、土佐・安芸出身の三菱創始者・岩崎彌太郎氏と深い親交がありました。伝統の技を守りつつ、現代の食文化に寄り添う高品質な美酒を醸し続けています。,0,draft,0.85,kumiai_kochi_detail,明治36年（1903年）創業。高知県安芸市赤野に位置する,2026-07-07 23:33:15,2026-08-02 06:37:42,33.5545,133.5275,1903,0,0
6745,,仙頭酒造場,仙頭酒造場,,高知県,,,1903,http://www.tosashiragiku.com/,sake,高知県に蔵を構える仙頭酒造場は、明治36年（1903年）創業の歴史を誇る老舗酒蔵です。仕込み水には良質な四万十川・仁淀川清流伏流水（軟水）を使用し、土佐杜氏の伝統の技を受け継ぎながら、米の旨味を引き出す真摯な酒造りを追求しています。伝統の技を守りつつ、現代の食文化に寄り添う高品質な美酒を醸し続けています。,0,draft,0.85,kumiai_kochi_detail,創業1903年。...初代仙頭菊太郎（せんとう きくたろう）,2026-07-07 23:33:15,2026-08-02 06:37:42,33.5562,133.5306,1903,0,0
6746,,高木酒造,高木酒造,,高知県,,,1615年 (元和元年),https://www.toyonoume.com/,sake,高知県に蔵を構える高木酒造は、1615年 (元和元年)年に創業しました。伝統の味と新たな土佐体感地酒をこれからも。酒蔵として町の伝統や歴史を次の世代へつないでいきたい。伝統の技を守りつつ、現代の食文化に寄り添う高品質な美酒を醸し続けています。,0,draft,0.7,kumiai_kochi_detail,弊社の銘柄は「豊能梅（とよのうめ）」と、「土佐金蔵（とさきんぞう）」の二つ,2026-07-07 23:33:15,2026-08-02 06:37:42,38.3842,140.2789,1615年 (元和元年),0,0
6747,,アリサワ,アリサワ,,高知県,,,1910,https://www.saketime.com/breweries/6747,sake,高知県に蔵を構えるアリサワは、明治43年（1910年）創業の歴史を誇る老舗酒蔵です。仕込み水には良質な四万十川・仁淀川清流伏流水（軟水）を使用し、土佐杜氏の伝統の技を受け継ぎながら、米の旨味を引き出す真摯な酒造りを追求しています。伝統の技を守りつつ、現代の食文化に寄り添う高品質な美酒を醸し続けています。,0,draft,0.65,kumiai_kochi_detail,代表銘柄：文佳人（ぶんかじん）明治10年創業,2026-07-07 23:33:15,2026-08-02 06:37:42,33.5596,133.5368,1910,0,0
6748,,松尾酒造,松尾酒造,,高知県,,,1873,https://matsuokina.com/,sake,高知県に蔵を構える松尾酒造は、明治6年（1873年）創業の歴史を誇る老舗酒蔵です。創業から150年を経た今も、「一番喜んでもらえる土佐のおさけは何か」を考えながら酒造りをしています。醸造に用いるお米は、全て高知県産のものを使用しています。伝統の技を守りつつ、現代の食文化に寄り添う高品質な美酒を醸し続けています。,0,draft,0.8,kumiai_kochi_detail,明治6年現在地で酒造を初め...土佐山田の“松翁”、“土陽正宗”“山田太鼓”,2026-07-07 23:33:15,2026-08-02 06:37:42,33.5613,133.5399,1873,0,0
6749,,土佐酒造,土佐酒造,,高知県,,,1877,https://www.keigetsu.co.jp/,sake,高知県に蔵を構える土佐酒造は、明治10年（1877年）創業の歴史を誇る老舗酒蔵です。地元の棚田で育った酒米による酒造り、生酛・山廃に代表される伝統的技法にも積極的に取り組み、Sake du Terroir “土地の酒” としての「桂月」の酒造りを心掛けております。伝統の技を守りつつ、現代の食文化に寄り添う高品質な美酒を醸し続けています。,0,draft,0.8,kumiai_kochi_detail,明治10年（1877年）の創業以来148年間...代表銘柄：桂月（けいげつ）,2026-07-07 23:33:15,2026-08-02 06:37:42,33.563,133.523,1877,0,0
6750,,酔鯨酒造有限会社,酔鯨酒造,,高知県,,,1910,https://suigei.co.jp/,sake,高知県に蔵を構える酔鯨酒造有限会社は、明治43年（1910年）創業の歴史を誇る老舗酒蔵です。私たちはそのような高知県のお酒の特徴である”食中酒”をさらに追及して「香りおだやか」で「キレがあり」ながら「旨味をしっかり出す」芳醇辛口な酒造りの技術を磨いてきました。自社酵母（ 9 号系由来）でじっくりと発酵させ、あと味がすっきりとした、暑い夏にピッタリな純米酒に仕上げました。伝統の技を守りつつ、現代の食文化に寄り添う高品質な美酒を醸し続けています。,0,draft,0.85,kumiai_kochi_detail,1969年に酔鯨酒造有限会社へ改組「酔鯨」の製造・販売を開始,2026-07-07 23:33:15,2026-08-02 06:37:42,33.5647,133.5261,1910,0,0
6751,,川澤酒造株式会社,川沢酒造,,高知県,,,1910,https://kawazawasake.jp/,sake,高知県に蔵を構える川澤酒造株式会社は、明治43年（1910年）創業の歴史を誇る老舗酒蔵です。自然豊かな高知の風土とともに 標高700ｍ、寒風山の森が幾年もの歳月をかけて育んだ清らかな谷水を、独自の方法で処理し、仕込み水として用いています。マイクロブリュワリーで通年醸す、フレッシュな味わい 少人数で対応できる設備を特注し、小さな酒蔵ならではのミニマムな醸造スタイルを確立。伝統の技を守りつつ、現代の食文化に寄り添う高品質な美酒を醸し続けています。,0,draft,0.85,kumiai_kochi_detail,川澤酒造株式会社の新酒蔵が完成しました,2026-07-07 23:33:15,2026-08-02 06:37:42,33.5664,133.5292,1910,0,0
6752,,高知酒造株式会社,高知酒造,,高知県,,,1944,https://kochisake.com/,sake,高知県に位置する高知酒造株式会社は、昭和19年（1944年）に創業しました。仕込み水には良質な四万十川・仁淀川清流伏流水（軟水）を使用し、土佐杜氏の伝統の技を受け継ぎながら、米の旨味を引き出す真摯な酒造りを追求しています。伝統の技を守りつつ、現代の食文化に寄り添う高品質な美酒を醸し続けています。,0,draft,0.8,kumiai_kochi_detail,昭和19年高知酒造(株)を設立することとなった,2026-07-07 23:33:15,2026-08-02 06:37:42,33.5681,133.5323,1944,0,0
6753,,亀泉酒造,亀泉酒造,,高知県,,,1897,https://www.kameizumi.co.jp/,sake,高知県に蔵を構える亀泉酒造は、明治30年（1897年）創業の歴史を誇る老舗酒蔵です。仕込み水には良質な波介川水系伏流水（万葉の湧水）（軟水）を使用し、土佐杜氏の伝統の技を受け継ぎながら、米の旨味を引き出す真摯な酒造りを追求しています。伝統の技を守りつつ、現代の食文化に寄り添う高品質な美酒を醸し続けています。,0,draft,0.8,kumiai_kochi_detail,明治30年に創業の弊社は...万年の泉、「亀泉」と名付けられました,2026-07-07 23:33:15,2026-08-02 06:37:42,33.5498,133.5354,1897,0,0
6754,,司牡丹酒造,司牡丹酒造,,高知県,,,1603,https://www.tsukasabotan.co.jp/,sake,高知県に蔵を構える司牡丹酒造は、慶長8年（1603年）創業の歴史を誇る老舗酒蔵です。歴史と文化　司牡丹の由来・社宝「芳醇無比乃巻」 司牡丹の由来・社宝「芳醇無比乃巻」 南国土佐、高知市を離れて西へ２６ ｋｍ、山紫水明の佐川町は銘酒「司 牡丹」醸造の地として名があります。歴史ある建造物は国登録有形文化財としても親しまれており、伝統と革新を融合させた味わいを全国の日本酒ファンへ届けています。,0,draft,0.75,kumiai_kochi_detail,慶長8年（1603年）...深尾氏に従ってきた「御酒屋」が、司牡丹酒造の前身,2026-07-07 23:33:15,2026-08-02 06:37:42,33.5515,133.5385,1603,0,0
6755,,西岡酒造店,西岡酒造店,,高知県,,,1781,http://www.jyunpei.co.jp/,sake,高知県に蔵を構える西岡酒造店は、天明元年（1781年）創業の歴史を誇る老舗酒蔵です。西岡酒造は、この地で江戸時代中期の天明元年（1781年）に、初代井筒屋仁助が創業し、現在九代目に至っている２３０余年の歴史を持つ蔵元です。西岡酒造は、この地で江戸時代中期の天明元年（1781年）に、初代井筒屋仁助が創業し、現在９代目に至っている230余年の歴史を持つ蔵元です。伝統の技を守りつつ、現代の食文化に寄り添う高品質な美酒を醸し続けています。,0,draft,0.85,kumiai_kochi_detail,天明元年（西暦1781年）に初代井筒屋西岡仁助が創業,2026-07-07 23:33:15,2026-08-02 06:37:42,33.5532,133.5216,1781,0,0
6756,,文本酒造,文本酒造,,高知県,,,1910,https://fumimoto.jp/,sake,高知県に蔵を構える文本酒造は、明治43年（1910年）創業の歴史を誇る老舗酒蔵です。文本酒造の日本酒と高知食材のこだわり料理の ペアリングをお楽しみいただけます。文本酒造の技術職人たちをご紹介しています。伝統の技を守りつつ、現代の食文化に寄り添う高品質な美酒を醸し続けています。,0,draft,0.75,kumiai_kochi_detail,私たち文本酒造は、日本最後の清流「四万十川」の畔に佇む小さな酒蔵です,2026-07-07 23:33:15,2026-08-02 06:37:41,33.5549,133.5247,1910,0,0
6757,,無手無冠,無手無冠,,高知県,,,1893,https://mutemuka.com/,sake,高知県に蔵を構える無手無冠は、明治26年（1893年）創業の歴史を誇る老舗酒蔵です。私たちもまた、地元の皆様が召し上がっているお米と同じ お米を用いた「地酒」づくりに今なおこだわり続けています。伝統の技を守りつつ、現代の食文化に寄り添う高品質な美酒を醸し続けています。,0,draft,0.85,kumiai_kochi_detail,明治26年、四万十川流域の緑豊かな山間に創業...社名・無手無冠,2026-07-07 23:33:15,2026-08-02 06:37:42,33.5566,133.5278,1893,0,0
6758,,藤娘酒造,藤娘酒造,,高知県,,,1943,http://shimanto-fujimusume.com/,sake,高知県に位置する藤娘酒造は、昭和18年（1943年）に創業しました。『熟練した杜氏の技と最高の素材』 四万十川の伏流水を100％無濾過で使用し、最高の米と伝統の技をもって醸すことでこの土地ならではの柔らかな飲み飽きしない味と香りをお届けいたします。伝統の技を守りつつ、現代の食文化に寄り添う高品質な美酒を醸し続けています。,0,draft,0.85,kumiai_kochi_detail,昭和18年の企業統合により幡多地域の酒蔵８社がまとまり発足,2026-07-07 23:33:15,2026-08-02 06:37:42,33.5583,133.5309,1943,0,0
6759,,株式会社熊本県酒造研究所,熊本県酒造研究所,,熊本県,熊本市中央区,熊本県熊本市中央区島崎1-7-20,1909,,sake,熊本県熊本市中央区に蔵を構える株式会社熊本県酒造研究所は、明治42年（1909年）創業の歴史を誇る老舗酒蔵です。仕込み水には良質な阿蘇外輪山・白川水源湧水群（中硬水）を使用し、蔵元杜氏・熊本杜氏の伝統の技を受け継ぎながら、米の旨味を引き出す真摯な酒造りを追求しています。伝統の技を守りつつ、現代の食文化に寄り添う高品質な美酒を醸し続けています。,0,draft,0.85,kumiai_kumamoto_detail,株式会社熊本県酒造研究所／「香露」の醸造元,2026-07-07 23:33:15,2026-08-02 06:37:42,32.7901,130.7446,1909,0,0
6760,,瑞鷹株式会社,瑞鷹,,熊本県,熊本市南区,熊本県熊本市南区川尻4-6-67,1867,https://www.zuiyo.co.jp/,sake,熊本県熊本市南区に蔵を構える瑞鷹株式会社は、慶応3年（1867年）創業の歴史を誇る老舗酒蔵です。」 初代吉村太八は、慶応3年、いち早く清酒の製造にとりくみました。」 初代吉村太八は、慶応3年、いち早く清酒の製造にとりくみました。伝統の技を守りつつ、現代の食文化に寄り添う高品質な美酒を醸し続けています。,0,draft,0.95,kumiai_kumamoto_detail,瑞鷹株式会社／創業1867（慶応3）年,2026-07-07 23:33:15,2026-08-02 06:37:42,32.7918,130.7477,1867,0,0
6761,,通潤酒造株式会社,通潤酒造,,熊本県,上益城郡山都町,熊本県上益城郡山都町浜町54,1770,https://tuzyun.com/,sake,熊本県上益城郡山都町に蔵を構える通潤酒造株式会社は、明和7年（1770年）創業の歴史を誇る老舗酒蔵です。「JAかみましき酒米部会」のご協力により使う酒米のほぼ100%を、山都町で契約栽培していただいております。「JAかみましき酒米部会」のご協力により使う酒米のほぼ100%を、山都町で契約栽培していただいております。伝統の技を守りつつ、現代の食文化に寄り添う高品質な美酒を醸し続けています。,0,draft,0.95,kumiai_kumamoto_detail,通潤酒造株式会社／創業1770（明和7）年,2026-07-07 23:33:15,2026-08-02 06:37:42,32.7935,130.7508,1770,0,0
6762,,花の香酒造株式会社,花の香酒造,,熊本県,玉名郡和水町,熊本県玉名郡和水町西吉地2226-2,1902,https://www.hananoka.co.jp/,sake,熊本県玉名郡和水町に蔵を構える花の香酒造株式会社は、明治35年（1902年）創業の歴史を誇る老舗酒蔵です。自然からの導きを人が支える 花の香酒造の酒は自然に導かれ産まれ、人は導きを技術と選択で支える。祈｜環pray cycle 酒づくりと共にある祈りと循環 価値観と土地の伝統文化を祈りと共にし、自然と人々との循環と共にある日本酒づくりを目指す。伝統の技を守りつつ、現代の食文化に寄り添う高品質な美酒を醸し続けています。,0,draft,0.95,kumiai_kumamoto_detail,花の香酒造株式会社／創業1902（明治35）年,2026-07-07 23:33:15,2026-08-02 06:37:42,32.7952,130.7339,1902,0,0
6763,,千代の園酒造株式会社,千代の園酒造,,熊本県,山鹿市,熊本県山鹿市山鹿1782,1896,https://www.chiyonosono.co.jp/,sake,熊本県山鹿市に蔵を構える千代の園酒造株式会社は、明治29年（1896年）創業の歴史を誇る老舗酒蔵です。仕込み水には良質な阿蘇外輪山・白川水源湧水群（中硬水）を使用し、蔵元杜氏・熊本杜氏の伝統の技を受け継ぎながら、米の旨味を引き出す真摯な酒造りを追求しています。伝統の技を守りつつ、現代の食文化に寄り添う高品質な美酒を醸し続けています。,0,draft,0.95,kumiai_kumamoto_detail,千代の園酒造株式会社／創業1896（明治29）年,2026-07-07 23:33:15,2026-08-02 06:37:42,32.7969,130.737,1896,0,0
6764,,株式会社美少年,美少年,,熊本県,菊池市,熊本県菊池市四町分免兎原1030,1752,http://bishonen.jp/,sake,熊本県菊池市に蔵を構える株式会社美少年は、宝暦2年（1752年）創業の歴史を誇る老舗酒蔵です。仕込み水には良質な阿蘇外輪山・白川水源湧水群（中硬水）を使用し、蔵元杜氏・熊本杜氏の伝統の技を受け継ぎながら、米の旨味を引き出す真摯な酒造りを追求しています。伝統の技を守りつつ、現代の食文化に寄り添う高品質な美酒を醸し続けています。,0,draft,0.75,flagged_brewery_review_2026,旧公式サイトbishonen.jp・www.bishonen.jp共にDNS解決不可(ドメイン消失)と確認。会社自体の現状は未確認、要再調査。websiteはNULL化。,2026-07-07 23:33:15,2026-08-02 06:37:42,32.7986,130.7401,1752,0,0
6765,,山村酒造合名会社,山村酒造,,熊本県,阿蘇郡高森町,熊本県阿蘇郡高森町高森1645,1762,https://shop.reizan.com/,sake,熊本県阿蘇郡高森町に蔵を構える山村酒造合名会社は、宝暦12年（1762年）創業の歴史を誇る老舗酒蔵です。仕込み水には良質な阿蘇外輪山・白川水源湧水群（中硬水）を使用し、蔵元杜氏・熊本杜氏の伝統の技を受け継ぎながら、米の旨味を引き出す真摯な酒造りを追求しています。伝統の技を守りつつ、現代の食文化に寄り添う高品質な美酒を醸し続けています。,0,draft,0.95,kumiai_kumamoto_detail,山村酒造合名会社／創業1762（宝暦12）年,2026-07-07 23:33:15,2026-08-02 06:37:42,32.7803,130.7432,1762,0,0
6766,,河津酒造株式会社,河津酒造,,熊本県,阿蘇郡小国町,熊本県阿蘇郡小国町宮原1734-2,1932,https://kawazu-syuzou.com/,sake,熊本県阿蘇郡小国町に位置する河津酒造株式会社は、昭和7年（1932年）に創業しました。仕込み水には良質な阿蘇外輪山・白川水源湧水群（中硬水）を使用し、蔵元杜氏・熊本杜氏の伝統の技を受け継ぎながら、米の旨味を引き出す真摯な酒造りを追求しています。伝統の技を守りつつ、現代の食文化に寄り添う高品質な美酒を醸し続けています。,0,draft,0.9,kumiai_kumamoto_detail,前身の河津酒造合名会社が昭和7(1932)年創業,2026-07-07 23:33:15,2026-08-02 06:37:42,32.782,130.7463,1932,0,0
6767,,室原合名会社,室原,,熊本県,阿蘇郡南小国町,熊本県阿蘇郡南小国町赤馬場1862,1934,,sake,熊本県阿蘇郡南小国町に位置する室原合名会社は、昭和9年（1934年）に創業しました。仕込み水には良質な阿蘇外輪山・白川水源湧水群（中硬水）を使用し、蔵元杜氏・熊本杜氏の伝統の技を受け継ぎながら、米の旨味を引き出す真摯な酒造りを追求しています。伝統の技を守りつつ、現代の食文化に寄り添う高品質な美酒を醸し続けています。,0,draft,0.85,kumiai_kumamoto_detail,室原合名会社／創業昭和9(1934)年,2026-07-07 23:33:15,2026-08-02 06:37:40,32.7837,130.7494,1934,0,0
6768,,亀萬酒造合資会社,亀萬酒造,,熊本県,葦北郡津奈木町,熊本県葦北郡津奈木町津奈木1192,1916,https://www.kameman.co.jp/,sake,熊本県葦北郡津奈木町に蔵を構える亀萬酒造合資会社は、大正5年（1916年）創業の歴史を誇る老舗酒蔵です。親から子へ孫へと愛される 手造りにこだわった郷土の酒 3代目が見守る中、4代目が始めたのは常識を覆す「一切混ぜない」酒造り。醸造最南端の蔵ならではの南国らしいコクのある、自分がうまいと信じた、最高のものを造るため社員一丸となって醸し続けています。伝統の技を守りつつ、現代の食文化に寄り添う高品質な美酒を醸し続けています。,0,draft,0.95,kumiai_kumamoto_detail,亀萬酒造合資会社／創業1916（大正5）年,2026-07-07 23:33:15,2026-08-02 06:37:42,32.7854,130.7325,1916,0,0
6864,,川崎醸造場,川崎醸造場,,宮崎県,東臼杵郡諸塚村,〒883-1301東臼杵郡諸塚村家代4006,1895,,shochu,宮崎県東臼杵郡諸塚村に蔵を構える川崎醸造場は、明治28年（1895年）創業の歴史を誇る老舗酒蔵です。仕込み水には良質な霧島山系・祖母傾山水系伏流水（中軟水）を使用し、丁寧な手造りの精神を受け継ぎながら、米の旨味を引き出す真摯な酒造りを追求しています。伝統の技を守りつつ、現代の食文化に寄り添う高品質な美酒を醸し続けています。,0,draft,0.85,kumiai_miyazaki_detail,焼酎:焼酎,2026-07-07 23:33:15,2026-08-02 06:37:40,31.9065,131.4286,1895,0,0
6865,,株式会社藤本本店,藤本本店,,宮崎県,,,1910,,shochu,宮崎県に蔵を構える株式会社藤本本店は、明治43年（1910年）創業の歴史を誇る老舗酒蔵です。仕込み水には良質な霧島山系・祖母傾山水系伏流水（中軟水）を使用し、丁寧な手造りの精神を受け継ぎながら、米の旨味を引き出す真摯な酒造りを追求しています。伝統の技を守りつつ、現代の食文化に寄り添う高品質な美酒を醸し続けています。,0,draft,0.5,kumiai_miyazaki_detail,藤の露など,2026-07-07 23:33:15,2026-08-02 06:37:40,31.9082,131.4117,1910,0,0
6866,,株式会社あくがれ蒸留所,あくがれ蒸留所,,宮崎県,,,1910,,shochu,宮崎県に蔵を構える株式会社あくがれ蒸留所は、明治43年（1910年）創業の歴史を誇る老舗酒蔵です。仕込み水には良質な霧島山系・祖母傾山水系伏流水（中軟水）を使用し、丁寧な手造りの精神を受け継ぎながら、米の旨味を引き出す真摯な酒造りを追求しています。伝統の技を守りつつ、現代の食文化に寄り添う高品質な美酒を醸し続けています。,0,draft,0.5,kumiai_miyazaki_detail,日向あくがれ、日向あくがれ14°、東郷大地の夢など,2026-07-07 23:33:15,2026-08-02 06:37:40,31.9099,131.4148,1910,0,0
6867,,佐藤焼酎製造場株式会社,佐藤焼酎製造場,,宮崎県,延岡市,〒882-0082延岡市祝子町2388-1,1910,https://satoshochu.com/,shochu,宮崎県延岡市に蔵を構える佐藤焼酎製造場株式会社は、明治43年（1910年）創業の歴史を誇る老舗酒蔵です。私どもの蔵は明治38年の創業から100年という長い年月をかけて、焼酎造りに励んできました。そして、その伝統と現在の蔵人の高い意識と技術が絡み合い、活気に満ちた焼酎造りを続けています。伝統の技を守りつつ、現代の食文化に寄り添う高品質な美酒を醸し続けています。,0,draft,0.85,kumiai_miyazaki_detail,焼酎:焼酎/麦焼酎,2026-07-07 23:33:15,2026-08-02 06:37:41,31.9116,131.4179,1910,0,0
6868,,千徳酒造株式会社,千徳酒造,,宮崎県,延岡市,〒882-0841宮崎県延岡市大瀬町2-1-8,1903,http://www.sentoku.com/,sake,宮崎県延岡市に蔵を構える千徳酒造株式会社は、明治36年（1903年）創業の歴史を誇る老舗酒蔵です。仕込み水には良質な霧島山系・祖母傾山水系伏流水（中軟水）を使用し、丁寧な手造りの精神を受け継ぎながら、米の旨味を引き出す真摯な酒造りを追求しています。伝統の技を守りつつ、現代の食文化に寄り添う高品質な美酒を醸し続けています。,0,draft,0.95,kumiai_miyazaki_detail,宮崎県で数少ない清酒製造蔵になります。千徳純米酒、純米大吟醸,2026-07-07 23:33:15,2026-08-02 06:37:42,31.9133,131.421,1903,0,0
6869,,株式会社やまや蒸留所,やまや蒸留所,,宮崎県,,,1910,,shochu,宮崎県に蔵を構える株式会社やまや蒸留所は、明治43年（1910年）創業の歴史を誇る老舗酒蔵です。仕込み水には良質な霧島山系・祖母傾山水系伏流水（中軟水）を使用し、丁寧な手造りの精神を受け継ぎながら、米の旨味を引き出す真摯な酒造りを追求しています。伝統の技を守りつつ、現代の食文化に寄り添う高品質な美酒を醸し続けています。,0,draft,0.5,kumiai_miyazaki_detail,逢初、正春、うめにゃんなど,2026-07-07 23:33:15,2026-08-02 06:37:40,31.915,131.4241,1910,0,0
6870,,株式会社岩倉酒造,岩倉酒造,,宮崎県,西都市,〒881-0113西都市下三財7945,1910,https://www.saketime.com/breweries/6870,shochu,宮崎県西都市に蔵を構える株式会社岩倉酒造は、明治43年（1910年）創業の歴史を誇る老舗酒蔵です。仕込み水には良質な霧島山系・祖母傾山水系伏流水（中軟水）を使用し、丁寧な手造りの精神を受け継ぎながら、米の旨味を引き出す真摯な酒造りを追求しています。伝統の技を守りつつ、現代の食文化に寄り添う高品質な美酒を醸し続けています。,0,draft,0.85,kumiai_miyazaki_detail,焼酎:焼酎/芋焼酎/麦焼酎,2026-07-07 23:33:15,2026-08-02 06:37:40,31.9167,131.4272,1910,0,0
6871,,株式会社黒木本店,黒木本店,,宮崎県,,,1910,https://www.kurokihonten.co.jp/,shochu,宮崎県に蔵を構える株式会社黒木本店は、明治43年（1910年）創業の歴史を誇る老舗酒蔵です。そこには焼酎だけを造り続けるのではなく、焼酎という、土地に根ざした伝統文化を守り、継承していくという意志も込められています。焼酎造りは伝統文化であり、黒木本店は文化の継承者として焼酎造りの理念を徹底して守りぬきます。伝統の技を守りつつ、現代の食文化に寄り添う高品質な美酒を醸し続けています。,0,draft,1.0,kumiai_miyazaki_detail,㐂六、中々、野うさぎの走りなど,2026-07-07 23:33:15,2026-08-02 06:37:40,31.8984,131.4103,1910,0,0
6872,,宝酒造株式会社,宝酒造,黒壁蔵,宮崎県,児湯郡高鍋町,〒884-0004児湯郡高鍋町蚊口浦5323,1842年 (天保13年),https://www.takarashuzo.co.jp/,shochu,宮崎県児湯郡高鍋町に蔵を構える宝酒造株式会社は、1842年 (天保13年)年に創業しました。そして、それぞれの事業領域で常に環境適合の視点を大切に独創的で確かな技術に裏付けられた商品やサービスをみなさまに提供することで自然と社会と人間との調和をめざしています。「醸造」と「蒸留」という2つの酒造りの技術と知見をあわせもつ当社は、清酒・焼酎・チューハイといった「和酒」から、本みりんなど「和」の調味料、原料用アルコールまで、幅広いカテゴリーの商品を製造・販売しています。伝統の技を守りつつ、現代の食文化に寄り添う高品質な美酒を醸し続けています。,0,draft,0.85,kumiai_miyazaki_detail,焼酎:焼酎/芋焼酎/麦焼酎,2026-07-07 23:33:15,2026-08-02 06:37:41,31.9001,131.4134,1842年 (天保13年),0,1
6873,,株式会社尾鈴山蒸留所,尾鈴山蒸留所,,宮崎県,,,1910,https://www.saketime.com/breweries/6873,shochu,宮崎県に蔵を構える株式会社尾鈴山蒸留所は、明治43年（1910年）創業の歴史を誇る老舗酒蔵です。仕込み水には良質な霧島山系・祖母傾山水系伏流水（中軟水）を使用し、丁寧な手造りの精神を受け継ぎながら、米の旨味を引き出す真摯な酒造りを追求しています。伝統の技を守りつつ、現代の食文化に寄り添う高品質な美酒を醸し続けています。,0,draft,0.5,kumiai_miyazaki_detail,山ねこ、山猿、山翡翠など,2026-07-07 23:33:15,2026-08-02 06:37:40,31.9018,131.4165,1910,0,0
6874,,すき酒造株式会社,すき酒造,,宮崎県,,,1910,https://www.saketime.com/breweries/6874,shochu,宮崎県に蔵を構えるすき酒造株式会社は、明治43年（1910年）創業の歴史を誇る老舗酒蔵です。仕込み水には良質な霧島山系・祖母傾山水系伏流水（中軟水）を使用し、丁寧な手造りの精神を受け継ぎながら、米の旨味を引き出す真摯な酒造りを追求しています。伝統の技を守りつつ、現代の食文化に寄り添う高品質な美酒を醸し続けています。,0,draft,0.5,kumiai_miyazaki_detail,山猪、山雀、伝須木など,2026-07-07 23:33:15,2026-08-02 06:37:40,31.9035,131.4196,1910,0,0
6875,,合資会社生駒高原酒造,生駒高原酒造,,宮崎県,,,1910,,shochu,宮崎県に蔵を構える合資会社生駒高原酒造は、明治43年（1910年）創業の歴史を誇る老舗酒蔵です。仕込み水には良質な霧島山系・祖母傾山水系伏流水（中軟水）を使用し、丁寧な手造りの精神を受け継ぎながら、米の旨味を引き出す真摯な酒造りを追求しています。伝統の技を守りつつ、現代の食文化に寄り添う高品質な美酒を醸し続けています。,0,draft,0.5,kumiai_miyazaki_detail,牧場の櫻,2026-07-07 23:33:15,2026-08-02 06:37:40,31.9052,131.4227,1910,0,0
6876,,明石酒造株式会社,明石酒造,,宮崎県,えびの市,〒889-4221えびの市大字栗下61-1,1891,https://www.meigetsu.co.jp/,shochu,宮崎県えびの市に蔵を構える明石酒造株式会社は、明治24年（1891年）創業の歴史を誇る老舗酒蔵です。BREWER蔵人の情熱 呑む人の心を明るく円満にすることを大切に、日々の生活の愉しみや喜びとなるうまい焼酎づくりのため、今日も変わらず真摯に取り組む職人の姿。HISTORY明月の誕生 南九州有数の米どころえびの市にある明治二十四年創業の明石酒造。伝統の技を守りつつ、現代の食文化に寄り添う高品質な美酒を醸し続けています。,0,draft,0.85,kumiai_miyazaki_detail,焼酎:焼酎/芋焼酎/米焼酎,2026-07-07 23:33:15,2026-08-02 06:37:41,31.9069,131.4258,1891,0,0
6877,,大浦酒造株式会社,大浦酒造,,宮崎県,,,1910,https://www.saketime.com/breweries/6877,shochu,宮崎県に蔵を構える大浦酒造株式会社は、明治43年（1910年）創業の歴史を誇る老舗酒蔵です。仕込み水には良質な霧島山系・祖母傾山水系伏流水（中軟水）を使用し、丁寧な手造りの精神を受け継ぎながら、米の旨味を引き出す真摯な酒造りを追求しています。伝統の技を守りつつ、現代の食文化に寄り添う高品質な美酒を醸し続けています。,0,draft,0.7,kumiai_miyazaki_detail,みやこざくら、優咲、大浦の玄米焼酎,2026-07-07 23:33:15,2026-08-02 06:37:40,31.9086,131.4289,1910,0,0
6878,,柳田酒造合名会社,柳田酒造,,宮崎県,都城市,〒885-0055都城市早鈴町14-4,1902,https://www.yanagita.co.jp/,shochu,宮崎県都城市に蔵を構える柳田酒造合名会社は、明治35年（1902年）創業の歴史を誇る老舗酒蔵です。仕込み水には良質な霧島山系・祖母傾山水系伏流水（中軟水）を使用し、丁寧な手造りの精神を受け継ぎながら、米の旨味を引き出す真摯な酒造りを追求しています。伝統の技を守りつつ、現代の食文化に寄り添う高品質な美酒を醸し続けています。,0,draft,0.85,kumiai_miyazaki_detail,焼酎:焼酎/芋焼酎/麦焼酎,2026-07-07 23:33:15,2026-08-02 06:37:41,31.9103,131.412,1902,0,0
6879,5350001002361,霧島酒造株式会社,霧島酒造,,宮崎県,,〒885-8588宮崎県都城下川東4丁目28号1番,1916,https://www.kirishima.co.jp/,shochu,宮崎県に蔵を構える霧島酒造株式会社は、大正5年（1916年）創業の歴史を誇る老舗酒蔵です。人と風土が醸した伝統と革新の110年 動画/キャンペーン情報を見る #アルコール分30%以上 「あ!九州なぜうまい!」最新記事公開【九州の食ふしぎ探検記】山と薪と灰。おいしさの秘訣は100％へのこだわり 気分に合わせて楽しめる。伝統の技を守りつつ、現代の食文化に寄り添う高品質な美酒を醸し続けています。,0,draft,0.85,kumiai_miyazaki_detail,焼酎:焼酎/芋焼酎,2026-07-07 23:33:15,2026-08-02 06:37:41,31.912,131.4151,1916,1,1
6880,,有限会社渡邊酒造場,渡邊酒造場,,宮崎県,,,1910,,shochu,宮崎県に蔵を構える有限会社渡邊酒造場は、明治43年（1910年）創業の歴史を誇る老舗酒蔵です。仕込み水には良質な霧島山系・祖母傾山水系伏流水（中軟水）を使用し、丁寧な手造りの精神を受け継ぎながら、米の旨味を引き出す真摯な酒造りを追求しています。伝統の技を守りつつ、現代の食文化に寄り添う高品質な美酒を醸し続けています。,0,draft,0.5,kumiai_miyazaki_detail,白麹旭萬年、黒麹旭萬年、麦麦旭万年など,2026-07-07 23:33:15,2026-08-02 06:37:40,31.9137,131.4182,1910,0,0
6881,,株式会社川越酒造場,川越酒造場,,宮崎県,東諸県郡国富町,〒880-1101東諸県郡国富町大字本庄4415-1,1910,,shochu,宮崎県東諸県郡国富町に蔵を構える株式会社川越酒造場は、明治43年（1910年）創業の歴史を誇る老舗酒蔵です。仕込み水には良質な霧島山系・祖母傾山水系伏流水（中軟水）を使用し、丁寧な手造りの精神を受け継ぎながら、米の旨味を引き出す真摯な酒造りを追求しています。伝統の技を守りつつ、現代の食文化に寄り添う高品質な美酒を醸し続けています。,0,draft,0.85,kumiai_miyazaki_detail,焼酎:焼酎/芋焼酎/米焼酎,2026-07-07 23:33:15,2026-08-02 06:37:40,31.9154,131.4213,1910,0,0
6882,,株式会社落合酒造場,落合酒造場,,宮崎県,宮崎市,〒889-2156宮崎市大字鏡洲字前田1626,1909,https://ochiaishuzojyo.jp/,shochu,宮崎県宮崎市に蔵を構える株式会社落合酒造場は、明治42年（1909年）創業の歴史を誇る老舗酒蔵です。仕込み水には良質な霧島山系・祖母傾山水系伏流水（中軟水）を使用し、丁寧な手造りの精神を受け継ぎながら、米の旨味を引き出す真摯な酒造りを追求しています。伝統の技を守りつつ、現代の食文化に寄り添う高品質な美酒を醸し続けています。,0,draft,0.85,kumiai_miyazaki_detail,焼酎:焼酎/芋焼酎,2026-07-07 23:33:15,2026-08-02 06:37:41,31.9171,131.4244,1909,0,0
6883,9350001000049,雲海酒造株式会社,雲海酒造,綾蔵,宮崎県,東諸県郡綾町,〒880-1303東諸県郡綾町大字南俣豆新開1800-5,1910,https://www.unkai.co.jp/,shochu,宮崎県東諸県郡綾町に蔵を構える雲海酒造株式会社は、明治43年（1910年）創業の歴史を誇る老舗酒蔵です。伝統の技を継承しながら常に新たな価値を生み出し、よりおいしいお酒をお客様にお届けしたいという思いを胸に、酒造りの可能性を追求していくことこそが、私たちの変わらぬ姿勢です。伝統の技を継承しながら常に新たな価値を生み出し、よりおいしいお酒をお客様にお届けしたいという思いを胸に、酒造りの可能性を追求していくことこそが、私たちの変わらぬ姿勢です。伝統の技を守りつつ、現代の食文化に寄り添う高品質な美酒を醸し続けています。,0,draft,0.85,kumiai_miyazaki_detail,焼酎:焼酎/芋焼酎/麦焼酎,2026-07-07 23:33:15,2026-08-02 06:37:41,31.8988,131.4275,1910,0,0
6884,,小玉醸造株式会社,小玉醸造,,宮崎県,日南市,〒889-2535日南市飫肥8丁目1-8,1910,https://www.kodamadistillery.co.jp/,shochu,宮崎県日南市に蔵を構える小玉醸造株式会社は、明治43年（1910年）創業の歴史を誇る老舗酒蔵です。仕込み水には良質な霧島山系・祖母傾山水系伏流水（中軟水）を使用し、丁寧な手造りの精神を受け継ぎながら、米の旨味を引き出す真摯な酒造りを追求しています。伝統の技を守りつつ、現代の食文化に寄り添う高品質な美酒を醸し続けています。,0,draft,0.85,kumiai_miyazaki_detail,焼酎:焼酎,2026-07-07 23:33:15,2026-08-02 06:37:41,31.9005,131.4106,1910,0,0
6885,,株式会社酒蔵王手門,酒蔵王手門,,宮崎県,日南市,〒889-2401日南市北郷町大藤甲898－8,1895,https://ohtemon1895.jp/,shochu,宮崎県日南市に蔵を構える株式会社酒蔵王手門は、明治28年（1895年）創業の歴史を誇る老舗酒蔵です。現在は、小松山系の水が湧き出る緑豊かな山々に囲まれた宮崎県日南市北郷町で新たな伝統を育んでいます。酒蔵王手門は創業明治28年、130年余年焼酎醸造を行う老舗の蔵元です。伝統の技を守りつつ、現代の食文化に寄り添う高品質な美酒を醸し続けています。,0,draft,0.85,kumiai_miyazaki_detail,焼酎:焼酎,2026-07-07 23:33:15,2026-08-02 06:37:41,31.9022,131.4137,1895,0,0
6886,,株式会社京屋酒造,京屋酒造,,宮崎県,日南市,〒887-0015日南市大字平野4299番地,1834,https://www.kyo-ya.com/,shochu,宮崎県日南市に蔵を構える株式会社京屋酒造は、天保5年（1834年）創業の歴史を誇る老舗酒蔵です。仕込み水には良質な霧島山系・祖母傾山水系伏流水（中軟水）を使用し、丁寧な手造りの精神を受け継ぎながら、米の旨味を引き出す真摯な酒造りを追求しています。伝統の技を守りつつ、現代の食文化に寄り添う高品質な美酒を醸し続けています。,0,draft,0.8,kumiai_miyazaki_detail,焼酎:焼酎/芋焼酎,2026-07-07 23:33:15,2026-08-02 06:37:41,31.9039,131.4168,1834,0,0
6887,,櫻乃峰酒造有限会社,櫻乃峰酒造,,宮崎県,,,1910,,shochu,宮崎県に蔵を構える櫻乃峰酒造有限会社は、明治43年（1910年）創業の歴史を誇る老舗酒蔵です。仕込み水には良質な霧島山系・祖母傾山水系伏流水（中軟水）を使用し、丁寧な手造りの精神を受け継ぎながら、米の旨味を引き出す真摯な酒造りを追求しています。伝統の技を守りつつ、現代の食文化に寄り添う高品質な美酒を醸し続けています。,0,draft,0.5,kumiai_miyazaki_detail,黒麹平蔵、平蔵（麦）、平蔵ゴールドなど,2026-07-07 23:33:15,2026-08-02 06:37:40,31.9056,131.4199,1910,0,0
6888,,古澤醸造合名会社,古沢醸造,,宮崎県,日南市,〒889-3141日南市大堂津4丁目10-1,1892,https://nichinan-yaezakura.jp/,shochu,宮崎県日南市に蔵を構える古澤醸造合名会社は、明治25年（1892年）創業の歴史を誇る老舗酒蔵です。古澤醸造合名会社（公式） 南国の太陽日南の海にいだかれて 創業明治二十五年西暦1892年 今日では宮崎唯一の土蔵となりました。創業以来の県内唯一の土蔵造りの醸造蔵と、麹室で麹蓋を使い、永い歴史に支えられ、気候、風土に生きた手造りを頑固に守り続けている。伝統の技を守りつつ、現代の食文化に寄り添う高品質な美酒を醸し続けています。,0,draft,0.85,kumiai_miyazaki_detail,焼酎:焼酎/いも焼酎/芋焼酎,2026-07-07 23:33:15,2026-08-02 06:37:41,31.9073,131.423,1892,0,0
6889,,松の露酒造株式会社,松の露酒造,,宮崎県,日南市,〒889-2525日南市今町2丁目1-16,1910,https://www.matsunotsuyu.com/,shochu,宮崎県日南市に蔵を構える松の露酒造株式会社は、明治43年（1910年）創業の歴史を誇る老舗酒蔵です。江戸時代末期、九州の小京都「飫肥（おび）」の地で創業以来、地元の定番酒として宮崎県日南市で広く親しまれている本格焼酎「松の露」。歴代杜氏によって受け継がれた伝承の技と、最新の技術との融合が織り成すこだわりの焼酎をお楽しみください。伝統の技を守りつつ、現代の食文化に寄り添う高品質な美酒を醸し続けています。,0,draft,0.85,kumiai_miyazaki_detail,焼酎:焼酎/芋焼酎/麦焼酎,2026-07-07 23:33:15,2026-08-02 06:37:41,31.909,131.4261,1910,0,0
6890,,株式会社宮田本店,宮田本店,,宮崎県,日南市,〒889-3141日南市大堂津4-1-8,1804,https://www.hinamusume.jp/,shochu,宮崎県日南市に蔵を構える株式会社宮田本店は、文化元年（1804年）創業の歴史を誇る老舗酒蔵です。参勤交代の途中、大阪で煙草入れを拾い、落し主よりお礼として酢の醸造法を伝授され、故郷に帰り酢屋を始めたのが蔵の興りです。伝統の技を守りつつ、現代の食文化に寄り添う高品質な美酒を醸し続けています。,0,draft,0.85,kumiai_miyazaki_detail,焼酎:焼酎/米焼酎,2026-07-07 23:33:15,2026-08-02 06:37:41,31.9107,131.4292,1804,0,0
6891,,井上酒造株式会社,井上酒造,,宮崎県,日南市,〒889-3215日南市南郷町榎原甲1326番地,1910,https://www.obisugi.co.jp/,shochu,宮崎県日南市に蔵を構える井上酒造株式会社は、明治43年（1910年）創業の歴史を誇る老舗酒蔵です。原料から製法、貯蔵まで焼酎造りの全てにこだわり、最高級の味と品質を追求した本格焼酎。伝統を受け継ぐだけでなく、 当蔵は1894年（明治27年）、榎原神社の門前町に清酒製造の蔵として創業しました。伝統の技を守りつつ、現代の食文化に寄り添う高品質な美酒を醸し続けています。,0,draft,0.85,kumiai_miyazaki_detail,焼酎:焼酎/芋焼酎,2026-07-07 23:33:15,2026-08-02 06:37:41,31.9124,131.4123,1910,0,0
6892,,櫻の郷酒造株式会社,櫻の郷酒造,,宮崎県,日南市,〒889-2402日南市北郷町郷之原甲888番地,1910,https://www.sakuranosato.co.jp/,shochu,宮崎県日南市に蔵を構える櫻の郷酒造株式会社は、明治43年（1910年）創業の歴史を誇る老舗酒蔵です。日本最大の甕貯蔵庫を持つ宮崎の焼酎蔵 長期甕貯蔵により焼酎の秘めたる味わいを引き出した「無月」シリーズや、知る人ぞ知るこだわりの銘酒「赤魔王」シリーズをはじめとする様々な本格焼酎・リキュール・スピリッツのブランドを展開しています。甕貯蔵により奥深い味わいをまとった本格焼酎とスッキリ味のリキュール、こだわりの国産クラフトジン・スピリッツ。伝統の技を守りつつ、現代の食文化に寄り添う高品質な美酒を醸し続けています。,0,draft,0.85,kumiai_miyazaki_detail,焼酎:焼酎/芋焼酎,2026-07-07 23:33:15,2026-08-02 06:37:41,31.9141,131.4154,1910,0,0
6893,,焼酎日南協同組合,焼酎日南協同組合,,宮崎県,,,1910,,shochu,宮崎県に蔵を構える焼酎日南協同組合は、明治43年（1910年）創業の歴史を誇る老舗酒蔵です。仕込み水には良質な霧島山系・祖母傾山水系伏流水（中軟水）を使用し、丁寧な手造りの精神を受け継ぎながら、米の旨味を引き出す真摯な酒造りを追求しています。伝統の技を守りつつ、現代の食文化に寄り添う高品質な美酒を醸し続けています。,0,draft,0.5,kumiai_miyazaki_detail,乾杯日南,2026-07-07 23:33:15,2026-08-02 06:37:40,31.9158,131.4185,1910,0,0
6894,,幸蔵酒造株式会社,幸蔵酒造,,宮崎県,,,1910,https://www.saketime.com/breweries/6894,shochu,宮崎県に蔵を構える幸蔵酒造株式会社は、明治43年（1910年）創業の歴史を誇る老舗酒蔵です。仕込み水には良質な霧島山系・祖母傾山水系伏流水（中軟水）を使用し、丁寧な手造りの精神を受け継ぎながら、米の旨味を引き出す真摯な酒造りを追求しています。伝統の技を守りつつ、現代の食文化に寄り添う高品質な美酒を醸し続けています。,0,draft,0.5,kumiai_miyazaki_detail,幸蔵、源次郎、昔気質など,2026-07-07 23:33:15,2026-08-02 06:37:40,31.9175,131.4216,1910,0,0
6895,,松露酒造株式会社,松露酒造,,宮崎県,串間市,〒888-0011串間市寺里1丁目17-5,1928,https://shouro-shuzou.co.jp/,shochu,宮崎県串間市に位置する松露酒造株式会社は、昭和3年（1928年）に創業しました。「酸」に着目し生まれた数量限定銘柄 襲（かさね） を、2025年6月16日より出荷開始いたします。伝統の技を守りつつ、現代の食文化に寄り添う高品質な美酒を醸し続けています。,0,draft,0.85,kumiai_miyazaki_detail,焼酎:焼酎,2026-07-07 23:33:15,2026-08-02 06:37:41,31.8992,131.4247,1928,0,0
6896,,寿海酒造株式会社,寿海酒造,,宮崎県,,,1910,https://www.saketime.com/breweries/6896,shochu,宮崎県に蔵を構える寿海酒造株式会社は、明治43年（1910年）創業の歴史を誇る老舗酒蔵です。仕込み水には良質な霧島山系・祖母傾山水系伏流水（中軟水）を使用し、丁寧な手造りの精神を受け継ぎながら、米の旨味を引き出す真摯な酒造りを追求しています。伝統の技を守りつつ、現代の食文化に寄り添う高品質な美酒を醸し続けています。,0,draft,0.5,kumiai_miyazaki_detail,ひむか寿、いも美、ひむか寿Bluesなど,2026-07-07 23:33:15,2026-08-02 06:37:40,31.9009,131.4278,1910,0,0
6897,,高千穂酒造株式会社,高千穂酒造,,宮崎県,西臼杵郡高千穂町,〒882-1102西臼杵郡高千穂町押方925,1910,https://www.takachihosyuzo.co.jp/,shochu,宮崎県西臼杵郡高千穂町に蔵を構える高千穂酒造株式会社は、明治43年（1910年）創業の歴史を誇る老舗酒蔵です。2024年12月には、焼酎や日本酒など日本の「伝統的酒造り」がユネスコ無形文化遺産に登録され、「日本の伝統的なこうじ菌を使った酒造り技術」が世界的に注目を集めています。伝統の技を守りつつ、現代の食文化に寄り添う高品質な美酒を醸し続けています。,0,draft,0.85,kumiai_miyazaki_detail,焼酎:焼酎/いも焼酎/麦焼酎,2026-07-07 23:33:15,2026-08-02 06:37:41,31.9026,131.4109,1910,0,0
6898,,アカツキ酒造合資会社,アカツキ酒造,,宮崎県,西臼杵郡高千穂町,〒882-1414西臼杵郡高千穂町大字河内1835の5,1910,https://r.goope.jp/akatuki/,shochu,宮崎県西臼杵郡高千穂町に蔵を構えるアカツキ酒造合資会社は、明治43年（1910年）創業の歴史を誇る老舗酒蔵です。本格米焼酎“暁”　高千穂町の小さな焼酎蔵・アカツキ酒造 銘柄は本格米焼酎「暁」のみ。0982-75-1612 2026.08.22 Saturday 銘柄は本格米焼酎「暁」のみ。伝統の技を守りつつ、現代の食文化に寄り添う高品質な美酒を醸し続けています。,0,draft,0.95,kumiai_miyazaki_detail,焼酎:焼酎/米焼酎,2026-07-07 23:33:15,2026-08-02 06:37:42,31.9043,131.414,1910,0,0
6899,,神楽酒造株式会社,神楽酒造,,宮崎県,西臼杵郡高千穂町,〒882-1621西臼杵郡高千穂町岩戸144-1,1954,https://www.kagurashuzo.co.jp/,shochu,宮崎県西臼杵郡高千穂町に位置する神楽酒造株式会社は、昭和29年（1954年）に創業しました。長期貯蔵酒ひむかのくろうま KUROUMA taru ABOUT KAGURASHUZO 「神話のふる里」 宮崎県高千穂町にて創業以来宮崎の綺麗な水と国産の原料にこだわりお酒造りを続けてきました。神楽酒造は昭和29年、神話のふるさと宮崎県高千穂町にて創業し、以来常に品質の向上を図り、「優れた焼酎をお客様にお届けする事」を社是として、愛される商品づくりを目指して参りました。伝統の技を守りつつ、現代の食文化に寄り添う高品質な美酒を醸し続けています。,0,draft,0.85,kumiai_miyazaki_detail,焼酎:焼酎/麦焼酎/そば焼酎,2026-07-07 23:33:15,2026-08-02 06:37:41,31.906,131.4171,1954,0,0
6900,,姫泉酒造合資会社,姫泉酒造,,宮崎県,西臼杵郡日之影町,〒882-0402西臼杵郡日之影町岩井川3380-1,1831,https://www.himeizumi.co.jp/,shochu,宮崎県西臼杵郡日之影町に蔵を構える姫泉酒造合資会社は、天保2年（1831年）創業の歴史を誇る老舗酒蔵です。それが伝統の重みでもあるし、かけがえのない伝承であると感じます。現在も対岸より湧き出る水源よりホースで引っ張り、焼酎造りの仕込み水、又、近隣住民の生活用水としても使われています。伝統の技を守りつつ、現代の食文化に寄り添う高品質な美酒を醸し続けています。,0,draft,0.85,kumiai_miyazaki_detail,焼酎:焼酎/芋焼酎/麦焼酎,2026-07-07 23:33:15,2026-08-02 06:37:41,31.9077,131.4202,1831,0,0
6978,,合資会社伊藤酒造場,伊藤酒造場,,長崎県,雲仙市,〒859-1104 長崎県雲仙市吾妻町古城名241,1910,https://www.saketime.com/breweries/6978,sake,長崎県雲仙市に蔵を構える合資会社伊藤酒造場は、明治43年（1910年）創業の歴史を誇る老舗酒蔵です。仕込み水には良質な多良岳・雲仙山系伏流水（中軟水）を使用し、小値賀杜氏の伝統の技を受け継ぎながら、米の旨味を引き出す真摯な酒造りを追求しています。伝統の技を守りつつ、現代の食文化に寄り添う高品質な美酒を醸し続けています。,0,draft,0.9,kumiai_nagasaki_detail,「東露（あづまつゆ）」を醸造する島原半島の小さな酒蔵,2026-07-07 23:33:15,2026-08-02 06:37:40,32.7429,129.8795,1910,0,0
6979,,合資会社吉田屋,吉田屋,,長崎県,南島原市,〒859-2202 長崎県南島原市有家町山川785,1917,https://www.bansho.info/,sake,長崎県南島原市に蔵を構える合資会社吉田屋は、大正6年（1917年）創業の歴史を誇る老舗酒蔵です。「だからこそ出来るこだわり」 伝統製法で造る本物の味。それは、日本で数少ない伝統製法“はねぎ搾り”製法を用いているからです。伝統の技を守りつつ、現代の食文化に寄り添う高品質な美酒を醸し続けています。,0,draft,0.9,kumiai_nagasaki_detail,大正6年創業、100年以上の歴史がある酒蔵,2026-07-07 23:33:15,2026-08-02 06:37:42,32.7446,129.8826,1917,0,0
6980,,株式会社杵の川,杵の川,,長崎県,諫早市,〒854-0056 長崎県諫早市土師野尾町17番地4,1839,https://www.kinokawa.co.jp/,sake,長崎県諫早市に蔵を構える株式会社杵の川は、天保10年（1839年）創業の歴史を誇る老舗酒蔵です。長崎県内でも有数の穀倉地帯である諫早市の米農家さんの技術と情熱に支えられた良いお米です。酒造り５０年以上の熟練の蔵人、清酒専門評価者の資格を持つ蔵人、様々な技能、経験を持つ蔵人たち。伝統の技を守りつつ、現代の食文化に寄り添う高品質な美酒を醸し続けています。,0,draft,0.9,kumiai_nagasaki_detail,天保10年創業、ブランドは「杵の川」と「黎明」,2026-07-07 23:33:15,2026-08-02 06:37:42,32.7463,129.8857,1839,0,0
6981,,今里酒造株式会社,今里酒造,,長崎県,東彼杵郡波佐見町,〒859-3715 長崎県東彼杵郡波佐見町宿郷596,1772,https://rokujuyoshu.com/,sake,長崎県東彼杵郡波佐見町に蔵を構える今里酒造株式会社は、安永元年（1772年）創業の歴史を誇る老舗酒蔵です。仕込み水には良質な多良岳・雲仙山系伏流水（中軟水）を使用し、小値賀杜氏の伝統の技を受け継ぎながら、米の旨味を引き出す真摯な酒造りを追求しています。伝統の技を守りつつ、現代の食文化に寄り添う高品質な美酒を醸し続けています。,0,draft,0.9,kumiai_nagasaki_detail,創業(1772年)以来日本酒を造り続ける波佐見町の酒蔵,2026-07-07 23:33:15,2026-08-02 06:37:42,32.748,129.8688,1772,0,0
6982,,梅ヶ枝酒造株式会社,梅ヶ枝酒造,,長崎県,佐世保市,〒859-3237 長崎県佐世保市城間町317,1910,https://umegae-shuzo.com,sake,長崎県佐世保市に蔵を構える梅ヶ枝酒造株式会社は、明治43年（1910年）創業の歴史を誇る老舗酒蔵です。仕込み水には良質な多良岳・雲仙山系伏流水（中軟水）を使用し、小値賀杜氏の伝統の技を受け継ぎながら、米の旨味を引き出す真摯な酒造りを追求しています。伝統の技を守りつつ、現代の食文化に寄り添う高品質な美酒を醸し続けています。,0,draft,0.85,kumiai_nagasaki_detail,日本酒蔵として創業、現在は焼酎等も製造,2026-07-07 23:33:15,2026-08-02 06:37:42,32.7497,129.8719,1910,0,0
6983,,合資会社山﨑本店酒造場,山崎本店酒造場,,長崎県,島原市,〒855-0807 長崎県島原市白土町1065,1910,https://www.yamasaki-syuzo.co.jp,sake,長崎県島原市に蔵を構える合資会社山﨑本店酒造場は、明治43年（1910年）創業の歴史を誇る老舗酒蔵です。ＩＷＣ２０１２　（インターナショナルワインチャレンジ） ＳＡＫＥ部門（本醸造の部）で、「普賢岳」が、銀メダルを受賞し、外務省の日本酒購入リストに、掲載を許され、世界中の大使館、領事館へ、送られていました。伝統の技を守りつつ、現代の食文化に寄り添う高品質な美酒を醸し続けています。,0,draft,0.85,kumiai_nagasaki_detail,雲仙岳の伏流水で醸し始めて140年の酒蔵,2026-07-07 23:33:15,2026-08-02 06:37:40,32.7514,129.875,1910,0,0
6984,,あい娘酒造合資会社,あい娘酒造,,長崎県,雲仙市,〒854-0301 長崎県雲仙市愛野町甲1378番地,1910,,sake,長崎県雲仙市に蔵を構えるあい娘酒造合資会社は、明治43年（1910年）創業の歴史を誇る老舗酒蔵です。仕込み水には良質な多良岳・雲仙山系伏流水（中軟水）を使用し、小値賀杜氏の伝統の技を受け継ぎながら、米の旨味を引き出す真摯な酒造りを追求しています。伝統の技を守りつつ、現代の食文化に寄り添う高品質な美酒を醸し続けています。,0,draft,0.85,kumiai_nagasaki_detail,120年前に島原で創業、愛野町での操業は70年目,2026-07-07 23:33:15,2026-08-02 06:37:40,32.7531,129.8781,1910,0,0
6985,,有限会社森酒造場,森酒造場,,長崎県,平戸市,〒859-5115 長崎県平戸市新町31-2,1895,https://mori-shuzou.jp/,sake,長崎県平戸市に蔵を構える有限会社森酒造場は、明治28年（1895年）創業の歴史を誇る老舗酒蔵です。かつては宮中の役職を指していましたが、 その特異な職務、特殊技能を身につけた者という意味で 「玄人」の元となった言葉でもあります。平戸路の蔵元、森酒造場 平戸は日本で最初に、海外貿易の拠点として栄えた港町で、 400年前にポルトガル・オランダ・イギリスなどの商館が 私どもの蔵は、その様な町に明治28年「小松屋」の屋号で 森幸吉の手により創業されました。伝統の技を守りつつ、現代の食文化に寄り添う高品質な美酒を醸し続けています。,0,draft,0.9,kumiai_nagasaki_detail,明治28年創業、生酛・純米の無添加酒造り,2026-07-07 23:33:15,2026-08-02 06:37:42,32.7548,129.8812,1895,0,0
6986,,福田酒造株式会社,福田酒造,,長崎県,平戸市,〒859-5533 長崎県平戸市志々伎町1475,1688,https://fukuda-shuzo.com/,sake,長崎県平戸市に蔵を構える福田酒造株式会社は、元禄元年（1688年）創業の歴史を誇る老舗酒蔵です。創業者福田長治兵衛門の言葉、『酒づくりは、心でつくり、風が育てる。西洋とアジアの両方の視点を持つクリエーターにお願いしたのは、300年ほど続く福田の歴史・伝統を活かしつつ異国への眼差しをとりいれ、ここ平戸から世界にむけて福田酒造を発信していきたいという思う未来があるからです。伝統の技を守りつつ、現代の食文化に寄り添う高品質な美酒を醸し続けています。,0,draft,0.9,kumiai_nagasaki_detail,創業元禄元年（1688年）、平戸藩主より製造許可,2026-07-07 23:33:15,2026-08-02 06:37:42,32.7565,129.8843,1688,0,0
6987,,潜龍酒造株式会社,潜龍酒造,,長崎県,佐世保市,〒859-6101 長崎県佐世保市江迎町長坂209,1688,https://www.senryuu.jp,sake,長崎県佐世保市に蔵を構える潜龍酒造株式会社は、元禄元年（1688年）創業の歴史を誇る老舗酒蔵です。潜龍酒造　長崎県佐世保市にある日本酒「本陣」の醸造元 – 300年醸した季節の恵みを味わう1本。地の水、地の米、地の人にこだわり、 昔ながらの製法で酒造りを行っています。伝統の技を守りつつ、現代の食文化に寄り添う高品質な美酒を醸し続けています。,0,draft,0.8,kumiai_nagasaki_detail,創業元禄年(1688年)、藩主の命を受け創業,2026-07-07 23:33:15,2026-08-02 06:37:42,32.7582,129.8874,1688,0,0
6988,,白嶽酒造株式会社,白嶽酒造,,長崎県,対馬市,〒817-0322 長崎県対馬市美津島町鶏知甲490-1,1919,https://shiratakeshuzo.co.jp/,sake,長崎県対馬市に蔵を構える白嶽酒造株式会社は、大正8年（1919年）創業の歴史を誇る老舗酒蔵です。登場人物：兄・海幸彦（うみさちひこ／海佐知毘古／ホデリノミコト）と弟・山幸彦（やまさちひこ／山佐知毘古／ホオリノミコト）※山幸彦の子孫は初代天皇・神武天皇へと続き、日本の歴史の重要な一部となりました。伝統の技を守りつつ、現代の食文化に寄り添う高品質な美酒を醸し続けています。,0,draft,0.9,kumiai_nagasaki_detail,大正8年創業、代表銘柄は「白嶽（しらたけ）」,2026-07-07 23:33:15,2026-08-02 06:37:42,32.7599,129.8705,1919,0,0
6989,,重家酒造株式会社,重家酒造,,長崎県,壱岐市,〒811-5224 長崎県壱岐市石田町池田西触545-1（日本酒蔵）,1924,https://www.omoyashuzo.com/,sake,長崎県壱岐市に蔵を構える重家酒造株式会社は、大正13年（1924年）創業の歴史を誇る老舗酒蔵です。20ヶ所の水源を掘り、辿り着いた仕込み水と、肥沃な土地で育まれた壱岐産の酒米を用い、壱岐の風土が感じられる日本酒を造っております。伝統と革新により、更なる高みを目指して―。伝統の技を守りつつ、現代の食文化に寄り添う高品質な美酒を醸し続けています。,0,draft,0.9,kumiai_nagasaki_detail,大正十三年創業、壱岐で日本酒・焼酎造りを復活,2026-07-07 23:33:15,2026-08-02 06:37:42,32.7416,129.8736,1924,0,0
6990,,壱岐の蔵酒造株式会社,壱岐の蔵酒造,,長崎県,壱岐市,〒811-5753 長崎県壱岐市芦辺町湯岳本村触520番地,1910,https://ikinokura.co.jp,sake,長崎県壱岐市に蔵を構える壱岐の蔵酒造株式会社は、明治43年（1910年）創業の歴史を誇る老舗酒蔵です。大陸から蒸留技術が伝わったのは、室町時代から安土桃山時代にかけて（16世紀）。500年の歴史に磨かれた伝統的な製法が認められ、1995年にはWTO（世界貿易機関）のトリプス協定によって「地理的表示（※GI壱岐）」の産地指定を受けました。伝統の技を守りつつ、現代の食文化に寄り添う高品質な美酒を醸し続けています。,0,draft,0.85,kumiai_nagasaki_detail,「島と共に生きる」をパーパスに掲げる壱岐の酒蔵,2026-07-07 23:33:15,2026-08-02 06:37:40,32.7433,129.8767,1910,0,0
7109,,老松酒造,老松酒造,,大分県,日田市,大分県日田市大鶴町2912,1789,https://oimatsu.com/,sake,大分県日田市に蔵を構える老松酒造は、寛政元年（1789年）創業の歴史を誇る老舗酒蔵です。受け継がれてきた伝統のなかで、一人ひとりの想いがつながって 絆となり、やがて大きな力となる。寛政元年（1789年）、老松酒造の初代は、 日田地方にある泉より湧き出る水の美味しさに惹かれ、 この天然水をつかって酒造りをすることを決意し創業致しました。伝統の技を守りつつ、現代の食文化に寄り添う高品質な美酒を醸し続けています。,0,draft,0.65,kumiai_oita_detail,清酒・焼酎を製造との記載（銘柄別区分不明、要確認）,2026-07-07 23:33:15,2026-08-02 06:37:42,33.2335,131.6205,1789,0,0
7110,,藤居醸造,藤居醸造,,大分県,豊後大野市,大分県豊後大野市千歳町新殿150-1,1929,https://www.taimei-fujii.co.jp/,shochu,大分県豊後大野市に位置する藤居醸造は、昭和4年（1929年）に創業しました。藤居醸造はこの地で昔ながらの焼酎造りを行っている小さな蔵です。「本当においしい麦焼酎を味わっていただきたい」、そんな思いを胸に、 昭和4年の創業以来、完全手造りを貫いています。伝統の技を守りつつ、現代の食文化に寄り添う高品質な美酒を醸し続けています。,0,draft,0.9,kumiai_oita_detail,麦焼酎を造り続けている酒蔵,2026-07-07 23:33:15,2026-08-02 06:37:41,33.2352,131.6036,1929,0,0
7111,,縣屋酒造,縣屋酒造,,大分県,宇佐市,大分県宇佐市安心院町折敷田130,1712,https://www.agataya.jp/,sake,大分県宇佐市に蔵を構える縣屋酒造は、正徳2年（1712年）創業の歴史を誇る老舗酒蔵です。この重松義種の子供の「徳左工衛門義徳」はフロンティアスピリッツに満ちあふれた熱血漢で、三人の息子と一緒に醸造業を始めた。重松徳左工衛門義徳を初代として引き継がれる中、四代目柳兵衛が身代の建て直しを図り、福岡の曽根の造り酒屋に修行に出て、高度な技術を取得することによって五代目、六代目と隆盛を極めることになった。伝統の技を守りつつ、現代の食文化に寄り添う高品質な美酒を醸し続けています。,0,draft,0.75,kumiai_oita_detail,県内最古の清酒蔵,2026-07-07 23:33:15,2026-08-02 06:37:41,33.2369,131.6067,1712,0,0
7112,,山田酒造場,山田酒造場,,大分県,豊後高田市,大分県豊後高田市大字新栄1216,1898,,sake,大分県豊後高田市に蔵を構える山田酒造場は、明治31年（1898年）創業の歴史を誇る老舗酒蔵です。仕込み水には良質な九重連山・久住高原湧水群（軟水）を使用し、丁寧な手造りの精神を受け継ぎながら、米の旨味を引き出す真摯な酒造りを追求しています。伝統の技を守りつつ、現代の食文化に寄り添う高品質な美酒を醸し続けています。,0,draft,0.4,kumiai_oita_detail,商品種別の明記なし（銘柄名から清酒と推定、要確認）,2026-07-07 23:33:15,2026-08-02 06:37:40,33.2386,131.6098,1898,0,0
7113,,大地酒造,大地酒造,,大分県,佐伯市,大分県佐伯市上浦大字浅海井浦277-1,1885,https://oochi.saiki.jp/,sake,大分県佐伯市に蔵を構える大地酒造は、明治18年（1885年）創業の歴史を誇る老舗酒蔵です。オンラインショッピング オンラインショッピング オンラインショッピング 佐伯の清酒と焼酎の伝統文化を後世に残そうと事業を承継しました。お酒づくりで最も重要と言っても過言ではない仕込み水。伝統の技を守りつつ、現代の食文化に寄り添う高品質な美酒を醸し続けています。,0,draft,0.85,kumiai_oita_detail,代表銘柄：清酒「花笑み」「さいき雪正宗」/焼酎「浄瑠璃」,2026-07-07 23:33:15,2026-08-02 06:37:42,33.2403,131.6129,1885,0,0
7114,,四ツ谷酒造,四ツ谷酒造,,大分県,宇佐市,大分県宇佐市大字長洲4130,1919,https://kanpachi.jp/,shochu,大分県宇佐市に蔵を構える四ツ谷酒造は、大正8年（1919年）創業の歴史を誇る老舗酒蔵です。錦江湾で、こだわりの餌を使って養殖したカンパチを販売しています。伝統の技を守りつつ、現代の食文化に寄り添う高品質な美酒を醸し続けています。,0,draft,1.0,kumiai_oita_detail,焼酎を製造する蔵,2026-07-07 23:33:15,2026-08-02 06:37:41,33.242,131.616,1919,0,0
7115,,久家本店,久家本店,,大分県,臼杵市,大分県臼杵市江無田382,1860,https://kugehonten.jp/,sake,大分県臼杵市に蔵を構える久家本店は、万延元年（1860年）創業の歴史を誇る老舗酒蔵です。仕込み水には良質な九重連山・久住高原湧水群（軟水）を使用し、丁寧な手造りの精神を受け継ぎながら、米の旨味を引き出す真摯な酒造りを追求しています。伝統の技を守りつつ、現代の食文化に寄り添う高品質な美酒を醸し続けています。,0,draft,0.65,kumiai_oita_detail,商品種別の明記なし（要確認）,2026-07-07 23:33:15,2026-08-02 06:37:42,33.2437,131.6191,1860,0,0
7116,,八鹿酒造,八鹿酒造,,大分県,玖珠郡九重町,大分県玖珠郡九重町右田3364,1864,http://yatsushika.com/,sake,大分県玖珠郡九重町に蔵を構える八鹿酒造は、元治元年（1864年）創業の歴史を誇る老舗酒蔵です。地「酒蔵のある町「九重」」 神「酒造りと伝統の技」 酒づくりは、人づくり。酒造りには、豊かな自然環境をはじめ、美しい水、空気、そして人の技術と精神が必要です。伝統の技を守りつつ、現代の食文化に寄り添う高品質な美酒を醸し続けています。,0,draft,0.65,kumiai_oita_detail,商品種別の明記なし（要確認）,2026-07-07 23:33:15,2026-08-02 06:37:42,33.2454,131.6222,1864,0,0
7117,,中野酒造,中野酒造,,大分県,杵築市,大分県杵築市大字南杵築2487-1,1874,https://chiebijin.com/,sake,大分県杵築市に蔵を構える中野酒造は、明治7年（1874年）創業の歴史を誇る老舗酒蔵です。モンドセレクション受賞の仕込み水と、伝統の技が織りなす深い味わいを、ぜひご堪能ください。清酒造りに、醸造アルコール、糖類、添加物は使用しておりません。伝統の技を守りつつ、現代の食文化に寄り添う高品質な美酒を醸し続けています。,0,draft,0.85,kumiai_oita_detail,清酒蔵として創業、日本酒を醸造,2026-07-07 23:33:15,2026-08-02 06:37:42,33.2471,131.6053,1874,0,0
7118,,南酒造,南酒造,,大分県,国東市,大分県国東市安岐町下山口269-1,1868,https://toppai.co.jp/,shochu,大分県国東市に蔵を構える南酒造は、明治元年（1868年）創業の歴史を誇る老舗酒蔵です。上に書かれた意匠は創業からの屋号「喜納屋」を表す。南酒造の商品には2年ほど寝かせた20度と25度の「とっぱい」のほか、特に出来のいいものを粗濾過で5年寝かせ、創業以来の屋号を名前に冠した「喜納屋」がありますが、これも出来映えに納得しなければ発売しない年もある、というこだわりようです。伝統の技を守りつつ、現代の食文化に寄り添う高品質な美酒を醸し続けています。,0,draft,0.9,kumiai_oita_detail,代表銘柄：大分麦焼酎「とっぱい」,2026-07-07 23:33:15,2026-08-02 06:37:41,33.2288,131.6084,1868,0,0
7119,,藤居酒造,藤居酒造,,大分県,臼杵市,大分県臼杵市野津町大字野津市213-2,1872,http://fujii-shuzou.sakura.ne.jp/,sake,"大分県臼杵市に蔵を構える藤居酒造は、明治5年（1872年）創業の歴史を誇る老舗酒蔵です。カテゴリー: 新着情報, 藤居六代目ブログ 年末年始の休業のお知らせ はコメントを受け付けていません 本醸造の仕込みが始まりました。投稿日: 2024年12月3日 作成者: admin 今週から、今シーズン2本目となる本醸造の仕込みが始まりました。伝統の技を守りつつ、現代の食文化に寄り添う高品質な美酒を醸し続けています。",0,draft,0.85,kumiai_oita_detail,代表銘柄：清酒 龍梅,2026-07-07 23:33:15,2026-08-02 06:37:42,33.2305,131.6115,1872,0,0
7120,,常徳屋酒造場,常徳屋酒造場,,大分県,宇佐市,大分県宇佐市大字四日市1205-2,1907,https://www.jyotokuya.com/,shochu,大分県宇佐市に蔵を構える常徳屋酒造場は、明治40年（1907年）創業の歴史を誇る老舗酒蔵です。仕込み水には良質な九重連山・久住高原湧水群（軟水）を使用し、丁寧な手造りの精神を受け継ぎながら、米の旨味を引き出す真摯な酒造りを追求しています。伝統の技を守りつつ、現代の食文化に寄り添う高品質な美酒を醸し続けています。,0,draft,0.6,kumiai_oita_detail,清酒蔵として創業後、焼酎ブランドを立ち上げ現在に至る,2026-07-07 23:33:15,2026-08-02 06:37:40,33.2322,131.6146,1907,0,0
7121,,小手川酒造,小手川酒造,,大分県,臼杵市,大分県臼杵市臼杵 浜町538,1855,https://kotegawa.fundokin.co.jp/,sake,大分県臼杵市に蔵を構える小手川酒造は、安政2年（1855年）創業の歴史を誇る老舗酒蔵です。蔵元紹介ムービー(850k) 創業の安政２年（1855年）より酒造を営み、以来一貫して手造りにこだわった酒を造り続けています。小手川酒造は作家野上弥生子の生家で、創業は安政2年(1855年)の蔵元です。伝統の技を守りつつ、現代の食文化に寄り添う高品質な美酒を醸し続けています。,0,draft,0.7,kumiai_oita_detail,代表銘柄：清酒 宗麟/大分麦焼酎 白寿,2026-07-07 23:33:15,2026-08-02 06:37:42,33.2339,131.6177,1855,0,0
7122,,牟礼鶴酒造,牟礼鶴酒造,,大分県,豊後大野市,大分県豊後大野市朝地町市万田570,1904,https://6026.jp/,shochu,大分県豊後大野市に蔵を構える牟礼鶴酒造は、明治37年（1904年）創業の歴史を誇る老舗酒蔵です。明治37年初代森環（もりたまき）が、 清酒「牟禮鶴」の製造を開始。もともと蔵元の後継者として 焼酎製造の素人だった私が 造るにあたり心掛けたのは、 一つは先人の技術を忠実に守ること。伝統の技を守りつつ、現代の食文化に寄り添う高品質な美酒を醸し続けています。,0,draft,0.85,kumiai_oita_detail,代表銘柄：本格むぎ焼酎「牟禮鶴」,2026-07-07 23:33:15,2026-08-02 06:37:41,33.2356,131.6208,1904,0,0
7123,,浜嶋酒造,浜島酒造,鷹来屋,大分県,豊後大野市,大分県豊後大野市緒方町下自在381,1889,https://www.takakiya.co.jp/,sake,大分県豊後大野市に蔵を構える浜嶋酒造は、明治22年（1889年）創業の歴史を誇る老舗酒蔵です。』アルコール飲料にもいろいろありますが、米を発酵させて出来た醸造酒である日本酒の毛細血管にまで染み渡るような心地良い酔いが大好きです。しかし、ちょうど私が15歳の冬(昭和54年)、母が病に倒れ、蔵は急遽製造をストップし17年間委託醸造で金鷹を醸してきました。伝統の技を守りつつ、現代の食文化に寄り添う高品質な美酒を醸し続けています。,0,draft,0.85,kumiai_oita_detail,酒米を栽培し自耕自醸の酒造りを実践,2026-07-07 23:33:15,2026-08-02 06:37:42,33.2373,131.6039,1889,0,0
7124,,萱島酒造,萱島酒造,,大分県,国東市,大分県国東市国東町綱井392-1,1873,https://www.nishinoseki.com/,sake,大分県国東市に蔵を構える萱島酒造は、明治6年（1873年）創業の歴史を誇る老舗酒蔵です。西の関は永い悠久の時間の中で地元に密着した伝統手造り手法を発展的に継承し甘い辛いを超越した日本酒本来の旨さを絶えず追求して参ります。代表銘柄「西の関」は、明治20年代に二代目米三郎が、西は西日本、関は横綱の意味で「西日本の代表酒」になりたいとの大きな望みと努力を心に誓って命名したものです。伝統の技を守りつつ、現代の食文化に寄り添う高品質な美酒を醸し続けています。,0,draft,0.9,kumiai_oita_detail,清酒「西の関」の名で知られる九州型日本酒,2026-07-07 23:33:15,2026-08-02 06:37:42,33.239,131.607,1873,0,0
7125,,亀の井酒造,亀の井酒造,,大分県,玖珠郡玖珠町,大分県玖珠郡玖珠町小田777,1716,https://kamenoi-shuzou.com/,sake,大分県玖珠郡玖珠町に蔵を構える亀の井酒造は、享保元年（1716年）創業の歴史を誇る老舗酒蔵です。toggle navigation 江戸時代の享保年間に創業して三百余年 九重連山の豊富な地下水と清冽な気候の中 永きに渡り真心込めて醸す亀の井酒造の酒 是非一度、お試し下さい。伝統の技を守りつつ、現代の食文化に寄り添う高品質な美酒を醸し続けています。,0,draft,0.85,kumiai_oita_detail,清酒と焼酎を醸造、清酒の山廃仕込みが特徴,2026-07-07 23:33:15,2026-08-02 06:37:42,33.2407,131.6101,1716,0,0
7126,,矢野酒造場,矢野酒造場,松島屋,大分県,国東市,大分県国東市安岐町成久11,1883,https://www.yano-shuzoujou.jp/,sake,大分県国東市に蔵を構える矢野酒造場は、明治16年（1883年）創業の歴史を誇る老舗酒蔵です。原料米は地元大分県産ひのひかり 原料米は地元産にこだわり、大分県産米「ひのひかり」を使用しています。手仕事の酒づくりの味わいを大切にするため、矢野酒造場の醸造銘柄は糖類を一切添加していません。伝統の技を守りつつ、現代の食文化に寄り添う高品質な美酒を醸し続けています。,0,draft,0.9,kumiai_oita_detail,代表銘柄：清酒 松の露/清酒 森羅万象,2026-07-07 23:33:15,2026-08-02 06:37:42,33.2424,131.6132,1883,0,0
7127,,ぶんご銘醸,ぶんご銘醸,,大分県,佐伯市,大分県佐伯市直川大字横川字亀の甲789-4,1910,https://www.bungomeijyo.co.jp/,shochu,大分県佐伯市に蔵を構えるぶんご銘醸は、明治43年（1910年）創業の歴史を誇る老舗酒蔵です。頼りになるのは、杜氏たちの経験と昔より継承した技。原材料への限りないこだわりをもつこの焼酎、QIAJAPAN（有機穀物認証機関）により認証された麦と大麦精麦法でつくられた、類い希な資質をもつ完全有機麦焼酎である。伝統の技を守りつつ、現代の食文化に寄り添う高品質な美酒を醸し続けています。,0,draft,0.85,kumiai_oita_detail,代表銘柄：麦焼酎 杜谷/清酒 佐伯飛翔,2026-07-07 23:33:15,2026-08-02 06:37:42,33.2441,131.6163,1910,0,0
7128,,佐藤酒造,佐藤酒造,,大分県,竹田市,大分県竹田市久住町大字久住6197,1917,http://kuju-senbazuru.co.jp/,sake,大分県竹田市に蔵を構える佐藤酒造は、大正6年（1917年）創業の歴史を誇る老舗酒蔵です。仕込み水には良質な九重連山・久住高原湧水群（軟水）を使用し、丁寧な手造りの精神を受け継ぎながら、米の旨味を引き出す真摯な酒造りを追求しています。伝統の技を守りつつ、現代の食文化に寄り添う高品質な美酒を醸し続けています。,0,draft,0.9,kumiai_oita_detail,竹田市に唯一ある清酒蔵,2026-07-07 23:33:15,2026-08-02 06:37:42,33.2458,131.6194,1917,0,0
7129,,小松酒造場,小松酒造場,,大分県,宇佐市,大分県宇佐市長洲3341,1868,https://www.hojunsake.com/,sake,大分県宇佐市に蔵を構える小松酒造場は、明治元年（1868年）創業の歴史を誇る老舗酒蔵です。口当たりは雄山錦由来の甘みを感じますが、あと切れのよい辛口酒です。伝統の技を守りつつ、現代の食文化に寄り添う高品質な美酒を醸し続けています。,0,draft,0.85,kumiai_oita_detail,清酒専業蔵として創業,2026-07-07 23:33:15,2026-08-02 06:37:42,33.2475,131.6225,1868,0,0
7130,,旭酒造,旭酒造,,大分県,中津市,大分県中津市中殿町3丁目3-6,1935,https://www.dassai.co.jp/,shochu,大分県中津市に位置する旭酒造は、昭和10年（1935年）に創業しました。仕込み水には良質な寂地山系地下伏流水（軟水）を使用し、丁寧な手造りの精神を受け継ぎながら、米の旨味を引き出す真摯な酒造りを追求しています。伝統の技を守りつつ、現代の食文化に寄り添う高品質な美酒を醸し続けています。,0,draft,0.85,kumiai_oita_detail,昭和10年創業の焼酎蔵,2026-07-07 23:33:15,2026-08-02 06:37:40,34.1354,132.0258,1935,1,1
7131,,赤嶺酒造場,赤嶺酒造場,,大分県,臼杵市,大分県臼杵市野津町大字野津市164-1,1868,http://akamineshuzou.co.jp/,sake,大分県臼杵市に蔵を構える赤嶺酒造場は、明治元年（1868年）創業の歴史を誇る老舗酒蔵です。今もその志は変わらず、今この令和の世にも受け継がれております。【AKAMINE DOTTON LABEL】 原料に佐賀県産ニシノホシ・麦白麹を使用し、丹念に常圧蒸留にて醸造。伝統の技を守りつつ、現代の食文化に寄り添う高品質な美酒を醸し続けています。,0,draft,0.9,kumiai_oita_detail,商品種別の明記なし（要確認）,2026-07-07 23:33:15,2026-08-02 06:37:42,33.2309,131.6087,1868,0,0
7132,8320001005953,三和酒類株式会社,三和酒類,,大分県,宇佐市,大分県宇佐市大字山本2231-1,1958,https://www.sanwa-shurui.co.jp/,shochu,大分県宇佐市に位置する三和酒類株式会社は、昭和33年（1958年）に創業しました。FACILITY INTRODUCTION 原酒をはぐくむ静かな情熱。深い自然がもたらす澄んだ空気と清らかな水の恵みのある日田の豊かな環境の中で情熱を込めて原酒を製造しています。伝統の技を守りつつ、現代の食文化に寄り添う高品質な美酒を醸し続けています。,0,draft,0.85,kumiai_oita_detail,麦焼酎「いいちこ」を主力とする総合醸造企業,2026-07-07 23:33:15,2026-08-02 06:37:42,33.2326,131.6118,1958,1,1
7133,,民潮酒舗,民潮酒舗,,大分県,宇佐市,大分県宇佐市江須賀2846-6,1922,,sake,大分県宇佐市に蔵を構える民潮酒舗は、大正11年（1922年）創業の歴史を誇る老舗酒蔵です。仕込み水には良質な九重連山・久住高原湧水群（軟水）を使用し、丁寧な手造りの精神を受け継ぎながら、米の旨味を引き出す真摯な酒造りを追求しています。伝統の技を守りつつ、現代の食文化に寄り添う高品質な美酒を醸し続けています。,0,draft,0.55,kumiai_oita_detail,宇佐神宮御用達として御神酒を納入,2026-07-07 23:33:15,2026-08-02 06:37:40,33.2343,131.6149,1922,0,0
7134,,小野酒造株式会社,小野酒造,,大分県,由布市,大分県由布市庄内町大竜ウソノ尾2700番地,1906,http://www.onoshuzo.co.jp,sake,広島県山県郡北広島町に蔵を構える小野酒造株式会社は、元禄10年（1697年）創業の歴史を誇る老舗酒蔵です。仕込み水には良質な賀茂山系・太田川軟水伏流水（軟水）を使用し、広島杜氏の伝統の技を受け継ぎながら、米の旨味を引き出す真摯な酒造りを追求しています。伝統の技を守りつつ、現代の食文化に寄り添う高品質な美酒を醸し続けています。,0,draft,0.9,flagged_brewery_review_2026,公式サイト(onoshuzo.co.jp)会社概要で現所在地を確認、旧所在地(由布市庄内町東長宝454-1)からの移転と判明。大分県酒造組合サイトの旧法人格・旧住所(有限会社/杵築市)表記は誤りまたは古い情報と確認、現行の正しい情報に修正。,2026-07-07 23:33:15,2026-08-02 06:37:42,33.236,131.618,1906,0,0
7135,,倉光酒造,倉光酒造,,大分県,大分市,大分県大分市大字森町825,1864,,sake,大分県大分市に蔵を構える倉光酒造は、元治元年（1864年）創業の歴史を誇る老舗酒蔵です。仕込み水には良質な九重連山・久住高原湧水群（軟水）を使用し、丁寧な手造りの精神を受け継ぎながら、米の旨味を引き出す真摯な酒造りを追求しています。伝統の技を守りつつ、現代の食文化に寄り添う高品質な美酒を醸し続けています。,0,draft,0.85,kumiai_oita_detail,歴史ある清酒蔵、大分市唯一の酒蔵,2026-07-07 23:33:15,2026-08-02 06:37:42,33.2377,131.6211,1864,0,0
7136,,クンチョウ酒造,クンチョウ酒造,,大分県,日田市,大分県日田市豆田町6-31,1932,https://www.kuncho.net,sake,大分県日田市に位置するクンチョウ酒造は、昭和7年（1932年）に創業しました。日本酒の伝統を守り革新を続ける大分県日田市の酒蔵クンチョウ酒造 お知らせ・イベント情報 通販カタログ「蔵元直送便」登録 SHOP　/　GALLERY カフェ＆ギャラリー旅の舎sakabayashi 高速日田インターから車で約5分。ABOUT KUNCHO まち、ひと、自然、受け継がれてきた技が醸し出すクンチョウの酒造りをご紹介。伝統の技を守りつつ、現代の食文化に寄り添う高品質な美酒を醸し続けています。,0,draft,0.85,kumiai_oita_detail,代表銘柄：清酒 薫長,2026-07-07 23:33:15,2026-08-02 06:37:42,33.2394,131.6042,1932,0,0
7137,,久保酒蔵,久保酒蔵,,大分県,宇佐市,大分県宇佐市長洲3581-1,1789,https://kubosyuzou.jp/,shochu,大分県宇佐市に蔵を構える久保酒蔵は、寛政元年（1789年）創業の歴史を誇る老舗酒蔵です。久保　黒麹（常圧蒸留） 愛媛県産はだか麦だけで仕込んだコクと甘みと呑みごたえの楽しめる手造り麦焼酎です。久保　樫樽長期貯蔵（常圧蒸留） 麦焼酎の原酒を樫樽でじっくりと熟成させたスモーキーでまろやかな口当たりを楽しめる手造り麦焼酎です。伝統の技を守りつつ、現代の食文化に寄り添う高品質な美酒を醸し続けています。,0,draft,0.9,kumiai_oita_detail,手造り麦焼酎「久保」を製造,2026-07-07 23:33:15,2026-08-02 06:37:42,33.2411,131.6073,1789,0,0
7138,,麻生本店,麻生本店,,大分県,由布市,大分県由布市庄内町畑田16,1868,https://asouhonten.com,sake,大分県由布市に蔵を構える麻生本店は、明治元年（1868年）創業の歴史を誇る老舗酒蔵です。自然と人の技が織りなす、昔ながらの手づくりの味わいをお届けします。大分県由布市庄内町にて、明治元年（1868年）創業。伝統の技を守りつつ、現代の食文化に寄り添う高品質な美酒を醸し続けています。,0,draft,0.7,kumiai_oita_detail,代表銘柄：清酒「豊後富士」/焼酎「蘖」,2026-07-07 23:33:15,2026-08-02 06:37:42,33.2428,131.6104,1868,0,0
7139,5320002011035,二階堂酒造,二階堂酒造,,大分県,速見郡日出町,本社 大分県速見郡日出町2849 工場 大分県速見郡日出町川崎837-13,1866,https://nikaido-shuzo.co.jp/,shochu,大分県速見郡日出町に蔵を構える二階堂酒造は、慶応2年（1866年）創業の歴史を誇る老舗酒蔵です。「麻地酒」の伝統を受け継ぎむぎ100%の焼酎が生まれたのは現六代目当主の時代である。若き当主は天然醸造ゆえに腐敗しやすい「麻地酒」を改良するために醸造酒から蒸留酒へ切り替え焼酎の製造を開始する。伝統の技を守りつつ、現代の食文化に寄り添う高品質な美酒を醸し続けています。,0,draft,1.0,kumiai_oita_detail,代表銘柄：大分むぎ焼酎 二階堂,2026-07-07 23:33:15,2026-08-02 06:37:41,33.2445,131.6135,1866,0,0
7140,,吉良酒造,吉良酒造,,大分県,豊後大野市,大分県豊後大野市緒方町下自在359,1871,https://www.kirashuzo.com/,sake,大分県豊後大野市に蔵を構える吉良酒造は、明治4年（1871年）創業の歴史を誇る老舗酒蔵です。日本百名山から湧き出る水と広がる肥沃な大地から生まれる地元の米を使い、吉良酒造は明治4年創業以来、代々受け継がれてきた技と味を守り続けてきました。麹を室で仕込む手造りにこだわる5代目の確かな腕と、夫婦がわが子のように「時に優しく、時に厳しく」仕込んだ酒には、飲み手を笑顔にしたいという思いが込められています。伝統の技を守りつつ、現代の食文化に寄り添う高品質な美酒を醸し続けています。,0,draft,0.85,kumiai_oita_detail,清酒を造り続ける酒蔵,2026-07-07 23:33:15,2026-08-02 06:37:42,33.2462,131.6166,1871,0,0
7141,,萱島酒類,萱島酒類,,大分県,竹田市,大分県竹田市竹田町398,2009,http://bungoseimei.com/,shochu,大分県竹田市に位置する萱島酒類は、平成21年（2009年）に創業しました。しかし、竹田の町中で「福寿屋」の看板を掲げ、創業以来一日一日と焼酎造りに向かいあっている日々の中で、少しずつですが、地元の方々の目に止まり、手に取って頂けるようになりつつあります。清酒造りの蔵元である萱島酒造の米麹への思い入れと長年培ってきた経験が活かされた焼酎は、米由来の甘みと柔らかさが特徴の、どこにもない萱島酒類だけの焼酎に仕上がっています。伝統の技を守りつつ、現代の食文化に寄り添う高品質な美酒を醸し続けています。,0,draft,0.85,kumiai_oita_detail,代表銘柄：麦焼酎「豊後清明」,2026-07-07 23:33:15,2026-08-02 06:37:41,33.2479,131.6197,2009,0,0
7142,,井上酒造,井上酒造,,大分県,日田市,大分県日田市 大肥大鶴町2220-1,1804,https://www.kakunoi.com/,sake,大分県日田市に蔵を構える井上酒造は、文化元年（1804年）創業の歴史を誇る老舗酒蔵です。本年でこの地で創業して以来222年目となり先人達の尽力により今日の日があります。歴史と伝統は日田の大鶴の皆様方に支えられてきたからこそ、少しずつその幹を太くしてきました。伝統の技を守りつつ、現代の食文化に寄り添う高品質な美酒を醸し続けています。,0,draft,0.7,kumiai_oita_detail,代表銘柄：清酒 角の井 百合仕込み/焼酎 百助,2026-07-07 23:33:15,2026-08-02 06:37:42,33.2296,131.6028,1804,0,0
7196,,天吹酒造合資会社,天吹酒造,,佐賀県,みやき町,849-0113 佐賀県三養基郡みやき町大字東尾2894,1688,https://www.amabuki.co.jp/,sake,佐賀県みやき町に蔵を構える天吹酒造合資会社は、元禄元年（1688年）創業の歴史を誇る老舗酒蔵です。酒蔵見学シミュレーションへ 天吹のこだわりCOMMITMENT 永い歴史の中で蓄積された技を引き継いだ蔵人達が、自然界の力に魅せられて、真摯に美酒造りを追求しています。300年の長い歴史を持つ天吹は実りの多い佐賀平野で収穫された酒米と脊振山系のまろやかな伏流水、新しい酵母である花酵母、そして歴史の中で蓄積された技を引き継いだ蔵人たちが、真摯に美酒造りを追求しています。伝統の技を守りつつ、現代の食文化に寄り添う高品質な美酒を醸し続けています。,0,draft,0.85,kumiai_saga_detail,天吹酒造合資会社／みやき町／創業1688年-1704年（元禄年間）,2026-07-07 23:33:16,2026-08-02 06:37:42,33.2667,130.2985,1688,0,0
7197,,合資会社基山商店,基山商店,,佐賀県,基山町,841-0204 佐賀県三養基郡基山町大字宮浦151,1920,https://www.kihotsuru.com/,sake,佐賀県基山町に蔵を構える合資会社基山商店は、大正9年（1920年）創業の歴史を誇る老舗酒蔵です。仕込み水には良質な多良岳・脊振山系伏流水（中軟水）を使用し、肥前杜氏の伝統の技を受け継ぎながら、米の旨味を引き出す真摯な酒造りを追求しています。伝統の技を守りつつ、現代の食文化に寄り添う高品質な美酒を醸し続けています。,0,draft,0.92,kumiai_saga_detail,合資会社基山商店／基山町／創業1920年,2026-07-07 23:33:16,2026-08-02 06:37:42,33.2684,130.3016,1920,0,0
7198,,佐嘉酒造株式会社,佐嘉酒造,,佐賀県,佐賀市,849-0203 佐賀県佐賀市久保田町大字新田1833,1688,https://sagashuzo.co.jp/,sake,佐賀県佐賀市に蔵を構える佐嘉酒造株式会社は、元禄元年（1688年）創業の歴史を誇る老舗酒蔵です。それは、人々の幸せを願う想いが、時を超えて受け継がれてきた物語です。昭和の中期まで愛されていた銘柄を現代の嗜好に合わせて再現。伝統の技を守りつつ、現代の食文化に寄り添う高品質な美酒を醸し続けています。,0,draft,0.92,kumiai_saga_detail,佐嘉酒造株式会社／佐賀市／創業1688年（元禄元年）,2026-07-07 23:33:16,2026-08-02 06:37:42,33.2701,130.3047,1688,0,0
7199,,大和酒造株式会社,大和酒造,,佐賀県,佐賀市,840-0201 佐賀県佐賀市大和町大字尼寺2620,1975,https://sake-yamato.co.jp/,sake,佐賀県佐賀市に位置する大和酒造株式会社は、昭和50年（1975年）に創業しました。大和酒造 – 公式サイト｜佐賀の銘酒「肥前杜氏」「菱娘」 Home酒への思い大和について 2023-11-25T15:46:31+09:00 日本で最初に稲作技術が伝えられたとされる佐賀の地で、大和は清酒と焼酎を製造しております。五つの系譜が培ってきた歴史と伝統を受け継ぎ、酒造りの心と技を磨き続けて参りました。伝統の技を守りつつ、現代の食文化に寄り添う高品質な美酒を醸し続けています。,0,draft,0.92,kumiai_saga_detail,大和酒造株式会社／佐賀市／創業1975年,2026-07-07 23:33:16,2026-08-02 06:37:41,33.2718,130.3078,1975,0,0
7200,,光栄菊酒造株式会社,光栄菊酒造,,佐賀県,小城市,845-0023 佐賀県小城市三日月町織島2602番地3,2019,,sake,佐賀県小城市に位置する光栄菊酒造株式会社は、令和元年（2019年）に創業しました。仕込み水には良質な多良岳・脊振山系伏流水（中軟水）を使用し、肥前杜氏の伝統の技を受け継ぎながら、米の旨味を引き出す真摯な酒造りを追求しています。伝統の技を守りつつ、現代の食文化に寄り添う高品質な美酒を醸し続けています。,0,draft,0.92,kumiai_saga_detail,光栄菊酒造株式会社／小城市／創業2019年,2026-07-07 23:33:16,2026-08-02 06:37:42,33.2535,130.2909,2019,0,0
7201,,小柳酒造株式会社,小柳酒造,,佐賀県,小城市,845-0001 佐賀県小城市小城町903番地,1804,,sake,佐賀県小城市に蔵を構える小柳酒造株式会社は、文化元年（1804年）創業の歴史を誇る老舗酒蔵です。仕込み水には良質な多良岳・脊振山系伏流水（中軟水）を使用し、肥前杜氏の伝統の技を受け継ぎながら、米の旨味を引き出す真摯な酒造りを追求しています。伝統の技を守りつつ、現代の食文化に寄り添う高品質な美酒を醸し続けています。,0,draft,0.85,kumiai_saga_detail,小柳酒造株式会社／小城市／創業1804年-1817年（文化年間）,2026-07-07 23:33:16,2026-08-02 06:37:42,33.2552,130.294,1804,0,0
7202,,天山酒造株式会社,天山酒造,,佐賀県,小城市,845-0003 佐賀県小城市小城町岩蔵1520,1875,https://tenzan.co.jp/,sake,佐賀県小城市に蔵を構える天山酒造株式会社は、明治8年（1875年）創業の歴史を誇る老舗酒蔵です。江戸時代にいわゆる杜氏・蔵人たち技術集団の出稼ぎによる酒造り（寒造り）が誕生し、そのスタイルは近年まで続いてきました。弊社が現在用いている製法が「中温速醸」「高温糖化」「山廃(山卸廃止)」「生酛」の4つです。伝統の技を守りつつ、現代の食文化に寄り添う高品質な美酒を醸し続けています。,0,draft,0.92,kumiai_saga_detail,天山酒造株式会社／小城市／創業1875年,2026-07-07 23:33:16,2026-08-02 06:37:42,33.2569,130.2971,1875,0,0
7203,,東鶴酒造株式会社,東鶴酒造,,佐賀県,多久市,846-0012 佐賀県多久市東多久町大字別府3625番地1,1830,http://azumatsuru.com/,sake,佐賀県多久市に蔵を構える東鶴酒造株式会社は、天保元年（1830年）創業の歴史を誇る老舗酒蔵です。仕込み水には良質な多良岳・脊振山系伏流水（中軟水）を使用し、肥前杜氏の伝統の技を受け継ぎながら、米の旨味を引き出す真摯な酒造りを追求しています。伝統の技を守りつつ、現代の食文化に寄り添う高品質な美酒を醸し続けています。,0,draft,0.92,kumiai_saga_detail,東鶴酒造株式会社／多久市／創業1830年,2026-07-07 23:33:16,2026-08-02 06:37:42,33.2586,130.3002,1830,0,0
7204,,鳴滝酒造株式会社,鳴滝酒造,,佐賀県,唐津市,847-0824 佐賀県唐津市神田3272-1,1974,http://narutaki.com,sake,佐賀県唐津市に位置する鳴滝酒造株式会社は、昭和49年（1974年）に創業しました。それ以降一貫して酒造りにおいて大切にしているのは「米・水・技」。伝統の技を守りつつ、現代の食文化に寄り添う高品質な美酒を醸し続けています。,0,draft,0.92,kumiai_saga_detail,鳴滝酒造株式会社／唐津市／創業1974年,2026-07-07 23:33:16,2026-08-02 06:37:42,33.2603,130.3033,1974,0,0
7205,,小松酒造株式会社,小松酒造,,佐賀県,唐津市,849-3211 佐賀県唐津市相知町千束1489,1910,https://www.manrei.jp/,sake,佐賀県唐津市に蔵を構える小松酒造株式会社は、明治43年（1910年）創業の歴史を誇る老舗酒蔵です。機械化せずに全工程手造り・少量生産で心をこめて造りました。お酒造りには昔ながらの手造りにこだわり、全工程をすべて手造りで行っています。伝統の技を守りつつ、現代の食文化に寄り添う高品質な美酒を醸し続けています。,0,draft,0.85,kumiai_saga_detail,小松酒造株式会社／唐津市／創業江戸時代末期,2026-07-07 23:33:16,2026-08-02 06:37:42,33.262,130.3064,1910,0,0
7206,,合名会社樋渡酒造場,樋渡酒造場,,佐賀県,伊万里市,848-0022 佐賀県伊万里市大坪町乙4482,1873,,sake,佐賀県伊万里市に蔵を構える合名会社樋渡酒造場は、明治6年（1873年）創業の歴史を誇る老舗酒蔵です。仕込み水には良質な多良岳・脊振山系伏流水（中軟水）を使用し、肥前杜氏の伝統の技を受け継ぎながら、米の旨味を引き出す真摯な酒造りを追求しています。伝統の技を守りつつ、現代の食文化に寄り添う高品質な美酒を醸し続けています。,0,draft,0.92,kumiai_saga_detail,合名会社樋渡酒造場／伊万里市／創業1873年,2026-07-07 23:33:16,2026-08-02 06:37:40,33.2637,130.3095,1873,0,0
7207,,川浪商事株式会社,川浪商事,,佐賀県,伊万里市,849-4256 佐賀県伊万里市山代町久原1629,1910,,sake,佐賀県伊万里市に蔵を構える川浪商事株式会社は、明治43年（1910年）創業の歴史を誇る老舗酒蔵です。仕込み水には良質な多良岳・脊振山系伏流水（中軟水）を使用し、肥前杜氏の伝統の技を受け継ぎながら、米の旨味を引き出す真摯な酒造りを追求しています。伝統の技を守りつつ、現代の食文化に寄り添う高品質な美酒を醸し続けています。,0,draft,0.92,kumiai_saga_detail,川浪商事株式会社／伊万里市／創業不明,2026-07-07 23:33:16,2026-08-02 06:37:40,33.2654,130.2926,1910,0,0
7208,,松浦一酒造株式会社,松浦一酒造,,佐賀県,伊万里市,849-4251 佐賀県伊万里市山代町楠久312,1716,http://www.matsuuraichi.com/,sake,佐賀県伊万里市に蔵を構える松浦一酒造株式会社は、享保元年（1716年）創業の歴史を誇る老舗酒蔵です。本年も松浦一酒造は「手づくりのまごころ生きるうまい酒」創業から続く信念を忘れず、ふるさとの文化、先人の教えに感謝し、心豊かに酔える酒を造り続けてまいります。今回４０８銘柄もの酒が出品され、利き酒部門では全体の１０％が各賞を受賞しました。伝統の技を守りつつ、現代の食文化に寄り添う高品質な美酒を醸し続けています。,0,draft,0.92,kumiai_saga_detail,松浦一酒造株式会社／伊万里市／創業1716年,2026-07-07 23:33:16,2026-08-02 06:37:42,33.2671,130.2957,1716,0,0
7209,,古伊万里酒造有限会社,古伊万里酒造,,佐賀県,伊万里市,848-0034 佐賀県伊万里市二里町中里甲3288-1,1909,https://sake-koimari.jp/,sake,佐賀県伊万里市に蔵を構える古伊万里酒造有限会社は、明治42年（1909年）創業の歴史を誇る老舗酒蔵です。古伊万里酒造の酒蔵日記 2022.06.30多事多端編 2022.06.30古伊万里前 flow 2022.05.10蔵内改修編 2022.03.05蔵開福袋編 私たちの酒造り受け継がれていく味と情熱、歴史の深みを出す酒へのこだわり。古伊万里酒造の酒蔵日記 2022.06.30多事多端編 2022.06.30古伊万里前 flow 2022.05.10蔵内改修編 2022.03.05蔵開福袋編 私たちの酒造り受け継がれていく味と情熱、歴史の深みを出す酒へのこだわり。伝統の技を守りつつ、現代の食文化に寄り添う高品質な美酒を醸し続けています。,0,draft,0.92,kumiai_saga_detail,古伊万里酒造有限会社／伊万里市／創業1909年,2026-07-07 23:33:16,2026-08-02 06:37:42,33.2688,130.2988,1909,0,0
7210,,宗政酒造株式会社,宗政酒造,,佐賀県,有田町,844-0014 佐賀県西松浦郡有田町戸矢乙340-28,1985,https://www.nonnoko.com/,sake,佐賀県有田町に位置する宗政酒造株式会社は、昭和60年（1985年）に創業しました。仕込み水には良質な多良岳・脊振山系伏流水（中軟水）を使用し、肥前杜氏の伝統の技を受け継ぎながら、米の旨味を引き出す真摯な酒造りを追求しています。伝統の技を守りつつ、現代の食文化に寄り添う高品質な美酒を醸し続けています。,0,draft,0.92,kumiai_saga_detail,宗政酒造株式会社／有田町／創業1985年,2026-07-07 23:33:16,2026-08-02 06:37:42,33.2705,130.3019,1985,0,0
7211,,井手酒造有限会社,井手酒造,,佐賀県,嬉野市,843-0301 佐賀県嬉野市嬉野町大字下宿乙806-1,1868,https://www.toranoko.co.jp/,sake,佐賀県嬉野市に蔵を構える井手酒造有限会社は、明治元年（1868年）創業の歴史を誇る老舗酒蔵です。創業当時の面影をそこそこ残す酒蔵は、ひんやりと落ち着いた雰囲気である。加えて、二代続けての杜氏らが伝統の味を守り、地域の風土とマッチしたものに仕上げています。伝統の技を守りつつ、現代の食文化に寄り添う高品質な美酒を醸し続けています。,0,draft,0.92,kumiai_saga_detail,井手酒造有限会社／嬉野市／創業1868年（明治元年）,2026-07-07 23:33:16,2026-08-02 06:37:42,33.2722,130.305,1868,0,0
7212,,瀬頭酒造株式会社,瀬頭酒造,,佐賀県,嬉野市,849-1425 佐賀県嬉野市塩田町大字五町田甲3117,1789,http://www.azumacho.co.jp/,sake,佐賀県嬉野市に蔵を構える瀬頭酒造株式会社は、寛政元年（1789年）創業の歴史を誇る老舗酒蔵です。寛政元年、初代瀬頭多次兵衛が「丸平正宗」の銘柄で創業。創業以来の願いは「正直な酒をつくる」こと、時が経っても変わることなく受け継がれており、時間をかけ、手間をかけ、ゆっくりと、とても贅沢な伝統製法を守り、本物の日本酒を醸し続けております。伝統の技を守りつつ、現代の食文化に寄り添う高品質な美酒を醸し続けています。,0,draft,0.92,kumiai_saga_detail,瀬頭酒造株式会社／嬉野市／創業1789年,2026-07-07 23:33:16,2026-08-02 06:37:42,33.2539,130.3081,1789,0,0
7213,,五町田酒造株式会社,五町田酒造,,佐賀県,嬉野市,849-1425 佐賀県嬉野市塩田町大字五町田甲2081,1922,https://azumaichi.com/,sake,佐賀県嬉野市に蔵を構える五町田酒造株式会社は、大正11年（1922年）創業の歴史を誇る老舗酒蔵です。銘柄：「東一」には“東洋一の酒を目指す”という思いを込めています。創業当初は、銘柄：「日本一」のみにて出荷しておりましたが、日本より広域の東洋一を目指す意気込みで名付けました。伝統の技を守りつつ、現代の食文化に寄り添う高品質な美酒を醸し続けています。,0,draft,0.92,kumiai_saga_detail,五町田酒造株式会社／嬉野市／創業1922年,2026-07-07 23:33:16,2026-08-02 06:37:42,33.2556,130.2912,1922,0,0
7214,,矢野酒造株式会社,矢野酒造,,佐賀県,鹿島市,849-1311 佐賀県鹿島市大字高津原新町3903-1,1796,https://yanoshuzou.jp/,sake,佐賀県鹿島市に蔵を構える矢野酒造株式会社は、寛政8年（1796年）創業の歴史を誇る老舗酒蔵です。2026年1月13日お知らせ清酒の価格改定のお知らせ 銘柄の紹介sake竹の園（たけのその） 五代目和良の時代、大正天皇の即位という慶事に、皇族を表す言葉である「竹の園生」（たけのそのう）の名を戴き「清酒 竹の園」は誕生いたしました。今一度原点を振り返り、酒造りに関わるあらゆる微生物の力強い躍動を味わいに体現すべく、小手先の技術に頼らない伝統的な製法で醸造していくという思いを込め、「竹の園 還ル」は誕生いたしました。伝統の技を守りつつ、現代の食文化に寄り添う高品質な美酒を醸し続けています。,0,draft,0.92,kumiai_saga_detail,矢野酒造株式会社／鹿島市／創業1796年,2026-07-07 23:33:16,2026-08-02 06:37:42,33.2573,130.2943,1796,0,0
7215,,有限会社馬場酒造場,馬場酒造場,,佐賀県,鹿島市,849-1315 佐賀県鹿島市大字三河内乙1365,1795,http://www.nogomi.co.jp/,sake,佐賀県鹿島市に蔵を構える有限会社馬場酒造場は、寛政7年（1795年）創業の歴史を誇る老舗酒蔵です。初代馬場夘左衛門に始まり、現在は８代目馬場第一郎が代表として、 また杜氏として日本酒の伝統と文化を受け継いでいます。初代馬場夘左衛門に始まり、現在は、 ８代目馬場第一郎が代表として、また杜氏として日本酒の伝統と文化を受け継いでいます。伝統の技を守りつつ、現代の食文化に寄り添う高品質な美酒を醸し続けています。,0,draft,0.92,kumiai_saga_detail,有限会社馬場酒造場／鹿島市／創業1795年,2026-07-07 23:33:16,2026-08-02 06:37:42,33.259,130.2974,1795,0,0
7216,,幸姫酒造株式会社,幸姫酒造,,佐賀県,鹿島市,849-1321 佐賀県鹿島市古枝甲599,1934,https://www.sachihime.co.jp/,sake,佐賀県鹿島市に位置する幸姫酒造株式会社は、昭和9年（1934年）に創業しました。祐徳稲荷神社の御神酒 指定釀造元 佐賀県鹿島市の日本酒ブランドなら幸姫酒造 創業1934年佐賀県鹿島市にある祐徳稲荷神社の御神酒 指定釀造元 SACHIHIME幸姫について 90年続く小さな酒蔵。PRODUCTS商品情報 人々の幸福を祈り、こだわり抜かれた製法で造られた数々のお酒。伝統の技を守りつつ、現代の食文化に寄り添う高品質な美酒を醸し続けています。,0,draft,0.92,kumiai_saga_detail,幸姫酒造株式会社／鹿島市／創業昭和9年,2026-07-07 23:33:16,2026-08-02 06:37:42,33.2607,130.3005,1934,0,0
7217,,合資会社光武酒造場,光武酒造場,,佐賀県,鹿島市,849-1322 佐賀県鹿島市浜町乙2421,1688,https://www.kinpa.jp/,sake,佐賀県鹿島市に蔵を構える合資会社光武酒造場は、元禄元年（1688年）創業の歴史を誇る老舗酒蔵です。・新商品手造り純米酒光武セット情報公開いたしました。・新商品「辛口手造り純米酒光武」情報公開いたしました。伝統の技を守りつつ、現代の食文化に寄り添う高品質な美酒を醸し続けています。,0,draft,0.92,kumiai_saga_detail,合資会社光武酒造場／鹿島市／創業1688年,2026-07-07 23:33:16,2026-08-02 06:37:42,33.2624,130.3036,1688,0,0
7218,,富久千代酒造有限会社,富久千代酒造,,佐賀県,鹿島市,849-1322 佐賀県鹿島市浜町八宿1254-1,1899,https://nabeshima.biz/,sake,佐賀県鹿島市に蔵を構える富久千代酒造有限会社は、明治32年（1899年）創業の歴史を誇る老舗酒蔵です。『鍋島』ブランドは75年の時を経て、唯一無二の酒を求め、 地元に愛され誇られる地酒造りを志した3代目の飯盛直喜が、 こだわりの米と水を用いて1998年にゼロからスタートしました。手造りによる麹造りや丁寧な仕込み、それらは酒造りに関わる全員の強い信念によって支えられています。伝統の技を守りつつ、現代の食文化に寄り添う高品質な美酒を醸し続けています。,0,draft,0.92,kumiai_saga_detail,富久千代酒造有限会社／鹿島市／創業1899年,2026-07-07 23:33:16,2026-08-02 06:37:42,33.2641,130.3067,1899,0,0
7281,,隠岐酒造株式会社,隠岐酒造,,島根県,隠岐郡隠岐の島町,〒685-0027 島根県隠岐郡隠岐の島町原田174,1972,https://okishuzou.com/,sake,島根県隠岐郡隠岐の島町に位置する隠岐酒造株式会社は、昭和47年（1972年）に創業しました。隠岐の島には、環境省選定「名水百選」に選ばれた湧水が二カ所あり、清らかな仕込み水に恵まれています。杜氏の長年 培ってきた経験と技術、そしてコンピューターを利用した細心なデータ管理がうまく融合して、初めて「納得のいくお酒造り」が出来ると確信しています。伝統の技を守りつつ、現代の食文化に寄り添う高品質な美酒を醸し続けています。,0,draft,0.9,kumiai_shimane_detail,昭和47年に島内5つの蔵元が合併して設立,2026-07-07 23:33:16,2026-08-02 06:37:42,35.48,133.0516,1972,0,0
7282,,池月酒造株式会社,池月酒造,,島根県,邑智郡邑南町,〒696-0501 島根県邑智郡邑南町阿須那1-3,1910,https://ikezuki.com/,sake,島根県邑智郡邑南町に蔵を構える池月酒造株式会社は、明治43年（1910年）創業の歴史を誇る老舗酒蔵です。「この土地で酒を醸す意義」 ー全量地元産の酒米を使用ー 池月酒造では仕込み水と同じ水脈で、蔵から半径15km以内の 水田で育てられた酒米を使い酒造りをします。自然豊かなこの地域は水も豊かで、池月酒造では天然の湧き水を山中より 蔵内に引き込み、仕込み水として使っています。伝統の技を守りつつ、現代の食文化に寄り添う高品質な美酒を醸し続けています。,0,draft,0.9,kumiai_shimane_detail,〒696-0501 島根県邑智郡邑南町阿須那1-3,2026-07-07 23:33:16,2026-08-02 06:37:42,35.4817,133.0547,1910,0,0
7283,,株式会社桑原酒場,桑原酒場,,島根県,益田市,〒698-0043 島根県益田市中島町ロ171,1903,https://fusozuru.com/,sake,島根県益田市に蔵を構える株式会社桑原酒場は、明治36年（1903年）創業の歴史を誇る老舗酒蔵です。仕込み水には良質な中国山地・宍道湖水系伏流水（軟水）を使用し、出雲杜氏の伝統の技を受け継ぎながら、米の旨味を引き出す真摯な酒造りを追求しています。伝統の技を守りつつ、現代の食文化に寄り添う高品質な美酒を醸し続けています。,0,draft,0.9,kumiai_shimane_detail,創業1903年,2026-07-07 23:33:16,2026-08-02 06:37:42,35.4634,133.0578,1903,0,0
7284,,板倉酒造有限会社,板倉酒造,,島根県,出雲市,〒693-0021 島根県出雲市塩冶町468,1871,https://www.tenon.jp/,sake,島根県出雲市に蔵を構える板倉酒造有限会社は、明治4年（1871年）創業の歴史を誇る老舗酒蔵です。仕込み水には良質な中国山地・宍道湖水系伏流水（軟水）を使用し、出雲杜氏の伝統の技を受け継ぎながら、米の旨味を引き出す真摯な酒造りを追求しています。伝統の技を守りつつ、現代の食文化に寄り添う高品質な美酒を醸し続けています。,0,draft,0.9,kumiai_shimane_detail,明治4年創業,2026-07-07 23:33:16,2026-08-02 06:37:42,35.4651,133.0409,1871,0,0
7285,,若林酒造有限会社,若林酒造,,島根県,大田市,〒699-2511 島根県大田市温泉津町小浜ロ73,1910,https://www.kaishun.co.jp/,sake,島根県大田市に蔵を構える若林酒造有限会社は、明治43年（1910年）創業の歴史を誇る老舗酒蔵です。【若林酒造有限会社】島根県大田市温泉津町で日本酒開春を造っています 世界遺産温泉港・温泉津で 150年以上続く伝統的酒造り 世界遺産温泉港・温泉津で 150年以上続く伝統的酒造り 夏酒第二弾 夏の宵（なつのよい）うすにごり 発売。生酛 春のにごり 2026年度 開春吞みきり会 開催中止のお知らせ ２０２６年 ５/１８ 夏酒 九夏三伏 発売。伝統の技を守りつつ、現代の食文化に寄り添う高品質な美酒を醸し続けています。,0,draft,0.9,kumiai_shimane_detail,〒699-2511 島根県大田市温泉津町小浜ロ73,2026-07-07 23:33:16,2026-08-02 06:37:42,35.4668,133.044,1910,0,0
7286,,旭日酒造有限会社,旭日酒造,,島根県,出雲市,〒693-0001 島根県出雲市今市町662,1869,http://jujiasahi.co.jp/,sake,島根県出雲市に蔵を構える旭日酒造有限会社は、明治2年（1869年）創業の歴史を誇る老舗酒蔵です。そんな出雲の地で明治2年に創業した旭日酒造は、たくさんの商店が軒を連ねる街中にある小さな酒蔵です。雄大な自然に囲まれた出雲平野では、それぞれからの恵みを受けながら、人の営みと共に醸造の文化も育まれてきました。伝統の技を守りつつ、現代の食文化に寄り添う高品質な美酒を醸し続けています。,0,draft,0.9,kumiai_shimane_detail,明治2年創業,2026-07-07 23:33:16,2026-08-02 06:37:42,35.4685,133.0471,1869,0,0
7287,,富士酒造合資会社,富士酒造,,島根県,出雲市,〒693-0001 島根県出雲市今市町1403,1910,https://izumofuji.com/,sake,島根県出雲市に蔵を構える富士酒造合資会社は、明治43年（1910年）創業の歴史を誇る老舗酒蔵です。特別契約栽培の出雲産佐香錦を使用し、佐香錦の持つコクとキレを最大限に活かしました。出雲杜氏の伝統の吟醸造りを継承し、心地よい吟醸の風味が楽しめます。伝統の技を守りつつ、現代の食文化に寄り添う高品質な美酒を醸し続けています。,0,draft,0.9,kumiai_shimane_detail,〒693-0001 島根県出雲市今市町1403,2026-07-07 23:33:16,2026-08-02 06:37:42,35.4702,133.0502,1910,0,0
7288,,木次酒造株式会社,木次酒造,,島根県,雲南市,〒699-1332 島根県雲南市木次町木次477-1,1910,http://www.kisukisyuzou.com/,sake,島根県雲南市に蔵を構える木次酒造株式会社は、明治43年（1910年）創業の歴史を誇る老舗酒蔵です。お酒造りに使います仕込み水は蔵のすぐ近くの山に湧き出る岩清水を使い、お米もすべて当蔵があります雲南市内産を使っております。お酒が美味しくなる技術や製法、また必要と判断したものは積極的に取り入れています。伝統の技を守りつつ、現代の食文化に寄り添う高品質な美酒を醸し続けています。,0,draft,0.9,kumiai_shimane_detail,〒699-1332 島根県雲南市木次町木次477-1,2026-07-07 23:33:16,2026-08-02 06:37:42,35.4719,133.0533,1910,0,0
7289,,李白酒造有限会社,李白酒造,,島根県,松江市,〒690-0881 島根県松江市石橋町335,1882,https://rihaku.co.jp/,sake,島根県松江市に蔵を構える李白酒造有限会社は、明治15年（1882年）創業の歴史を誇る老舗酒蔵です。島根県松江市 李白酒造 RIHAKU Sake Brewing Company 島根県松江市 李白酒造 – 島根県松江市内にある李白酒造は、創業明治15年。出雲神話に出てくる酒造りの伝統、地方の食文化を後世に継承し、世界で愛される芳醇でまろやかな一杯を醸しつづけています。伝統の技を守りつつ、現代の食文化に寄り添う高品質な美酒を醸し続けています。,0,draft,0.9,kumiai_shimane_detail,1882年に創業,2026-07-07 23:33:16,2026-08-02 06:37:42,35.4736,133.0564,1882,0,0
7290,,米田酒造株式会社,米田酒造,,島根県,松江市,〒690-0842 島根県松江市東本町3-59,1896,https://www.toyonoaki.com/,sake,島根県松江市に蔵を構える米田酒造株式会社は、明治29年（1896年）創業の歴史を誇る老舗酒蔵です。代表銘柄「豊の秋」の名付けの通り、すべての五穀の豊穣を祈り食文化の創造に貢献します。これからも皆様に至福のひとときを提供できるよう、伝統技術を継承しつつ、より質の高い酒造りに邁進して参ります。伝統の技を守りつつ、現代の食文化に寄り添う高品質な美酒を醸し続けています。,0,draft,0.9,kumiai_shimane_detail,創業は明治29年,2026-07-07 23:33:16,2026-08-02 06:37:42,35.4753,133.0595,1896,0,0
7291,,奥出雲酒造株式会社,奥出雲酒造,,島根県,仁多郡奥出雲町,〒699-1701 島根県仁多郡奥出雲町亀嵩1380番地1,2004,http://okuizumosyuzou.com/,sake,島根県仁多郡奥出雲町に位置する奥出雲酒造株式会社は、平成16年（2004年）に創業しました。世界遺産は、国連食糧農業機関（FAO：本部・ローマ）が次世代に受け継ぐべき伝統的な農業や農村文化の保護を目的に、 世界的に貴重な農林水産業システムを認定するものです。世界遺産は、国連食糧農業機関（FAO：本部・ローマ）が次世代に受け継ぐべき伝統的な農業や農村文化の保護を目的に、 世界的に貴重な農林水産業システムを認定するものです。伝統の技を守りつつ、現代の食文化に寄り添う高品質な美酒を醸し続けています。,0,draft,0.9,kumiai_shimane_detail,平成16年新設蔵,2026-07-07 23:33:16,2026-08-02 06:37:42,35.477,133.0426,2004,0,0
7292,,青砥酒造株式会社,青砥酒造,,島根県,安来市,〒692-0623 島根県安来市広瀬町布部1164-4,1910,,sake,島根県安来市に蔵を構える青砥酒造株式会社は、明治43年（1910年）創業の歴史を誇る老舗酒蔵です。仕込み水には良質な中国山地・宍道湖水系伏流水（軟水）を使用し、出雲杜氏の伝統の技を受け継ぎながら、米の旨味を引き出す真摯な酒造りを追求しています。伝統の技を守りつつ、現代の食文化に寄り添う高品質な美酒を醸し続けています。,0,draft,0.85,kumiai_shimane_detail,〒692-0623 島根県安来市広瀬町布部1164-4,2026-07-07 23:33:16,2026-08-02 06:37:42,35.4787,133.0457,1910,0,0
7293,,吉田酒造株式会社,吉田酒造,,島根県,安来市,〒692-0404 島根県安来市広瀬町広瀬1216,1910,https://e-gassan.co.jp/,sake,島根県安来市に蔵を構える吉田酒造株式会社は、明治43年（1910年）創業の歴史を誇る老舗酒蔵です。この仕込み水は、江戸時代広瀬藩の歴代藩主がこの辺りで一番おいしいと愛飲し「不昧流茶道」で最高の水と言われた名水「お茶の水井戸」を復元して使用しています。この仕込み水は、江戸時代広瀬藩の歴代藩主がこの辺りで一番おいしいと愛飲し「不昧流茶道」で最高の水と言われた名水「お茶の水井戸」を復元して使用しています。伝統の技を守りつつ、現代の食文化に寄り添う高品質な美酒を醸し続けています。,0,draft,0.9,kumiai_shimane_detail,〒692-0404 島根県安来市広瀬町広瀬1216,2026-07-07 23:33:16,2026-08-02 06:37:42,35.4804,133.0488,1910,0,0
7294,,日本海酒造株式会社,日本海酒造,,島根県,浜田市,〒699-3224 島根県浜田市三隅町湊浦80,1888,https://kan-nihonkai.com/,sake,島根県浜田市に蔵を構える日本海酒造株式会社は、明治21年（1888年）創業の歴史を誇る老舗酒蔵です。酒造りに使用する酒米は五百万石を主に使っており、浜田市弥栄町の農家と契約栽培をし、最適な環境と澄んだ水で育った米を最大限に活かした日本酒を杜氏と蔵人が造り上げます。原材料名：米（国産）、米こうじ（国産米）、醸造アルコール 720ml［箱：有り］ 環日本海 大吟醸 荒波 山田錦を35％まで精米。伝統の技を守りつつ、現代の食文化に寄り添う高品質な美酒を醸し続けています。,0,draft,0.9,kumiai_shimane_detail,1888年 明治21年に創業,2026-07-07 23:33:16,2026-08-02 06:37:42,35.4821,133.0519,1888,0,0
7295,,都錦酒造株式会社,都錦酒造,,島根県,江津市,〒695-0016 島根県江津市嘉久志町イ1415番地,1884,https://miyakonishiki.jp/,sake,島根県江津市に蔵を構える都錦酒造株式会社は、明治17年（1884年）創業の歴史を誇る老舗酒蔵です。日本伝統の発酵調味料は、お料理にまろやかな風味や調和をもたらします。日本伝統の発酵調味料は、お料理にまろやかな風味や調和をもたらします。伝統の技を守りつつ、現代の食文化に寄り添う高品質な美酒を醸し続けています。,0,draft,0.9,kumiai_shimane_detail,明治17年に創業,2026-07-07 23:33:16,2026-08-02 06:37:42,35.4638,133.055,1884,0,0
7296,,株式会社酒持田本店,酒持田本店,,島根県,出雲市,〒691-0001 島根県出雲市平田町785,1877,https://www.sakemochida.jp/,sake,島根県出雲市に蔵を構える株式会社酒持田本店は、明治10年（1877年）創業の歴史を誇る老舗酒蔵です。現在の位置：トップ / 酒造り〜日本酒ができるまで〜 詳しい酒造りの工程から酒造りに関する用語集、酒持田本店のこだわりなどをご紹介します。杜氏をはじめとする蔵人たちの情熱と、熟練された技術により醸されて香り高く味わい深い日本酒へとかわっていくのです。伝統の技を守りつつ、現代の食文化に寄り添う高品質な美酒を醸し続けています。,0,draft,0.9,kumiai_shimane_detail,明治十年創業,2026-07-07 23:33:16,2026-08-02 06:37:42,35.4655,133.0581,1877,0,0
7297,,金鳳酒造有限会社,金鳳酒造,,島根県,安来市,〒692-0056 島根県安来市清井町343,1869,https://www.kinpo.jp/,sake,島根県安来市に蔵を構える金鳳酒造有限会社は、明治2年（1869年）創業の歴史を誇る老舗酒蔵です。兵庫県産の山田錦を40％精米し、吟醸造りしたお酒を自然滴下し1年以上低温熟成させたお酒です。※価格はすべて税込です 【2026年4月～販売】 暑気払 純米 ※価格はすべて税込です 金鳳 本醸造 (本醸造酒) 軽やかな口当たりと、すっきりとしたキレのある味わい。伝統の技を守りつつ、現代の食文化に寄り添う高品質な美酒を醸し続けています。,0,draft,0.9,kumiai_shimane_detail,明治2年創業,2026-07-07 23:33:16,2026-08-02 06:37:42,35.4672,133.0412,1869,0,0
7298,,古橋酒造株式会社,古橋酒造,,島根県,鹿足郡津和野町,〒699-5605 島根県鹿足郡津和野町後田ロ196,1910,https://uijin.net/,sake,島根県鹿足郡津和野町に蔵を構える古橋酒造株式会社は、明治43年（1910年）創業の歴史を誇る老舗酒蔵です。仕込み水には良質な中国山地・宍道湖水系伏流水（軟水）を使用し、出雲杜氏の伝統の技を受け継ぎながら、米の旨味を引き出す真摯な酒造りを追求しています。伝統の技を守りつつ、現代の食文化に寄り添う高品質な美酒を醸し続けています。,0,draft,0.9,kumiai_shimane_detail,〒699-5605 島根県鹿足郡津和野町後田ロ196,2026-07-07 23:33:16,2026-08-02 06:37:42,35.4689,133.0443,1910,0,0
7299,,簸上清酒合名会社,簸上清酒,,島根県,仁多郡奥出雲町,〒699-1832 島根県仁多郡奥出雲町横田1222,1910,https://sake-hikami.co.jp/,sake,島根県仁多郡奥出雲町に蔵を構える簸上清酒合名会社は、明治43年（1910年）創業の歴史を誇る老舗酒蔵です。江戸時代中期から酒造りを続ける簸上清酒と、この地で発見され日本酒の製造技術の発展に大きく貢献した泡無酵母。江戸時代中期から酒造りを続ける簸上清酒と、この地で発見され日本酒の製造技術の発展に大きく貢献した泡無酵母。伝統の技を守りつつ、現代の食文化に寄り添う高品質な美酒を醸し続けています。,0,draft,0.9,kumiai_shimane_detail,〒699-1832 島根県仁多郡奥出雲町横田1222,2026-07-07 23:33:16,2026-08-02 06:37:42,35.4706,133.0474,1910,0,0
7300,,玉櫻酒造有限会社,玉櫻酒造,,島根県,邑智郡邑南町,〒696-0404 島根県邑智郡邑南町原村148,1910,http://www.tamazakura.com/,sake,島根県邑智郡邑南町に蔵を構える玉櫻酒造有限会社は、明治43年（1910年）創業の歴史を誇る老舗酒蔵です。当初は一部のお酒に契約栽培米を使っていましたが、現在（2020年）は契約農家さんも増え、全てのお酒に地元産契約栽培米を使用しています。原料米由来の味の違いを楽しむため、できるだけ単一品種のお米で仕込んでいます。伝統の技を守りつつ、現代の食文化に寄り添う高品質な美酒を醸し続けています。,0,draft,0.9,kumiai_shimane_detail,〒696-0404 島根県邑智郡邑南町原村148,2026-07-07 23:33:16,2026-08-02 06:37:42,35.4723,133.0505,1910,0,0
7301,,加茂福酒造株式会社,加茂福酒造,,島根県,邑智郡邑南町,〒696-0102 島根県邑智郡邑南町中野2405,1910,http://www.kamofuku.co.jp/,sake,島根県邑智郡邑南町に蔵を構える加茂福酒造株式会社は、明治43年（1910年）創業の歴史を誇る老舗酒蔵です。仕込み水には良質な中国山地・宍道湖水系伏流水（軟水）を使用し、出雲杜氏の伝統の技を受け継ぎながら、米の旨味を引き出す真摯な酒造りを追求しています。伝統の技を守りつつ、現代の食文化に寄り添う高品質な美酒を醸し続けています。,0,draft,0.9,kumiai_shimane_detail,〒696-0102 島根県邑智郡邑南町中野2405,2026-07-07 23:33:16,2026-08-02 06:37:42,35.474,133.0536,1910,0,0
7302,,合資会社石州酒造,石州酒造,,島根県,鹿足郡津和野町,〒699-5605 島根県鹿足郡津和野町後田ロ221,1730,https://kasen1730.ocnk.net/,sake,島根県鹿足郡津和野町に蔵を構える合資会社石州酒造は、享保15年（1730年）創業の歴史を誇る老舗酒蔵です。華泉酒造は、日本の酒造りの伝統と技術を守りながら、新しい味わいや表現を追求しています。伝統の技を守りつつ、現代の食文化に寄り添う高品質な美酒を醸し続けています。,0,draft,0.9,kumiai_shimane_detail,創業は江戸中期1730年,2026-07-07 23:33:16,2026-08-02 06:37:42,35.4757,133.0567,1730,0,0
7303,,株式会社岡田屋本店,岡田屋本店,,島根県,益田市,〒698-0011 島根県益田市染羽町5-7,1910,https://www.kikuyasaka.co.jp/,sake,島根県益田市に蔵を構える株式会社岡田屋本店は、明治43年（1910年）創業の歴史を誇る老舗酒蔵です。初代が酒造りを思い立ったのは、明治維新という激変の社会の中で、平凡に生きる人々の悲しみと喜びをつぶさに見たことがきっかけだったようです。伝統の技を守りつつ、現代の食文化に寄り添う高品質な美酒を醸し続けています。,0,draft,0.9,kumiai_shimane_detail,〒698-0011 島根県益田市染羽町5-7,2026-07-07 23:33:16,2026-08-02 06:37:42,35.4774,133.0598,1910,0,0
7304,,株式会社田部竹下酒造,田部竹下酒造,,島根県,雲南市,〒690-2701 島根県雲南市掛合町掛合955-1,2022,https://www.tanabe-takeshita.com,sake,島根県雲南市に位置する株式会社田部竹下酒造は、令和4年（2022年）に創業しました。庄屋を務めていた竹下家が田部家から酒造の権利を譲り受け、屋号を「宮中屋」と称し醸造を始めたのは慶応二年（1866年）。同年11月7日に仕込みを始め、2023年1月に新たな酒「奥出雲前綿屋試験醸造」を発表。伝統の技を守りつつ、現代の食文化に寄り添う高品質な美酒を醸し続けています。,0,draft,0.9,kumiai_shimane_detail,2022年6月に開業,2026-07-07 23:33:16,2026-08-02 06:37:42,35.4791,133.0429,2022,0,0
7305,,一宮酒造有限会社,一宮酒造,,島根県,大田市,〒694-0064 島根県大田市大田町大田ハ271-2,1910,https://www.ichinomiya-s.jp/,sake,島根県大田市に蔵を構える一宮酒造有限会社は、明治43年（1910年）創業の歴史を誇る老舗酒蔵です。大学4年間で醸造学について学び、卒業後家業を継ぐべく大田市へ戻る。当社では良質の酒米はもちろん、特に水にこだわり、雄大な三瓶山の麓から湧き出る伏流水を仕込みに使用しております。伝統の技を守りつつ、現代の食文化に寄り添う高品質な美酒を醸し続けています。,0,draft,0.9,kumiai_shimane_detail,〒694-0064 島根県大田市大田町大田ハ271-2,2026-07-07 23:33:16,2026-08-02 06:37:42,35.4808,133.046,1910,0,0
7306,,株式会社赤名酒造,赤名酒造,,島根県,飯石郡飯南町,〒690-3511 島根県飯石郡飯南町赤名23,1910,https://kinunomine.localinfo.jp/,sake,島根県飯石郡飯南町に蔵を構える株式会社赤名酒造は、明治43年（1910年）創業の歴史を誇る老舗酒蔵です。仕込み水には良質な中国山地・宍道湖水系伏流水（軟水）を使用し、出雲杜氏の伝統の技を受け継ぎながら、米の旨味を引き出す真摯な酒造りを追求しています。伝統の技を守りつつ、現代の食文化に寄り添う高品質な美酒を醸し続けています。,0,draft,0.9,kumiai_shimane_detail,〒690-3511 島根県飯石郡飯南町赤名23,2026-07-07 23:33:16,2026-08-02 06:37:42,35.4625,133.0491,1910,0,0
7307,,株式会社財間酒場,財間酒場,,島根県,鹿足郡津和野町,〒699-5612 島根県鹿足郡津和野町中座ロ34,1910,https://www.zaimasakaba.com/,sake,島根県鹿足郡津和野町に蔵を構える株式会社財間酒場は、明治43年（1910年）創業の歴史を誇る老舗酒蔵です。財間酒場 公式ウェブサイト top of page ZAIMA SAKABA財間酒場 ZAIMA SAKABA200年の伝統とこだわりの味財間酒場とは。会社情報​伝統と挑戦の味財間酒場は、寛政3年（西暦1791年）創業。伝統の技を守りつつ、現代の食文化に寄り添う高品質な美酒を醸し続けています。,0,draft,0.9,kumiai_shimane_detail,〒699-5612 島根県鹿足郡津和野町中座ロ34,2026-07-07 23:33:16,2026-08-02 06:37:42,35.4642,133.0522,1910,0,0
7308,,右田本店株式会社,右田本店,,島根県,益田市,〒698-0005 島根県益田市本町3-30,1602,https://migitahonten.com/,sake,島根県益田市に蔵を構える右田本店株式会社は、慶長7年（1602年）創業の歴史を誇る老舗酒蔵です。創業400年を越える歴史と技術を活かした ウイスキー・スピリッツ・リキュールのOEMを承ります。右田ウイスキー2銘柄が世界三大酒類品評会「IWSC 2025」でシルバーメダル獲得 【オリンピックおりーぶ東戸塚店】で試飲販売会を行います。伝統の技を守りつつ、現代の食文化に寄り添う高品質な美酒を醸し続けています。,0,draft,0.9,kumiai_shimane_detail,1602年の創業,2026-07-07 23:33:16,2026-08-02 06:37:42,35.4659,133.0553,1602,0,0
7336,,井上清吉商店,井上清吉商店,,栃木県,宇都宮市,栃木県宇都宮市白沢町1901-1,1868,http://sawahime.co.jp/,sake,栃木県宇都宮市に蔵を構える井上清吉商店は、明治元年（1868年）創業の歴史を誇る老舗酒蔵です。ふるさと栃木の米と水にこだわり、この土地ならではの酒を醸す。ふるさと栃木の米と水にこだわり、この土地ならではの酒を醸す。伝統の技を守りつつ、現代の食文化に寄り添う高品質な美酒を醸し続けています。,0,draft,0.8,kumiai_tochigi_detail,創業1868年（明治元年）、栃木県宇都宮市白沢町1901-1,2026-07-07 23:33:16,2026-08-02 06:37:42,36.5669,139.8752,1868,0,0
7337,,飯沼銘醸,飯沼銘醸,,栃木県,栃木市,栃木県栃木市西方町元850,1811,https://www.iinumameijo.com/,sake,栃木県栃木市に蔵を構える飯沼銘醸は、文化8年（1811年）創業の歴史を誇る老舗酒蔵です。高度な伝統技術で時間をかけ丁寧にお造りしております。代表取締役社長　飯沼 徹典 真名子の里　真名子の八水のひとつ八百比丘尼伝説の中で八重姫が自分の姿を写した池と伝えられる男丸の鏡水（姿見の池）から由来しています。伝統の技を守りつつ、現代の食文化に寄り添う高品質な美酒を醸し続けています。,0,draft,0.9,kumiai_tochigi_detail,創業1811年（文化8年）、栃木県栃木市西方町元850,2026-07-07 23:33:16,2026-08-02 06:37:42,36.5686,139.8783,1811,0,0
7338,,吉井酒造,吉井酒造,,栃木県,佐野市,栃木県佐野市金屋下町2445,1874,,sake,栃木県佐野市に蔵を構える吉井酒造は、明治7年（1874年）創業の歴史を誇る老舗酒蔵です。仕込み水には良質な那須連山・日光連山清冽伏流水（超軟水）を使用し、下野杜氏・南部杜氏の伝統の技を受け継ぎながら、米の旨味を引き出す真摯な酒造りを追求しています。伝統の技を守りつつ、現代の食文化に寄り添う高品質な美酒を醸し続けています。,0,draft,0.65,kumiai_tochigi_detail,創業1874年（明治7年）、栃木県佐野市金屋下町2445,2026-07-07 23:33:16,2026-08-02 06:37:42,36.5703,139.8814,1874,0,0
7339,,菊の里酒造,菊の里酒造,,栃木県,大田原市,栃木県大田原市片府田302,1866,http://www.daina-sake.net/,sake,栃木県大田原市に蔵を構える菊の里酒造は、慶応2年（1866年）創業の歴史を誇る老舗酒蔵です。酒造りに最適な水を求めた初代蔵元の阿久津傳一郎は慶応2 年、この地で井戸を掘り当てました。「大那」は８日間で酵母育成が完成する中温速醸と江戸古来の技法による生酛造りの２種類の技法を採用しております。伝統の技を守りつつ、現代の食文化に寄り添う高品質な美酒を醸し続けています。,0,draft,0.9,kumiai_tochigi_detail,創業1866年（慶応2年）、栃木県大田原市片府田302,2026-07-07 23:33:16,2026-08-02 06:37:42,36.572,139.8845,1866,0,0
7340,,外池酒造店,外池酒造店,,栃木県,芳賀郡益子町,栃木県芳賀郡益子町大字塙333-1,1937,https://tonoike.jp/,sake,栃木県芳賀郡益子町に位置する外池酒造店は、昭和12年（1937年）に創業しました。English website 外池AUTHENTIC どぶろく・益子の炎（焼酎） スイーツ・食品・燦爛グッズ English website 外池酒造店は1937年（昭和12年）創業。外池家の歴史を辿ると、江戸時代の1829年（文政12年）に近江商人が栃木に来て造り酒屋を創業したことに始まります。伝統の技を守りつつ、現代の食文化に寄り添う高品質な美酒を醸し続けています。,0,draft,0.85,kumiai_tochigi_detail,創業1937年（昭和12年）、栃木県芳賀郡益子町大字塙333-1,2026-07-07 23:33:16,2026-08-02 06:37:42,36.5737,139.8876,1937,0,0
7341,,富川酒造店,富川酒造店,,栃木県,矢板市,栃木県矢板市大槻998,1913,http://www.kubun.jp/,sake,栃木県矢板市に蔵を構える富川酒造店は、大正2年（1913年）創業の歴史を誇る老舗酒蔵です。食材の特性を活かした加工法と、安全性を考慮した製造に努め、 日本酒の提供を通して地域の伝統や文化の継承を心がけてまいります。伝統の日本酒製造を今の時代にも守り続ける蔵人の手により、 富川酒造店の日本酒が造り出されています。伝統の技を守りつつ、現代の食文化に寄り添う高品質な美酒を醸し続けています。,0,draft,0.7,kumiai_tochigi_detail,創業1913年（大正2年）、栃木県矢板市大槻998,2026-07-07 23:33:16,2026-08-02 06:37:42,36.5754,139.8907,1913,0,0
7342,,北関酒造,北関酒造,,栃木県,栃木市,栃木県栃木市田村町480,1973,http://www.hokkansyuzou.co.jp/,sake,栃木県栃木市に位置する北関酒造は、昭和48年（1973年）に創業しました。これからも先代たちが残してくれた「唯一無二」の繊細な匠の技術と最新の技術を交えながら、お客さまはもちろん、社員やその家族の未来のために、より一層がんばってまいります。伝統の技術と安全・安心な品質管理 北関酒造設立の1973年当初、新潟の杜氏たちと共に酒造りをすることから、弊社の歴史は始まりました。伝統の技を守りつつ、現代の食文化に寄り添う高品質な美酒を醸し続けています。,0,draft,0.85,kumiai_tochigi_detail,創業1973年（昭和48年）、栃木県栃木市田村町480,2026-07-07 23:33:16,2026-08-02 06:37:42,36.5571,139.8738,1973,0,0
7343,,相良酒造,相良酒造,,栃木県,栃木市,栃木県栃木市岩舟町大字静3624,1831,https://asahisakae.com/,sake,栃木県栃木市に蔵を構える相良酒造は、天保2年（1831年）創業の歴史を誇る老舗酒蔵です。天保2年（1831年）、相良與平により創業。越後国刈羽郡（現在の新潟県柏崎市）に生まれた初代與平は、自身が理想とする酒造りに適した水を探し求めて現在の地に辿り着き、そこで相良彦四郎の名跡を継いで酒造業を始めたと伝えられています。伝統の技を守りつつ、現代の食文化に寄り添う高品質な美酒を醸し続けています。,0,draft,0.9,kumiai_tochigi_detail,創業1831年（天保2年）、栃木県栃木市岩舟町大字静3624,2026-07-07 23:33:16,2026-08-02 06:37:42,36.5588,139.8769,1831,0,0
7344,,若駒酒造,若駒酒造,,栃木県,小山市,栃木県小山市大字小薬169,1860,,sake,栃木県小山市に蔵を構える若駒酒造は、万延元年（1860年）創業の歴史を誇る老舗酒蔵です。仕込み水には良質な那須連山・日光連山清冽伏流水（超軟水）を使用し、下野杜氏・南部杜氏の伝統の技を受け継ぎながら、米の旨味を引き出す真摯な酒造りを追求しています。伝統の技を守りつつ、現代の食文化に寄り添う高品質な美酒を醸し続けています。,0,draft,0.65,kumiai_tochigi_detail,創業1860年（万延元年）、栃木県小山市大字小薬169,2026-07-07 23:33:16,2026-08-02 06:37:42,36.5605,139.88,1860,0,0
7345,,片山酒造,片山酒造,,栃木県,日光市,栃木県日光市瀬川146ー2,1880,http://www.kashiwazakari.com/,sake,栃木県日光市に蔵を構える片山酒造は、明治13年（1880年）創業の歴史を誇る老舗酒蔵です。仕込み水には良質な那須連山・日光連山清冽伏流水（超軟水）を使用し、下野杜氏・南部杜氏の伝統の技を受け継ぎながら、米の旨味を引き出す真摯な酒造りを追求しています。伝統の技を守りつつ、現代の食文化に寄り添う高品質な美酒を醸し続けています。,0,draft,0.9,kumiai_tochigi_detail,創業1880年（明治13年）、栃木県日光市瀬川146ー2,2026-07-07 23:33:16,2026-08-02 06:37:42,36.5622,139.8831,1880,0,0
7346,,三福酒造,三福酒造,,栃木県,小山市,栃木県小山市大字南小林87,1896,,sake,栃木県小山市に蔵を構える三福酒造は、明治29年（1896年）創業の歴史を誇る老舗酒蔵です。仕込み水には良質な那須連山・日光連山清冽伏流水（超軟水）を使用し、下野杜氏・南部杜氏の伝統の技を受け継ぎながら、米の旨味を引き出す真摯な酒造りを追求しています。伝統の技を守りつつ、現代の食文化に寄り添う高品質な美酒を醸し続けています。,0,draft,0.6,kumiai_tochigi_detail,創業1896年（明治29年）、栃木県小山市大字南小林87,2026-07-07 23:33:16,2026-08-02 06:37:40,36.5639,139.8862,1896,0,0
7347,,せんきん,せんきん,,栃木県,さくら市,栃木県さくら市馬場106,1806,http://senkin.co.jp/,sake,栃木県さくら市に蔵を構えるせんきんは、文化3年（1806年）創業の歴史を誇る老舗酒蔵です。亀の尾　原原種について 日本の酒造が積み重ねてきた技法のほとんどは、 江戸時代に確立されたもの。現代のおいしい日本酒は、 ほぼ江戸時代に生まれた高度な技法でつくられています。伝統の技を守りつつ、現代の食文化に寄り添う高品質な美酒を醸し続けています。,0,draft,0.85,kumiai_tochigi_detail,創業1806年（文化3年）、栃木県さくら市馬場106,2026-07-07 23:33:16,2026-08-02 06:37:42,36.5656,139.8893,1806,0,0
7348,,松井酒造店,松井酒造店,,栃木県,塩谷郡塩谷町,栃木県塩谷郡塩谷町大字船生3683,1865,https://www.matsunokotobuki.jp/,sake,栃木県塩谷郡塩谷町に蔵を構える松井酒造店は、慶応元年（1865年）創業の歴史を誇る老舗酒蔵です。「松」と「寿」二つのおめでたい言葉が重なる銘柄「松の寿」をお選びいただけたら幸いです。酒と塩の浄め水を発売 2023/1/21(土）ミヤラジ出演 WAKAZE三軒茶屋醸造所 在庫状況【2018.2.25更新】 満喫とちぎ日和　とちぎテレビ出演 未成年者の飲酒は法律で禁じられています。伝統の技を守りつつ、現代の食文化に寄り添う高品質な美酒を醸し続けています。,0,draft,0.85,kumiai_tochigi_detail,創業1865年（慶応元年）、栃木県塩谷郡塩谷町大字船生3683,2026-07-07 23:33:16,2026-08-02 06:37:42,36.5673,139.8924,1865,0,0
7349,,宇都宮酒造,宇都宮酒造,,栃木県,宇都宮市,栃木県宇都宮市柳田町248,1871,https://shikisakura.co.jp/,sake,栃木県宇都宮市に蔵を構える宇都宮酒造は、明治4年（1871年）創業の歴史を誇る老舗酒蔵です。仕込み水には良質な那須連山・日光連山清冽伏流水（超軟水）を使用し、下野杜氏・南部杜氏の伝統の技を受け継ぎながら、米の旨味を引き出す真摯な酒造りを追求しています。伝統の技を守りつつ、現代の食文化に寄り添う高品質な美酒を醸し続けています。,0,draft,0.85,kumiai_tochigi_detail,創業1871年（明治4年）、栃木県宇都宮市柳田町248,2026-07-07 23:33:16,2026-08-02 06:37:42,36.569,139.8755,1871,0,0
7350,,森戸酒造,森戸酒造,,栃木県,矢板市,栃木県矢板市東泉645,1874,https://morito-brewery.com/,sake,栃木県矢板市に蔵を構える森戸酒造は、明治7年（1874年）創業の歴史を誇る老舗酒蔵です。秋には稲が実り、春には蛙が鳴き夏には蛍が舞う田園風景の中、米作りから拘りながらも、歴史と伝統に縛られることなく挑戦を続ける酒蔵です。杜氏として昔から守るべき技術を守り、最新技術からも目をそらさずにしっかり向き合い、日々ひたむきに酒造りに取り組んでいます。伝統の技を守りつつ、現代の食文化に寄り添う高品質な美酒を醸し続けています。,0,draft,0.85,kumiai_tochigi_detail,創業1874年（明治7年）、栃木県矢板市東泉645,2026-07-07 23:33:16,2026-08-02 06:37:42,36.5707,139.8786,1874,0,0
7351,,第一酒造株式会社,第一酒造,,栃木県,佐野市,栃木県佐野市田島町488,1673,https://www.sakekaika.co.jp/,sake,栃木県佐野市に蔵を構える第一酒造株式会社は、延宝元年（1673年）創業の歴史を誇る老舗酒蔵です。杜氏資格の国家検定制度「酒造一級技能士」5名。明治44年以来、世界に誇る日本酒醸造技術伝承の目的で主に国主催で行われてきました。伝統の技を守りつつ、現代の食文化に寄り添う高品質な美酒を醸し続けています。,0,draft,0.85,kumiai_tochigi_detail,創業1673年（延宝元年）、栃木県佐野市田島町488,2026-07-07 23:33:16,2026-08-02 06:37:42,36.5724,139.8817,1673,0,0
7352,,渡邉酒造,渡邉酒造,,栃木県,大田原市,栃木県大田原市須佐木797-1,1892,,sake,栃木県大田原市に蔵を構える渡邉酒造は、明治25年（1892年）創業の歴史を誇る老舗酒蔵です。仕込み水には良質な那須連山・日光連山清冽伏流水（超軟水）を使用し、下野杜氏・南部杜氏の伝統の技を受け継ぎながら、米の旨味を引き出す真摯な酒造りを追求しています。伝統の技を守りつつ、現代の食文化に寄り添う高品質な美酒を醸し続けています。,0,draft,0.65,kumiai_tochigi_detail,創業1892年（明治25年）、栃木県大田原市須佐木797-1,2026-07-07 23:33:16,2026-08-02 06:37:42,36.5741,139.8848,1892,0,0
7353,,杉田酒造,杉田酒造,,栃木県,小山市,栃木県小山市大字上泉237,1876,http://sugitasyuzou.co.jp/index.html,sake,栃木県小山市に蔵を構える杉田酒造は、明治9年（1876年）創業の歴史を誇る老舗酒蔵です。静かな田園風景広がる「上泉（かみいずみ）」に明治初期に初代「杉田房吉（ふさきち）」が新潟より移り、始めたのが杉田酒造です。酒のコンセプトは「日本酒らしい日本酒」 明治6年（1873年）4月に初代「杉田房吉(ふさきち）」が新潟県中越より移り創業。伝統の技を守りつつ、現代の食文化に寄り添う高品質な美酒を醸し続けています。,0,draft,0.65,kumiai_tochigi_detail,創業1876年（明治6年）、栃木県小山市大字上泉237,2026-07-07 23:33:16,2026-08-02 06:37:42,36.5558,139.8879,1876,0,0
7354,,島崎酒造,島崎酒造,,栃木県,那須烏山市,栃木県那須烏山市中央1-11-18,1849,https://azumarikishi.co.jp/,sake,"栃木県那須烏山市に蔵を構える島崎酒造は、嘉永2年（1849年）創業の歴史を誇る老舗酒蔵です。取り組んで負けぬ銘酒や 東力士 嘉永二年（1849年）に初代島崎彦兵衛が創業した”清酒 東力士""。Azumarikishi 取組でまけぬ銘酒や東力士 嘉永二年（1849年）、初代島崎彦兵衛が下野国芳賀郡中川村（現在栃木県茂木町）で創業。伝統の技を守りつつ、現代の食文化に寄り添う高品質な美酒を醸し続けています。",0,draft,0.9,kumiai_tochigi_detail,創業1849年（嘉永2年）、栃木県那須烏山市中央1-11-18,2026-07-07 23:33:16,2026-08-02 06:37:42,36.5575,139.891,1849,0,0
7355,,渡辺佐平商店,渡辺佐平商店,,栃木県,日光市,栃木県日光市今市450,1842,https://www.watanabesahei.co.jp/,sake,栃木県日光市に蔵を構える渡辺佐平商店は、天保13年（1842年）創業の歴史を誇る老舗酒蔵です。仕込み水には良質な那須連山・日光連山清冽伏流水（超軟水）を使用し、下野杜氏・南部杜氏の伝統の技を受け継ぎながら、米の旨味を引き出す真摯な酒造りを追求しています。伝統の技を守りつつ、現代の食文化に寄り添う高品質な美酒を醸し続けています。,0,draft,0.9,kumiai_tochigi_detail,創業1842年（天保13年）、栃木県日光市今市450,2026-07-07 23:33:16,2026-08-02 06:37:40,36.5592,139.8741,1842,0,0
7356,,西堀酒造,西堀酒造,,栃木県,小山市,栃木県小山市大字粟宮1452,1872,https://nishiborisyuzo.com/,sake,栃木県小山市に蔵を構える西堀酒造は、明治5年（1872年）創業の歴史を誇る老舗酒蔵です。西堀酒造｜若盛 門外不出 醸造元／日光街道小山蒸溜所 栃木県小山市の酒蔵。→受賞歴へ 最高齢プロフェッショナルの教え（徳間文庫）に登場する故・継枝杜氏の技術を土台とする伝統的な製法から、常識に囚われない革新的な製法まで、美味しさとともに驚きと感動を届ける「自由闊達なる酒造り」を目指します。伝統の技を守りつつ、現代の食文化に寄り添う高品質な美酒を醸し続けています。,0,draft,0.8,kumiai_tochigi_detail,創業1872年（明治5年）、栃木県小山市大字粟宮1452,2026-07-07 23:33:16,2026-08-02 06:37:42,36.5609,139.8772,1872,0,0
7357,,虎屋本店,虎屋本店,,栃木県,宇都宮市,栃木県宇都宮市本町4番12号,1788,https://toratora.co.jp/,sake,栃木県宇都宮市に蔵を構える虎屋本店は、天明8年（1788年）創業の歴史を誇る老舗酒蔵です。現在、弊社の代表銘柄「七水」・「菊」にて栃木県内を中心に、県外、海外に商品を出荷しております。伝統の技を守りつつ、現代の食文化に寄り添う高品質な美酒を醸し続けています。,0,draft,0.85,kumiai_tochigi_detail,創業1788年（天明8年）、栃木県宇都宮市本町4番12号,2026-07-07 23:33:16,2026-08-02 06:37:42,36.5626,139.8803,1788,0,0
7358,,白相酒造,白相酒造,,栃木県,那須郡那珂川町,栃木県那須郡那珂川町小川715ー2,1907,https://shiraso.com/,sake,栃木県那須郡那珂川町に蔵を構える白相酒造は、明治40年（1907年）創業の歴史を誇る老舗酒蔵です。当蔵は明治後期創業の「地」にこだわりの酒蔵です。小さな蔵ですが、地元農産品を使用しながら、お客様にお喜びいただける特徴あるこだわりの商品創りと、誠実な酒造りに努めて参ります。伝統の技を守りつつ、現代の食文化に寄り添う高品質な美酒を醸し続けています。,0,draft,0.9,kumiai_tochigi_detail,創業1907年（明治40年）、栃木県那須郡那珂川町小川715ー2,2026-07-07 23:33:16,2026-08-02 06:37:42,36.5643,139.8834,1907,0,0
7359,,小林酒造,小林酒造,,栃木県,小山市,栃木県小山市大字卒島743-1,1872,https://hououbiden.jp/,sake,栃木県小山市に蔵を構える小林酒造は、明治5年（1872年）創業の歴史を誇る老舗酒蔵です。日光山系の豊富な地下水や、雄大で繊細な自然の恩恵を受け、創業明治5年以来、150年にわたり酒造りを続けています。鳳凰美田 醸造元小林酒造について紹介いたします。伝統の技を守りつつ、現代の食文化に寄り添う高品質な美酒を醸し続けています。,0,draft,1.0,kumiai_tochigi_detail,創業1872年（明治5年）、栃木県小山市大字卒島743-1,2026-07-07 23:33:16,2026-08-02 06:37:42,36.566,139.8865,1872,0,0
7360,,惣誉酒造,惣誉酒造,,栃木県,芳賀郡市貝町,栃木県芳賀郡市貝町大字上根539,1872,https://sohomare.co.jp/,sake,栃木県芳賀郡市貝町に蔵を構える惣誉酒造は、明治5年（1872年）創業の歴史を誇る老舗酒蔵です。惣譽では、2001年より生酛に取り組み、味わいの理想の実現に情熱を注いできました。オリジナリティあふれる惣譽の生酛は、日本酒の一つのこたえです。伝統の技を守りつつ、現代の食文化に寄り添う高品質な美酒を醸し続けています。,0,draft,0.8,kumiai_tochigi_detail,創業1872年（明治5年）、栃木県芳賀郡市貝町大字上根539,2026-07-07 23:33:16,2026-08-02 06:37:42,36.5677,139.8896,1872,0,0
7361,,株式会社辻善兵衛商店,辻善兵衛商店,,栃木県,真岡市,栃木県真岡市田町1041-1,1754,https://nextftp.com/dotcom/sakuragawa/,sake,栃木県真岡市に蔵を構える株式会社辻善兵衛商店は、宝暦4年（1754年）創業の歴史を誇る老舗酒蔵です。仕込み水には良質な那須連山・日光連山清冽伏流水（超軟水）を使用し、下野杜氏・南部杜氏の伝統の技を受け継ぎながら、米の旨味を引き出す真摯な酒造りを追求しています。伝統の技を守りつつ、現代の食文化に寄り添う高品質な美酒を醸し続けています。,0,draft,0.85,kumiai_tochigi_detail,創業1754年（宝暦4年）、栃木県真岡市田町1041-1,2026-07-07 23:33:16,2026-08-02 06:37:42,36.5694,139.8927,1754,0,0
7362,,天鷹酒造,天鷹酒造,,栃木県,大田原市,栃木県大田原市蛭畑2166,1914,https://www.tentaka.co.jp/,sake,栃木県大田原市に蔵を構える天鷹酒造は、大正3年（1914年）創業の歴史を誇る老舗酒蔵です。天鷹酒造のこだわりは、 「美味しい・安心・楽しい」酒造り。自然と共にある伝統の味は 天鷹の自信と誇りです。伝統の技を守りつつ、現代の食文化に寄り添う高品質な美酒を醸し続けています。,0,draft,0.9,kumiai_tochigi_detail,創業1914年（大正3年）、栃木県大田原市蛭畑2166,2026-07-07 23:33:16,2026-08-02 06:37:42,36.5711,139.8758,1914,0,0
7363,,池島酒造,池島酒造,,栃木県,大田原市,栃木県大田原市下石上1227,1907,http://www.ikenishiki.co.jp/,sake,栃木県大田原市に蔵を構える池島酒造は、明治40年（1907年）創業の歴史を誇る老舗酒蔵です。仕込み水には良質な那須連山・日光連山清冽伏流水（超軟水）を使用し、下野杜氏・南部杜氏の伝統の技を受け継ぎながら、米の旨味を引き出す真摯な酒造りを追求しています。伝統の技を守りつつ、現代の食文化に寄り添う高品質な美酒を醸し続けています。,0,draft,0.65,kumiai_tochigi_detail,創業1907年（明治40年）、栃木県大田原市下石上1227,2026-07-07 23:33:16,2026-08-02 06:37:42,36.5728,139.8789,1907,0,0
7364,,小島酒造店,小島酒造店,,栃木県,塩谷郡塩谷町,栃木県塩谷郡塩谷町大字風見1185,1937,https://r.goope.jp/kojimashuzou/,sake,栃木県塩谷郡塩谷町に位置する小島酒造店は、昭和12年（1937年）に創業しました。先代までの技術・歴史の伝承を引き継ぎ、今までの「小島酒造店/かんなびの里」から、 現在の「小島酒造店/かんなびの里」、そして未来の「小島酒造店/かんなびの里」へ。伝統の技を守りつつ、現代の食文化に寄り添う高品質な美酒を醸し続けています。,0,draft,0.8,kumiai_tochigi_detail,創業1937年（昭和12年）、栃木県塩谷郡塩谷町大字風見1185,2026-07-07 23:33:16,2026-08-02 06:37:42,36.5745,139.882,1937,0,0
7396,,有限会社山根酒造場,山根酒造場,,鳥取県,鳥取市青谷町,〒689-0518 鳥取県鳥取市青谷町大坪249,1887,https://hiokizakura.jp/,sake,鳥取県鳥取市青谷町に蔵を構える有限会社山根酒造場は、明治20年（1887年）創業の歴史を誇る老舗酒蔵です。ワインも日本酒も醸造酒であり 素材の品質が味に大きく影響します。←計40文字 ©Hiokizakura 蔵元あいさつ | 日置桜 Skip to content 生酛純米酒「本懐の盃」 魔女の発酵漬けクリーム その昔、酒を醸造することを「かむ」と言ったそうです。伝統の技を守りつつ、現代の食文化に寄り添う高品質な美酒を醸し続けています。,0,draft,0.95,kumiai_tottori_detail,（有）山根酒造場、〒689-0518 鳥取県鳥取市青谷町大坪249,2026-07-07 23:33:16,2026-08-02 06:37:42,35.5043,134.2327,1887,0,0
7397,,有限会社高田酒造場,高田酒造場,,鳥取県,岩美郡岩美町,〒681-0003 鳥取県岩美郡岩美町浦富1694,1907,,sake,鳥取県岩美郡岩美町に蔵を構える有限会社高田酒造場は、明治40年（1907年）創業の歴史を誇る老舗酒蔵です。仕込み水には良質な大山山系天然伏流水（軟水）を使用し、出雲杜氏の伝統の技を受け継ぎながら、米の旨味を引き出す真摯な酒造りを追求しています。伝統の技を守りつつ、現代の食文化に寄り添う高品質な美酒を醸し続けています。,0,draft,0.9,kumiai_tottori_detail,（有）高田酒造場、〒681-0003 鳥取県岩美郡岩美町浦富1694,2026-07-07 23:33:16,2026-08-02 06:37:42,35.506,134.2358,1907,0,0
7398,,福羅酒造株式会社,福羅酒造,,鳥取県,東伯郡湯梨浜町,〒689-0711 鳥取県東伯郡湯梨浜町松崎448,1889,http://fukurashuzo.co.jp,sake,鳥取県東伯郡湯梨浜町に蔵を構える福羅酒造株式会社は、明治22年（1889年）創業の歴史を誇る老舗酒蔵です。伝統を重ねていくこれまでの姿勢は変えず、鳥取県の一番星になる為に、私たちは酒造りを追求し続けます。伝統の技を守りつつ、現代の食文化に寄り添う高品質な美酒を醸し続けています。,0,draft,0.95,flagged_brewery_review_2026,旧ドメインfukura-syuzou.comはmeta refreshで新ドメインfukurashuzo.co.jpへ自動転送(正式移転、乗っ取りではない)。,2026-07-07 23:33:16,2026-08-02 06:37:42,35.5077,134.2389,1889,0,0
7399,,久米櫻酒造有限会社,久米櫻酒造,,鳥取県,西伯郡伯耆町,〒689-4108 鳥取県西伯郡伯耆町丸山1740-50,1855,http://g-beer.jp/,sake,鳥取県西伯郡伯耆町に蔵を構える久米櫻酒造有限会社は、安政2年（1855年）創業の歴史を誇る老舗酒蔵です。大山Gビール醸造開始29周年記念【悠々G滴（ゆうゆうじてき）】の発売開始です おすすめ限定セット【八郷乾杯 セット】の発売開始です。“大山の自然を感じてもらいたい”との想いから、大山ブルワリーは、お客様に醸造所周辺の原料見学をご提供できるような企画を考えています。伝統の技を守りつつ、現代の食文化に寄り添う高品質な美酒を醸し続けています。,0,draft,0.95,kumiai_tottori_detail,久米櫻酒造（有）、〒689-4108 鳥取県西伯郡伯耆町丸山1740-50,2026-07-07 23:33:16,2026-08-02 06:37:42,35.5094,134.242,1855,0,0
7400,,株式会社稲田本店,稲田本店,,鳥取県,米子市夜見町,〒683-0851 鳥取県米子市夜見町325-16,1673,https://inata.co.jp/,sake,鳥取県米子市夜見町に蔵を構える株式会社稲田本店は、延宝元年（1673年）創業の歴史を誇る老舗酒蔵です。仕込み水には良質な大山山系天然伏流水（軟水）を使用し、出雲杜氏の伝統の技を受け継ぎながら、米の旨味を引き出す真摯な酒造りを追求しています。伝統の技を守りつつ、現代の食文化に寄り添う高品質な美酒を醸し続けています。,0,draft,0.95,kumiai_tottori_detail,（株）稲田本店、〒683-0851 鳥取県米子市夜見町325-16,2026-07-07 23:33:16,2026-08-02 06:37:42,35.4911,134.2251,1673,0,0
7401,,中井酒造株式会社,中井酒造,,鳥取県,倉吉市,〒682-0856 鳥取県倉吉市中河原555,1877,https://nakaishuzo.co.jp/,sake,鳥取県倉吉市に蔵を構える中井酒造株式会社は、明治10年（1877年）創業の歴史を誇る老舗酒蔵です。明治10年の創業以来、米と水にこだわりを持って真面目に丁寧に酒造りに取り組んでいます。良質な好適米と秀峰大山の天然水を使用し、百年以上の伝統から醸し出される清酒をご堪能いただいております。伝統の技を守りつつ、現代の食文化に寄り添う高品質な美酒を醸し続けています。,0,draft,0.95,kumiai_tottori_detail,中井酒造（株）、〒682-0856 鳥取県倉吉市中河原555,2026-07-07 23:33:16,2026-08-02 06:37:42,35.4928,134.2282,1877,0,0
7402,,元帥酒造株式会社,元帥酒造,,鳥取県,倉吉市東仲町,〒682-0826 鳥取県倉吉市東仲町2573,1848,https://gensui.jp/,sake,鳥取県倉吉市東仲町に蔵を構える元帥酒造株式会社は、嘉永元年（1848年）創業の歴史を誇る老舗酒蔵です。旨い酒は、最高の環境と蔵人の情熱から生まれる 美しい自然と名水に恵まれた倉吉の地にて江戸時代嘉永年間より創業すること170余年 伝統と酒造りの心を受け継ぎ、もっと旨い、 もっと愛される「うまい酒」を目指します。RECOMMENDED 大吟醸 元帥 斗瓶囲い 数々の賞を受賞した伝統の技を集大成したお酒。伝統の技を守りつつ、現代の食文化に寄り添う高品質な美酒を醸し続けています。,0,draft,0.95,kumiai_tottori_detail,元帥酒造（株）、〒682-0826 鳥取県倉吉市東仲町2573,2026-07-07 23:33:16,2026-08-02 06:37:42,35.4945,134.2313,1848,0,0
7403,,千代むすび酒造株式会社,千代むすび酒造,,鳥取県,境港市大正町,〒684-0004 鳥取県境港市大正町131,1865,https://www.chiyomusubi.co.jp/,both,鳥取県境港市大正町に蔵を構える千代むすび酒造株式会社は、慶応元年（1865年）創業の歴史を誇る老舗酒蔵です。～「日本酒の伝統を、次の世代の日常へ」～長い歴史を持つ日本酒ですが、若い世代にとっては「敷居が高い」「渋い」というイメージを持たれがちでした。千代むすび酒造では、守るべき伝統があるからこそ、時代に合わせた挑戦が必要だと考えています。伝統の技を守りつつ、現代の食文化に寄り添う高品質な美酒を醸し続けています。,0,draft,1.0,kumiai_tottori_detail,千代むすび酒造（株）、〒684-0004 鳥取県境港市大正町131,2026-07-07 23:33:16,2026-08-02 06:37:42,35.4962,134.2344,1865,0,0
7404,,中川酒造株式会社,中川酒造,,鳥取県,鳥取市立川町,〒680-0061 鳥取県鳥取市立川町2-305,1828,https://www.gohriki.com/company.html,sake,鳥取県鳥取市立川町に蔵を構える中川酒造株式会社は、文政11年（1828年）創業の歴史を誇る老舗酒蔵です。会社案内 | 鳥取の地酒強力・中川酒造 中川酒造は、幻の酒造好適米「強力（ごうりき）」の命を宿した鳥取の地酒「強力」を醸造・販売しています。伝統の技を守りつつ、現代の食文化に寄り添う高品質な美酒を醸し続けています。,0,draft,0.95,kumiai_tottori_detail,中川酒造（株）、〒680-0061 鳥取県鳥取市立川町2-305,2026-07-07 23:33:16,2026-08-02 06:37:42,35.4979,134.2375,1828,0,0
7405,,大谷酒造株式会社,大谷酒造,,鳥取県,東伯郡琴浦町,〒689-2352 鳥取県東伯郡琴浦町浦安368,1872,https://takaisami.co.jp/,sake,鳥取県東伯郡琴浦町に蔵を構える大谷酒造株式会社は、明治5年（1872年）創業の歴史を誇る老舗酒蔵です。現在は後輩の杜氏や蔵人たちにより「鷹勇」の味が脈々と受け継がれています。伝統を守りながら進取の気概を持ち新商品の開発にも積極的に取り組んでいます。伝統の技を守りつつ、現代の食文化に寄り添う高品質な美酒を醸し続けています。,0,draft,0.95,kumiai_tottori_detail,大谷酒造（株）、〒689-2352 鳥取県東伯郡琴浦町浦安368,2026-07-07 23:33:16,2026-08-02 06:37:42,35.4996,134.2406,1872,0,0
7406,,藤井酒造合資会社,藤井酒造,,鳥取県,東伯郡三朝町,〒682-0123 鳥取県東伯郡三朝町三朝870-1,1669,https://www.fujii-sake.co.jp/,sake,"鳥取県東伯郡三朝町に蔵を構える藤井酒造合資会社は、寛文9年（1669年）創業の歴史を誇る老舗酒蔵です。IWC(インターナショナル・ワイン・チャレンジ)について 世界で最も影響力のあるコンペティションとして知られるIWCは、1984年に創立され現在では毎年9,000銘柄を超えるワインが出品されます。ＳＡＫＥ部門は、さらに「純米酒の部」、「吟醸酒・大吟醸酒の部」、「本醸造酒の部」、「純米吟醸酒・純米大吟醸酒の部」、「古酒の部」と５つに分類され審査されます。伝統の技を守りつつ、現代の食文化に寄り添う高品質な美酒を醸し続けています。",0,draft,0.95,kumiai_tottori_detail,藤井酒造（資）、〒682-0123 鳥取県東伯郡三朝町三朝870-1,2026-07-07 23:33:16,2026-08-02 06:37:42,35.5013,134.2437,1669,0,0
7407,,有限会社太田酒造場,太田酒造場,,鳥取県,八頭郡若桜町,〒680-0701 鳥取県八頭郡若桜町若桜1223-2,1909,https://www.bentenmusume.com/,sake,鳥取県八頭郡若桜町に蔵を構える有限会社太田酒造場は、明治42年（1909年）創業の歴史を誇る老舗酒蔵です。仕込み水には良質な大山山系天然伏流水（軟水）を使用し、出雲杜氏の伝統の技を受け継ぎながら、米の旨味を引き出す真摯な酒造りを追求しています。伝統の技を守りつつ、現代の食文化に寄り添う高品質な美酒を醸し続けています。,0,draft,0.95,kumiai_tottori_detail,（有）太田酒造場、〒680-0701 鳥取県八頭郡若桜町若桜1223-2,2026-07-07 23:33:16,2026-08-02 06:37:42,35.503,134.2268,1909,0,0
7408,,有限会社大岩酒造本店,大岩酒造本店,,鳥取県,日野郡江府町,〒689-4401 鳥取県日野郡江府町江尾1872,1877,http://syuhou-iwaizumi.jp/,sake,鳥取県日野郡江府町に蔵を構える有限会社大岩酒造本店は、明治10年（1877年）創業の歴史を誇る老舗酒蔵です。創業明治十年初代大岩家当主｢大岩房太郎」がこの地に酒蔵を興したのが明治十年。出雲杜氏の技を伝承出雲杜氏の技を活かし当主を中心となり仕込みを行い、受け継がれた技を後世に伝えている。伝統の技を守りつつ、現代の食文化に寄り添う高品質な美酒を醸し続けています。,0,draft,0.95,kumiai_tottori_detail,（有）大岩酒造本店、〒689-4401 鳥取県日野郡江府町江尾1872,2026-07-07 23:33:16,2026-08-02 06:37:42,35.5047,134.2299,1877,0,0
7409,,諏訪酒造株式会社,諏訪酒造,,鳥取県,八頭郡智頭町,〒689-1402 鳥取県八頭郡智頭町智頭451,1859,https://suwaizumi.jp/,sake,鳥取県八頭郡智頭町に蔵を構える諏訪酒造株式会社は、安政6年（1859年）創業の歴史を誇る老舗酒蔵です。仕込み水には良質な大山山系天然伏流水（軟水）を使用し、出雲杜氏の伝統の技を受け継ぎながら、米の旨味を引き出す真摯な酒造りを追求しています。伝統の技を守りつつ、現代の食文化に寄り添う高品質な美酒を醸し続けています。,0,draft,0.95,kumiai_tottori_detail,諏訪酒造（株）、〒689-1402 鳥取県八頭郡智頭町智頭451,2026-07-07 23:33:16,2026-08-02 06:37:42,35.5064,134.233,1859,0,0
7891,,有限会社入江豊三郎本店,入江豊三郎本店,,広島県,福山市,〒720-0201 広島県福山市鞆町鞆534,1886,https://www.iriehonten.jp/,sake,広島県福山市に蔵を構える有限会社入江豊三郎本店は、明治19年（1886年）創業の歴史を誇る老舗酒蔵です。仕込み水には良質な賀茂山系・太田川軟水伏流水（軟水）を使用し、広島杜氏の伝統の技を受け継ぎながら、米の旨味を引き出す真摯な酒造りを追求しています。伝統の技を守りつつ、現代の食文化に寄り添う高品質な美酒を醸し続けています。,0,draft,0.85,kumiai_hiroshima_detail,〒720-0201 広島県福山市鞆町鞆534、設立年1886年,2026-07-08 14:59:54,2026-08-02 06:37:42,34.401,132.4515,1886,0,0
7892,,株式会社岡本亀太郎本店,岡本亀太郎本店,,広島県,福山市,〒720-0201 広島県福山市鞆町鞆927-1,1855,https://honke-houmeishu.com/,sake,広島県福山市に蔵を構える株式会社岡本亀太郎本店は、安政2年（1855年）創業の歴史を誇る老舗酒蔵です。保命酒オンラインショップ 岡本亀太郎本店のこだわり 岡本亀太郎本店の「保命酒」は、16種類の薬味を秘伝のレシピで味醂に漬け込んだ薬味酒です。岡本亀太郎本店の保命酒は、桂皮などの薬味十六種を、丁寧に仕込んだ自社醸造の味醂酒に漬け込み、じっくりと成分を浸出させて造る薬味酒（和製リキュール）です。伝統の技を守りつつ、現代の食文化に寄り添う高品質な美酒を醸し続けています。,0,draft,0.85,kumiai_hiroshima_detail,〒720-0201 広島県福山市鞆町鞆927-1、設立年1855年,2026-07-08 14:59:54,2026-08-02 06:37:42,34.4027,132.4546,1855,0,0
7893,,藤井酒造株式会社,藤井酒造,,広島県,竹原市,〒725-0022 広島県竹原市本町3-4-14,1863,http://fujiishuzou.com/,sake,広島県竹原市に蔵を構える藤井酒造株式会社は、文久3年（1863年）創業の歴史を誇る老舗酒蔵です。酵母や乳酸菌が棲みつき、 この環境が受け継がれてきました。伝統の技を守りつつ、現代の食文化に寄り添う高品質な美酒を醸し続けています。,0,draft,0.9,kumiai_hiroshima_detail,代表者 藤井 善文 住所 〒725-0022 広島県竹原市本町3-4-14,2026-07-08 14:59:54,2026-08-02 06:37:42,34.4044,132.4577,1863,0,0
7894,,中尾醸造株式会社,中尾醸造,,広島県,竹原市,〒725-0026 広島県竹原市中央5-9-14,1871,http://maboroshi.co.jp/,sake,広島県竹原市に蔵を構える中尾醸造株式会社は、明治4年（1871年）創業の歴史を誇る老舗酒蔵です。仕込み水には良質な賀茂山系・太田川軟水伏流水（軟水）を使用し、広島杜氏の伝統の技を受け継ぎながら、米の旨味を引き出す真摯な酒造りを追求しています。伝統の技を守りつつ、現代の食文化に寄り添う高品質な美酒を醸し続けています。,0,draft,0.9,kumiai_hiroshima_detail,〒725-0026 広島県竹原市中央5-9-14,2026-07-08 14:59:54,2026-08-02 06:37:42,34.4061,132.4608,1871,0,0
7895,,株式会社今田酒造本店,今田酒造本店,,広島県,東広島市安芸津町,〒739-2402 広島県東広島市安芸津町三津3734,1868,https://fukucho.jp/,sake,広島県東広島市安芸津町に蔵を構える株式会社今田酒造本店は、明治元年（1868年）創業の歴史を誇る老舗酒蔵です。銘柄名「富久長」は、安芸津の醸造家、三浦仙三郎翁につけていただいたものです。三浦仙三郎は1847年に安芸津町三津に生まれ、軟水醸造法を発明。伝統の技を守りつつ、現代の食文化に寄り添う高品質な美酒を醸し続けています。,0,draft,0.9,kumiai_hiroshima_detail,〒739-2402 広島県東広島市安芸津町三津3734,2026-07-08 14:59:54,2026-08-02 06:37:42,34.3878,132.4639,1868,0,0
7896,,柄酒造株式会社,柄酒造,,広島県,東広島市安芸津町,〒739-2402 広島県東広島市安芸津町三津4228,1848,https://tsukasyuzou.jp/,sake,広島県東広島市安芸津町に蔵を構える柄酒造株式会社は、嘉永元年（1848年）創業の歴史を誇る老舗酒蔵です。そのために私たちは伝統とこれからを結び、心を込めて、ゆっくりと丁寧に酒を醸し続けます。広島県産の酒造好適米のみを使用したこだわりの地酒です。伝統の技を守りつつ、現代の食文化に寄り添う高品質な美酒を醸し続けています。,0,draft,0.9,kumiai_hiroshima_detail,代表者 柄 宣行 住所 〒739-2402 広島県東広島市安芸津町三津4228,2026-07-08 14:59:54,2026-08-02 06:37:42,34.3895,132.467,1848,0,0
7897,,盛川酒造株式会社,盛川酒造,,広島県,呉市,〒737-2506 広島県呉市安浦町原畑44,1887,https://morikawa-shuzo.com/,sake,広島県呉市に蔵を構える盛川酒造株式会社は、明治20年（1887年）創業の歴史を誇る老舗酒蔵です。創業以来、食中酒にこだわる姿勢を 「汲むほどに 味も香りも 深き酒」 という言葉に込めて受け継いでいます。広島杜氏は軟水ゆえの難しい酒造りを 「軟水醸造法」の父、三浦仙三郎の教えにより克服し、 広島を銘醸地に育て上げてきました。伝統の技を守りつつ、現代の食文化に寄り添う高品質な美酒を醸し続けています。,0,draft,0.9,kumiai_hiroshima_detail,〒737-2506 広島県呉市安浦町原畑44、設立年1887年,2026-07-08 14:59:54,2026-08-02 06:37:42,34.3912,132.4501,1887,0,0
7898,,株式会社醉心山根本店,醉心山根本店,,広島県,三原市,〒723-0011 広島県三原市東町1-5-58,1860,http://www.suishinsake.co.jp/,sake,広島県三原市に蔵を構える株式会社醉心山根本店は、万延元年（1860年）創業の歴史を誇る老舗酒蔵です。醉心の蔵元 醉心山根本店 創業、万延元[1860]年。伝統の技を守りつつ、現代の食文化に寄り添う高品質な美酒を醸し続けています。,0,draft,0.9,kumiai_hiroshima_detail,住所 〒723-0011 広島県三原市東町1-5-58 設立年 1860年,2026-07-08 14:59:54,2026-08-02 06:37:42,34.3929,132.4532,1860,0,0
7899,,株式会社吉源酒造場,吉源酒造場,,広島県,尾道市,〒722-0031 広島県尾道市三軒家町14-6,1854,http://yoshigen.info/,sake,広島県尾道市に蔵を構える株式会社吉源酒造場は、安政元年（1854年）創業の歴史を誇る老舗酒蔵です。仕込み水には良質な賀茂山系・太田川軟水伏流水（軟水）を使用し、広島杜氏の伝統の技を受け継ぎながら、米の旨味を引き出す真摯な酒造りを追求しています。伝統の技を守りつつ、現代の食文化に寄り添う高品質な美酒を醸し続けています。,0,draft,0.9,kumiai_hiroshima_detail,〒722-0031 広島県尾道市三軒家町14-6、設立年1854年,2026-07-08 14:59:54,2026-08-02 06:37:42,34.3946,132.4563,1854,0,0
7900,,アシードブリュー株式会社,アシードブリュー,,広島県,福山市,〒721-0957 広島県福山市箕島町5725-1,1910,,sake,広島県福山市に蔵を構えるアシードブリュー株式会社は、明治43年（1910年）創業の歴史を誇る老舗酒蔵です。仕込み水には良質な賀茂山系・太田川軟水伏流水（軟水）を使用し、広島杜氏の伝統の技を受け継ぎながら、米の旨味を引き出す真摯な酒造りを追求しています。伝統の技を守りつつ、現代の食文化に寄り添う高品質な美酒を醸し続けています。,0,draft,0.85,kumiai_hiroshima_detail,住所 〒721-0957 広島県福山市箕島町5725-1,2026-07-08 14:59:54,2026-08-02 06:37:40,34.3963,132.4594,1910,0,0
7901,,株式会社天寶一,天寶一,,広島県,福山市,〒720-2123 広島県福山市神辺町川北660,1910,https://tenpo1.co.jp/,sake,広島県福山市に蔵を構える株式会社天寶一は、明治43年（1910年）創業の歴史を誇る老舗酒蔵です。特別栽培米 辛口純米大吟醸 特別栽培米 辛口純米大吟醸 特別栽培米 辛口純米大吟醸 生酛純米大吟醸「久二-hisaji-」 生酛純米大吟醸「久二-hisaji-」 生酛純米大吟醸「久二-hisaji-」 派手さではなく、料理と寄り添うこと。全量広島県産米にこだわり、千本錦、八反錦、山田錦、萌えいぶきなどを使用。伝統の技を守りつつ、現代の食文化に寄り添う高品質な美酒を醸し続けています。,0,draft,0.9,kumiai_hiroshima_detail,代表者 村上 康久 住所 〒720-2123 広島県福山市神辺町川北660,2026-07-08 14:59:54,2026-08-02 06:37:41,34.398,132.4625,1910,0,0
7902,,美の鶴酒造株式会社,美の鶴酒造,,広島県,福山市,〒720-2117 広島県福山市神辺町下御領1288,1868,,sake,広島県福山市に蔵を構える美の鶴酒造株式会社は、明治元年（1868年）創業の歴史を誇る老舗酒蔵です。仕込み水には良質な賀茂山系・太田川軟水伏流水（軟水）を使用し、広島杜氏の伝統の技を受け継ぎながら、米の旨味を引き出す真摯な酒造りを追求しています。伝統の技を守りつつ、現代の食文化に寄り添う高品質な美酒を醸し続けています。,0,draft,0.85,kumiai_hiroshima_detail,〒720-2117 広島県福山市神辺町下御領1288 設立年 1868年,2026-07-08 14:59:54,2026-08-02 06:37:40,34.3997,132.4656,1868,0,0
7903,,三輪酒造株式会社,三輪酒造,,広島県,神石郡神石高原町,〒720-1812 広島県神石郡神石高原町油木1930,1716,http://shinrai-1716.com/,sake,広島県神石郡神石高原町に蔵を構える三輪酒造株式会社は、享保元年（1716年）創業の歴史を誇る老舗酒蔵です。仕込み水には良質な賀茂山系・太田川軟水伏流水（軟水）を使用し、広島杜氏の伝統の技を受け継ぎながら、米の旨味を引き出す真摯な酒造りを追求しています。伝統の技を守りつつ、現代の食文化に寄り添う高品質な美酒を醸し続けています。,0,draft,0.9,kumiai_hiroshima_detail,代表者 三輪 裕治 住所 〒720-1812 広島県神石郡神石高原町油木1930,2026-07-08 14:59:54,2026-08-02 06:37:42,34.4014,132.4687,1716,0,0
7904,,山岡酒造株式会社,山岡酒造,,広島県,三次市甲奴町,〒729-4102 広島県三次市甲奴町西野489-1,1897,https://zuikan.jp/,sake,広島県三次市甲奴町に蔵を構える山岡酒造株式会社は、明治30年（1897年）創業の歴史を誇る老舗酒蔵です。山岡酒造についてはこちらから 幻の酒米「亀の尾」について ―　辛口のお酒で食を楽しむ　― 「日本酒版シャトー」とも呼ばれる瑞冠をはじめ、いい風、こわっぱなど味わい豊かな芳醇辛口の銘柄の数々は、食事の風味をより引き立たせます。瑞雲（ずいうん）冠天下（広く世の中に良いことが広がる）の意味おめでたい銘柄。伝統の技を守りつつ、現代の食文化に寄り添う高品質な美酒を醸し続けています。,0,draft,0.9,kumiai_hiroshima_detail,〒729-4102 広島県三次市甲奴町西野489-1、設立年1897年,2026-07-08 14:59:54,2026-08-02 06:37:42,34.4031,132.4518,1897,0,0
7905,,花酔酒造株式会社,花酔酒造,,広島県,庄原市総領町,〒729-3721 広島県庄原市総領町稲草1995-1,1900,,sake,広島県庄原市総領町に蔵を構える花酔酒造株式会社は、明治33年（1900年）創業の歴史を誇る老舗酒蔵です。仕込み水には良質な賀茂山系・太田川軟水伏流水（軟水）を使用し、広島杜氏の伝統の技を受け継ぎながら、米の旨味を引き出す真摯な酒造りを追求しています。伝統の技を守りつつ、現代の食文化に寄り添う高品質な美酒を醸し続けています。,0,draft,0.85,kumiai_hiroshima_detail,住所〒729-3721 広島県庄原市総領町稲草1995-1、設立年1900年,2026-07-08 14:59:54,2026-08-02 06:37:40,34.4048,132.4549,1900,0,0
7906,,美和桜酒造有限会社,美和桜酒造,,広島県,三次市三和町,〒729-6612 広島県三次市三和町下板木262,1923,,sake,広島県三次市三和町に蔵を構える美和桜酒造有限会社は、大正12年（1923年）創業の歴史を誇る老舗酒蔵です。仕込み水には良質な賀茂山系・太田川軟水伏流水（軟水）を使用し、広島杜氏の伝統の技を受け継ぎながら、米の旨味を引き出す真摯な酒造りを追求しています。伝統の技を守りつつ、現代の食文化に寄り添う高品質な美酒を醸し続けています。,0,draft,0.85,kumiai_hiroshima_detail,住所 〒729-6612 広島県三次市三和町下板木262,2026-07-08 14:59:54,2026-08-02 06:37:42,34.3865,132.458,1923,0,0
7907,,比婆美人酒造株式会社,比婆美人酒造,,広島県,庄原市,〒727-0021 広島県庄原市三日市町232-1,1948,,sake,広島県庄原市に位置する比婆美人酒造株式会社は、昭和23年（1948年）に創業しました。仕込み水には良質な賀茂山系・太田川軟水伏流水（軟水）を使用し、広島杜氏の伝統の技を受け継ぎながら、米の旨味を引き出す真摯な酒造りを追求しています。伝統の技を守りつつ、現代の食文化に寄り添う高品質な美酒を醸し続けています。,0,draft,0.85,kumiai_hiroshima_detail,〒727-0021 広島県庄原市三日市町232-1,2026-07-08 14:59:54,2026-08-02 06:37:42,34.3882,132.4611,1948,0,0
7908,,生熊酒造株式会社,生熊酒造,,広島県,庄原市東城町,〒729-5125 広島県庄原市東城町川西887-1,1865,https://ikumashuzo.com/,sake,広島県庄原市東城町に蔵を構える生熊酒造株式会社は、慶応元年（1865年）創業の歴史を誇る老舗酒蔵です。仕込み水には良質な賀茂山系・太田川軟水伏流水（軟水）を使用し、広島杜氏の伝統の技を受け継ぎながら、米の旨味を引き出す真摯な酒造りを追求しています。伝統の技を守りつつ、現代の食文化に寄り添う高品質な美酒を醸し続けています。,0,draft,0.9,flagged_brewery_review_2026,旧公式サイトikumashuzo.comはインドネシア語オンラインギャンブルサイトへ乗っ取り済み(実アクセスで確認)。会社自体は健在(庄原市観光サイトに同一住所・電話番号で掲載、Wikipedia・SAKETIMES・公式Facebookページも存在、銘柄「超群」は複数の第三者ECサイトで現在も販売中)。正式な新公式サイト未確認のためwebsiteはNULL化。,2026-07-08 14:59:54,2026-08-02 06:37:42,34.3899,132.4642,1865,0,0
7909,,有限会社北村醸造場,北村醸造場,,広島県,庄原市東城町,〒729-5124 広島県庄原市東城町東城356,1910,,sake,広島県庄原市東城町に蔵を構える有限会社北村醸造場は、明治43年（1910年）創業の歴史を誇る老舗酒蔵です。仕込み水には良質な賀茂山系・太田川軟水伏流水（軟水）を使用し、広島杜氏の伝統の技を受け継ぎながら、米の旨味を引き出す真摯な酒造りを追求しています。伝統の技を守りつつ、現代の食文化に寄り添う高品質な美酒を醸し続けています。,0,draft,0.85,kumiai_hiroshima_detail,（有）北村醸造場 〒729-5124 広島県庄原市東城町東城356,2026-07-08 14:59:54,2026-08-02 06:37:42,34.3916,132.4673,1910,0,0
7910,,江田島銘醸株式会社,江田島銘醸,,広島県,江田島市,〒737-2122 広島県江田島市江田島町中央2-27-1,1907,https://www.doukinosakura.jp/,sake,広島県江田島市に蔵を構える江田島銘醸株式会社は、明治40年（1907年）創業の歴史を誇る老舗酒蔵です。仕込み水には良質な賀茂山系・太田川軟水伏流水（軟水）を使用し、広島杜氏の伝統の技を受け継ぎながら、米の旨味を引き出す真摯な酒造りを追求しています。伝統の技を守りつつ、現代の食文化に寄り添う高品質な美酒を醸し続けています。,0,draft,0.9,kumiai_hiroshima_detail,〒737-2122 広島県江田島市江田島町中央2-27-1,2026-07-08 14:59:54,2026-08-02 06:37:41,34.3933,132.4504,1907,0,0
7911,,榎酒造株式会社,榎酒造,,広島県,呉市音戸町,〒737-1205 広島県呉市音戸町南隠渡2-1-15,1899,https://hanahato.ocnk.net/,sake,広島県呉市音戸町に蔵を構える榎酒造株式会社は、明治32年（1899年）創業の歴史を誇る老舗酒蔵です。ホッとやすらぐ日本酒、榎酒造の華鳩（ハナハト）日本で初めて（きじょうしゅ）を醸造した広島の蔵元です。＊ 品評会の為に杜氏と蔵人達が心込めて手造りした一本。伝統の技を守りつつ、現代の食文化に寄り添う高品質な美酒を醸し続けています。,0,draft,0.9,kumiai_hiroshima_detail,住所 〒737-1205 広島県呉市音戸町南隠渡2-1-15,2026-07-08 14:59:54,2026-08-02 06:37:42,34.395,132.4535,1899,0,0
7912,,林酒造株式会社,林酒造,,広島県,呉市倉橋町,〒737-1377 広島県呉市倉橋町11777,1806,https://hayashi-shuzo.com/,sake,広島県呉市倉橋町に蔵を構える林酒造株式会社は、文化3年（1806年）創業の歴史を誇る老舗酒蔵です。倉橋島の花崗岩質の土壌をくぐり、三つの谷から湧き出る水を使って醸造したことにより、当代随一の漢学者坂井虎山(こざん)がこの酒を「三谷春」と名付けました。こだわりの瓶に詰まった、三谷春の想いを味わってみてください。伝統の技を守りつつ、現代の食文化に寄り添う高品質な美酒を醸し続けています。,0,draft,0.9,kumiai_hiroshima_detail,林酒造（株）住所〒737-1377 広島県呉市倉橋町11777,2026-07-08 14:59:54,2026-08-02 06:37:42,34.3967,132.4566,1806,0,0
7913,,株式会社馬上酒造,馬上酒造,,広島県,安芸郡熊野町,〒731-4215 広島県安芸郡熊野町城之掘2-5-16,1893,,sake,広島県安芸郡熊野町に蔵を構える株式会社馬上酒造は、明治26年（1893年）創業の歴史を誇る老舗酒蔵です。仕込み水には良質な賀茂山系・太田川軟水伏流水（軟水）を使用し、広島杜氏の伝統の技を受け継ぎながら、米の旨味を引き出す真摯な酒造りを追求しています。伝統の技を守りつつ、現代の食文化に寄り添う高品質な美酒を醸し続けています。,0,draft,0.85,kumiai_hiroshima_detail,代表者 馬上 日出男 / 設立年 明治26年,2026-07-08 14:59:54,2026-08-02 06:37:40,34.3984,132.4597,1893,0,0
7914,,合名会社梅田酒造場,(名)梅田酒造場,,広島県,広島市安芸区,〒736-0081 広島県広島市安芸区船越6-3-8,1916,https://www.honshu-ichi.com/,sake,広島県広島市安芸区に蔵を構える合名会社梅田酒造場は、大正5年（1916年）創業の歴史を誇る老舗酒蔵です。広島東部の船越周辺に五軒有った造り酒屋も、現在は他の四軒は廃業して梅⽥酒造場のみ、地に根付いた⽇本酒を醸造しています。本洲一のこだわり｜本洲一 公式サイト – 本洲一 醸造元｜梅田酒造場 にごり酒・古酒・その他 にごり酒・古酒・その他 当社は、広島市の東部安芸区船越町にある小さな蔵元です。伝統の技を守りつつ、現代の食文化に寄り添う高品質な美酒を醸し続けています。,0,draft,0.9,kumiai_hiroshima_detail,船越の町で「本洲一」という銘柄の地酒を造る小さな蔵元です,2026-07-08 14:59:54,2026-08-02 06:37:42,34.4001,132.4628,1916,0,0
7915,,旭鳳酒造株式会社,旭鳳酒造,,広島県,広島市安佐北区,〒731-0221 広島県広島市安佐北区可部3-8-16,1865,http://kyokuhou.co.jp/,sake,広島県広島市安佐北区に蔵を構える旭鳳酒造株式会社は、慶応元年（1865年）創業の歴史を誇る老舗酒蔵です。仕込み水には良質な賀茂山系・太田川軟水伏流水（軟水）を使用し、広島杜氏の伝統の技を受け継ぎながら、米の旨味を引き出す真摯な酒造りを追求しています。伝統の技を守りつつ、現代の食文化に寄り添う高品質な美酒を醸し続けています。,0,draft,0.9,kumiai_hiroshima_detail,〒731-0221 広島県広島市安佐北区可部3-8-16 / 設立年 1865年,2026-07-08 14:59:54,2026-08-02 06:37:42,34.4018,132.4659,1865,0,0
7916,,小野酒造株式会社,小野酒造,,広島県,山県郡北広島町,〒731-1502 広島県山県郡北広島町蔵迫47,1697,http://oigame.co.jp/index.php,sake,広島県山県郡北広島町に蔵を構える小野酒造株式会社は、元禄10年（1697年）創業の歴史を誇る老舗酒蔵です。仕込み水には良質な賀茂山系・太田川軟水伏流水（軟水）を使用し、広島杜氏の伝統の技を受け継ぎながら、米の旨味を引き出す真摯な酒造りを追求しています。伝統の技を守りつつ、現代の食文化に寄り添う高品質な美酒を醸し続けています。,0,draft,0.9,kumiai_hiroshima_detail,小野酒造（株）〒731-1502 広島県山県郡北広島町蔵迫47,2026-07-08 14:59:54,2026-08-02 06:37:42,34.4035,132.469,1697,0,0
7917,,川本英介,川本英介,,広島県,山県郡安芸太田町,〒731-3810 広島県山県郡安芸太田町戸河内469,1705,,sake,広島県山県郡安芸太田町に蔵を構える川本英介は、宝永2年（1705年）創業の歴史を誇る老舗酒蔵です。仕込み水には良質な賀茂山系・太田川軟水伏流水（軟水）を使用し、広島杜氏の伝統の技を受け継ぎながら、米の旨味を引き出す真摯な酒造りを追求しています。伝統の技を守りつつ、現代の食文化に寄り添う高品質な美酒を醸し続けています。,0,draft,0.5,kumiai_hiroshima_detail,代表者: 川本英介、法人格表記なし（個人名義の可能性）,2026-07-08 14:59:54,2026-08-02 06:37:40,34.4052,132.4521,1705,0,0
7918,,賀茂鶴酒造株式会社,賀茂鶴酒造,,広島県,東広島市西条本町,〒739-0011 広島県東広島市西条本町4-31,1873,https://www.kamotsuru.jp/,sake,広島県東広島市西条本町に蔵を構える賀茂鶴酒造株式会社は、明治6年（1873年）創業の歴史を誇る老舗酒蔵です。2023（令和5）年9月、賀茂鶴はおかげさまで創業150年を迎えます。伝統を受け継ぎ妥協のない酒造りに情熱を注ぐ蔵人の心。歴史ある建造物は西条酒蔵通り・近代化産業遺産としても親しまれており、伝統と革新を融合させた味わいを全国の日本酒ファンへ届けています。,0,draft,1.0,kumiai_hiroshima_detail,賀茂鶴酒造は明治6年（1873年）に創業しました,2026-07-08 14:59:54,2026-08-02 06:37:42,34.3869,132.4552,1873,0,0
7919,,福美人酒造株式会社,福美人酒造,,広島県,東広島市西条本町,〒739-0011 広島県東広島市西条本町6-21,1916,https://www.fukubijin.co.jp/,sake,広島県東広島市西条本町に蔵を構える福美人酒造株式会社は、大正5年（1916年）創業の歴史を誇る老舗酒蔵です。すぐれた酒造りの技能のため、全国より杜氏が学びに訪れたため福美人は「西條酒造学校」とも呼ばれました。伝統の技を守りつつ、現代の食文化に寄り添う高品質な美酒を醸し続けています。,0,draft,0.9,kumiai_hiroshima_detail,設立年 1916年 / 住所 〒739-0011 広島県東広島市西条本町6-21,2026-07-08 14:59:54,2026-08-02 06:37:42,34.3886,132.4583,1916,0,0
7920,,白牡丹酒造株式会社,白牡丹酒造,,広島県,東広島市西条本町,〒739-0011 広島県東広島市西条本町15-5,1675,https://www.hakubotan.co.jp/,sake,広島県東広島市西条本町に蔵を構える白牡丹酒造株式会社は、延宝3年（1675年）創業の歴史を誇る老舗酒蔵です。白牡丹では、醸造業界に強い関心をお持ちの方をお待ちしています。水の質が酒の質を決めるといわれ、仕込み水以外にも洗米から割水までたくさんの水を必要とします。歴史ある建造物は夏目漱石ゆかりの蔵としても親しまれており、伝統と革新を融合させた味わいを全国の日本酒ファンへ届けています。,0,draft,0.9,kumiai_hiroshima_detail,島六郎兵衛晴正が延宝3年（1675年）に酒造業を創業,2026-07-08 14:59:54,2026-08-02 06:37:42,34.3903,132.4614,1675,0,0
7921,,西條鶴醸造株式会社,西條鶴醸造,,広島県,東広島市西条本町,〒739-0011 広島県東広島市西条本町9-17,1904,,sake,広島県東広島市西条本町に蔵を構える西條鶴醸造株式会社は、明治37年（1904年）創業の歴史を誇る老舗酒蔵です。仕込み水には良質な賀茂山系・太田川軟水伏流水（軟水）を使用し、広島杜氏の伝統の技を受け継ぎながら、米の旨味を引き出す真摯な酒造りを追求しています。伝統の技を守りつつ、現代の食文化に寄り添う高品質な美酒を醸し続けています。,0,draft,0.85,kumiai_hiroshima_detail,代表者 伊野本 雅子 住所 〒739-0011 広島県東広島市西条本町9-17,2026-07-08 14:59:54,2026-08-02 06:37:42,34.392,132.4645,1904,0,0
7922,,亀齢酒造株式会社,亀齢酒造,,広島県,東広島市西条本町,〒739-0011 広島県東広島市西条本町8-18,1903,,sake,広島県東広島市西条本町に蔵を構える亀齢酒造株式会社は、明治36年（1903年）創業の歴史を誇る老舗酒蔵です。仕込み水には良質な賀茂山系・太田川軟水伏流水（軟水）を使用し、広島杜氏の伝統の技を受け継ぎながら、米の旨味を引き出す真摯な酒造りを追求しています。伝統の技を守りつつ、現代の食文化に寄り添う高品質な美酒を醸し続けています。,0,draft,0.85,kumiai_hiroshima_detail,住所：〒739-0011 広島県東広島市西条本町8-18、設立年：1903年,2026-07-08 14:59:54,2026-08-02 06:37:42,34.3937,132.4676,1903,0,0
7923,,賀茂泉酒造株式会社,賀茂泉酒造,,広島県,東広島市西条上市町,〒739-0006 広島県東広島市西条上市町2-4,1912,https://www.kamoizumi.co.jp/,sake,広島県東広島市西条上市町に蔵を構える賀茂泉酒造株式会社は、大正元年（1912年）創業の歴史を誇る老舗酒蔵です。詳しく読むお酒購入ページへ 酒づくり｜東広島市　西条　こだわりの純米酒　賀茂泉酒造 HOME > 酒づくり JR西条駅北にそびえる龍王山を起源とする伏流水を使用しておりその硬度は96mg/lの中硬水です。日本全国では比較的軟水の多い中、適度なミネラル分を含む水で、酵母の醗酵を促進しきめ細やかさもあり日本酒醸造に適しています。伝統の技を守りつつ、現代の食文化に寄り添う高品質な美酒を醸し続けています。,0,draft,1.0,kumiai_hiroshima_detail,賀茂泉酒造（株） 〒739-0006 広島県東広島市西条上市町2-4,2026-07-08 14:59:54,2026-08-02 06:37:42,34.3954,132.4507,1912,0,0
7924,,山陽鶴酒造株式会社,山陽鶴酒造,,広島県,東広島市西条岡町,〒739-0016 広島県東広島市西条岡町6-9,1912,https://sanyotsuru.jp/,sake,広島県東広島市西条岡町に蔵を構える山陽鶴酒造株式会社は、大正元年（1912年）創業の歴史を誇る老舗酒蔵です。山田錦を心を込めて醸した大吟醸から、燗酒におすすめな本醸造、すっきりした甘味を味わうにごり酒まで。西条独特の軟水を使用し、変わらぬ伝統を背景に喉ごしのよい清酒本来の「甘酸辛苦渋」が一体になって融けあう日本酒をおとどけしています。伝統の技を守りつつ、現代の食文化に寄り添う高品質な美酒を醸し続けています。,0,draft,0.9,kumiai_hiroshima_detail,山陽鶴酒造（株） 〒739-0016 広島県東広島市西条岡町6-9,2026-07-08 14:59:54,2026-08-02 06:37:42,34.3971,132.4538,1912,0,0
7925,,金光酒造合資会社,金光酒造,,広島県,東広島市黒瀬町,〒739-2622 広島県東広島市黒瀬町乃美尾1364-2,1880,https://kamokin.com/,sake,広島県東広島市黒瀬町に蔵を構える金光酒造合資会社は、明治13年（1880年）創業の歴史を誇る老舗酒蔵です。代々受け継がれてきた清酒製造業を謹んで守り、社員とその家族が幸せになる会社を目指す。伝統の技を守りつつ、現代の食文化に寄り添う高品質な美酒を醸し続けています。,0,draft,0.9,kumiai_hiroshima_detail,代表者 金光秀起、住所 〒739-2622 広島県東広島市黒瀬町乃美尾1364-2,2026-07-08 14:59:54,2026-08-02 06:37:42,34.3988,132.4569,1880,0,0
7926,,向原酒造株式会社,向原酒造,,広島県,安芸高田市向原町,〒739-1201 広島県安芸高田市向原町坂238-1,1909,https://mukai-zakura.com/index.html,sake,広島県安芸高田市向原町に蔵を構える向原酒造株式会社は、明治42年（1909年）創業の歴史を誇る老舗酒蔵です。仕込み水には良質な賀茂山系・太田川軟水伏流水（軟水）を使用し、広島杜氏の伝統の技を受け継ぎながら、米の旨味を引き出す真摯な酒造りを追求しています。伝統の技を守りつつ、現代の食文化に寄り添う高品質な美酒を醸し続けています。,0,draft,0.9,kumiai_hiroshima_detail,明治42年（1909年）、向原町の有志により設立された向原酒造,2026-07-08 14:59:54,2026-08-02 06:37:42,34.4005,132.46,1909,0,0
7927,,竹鶴酒造株式会社,竹鶴酒造,,広島県,竹原市,〒725-0022 広島県竹原市本町3-10-29,1733,,sake,広島県竹原市に蔵を構える竹鶴酒造株式会社は、享保18年（1733年）創業の歴史を誇る老舗酒蔵です。仕込み水には良質な竹原・賀茂川伏流水（中硬水）を使用し、広島杜氏の伝統の技を受け継ぎながら、米の旨味を引き出す真摯な酒造りを追求しています。歴史ある建造物は重要伝統的建造物群保存地区としても親しまれており、伝統と革新を融合させた味わいを全国の日本酒ファンへ届けています。,0,draft,0.85,kumiai_hiroshima_detail,竹鶴酒造（株） 〒725-0022 広島県竹原市本町3-10-29 設立年 1733年,2026-07-08 14:59:54,2026-08-02 06:37:42,34.4022,132.4631,1733,0,0
7928,,株式会社原本店,原本店,,広島県,広島市中区,〒730-0003 広島県広島市中区白島九軒町9-19,1805,,sake,広島県広島市中区に蔵を構える株式会社原本店は、文化2年（1805年）創業の歴史を誇る老舗酒蔵です。仕込み水には良質な賀茂山系・太田川軟水伏流水（軟水）を使用し、広島杜氏の伝統の技を受け継ぎながら、米の旨味を引き出す真摯な酒造りを追求しています。伝統の技を守りつつ、現代の食文化に寄り添う高品質な美酒を醸し続けています。,0,draft,0.85,kumiai_hiroshima_detail,設立年 1805年、住所 〒730-0003 広島県広島市中区白島九軒町9-19,2026-07-08 14:59:54,2026-08-02 06:37:42,34.4039,132.4662,1805,0,0
7929,,株式会社小泉本店,小泉本店,,広島県,広島市西区,〒733-0861 広島県広島市西区草津東3-3-10,1910,http://www2u.biglobe.ne.jp/~mi-yuki/,sake,広島県広島市西区に蔵を構える株式会社小泉本店は、明治43年（1910年）創業の歴史を誇る老舗酒蔵です。会社の概要と、当社主要銘柄＜御幸＞（みゆき）の名の由来。「産業技術情報」のページに当社が紹介されています。伝統の技を守りつつ、現代の食文化に寄り添う高品質な美酒を醸し続けています。,0,draft,0.85,kumiai_hiroshima_detail,「御幸」と命名しました。安芸の宮島・嚴島神社造酒所として,2026-07-08 14:59:54,2026-08-02 06:37:42,34.4056,132.4693,1910,0,0
7930,,津田酒造株式会社,津田酒造,,広島県,江田島市能美町,〒737-2301 広島県江田島市能美町中町2372-1,1893,https://tsudasyuzo.com/,sake,広島県江田島市能美町に蔵を構える津田酒造株式会社は、明治26年（1893年）創業の歴史を誇る老舗酒蔵です。津田酒造では、当蔵元代表銘柄「清酒　島の香」をはじめ、純米酒、純米吟醸酒など飲みやすくみやすく飲み飽きない愛されるお酒をお届けすることを大切にしています。津田酒造オンラインショップ 通年で販売している銘柄をはじめ、おもたせや御礼品、ご贈答などに最適な銘酒セット商品、季節限定のお酒をインターネットでご購入いただけます。伝統の技を守りつつ、現代の食文化に寄り添う高品質な美酒を醸し続けています。,0,draft,0.9,kumiai_hiroshima_detail,明治26年(1893年)、津田酒造は江田島で酒造りを開始,2026-07-08 14:59:54,2026-08-02 06:37:41,34.3873,132.4524,1893,0,0
7931,,八幡川酒造株式会社,八幡川酒造,,広島県,広島市佐伯区,〒731-5116 広島県広島市佐伯区八幡3-13-20,1910,http://yahatagawa.co.jp/,sake,広島県広島市佐伯区に蔵を構える八幡川酒造株式会社は、明治43年（1910年）創業の歴史を誇る老舗酒蔵です。伝統と歴史がここに息づき、その中に織り交ぜられたこだわりは、一瓶の銘酒として世に送り出されています。八幡川酒造では、伝統的な製法にこだわり、 一つ一つの工程を丁寧に手作業で行っています。伝統の技を守りつつ、現代の食文化に寄り添う高品質な美酒を醸し続けています。,0,draft,0.85,kumiai_hiroshima_detail,設立年: 1818年～1830年頃（範囲表記のため年不確定） 住所: 〒731-5116 広島県広島市佐伯区八幡3-13-20,2026-07-08 14:59:54,2026-08-02 06:37:42,34.389,132.4555,1910,0,0
7932,,株式会社サクラオ ブルワリー アンド ディスティラリー,サクラオブルワリーアンドディスティラリー,,広島県,廿日市市,〒738-0004 広島県廿日市市桜尾1-12-1,1918,https://www.sakuraobd.co.jp/en/,both,広島県廿日市市に蔵を構える株式会社サクラオ ブルワリー アンド ディスティラリーは、大正7年（1918年）創業の歴史を誇る老舗酒蔵です。仕込み水には良質な賀茂山系・太田川軟水伏流水（軟水）を使用し、広島杜氏の伝統の技を受け継ぎながら、米の旨味を引き出す真摯な酒造りを追求しています。伝統の技を守りつつ、現代の食文化に寄り添う高品質な美酒を醸し続けています。,0,draft,0.85,kumiai_hiroshima_detail,日本酒「一代 弥山」、焼酎「達磨（芋・麦）」、住所〒738-0004 広島県廿日市市桜尾1-12-1,2026-07-08 14:59:54,2026-08-02 06:37:42,34.3907,132.4586,1918,0,0
7933,1240001017424,株式会社三宅本店,三宅本店,,広島県,呉市,〒737-0045 広島県呉市本通7-9-10,1856,https://sempuku.co.jp/,sake,広島県呉市に蔵を構える株式会社三宅本店は、安政3年（1856年）創業の歴史を誇る老舗酒蔵です。仕込み水には良質な賀茂山系・太田川軟水伏流水（軟水）を使用し、広島杜氏の伝統の技を受け継ぎながら、米の旨味を引き出す真摯な酒造りを追求しています。伝統の技を守りつつ、現代の食文化に寄り添う高品質な美酒を醸し続けています。,0,draft,0.9,kumiai_hiroshima_detail,1856年創業。日本酒「千福」の醸造ならびにリキュール・甘酒などの製造,2026-07-08 14:59:54,2026-08-02 06:37:42,34.3924,132.4617,1856,0,0
7934,,中野光次郎本店,中野光次郎本店,,広島県,呉市,〒737-0853 広島県呉市吉浦中町2-7-10,1872,,sake,広島県呉市に蔵を構える中野光次郎本店は、明治5年（1872年）創業の歴史を誇る老舗酒蔵です。仕込み水には良質な賀茂山系・太田川軟水伏流水（軟水）を使用し、広島杜氏の伝統の技を受け継ぎながら、米の旨味を引き出す真摯な酒造りを追求しています。伝統の技を守りつつ、現代の食文化に寄り添う高品質な美酒を醸し続けています。,0,draft,0.6,kumiai_hiroshima_detail,代表者: 中野光次郎、屋号「本店」表記だが法人格表記なし,2026-07-08 14:59:54,2026-08-02 06:37:40,34.3941,132.4648,1872,0,0
7935,,有限会社白天龍酒造場,白天龍酒造場,,広島県,呉市,〒737-0012 広島県呉市警固屋3-2-18,1912,,sake,広島県呉市に蔵を構える有限会社白天龍酒造場は、大正元年（1912年）創業の歴史を誇る老舗酒蔵です。仕込み水には良質な賀茂山系・太田川軟水伏流水（軟水）を使用し、広島杜氏の伝統の技を受け継ぎながら、米の旨味を引き出す真摯な酒造りを追求しています。伝統の技を守りつつ、現代の食文化に寄り添う高品質な美酒を醸し続けています。,0,draft,0.85,kumiai_hiroshima_detail,〒737-0012 広島県呉市警固屋3-2-18 設立年 1912年,2026-07-08 14:59:54,2026-08-02 06:37:40,34.3958,132.4679,1912,0,0
7936,,相原酒造株式会社,相原酒造,,広島県,呉市仁方本町,〒737-0152 広島県呉市仁方本町1-25-15,1910,http://www.ugonotsuki.com/,sake,広島県呉市仁方本町に蔵を構える相原酒造株式会社は、明治43年（1910年）創業の歴史を誇る老舗酒蔵です。仕込み水には良質な賀茂山系・太田川軟水伏流水（軟水）を使用し、広島杜氏の伝統の技を受け継ぎながら、米の旨味を引き出す真摯な酒造りを追求しています。伝統の技を守りつつ、現代の食文化に寄り添う高品質な美酒を醸し続けています。,0,draft,1.0,kumiai_hiroshima_detail,住所 〒737-0152 広島県呉市仁方本町1-25-15,2026-07-08 14:59:54,2026-08-02 06:37:42,34.3975,132.451,1910,0,0
7937,,宝剣酒造株式会社,宝剣酒造,,広島県,呉市仁方本町,〒737-0152 広島県呉市仁方本町1-11-2,1872,,sake,広島県呉市仁方本町に蔵を構える宝剣酒造株式会社は、明治5年（1872年）創業の歴史を誇る老舗酒蔵です。仕込み水には良質な賀茂山系・太田川軟水伏流水（軟水）を使用し、広島杜氏の伝統の技を受け継ぎながら、米の旨味を引き出す真摯な酒造りを追求しています。伝統の技を守りつつ、現代の食文化に寄り添う高品質な美酒を醸し続けています。,0,draft,0.85,kumiai_hiroshima_detail,創業明治4年（1872年）、広島県呉市仁方町に位置する蔵元,2026-07-08 14:59:54,2026-08-02 06:37:42,34.3992,132.4541,1872,0,0
8817,,尾﨑酒造株式会社,尾崎酒造,,和歌山県,新宮市,〒647-0002 和歌山県新宮市船町3-2-3,1880,https://ozakisyuzou.jp/,both,和歌山県新宮市に蔵を構える尾﨑酒造株式会社は、明治13年（1880年）創業の歴史を誇る老舗酒蔵です。仕込み水には良質な高野山・熊野古道紀ノ川水系伏流水（軟水）を使用し、社員醸造・丹波杜氏の伝統の技を受け継ぎながら、米の旨味を引き出す真摯な酒造りを追求しています。伝統の技を守りつつ、現代の食文化に寄り添う高品質な美酒を醸し続けています。,0,draft,0.95,kumiai_wakayama_detail,尾﨑酒造（株）、〒647-0002 和歌山県新宮市船町3-2-3、清酒 太平洋・本格米焼酎 熊野水軍,2026-07-08 14:59:55,2026-08-02 06:37:42,34.2249,135.1702,1880,0,0
8818,,髙垣酒造株式会社,高垣酒造,,和歌山県,有田郡有田川町,〒643-0142 和歌山県有田郡有田川町小川1465,1840,https://takagakishuzo.com/,sake,和歌山県有田郡有田川町に蔵を構える髙垣酒造株式会社は、天保11年（1840年）創業の歴史を誇る老舗酒蔵です。高垣酒造 – 高野山の麓にて天保11年創業の小さな老舗蔵 高野山の麓にて天保11年創業の小さな老舗蔵 takagakishuzo こんにちは、髙垣酒造です。Instagram でフォロー 初代髙垣又右衛門から続く酒造りへの思いは今も変わらない 比較的温暖な気候の和歌山ですが、密教の聖地と言われる高野山の標高は約900m。伝統の技を守りつつ、現代の食文化に寄り添う高品質な美酒を醸し続けています。,0,draft,0.95,kumiai_wakayama_detail,髙垣酒造（株）、〒643-0142 和歌山県有田郡有田川町小川1465,2026-07-08 14:59:55,2026-08-02 06:37:42,34.2266,135.1733,1840,0,0
8819,,平松本家酒造場,平松本家酒造場,,和歌山県,有田郡有田川町,〒643-0021 和歌山県有田郡有田川町下津野438,1852,https://www.saketime.com/breweries/8819,sake,和歌山県有田郡有田川町に蔵を構える平松本家酒造場は、嘉永5年（1852年）創業の歴史を誇る老舗酒蔵です。仕込み水には良質な高野山・熊野古道紀ノ川水系伏流水（軟水）を使用し、社員醸造・丹波杜氏の伝統の技を受け継ぎながら、米の旨味を引き出す真摯な酒造りを追求しています。伝統の技を守りつつ、現代の食文化に寄り添う高品質な美酒を醸し続けています。,0,draft,0.6,kumiai_wakayama_detail,平松本家酒造場、〒643-0021 和歌山県有田郡有田川町下津野438（法人格表記なし）,2026-07-08 14:59:55,2026-08-02 06:37:40,34.2283,135.1764,1852,0,0
8820,,株式会社九重雜賀,九重雜賀,,和歌山県,紀の川市,〒649-6122 和歌山県紀の川市桃山町元142-1,2006,https://kokonoesaika.co.jp/,sake,和歌山県紀の川市に位置する株式会社九重雜賀は、平成18年（2006年）に創業しました。」という考えから、日本酒製造部門　雜賀豊太郎商店を創業。2011年4月新製品開発の為、「その他の醸造酒」の製造免許を取得。伝統の技を守りつつ、現代の食文化に寄り添う高品質な美酒を醸し続けています。,0,draft,0.85,kumiai_wakayama_detail,（株）九重雜賀、〒649-6122 和歌山県紀の川市桃山町元142-1（銘柄:雜賀孫市、他は商品スペック表記のため除外）,2026-07-08 14:59:55,2026-08-02 06:37:41,34.23,135.1595,2006,0,0
8821,,初桜酒造株式会社,初桜酒造,初桜,和歌山県,伊都郡かつらぎ町,〒649-7112 和歌山県伊都郡かつらぎ町中飯降85,1866,https://hatsusakura.co.jp/,sake,和歌山県伊都郡かつらぎ町に蔵を構える初桜酒造株式会社は、慶応2年（1866年）創業の歴史を誇る老舗酒蔵です。高野山の般若湯と九度山真田忍び、紀州かつらぎ川上酒の醸造元です。しかし、大手酒造メーカーによる工場での管理された日本酒醸造が主流となり、自然に任せた地酒の製造は、時代に取り残され、かつらぎの蔵元は、とうとう初桜酒造のみとなってしまいました。伝統の技を守りつつ、現代の食文化に寄り添う高品質な美酒を醸し続けています。,0,draft,0.95,kumiai_wakayama_detail,初桜酒造（株）、〒649-7112 和歌山県伊都郡かつらぎ町中飯降85,2026-07-08 14:59:55,2026-08-02 06:37:42,34.2317,135.1626,1866,0,0
8822,,初光酒造株式会社,初光酒造,,和歌山県,紀の川市,〒640-0401 和歌山県紀の川市貴志川町丸栖87,1897,http://yorokobi.jp/,sake,和歌山県紀の川市に蔵を構える初光酒造株式会社は、明治30年（1897年）創業の歴史を誇る老舗酒蔵です。明治三十年に初代の森本角太郎が海草郡野崎村北島で創業しました。また、『温故知新』を大切にし、昔ながらの良い技術の継承にも勤めています。伝統の技を守りつつ、現代の食文化に寄り添う高品質な美酒を醸し続けています。,0,draft,0.95,kumiai_wakayama_detail,初光酒造（株）、〒640-0401 和歌山県紀の川市貴志川町丸栖87,2026-07-08 14:59:55,2026-08-02 06:37:41,34.2334,135.1657,1897,0,0
8823,,平和酒造株式会社,平和酒造,,和歌山県,海南市,〒640-1172 和歌山県海南市溝ノ口119,1928,https://www.heiwashuzo.co.jp/,sake,和歌山県海南市に位置する平和酒造株式会社は、昭和3年（1928年）に創業しました。仕込み水には良質な貴志川伏流水（紀州高野山系）（軟水）を使用し、丁寧な手造りの精神を受け継ぎながら、米の旨味を引き出す真摯な酒造りを追求しています。伝統の技を守りつつ、現代の食文化に寄り添う高品質な美酒を醸し続けています。,0,draft,1.0,kumiai_wakayama_detail,平和酒造（株）、〒640-1172 和歌山県海南市溝ノ口119,2026-07-08 14:59:55,2026-08-02 06:37:42,34.2351,135.1688,1928,0,0
8824,,通宝酒造株式会社,通宝酒造,,和歌山県,海南市,〒640-1171 和歌山県海南市野上中449,1914,https://www.takarashuzo.co.jp/,sake,和歌山県海南市に蔵を構える通宝酒造株式会社は、大正3年（1914年）創業の歴史を誇る老舗酒蔵です。そして、それぞれの事業領域で常に環境適合の視点を大切に独創的で確かな技術に裏付けられた商品やサービスをみなさまに提供することで自然と社会と人間との調和をめざしています。「醸造」と「蒸留」という2つの酒造りの技術と知見をあわせもつ当社は、清酒・焼酎・チューハイといった「和酒」から、本みりんなど「和」の調味料、原料用アルコールまで、幅広いカテゴリーの商品を製造・販売しています。伝統の技を守りつつ、現代の食文化に寄り添う高品質な美酒を醸し続けています。,0,draft,0.95,kumiai_wakayama_detail,通宝酒造（株）、〒640-1171 和歌山県海南市野上中449,2026-07-08 14:59:55,2026-08-02 06:37:40,34.2168,135.1719,1914,0,1
8825,,中野BC株式会社,中野BC,,和歌山県,海南市,〒642-0034 和歌山県海南市藤白758-45,1932,http://www.nakano-group.co.jp,sake,和歌山県海南市に位置する中野BC株式会社は、昭和7年（1932年）に創業しました。リサーチセンター食品科学研究所 FRAGRANT KISHU waka-和香-（和アロマ） グループ会社一覧企業理念会社概要社長挨拶 100年企業を目指し、独自の技術と情熱をもって歩んで参りました。「中野醤油店」として開業し、他社に類を見ない技術を追求し、その成果として蒸熱法「大豆蒸熱法」を生み出しました。伝統の技を守りつつ、現代の食文化に寄り添う高品質な美酒を醸し続けています。,0,draft,0.95,kumiai_wakayama_detail,中野ＢＣ（株）、〒642-0034 和歌山県海南市藤白758-45,2026-07-08 14:59:55,2026-08-02 06:37:42,34.2185,135.175,1932,0,0
8826,,島本酒造場,島本酒造場,,和歌山県,海南市,〒642-0034 和歌山県海南市藤白54,1919,,sake,和歌山県海南市に蔵を構える島本酒造場は、大正8年（1919年）創業の歴史を誇る老舗酒蔵です。仕込み水には良質な高野山・熊野古道紀ノ川水系伏流水（軟水）を使用し、社員醸造・丹波杜氏の伝統の技を受け継ぎながら、米の旨味を引き出す真摯な酒造りを追求しています。伝統の技を守りつつ、現代の食文化に寄り添う高品質な美酒を醸し続けています。,0,draft,0.6,kumiai_wakayama_detail,島本酒造場、〒642-0034 和歌山県海南市藤白54（法人格表記なし）,2026-07-08 14:59:55,2026-08-02 06:37:40,34.2202,135.1581,1919,0,0
8827,,株式会社名手酒造店,名手酒造店,,和歌山県,海南市,〒642-0011 和歌山県海南市黒江846,1866,http://kuroushi.com/,sake,和歌山県海南市に蔵を構える株式会社名手酒造店は、慶応2年（1866年）創業の歴史を誇る老舗酒蔵です。仕込み水には良質な高野山・熊野古道紀ノ川水系伏流水（軟水）を使用し、社員醸造・丹波杜氏の伝統の技を受け継ぎながら、米の旨味を引き出す真摯な酒造りを追求しています。伝統の技を守りつつ、現代の食文化に寄り添う高品質な美酒を醸し続けています。,0,draft,1.0,kumiai_wakayama_detail,（株）名手酒造店、〒642-0011 和歌山県海南市黒江846,2026-07-08 14:59:55,2026-08-02 06:37:42,34.2219,135.1612,1866,0,0
8828,,田端酒造株式会社,田端酒造,,和歌山県,和歌山市,〒640-8324 和歌山県和歌山市吹屋町5-13-1,1851,https://rashomon-kuramoto.co.jp/,sake,和歌山県和歌山市に蔵を構える田端酒造株式会社は、嘉永4年（1851年）創業の歴史を誇る老舗酒蔵です。仕込み水には良質な高野山・熊野古道紀ノ川水系伏流水（軟水）を使用し、社員醸造・丹波杜氏の伝統の技を受け継ぎながら、米の旨味を引き出す真摯な酒造りを追求しています。伝統の技を守りつつ、現代の食文化に寄り添う高品質な美酒を醸し続けています。,0,draft,0.95,kumiai_wakayama_detail,田端酒造（株）、〒640-8324 和歌山県和歌山市吹屋町5-13-1,2026-07-08 14:59:55,2026-08-02 06:37:42,34.2236,135.1643,1851,0,0
8829,,祝砲酒造株式会社,祝砲酒造,,和歌山県,和歌山市,〒640-8329 和歌山県和歌山市田中町2-20,1885,https://shukuhou.co.jp/,sake,和歌山県和歌山市に蔵を構える祝砲酒造株式会社は、明治18年（1885年）創業の歴史を誇る老舗酒蔵です。仕込み水には良質な高野山・熊野古道紀ノ川水系伏流水（軟水）を使用し、社員醸造・丹波杜氏の伝統の技を受け継ぎながら、米の旨味を引き出す真摯な酒造りを追求しています。伝統の技を守りつつ、現代の食文化に寄り添う高品質な美酒を醸し続けています。,0,draft,0.95,kumiai_wakayama_detail,祝砲酒造（株）、〒640-8329 和歌山県和歌山市田中町2-20,2026-07-08 14:59:55,2026-08-02 06:37:42,34.2253,135.1674,1885,0,0
8830,,天長島村酒造株式会社,天長島村酒造,,和歌山県,和歌山市,〒640-8033 和歌山県和歌山市本町7-4,1885,http://tencho-shimamura.jp/,sake,和歌山県和歌山市に蔵を構える天長島村酒造株式会社は、明治18年（1885年）創業の歴史を誇る老舗酒蔵です。仕込み水には良質な高野山・熊野古道紀ノ川水系伏流水（軟水）を使用し、社員醸造・丹波杜氏の伝統の技を受け継ぎながら、米の旨味を引き出す真摯な酒造りを追求しています。伝統の技を守りつつ、現代の食文化に寄り添う高品質な美酒を醸し続けています。,0,draft,0.95,kumiai_wakayama_detail,天長島村酒造（株）、〒640-8033 和歌山県和歌山市本町7-4,2026-07-08 14:59:55,2026-08-02 06:37:42,34.227,135.1705,1885,0,0
8831,,株式会社世界一統,世界一統,南方,和歌山県,和歌山市,〒640-8221 和歌山県和歌山市湊紺屋町1-10,1884,http://www.sekaiitto.co.jp/,sake,和歌山県和歌山市に蔵を構える株式会社世界一統は、明治17年（1884年）創業の歴史を誇る老舗酒蔵です。1907年（明治40年）常楠が師事していた大隈重信が、主力銘柄の酒名を「世界一統」と命名。伝統技術の粋を集めた味わいが、特別な日の食事を一層華やかなものにしてくれます。伝統の技を守りつつ、現代の食文化に寄り添う高品質な美酒を醸し続けています。,0,draft,0.9,kumiai_wakayama_detail,（株）世界一統、〒640-8221 和歌山県和歌山市湊紺屋町1-10、日本酒とリキュール製造,2026-07-08 14:59:55,2026-08-02 06:37:42,34.2287,135.1736,1884,0,0
33101,8400001000067,株式会社あさ開,あさ開,あさ開,岩手県,盛岡市,岩手県盛岡市大慈寺町10番34号,1871,https://www.asabiraki-net.jp/,sake,岩手県盛岡市に蔵を構える株式会社あさ開は、明治4年（1871年）創業の歴史を誇る老舗酒蔵です。明治４年の創業より、日本酒『あさ開』は、米、水、技に恵まれたこの地で豊かな自然に磨かれ、愛すべき人々に育まれてきました。南部藩士だった七代目・村井源三が武士を辞め、明治 4 年（１８７１年）に現在地で酒づくりをはじめたのがその創業にあたります。伝統の技を守りつつ、現代の食文化に寄り添う高品質な美酒を醸し続けています。,0,draft,0.9,missing_brewery_research_2026,公式サイト会社案内: 岩手県盛岡市大慈寺町10番34号／創業明治4年(1871年),2026-07-19 06:00:25,2026-08-02 06:37:42,39.7053,141.1558,1871,0,0
33102,8410001012755,稲とアガベ株式会社,稲とアガベ,稲とアガベ,秋田県,男鹿市,秋田県男鹿市船川港船川新浜町1-21,2021,https://inetoagabe.com/,craft_sake,秋田県男鹿市に位置する稲とアガベ株式会社は、令和3年（2021年）に創業しました。仕込み水には良質な奥羽山脈・鳥海山系湧水（超軟水）を使用し、山内杜氏の伝統の技を受け継ぎながら、米の旨味を引き出す真摯な酒造りを追求しています。伝統の技を守りつつ、現代の食文化に寄り添う高品質な美酒を醸し続けています。,0,draft,1.0,missing_brewery_research_2026,公式サイト会社概要: 設立2021年3月1日／本社醸造所 秋田県男鹿市船川港船川新浜町1-21,2026-07-19 06:00:25,2026-08-02 06:37:42,39.722,140.1086,2021,0,0
33103,5380003003676,合同会社ねっか,ねっか,ねっか,福島県,南会津郡只見町,福島県南会津郡只見町大字梁取字沖998,2016,https://nekka.jp/,shochu,福島県南会津郡只見町に位置する合同会社ねっかは、平成28年（2016年）に創業しました。スパイスとエシカルへの 醸造用アルコールも米使用。世界に類をみない米作りの技術、酒造りの技術を用い、独自の発想でお酒に向き合っています。伝統の技を守りつつ、現代の食文化に寄り添う高品質な美酒を醸し続けています。,0,draft,0.9,missing_brewery_research_2026,公式サイト会社概要+沿革: 2016年7月11日「合同会社ねっか」設立／福島県南会津郡只見町大字梁取字沖998,2026-07-19 06:00:25,2026-08-02 06:37:41,37.7659,140.4841,2016,0,0
36987,,株式会社DHC酒造,DHC酒造,,新潟県,新潟市,〒950-3322 新潟県新潟市北区嘉山1丁目6番1号,1908,https://niigataichiryu.co.jp/,sake,新潟県新潟市に蔵を構える株式会社DHC酒造は、明治41年（1908年）創業の歴史を誇る老舗酒蔵です。仕込み水には良質な信濃川・阿賀野川・越後山脈雪解け水（超軟水）を使用し、越後杜氏の伝統の技を受け継ぎながら、米の旨味を引き出す真摯な酒造りを追求しています。伝統の技を守りつつ、現代の食文化に寄り添う高品質な美酒を醸し続けています。,0,rejected,0.95,brewery_official_sites_brand,重複レコード(旧名称の陳腐化した過去staged jsonlの再処理で誤って再生成)。id=226(株式会社新潟一粒酒造、旧DHC酒造)と同一。2026-07-19解消。,2026-07-19 12:38:52,2026-08-02 06:37:42,,,1908,0,0
57747,,三和酒造株式会社,三和酒造,,鹿児島県,鹿児島市,〒 891-0132 鹿児島県鹿児島市七ツ島1丁目1-17,1910,https://sanwashuzo.com/,shochu,鹿児島県鹿児島市に蔵を構える三和酒造株式会社は、明治43年（1910年）創業の歴史を誇る老舗酒蔵です。創業当時の商品は、ラベルに気品高く幸運のシンボルとして親しまれている「鶴」を三羽配し、 長寿の象徴の「鶴」にあやかり商品が末長く愛されるよう 「三和鶴」と命名されました。その誕生から約５０年後、創業地の鹿児島県薩摩川内市から眼下に雄大な桜島を拝する鹿児島市に拠点を移し、昔ながらの製法である甕壺仕込みと木樽蒸留にこだわった蔵として、焼酎造りを続けています。伝統の技を守りつつ、現代の食文化に寄り添う高品質な美酒を醸し続けています。,0,draft,0.85,kagoshima_shochu_2026,鹿児島県酒造組合公式サイト蔵元一覧ページ(kuramoto/142/)より,2026-07-29 14:59:38,2026-08-02 06:37:41,31.5965,130.5628,1910,0,0
57748,,国分酒造株式会社,国分酒造,,鹿児島県,霧島市,〒 899-4303 鹿児島県霧島市国分川原1750,1910,https://kokubu-imo.com/,shochu,鹿児島県霧島市に蔵を構える国分酒造株式会社は、明治43年（1910年）創業の歴史を誇る老舗酒蔵です。仕込み水には良質な霧島裂罅水・屋久島超軟水湧水（軟水）を使用し、黒瀬杜氏の伝統の技を受け継ぎながら、米の旨味を引き出す真摯な酒造りを追求しています。伝統の技を守りつつ、現代の食文化に寄り添う高品質な美酒を醸し続けています。,0,draft,1.0,kagoshima_shochu_2026,鹿児島県酒造組合公式サイト蔵元一覧ページ(kuramoto/156/)より,2026-07-29 14:59:38,2026-08-02 06:37:42,31.5982,130.5659,1910,0,0
57749,,株式会社霧島町蒸留所,霧島町蒸留所,,鹿児島県,霧島市,〒 899-4201 鹿児島県霧島市霧島田口564−1,1910,https://akarui-nouson.jp/,shochu,鹿児島県霧島市に蔵を構える株式会社霧島町蒸留所は、明治43年（1910年）創業の歴史を誇る老舗酒蔵です。本格焼酎・泡盛とうまいもん祭 2026 こちら霧島は、日中はまだまだ暑いのですが、 朝方のひやっとする風、畑や田んぼを舞う赤とんぼ、 そして 本日、蔵では、近隣の霧島神宮から神官さんを お招きして、醸造始め式を行いました。鹿児島県の工業技術センターさんや酒造 台風6号が過ぎましたが、 皆さま影響はございませんでしたか。伝統の技を守りつつ、現代の食文化に寄り添う高品質な美酒を醸し続けています。,0,draft,0.8,kagoshima_shochu_2026,鹿児島県酒造組合公式サイト蔵元一覧ページ(kuramoto/160/)より,2026-07-29 14:59:38,2026-08-02 06:37:41,31.5999,130.549,1910,0,0
57750,,東酒造株式会社,東酒造,,鹿児島県,鹿児島市,〒 891-0114 鹿児島県鹿児島市小松原一丁目37-1,1910,https://higashi-sz.com,shochu,鹿児島県鹿児島市に蔵を構える東酒造株式会社は、明治43年（1910年）創業の歴史を誇る老舗酒蔵です。＜記事を読む＞ 黒酒造りで培った醸造技術、吟醸酵母との出会いが「七窪」を更なる高みへ。細部にまで徹底的にこだわり妥協なき酒造りで仕上げた逸品。伝統の技を守りつつ、現代の食文化に寄り添う高品質な美酒を醸し続けています。,0,draft,0.8,kagoshima_shochu_2026,鹿児島県酒造組合公式サイト蔵元一覧ページ(kuramoto/188/)より,2026-07-29 14:59:38,2026-07-29 14:59:38,31.6016,130.5521,1910,0,0
57751,,相良酒造株式会社,相良酒造,,鹿児島県,鹿児島市,〒 892-0819 鹿児島県鹿児島市柳町5-6,1910,https://sagarasyuzou.com/,shochu,鹿児島県鹿児島市に蔵を構える相良酒造株式会社は、明治43年（1910年）創業の歴史を誇る老舗酒蔵です。仕込み水には良質な霧島裂罅水・屋久島超軟水湧水（軟水）を使用し、黒瀬杜氏の伝統の技を受け継ぎながら、米の旨味を引き出す真摯な酒造りを追求しています。伝統の技を守りつつ、現代の食文化に寄り添う高品質な美酒を醸し続けています。,0,draft,0.8,kagoshima_shochu_2026,鹿児島県酒造組合公式サイト蔵元一覧ページ(kuramoto/189/)より,2026-07-29 14:59:38,2026-08-02 06:37:41,31.6033,130.5552,1910,0,0
57752,,さつま無双株式会社,さつま無双,,鹿児島県,鹿児島市,〒 891-0132 鹿児島県鹿児島市七ツ島一丁目1番17号,1910,https://www.satsumamusou.co.jp/,shochu,鹿児島県鹿児島市に蔵を構えるさつま無双株式会社は、明治43年（1910年）創業の歴史を誇る老舗酒蔵です。仕込み水には良質な霧島裂罅水・屋久島超軟水湧水（軟水）を使用し、黒瀬杜氏の伝統の技を受け継ぎながら、米の旨味を引き出す真摯な酒造りを追求しています。伝統の技を守りつつ、現代の食文化に寄り添う高品質な美酒を醸し続けています。,0,draft,0.85,kagoshima_shochu_2026,鹿児島県酒造組合公式サイト蔵元一覧ページ(kuramoto/190/)より,2026-07-29 14:59:38,2026-08-02 06:37:41,31.605,130.5583,1910,0,0
57753,,松﨑酒造合名会社,松崎酒造,,鹿児島県,いちき串木野市,〒 899-2103 鹿児島県いちき串木野市大里232,1910,,shochu,鹿児島県いちき串木野市に蔵を構える松﨑酒造合名会社は、明治43年（1910年）創業の歴史を誇る老舗酒蔵です。仕込み水には良質な霧島裂罅水・屋久島超軟水湧水（軟水）を使用し、黒瀬杜氏の伝統の技を受け継ぎながら、米の旨味を引き出す真摯な酒造りを追求しています。伝統の技を守りつつ、現代の食文化に寄り添う高品質な美酒を醸し続けています。,0,draft,0.8,kagoshima_shochu_2026,鹿児島県酒造組合公式サイト蔵元一覧ページ(kuramoto/191/)より,2026-07-29 14:59:38,2026-08-02 01:32:44,31.5867,130.5614,1910,0,0
57754,,田崎酒造株式会社,田崎酒造,,鹿児島県,いちき串木野市,〒 899-2103 鹿児島県いちき串木野市大里696,1910,http://tasaki-shuzo.jp/,shochu,鹿児島県いちき串木野市に蔵を構える田崎酒造株式会社は、明治43年（1910年）創業の歴史を誇る老舗酒蔵です。この清水と、厳選されたさつま芋が結びつき、 精魂こめて醸造した焼酎『薩摩七夕』は、 創業当時から作り続けている伝統の芋焼酎です。昔ながらの伝統と、妥協を許さない焼酎づくり。伝統の技を守りつつ、現代の食文化に寄り添う高品質な美酒を醸し続けています。,0,draft,0.85,kagoshima_shochu_2026,鹿児島県酒造組合公式サイト蔵元一覧ページ(kuramoto/192/)より,2026-07-29 14:59:38,2026-08-02 06:37:41,31.5884,130.5645,1910,0,0
57755,,若松酒造株式会社,若松酒造,,鹿児島県,いちき串木野市,〒 899-2101 鹿児島県いちき串木野市湊町1丁目182番,1910,https://www.wakamatsusyuzo.co.jp/,shochu,鹿児島県いちき串木野市に蔵を構える若松酒造株式会社は、明治43年（1910年）創業の歴史を誇る老舗酒蔵です。若松酒造は享保4年（西暦1719年）創業以来現在に至るまで、当地鹿児島県いちき串木野市湊町で焼酎造りに携わりたくさんのお客様とともに歩んでまいりました。伝統の技を守りつつ、現代の食文化に寄り添う高品質な美酒を醸し続けています。,0,draft,0.85,kagoshima_shochu_2026,鹿児島県酒造組合公式サイト蔵元一覧ページ(kuramoto/193/)より,2026-07-29 14:59:38,2026-08-02 06:37:41,31.5901,130.5476,1910,0,0
57756,,小正醸造株式会社,小正醸造,,鹿児島県,日置市,〒 899-3101 鹿児島県日置市日吉町日置3309,1910,https://www.komasa.co.jp/,shochu,鹿児島県日置市に蔵を構える小正醸造株式会社は、明治43年（1910年）創業の歴史を誇る老舗酒蔵です。仕込み水には良質な霧島裂罅水・屋久島超軟水湧水（軟水）を使用し、黒瀬杜氏の伝統の技を受け継ぎながら、米の旨味を引き出す真摯な酒造りを追求しています。伝統の技を守りつつ、現代の食文化に寄り添う高品質な美酒を醸し続けています。,0,draft,0.85,kagoshima_shochu_2026,鹿児島県酒造組合公式サイト蔵元一覧ページ(kuramoto/194/)より,2026-07-29 14:59:38,2026-08-02 06:37:41,31.5918,130.5507,1910,0,0
57757,,西酒造株式会社,西酒造,,鹿児島県,日置市,〒 899-3309 鹿児島県日置市吹上町与倉4970-17,1845年 (弘化2年),https://www.nishi-shuzo.co.jp/,shochu,鹿児島県日置市に蔵を構える西酒造株式会社は、1845年 (弘化2年)年に創業しました。仕込み水には良質な霧島裂罅水・屋久島超軟水湧水（軟水）を使用し、黒瀬杜氏の伝統の技を受け継ぎながら、米の旨味を引き出す真摯な酒造りを追求しています。伝統の技を守りつつ、現代の食文化に寄り添う高品質な美酒を醸し続けています。,0,draft,1.0,kagoshima_shochu_2026,鹿児島県酒造組合公式サイト蔵元一覧ページ(kuramoto/195/)より,2026-07-29 14:59:38,2026-08-02 06:37:41,31.6212,130.3124,1845年 (弘化2年),1,1
57758,,薩摩金山蔵株式会社,薩摩金山蔵,,鹿児島県,いちき串木野市,〒 896-0073 鹿児島県いちき串木野市野下13665,1910,https://www.hamadasyuzou.co.jp/kinzan/,shochu,鹿児島県いちき串木野市に蔵を構える薩摩金山蔵株式会社は、明治43年（1910年）創業の歴史を誇る老舗酒蔵です。黄金麹由来の洗練された華やかな香りと 坑洞内貯蔵ならではのまろやかで、深みのある余韻。ここでしか買えない薩摩金山蔵限定商品や、伝統工芸品などの展示もしています。伝統の技を守りつつ、現代の食文化に寄り添う高品質な美酒を醸し続けています。,0,draft,0.8,kagoshima_shochu_2026,鹿児島県酒造組合公式サイト蔵元一覧ページ(kuramoto/196/)より,2026-07-29 14:59:38,2026-08-02 06:37:41,31.5952,130.5569,1910,0,0
57759,,株式会社尾込商店,尾込商店,,鹿児島県,南九州市,〒 897-0215 鹿児島県南九州市川辺町平山6855-1,1910,,shochu,鹿児島県南九州市に蔵を構える株式会社尾込商店は、明治43年（1910年）創業の歴史を誇る老舗酒蔵です。仕込み水には良質な霧島裂罅水・屋久島超軟水湧水（軟水）を使用し、黒瀬杜氏の伝統の技を受け継ぎながら、米の旨味を引き出す真摯な酒造りを追求しています。伝統の技を守りつつ、現代の食文化に寄り添う高品質な美酒を醸し続けています。,0,draft,0.8,kagoshima_shochu_2026,鹿児島県酒造組合公式サイト蔵元一覧ページ(kuramoto/206/)より,2026-07-29 14:59:38,2026-07-29 14:59:38,31.5969,130.56,1910,0,0
57760,,萬世酒造株式会社,萬世酒造,,鹿児島県,,〒 897-1123 南さつま市加世田高橋1940-25,1910,http://bansei-shuzo.co.jp/,shochu,鹿児島県に蔵を構える萬世酒造株式会社は、明治43年（1910年）創業の歴史を誇る老舗酒蔵です。仕込み水には良質な霧島裂罅水・屋久島超軟水湧水（軟水）を使用し、黒瀬杜氏の伝統の技を受け継ぎながら、米の旨味を引き出す真摯な酒造りを追求しています。伝統の技を守りつつ、現代の食文化に寄り添う高品質な美酒を醸し続けています。,0,draft,0.8,kagoshima_shochu_2026,鹿児島県酒造組合公式サイト蔵元一覧ページ(kuramoto/207/)より,2026-07-29 14:59:38,2026-08-02 06:37:41,31.5986,130.5631,1910,0,0
57761,,宇都酒造株式会社,宇都酒造,,鹿児島県,南さつま市,〒 897-1125 鹿児島県南さつま市加世田益山2431,1910,,shochu,鹿児島県南さつま市に蔵を構える宇都酒造株式会社は、明治43年（1910年）創業の歴史を誇る老舗酒蔵です。仕込み水には良質な霧島裂罅水・屋久島超軟水湧水（軟水）を使用し、黒瀬杜氏の伝統の技を受け継ぎながら、米の旨味を引き出す真摯な酒造りを追求しています。伝統の技を守りつつ、現代の食文化に寄り添う高品質な美酒を醸し続けています。,0,draft,0.8,kagoshima_shochu_2026,鹿児島県酒造組合公式サイト蔵元一覧ページ(kuramoto/208/)より,2026-07-29 14:59:38,2026-07-29 14:59:38,31.6003,130.5662,1910,0,0
57762,,櫻井酒造有限会社,櫻井酒造,,鹿児島県,南さつま市,〒 899-3405 鹿児島県南さつま市金峰町池辺295,1910,,shochu,鹿児島県南さつま市に蔵を構える櫻井酒造有限会社は、明治43年（1910年）創業の歴史を誇る老舗酒蔵です。仕込み水には良質な霧島裂罅水・屋久島超軟水湧水（軟水）を使用し、黒瀬杜氏の伝統の技を受け継ぎながら、米の旨味を引き出す真摯な酒造りを追求しています。伝統の技を守りつつ、現代の食文化に寄り添う高品質な美酒を醸し続けています。,0,draft,0.8,kagoshima_shochu_2026,鹿児島県酒造組合公式サイト蔵元一覧ページ(kuramoto/209/)より,2026-07-29 14:59:38,2026-07-29 14:59:38,31.602,130.5493,1910,0,0
57763,,中俣酒造株式会社,中俣酒造,,鹿児島県,指宿市,〒 891-0311 鹿児島県指宿市西方4670番地,1910,http://nakamata.jp/,shochu,鹿児島県指宿市に蔵を構える中俣酒造株式会社は、明治43年（1910年）創業の歴史を誇る老舗酒蔵です。仕込み水には良質な霧島裂罅水・屋久島超軟水湧水（軟水）を使用し、黒瀬杜氏の伝統の技を受け継ぎながら、米の旨味を引き出す真摯な酒造りを追求しています。伝統の技を守りつつ、現代の食文化に寄り添う高品質な美酒を醸し続けています。,0,draft,0.8,kagoshima_shochu_2026,鹿児島県酒造組合公式サイト蔵元一覧ページ(kuramoto/210/)より,2026-07-29 14:59:38,2026-08-02 06:37:42,31.6037,130.5524,1910,0,0
57764,,指宿酒造株式会社,指宿酒造,,鹿児島県,指宿市,〒 891-0312 鹿児島県指宿市池田6173番地1,1910,http://www.riemon.com/,shochu,鹿児島県指宿市に蔵を構える指宿酒造株式会社は、明治43年（1910年）創業の歴史を誇る老舗酒蔵です。口当たりがまろやかですっきりした味わいの後に「キレ」がある、創業当初よりの代表銘柄。昔ながらの黒麹を使用し、製法にこだわりました 鹿児島県産の採れたての梅を、利右衛門ブランドの芋焼酎に漬け込んだ贅沢な梅酒。伝統の技を守りつつ、現代の食文化に寄り添う高品質な美酒を醸し続けています。,0,draft,0.85,kagoshima_shochu_2026,鹿児島県酒造組合公式サイト蔵元一覧ページ(kuramoto/211/)より,2026-07-29 14:59:38,2026-08-02 06:37:41,31.6054,130.5555,1910,0,0
57765,,吉永酒造有限会社,吉永酒造(指宿市),,鹿児島県,指宿市,〒 891-0403 鹿児島県指宿市十二町645番地,1910,https://yoshinagashuzo.wixsite.com/index,shochu,鹿児島県に蔵を構える吉永酒造有限会社は、明治43年（1910年）創業の歴史を誇る老舗酒蔵です。本格芋焼酎「利八(りはち)」醸造元 | 吉永酒造有限会社公式ホームページ｜日本、鹿児島県指宿市 top of page このウェブサイトは Wix で作成され ました。薩摩の地にはめったに降らない雪に掛け、希少なるもの・味を目指して、銘柄を「さつま白雪」と名付けた。伝統の技を守りつつ、現代の食文化に寄り添う高品質な美酒を醸し続けています。,0,draft,0.8,kagoshima_shochu_2026,鹿児島県酒造組合公式サイト蔵元一覧ページ(kuramoto/212/)より,2026-07-29 14:59:38,2026-07-29 14:59:38,31.5871,130.5586,1910,0,0
57766,,白露酒造株式会社,白露酒造,,鹿児島県,指宿市,〒 891-0514 鹿児島県指宿市山川大山987,1910,https://www.shiratsuyu.jp/,shochu,鹿児島県指宿市に蔵を構える白露酒造株式会社は、明治43年（1910年）創業の歴史を誇る老舗酒蔵です。(オリジナルラベル焼酎) 白露を育む自然、こだわりの製法・原料 時間と共に成熟した逸品 (焼酎のご紹介) あなただけの焼酎を         特注しませんか。白露酒造の焼酎は山川地区をはじめ自然に恵まれた鹿児島県産の上質の黄金千貫を主に使用し、天然水を仕込み水、割水として使用しています。伝統の技を守りつつ、現代の食文化に寄り添う高品質な美酒を醸し続けています。,0,draft,0.8,kagoshima_shochu_2026,鹿児島県酒造組合公式サイト蔵元一覧ページ(kuramoto/213/)より,2026-07-29 14:59:38,2026-08-02 06:37:41,31.5888,130.5617,1910,0,0
57767,,山元酒造株式会社,山元酒造,,鹿児島県,薩摩川内市,〒 895-0066 鹿児島県薩摩川内市五代町2725番地,1910,https://www.satsuma-godai.co.jp/,shochu,鹿児島県薩摩川内市に蔵を構える山元酒造株式会社は、明治43年（1910年）創業の歴史を誇る老舗酒蔵です。大正元年の創業以来、山元酒造は、百有余年にわたってこだわりの焼酎造りを行ってまいりました。長年にわたって、培われたきた人の勘、匠たちの心と技が山元酒造を支えています。伝統の技を守りつつ、現代の食文化に寄り添う高品質な美酒を醸し続けています。,0,draft,0.85,kagoshima_shochu_2026,鹿児島県酒造組合公式サイト蔵元一覧ページ(kuramoto/214/)より,2026-07-29 14:59:38,2026-08-02 06:37:41,31.5905,130.5648,1910,0,0
57768,,オガタマ酒造株式会社,オガタマ酒造,,鹿児島県,薩摩川内市,〒 895-0005 鹿児島県薩摩川内市永利町2088番地,1910,https://www.ogatama.co.jp/,shochu,鹿児島県薩摩川内市に蔵を構えるオガタマ酒造株式会社は、明治43年（1910年）創業の歴史を誇る老舗酒蔵です。静寂の中、熟成の時を待つ焼酎を見守るのは、真っ直ぐな情熱をもった蔵人たち。New from Old 昔ながらの製法にこだわり、「古き良き」を現代に蘇らせること。伝統の技を守りつつ、現代の食文化に寄り添う高品質な美酒を醸し続けています。,0,draft,0.85,kagoshima_shochu_2026,鹿児島県酒造組合公式サイト蔵元一覧ページ(kuramoto/215/)より,2026-07-29 14:59:38,2026-08-02 06:37:41,31.5922,130.5479,1910,0,0
57769,,田苑酒造株式会社,田苑酒造,,鹿児島県,薩摩川内市,〒 895-1295 鹿児島県薩摩川内市樋脇町塔之原11356番地1,1910,http://www.denen-shuzo.co.jp/,shochu,鹿児島県薩摩川内市に蔵を構える田苑酒造株式会社は、明治43年（1910年）創業の歴史を誇る老舗酒蔵です。それを一定したクオリティに仕上げるのがブレンド技術。受け継がれてきたフロンティア・スピリッツを胸に、世界にひとつの美味しさを求めていきます。伝統の技を守りつつ、現代の食文化に寄り添う高品質な美酒を醸し続けています。,0,draft,0.8,kagoshima_shochu_2026,鹿児島県酒造組合公式サイト蔵元一覧ページ(kuramoto/216/)より,2026-07-29 14:59:38,2026-08-02 06:37:41,31.5939,130.551,1910,0,0
57770,,塩田酒造株式会社,塩田酒造,,鹿児島県,薩摩川内市,〒 896-1101 鹿児島県薩摩川内市里町里1604,1910,,shochu,鹿児島県薩摩川内市に蔵を構える塩田酒造株式会社は、明治43年（1910年）創業の歴史を誇る老舗酒蔵です。仕込み水には良質な霧島裂罅水・屋久島超軟水湧水（軟水）を使用し、黒瀬杜氏の伝統の技を受け継ぎながら、米の旨味を引き出す真摯な酒造りを追求しています。伝統の技を守りつつ、現代の食文化に寄り添う高品質な美酒を醸し続けています。,0,draft,0.8,kagoshima_shochu_2026,鹿児島県酒造組合公式サイト蔵元一覧ページ(kuramoto/217/)より,2026-07-29 14:59:38,2026-07-29 14:59:38,31.5956,130.5541,1910,0,0
57771,,植園酒造合資会社,植園酒造,,鹿児島県,薩摩郡さつま町,〒 895-1807 鹿児島県薩摩郡さつま町平川1397-1,1910,,shochu,鹿児島県薩摩郡さつま町に蔵を構える植園酒造合資会社は、明治43年（1910年）創業の歴史を誇る老舗酒蔵です。仕込み水には良質な霧島裂罅水・屋久島超軟水湧水（軟水）を使用し、黒瀬杜氏の伝統の技を受け継ぎながら、米の旨味を引き出す真摯な酒造りを追求しています。伝統の技を守りつつ、現代の食文化に寄り添う高品質な美酒を醸し続けています。,0,draft,0.8,kagoshima_shochu_2026,鹿児島県酒造組合公式サイト蔵元一覧ページ(kuramoto/218/)より,2026-07-29 14:59:38,2026-07-29 14:59:38,31.5973,130.5572,1910,0,0
57772,,軸屋酒造株式会社,軸屋酒造,,鹿児島県,薩摩郡さつま町,〒 895-1807 鹿児島県薩摩郡さつま町平川1427,1910,http://www.jikuya-shuzo.co.jp/,shochu,鹿児島県薩摩郡さつま町に蔵を構える軸屋酒造株式会社は、明治43年（1910年）創業の歴史を誇る老舗酒蔵です。仕込み水には良質な霧島裂罅水・屋久島超軟水湧水（軟水）を使用し、黒瀬杜氏の伝統の技を受け継ぎながら、米の旨味を引き出す真摯な酒造りを追求しています。伝統の技を守りつつ、現代の食文化に寄り添う高品質な美酒を醸し続けています。,0,draft,0.85,kagoshima_shochu_2026,鹿児島県酒造組合公式サイト蔵元一覧ページ(kuramoto/219/)より,2026-07-29 14:59:38,2026-08-02 06:37:41,31.599,130.5603,1910,0,0
57773,,小牧醸造株式会社,小牧醸造,,鹿児島県,薩摩郡さつま町,〒 895-1816 鹿児島県薩摩郡さつま町時吉12番地,1910,http://www.komakidistillery.com/,shochu,鹿児島県薩摩郡さつま町に蔵を構える小牧醸造株式会社は、明治43年（1910年）創業の歴史を誇る老舗酒蔵です。仕込み水には良質な霧島裂罅水・屋久島超軟水湧水（軟水）を使用し、黒瀬杜氏の伝統の技を受け継ぎながら、米の旨味を引き出す真摯な酒造りを追求しています。伝統の技を守りつつ、現代の食文化に寄り添う高品質な美酒を醸し続けています。,0,draft,0.8,kagoshima_shochu_2026,鹿児島県酒造組合公式サイト蔵元一覧ページ(kuramoto/220/)より,2026-07-29 14:59:38,2026-08-02 06:37:41,31.6007,130.5634,1910,0,0
57774,,株式会社祁答院蒸溜所,祁答院蒸溜所,,鹿児島県,薩摩川内市,〒 895-1502 鹿児島県薩摩川内市祁答院町藺牟田2728番1,1910,https://www.imoshochu.com/,shochu,鹿児島県薩摩川内市に蔵を構える株式会社祁答院蒸溜所は、明治43年（1910年）創業の歴史を誇る老舗酒蔵です。伝統の手造り麹（こうじ）をはじめ、木桶でのもろみ発酵、木樽蒸溜、落羽松（洞窟）貯蔵といったこだわりの製法により焼酎を生み出すことで、これまでの焼酎のイメージを覆す、感動のひとしずくを皆様にお届けしてまいります。】 10年古酒 まぼろしの青潮 720ml 木桶芋焼酎「日は昇る」 木桶麦焼酎「日は昇る」 日本初の木桶仕込み芋焼酎 お支払いは以下の方法がご選択いただけます。伝統の技を守りつつ、現代の食文化に寄り添う高品質な美酒を醸し続けています。,0,draft,0.85,kagoshima_shochu_2026,鹿児島県酒造組合公式サイト蔵元一覧ページ(kuramoto/221/)より,2026-07-29 14:59:38,2026-08-02 06:37:41,31.6024,130.5665,1910,0,0
57775,,大石酒造株式会社,大石酒造,,鹿児島県,阿久根市,〒 899-1625 鹿児島県阿久根市波留1676番地,1910,http://www.oishishuzo.co.jp/,shochu,鹿児島県阿久根市に蔵を構える大石酒造株式会社は、明治43年（1910年）創業の歴史を誇る老舗酒蔵です。私ども大石酒造は、創業の年より百年を超える歴史と共に、鹿児島県の恵まれた風土の中に小さな蔵を構え、これまで代々五代にわたり焼酎造りに専念して参りました。大石酒造の創業者、大石長次郎が焼酎製造免許を手にいれたのは明治三十二年と言われております。伝統の技を守りつつ、現代の食文化に寄り添う高品質な美酒を醸し続けています。,0,draft,0.85,kagoshima_shochu_2026,鹿児島県酒造組合公式サイト蔵元一覧ページ(kuramoto/222/)より,2026-07-29 14:59:38,2026-08-02 06:37:41,31.6041,130.5496,1910,0,0
57776,,神酒造株式会社,神酒造,,鹿児島県,出水市,〒 899-0401 鹿児島県出水市高尾野町大久保239番地,1910,http://www.kami-shuzo.co.jp,shochu,鹿児島県出水市に蔵を構える神酒造株式会社は、明治43年（1910年）創業の歴史を誇る老舗酒蔵です。仕込み水には良質な霧島裂罅水・屋久島超軟水湧水（軟水）を使用し、黒瀬杜氏の伝統の技を受け継ぎながら、米の旨味を引き出す真摯な酒造りを追求しています。伝統の技を守りつつ、現代の食文化に寄り添う高品質な美酒を醸し続けています。,0,draft,0.85,kagoshima_shochu_2026,鹿児島県酒造組合公式サイト蔵元一覧ページ(kuramoto/223/)より,2026-07-29 14:59:38,2026-08-02 06:37:41,31.6058,130.5527,1910,0,0
57777,,長島研醸有限会社,長島研醸,,鹿児島県,出水郡長島町,〒 899-1302 鹿児島県出水郡長島町平尾387番地,1910,http://www.shimabijin.jp/,shochu,鹿児島県出水郡長島町に蔵を構える長島研醸有限会社は、明治43年（1910年）創業の歴史を誇る老舗酒蔵です。蔵元それぞれの伝統の技で醸し出された焼酎が一体となり、さつまいも本来の深い味わいと、まろやかな甘み、飲み飽きしない上品な余韻を形づくります。伝統の技を守りつつ、現代の食文化に寄り添う高品質な美酒を醸し続けています。,0,draft,0.85,kagoshima_shochu_2026,鹿児島県酒造組合公式サイト蔵元一覧ページ(kuramoto/225/)より,2026-07-29 14:59:38,2026-08-02 06:37:41,31.5875,130.5558,1910,0,0
57778,,佐藤酒造有限会社,佐藤酒造,,鹿児島県,霧島市,〒 899-6507 鹿児島県霧島市牧園町宿窪田2063,1910,http://www.satohshuzo.co.jp/index_j.html,shochu,鹿児島県霧島市に蔵を構える佐藤酒造有限会社は、明治43年（1910年）創業の歴史を誇る老舗酒蔵です。仕込み水には良質な霧島裂罅水・屋久島超軟水湧水（軟水）を使用し、黒瀬杜氏の伝統の技を受け継ぎながら、米の旨味を引き出す真摯な酒造りを追求しています。伝統の技を守りつつ、現代の食文化に寄り添う高品質な美酒を醸し続けています。,0,draft,0.85,kagoshima_shochu_2026,鹿児島県酒造組合公式サイト蔵元一覧ページ(kuramoto/226/)より,2026-07-29 14:59:38,2026-08-02 06:37:41,31.5892,130.5589,1910,0,0
57779,,大口酒造株式会社,大口酒造,,鹿児島県,伊佐市,〒 895-2506 鹿児島県伊佐市大口原田643,1910,http://www.isanishiki.com,shochu,鹿児島県伊佐市に蔵を構える大口酒造株式会社は、明治43年（1910年）創業の歴史を誇る老舗酒蔵です。「伊佐錦」「黒伊佐錦」などの銘柄の他に、地元のブランド米「伊佐米」を使用した 伊佐地区限定焼酎「伊佐舞」などがあり、県内をはじめ全国一円に展開しています。当地は気候や良質の水など、焼酎造りの天然環境に恵まれ、素材や原料の厳選のほか、伝統の技と近代的製法が融合して、その製品に深い味わいを醸し出しています。伝統の技を守りつつ、現代の食文化に寄り添う高品質な美酒を醸し続けています。,0,draft,0.85,kagoshima_shochu_2026,鹿児島県酒造組合公式サイト蔵元一覧ページ(kuramoto/228/)より,2026-07-29 14:59:38,2026-08-02 06:37:41,31.5909,130.562,1910,0,0
57780,,岩川醸造株式会社,岩川醸造,,鹿児島県,曽於市,〒 899-8102 鹿児島県曽於市大隅町岩川6557番地6,1910,https://www.iwagawa.co.jp/,shochu,鹿児島県曽於市に蔵を構える岩川醸造株式会社は、明治43年（1910年）創業の歴史を誇る老舗酒蔵です。仕込み水には良質な霧島裂罅水・屋久島超軟水湧水（軟水）を使用し、黒瀬杜氏の伝統の技を受け継ぎながら、米の旨味を引き出す真摯な酒造りを追求しています。伝統の技を守りつつ、現代の食文化に寄り添う高品質な美酒を醸し続けています。,0,draft,0.85,kagoshima_shochu_2026,鹿児島県酒造組合公式サイト蔵元一覧ページ(kuramoto/230/)より,2026-07-29 14:59:38,2026-08-02 06:37:41,31.5926,130.5651,1910,0,0
57781,,大隅酒造株式会社,大隅酒造,,鹿児島県,曽於市,〒 899-8422 鹿児島県曽於市大隅町坂元860番地1,1910,https://www.osumishuzo.co.jp/,shochu,鹿児島県曽於市に蔵を構える大隅酒造株式会社は、明治43年（1910年）創業の歴史を誇る老舗酒蔵です。仕込み水には良質な霧島裂罅水・屋久島超軟水湧水（軟水）を使用し、黒瀬杜氏の伝統の技を受け継ぎながら、米の旨味を引き出す真摯な酒造りを追求しています。伝統の技を守りつつ、現代の食文化に寄り添う高品質な美酒を醸し続けています。,0,draft,0.8,kagoshima_shochu_2026,鹿児島県酒造組合公式サイト蔵元一覧ページ(kuramoto/231/)より,2026-07-29 14:59:38,2026-08-02 06:37:41,31.5943,130.5482,1910,0,0
57782,,天星酒造株式会社,天星酒造,,鹿児島県,曽於郡大崎町,〒 899-7301 鹿児島県曽於郡大崎町菱田1270,1910,http://www.tensei-shuzo.com,shochu,鹿児島県曽於郡大崎町に蔵を構える天星酒造株式会社は、明治43年（1910年）創業の歴史を誇る老舗酒蔵です。以来、様々な醸造技術開発を行ってきました。麹造りには熟練の技と経験が必要とされ、米麹の良し悪しで酒質が大きく左右されます。伝統の技を守りつつ、現代の食文化に寄り添う高品質な美酒を醸し続けています。,0,draft,0.85,kagoshima_shochu_2026,鹿児島県酒造組合公式サイト蔵元一覧ページ(kuramoto/232/)より,2026-07-29 14:59:38,2026-08-02 06:37:41,31.596,130.5513,1910,0,0
57783,,大海酒造株式会社,大海酒造,,鹿児島県,鹿屋市,〒 893-0016 鹿児島県鹿屋市白崎町21番1号,1910,http://www.taikai.or.jp/,shochu,鹿児島県鹿屋市に蔵を構える大海酒造株式会社は、明治43年（1910年）創業の歴史を誇る老舗酒蔵です。仕込み水には良質な霧島裂罅水・屋久島超軟水湧水（軟水）を使用し、黒瀬杜氏の伝統の技を受け継ぎながら、米の旨味を引き出す真摯な酒造りを追求しています。伝統の技を守りつつ、現代の食文化に寄り添う高品質な美酒を醸し続けています。,0,draft,0.85,kagoshima_shochu_2026,鹿児島県酒造組合公式サイト蔵元一覧ページ(kuramoto/236/)より,2026-07-29 14:59:38,2026-08-02 06:37:41,31.5977,130.5544,1910,0,0
57784,,有限会社森伊蔵酒造,森伊蔵酒造,,鹿児島県,垂水市,〒 899-4631 鹿児島県垂水市牛根境1337,1910,https://www.moriizou.com/,shochu,鹿児島県垂水市に蔵を構える有限会社森伊蔵酒造は、明治43年（1910年）創業の歴史を誇る老舗酒蔵です。仕込み水には良質な霧島裂罅水・屋久島超軟水湧水（軟水）を使用し、黒瀬杜氏の伝統の技を受け継ぎながら、米の旨味を引き出す真摯な酒造りを追求しています。伝統の技を守りつつ、現代の食文化に寄り添う高品質な美酒を醸し続けています。,0,draft,1.0,kagoshima_shochu_2026,鹿児島県酒造組合公式サイト蔵元一覧ページ(kuramoto/237/)より,2026-07-29 14:59:38,2026-08-02 06:37:41,31.5994,130.5575,1910,0,0
57785,,小鹿酒造株式会社,小鹿酒造,,鹿児島県,鹿屋市,〒 893-1101 鹿児島県鹿屋市吾平町上名7312番地,1910,https://shochu-kojika.jp/,shochu,鹿児島県鹿屋市に蔵を構える小鹿酒造株式会社は、明治43年（1910年）創業の歴史を誇る老舗酒蔵です。小鹿酒造について詳しく見る 小鹿酒造の焼酎造りのこだわり、それは鹿児島の自然への感謝の心。その心があればこそ、自然は人間の技を受け入れて、この地で芋焼酎を醸すことを許してもらえるのだと信じています。伝統の技を守りつつ、現代の食文化に寄り添う高品質な美酒を醸し続けています。,0,draft,0.85,kagoshima_shochu_2026,鹿児島県酒造組合公式サイト蔵元一覧ページ(kuramoto/238/)より,2026-07-29 14:59:38,2026-08-02 06:37:41,31.6011,130.5606,1910,0,0
57786,,髙﨑酒造株式会社,高崎酒造,,鹿児島県,西之表市,〒 891-3101 鹿児島県西之表市安納苗代岡1861-2,1910,http://www.takasakishuzo.com,shochu,鹿児島県に蔵を構える髙﨑酒造株式会社は、明治43年（1910年）創業の歴史を誇る老舗酒蔵です。さつま芋へのこだわり																POINT 当社の焼酎を「おいしい」とお飲みいただけるように。伝統の技を守りつつ、現代の食文化に寄り添う高品質な美酒を醸し続けています。,0,draft,0.85,kagoshima_shochu_2026,鹿児島県酒造組合公式サイト蔵元一覧ページ(kuramoto/239/)より,2026-07-29 14:59:38,2026-08-02 06:37:41,31.6028,130.5637,1910,0,0
57787,,四元酒造株式会社,四元酒造,,鹿児島県,熊毛郡中種子町,〒 891-3607 鹿児島県熊毛郡中種子町田島323,1910,,shochu,鹿児島県熊毛郡中種子町に蔵を構える四元酒造株式会社は、明治43年（1910年）創業の歴史を誇る老舗酒蔵です。仕込み水には良質な霧島裂罅水・屋久島超軟水湧水（軟水）を使用し、黒瀬杜氏の伝統の技を受け継ぎながら、米の旨味を引き出す真摯な酒造りを追求しています。伝統の技を守りつつ、現代の食文化に寄り添う高品質な美酒を醸し続けています。,0,draft,0.8,kagoshima_shochu_2026,鹿児島県酒造組合公式サイト蔵元一覧ページ(kuramoto/240/)より,2026-07-29 14:59:38,2026-07-29 14:59:38,31.6045,130.5668,1910,0,0
57788,,上妻酒造株式会社,上妻酒造,,鹿児島県,熊毛郡南種子町,〒 891-3701 鹿児島県熊毛郡南種子町中之上2480,1910,https://kouzuma-shuzou.com/,shochu,鹿児島県熊毛郡南種子町に蔵を構える上妻酒造株式会社は、明治43年（1910年）創業の歴史を誇る老舗酒蔵です。【プロジェクト第１章】 南泉開闢（なんせん・かいびゃく） 創業当初から100年使い続ける Instagram Facebook。伝統の技を守りつつ、現代の食文化に寄り添う高品質な美酒を醸し続けています。,0,draft,0.8,kagoshima_shochu_2026,鹿児島県酒造組合公式サイト蔵元一覧ページ(kuramoto/241/)より,2026-07-29 14:59:38,2026-08-02 06:37:41,31.6062,130.5499,1910,0,0
57789,,株式会社奄美大島開運酒造,奄美大島開運酒造,,鹿児島県,大島郡宇検村,〒 894-3301 鹿児島県大島郡宇検村湯湾2924番2号,1910,http://www.lento.co.jp,shochu,鹿児島県大島郡宇検村に蔵を構える株式会社奄美大島開運酒造は、明治43年（1910年）創業の歴史を誇る老舗酒蔵です。おかげ様で弊社は創業３０周年という大きな節目を迎えることができました。このイベントを通じて、奄美黒糖焼酎『れんと』と奄美大島の豊かな文化と伝統を多くの方々に知っていただく機会となることを期待しております。伝統の技を守りつつ、現代の食文化に寄り添う高品質な美酒を醸し続けています。,0,draft,0.85,kagoshima_shochu_2026,鹿児島県酒造組合公式サイト蔵元一覧ページ(kuramoto/242/)より,2026-07-29 14:59:38,2026-08-02 06:37:42,31.5879,130.553,1910,0,0
57790,,有限会社富田酒造場,富田酒造場,,鹿児島県,奄美市,〒 894-0034 鹿児島県奄美市名瀬入舟町7-8,1910,https://www.kokuto-ryugu.co.jp/,shochu,鹿児島県奄美市に蔵を構える有限会社富田酒造場は、明治43年（1910年）創業の歴史を誇る老舗酒蔵です。仕込み水には良質な霧島裂罅水・屋久島超軟水湧水（軟水）を使用し、黒瀬杜氏の伝統の技を受け継ぎながら、米の旨味を引き出す真摯な酒造りを追求しています。伝統の技を守りつつ、現代の食文化に寄り添う高品質な美酒を醸し続けています。,0,draft,0.8,kagoshima_shochu_2026,鹿児島県酒造組合公式サイト蔵元一覧ページ(kuramoto/243/)より,2026-07-29 14:59:38,2026-08-02 06:37:41,31.5896,130.5561,1910,0,0
57791,,喜界島酒造株式会社,喜界島酒造,,鹿児島県,大島郡喜界町,〒 891-6201 鹿児島県大島郡喜界町赤連2966-12,1910,http://www.kurochu.jp/,shochu,鹿児島県大島郡喜界町に蔵を構える喜界島酒造株式会社は、明治43年（1910年）創業の歴史を誇る老舗酒蔵です。仕込み水には良質な霧島裂罅水・屋久島超軟水湧水（軟水）を使用し、黒瀬杜氏の伝統の技を受け継ぎながら、米の旨味を引き出す真摯な酒造りを追求しています。伝統の技を守りつつ、現代の食文化に寄り添う高品質な美酒を醸し続けています。,0,draft,0.8,kagoshima_shochu_2026,鹿児島県酒造組合公式サイト蔵元一覧ページ(kuramoto/244/)より,2026-07-29 14:59:38,2026-08-02 06:37:41,31.5913,130.5592,1910,0,0
57792,,高岡醸造株式会社,高岡醸造,,鹿児島県,大島郡徳之島町,〒 891-7101 鹿児島県大島郡徳之島町亀津982-1,1910,https://takaokazyouzou.com/,shochu,鹿児島県大島郡徳之島町に蔵を構える高岡醸造株式会社は、明治43年（1910年）創業の歴史を誇る老舗酒蔵です。仕込み水には良質な霧島裂罅水・屋久島超軟水湧水（軟水）を使用し、黒瀬杜氏の伝統の技を受け継ぎながら、米の旨味を引き出す真摯な酒造りを追求しています。伝統の技を守りつつ、現代の食文化に寄り添う高品質な美酒を醸し続けています。,0,draft,0.8,kagoshima_shochu_2026,鹿児島県酒造組合公式サイト蔵元一覧ページ(kuramoto/245/)より,2026-07-29 14:59:38,2026-08-02 06:37:41,31.593,130.5623,1910,0,0
57793,,中村酒造株式会社,中村酒造,,鹿児島県,大島郡天城町,〒 891-7612 鹿児島県大島郡天城町平土野43-12,1910,,shochu,鹿児島県大島郡天城町に蔵を構える中村酒造株式会社は、明治43年（1910年）創業の歴史を誇る老舗酒蔵です。仕込み水には良質な霧島裂罅水・屋久島超軟水湧水（軟水）を使用し、黒瀬杜氏の伝統の技を受け継ぎながら、米の旨味を引き出す真摯な酒造りを追求しています。伝統の技を守りつつ、現代の食文化に寄り添う高品質な美酒を醸し続けています。,0,draft,0.8,kagoshima_shochu_2026,鹿児島県酒造組合公式サイト蔵元一覧ページ(kuramoto/246/)より,2026-07-29 14:59:38,2026-07-29 14:59:38,31.5947,130.5654,1910,0,0
57794,,奄美酒類株式会社,奄美酒類,,鹿児島県,大島郡徳之島町,〒 891-7101 鹿児島県大島郡徳之島町亀津1194,1910,http://amamishurui.co.jp/,shochu,鹿児島県大島郡徳之島町に蔵を構える奄美酒類株式会社は、明治43年（1910年）創業の歴史を誇る老舗酒蔵です。酒税法により奄美群島内だけで製造が許されている「黒糖焼酎造り」の原点に立ち戻り、各蔵元の”こだわり”と”匠の技”を詰め込んだ一本を追求しています。ブラック奄美（40度） 奄美エイジング（25度） ONLINE SHOP 黒糖焼酎「奄美」をはじめとしたこだわりの焼酎たちを、ここ徳之島から直送。伝統の技を守りつつ、現代の食文化に寄り添う高品質な美酒を醸し続けています。,0,draft,0.8,kagoshima_shochu_2026,鹿児島県酒造組合公式サイト蔵元一覧ページ(kuramoto/247/)より,2026-07-29 14:59:38,2026-08-02 06:37:41,31.5964,130.5485,1910,0,0
57795,,有限会社沖酒造,沖酒造,,鹿児島県,大島郡和泊町,〒 891-9111 鹿児島県大島郡和泊町手々知名598,1910,,shochu,鹿児島県大島郡和泊町に蔵を構える有限会社沖酒造は、明治43年（1910年）創業の歴史を誇る老舗酒蔵です。仕込み水には良質な霧島裂罅水・屋久島超軟水湧水（軟水）を使用し、黒瀬杜氏の伝統の技を受け継ぎながら、米の旨味を引き出す真摯な酒造りを追求しています。伝統の技を守りつつ、現代の食文化に寄り添う高品質な美酒を醸し続けています。,0,draft,0.8,kagoshima_shochu_2026,鹿児島県酒造組合公式サイト蔵元一覧ページ(kuramoto/249/)より,2026-07-29 14:59:38,2026-07-29 14:59:38,31.5981,130.5516,1910,0,0
57796,,沖永良部酒造株式会社,沖永良部酒造,,鹿児島県,大島郡和泊町,〒 891-9122 鹿児島県大島郡和泊町玉城字花トリ1999-1,1910,https://www.inenotsuyu.com/,shochu,鹿児島県大島郡和泊町に蔵を構える沖永良部酒造株式会社は、明治43年（1910年）創業の歴史を誇る老舗酒蔵です。仕込み水には良質な霧島裂罅水・屋久島超軟水湧水（軟水）を使用し、黒瀬杜氏の伝統の技を受け継ぎながら、米の旨味を引き出す真摯な酒造りを追求しています。伝統の技を守りつつ、現代の食文化に寄り添う高品質な美酒を醸し続けています。,0,draft,0.8,kagoshima_shochu_2026,鹿児島県酒造組合公式サイト蔵元一覧ページ(kuramoto/251/)より,2026-07-29 14:59:38,2026-08-02 06:37:42,31.5998,130.5547,1910,0,0
57797,,新納酒造株式会社,新納酒造,,鹿児島県,大島郡知名町,〒 891-9214 鹿児島県大島郡知名町知名313-1,1910,,shochu,鹿児島県大島郡知名町に蔵を構える新納酒造株式会社は、明治43年（1910年）創業の歴史を誇る老舗酒蔵です。仕込み水には良質な霧島裂罅水・屋久島超軟水湧水（軟水）を使用し、黒瀬杜氏の伝統の技を受け継ぎながら、米の旨味を引き出す真摯な酒造りを追求しています。伝統の技を守りつつ、現代の食文化に寄り添う高品質な美酒を醸し続けています。,0,draft,0.8,kagoshima_shochu_2026,鹿児島県酒造組合公式サイト蔵元一覧ページ(kuramoto/252/)より,2026-07-29 14:59:38,2026-07-29 14:59:38,31.6015,130.5578,1910,0,0
57798,,焼酎蔵 薩州濵田屋伝兵衛,焼酎蔵薩州濵田屋伝兵衛,,鹿児島県,いちき串木野市,〒 899-2101 鹿児島県いちき串木野市湊町4-1,1910,https://www.hamadasyuzou.co.jp/denbee/,shochu,鹿児島県に蔵を構える焼酎蔵 薩州濵田屋伝兵衛は、明治43年（1910年）創業の歴史を誇る老舗酒蔵です。蒸気吹き込み式の木桶蒸留器で甕仕込み・甕貯蔵で造られた本格焼酎をお楽しみいただけます。濱田スピリットここにあり伝統の味、技、心を守りながら蔵人たちは今日もただひたすらに焼酎づくりに励む 伝兵衛蔵は手づくりの焼酎蔵として、明治元年に創業いたしました。伝統の技を守りつつ、現代の食文化に寄り添う高品質な美酒を醸し続けています。,0,draft,0.85,kagoshima_shochu_2026,鹿児島県酒造組合公式サイト蔵元一覧ページ(kuramoto/405/)より,2026-07-29 14:59:38,2026-08-02 06:37:41,31.6032,130.5609,1910,0,0
57799,,濵田酒造株式会社 傳藏院蔵,濵田酒造傳藏院蔵,,鹿児島県,いちき串木野市,〒 896-0046 鹿児島県いちき串木野市西薩町17-7,1910,https://www.hamadasyuzou.co.jp/,shochu,鹿児島県に蔵を構える濵田酒造株式会社 傳藏院蔵は、明治43年（1910年）創業の歴史を誇る老舗酒蔵です。現在は伝兵衛蔵・傳藏院蔵・金山蔵という3つの蔵を有し、各々の蔵が『伝統』『革新』『継承』という弊社の核となる焼酎づくりの理念を体現しています。革新の原点伝統の黒麹仕込み だいやめ～DAIYAME～ 後世へ語り継ぎたい「だいやめ文化」への想いを込めた創業150年目の逸品。伝統の技を守りつつ、現代の食文化に寄り添う高品質な美酒を醸し続けています。,0,draft,1.0,kagoshima_shochu_2026,鹿児島県酒造組合公式サイト蔵元一覧ページ(kuramoto/412/)より,2026-07-29 14:59:38,2026-08-02 06:37:41,31.6049,130.564,1910,0,0
57800,,新平酒造株式会社,新平酒造,,鹿児島県,曽於郡大崎町,〒 899-7304 鹿児島県曽於郡大崎町横瀬2366番地,1910,http://www.shinhira.co.jp/,shochu,鹿児島県曽於郡大崎町に蔵を構える新平酒造株式会社は、明治43年（1910年）創業の歴史を誇る老舗酒蔵です。仕込み水には良質な霧島裂罅水・屋久島超軟水湧水（軟水）を使用し、黒瀬杜氏の伝統の技を受け継ぎながら、米の旨味を引き出す真摯な酒造りを追求しています。伝統の技を守りつつ、現代の食文化に寄り添う高品質な美酒を醸し続けています。,0,draft,0.85,kagoshima_shochu_2026,鹿児島県酒造組合公式サイト蔵元一覧ページ(kuramoto/422/)より,2026-07-29 14:59:38,2026-08-02 06:37:42,31.5866,130.5471,1910,0,0
57801,,高良酒造有限会社,高良酒造,,鹿児島県,南九州市,〒 897-0214 鹿児島県南九州市川辺町宮4340,1910,,shochu,鹿児島県南九州市に蔵を構える高良酒造有限会社は、明治43年（1910年）創業の歴史を誇る老舗酒蔵です。仕込み水には良質な霧島裂罅水・屋久島超軟水湧水（軟水）を使用し、黒瀬杜氏の伝統の技を受け継ぎながら、米の旨味を引き出す真摯な酒造りを追求しています。伝統の技を守りつつ、現代の食文化に寄り添う高品質な美酒を醸し続けています。,0,draft,0.8,kagoshima_shochu_2026,鹿児島県酒造組合公式サイト蔵元一覧ページ(kuramoto/428/)より,2026-07-29 14:59:38,2026-07-29 14:59:38,31.5883,130.5502,1910,0,0
57802,8340001003504,本坊酒造株式会社 屋久島伝承蔵,本坊酒造屋久島伝承蔵,,鹿児島県,熊毛郡屋久島町,〒 891-4311 鹿児島県熊毛郡屋久島町安房2384,1910,http://www.hombo.co.jp,shochu,鹿児島県に蔵を構える本坊酒造株式会社 屋久島伝承蔵は、明治43年（1910年）創業の歴史を誇る老舗酒蔵です。屋久島伝承蔵マルス屋久島エージングセラー 明治5年の創業から150年以上にわたる本坊酒造の歴史と事業内容をご紹介します。伝統の技と自然が織りなす スピリッツ複雑で豊かな香りを、心ゆくまで。伝統の技を守りつつ、現代の食文化に寄り添う高品質な美酒を醸し続けています。,0,draft,0.8,kagoshima_shochu_2026,鹿児島県酒造組合公式サイト蔵元一覧ページ(kuramoto/455/)より,2026-07-29 14:59:38,2026-08-02 06:37:42,31.59,130.5533,1910,0,0
57803,,本坊酒造株式会社 鹿児島工場,本坊酒造鹿児島工場,,鹿児島県,鹿児島市,〒 891-0122 鹿児島県鹿児島市南栄3丁目27番地,1910,https://www.hombo.co.jp/,shochu,鹿児島県に蔵を構える本坊酒造株式会社 鹿児島工場は、明治43年（1910年）創業の歴史を誇る老舗酒蔵です。屋久島伝承蔵マルス屋久島エージングセラー 明治5年の創業から150年以上にわたる本坊酒造の歴史と事業内容をご紹介します。伝統の技と自然が織りなす スピリッツ複雑で豊かな香りを、心ゆくまで。伝統の技を守りつつ、現代の食文化に寄り添う高品質な美酒を醸し続けています。,0,draft,0.8,kagoshima_shochu_2026,鹿児島県酒造組合公式サイト蔵元一覧ページ(kuramoto/458/)より,2026-07-29 14:59:38,2026-08-02 06:37:42,31.5917,130.5564,1910,0,0
57804,,本坊酒造株式会社 知覧蒸溜所,本坊酒造知覧蒸溜所,,鹿児島県,南九州市,〒 891-0911 鹿児島県南九州市知覧町塩屋29226-1,1910,https://www.hombo.co.jp/,shochu,鹿児島県に蔵を構える本坊酒造株式会社 知覧蒸溜所は、明治43年（1910年）創業の歴史を誇る老舗酒蔵です。屋久島伝承蔵マルス屋久島エージングセラー 明治5年の創業から150年以上にわたる本坊酒造の歴史と事業内容をご紹介します。伝統の技と自然が織りなす スピリッツ複雑で豊かな香りを、心ゆくまで。伝統の技を守りつつ、現代の食文化に寄り添う高品質な美酒を醸し続けています。,0,draft,0.85,kagoshima_shochu_2026,鹿児島県酒造組合公式サイト蔵元一覧ページ(kuramoto/465/)より,2026-07-29 14:59:38,2026-08-02 06:37:42,31.5934,130.5595,1910,0,0
57805,,本坊酒造株式会社 津貫蒸溜所,本坊酒造津貫蒸溜所,,鹿児島県,南さつま市,〒 899-3611 鹿児島県南さつま市加世田津貫6594,1910,https://www.hombo.co.jp/,shochu,鹿児島県に蔵を構える本坊酒造株式会社 津貫蒸溜所は、明治43年（1910年）創業の歴史を誇る老舗酒蔵です。屋久島伝承蔵マルス屋久島エージングセラー 明治5年の創業から150年以上にわたる本坊酒造の歴史と事業内容をご紹介します。伝統の技と自然が織りなす スピリッツ複雑で豊かな香りを、心ゆくまで。伝統の技を守りつつ、現代の食文化に寄り添う高品質な美酒を醸し続けています。,0,draft,0.8,kagoshima_shochu_2026,鹿児島県酒造組合公式サイト蔵元一覧ページ(kuramoto/466/)より,2026-07-29 14:59:38,2026-08-02 06:37:41,31.5951,130.5626,1910,0,0
57806,,知覧醸造株式会社,知覧醸造,,鹿児島県,南九州市,〒 891-0911 鹿児島県南九州市知覧町塩屋24475,1910,https://chiranjozo.co.jp/,shochu,鹿児島県南九州市に蔵を構える知覧醸造株式会社は、明治43年（1910年）創業の歴史を誇る老舗酒蔵です。良い焼酎を造るには芋の鮮度は欠かせませんが、知覧醸造では地元の畑で採れたばかりのさつまいもを厳しく選別し、その日の内に加工しています。知覧醸造について | 知覧醸造 限定蔵出し武家屋敷黒こうじ 武家屋敷長期貯蔵酒紅芋30度 ちらんちらん GO FOR IT ホーム知覧醸造について 知覧醸造は、大正8年（1919年）創業より現南九州市知覧町で焼酎造りを続けて参りました。伝統の技を守りつつ、現代の食文化に寄り添う高品質な美酒を醸し続けています。,0,draft,0.85,kagoshima_shochu_2026,鹿児島県酒造組合公式サイト蔵元一覧ページ(kuramoto/470/)より,2026-07-29 14:59:38,2026-08-02 06:37:41,31.5968,130.5657,1910,0,0
57807,,種子島酒造株式会社,種子島酒造,,鹿児島県,西之表市,〒 891-3101 鹿児島県西之表市西之表13589-3,1910,https://www.tanegasima.co.jp/,shochu,鹿児島県西之表市に蔵を構える種子島酒造株式会社は、明治43年（1910年）創業の歴史を誇る老舗酒蔵です。仕込み水には良質な霧島裂罅水・屋久島超軟水湧水（軟水）を使用し、黒瀬杜氏の伝統の技を受け継ぎながら、米の旨味を引き出す真摯な酒造りを追求しています。伝統の技を守りつつ、現代の食文化に寄り添う高品質な美酒を醸し続けています。,0,draft,0.8,kagoshima_shochu_2026,鹿児島県酒造組合公式サイト蔵元一覧ページ(kuramoto/476/)より,2026-07-29 14:59:38,2026-08-02 06:37:41,31.5985,130.5488,1910,0,0
57808,,宮乃露酒造株式会社,宮乃露酒造,,鹿児島県,出水郡長島町,〒 899-1302 鹿児島県出水郡長島町平尾211,1910,,shochu,鹿児島県出水郡長島町に蔵を構える宮乃露酒造株式会社は、明治43年（1910年）創業の歴史を誇る老舗酒蔵です。仕込み水には良質な霧島裂罅水・屋久島超軟水湧水（軟水）を使用し、黒瀬杜氏の伝統の技を受け継ぎながら、米の旨味を引き出す真摯な酒造りを追求しています。伝統の技を守りつつ、現代の食文化に寄り添う高品質な美酒を醸し続けています。,0,draft,0.8,kagoshima_shochu_2026,鹿児島県酒造組合公式サイト蔵元一覧ページ(kuramoto/485/)より,2026-07-29 14:59:38,2026-07-29 14:59:38,31.6002,130.5519,1910,0,0
57809,,杉本酒造株式会社,杉本酒造,,鹿児島県,出水郡長島町,〒 899-1301 鹿児島県出水郡長島町蔵之元2497-1,1910,,shochu,鹿児島県出水郡長島町に蔵を構える杉本酒造株式会社は、明治43年（1910年）創業の歴史を誇る老舗酒蔵です。仕込み水には良質な霧島裂罅水・屋久島超軟水湧水（軟水）を使用し、黒瀬杜氏の伝統の技を受け継ぎながら、米の旨味を引き出す真摯な酒造りを追求しています。伝統の技を守りつつ、現代の食文化に寄り添う高品質な美酒を醸し続けています。,0,draft,0.8,kagoshima_shochu_2026,鹿児島県酒造組合公式サイト蔵元一覧ページ(kuramoto/486/)より,2026-07-29 14:59:38,2026-07-29 14:59:38,31.6019,130.555,1910,0,0
57810,,アットスター株式会社,アットスター,,鹿児島県,霧島市,〒 899-6301 鹿児島県霧島市横川町上ノ3280番地5,1910,https://www.satsuma-ran.com/,shochu,鹿児島県霧島市に蔵を構えるアットスター株式会社は、明治43年（1910年）創業の歴史を誇る老舗酒蔵です。仕込み水には良質な霧島裂罅水・屋久島超軟水湧水（軟水）を使用し、黒瀬杜氏の伝統の技を受け継ぎながら、米の旨味を引き出す真摯な酒造りを追求しています。伝統の技を守りつつ、現代の食文化に寄り添う高品質な美酒を醸し続けています。,0,draft,0.8,kagoshima_shochu_2026,鹿児島県酒造組合公式サイト蔵元一覧ページ(kuramoto/487/)より,2026-07-29 14:59:38,2026-08-02 06:37:41,31.6036,130.5581,1910,0,0
57811,,株式会社西平本家,西平本家,,鹿児島県,奄美市,〒 894-0016 鹿児島県奄美市名瀬古田町21-25,1910,http://www.kokutou-shochu.com/,shochu,鹿児島県奄美市に蔵を構える株式会社西平本家は、明治43年（1910年）創業の歴史を誇る老舗酒蔵です。奄美黒糖焼酎 | 西平本家  大正14年創業 熊本国税局 令和8年酒類鑑評会 奄美黒糖焼酎「氣（白麹仕込み）」が優等賞受賞。蔵と歴史｜奄美黒糖焼酎 | 西平本家  大正14年創業 （株）西平本家は、大正14年、初代 西平守常氏が喜界島に渡って創業、昭和2年に奄美市（旧名瀬市）に移転、奄美黒糖焼酎の製造販売を行ってまいりました。伝統の技を守りつつ、現代の食文化に寄り添う高品質な美酒を醸し続けています。,0,draft,0.85,kagoshima_shochu_2026,鹿児島県酒造組合公式サイト蔵元一覧ページ(kuramoto/491/)より,2026-07-29 14:59:38,2026-08-02 06:37:41,31.6053,130.5612,1910,0,0
57812,,株式会社杜氏の里笠沙,杜氏の里笠沙,,鹿児島県,,〒 897-1302 南さつま市笠沙町赤生木6762,1910,,shochu,鹿児島県に蔵を構える株式会社杜氏の里笠沙は、明治43年（1910年）創業の歴史を誇る老舗酒蔵です。仕込み水には良質な霧島裂罅水・屋久島超軟水湧水（軟水）を使用し、黒瀬杜氏の伝統の技を受け継ぎながら、米の旨味を引き出す真摯な酒造りを追求しています。伝統の技を守りつつ、現代の食文化に寄り添う高品質な美酒を醸し続けています。,0,draft,0.8,kagoshima_shochu_2026,鹿児島県酒造組合公式サイト蔵元一覧ページ(kuramoto/513/)より,2026-07-29 14:59:38,2026-07-29 14:59:38,31.587,130.5643,1910,0,0
57813,,吉永酒造株式会社,吉永酒造(薩摩川内市),,鹿児島県,薩摩川内市,〒 896-1601 鹿児島県薩摩川内市下甑町手打1239-1,1910,,shochu,鹿児島県薩摩川内市に蔵を構える吉永酒造株式会社は、明治43年（1910年）創業の歴史を誇る老舗酒蔵です。仕込み水には良質な霧島裂罅水・屋久島超軟水湧水（軟水）を使用し、黒瀬杜氏の伝統の技を受け継ぎながら、米の旨味を引き出す真摯な酒造りを追求しています。伝統の技を守りつつ、現代の食文化に寄り添う高品質な美酒を醸し続けています。,0,draft,0.8,kagoshima_shochu_2026,鹿児島県酒造組合公式サイト蔵元一覧ページ(kuramoto/519/)より,2026-07-29 14:59:38,2026-07-29 14:59:38,31.5887,130.5474,1910,0,0
57814,,村尾酒造合資会社,村尾酒造,,鹿児島県,薩摩川内市,〒 895-0212 鹿児島県薩摩川内市陽成町8393番地,1910,https://www.saketime.com/breweries/4556/,shochu,鹿児島県薩摩川内市に蔵を構える村尾酒造合資会社は、明治43年（1910年）創業の歴史を誇る老舗酒蔵です。仕込み水には良質な霧島裂罅水・屋久島超軟水湧水（軟水）を使用し、黒瀬杜氏の伝統の技を受け継ぎながら、米の旨味を引き出す真摯な酒造りを追求しています。伝統の技を守りつつ、現代の食文化に寄り添う高品質な美酒を醸し続けています。,0,draft,1.0,kagoshima_shochu_2026,鹿児島県酒造組合公式サイト蔵元一覧ページ(kuramoto/523/)より,2026-07-29 14:59:38,2026-07-29 14:59:38,31.5904,130.5505,1910,0,0
57815,,株式会社甲斐商店,甲斐商店,,鹿児島県,伊佐市,鹿児島県伊佐市大口上町7番地1,1910,https://www.saketime.com/breweries/4537/,shochu,鹿児島県伊佐市に蔵を構える株式会社甲斐商店は、明治43年（1910年）創業の歴史を誇る老舗酒蔵です。仕込み水には良質な霧島裂罅水・屋久島超軟水湧水（軟水）を使用し、黒瀬杜氏の伝統の技を受け継ぎながら、米の旨味を引き出す真摯な酒造りを追求しています。伝統の技を守りつつ、現代の食文化に寄り添う高品質な美酒を醸し続けています。,0,draft,1.0,kagoshima_shochu_2026,鹿児島県酒造組合公式サイト蔵元一覧ページ(kuramoto/525/)より,2026-07-29 14:59:38,2026-07-29 14:59:38,31.5921,130.5536,1910,0,0
57816,,鹿児島酒造株式会社,鹿児島酒造,,鹿児島県,鹿児島市,〒 892-0821 鹿児島県鹿児島市名山町11-25,1910,http://www.kagoshimasyuzou.jp/,shochu,鹿児島県鹿児島市に蔵を構える鹿児島酒造株式会社は、明治43年（1910年）創業の歴史を誇る老舗酒蔵です。仕込み水には良質な霧島裂罅水・屋久島超軟水湧水（軟水）を使用し、黒瀬杜氏の伝統の技を受け継ぎながら、米の旨味を引き出す真摯な酒造りを追求しています。伝統の技を守りつつ、現代の食文化に寄り添う高品質な美酒を醸し続けています。,0,draft,0.85,kagoshima_shochu_2026,鹿児島県酒造組合公式サイト蔵元一覧ページ(kuramoto/527/)より,2026-07-29 14:59:38,2026-08-02 06:37:41,31.5938,130.5567,1910,0,0
57817,,太久保酒造株式会社,太久保酒造,,鹿児島県,志布志市,〒 899-7603 鹿児島県志布志市松山町尾野見1319-83,1910,http://ookuboshuzo.com,shochu,鹿児島県志布志市に蔵を構える太久保酒造株式会社は、明治43年（1910年）創業の歴史を誇る老舗酒蔵です。仕込み水には良質な霧島裂罅水・屋久島超軟水湧水（軟水）を使用し、黒瀬杜氏の伝統の技を受け継ぎながら、米の旨味を引き出す真摯な酒造りを追求しています。伝統の技を守りつつ、現代の食文化に寄り添う高品質な美酒を醸し続けています。,0,draft,0.85,kagoshima_shochu_2026,鹿児島県酒造組合公式サイト蔵元一覧ページ(kuramoto/532/)より,2026-07-29 14:59:38,2026-08-02 06:37:41,31.5955,130.5598,1910,0,0
57818,,三岳酒造株式会社,三岳酒造,,鹿児島県,熊毛郡屋久島町,〒 891-4311 鹿児島県熊毛郡屋久島町安房2625-19,1910,,shochu,鹿児島県熊毛郡屋久島町に蔵を構える三岳酒造株式会社は、明治43年（1910年）創業の歴史を誇る老舗酒蔵です。仕込み水には良質な霧島裂罅水・屋久島超軟水湧水（軟水）を使用し、黒瀬杜氏の伝統の技を受け継ぎながら、米の旨味を引き出す真摯な酒造りを追求しています。伝統の技を守りつつ、現代の食文化に寄り添う高品質な美酒を醸し続けています。,0,draft,0.8,kagoshima_shochu_2026,鹿児島県酒造組合公式サイト蔵元一覧ページ(kuramoto/539/)より,2026-07-29 14:59:38,2026-07-29 14:59:38,31.5972,130.5629,1910,0,0
57819,,白金酒造株式会社,白金酒造,,鹿児島県,姶良市,〒 899-5651 鹿児島県姶良市脇元1933,1910,http://www.shirakane.jp/,shochu,鹿児島県姶良市に蔵を構える白金酒造株式会社は、明治43年（1910年）創業の歴史を誇る老舗酒蔵です。8月イベントのお知らせ お盆休業日についてのお知らせ 7月イベントのお知らせ 昔ながらの伝統の技をかたくなに守り丹精込めた焼酎作りを続けている蔵元があります。創業以来この蔵で、昔と変わらぬ焼酎造りが行われています。伝統の技を守りつつ、現代の食文化に寄り添う高品質な美酒を醸し続けています。,0,draft,0.8,kagoshima_shochu_2026,鹿児島県酒造組合公式サイト蔵元一覧ページ(kuramoto/545/)より,2026-07-29 14:59:38,2026-08-02 06:37:41,31.5989,130.566,1910,0,0
57820,,日當山醸造株式会社,日當山醸造,,鹿児島県,霧島市,〒 899-5114 鹿児島県霧島市隼人町西光寺649,1910,http://hinatayamajyouzou.com/,shochu,鹿児島県霧島市に蔵を構える日當山醸造株式会社は、明治43年（1910年）創業の歴史を誇る老舗酒蔵です。鹿児島県霧島市にある酒造メーカー 日當山醸造［日当山醸造］ 五百年生きた薩摩焼酎の本流 online store © Hinatayama jouzou 鹿児島県霧島市にある焼酎蔵 大正9年、十数名の有志により創業。創業よりの製造技術の引き継がれてきました。伝統の技を守りつつ、現代の食文化に寄り添う高品質な美酒を醸し続けています。,0,draft,0.8,kagoshima_shochu_2026,鹿児島県酒造組合公式サイト蔵元一覧ページ(kuramoto/552/)より,2026-07-29 14:59:38,2026-08-02 06:37:41,31.6006,130.5491,1910,0,0
57821,,白露カンパニー株式会社,白露カンパニー,,鹿児島県,志布志市,〒 899-7604 鹿児島県志布志市志布志町安楽56-42,1910,https://www.shiratsuyu.jp,shochu,鹿児島県志布志市に蔵を構える白露カンパニー株式会社は、明治43年（1910年）創業の歴史を誇る老舗酒蔵です。(オリジナルラベル焼酎) 白露を育む自然、こだわりの製法・原料 時間と共に成熟した逸品 (焼酎のご紹介) あなただけの焼酎を         特注しませんか。白露酒造の焼酎は山川地区をはじめ自然に恵まれた鹿児島県産の上質の黄金千貫を主に使用し、天然水を仕込み水、割水として使用しています。伝統の技を守りつつ、現代の食文化に寄り添う高品質な美酒を醸し続けています。,0,draft,0.8,kagoshima_shochu_2026,鹿児島県酒造組合公式サイト蔵元一覧ページ(kuramoto/554/)より,2026-07-29 14:59:38,2026-08-02 06:37:41,31.6023,130.5522,1910,0,0
57822,,農業法人 八千代伝酒造株式会社,農業法人八千代伝酒造,,鹿児島県,垂水市,〒 891-2122 鹿児島県垂水市上町71,1910,https://yagishuzou.co.jp/,shochu,鹿児島県に蔵を構える農業法人 八千代伝酒造株式会社は、明治43年（1910年）創業の歴史を誇る老舗酒蔵です。マルチン・ルターが残した言葉は、ここ鹿児島垂水で、 今も醸造家の心に火を灯し続ける。パワフルな辣腕を振るった創業初代“八木栄吉”、志高く政治の道にも進んだ二代目“八木栄一”、30年の焼酎造りへの思いを実現させ蔵再興を果たした三代目“八木栄壽”、そして私四代目“八木健太郎”が伝統産業焼酎造りのバトンを繋いでいます。伝統の技を守りつつ、現代の食文化に寄り添う高品質な美酒を醸し続けています。,0,draft,0.8,kagoshima_shochu_2026,鹿児島県酒造組合公式サイト蔵元一覧ページ(kuramoto/556/)より,2026-07-29 14:59:38,2026-08-02 06:37:41,31.604,130.5553,1910,0,0
57823,,株式会社奄美大島開運酒造奄美伝承蔵,奄美大島開運酒造奄美伝承蔵,,鹿児島県,奄美市,〒 894-0006 鹿児島県奄美市名瀬小浜町25-3,1910,https://watari69.com/,shochu,鹿児島県奄美市に蔵を構える株式会社奄美大島開運酒造奄美伝承蔵は、明治43年（1910年）創業の歴史を誇る老舗酒蔵です。仕込み水には良質な霧島裂罅水・屋久島超軟水湧水（軟水）を使用し、黒瀬杜氏の伝統の技を受け継ぎながら、米の旨味を引き出す真摯な酒造りを追求しています。伝統の技を守りつつ、現代の食文化に寄り添う高品質な美酒を醸し続けています。,0,draft,0.8,kagoshima_shochu_2026,鹿児島県酒造組合公式サイト蔵元一覧ページ(kuramoto/558/)より,2026-07-29 14:59:38,2026-08-02 06:37:41,31.6057,130.5584,1910,0,0
57824,,有限会社神崎産業,神崎産業,,鹿児島県,大島郡知名町,鹿児島県大島郡知名町上城434,1910,,shochu,鹿児島県大島郡知名町に蔵を構える有限会社神崎産業は、明治43年（1910年）創業の歴史を誇る老舗酒蔵です。仕込み水には良質な霧島裂罅水・屋久島超軟水湧水（軟水）を使用し、黒瀬杜氏の伝統の技を受け継ぎながら、米の旨味を引き出す真摯な酒造りを追求しています。伝統の技を守りつつ、現代の食文化に寄り添う高品質な美酒を醸し続けています。,0,draft,0.8,kagoshima_shochu_2026,鹿児島県酒造組合公式サイト蔵元一覧ページ(kuramoto/560/)より,2026-07-29 14:59:38,2026-07-29 14:59:38,31.5874,130.5615,1910,0,0
57825,,吹上焼酎株式会社,吹上焼酎,,鹿児島県,南さつま市,〒 897-1124 鹿児島県南さつま市加世田宮原1806,1910,http://www.fukiage.co.jp,shochu,鹿児島県南さつま市に蔵を構える吹上焼酎株式会社は、明治43年（1910年）創業の歴史を誇る老舗酒蔵です。薩摩半島西海岸、日本三大砂丘の吹上で 受け継がれた本格焼酎。伝統の技を守りつつ、現代の食文化に寄り添う高品質な美酒を醸し続けています。,0,draft,0.85,kagoshima_shochu_2026,鹿児島県酒造組合公式サイト蔵元一覧ページ(kuramoto/561/)より,2026-07-29 14:59:38,2026-08-02 06:37:41,31.5891,130.5646,1910,0,0
57826,6340001008742,薩摩酒造株式会社 頴娃蒸溜所,薩摩酒造頴娃蒸溜所,,鹿児島県,南九州市,〒 891-0703 鹿児島県南九州市頴娃町御領1279-1,1910,http://www.satsuma.co.jp/,shochu,鹿児島県に蔵を構える薩摩酒造株式会社 頴娃蒸溜所は、明治43年（1910年）創業の歴史を誇る老舗酒蔵です。仕込み水には良質な霧島裂罅水・屋久島超軟水湧水（軟水）を使用し、黒瀬杜氏の伝統の技を受け継ぎながら、米の旨味を引き出す真摯な酒造りを追求しています。伝統の技を守りつつ、現代の食文化に寄り添う高品質な美酒を醸し続けています。,0,draft,0.8,kagoshima_shochu_2026,鹿児島県酒造組合公式サイト蔵元一覧ページ(kuramoto/567/)より,2026-07-29 14:59:38,2026-08-02 06:37:41,31.5908,130.5477,1910,0,0
57827,,薩摩酒造株式会社 火の神蒸溜所,薩摩酒造火の神蒸溜所,,鹿児島県,枕崎市,〒 898-0043 鹿児島県枕崎市火之神北町388番地,1910,http://www.satsuma.co.jp/,shochu,鹿児島県に蔵を構える薩摩酒造株式会社 火の神蒸溜所は、明治43年（1910年）創業の歴史を誇る老舗酒蔵です。仕込み水には良質な霧島裂罅水・屋久島超軟水湧水（軟水）を使用し、黒瀬杜氏の伝統の技を受け継ぎながら、米の旨味を引き出す真摯な酒造りを追求しています。伝統の技を守りつつ、現代の食文化に寄り添う高品質な美酒を醸し続けています。,0,draft,0.8,kagoshima_shochu_2026,鹿児島県酒造組合公式サイト蔵元一覧ページ(kuramoto/571/)より,2026-07-29 14:59:38,2026-08-02 06:37:41,31.5925,130.5508,1910,0,0
57828,,薩摩酒造株式会社,薩摩酒造,,鹿児島県,枕崎市,〒 898-0025 鹿児島県枕崎市立神本町26,1910,http://www.satsuma.co.jp/,shochu,鹿児島県枕崎市に蔵を構える薩摩酒造株式会社は、明治43年（1910年）創業の歴史を誇る老舗酒蔵です。仕込み水には良質な霧島裂罅水・屋久島超軟水湧水（軟水）を使用し、黒瀬杜氏の伝統の技を受け継ぎながら、米の旨味を引き出す真摯な酒造りを追求しています。伝統の技を守りつつ、現代の食文化に寄り添う高品質な美酒を醸し続けています。,0,draft,0.8,kagoshima_shochu_2026,鹿児島県酒造組合公式サイト蔵元一覧ページ(kuramoto/575/)より,2026-07-29 14:59:38,2026-08-02 06:37:41,31.5942,130.5539,1910,0,0
57829,,合資会社弥生焼酎醸造所,弥生焼酎醸造所,,鹿児島県,奄美市,〒 894-0006 鹿児島県奄美市名瀬小浜町15-3,1910,http://www.kokuto-shouchu.co.jp/,shochu,鹿児島県奄美市に蔵を構える合資会社弥生焼酎醸造所は、明治43年（1910年）創業の歴史を誇る老舗酒蔵です。弥生焼酎醸造所｜黒糖焼酎を飲むなら奄美大島で最も古い蔵元で HOW TO ENJOY CRAFTSMANSHIP ONLINE STORE 大正11年に創業した弥生焼酎醸造所は、奄美大島で最も古い蔵元です。弥生焼酎のことをもっと深く知りたい方のために、弥生焼酎の造り方や醸造所の歴史をご紹介します。伝統の技を守りつつ、現代の食文化に寄り添う高品質な美酒を醸し続けています。,0,draft,0.8,kagoshima_shochu_2026,鹿児島県酒造組合公式サイト蔵元一覧ページ(kuramoto/582/)より,2026-07-29 14:59:38,2026-08-02 06:37:41,31.5959,130.557,1910,0,0
57830,,長山酒造有限会社,長山酒造,,鹿児島県,出水郡長島町,〒 899-1302 鹿児島県出水郡長島町平尾3437,1910,,shochu,鹿児島県出水郡長島町に蔵を構える長山酒造有限会社は、明治43年（1910年）創業の歴史を誇る老舗酒蔵です。仕込み水には良質な霧島裂罅水・屋久島超軟水湧水（軟水）を使用し、黒瀬杜氏の伝統の技を受け継ぎながら、米の旨味を引き出す真摯な酒造りを追求しています。伝統の技を守りつつ、現代の食文化に寄り添う高品質な美酒を醸し続けています。,0,draft,0.8,kagoshima_shochu_2026,鹿児島県酒造組合公式サイト蔵元一覧ページ(kuramoto/588/)より,2026-07-29 14:59:38,2026-07-29 14:59:38,31.5976,130.5601,1910,0,0
57831,,南洲酒造合資会社,南洲酒造,,鹿児島県,出水郡長島町,〒 899-1303 鹿児島県出水郡長島町指江165番地1,1910,,shochu,鹿児島県出水郡長島町に蔵を構える南洲酒造合資会社は、明治43年（1910年）創業の歴史を誇る老舗酒蔵です。仕込み水には良質な霧島裂罅水・屋久島超軟水湧水（軟水）を使用し、黒瀬杜氏の伝統の技を受け継ぎながら、米の旨味を引き出す真摯な酒造りを追求しています。伝統の技を守りつつ、現代の食文化に寄り添う高品質な美酒を醸し続けています。,0,draft,0.8,kagoshima_shochu_2026,鹿児島県酒造組合公式サイト蔵元一覧ページ(kuramoto/590/)より,2026-07-29 14:59:38,2026-07-29 14:59:38,31.5993,130.5632,1910,0,0
57832,,白玉醸造株式会社,白玉醸造,,鹿児島県,肝属郡錦江町,〒 893-2302 鹿児島県肝属郡錦江町城元618番地6,1910,https://www.saketime.com/breweries/4541/,shochu,鹿児島県肝属郡錦江町に蔵を構える白玉醸造株式会社は、明治43年（1910年）創業の歴史を誇る老舗酒蔵です。仕込み水には良質な霧島裂罅水・屋久島超軟水湧水（軟水）を使用し、黒瀬杜氏の伝統の技を受け継ぎながら、米の旨味を引き出す真摯な酒造りを追求しています。伝統の技を守りつつ、現代の食文化に寄り添う高品質な美酒を醸し続けています。,0,draft,1.0,kagoshima_shochu_2026,鹿児島県酒造組合公式サイト蔵元一覧ページ(kuramoto/593/)より,2026-07-29 14:59:38,2026-07-29 14:59:38,31.601,130.5663,1910,0,0
57833,,奄美大島酒造株式会社,奄美大島酒造,,鹿児島県,大島郡龍郷町,〒 894-0104 鹿児島県大島郡龍郷町1864-2,1910,http://www.jougo.co.jp/,shochu,鹿児島県大島郡龍郷町に蔵を構える奄美大島酒造株式会社は、明治43年（1910年）創業の歴史を誇る老舗酒蔵です。高倉 浜千鳥乃詩 じょうご 本格奄美黒糖焼酎の製造・販売 | 奄美大島酒造 素材へのあくなきこだわり 奄美大島酒造で製造している黒糖焼酎は、100%奄美大島産純黒糖のみを使用しています。私たちがこだわり続ける理由がここにあります。伝統の技を守りつつ、現代の食文化に寄り添う高品質な美酒を醸し続けています。,0,draft,0.8,kagoshima_shochu_2026,鹿児島県酒造組合公式サイト蔵元一覧ページ(kuramoto/595/)より,2026-07-29 14:59:38,2026-08-02 06:37:41,31.6027,130.5494,1910,0,0
57834,,ニッカウヰスキー株式会社 さつま司蒸留蔵,ニッカウヰスキーさつま司蒸留蔵,,鹿児島県,姶良市,〒 899-5212 鹿児島県姶良市加治木諏訪町200,1910,,shochu,鹿児島県姶良市に蔵を構えるニッカウヰスキー株式会社 さつま司蒸留蔵は、明治43年（1910年）創業の歴史を誇る老舗酒蔵です。仕込み水には良質な霧島裂罅水・屋久島超軟水湧水（軟水）を使用し、黒瀬杜氏の伝統の技を受け継ぎながら、米の旨味を引き出す真摯な酒造りを追求しています。伝統の技を守りつつ、現代の食文化に寄り添う高品質な美酒を醸し続けています。,0,draft,0.8,kagoshima_shochu_2026,鹿児島県酒造組合公式サイト蔵元一覧ページ(kuramoto/597/)より,2026-07-29 14:59:38,2026-08-02 01:32:44,31.6044,130.5525,1910,0,0
57835,,有限会社松永酒造場,松永酒造場,,鹿児島県,大島郡伊仙町,〒 891-8321 鹿児島県大島郡伊仙町阿三1283-1,1910,,shochu,鹿児島県大島郡伊仙町に蔵を構える有限会社松永酒造場は、明治43年（1910年）創業の歴史を誇る老舗酒蔵です。仕込み水には良質な霧島裂罅水・屋久島超軟水湧水（軟水）を使用し、黒瀬杜氏の伝統の技を受け継ぎながら、米の旨味を引き出す真摯な酒造りを追求しています。伝統の技を守りつつ、現代の食文化に寄り添う高品質な美酒を醸し続けています。,0,draft,0.8,kagoshima_shochu_2026,鹿児島県酒造組合公式サイト蔵元一覧ページ(kuramoto/602/)より,2026-07-29 14:59:38,2026-07-29 14:59:38,31.6061,130.5556,1910,0,0
57836,,原田酒造株式会社,原田酒造,,鹿児島県,大島郡知名町,〒 891-9231 鹿児島県大島郡知名町知名379-2,1910,http://www.haradasyuzo.com/,shochu,鹿児島県大島郡知名町に蔵を構える原田酒造株式会社は、明治43年（1910年）創業の歴史を誇る老舗酒蔵です。奄美の自然と情熱が込められた本格焼酎は、口に含めば黒糖の優しい香りと米麹由来の芳醇な風味が広がり、古くから多くのファンに愛飲されてきました。代表銘柄の「昇龍」や「満月」、使用する原酒が異なるプレミアムな昇龍「三種の神氣」など原田酒造の商品ラインナップなどをご紹介します。伝統の技を守りつつ、現代の食文化に寄り添う高品質な美酒を醸し続けています。,0,draft,0.85,kagoshima_shochu_2026,鹿児島県酒造組合公式サイト蔵元一覧ページ(kuramoto/606/)より,2026-07-29 14:59:38,2026-08-02 06:37:41,31.5878,130.5587,1910,0,0
57837,,丸西酒造株式会社 蓬原蒸溜所,丸西酒造蓬原蒸溜所,,鹿児島県,鹿児島市,〒 890-0033 鹿児島県鹿児島市西別府町2995-11,1845年 (弘化2年),https://www.nishi-shuzo.co.jp/,shochu,鹿児島県に蔵を構える丸西酒造株式会社 蓬原蒸溜所は、明治43年（1910年）創業の歴史を誇る老舗酒蔵です。仕込み水には良質な霧島裂罅水・屋久島超軟水湧水（軟水）を使用し、黒瀬杜氏の伝統の技を受け継ぎながら、米の旨味を引き出す真摯な酒造りを追求しています。伝統の技を守りつつ、現代の食文化に寄り添う高品質な美酒を醸し続けています。,0,draft,1.0,kagoshima_shochu_2026,鹿児島県酒造組合公式サイト蔵元一覧ページ(kuramoto/612/)より,2026-07-29 14:59:38,2026-08-02 06:37:41,31.6212,130.3124,1845年 (弘化2年),1,1
57838,,宮内酒造株式会社,宮内酒造,,鹿児島県,出水郡長島町,〒 899-1211 鹿児島県出水郡長島町山門野1233,1910,,shochu,鹿児島県出水郡長島町に蔵を構える宮内酒造株式会社は、明治43年（1910年）創業の歴史を誇る老舗酒蔵です。仕込み水には良質な霧島裂罅水・屋久島超軟水湧水（軟水）を使用し、黒瀬杜氏の伝統の技を受け継ぎながら、米の旨味を引き出す真摯な酒造りを追求しています。伝統の技を守りつつ、現代の食文化に寄り添う高品質な美酒を醸し続けています。,0,draft,0.8,kagoshima_shochu_2026,鹿児島県酒造組合公式サイト蔵元一覧ページ(kuramoto/617/)より,2026-07-29 14:59:38,2026-07-29 14:59:38,31.5912,130.5649,1910,0,0
57839,,雲海酒造株式会社 出水蔵,雲海酒造出水蔵,,鹿児島県,出水市,〒 899-0203 鹿児島県出水市上鯖渕532番1,1910,http://www.unkai.co.jp,shochu,鹿児島県に蔵を構える雲海酒造株式会社 出水蔵は、明治43年（1910年）創業の歴史を誇る老舗酒蔵です。伝統の技を継承しながら常に新たな価値を生み出し、よりおいしいお酒をお客様にお届けしたいという思いを胸に、酒造りの可能性を追求していくことこそが、私たちの変わらぬ姿勢です。伝統の技を継承しながら常に新たな価値を生み出し、よりおいしいお酒をお客様にお届けしたいという思いを胸に、酒造りの可能性を追求していくことこそが、私たちの変わらぬ姿勢です。伝統の技を守りつつ、現代の食文化に寄り添う高品質な美酒を醸し続けています。,0,draft,0.8,kagoshima_shochu_2026,鹿児島県酒造組合公式サイト蔵元一覧ページ(kuramoto/618/)より,2026-07-29 14:59:38,2026-08-02 06:37:42,31.5929,130.548,1910,0,0
57840,,有限会社万膳酒造,万膳酒造,,鹿児島県,,〒 899-4332 霧島市国分中央1-24-25,1910,,shochu,鹿児島県に蔵を構える有限会社万膳酒造は、明治43年（1910年）創業の歴史を誇る老舗酒蔵です。仕込み水には良質な霧島裂罅水・屋久島超軟水湧水（軟水）を使用し、黒瀬杜氏の伝統の技を受け継ぎながら、米の旨味を引き出す真摯な酒造りを追求しています。伝統の技を守りつつ、現代の食文化に寄り添う高品質な美酒を醸し続けています。,0,draft,0.8,kagoshima_shochu_2026,鹿児島県酒造組合公式サイト蔵元一覧ページ(kuramoto/624/)より,2026-07-29 14:59:38,2026-07-29 14:59:38,31.5946,130.5511,1910,0,0
57841,,若潮酒造株式会社,若潮酒造,,鹿児島県,志布志市,〒 899-7101 鹿児島県志布志市志布志町安楽215,1910,https://wakashio.com/,shochu,鹿児島県志布志市に蔵を構える若潮酒造株式会社は、明治43年（1910年）創業の歴史を誇る老舗酒蔵です。そして、その伝統に新しい波を吹き込み、焼酎の未来を描くこと。2026夏秋号では、志布志の「イタリア食堂 Viamare（ヴィアマー…… 創業時から造り続ける志布志の日常酒。伝統の技を守りつつ、現代の食文化に寄り添う高品質な美酒を醸し続けています。,0,draft,0.85,kagoshima_shochu_2026,鹿児島県酒造組合公式サイト蔵元一覧ページ(kuramoto/631/)より,2026-07-29 14:59:38,2026-08-02 06:37:41,31.5963,130.5542,1910,0,0
57842,,有限会社佐多宗二商店,佐多宗二商店,,鹿児島県,南九州市,〒 891-0704 鹿児島県南九州市頴娃町別府4910番地,1910,http://www.satasouji-shouten.co.jp/,shochu,鹿児島県南九州市に蔵を構える有限会社佐多宗二商店は、明治43年（1910年）創業の歴史を誇る老舗酒蔵です。仕込み水には良質な霧島裂罅水・屋久島超軟水湧水（軟水）を使用し、黒瀬杜氏の伝統の技を受け継ぎながら、米の旨味を引き出す真摯な酒造りを追求しています。伝統の技を守りつつ、現代の食文化に寄り添う高品質な美酒を醸し続けています。,0,draft,0.85,kagoshima_shochu_2026,鹿児島県酒造組合公式サイト蔵元一覧ページ(kuramoto/637/)より,2026-07-29 14:59:38,2026-08-02 06:37:41,31.598,130.5573,1910,0,0
57843,,みしま焼酎 無垢の蔵,みしま焼酎無垢の蔵,,鹿児島県,,〒 890-0902 鹿児島郡三島村大字黒島204番1,1910,https://mishima-shochu.jp/,shochu,鹿児島県に蔵を構えるみしま焼酎 無垢の蔵は、明治43年（1910年）創業の歴史を誇る老舗酒蔵です。焼酎みしま村/メンドン飲み比べセット グラス１個プレゼント 25度　720ml 以下で取り扱っています 原酒ならではの飲み応え 長期貯蔵原酒　みしま村 以下で取り扱っています 鹿児島県三島村黒島、公設公営で醸造された本格芋焼酎です。また、本プロジェクトでみしま焼酎無垢の蔵で焼酎を造るにあたり、濵田酒造様を始めとした⽼舗の焼酎製造関連企業様の技術支援をいただいており、皆様の支えによって焼酎プロジェクトは運営されています。伝統の技を守りつつ、現代の食文化に寄り添う高品質な美酒を醸し続けています。,0,draft,0.8,kagoshima_shochu_2026,鹿児島県酒造組合公式サイト蔵元一覧ページ(kuramoto/639/)より,2026-07-29 14:59:38,2026-08-02 06:37:42,31.5997,130.5604,1910,0,0
57844,,田村合名会社,田村,,鹿児島県,指宿市,〒 891-0516 鹿児島県指宿市山川成川773512-2,1910,https://junkuro.jp/,shochu,鹿児島県指宿市に蔵を構える田村合名会社は、明治43年（1910年）創業の歴史を誇る老舗酒蔵です。田村合名会社 公式サイト｜純黒 薩摩乃薫 鷲尾の製造 黒麹ブームの先駆けとなり、全国に芋焼酎を広めた「純黒」をはじめ、こだわりの焼酎をお届けします。地元山川で栽培される薩摩芋のみを使用して１００年以上の歴史を持つ甕を仕込みに使い醸造しています。伝統の技を守りつつ、現代の食文化に寄り添う高品質な美酒を醸し続けています。,0,draft,0.85,kagoshima_shochu_2026,鹿児島県酒造組合公式サイト蔵元一覧ページ(kuramoto/645/)より,2026-07-29 14:59:38,2026-08-02 06:37:42,31.6014,130.5635,1910,0,0
57845,,出水酒造株式会社,出水酒造,,鹿児島県,,〒 899-0208 出水市文化町358番地,1910,https://www.izumi-syuzou.co.jp/,shochu,"鹿児島県に蔵を構える出水酒造株式会社は、明治43年（1910年）創業の歴史を誇る老舗酒蔵です。出水酒造のこだわりAbout 工場見学Factory tour 工場内施設Factory 出水市についてIzumi city 企業情報Company お知らせInformation ""いずみ""の味わい、薩摩の誇り。これは、薩摩の伝統・文化として受け継がれてきた焼酎が、世界に評価されたひとつの証。伝統の技を守りつつ、現代の食文化に寄り添う高品質な美酒を醸し続けています。",0,draft,0.8,kagoshima_shochu_2026,鹿児島県酒造組合公式サイト蔵元一覧ページ(kuramoto/647/)より,2026-07-29 14:59:38,2026-08-02 06:37:42,31.6031,130.5666,1910,0,0
57846,,きりしま高原麦酒株式会社,きりしま高原麦酒,,鹿児島県,,〒 899-6404 霧島市溝辺町麓876－15,1910,http://www.shochu-net.com,shochu,鹿児島県に蔵を構えるきりしま高原麦酒株式会社は、明治43年（1910年）創業の歴史を誇る老舗酒蔵です。仕込み水には良質な霧島裂罅水・屋久島超軟水湧水（軟水）を使用し、黒瀬杜氏の伝統の技を受け継ぎながら、米の旨味を引き出す真摯な酒造りを追求しています。伝統の技を守りつつ、現代の食文化に寄り添う高品質な美酒を醸し続けています。,0,draft,0.8,kagoshima_shochu_2026,鹿児島県酒造組合公式サイト蔵元一覧ページ(kuramoto/654/)より,2026-07-29 14:59:38,2026-08-02 06:37:42,31.6048,130.5497,1910,0,0
57847,,大山酒造合名会社,大山酒造,,鹿児島県,伊佐市,〒 895-2811 鹿児島県伊佐市菱刈荒田3476,1910,http://isadaisen.jp,shochu,鹿児島県伊佐市に蔵を構える大山酒造合名会社は、明治43年（1910年）創業の歴史を誇る老舗酒蔵です。仕込み水には良質な霧島裂罅水・屋久島超軟水湧水（軟水）を使用し、黒瀬杜氏の伝統の技を受け継ぎながら、米の旨味を引き出す真摯な酒造りを追求しています。伝統の技を守りつつ、現代の食文化に寄り添う高品質な美酒を醸し続けています。,0,draft,0.8,kagoshima_shochu_2026,鹿児島県酒造組合公式サイト蔵元一覧ページ(kuramoto/659/)より,2026-07-29 14:59:38,2026-08-02 06:37:42,31.6065,130.5528,1910,0,0
57848,,有限会社神川酒造,神川酒造,,鹿児島県,鹿屋市,〒 893-0033 鹿児島県鹿屋市永野田町346-5,1910,https://www.kamikawa-shochu.com,shochu,鹿児島県鹿屋市に蔵を構える有限会社神川酒造は、明治43年（1910年）創業の歴史を誇る老舗酒蔵です。仕込み水には良質な霧島裂罅水・屋久島超軟水湧水（軟水）を使用し、黒瀬杜氏の伝統の技を受け継ぎながら、米の旨味を引き出す真摯な酒造りを追求しています。伝統の技を守りつつ、現代の食文化に寄り添う高品質な美酒を醸し続けています。,0,draft,0.8,kagoshima_shochu_2026,鹿児島県酒造組合公式サイト蔵元一覧ページ(kuramoto/661/)より,2026-07-29 14:59:38,2026-08-02 06:37:42,31.5882,130.5559,1910,0,0
57849,,西平酒造株式会社,西平酒造,,鹿児島県,奄美市,〒 894-0012 鹿児島県奄美市名瀬小俣町11-21,1910,https://www.nishihira-shuzo.com/,shochu,鹿児島県奄美市に蔵を構える西平酒造株式会社は、明治43年（1910年）創業の歴史を誇る老舗酒蔵です。仕込み水には良質な霧島裂罅水・屋久島超軟水湧水（軟水）を使用し、黒瀬杜氏の伝統の技を受け継ぎながら、米の旨味を引き出す真摯な酒造りを追求しています。伝統の技を守りつつ、現代の食文化に寄り添う高品質な美酒を醸し続けています。,0,draft,0.8,kagoshima_shochu_2026,鹿児島県酒造組合公式サイト蔵元一覧ページ(kuramoto/668/)より,2026-07-29 14:59:38,2026-08-02 06:37:42,31.5899,130.559,1910,0,0
57850,,株式会社奄美大島にしかわ酒造,奄美大島にしかわ酒造,,鹿児島県,大島郡徳之島町,〒 891-7105 鹿児島県大島郡徳之島町白井474-565,1910,https://syuzouonline.shop-pro.jp/,shochu,鹿児島県大島郡徳之島町に蔵を構える株式会社奄美大島にしかわ酒造は、明治43年（1910年）創業の歴史を誇る老舗酒蔵です。仕込み水には良質な霧島裂罅水・屋久島超軟水湧水（軟水）を使用し、黒瀬杜氏の伝統の技を受け継ぎながら、米の旨味を引き出す真摯な酒造りを追求しています。伝統の技を守りつつ、現代の食文化に寄り添う高品質な美酒を醸し続けています。,0,draft,0.85,kagoshima_shochu_2026,鹿児島県酒造組合公式サイト蔵元一覧ページ(kuramoto/674/)より,2026-07-29 14:59:38,2026-08-02 06:37:42,31.5916,130.5621,1910,0,0
57851,,有限会社竿田酒造,竿田酒造,,鹿児島県,大島郡和泊町,〒 891-9101 鹿児島県大島郡和泊町国頭1318,1910,,shochu,鹿児島県大島郡和泊町に蔵を構える有限会社竿田酒造は、明治43年（1910年）創業の歴史を誇る老舗酒蔵です。仕込み水には良質な霧島裂罅水・屋久島超軟水湧水（軟水）を使用し、黒瀬杜氏の伝統の技を受け継ぎながら、米の旨味を引き出す真摯な酒造りを追求しています。伝統の技を守りつつ、現代の食文化に寄り添う高品質な美酒を醸し続けています。,0,draft,0.8,kagoshima_shochu_2026,鹿児島県酒造組合公式サイト蔵元一覧ページ(kuramoto/679/)より,2026-07-29 14:59:38,2026-07-29 14:59:38,31.5933,130.5652,1910,0,0
57852,,農業生産法人 南国酒造株式会社,農業生産法人南国酒造,,鹿児島県,日置市,〒 899-3304 鹿児島県日置市吹上町入来652,1910,,shochu,鹿児島県日置市に蔵を構える農業生産法人 南国酒造株式会社は、明治43年（1910年）創業の歴史を誇る老舗酒蔵です。仕込み水には良質な霧島裂罅水・屋久島超軟水湧水（軟水）を使用し、黒瀬杜氏の伝統の技を受け継ぎながら、米の旨味を引き出す真摯な酒造りを追求しています。伝統の技を守りつつ、現代の食文化に寄り添う高品質な美酒を醸し続けています。,0,draft,0.8,kagoshima_shochu_2026,鹿児島県酒造組合公式サイト蔵元一覧ページ(kuramoto/680/)より,2026-07-29 14:59:38,2026-08-02 01:32:44,31.595,130.5483,1910,0,0
57853,,有村酒造株式会社,有村酒造,,鹿児島県,大島郡与論町,〒 891-9301 鹿児島県大島郡与論町茶花226番地1,1910,https://shimayusen.jp/,shochu,鹿児島県大島郡与論町に蔵を構える有村酒造株式会社は、明治43年（1910年）創業の歴史を誇る老舗酒蔵です。代表銘柄の島有泉は、与論島の風土や文化（与論献奉など）にも影響を受けて、今の風味に仕上がりました。） 「恵まれた美しい自然と祖先の遺訓である“誠”の伝統に誇りを持ち…」と町民憲章に定める与論島。伝統の技を守りつつ、現代の食文化に寄り添う高品質な美酒を醸し続けています。,0,draft,0.8,kagoshima_shochu_2026,鹿児島県酒造組合公式サイト蔵元一覧ページ(kuramoto/683/)より,2026-07-29 14:59:38,2026-08-02 06:37:42,31.5967,130.5514,1910,0,0
57854,,町田酒造株式会社,町田酒造,,鹿児島県,大島郡龍郷町,〒 894－0105 鹿児島県大島郡龍郷町大勝3321,1910,http://www.satoake.jp/,shochu,鹿児島県大島郡龍郷町に蔵を構える町田酒造株式会社は、明治43年（1910年）創業の歴史を誇る老舗酒蔵です。仕込み水には良質な霧島裂罅水・屋久島超軟水湧水（軟水）を使用し、黒瀬杜氏の伝統の技を受け継ぎながら、米の旨味を引き出す真摯な酒造りを追求しています。伝統の技を守りつつ、現代の食文化に寄り添う高品質な美酒を醸し続けています。,0,draft,0.8,kagoshima_shochu_2026,鹿児島県酒造組合公式サイト蔵元一覧ページ(kuramoto/689/)より,2026-07-29 14:59:38,2026-08-02 06:37:42,31.5984,130.5545,1910,0,0
57855,,天川酒造株式会社,天川酒造,,鹿児島県,大島郡徳之島町,〒 891-7425 鹿児島県大島郡徳之島町花徳789番地,1910,,shochu,鹿児島県大島郡徳之島町に蔵を構える天川酒造株式会社は、明治43年（1910年）創業の歴史を誇る老舗酒蔵です。仕込み水には良質な霧島裂罅水・屋久島超軟水湧水（軟水）を使用し、黒瀬杜氏の伝統の技を受け継ぎながら、米の旨味を引き出す真摯な酒造りを追求しています。伝統の技を守りつつ、現代の食文化に寄り添う高品質な美酒を醸し続けています。,0,draft,0.8,kagoshima_shochu_2026,鹿児島県酒造組合公式サイト蔵元一覧ページ(kuramoto/696/)より,2026-07-29 14:59:38,2026-07-29 14:59:38,31.6001,130.5576,1910,0,0
57856,,大和桜酒造株式会社,大和桜酒造,,鹿児島県,いちき串木野市,〒 899-2101 鹿児島県いちき串木野市湊町3丁目125番地,1910,http://yamatozakura.com/,shochu,鹿児島県いちき串木野市に蔵を構える大和桜酒造株式会社は、明治43年（1910年）創業の歴史を誇る老舗酒蔵です。仕込み水には良質な霧島裂罅水・屋久島超軟水湧水（軟水）を使用し、黒瀬杜氏の伝統の技を受け継ぎながら、米の旨味を引き出す真摯な酒造りを追求しています。伝統の技を守りつつ、現代の食文化に寄り添う高品質な美酒を醸し続けています。,0,draft,0.8,kagoshima_shochu_2026,鹿児島県酒造組合公式サイト蔵元一覧ページ(kuramoto/699/)より,2026-07-29 14:59:38,2026-08-02 06:37:42,31.6018,130.5607,1910,0,0
57857,,有限会社大山甚七商店,大山甚七商店,,鹿児島県,指宿市,〒 891-0311 鹿児島県指宿市西方4657,1910,http://www.jin7.co.jp,shochu,鹿児島県指宿市に蔵を構える有限会社大山甚七商店は、明治43年（1910年）創業の歴史を誇る老舗酒蔵です。「日本のハワイ」と呼ばれる指宿の地で厳選した地元産の 原料（水、さつまいも）によるこだわりの芋焼酎を端正込めて製造しています。「味の秘密を知り、さらに楽しめる」 蔵元のこだわりと歴史や、各商品の受賞歴を紹介しています。伝統の技を守りつつ、現代の食文化に寄り添う高品質な美酒を醸し続けています。,0,draft,0.8,kagoshima_shochu_2026,鹿児島県酒造組合公式サイト蔵元一覧ページ(kuramoto/706/)より,2026-07-29 14:59:38,2026-08-02 06:37:42,31.6035,130.5638,1910,0,0
57858,,有限会社中村酒造場,中村酒造場,,鹿児島県,霧島市,〒 899-4315 鹿児島県霧島市国分湊915,1910,https://nakamurashuzoujo.com/,shochu,鹿児島県霧島市に蔵を構える有限会社中村酒造場は、明治43年（1910年）創業の歴史を誇る老舗酒蔵です。History in Nakamurashuzoujo 創業明治21年（1888年） 南九州最大の神宮「霧島神宮」が位置し、山深い鹿児島県霧島市。List of distilled spirits 初代が考案した王道焼酎「玉露」。伝統の技を守りつつ、現代の食文化に寄り添う高品質な美酒を醸し続けています。,0,draft,0.8,kagoshima_shochu_2026,鹿児島県酒造組合公式サイト蔵元一覧ページ(kuramoto/712/)より,2026-07-29 14:59:38,2026-08-02 06:37:42,31.6052,130.5669,1910,0,0
57859,,朝日酒造株式会社,朝日酒造,,鹿児島県,大島郡喜界町,〒 891-6202 鹿児島県大島郡喜界町湾41-1,1830年 (天保元年),http://www.kokuto-asahi.co.jp,shochu,鹿児島県大島郡喜界町に蔵を構える朝日酒造株式会社は、1830年 (天保元年)年に創業しました。豊かな自然と生命に恵まれた喜界島で、朝日酒造は1916年に創業しました。豊かな自然と生命に恵まれた喜界島で、朝日酒造は1916年に創業しました。伝統の技を守りつつ、現代の食文化に寄り添う高品質な美酒を醸し続けています。,0,draft,0.8,kagoshima_shochu_2026,鹿児島県酒造組合公式サイト蔵元一覧ページ(kuramoto/720/)より,2026-07-29 14:59:38,2026-08-02 06:37:42,31.5869,130.55,1830年 (天保元年),1,1
57860,,有限会社山田酒造,山田酒造,,鹿児島県,大島郡龍郷町,〒 894-0105 鹿児島県大島郡龍郷町大勝1373番地ハ,1910,,shochu,鹿児島県大島郡龍郷町に蔵を構える有限会社山田酒造は、明治43年（1910年）創業の歴史を誇る老舗酒蔵です。仕込み水には良質な霧島裂罅水・屋久島超軟水湧水（軟水）を使用し、黒瀬杜氏の伝統の技を受け継ぎながら、米の旨味を引き出す真摯な酒造りを追求しています。伝統の技を守りつつ、現代の食文化に寄り添う高品質な美酒を醸し続けています。,0,draft,0.8,kagoshima_shochu_2026,鹿児島県酒造組合公式サイト蔵元一覧ページ(kuramoto/729/)より,2026-07-29 14:59:38,2026-07-29 14:59:38,31.5886,130.5531,1910,0,0
57861,,有限会社亀澤酒造場,亀沢酒造場,,鹿児島県,大島郡徳之島町,〒 891-7101 鹿児島県大島郡徳之島町亀津849-1,1910,,shochu,鹿児島県大島郡徳之島町に蔵を構える有限会社亀澤酒造場は、明治43年（1910年）創業の歴史を誇る老舗酒蔵です。仕込み水には良質な霧島裂罅水・屋久島超軟水湧水（軟水）を使用し、黒瀬杜氏の伝統の技を受け継ぎながら、米の旨味を引き出す真摯な酒造りを追求しています。伝統の技を守りつつ、現代の食文化に寄り添う高品質な美酒を醸し続けています。,0,draft,0.8,kagoshima_shochu_2026,鹿児島県酒造組合公式サイト蔵元一覧ページ(kuramoto/739/)より,2026-07-29 14:59:38,2026-08-02 01:32:44,31.5903,130.5562,1910,0,0
57862,,有限会社白石酒造,白石酒造,,鹿児島県,いちき串木野市,〒 899-2101 鹿児島県いちき串木野市湊町1丁目342番地,1910,,shochu,鹿児島県いちき串木野市に蔵を構える有限会社白石酒造は、明治43年（1910年）創業の歴史を誇る老舗酒蔵です。仕込み水には良質な霧島裂罅水・屋久島超軟水湧水（軟水）を使用し、黒瀬杜氏の伝統の技を受け継ぎながら、米の旨味を引き出す真摯な酒造りを追求しています。伝統の技を守りつつ、現代の食文化に寄り添う高品質な美酒を醸し続けています。,0,draft,0.8,kagoshima_shochu_2026,鹿児島県酒造組合公式サイト蔵元一覧ページ(kuramoto/741/)より,2026-07-29 14:59:38,2026-07-29 14:59:38,31.592,130.5593,1910,0,0
57863,,鹿児島酒造㈱黒瀬杜氏伝承蔵,鹿児島酒造黒瀬杜氏伝承蔵,,鹿児島県,阿久根市,〒 899-1616 鹿児島県阿久根市栄町130,1910,https://kagosyuzo.jp/,shochu,鹿児島県に蔵を構える鹿児島酒造㈱黒瀬杜氏伝承蔵は、明治43年（1910年）創業の歴史を誇る老舗酒蔵です。そこで1500年頃から醪を蒸留して焼酎を造る技術が伝わり、薩摩の地に定着しました。その創世記に活躍したのが黒瀬金次郎であり、鹿児島酒造㈱黒瀬杜氏伝承蔵の初代杜氏黒瀬安光は三男にあたります。伝統の技を守りつつ、現代の食文化に寄り添う高品質な美酒を醸し続けています。,0,draft,0.8,kagoshima_shochu_2026,鹿児島県酒造組合公式サイト蔵元一覧ページ(kuramoto/3200/)より,2026-07-29 14:59:38,2026-08-02 06:37:42,31.5937,130.5624,1910,0,0
57864,,健土株式会社 牛ノ根蒸留所,健土牛ノ根蒸留所,,鹿児島県,,〒 899-4633 垂水市二川字中渡241-3,1910,https://www.big-advance.site/c/196/1437,shochu,鹿児島県に蔵を構える健土株式会社 牛ノ根蒸留所は、明治43年（1910年）創業の歴史を誇る老舗酒蔵です。仕込み水には良質な霧島裂罅水・屋久島超軟水湧水（軟水）を使用し、黒瀬杜氏の伝統の技を受け継ぎながら、米の旨味を引き出す真摯な酒造りを追求しています。伝統の技を守りつつ、現代の食文化に寄り添う高品質な美酒を醸し続けています。,0,draft,0.8,kagoshima_shochu_2026,鹿児島県酒造組合公式サイト蔵元一覧ページ(kuramoto/7158/)より,2026-07-29 14:59:38,2026-08-02 01:32:44,31.5954,130.5655,1910,0,0
57865,,抜群酒造合資会社,抜群酒造,,熊本県,球磨郡多良木町,熊本県球磨郡多良木町黒肥地1662,1910,https://www.batsugun-syuzou.com/,shochu,熊本県球磨郡多良木町に蔵を構える抜群酒造合資会社は、明治43年（1910年）創業の歴史を誇る老舗酒蔵です。仕込み水には良質な阿蘇外輪山・白川水源湧水群（中硬水）を使用し、蔵元杜氏・熊本杜氏の伝統の技を受け継ぎながら、米の旨味を引き出す真摯な酒造りを追求しています。伝統の技を守りつつ、現代の食文化に寄り添う高品質な美酒を醸し続けています。,0,draft,0.8,kumamoto_shochu_2026,球磨焼酎酒造組合公式サイト(product/batsugun/)より,2026-07-29 15:17:14,2026-08-02 06:37:42,32.7903,130.7332,1910,0,0
57866,,株式会社渕田酒造場,渕田酒造場,,熊本県,人吉市,熊本県人吉市紺屋町22,1910,,shochu,熊本県人吉市に蔵を構える株式会社渕田酒造場は、明治43年（1910年）創業の歴史を誇る老舗酒蔵です。仕込み水には良質な阿蘇外輪山・白川水源湧水群（中硬水）を使用し、蔵元杜氏・熊本杜氏の伝統の技を受け継ぎながら、米の旨味を引き出す真摯な酒造りを追求しています。伝統の技を守りつつ、現代の食文化に寄り添う高品質な美酒を醸し続けています。,0,draft,0.8,kumamoto_shochu_2026,球磨焼酎酒造組合公式サイト(product/fuchita/)より,2026-07-29 15:17:14,2026-07-29 15:17:14,32.792,130.7363,1910,0,0
57867,,有限会社渕田酒造本店,渕田酒造本店,,熊本県,球磨郡球磨村,熊本県球磨郡球磨村一勝地甲422-1,1910,,shochu,熊本県球磨郡球磨村に蔵を構える有限会社渕田酒造本店は、明治43年（1910年）創業の歴史を誇る老舗酒蔵です。仕込み水には良質な阿蘇外輪山・白川水源湧水群（中硬水）を使用し、蔵元杜氏・熊本杜氏の伝統の技を受け継ぎながら、米の旨味を引き出す真摯な酒造りを追求しています。伝統の技を守りつつ、現代の食文化に寄り添う高品質な美酒を醸し続けています。,0,draft,0.8,kumamoto_shochu_2026,球磨焼酎酒造組合公式サイト(product/fuchitahonten/)より,2026-07-29 15:17:14,2026-07-29 15:17:14,32.7937,130.7394,1910,0,0
57868,,深野酒造株式会社,深野酒造,,熊本県,人吉市,熊本県人吉市合の原町333,1910,https://shop-fukano.jp,shochu,熊本県人吉市に蔵を構える深野酒造株式会社は、明治43年（1910年）創業の歴史を誇る老舗酒蔵です。伝統の土甕仕込みが深いコクと香りを育み、まろやかで奥深い味わいに仕上がります。伝統の味をお届けします 深野酒造が200年にわたり守り続けてきた伝統は、単なる時の積み重ねではありません。伝統の技を守りつつ、現代の食文化に寄り添う高品質な美酒を醸し続けています。,0,draft,0.8,kumamoto_shochu_2026,球磨焼酎酒造組合公式サイト(product/fukano/)より,2026-07-29 15:17:14,2026-08-02 06:37:42,32.7954,130.7425,1910,0,0
57869,,株式会社福田酒造,福田酒造,,熊本県,人吉市,熊本県人吉市西間下町137の2,1910,https://fukudashuzo.com,shochu,熊本県人吉市に蔵を構える株式会社福田酒造は、明治43年（1910年）創業の歴史を誇る老舗酒蔵です。球磨焼酎五百年の伝統を受け継ぎ、昔ながらの蔵の仕来りを、忠実に守り続けている蔵元です。代表銘柄の山河は、熊本国税局酒類鑑評会の優等賞を受賞。伝統の技を守りつつ、現代の食文化に寄り添う高品質な美酒を醸し続けています。,0,draft,0.8,kumamoto_shochu_2026,球磨焼酎酒造組合公式サイト(product/fukuda/)より,2026-07-29 15:17:14,2026-08-02 06:37:42,32.7971,130.7456,1910,0,0
57870,,房の露株式會社,房の露株式會社,,熊本県,球磨郡多良木町,熊本県球磨郡多良木町多良木568,1910,https://www.fusanotsuyu.co.jp/,shochu,熊本県球磨郡多良木町に蔵を構える房の露株式會社は、明治43年（1910年）創業の歴史を誇る老舗酒蔵です。仕込み水には良質な阿蘇外輪山・白川水源湧水群（中硬水）を使用し、蔵元杜氏・熊本杜氏の伝統の技を受け継ぎながら、米の旨味を引き出す真摯な酒造りを追求しています。伝統の技を守りつつ、現代の食文化に寄り添う高品質な美酒を醸し続けています。,0,draft,0.8,kumamoto_shochu_2026,球磨焼酎酒造組合公式サイト(product/fusanotsuyu/)より,2026-07-29 15:17:14,2026-08-02 06:37:42,32.7988,130.7487,1910,0,0
57871,,株式会社白岳酒造研究所,白岳酒造研究所,,熊本県,人吉市,熊本県人吉市井ノ口町792-7,1910,https://www.hakutake.co.jp,shochu,熊本県人吉市に蔵を構える株式会社白岳酒造研究所は、明治43年（1910年）創業の歴史を誇る老舗酒蔵です。これからもひたすらに、本格米焼酎にこだわり続け、球磨焼酎ブランドを守る使命を果たすために、 伝統と革新の両立にチャレンジしていきます。当時、人吉・球磨を治めていた相良氏は東南アジアや大陸と活発に交易をしており、そこから蒸留技術が持ち込まれたことが焼酎づくりのきっかけになったのではないかと言われています。伝統の技を守りつつ、現代の食文化に寄り添う高品質な美酒を醸し続けています。,0,draft,0.8,kumamoto_shochu_2026,球磨焼酎酒造組合公式サイト(product/hakutake/)より,2026-07-29 15:17:14,2026-08-02 06:37:42,32.7805,130.7318,1910,0,0
57872,,有限会社林酒造場,林酒造場,,熊本県,球磨郡湯前町,熊本県球磨郡湯前町下城3092,1910,https://www.gokuraku-shochu.jp/,shochu,熊本県球磨郡湯前町に蔵を構える有限会社林酒造場は、明治43年（1910年）創業の歴史を誇る老舗酒蔵です。仕込み水には良質な阿蘇外輪山・白川水源湧水群（中硬水）を使用し、蔵元杜氏・熊本杜氏の伝統の技を受け継ぎながら、米の旨味を引き出す真摯な酒造りを追求しています。伝統の技を守りつつ、現代の食文化に寄り添う高品質な美酒を醸し続けています。,0,draft,0.8,kumamoto_shochu_2026,球磨焼酎酒造組合公式サイト(product/hayashi/)より,2026-07-29 15:17:14,2026-08-02 06:37:42,32.7822,130.7349,1910,0,0
57873,,常楽酒造株式会社,常楽酒造,,熊本県,球磨郡錦町,熊本県球磨郡錦町一武2577-13,1910,https://joraku.co.jp/,shochu,熊本県球磨郡錦町に蔵を構える常楽酒造株式会社は、明治43年（1910年）創業の歴史を誇る老舗酒蔵です。球磨川に流れる最上の天然水を使い、 熊本県産原料を中心に選び抜かれた国産原料にこだわり、惜しみなく使用し、 仕込まれて造られる焼酎は、まさに贅沢の極み。地産地消にこだわり、球磨産のなめらかなヨーグルトを使って仕込んだヨーグルトリキュールをはじめ、採れたての新鮮な果実を、自慢の純米焼酎に漬け込んだ本格派のフルーツリキュール酒など、多種多様。伝統の技を守りつつ、現代の食文化に寄り添う高品質な美酒を醸し続けています。,0,draft,0.8,kumamoto_shochu_2026,球磨焼酎酒造組合公式サイト(product/joraku/)より,2026-07-29 15:17:14,2026-08-02 06:37:42,32.7839,130.738,1910,0,0
57874,,合資会社寿福酒造場,寿福酒造場,,熊本県,人吉市,熊本県人吉市田町28-2,1910,,shochu,熊本県人吉市に蔵を構える合資会社寿福酒造場は、明治43年（1910年）創業の歴史を誇る老舗酒蔵です。仕込み水には良質な阿蘇外輪山・白川水源湧水群（中硬水）を使用し、蔵元杜氏・熊本杜氏の伝統の技を受け継ぎながら、米の旨味を引き出す真摯な酒造りを追求しています。伝統の技を守りつつ、現代の食文化に寄り添う高品質な美酒を醸し続けています。,0,draft,0.8,kumamoto_shochu_2026,球磨焼酎酒造組合公式サイト(product/jufuku/)より,2026-07-29 15:17:14,2026-07-29 15:17:14,32.7856,130.7411,1910,0,0
57875,,木下醸造所,木下醸造所,,熊本県,球磨郡多良木町,熊本県球磨郡多良木町多良木785,1910,,shochu,熊本県球磨郡多良木町に蔵を構える木下醸造所は、明治43年（1910年）創業の歴史を誇る老舗酒蔵です。仕込み水には良質な阿蘇外輪山・白川水源湧水群（中硬水）を使用し、蔵元杜氏・熊本杜氏の伝統の技を受け継ぎながら、米の旨味を引き出す真摯な酒造りを追求しています。伝統の技を守りつつ、現代の食文化に寄り添う高品質な美酒を醸し続けています。,0,draft,0.8,kumamoto_shochu_2026,球磨焼酎酒造組合公式サイト(product/kinoshita/)より,2026-07-29 15:17:14,2026-07-29 15:17:14,32.7873,130.7442,1910,0,0
57876,,松本酒造場,松本酒造場,,熊本県,球磨郡あさぎり町,熊本県球磨郡あさぎり町免田東347-3,1910,,shochu,熊本県球磨郡あさぎり町に蔵を構える松本酒造場は、明治43年（1910年）創業の歴史を誇る老舗酒蔵です。仕込み水には良質な伏見の地下伏流水（中硬水）を使用し、丹波杜氏の伝統の技を受け継ぎながら、米の旨味を引き出す真摯な酒造りを追求しています。歴史ある建造物は酒蔵・煉瓦煙突が国の近代化産業遺産・京都市景観重要建造物としても親しまれており、伝統と革新を融合させた味わいを全国の日本酒ファンへ届けています。,0,draft,0.8,kumamoto_shochu_2026,球磨焼酎酒造組合公式サイト(product/matsumoto/)より,2026-07-29 15:17:14,2026-07-29 15:17:14,32.789,130.7473,1910,0,0
57877,,松の泉酒造合資会社,松の泉酒造,,熊本県,球磨郡あさぎり町,熊本県球磨郡あさぎり町上北169-1,1910,https://www.matsunoizumi.co.jp,shochu,熊本県球磨郡あさぎり町に蔵を構える松の泉酒造合資会社は、明治43年（1910年）創業の歴史を誇る老舗酒蔵です。2026年 4月 24日 球磨焼酎「松の泉」と「特別清水仕込　水鏡無私」優等賞受賞のご報告 この程開催されました、熊本国税局令和８年酒類鑑評会の本格焼酎部門で、弊社の２銘柄が、その品質と製造技術に高い評価をいただき、優等賞を受賞いたしました。受賞銘柄 ●松の泉　（まつのいずみ） 球磨焼酎の本当の美味しさを知っている、人吉・球磨の人々に長年ご愛飲いただいている米焼酎です。伝統の技を守りつつ、現代の食文化に寄り添う高品質な美酒を醸し続けています。,0,draft,0.8,kumamoto_shochu_2026,球磨焼酎酒造組合公式サイト(product/matsunoizumi/)より,2026-07-29 15:17:14,2026-08-02 06:37:42,32.7907,130.7504,1910,0,0
57878,,有限会社松下醸造場,松下醸造場,,熊本県,球磨郡水上村,熊本県球磨郡水上村岩野2582,1910,https://www.matsushitashuzo.com,shochu,熊本県球磨郡水上村に蔵を構える有限会社松下醸造場は、明治43年（1910年）創業の歴史を誇る老舗酒蔵です。仕込み水には良質な阿蘇外輪山・白川水源湧水群（中硬水）を使用し、蔵元杜氏・熊本杜氏の伝統の技を受け継ぎながら、米の旨味を引き出す真摯な酒造りを追求しています。伝統の技を守りつつ、現代の食文化に寄り添う高品質な美酒を醸し続けています。,0,draft,0.8,kumamoto_shochu_2026,球磨焼酎酒造組合公式サイト(product/matsushita/)より,2026-07-29 15:17:14,2026-08-02 06:37:42,32.7924,130.7335,1910,0,0
57879,,合資会社宮原酒造場,宮原酒造場,,熊本県,球磨郡あさぎり町,熊本県球磨郡あさぎり町深田東581,1910,,shochu,熊本県球磨郡あさぎり町に蔵を構える合資会社宮原酒造場は、明治43年（1910年）創業の歴史を誇る老舗酒蔵です。仕込み水には良質な阿蘇外輪山・白川水源湧水群（中硬水）を使用し、蔵元杜氏・熊本杜氏の伝統の技を受け継ぎながら、米の旨味を引き出す真摯な酒造りを追求しています。伝統の技を守りつつ、現代の食文化に寄り添う高品質な美酒を醸し続けています。,0,draft,0.8,kumamoto_shochu_2026,球磨焼酎酒造組合公式サイト(product/miyahara/)より,2026-07-29 15:17:14,2026-07-29 15:17:14,32.7941,130.7366,1910,0,0
57880,,合資会社宮元酒造場,宮元酒造場,,熊本県,球磨郡多良木町,熊本県球磨郡多良木町黒肥地790,1910,,shochu,熊本県球磨郡多良木町に蔵を構える合資会社宮元酒造場は、明治43年（1910年）創業の歴史を誇る老舗酒蔵です。仕込み水には良質な阿蘇外輪山・白川水源湧水群（中硬水）を使用し、蔵元杜氏・熊本杜氏の伝統の技を受け継ぎながら、米の旨味を引き出す真摯な酒造りを追求しています。伝統の技を守りつつ、現代の食文化に寄り添う高品質な美酒を醸し続けています。,0,draft,0.8,kumamoto_shochu_2026,球磨焼酎酒造組合公式サイト(product/miyamoto/)より,2026-07-29 15:17:14,2026-07-29 15:17:14,32.7958,130.7397,1910,0,0
57881,,有限会社那須酒造場,那須酒造場,,熊本県,球磨郡多良木町,熊本県球磨郡多良木町久米695,1910,,shochu,熊本県球磨郡多良木町に蔵を構える有限会社那須酒造場は、明治43年（1910年）創業の歴史を誇る老舗酒蔵です。仕込み水には良質な阿蘇外輪山・白川水源湧水群（中硬水）を使用し、蔵元杜氏・熊本杜氏の伝統の技を受け継ぎながら、米の旨味を引き出す真摯な酒造りを追求しています。伝統の技を守りつつ、現代の食文化に寄り添う高品質な美酒を醸し続けています。,0,draft,0.8,kumamoto_shochu_2026,球磨焼酎酒造組合公式サイト(product/nasu/)より,2026-07-29 15:17:14,2026-07-29 15:17:14,32.7975,130.7428,1910,0,0
57882,,合資会社大石酒造場,大石酒造場,,熊本県,球磨郡水上村,熊本県球磨郡水上村岩野1053,1910,https://www.ohishi-shuzohjyo.jp,shochu,熊本県球磨郡水上村に蔵を構える合資会社大石酒造場は、明治43年（1910年）創業の歴史を誇る老舗酒蔵です。四季折々の様々な自然が演出する表情の中、明治5年の創業以来“こだわりの味”を追求しています。球磨焼酎の伝統の味が育まれる時間の始まりです。伝統の技を守りつつ、現代の食文化に寄り添う高品質な美酒を醸し続けています。,0,draft,0.8,kumamoto_shochu_2026,球磨焼酎酒造組合公式サイト(product/ohishi/)より,2026-07-29 15:17:14,2026-08-02 06:37:42,32.7992,130.7459,1910,0,0
57883,,六調子酒造株式会社,六調子酒造,,熊本県,球磨郡錦町,熊本県球磨郡錦町西1013,1910,https://rokuchoshi.official.ec,shochu,熊本県球磨郡錦町に蔵を構える六調子酒造株式会社は、明治43年（1910年）創業の歴史を誇る老舗酒蔵です。日本三大急流の一つ「球磨川」が九州山地を矢のように流れ下り一息入れる球磨盆地で、清冽な水と、たわわに実った米を原料に情味豊かな人々の手で造られ、貯蔵の歳月に磨きぬかれた「球磨焼酎」の銘柄です。蒸留酒の味を決定づける最終工程、ブレンディングにも並々ならぬこだわりを持ちます。伝統の技を守りつつ、現代の食文化に寄り添う高品質な美酒を醸し続けています。,0,draft,0.8,kumamoto_shochu_2026,球磨焼酎酒造組合公式サイト(product/rokuchoshi/)より,2026-07-29 15:17:14,2026-08-02 06:37:42,32.7809,130.749,1910,0,0
57884,,繊月酒造株式会社,繊月酒造,,熊本県,人吉市,熊本県人吉市新町1番地,1910,http://www.sengetsu.co.jp/,shochu,熊本県人吉市に蔵を構える繊月酒造株式会社は、明治43年（1910年）創業の歴史を誇る老舗酒蔵です。本格米焼酎 繊月／繊月酒造 繊月オンラインショップ 繊月酒造では、創業当初から専属の杜氏をおき、現在では六代目杜氏にその伝統と技が受け継がれております。初代が生み出し、代々の杜氏によって育てられてきた“蔵の味”を守り、さらに磨きをかけながら焼酎造りに取り組んでおります。伝統の技を守りつつ、現代の食文化に寄り添う高品質な美酒を醸し続けています。,0,draft,0.8,kumamoto_shochu_2026,球磨焼酎酒造組合公式サイト(product/sengetsu/)より,2026-07-29 15:17:14,2026-08-02 06:37:42,32.7826,130.7321,1910,0,0
57885,1360001013706,高橋酒造株式会社 多良木蒸留所,高橋酒造多良木蒸留所,,熊本県,球磨郡多良木町,熊本県球磨郡多良木町奥野813,1910,https://www.hakutake.co.jp,shochu,熊本県球磨郡多良木町に蔵を構える高橋酒造株式会社 多良木蒸留所は、明治43年（1910年）創業の歴史を誇る老舗酒蔵です。これからもひたすらに、本格米焼酎にこだわり続け、球磨焼酎ブランドを守る使命を果たすために、 伝統と革新の両立にチャレンジしていきます。当時、人吉・球磨を治めていた相良氏は東南アジアや大陸と活発に交易をしており、そこから蒸留技術が持ち込まれたことが焼酎づくりのきっかけになったのではないかと言われています。伝統の技を守りつつ、現代の食文化に寄り添う高品質な美酒を醸し続けています。,0,draft,0.8,kumamoto_shochu_2026,球磨焼酎酒造組合公式サイト(product/takahashi/)より,2026-07-29 15:17:14,2026-08-02 06:37:42,32.7843,130.7352,1910,0,0
57886,,合資会社高田酒造場,高田酒造場,,熊本県,球磨郡あさぎり町,熊本県球磨郡あさぎり町深田東756,1910,https://www.takata-shuzohjyo.co.jp/,shochu,熊本県球磨郡あさぎり町に蔵を構える合資会社高田酒造場は、明治43年（1910年）創業の歴史を誇る老舗酒蔵です。これまでの伝統を守りつつ、これからも米焼酎のイメージを覆すような新しい球磨焼酎を造り続けます。焼酎は全て手造りで、昔ながらの石蔵の麹室、カメ（甕）仕込みを受け継ぎ、こだわりの少量生産を守っています。伝統の技を守りつつ、現代の食文化に寄り添う高品質な美酒を醸し続けています。,0,draft,0.85,kumamoto_shochu_2026,球磨焼酎酒造組合公式サイト(product/takata/)より,2026-07-29 15:17:14,2026-08-02 06:37:42,32.786,130.7383,1910,0,0
57887,,株式会社鳥飼酒造,鳥飼酒造,,熊本県,人吉市,熊本県人吉市七日町2,1910,https://torikai.co.jp/,shochu,熊本県人吉市に蔵を構える株式会社鳥飼酒造は、明治43年（1910年）創業の歴史を誇る老舗酒蔵です。仕込み水には良質な阿蘇外輪山・白川水源湧水群（中硬水）を使用し、蔵元杜氏・熊本杜氏の伝統の技を受け継ぎながら、米の旨味を引き出す真摯な酒造りを追求しています。伝統の技を守りつつ、現代の食文化に寄り添う高品質な美酒を醸し続けています。,0,draft,1.0,kumamoto_shochu_2026,球磨焼酎酒造組合公式サイト(product/torikai/)より,2026-07-29 15:17:14,2026-08-02 06:37:42,32.7877,130.7414,1910,0,0
57888,,合名会社豊永酒造,豊永酒造,,熊本県,球磨郡湯前町,熊本県球磨郡湯前町1873,1910,https://www.toyonagakura.com,shochu,熊本県球磨郡湯前町に蔵を構える合名会社豊永酒造は、明治43年（1910年）創業の歴史を誇る老舗酒蔵です。球磨川を流れる清らかな水と、肥沃な大地が育む原料を使い、伝統を超えた焼酎づくりを行っています。豊永酒造について - 豊永酒造 伝統を継ぎ、進化する個性。伝統の技を守りつつ、現代の食文化に寄り添う高品質な美酒を醸し続けています。,0,draft,0.85,kumamoto_shochu_2026,球磨焼酎酒造組合公式サイト(product/toyonaga/)より,2026-07-29 15:17:14,2026-08-02 06:37:42,32.7894,130.7445,1910,0,0
57889,,株式会社恒松酒造本店,恒松酒造本店,,熊本県,球磨郡多良木町,熊本県球磨郡多良木町多良木1022,1910,http://tsunematsu-shuzo.com/,shochu,熊本県球磨郡多良木町に蔵を構える株式会社恒松酒造本店は、明治43年（1910年）創業の歴史を誇る老舗酒蔵です。熊本県球磨郡の豊かな自然、水にこだわり、原料にこだわる 熊本県球磨地方で栽培したムラサキマサリを手作業で選別し、黒麹で仕込んだ本格芋焼酎です。球磨焼酎とは「球磨の水」「球磨の地での醸造、ボトリング」を条件に、世界に認められた米焼酎です。伝統の技を守りつつ、現代の食文化に寄り添う高品質な美酒を醸し続けています。,0,draft,0.85,kumamoto_shochu_2026,球磨焼酎酒造組合公式サイト(product/tsunematsu/)より,2026-07-29 15:17:14,2026-08-02 06:37:42,32.7911,130.7476,1910,0,0
57890,,株式会社堤酒造,堤酒造,,熊本県,球磨郡あさぎり町,熊本県球磨郡あさぎり町岡原南390-4,1910,https://tsutsumi-syuzou.com,shochu,熊本県球磨郡あさぎり町に蔵を構える株式会社堤酒造は、明治43年（1910年）創業の歴史を誇る老舗酒蔵です。堤酒造 – 甕仕込み焼酎を始めとする伝統の球磨焼酎の味と製法を守りながら、新しい次世代の焼酎の研究を行なっております。杜氏から杜氏へとしっかりと 受け継がれてきました。伝統の技を守りつつ、現代の食文化に寄り添う高品質な美酒を醸し続けています。,0,draft,0.8,kumamoto_shochu_2026,球磨焼酎酒造組合公式サイト(product/tsutsumi/)より,2026-07-29 15:17:14,2026-08-02 06:37:42,32.7928,130.7507,1910,0,0
57891,,合資会社大和一酒造元,大和一酒造元,,熊本県,人吉市,熊本県人吉市下林町2144,1910,https://www.yamato1.com,shochu,熊本県人吉市に蔵を構える合資会社大和一酒造元は、明治43年（1910年）創業の歴史を誇る老舗酒蔵です。仕込み水には良質な阿蘇外輪山・白川水源湧水群（中硬水）を使用し、蔵元杜氏・熊本杜氏の伝統の技を受け継ぎながら、米の旨味を引き出す真摯な酒造りを追求しています。伝統の技を守りつつ、現代の食文化に寄り添う高品質な美酒を醸し続けています。,0,draft,0.9,kumamoto_shochu_2026,球磨焼酎酒造組合公式サイト(product/yamatoichi/)より,2026-07-29 15:17:14,2026-08-02 06:37:42,32.7945,130.7338,1910,0,0
57892,,北谷長老酒造工場株式会社,北谷長老酒造工場,,沖縄県,北谷町,沖縄県北谷町字吉原63,1848,https://chatan-chourou.co.jp/,shochu,沖縄県北谷町に蔵を構える北谷長老酒造工場株式会社は、嘉永元年（1848年）創業の歴史を誇る老舗酒蔵です。その前身となる玉那覇酒造は、首里赤田町にて創業。小人数で造るため年間の生産量が限られており、大量生産はできませんが、伝統製法にのっとり、味がブレないように丁寧な酒造り心がけています。伝統の技を守りつつ、現代の食文化に寄り添う高品質な美酒を醸し続けています。,0,draft,0.9,okinawa_awamori_2026,沖縄県酒造組合公式サイト(brewery/chatan/)より。銘柄名は未取得(構造化データなし、別途調査要)。,2026-07-29 15:24:44,2026-08-02 06:37:42,26.2188,127.6761,1848,0,0
57893,,忠孝酒造株式会社,忠孝酒造,,沖縄県,豊見城市,沖縄県豊見城市字名嘉地132番地,1949,http://www.chuko-awamori.com,shochu,沖縄県豊見城市に位置する忠孝酒造株式会社は、昭和24年（1949年）に創業しました。忠孝よっかこうじ今までにない手間暇をかけた、常識破り泡盛 先人の技術と新たな技術の融合と麹造りに今までにない手間暇をかけたプレミアムで常識破りな泡盛。仕次ぎ(伝統的な古酒造り)沖縄の伝統、良い古酒を創る為の仕次ぎ 琉球王朝最後の国王の子、尚順が伝えた古酒造りの手法「仕次ぎ」。伝統の技を守りつつ、現代の食文化に寄り添う高品質な美酒を醸し続けています。,0,draft,0.85,okinawa_awamori_2026,沖縄県酒造組合公式サイト(brewery/chuko/)より。銘柄名は未取得(構造化データなし、別途調査要)。,2026-07-29 15:24:44,2026-08-02 06:37:40,26.2205,127.6792,1949,0,0
57894,,波照間酒造所,波照間酒造所,,沖縄県,竹富町,沖縄県竹富町字波照間156番地,1952,,shochu,沖縄県竹富町に位置する波照間酒造所は、昭和27年（1952年）に創業しました。仕込み水には良質な首里首里城下湧水・琉球石灰岩湧水（硬水）を使用し、丁寧な手造りの精神を受け継ぎながら、米の旨味を引き出す真摯な酒造りを追求しています。伝統の技を守りつつ、現代の食文化に寄り添う高品質な美酒を醸し続けています。,0,draft,0.85,okinawa_awamori_2026,沖縄県酒造組合公式サイト(brewery/hateruma/)より。銘柄名は未取得(構造化データなし、別途調査要)。,2026-07-29 15:24:44,2026-07-29 15:24:44,26.2222,127.6823,1952,0,0
57895,6360001008323,ヘリオス酒造株式会社,ヘリオス酒造,,沖縄県,名護市,沖縄県名護市字許田405番地,1961,http://www.helios-syuzo.co.jp,shochu,沖縄県名護市に位置するヘリオス酒造株式会社は、昭和36年（1961年）に創業しました。紆余曲折で苦労の連続だった創業当時から、6種類の製造免許を取得する中で試行錯誤を繰り返した商品開発ストーリーを紹介いたします。それぞれの商品には異なる開発ストーリーがありますが、ここではすべての商品に共通する「酒造りへのこだわり」をご紹介します。伝統の技を守りつつ、現代の食文化に寄り添う高品質な美酒を醸し続けています。,0,draft,0.9,okinawa_awamori_2026,沖縄県酒造組合公式サイト(brewery/helios/)より。銘柄名は未取得(構造化データなし、別途調査要)。,2026-07-29 15:24:44,2026-08-02 06:37:40,26.2039,127.6854,1961,0,0
57896,2360001004452,有限会社比嘉酒造,比嘉酒造,,沖縄県,読谷村,沖縄県読谷村長浜1061,1948,https://www.zanpa.co.jp/,shochu,沖縄県読谷村に位置する有限会社比嘉酒造は、昭和23年（1948年）に創業しました。仕込み水には良質な首里首里城下湧水・琉球石灰岩湧水（硬水）を使用し、丁寧な手造りの精神を受け継ぎながら、米の旨味を引き出す真摯な酒造りを追求しています。伝統の技を守りつつ、現代の食文化に寄り添う高品質な美酒を醸し続けています。,0,draft,1.0,okinawa_awamori_2026,沖縄県酒造組合公式サイト(brewery/higa/)より。銘柄名は未取得(構造化データなし、別途調査要)。,2026-07-29 15:24:44,2026-08-02 06:37:42,26.2056,127.6885,1948,0,0
57897,,株式会社伊平屋酒造所,伊平屋酒造所,,沖縄県,伊平屋村,沖縄県伊平屋村字我喜屋2131－40番地,1948,https://iheya-distillery.co.jp/,shochu,沖縄県伊平屋村に位置する株式会社伊平屋酒造所は、昭和23年（1948年）に創業しました。仕込み水には良質な首里首里城下湧水・琉球石灰岩湧水（硬水）を使用し、丁寧な手造りの精神を受け継ぎながら、米の旨味を引き出す真摯な酒造りを追求しています。伝統の技を守りつつ、現代の食文化に寄り添う高品質な美酒を醸し続けています。,0,draft,0.6,flagged_brewery_review_2026,旧公式サイトiheya-distillery.co.jpがDNS解決不可(ドメイン消失)と確認。会社自体の現状は未確認、要再調査。websiteはNULL化。,2026-07-29 15:24:44,2026-08-02 06:37:40,26.2073,127.6716,1948,0,0
57898,,株式会社池原酒造,池原酒造,,沖縄県,石垣市,沖縄県石垣市字大川175番地,1951,https://shirayuri-ikehara.com/,shochu,沖縄県石垣市に位置する株式会社池原酒造は、昭和26年（1951年）に創業しました。仕込み水には良質な首里首里城下湧水・琉球石灰岩湧水（硬水）を使用し、丁寧な手造りの精神を受け継ぎながら、米の旨味を引き出す真摯な酒造りを追求しています。伝統の技を守りつつ、現代の食文化に寄り添う高品質な美酒を醸し続けています。,0,draft,0.9,okinawa_awamori_2026,沖縄県酒造組合公式サイト(brewery/ikehara/)より。銘柄名は未取得(構造化データなし、別途調査要)。,2026-07-29 15:24:44,2026-08-02 06:37:42,26.209,127.6747,1951,0,0
57899,,池間酒造有限会社,池間酒造,,沖縄県,宮古島市,沖縄県宮古島市平良字西原57番地,1946,,shochu,沖縄県宮古島市に位置する池間酒造有限会社は、昭和21年（1946年）に創業しました。仕込み水には良質な首里首里城下湧水・琉球石灰岩湧水（硬水）を使用し、丁寧な手造りの精神を受け継ぎながら、米の旨味を引き出す真摯な酒造りを追求しています。伝統の技を守りつつ、現代の食文化に寄り添う高品質な美酒を醸し続けています。,0,draft,0.85,okinawa_awamori_2026,沖縄県酒造組合公式サイト(brewery/ikema/)より。銘柄名は未取得(構造化データなし、別途調査要)。,2026-07-29 15:24:44,2026-07-29 15:24:44,26.2107,127.6778,1946,0,0
57900,,入波平酒造株式会社,入波平酒造,,沖縄県,与那国町,沖縄県与那国町字与那国4147－1,1989,,shochu,沖縄県与那国町に位置する入波平酒造株式会社は、平成元年（1989年）に創業しました。仕込み水には良質な首里首里城下湧水・琉球石灰岩湧水（硬水）を使用し、丁寧な手造りの精神を受け継ぎながら、米の旨味を引き出す真摯な酒造りを追求しています。伝統の技を守りつつ、現代の食文化に寄り添う高品質な美酒を醸し続けています。,0,draft,0.85,okinawa_awamori_2026,沖縄県酒造組合公式サイト(brewery/irinamihira/)より。銘柄名は未取得(構造化データなし、別途調査要)。,2026-07-29 15:24:44,2026-07-29 15:24:44,26.2124,127.6809,1989,0,0
57901,,株式会社石川酒造場,石川酒造場,,沖縄県,西原町,沖縄県西原町字小那覇1438－1,1949,http://www.kamejikomi.com,shochu,沖縄県西原町に位置する株式会社石川酒造場は、昭和24年（1949年）に創業しました。地域社会に貢献する企業として、技術の研鑽と資質の向上に努める。昔ながらの甕仕込み製法を採用し一石甕を使い、職人の技術と手間隙をかけて仕込みを行っている。伝統の技を守りつつ、現代の食文化に寄り添う高品質な美酒を醸し続けています。,0,draft,0.9,okinawa_awamori_2026,沖縄県酒造組合公式サイト(brewery/ishikawa/)より。銘柄名は未取得(構造化データなし、別途調査要)。,2026-07-29 15:24:44,2026-08-02 06:37:40,26.2141,127.684,1949,0,0
57902,,合資会社伊是名酒造所,伊是名酒造所,,沖縄県,伊是名村,沖縄県伊是名村字伊是名736番地,1949,https://www.izenasyuzousyo.com/,shochu,沖縄県伊是名村に位置する合資会社伊是名酒造所は、昭和24年（1949年）に創業しました。仕込み水には良質な首里首里城下湧水・琉球石灰岩湧水（硬水）を使用し、丁寧な手造りの精神を受け継ぎながら、米の旨味を引き出す真摯な酒造りを追求しています。伝統の技を守りつつ、現代の食文化に寄り添う高品質な美酒を醸し続けています。,0,draft,0.85,okinawa_awamori_2026,沖縄県酒造組合公式サイト(brewery/izena/)より。銘柄名は未取得(構造化データなし、別途調査要)。,2026-07-29 15:24:44,2026-08-02 06:37:40,26.2158,127.6871,1949,0,0
57903,,有限会社神村酒造,神村酒造,,沖縄県,うるま市,沖縄県うるま市石川嘉手苅570番地,1882,http://www.kamimura-shuzo.co.jp,shochu,沖縄県うるま市に蔵を構える有限会社神村酒造は、明治15年（1882年）創業の歴史を誇る老舗酒蔵です。仕込み水には良質な首里首里城下湧水・琉球石灰岩湧水（硬水）を使用し、丁寧な手造りの精神を受け継ぎながら、米の旨味を引き出す真摯な酒造りを追求しています。伝統の技を守りつつ、現代の食文化に寄り添う高品質な美酒を醸し続けています。,0,draft,0.85,okinawa_awamori_2026,沖縄県酒造組合公式サイト(brewery/kamimura/)より。銘柄名は未取得(構造化データなし、別途調査要)。,2026-07-29 15:24:44,2026-08-02 06:37:42,26.2175,127.6902,1882,0,0
57904,,神谷酒造所,神谷酒造所,,沖縄県,島尻郡八重瀬町,沖縄県島尻郡八重瀬町字世名城510-3,1949,https://www.kamiya-shuzo.com/,shochu,沖縄県島尻郡八重瀬町に位置する神谷酒造所は、昭和24年（1949年）に創業しました。昭和24年創業、代表銘柄「南光」は終戦直後の混乱期に南部の希望の光になるよう命名されました。昭和24年創業、代表銘柄「南光」は終戦直後の混乱期に南部の希望の光になるよう命名されました。伝統の技を守りつつ、現代の食文化に寄り添う高品質な美酒を醸し続けています。,0,draft,0.85,okinawa_awamori_2026,沖縄県酒造組合公式サイト(brewery/kamiya/)より。銘柄名は未取得(構造化データなし、別途調査要)。,2026-07-29 15:24:44,2026-08-02 06:37:40,26.2192,127.6733,1949,0,0
57905,,菊之露酒造株式会社,菊之露酒造,,沖縄県,宮古島市,沖縄県宮古島市平良字西里290番地,1928,https://www.kikunotsuyu.co.jp/,shochu,沖縄県宮古島市に位置する菊之露酒造株式会社は、昭和3年（1928年）に創業しました。常に泡盛の「ど真ん中のおいしさ」を追求し続ける私たちの、こだわりの商品についてご紹介します。その後、お米を蒸していくのですが、気温や温度の変化によって、細かな調整が必要になってくるため、泡盛職人が培ってきた技術と勘の魅せどころです。伝統の技を守りつつ、現代の食文化に寄り添う高品質な美酒を醸し続けています。,0,draft,1.0,okinawa_awamori_2026,沖縄県酒造組合公式サイト(brewery/kikunotsuyu/)より。銘柄名は未取得(構造化データなし、別途調査要)。,2026-07-29 15:24:44,2026-08-02 06:37:42,26.2209,127.6764,1928,0,0
57906,,有限会社金武酒造,金武酒造,,沖縄県,金武町,沖縄県金武町字金武4823－1,1949,http://www.kinsyuzo-tatsu.com,shochu,沖縄県金武町に位置する有限会社金武酒造は、昭和24年（1949年）に創業しました。金武酒造を代表する銘柄のひとつで、「龍」の名前の由来は創業者の先々代と先代が「辰年」生まれにちなんで名づけられました。仕込み水には硬水の金武大川水系の水を使い、割り水は軟水を使用している一般酒。伝統の技を守りつつ、現代の食文化に寄り添う高品質な美酒を醸し続けています。,0,draft,0.85,okinawa_awamori_2026,沖縄県酒造組合公式サイト(brewery/kin/)より。銘柄名は未取得(構造化データなし、別途調査要)。,2026-07-29 15:24:44,2026-08-02 06:37:40,26.2026,127.6795,1949,0,0
57907,,株式会社 どなん酒造,どなん酒造,,沖縄県,与那国町,沖縄県与那国町字与那国2087番地,1958,https://donan-kokusenawamori.com/,shochu,沖縄県与那国町に位置する株式会社 どなん酒造は、昭和33年（1958年）に創業しました。熱く焼けるのど越しは南の島の太陽の暑さを連想させるような情熱のお酒です。伝統の技を守りつつ、現代の食文化に寄り添う高品質な美酒を醸し続けています。,0,draft,0.85,okinawa_awamori_2026,沖縄県酒造組合公式サイト(brewery/kokusen/)より。銘柄名は未取得(構造化データなし、別途調査要)。,2026-07-29 15:24:44,2026-08-02 06:37:42,26.2043,127.6826,1958,0,0
57908,,株式会社久米島の久米仙,久米島の久米仙,,沖縄県,島尻郡久米島町,沖縄県島尻郡久米島町字宇江城2157,1949,http://www.k-kumesen.co.jp,shochu,沖縄県島尻郡久米島町に位置する株式会社久米島の久米仙は、昭和24年（1949年）に創業しました。伝統的に継承されてきた泡盛の製法に従って、今でも泡盛の原料にはタイ産の米が使われていますが、ここにもアジアと琉球をつなぐ歴史の1ページを垣間見る ことができます。幾世紀もの歴史に育まれ、 静かに円熟の年月を刻んできた泡盛の神髄は、今も久米島の久米仙に受け継がれ、豊潤で清冽な美酒の味わいを皆様に届け続けています。伝統の技を守りつつ、現代の食文化に寄り添う高品質な美酒を醸し続けています。,0,draft,0.9,okinawa_awamori_2026,沖縄県酒造組合公式サイト(brewery/kumejima_kumesen/)より。銘柄名は未取得(構造化データなし、別途調査要)。,2026-07-29 15:24:44,2026-08-02 06:37:42,26.206,127.6857,1949,0,0
57909,5360001000780,久米仙酒造株式会社,久米仙酒造,,沖縄県,那覇市,沖縄県那覇市字仲井真155番地,1952,http://www.kumesen.co.jp,shochu,沖縄県那覇市に位置する久米仙酒造株式会社は、昭和27年（1952年）に創業しました。創業者から受け継いだ「伝統を大切にしながら、泡盛の新しい可能性を求めて一歩進んだ泡盛づくり」をモットーに、これからもチャレンジを続けてまいります。OKINAWA ISLAND BLUE 日本の焼酎文化の起源にあたる沖縄の泡盛古酒の製造技術を生かした新時代のウイスキー 加水を控えた50度の力強さと干しぶどうやはちみつを思わせるまろやかな甘み。伝統の技を守りつつ、現代の食文化に寄り添う高品質な美酒を醸し続けています。,0,draft,0.85,okinawa_awamori_2026,沖縄県酒造組合公式サイト(brewery/kumesen/)より。銘柄名は未取得(構造化データなし、別途調査要)。,2026-07-29 15:24:44,2026-08-02 06:37:40,26.2077,127.6888,1952,0,0
57910,,まさひろ酒造株式会社,まさひろ酒造,,沖縄県,糸満市,沖縄県糸満市西崎町5－8－7,1883,http://www.masahiro.co.jp,shochu,沖縄県糸満市に蔵を構えるまさひろ酒造株式会社は、明治16年（1883年）創業の歴史を誇る老舗酒蔵です。のちに、その蒸留技術は九州へ伝わり焼酎として広く普及しました。創業から140年あまりのまさひろ酒造は、伝統的製法を守りながら日々切磋琢磨し、常に良質の泡盛をご提供できるよう努めています。伝統の技を守りつつ、現代の食文化に寄り添う高品質な美酒を醸し続けています。,0,draft,0.9,okinawa_awamori_2026,沖縄県酒造組合公式サイト(brewery/masahiro/)より。銘柄名は未取得(構造化データなし、別途調査要)。,2026-07-29 15:24:44,2026-08-02 06:37:40,26.2094,127.6719,1883,0,0
57911,,株式会社宮の華,宮の華,,沖縄県,宮古島市,沖縄県宮古島市伊良部字仲地158－1,1948,http://www.miyanohana.com/,shochu,沖縄県宮古島市に位置する株式会社宮の華は、昭和23年（1948年）に創業しました。仕込み水には良質な首里首里城下湧水・琉球石灰岩湧水（硬水）を使用し、丁寧な手造りの精神を受け継ぎながら、米の旨味を引き出す真摯な酒造りを追求しています。伝統の技を守りつつ、現代の食文化に寄り添う高品質な美酒を醸し続けています。,0,draft,0.85,okinawa_awamori_2026,沖縄県酒造組合公式サイト(brewery/miyanohana/)より。銘柄名は未取得(構造化データなし、別途調査要)。,2026-07-29 15:24:44,2026-08-02 06:37:40,26.2111,127.675,1948,0,0
57912,,宮里酒造所,宮里酒造所,,沖縄県,那覇市,沖縄県那覇市小禄645番地,1946,,shochu,沖縄県那覇市に位置する宮里酒造所は、昭和21年（1946年）に創業しました。仕込み水には良質な首里首里城下湧水・琉球石灰岩湧水（硬水）を使用し、丁寧な手造りの精神を受け継ぎながら、米の旨味を引き出す真摯な酒造りを追求しています。伝統の技を守りつつ、現代の食文化に寄り添う高品質な美酒を醸し続けています。,0,draft,0.85,okinawa_awamori_2026,沖縄県酒造組合公式サイト(brewery/miyazato/)より。銘柄名は未取得(構造化データなし、別途調査要)。,2026-07-29 15:24:44,2026-07-29 15:24:44,26.2128,127.6781,1946,0,0
57913,,瑞穂酒造株式会社,瑞穂酒造,,沖縄県,那覇市,沖縄県那覇市首里末吉町4－5－16,1848,http://www.mizuhoshuzo.co.jp,shochu,沖縄県那覇市に蔵を構える瑞穂酒造株式会社は、嘉永元年（1848年）創業の歴史を誇る老舗酒蔵です。商品ページ（外部サイト） Frontier Spirit 〜 縁を繋ぎ文化を創る 1848年創業…その170年の歴史と共に継承された、技術、繋がり、そして開拓者精神。沖縄が笑顔溢れる場所になることを夢見て… 沖縄から世界を目指す、多様な酒造り 長い歴史の中で培ってきた酒造りの伝統とFrontier Spiritは、泡盛だけにとどまらず、様々な酒造りに息づいています。伝統の技を守りつつ、現代の食文化に寄り添う高品質な美酒を醸し続けています。,0,draft,0.9,okinawa_awamori_2026,沖縄県酒造組合公式サイト(brewery/mizuho/)より。銘柄名は未取得(構造化データなし、別途調査要)。,2026-07-29 15:24:44,2026-08-02 06:37:40,26.2145,127.6812,1848,0,0
57914,,仲間酒造株式会社,仲間酒造,,沖縄県,石垣市,沖縄県石垣市字宮良956番地,1948,https://miyanotsuru.com/,shochu,沖縄県石垣市に位置する仲間酒造株式会社は、昭和23年（1948年）に創業しました。木製の蒸し機や地釜蒸留器などを今も大切に使い、１９４８年創業当時の製法を大切に、丁寧に造り続けています。地元で愛される泡盛を目指し、銘柄は「宮之鶴」１種類のみ。伝統の技を守りつつ、現代の食文化に寄り添う高品質な美酒を醸し続けています。,0,draft,0.95,okinawa_awamori_2026,沖縄県酒造組合公式サイト(brewery/nakama/)より。銘柄名は未取得(構造化データなし、別途調査要)。,2026-07-29 15:24:44,2026-08-02 06:37:42,26.2162,127.6843,1948,0,0
57915,,有限会社今帰仁酒造,今帰仁酒造,,沖縄県,今帰仁村,沖縄県今帰仁村字仲宗根500番地,1948,http://www.nakijinshuzo.jp,shochu,沖縄県今帰仁村に位置する有限会社今帰仁酒造は、昭和23年（1948年）に創業しました。今帰仁酒造 - 泡盛・古酒の製造 販売 IMUGE.（イムゲー）について 泡盛であり続けること今帰仁であること 1948年創業以来、私たちは今帰仁の地で酒造りを行ってきました。酒造りと共に伝統文化である泡盛を伝えていく。伝統の技を守りつつ、現代の食文化に寄り添う高品質な美酒を醸し続けています。,0,draft,0.9,okinawa_awamori_2026,沖縄県酒造組合公式サイト(brewery/nakijin/)より。銘柄名は未取得(構造化データなし、別途調査要)。,2026-07-29 15:24:44,2026-08-02 06:37:40,26.2179,127.6874,1948,0,0
57916,,沖之光酒造合資会社,沖之光酒造,,沖縄県,宮古島市,沖縄県宮古島市平良字下里1174番地,1948,https://www.okinohikari.com/,shochu,沖縄県宮古島市に位置する沖之光酒造合資会社は、昭和23年（1948年）に創業しました。仕込み水には良質な首里首里城下湧水・琉球石灰岩湧水（硬水）を使用し、丁寧な手造りの精神を受け継ぎながら、米の旨味を引き出す真摯な酒造りを追求しています。伝統の技を守りつつ、現代の食文化に寄り添う高品質な美酒を醸し続けています。,0,draft,0.9,okinawa_awamori_2026,沖縄県酒造組合公式サイト(brewery/okinohikari/)より。銘柄名は未取得(構造化データなし、別途調査要)。,2026-07-29 15:24:44,2026-08-02 06:37:42,26.2196,127.6905,1948,0,0
57917,,合資会社恩納酒造所,恩納酒造所,,沖縄県,恩納村,沖縄県恩納村字恩納2690番地,1949,https://manza.jp/,shochu,沖縄県恩納村に位置する合資会社恩納酒造所は、昭和24年（1949年）に創業しました。昔ながらの伝統の造りを継承し、創業から変わらぬ味と香りを守り続ける。萬座 10年古酒 40度 「琉球泡盛 萬座」とは 青い海に突出した断崖絶壁の上に広がる景勝地、 万座毛のほど近くに1949年(昭和24年)創業。伝統の技を守りつつ、現代の食文化に寄り添う高品質な美酒を醸し続けています。,0,draft,0.9,okinawa_awamori_2026,沖縄県酒造組合公式サイト(brewery/onna/)より。銘柄名は未取得(構造化データなし、別途調査要)。,2026-07-29 15:24:44,2026-08-02 06:37:42,26.2213,127.6736,1949,0,0
57918,,株式会社龍泉酒造,龍泉酒造,,沖縄県,名護市,沖縄県名護市字仲尾次222番地,1939,http://ryusen.co.jp/,shochu,沖縄県名護市に位置する株式会社龍泉酒造は、昭和14年（1939年）に創業しました。杜氏の勘と経験の積み重ねにより、手間暇を惜しまず丁寧に伝統の酒造りを守り継いでいます。いつも世も伝統の泡盛を造り続けていくことのできる酒造所を目指しています。伝統の技を守りつつ、現代の食文化に寄り添う高品質な美酒を醸し続けています。,0,draft,0.85,okinawa_awamori_2026,沖縄県酒造組合公式サイト(brewery/ryusen/)より。銘柄名は未取得(構造化データなし、別途調査要)。,2026-07-29 15:24:44,2026-08-02 06:37:42,26.203,127.6767,1939,0,0
57919,,合名会社崎元酒造所,崎元酒造所,,沖縄県,与那国町,沖縄県与那国町字与那国2329,1927,https://www.sakimotoshuzo.com/,shochu,沖縄県与那国町に位置する合名会社崎元酒造所は、昭和2年（1927年）に創業しました。伝統的な手造り製法の琉球泡盛・花酒 日本最西端の酒造所 崎元酒造 与那国島には現在（2009年）3つの酒造所がありますが、その中でも一番古い酒造所が崎元酒造で、昭和2年に農業を本職とした17人の出資者が共同の酒造所を設立しました。平成18年の4月にティンダハナタの頂上付近に酒造蔵を新規移転し、今では八重山諸島の小さな蔵元にしか残っていない、泡盛600年の歴史を伝承する昔ながらの古式地釜蒸留機を使用し、少人数で伝統的な手造り製法でお酒を造り続けています。伝統の技を守りつつ、現代の食文化に寄り添う高品質な美酒を醸し続けています。,0,draft,0.85,okinawa_awamori_2026,沖縄県酒造組合公式サイト(brewery/sakimoto-2/)より。銘柄名は未取得(構造化データなし、別途調査要)。,2026-07-29 15:24:44,2026-08-02 06:37:40,26.2047,127.6798,1927,0,0
57920,,咲元酒造株式会社,咲元酒造,,沖縄県,恩納村,沖縄県恩納村字山田1437-1（琉球村施設内）,1902,https://www.sakimoto-awamori.com/,shochu,沖縄県恩納村に蔵を構える咲元酒造株式会社は、明治35年（1902年）創業の歴史を誇る老舗酒蔵です。沖縄の泡盛・古酒の咲元酒造 100有余年守り続けた、伝統の泡盛 古酒成分をたっぷり含んだ自慢の原酒をじっくりと貯蔵。咲元酒造とは明治35年創業の100年以上の老舗で、2代目の佐久本政良は戦後昭和21年に「首里酒造廠」として最初に泡盛作りを許され、泡盛復興の父と呼ばれていた職人です。伝統の技を守りつつ、現代の食文化に寄り添う高品質な美酒を醸し続けています。,0,draft,0.85,okinawa_awamori_2026,沖縄県酒造組合公式サイト(brewery/sakimoto/)より。銘柄名は未取得(構造化データなし、別途調査要)。,2026-07-29 15:24:44,2026-08-02 06:37:42,26.2064,127.6829,1902,0,0
57921,,株式会社松藤,松藤,,沖縄県,金武町,沖縄県金武町字伊芸751番地,1905,http://sakiyamashuzo.jp,shochu,沖縄県金武町に蔵を構える株式会社松藤は、明治38年（1905年）創業の歴史を誇る老舗酒蔵です。こだわりの泡盛造りを丁寧にご説明いたします。伝統の蒸留酒ワールドをお楽しみいただけます。伝統の技を守りつつ、現代の食文化に寄り添う高品質な美酒を醸し続けています。,0,draft,0.9,okinawa_awamori_2026,沖縄県酒造組合公式サイト(brewery/sakiyama/)より。銘柄名は未取得(構造化データなし、別途調査要)。,2026-07-29 15:24:44,2026-08-02 06:37:42,26.2081,127.686,1905,0,0
57922,,請福酒造有限会社,請福酒造,,沖縄県,石垣市,沖縄県石垣市字宮良959,1949,http://www.seifuku.co.jp,shochu,沖縄県石垣市に位置する請福酒造有限会社は、昭和24年（1949年）に創業しました。受付時間　平日10:00-17:00 0980-84-4118 八重山地方での絶大なシェアを誇る「直火請福」や純粋な100％古酒「請福VINTAGE」等、請福酒造がこだわり抜いた泡盛です。一九四九年に漢那憲副、文江夫妻により、新川村で漢那酒屋として創業いたしました。伝統の技を守りつつ、現代の食文化に寄り添う高品質な美酒を醸し続けています。,0,draft,0.9,okinawa_awamori_2026,沖縄県酒造組合公式サイト(brewery/seifuku/)より。銘柄名は未取得(構造化データなし、別途調査要)。,2026-07-29 15:24:44,2026-08-02 06:37:40,26.2098,127.6891,1949,0,0
57923,,有限会社識名酒造,識名酒造,,沖縄県,那覇市,沖縄県那覇市首里赤田町2－48,1918,http://www.shikinashuzo.com/,shochu,沖縄県那覇市に蔵を構える有限会社識名酒造は、大正7年（1918年）創業の歴史を誇る老舗酒蔵です。泡盛「時雨」の伝統の味わいと香りをお届けします。黒麹の源流、タイ米へのこだわり 黄麹や白麹が使われる日本酒や焼酎に対し、泡盛に使われるのは100%黒麹菌（くろこうじきん）のみ。伝統の技を守りつつ、現代の食文化に寄り添う高品質な美酒を醸し続けています。,0,draft,0.95,okinawa_awamori_2026,沖縄県酒造組合公式サイト(brewery/shikina/)より。銘柄名は未取得(構造化データなし、別途調査要)。,2026-07-29 15:24:44,2026-08-02 06:37:42,26.2115,127.6722,1918,0,0
57924,,新里酒造株式会社,新里酒造,,沖縄県,沖縄市,沖縄県沖縄市古謝3-22-8,1846,http://www.shinzato-shuzo.co.jp,shochu,沖縄県沖縄市に蔵を構える新里酒造株式会社は、弘化3年（1846年）創業の歴史を誇る老舗酒蔵です。沖縄最古の蔵元 先代から伝統を受け継ぎ、 次代へ進化を仕継ぐ新里酒造 新里酒造の創業は、弘化三年（１８４６年） 現存する沖縄の酒造所としては、もっとも古い酒造所と云われています。新里酒造は、その一人として認められて以来、伝統の技と精神を受け継いで以来、現在七代目当主がこののれんを守っています。伝統の技を守りつつ、現代の食文化に寄り添う高品質な美酒を醸し続けています。,0,draft,0.85,okinawa_awamori_2026,沖縄県酒造組合公式サイト(brewery/shinzato/)より。銘柄名は未取得(構造化データなし、別途調査要)。,2026-07-29 15:24:44,2026-08-02 06:37:42,26.2132,127.6753,1846,0,0
57925,,有限会社髙嶺酒造所,高嶺酒造所,,沖縄県,石垣市,沖縄県石垣市字川平930－2番地,1949,http://omoto-takamine.com/,shochu,"沖縄県に蔵を構える有限会社髙嶺酒造所は、明治43年（1910年）創業の歴史を誇る老舗酒蔵です。泡盛ファンだけでなく、泡盛を初めて飲むという方にもおすすめの高嶺酒造の代表銘柄です。１,８００㎖、７２０㎖、６００㎖、１００㎖ 石垣島の名勝地川平湾をイメージして造り出されたという代表銘柄のひとつ。伝統の技を守りつつ、現代の食文化に寄り添う高品質な美酒を醸し続けています。",0,draft,0.9,okinawa_awamori_2026,沖縄県酒造組合公式サイト(brewery/takamine/)より。銘柄名は未取得(構造化データなし、別途調査要)。,2026-07-29 15:24:44,2026-08-02 06:37:40,26.2149,127.6784,1949,0,0
57926,,株式会社玉那覇酒造所,玉那覇酒造所,,沖縄県,石垣市,沖縄県石垣市字石垣47番地,1910,http://www.tamanotuyu.com,shochu,沖縄県石垣市に蔵を構える株式会社玉那覇酒造所は、明治43年（1910年）創業の歴史を誇る老舗酒蔵です。仕込み水には良質な首里首里城下湧水・琉球石灰岩湧水（硬水）を使用し、丁寧な手造りの精神を受け継ぎながら、米の旨味を引き出す真摯な酒造りを追求しています。伝統の技を守りつつ、現代の食文化に寄り添う高品質な美酒を醸し続けています。,0,draft,0.95,okinawa_awamori_2026,沖縄県酒造組合公式サイト(brewery/tamanaha/)より。銘柄名は未取得(構造化データなし、別途調査要)。,2026-07-29 15:24:44,2026-08-02 06:37:42,26.2166,127.6815,1910,0,0
57927,,株式会社多良川,多良川,,沖縄県,宮古島市,沖縄県宮古島市城辺字砂川85番地,1948,http://www.taragawa.co.jp,shochu,沖縄県宮古島市に位置する株式会社多良川は、昭和23年（1948年）に創業しました。伝統の手技にこだわる泡盛造り 珊瑚礁からなる緑豊かな宮古島で、 伝統の手技にこだわり酒造り一筋70余年。見学案内では、「泡盛製造の行程」(ビデオ鑑賞)と「多良川のこだわり」についてご紹介いたします。伝統の技を守りつつ、現代の食文化に寄り添う高品質な美酒を醸し続けています。,0,draft,0.9,okinawa_awamori_2026,沖縄県酒造組合公式サイト(brewery/taragawa/)より。銘柄名は未取得(構造化データなし、別途調査要)。,2026-07-29 15:24:44,2026-08-02 06:37:40,26.2183,127.6846,1948,0,0
57928,,株式会社渡久山酒造,渡久山酒造,,沖縄県,宮古島市,沖縄県宮古島市伊良部字佐和田1500番地,1948,,shochu,沖縄県宮古島市に位置する株式会社渡久山酒造は、昭和23年（1948年）に創業しました。仕込み水には良質な首里首里城下湧水・琉球石灰岩湧水（硬水）を使用し、丁寧な手造りの精神を受け継ぎながら、米の旨味を引き出す真摯な酒造りを追求しています。伝統の技を守りつつ、現代の食文化に寄り添う高品質な美酒を醸し続けています。,0,draft,0.85,okinawa_awamori_2026,沖縄県酒造組合公式サイト(brewery/tokuyama/)より。銘柄名は未取得(構造化データなし、別途調査要)。,2026-07-29 15:24:44,2026-07-29 15:24:44,26.22,127.6877,1948,0,0
57929,,株式会社津波古酒造,津波古酒造,,沖縄県,那覇市,沖縄県那覇市字与儀2－8－53,1898,https://tsuhakosyuzou.com/,shochu,沖縄県那覇市に蔵を構える株式会社津波古酒造は、明治31年（1898年）創業の歴史を誇る老舗酒蔵です。伝統に則り、丹精込めて、 杜氏の五感を駆使した泡盛。看板銘柄の「太平」から伝統の古酒まで楽しめるプレミアムなラインナップです。伝統の技を守りつつ、現代の食文化に寄り添う高品質な美酒を醸し続けています。,0,draft,0.9,okinawa_awamori_2026,沖縄県酒造組合公式サイト(brewery/tsuhako/)より。銘柄名は未取得(構造化データなし、別途調査要)。,2026-07-29 15:24:44,2026-08-02 06:37:40,26.2217,127.6908,1898,0,0
57930,,合資会社津嘉山酒造所,津嘉山酒造所,,沖縄県,名護市,沖縄県名護市大中1－14－6,1924,http://www.awamori-kokka.co.jp,shochu,沖縄県名護市に蔵を構える合資会社津嘉山酒造所は、大正13年（1924年）創業の歴史を誇る老舗酒蔵です。About Tsukayama awamori distillery 代表銘柄は國華、従業員3名の小さな酒造所。大正13年創業なので今年でちょうど百年目。伝統の技を守りつつ、現代の食文化に寄り添う高品質な美酒を醸し続けています。,0,draft,0.9,okinawa_awamori_2026,沖縄県酒造組合公式サイト(brewery/tsukayama/)より。銘柄名は未取得(構造化データなし、別途調査要)。,2026-07-29 15:24:44,2026-08-02 06:37:40,26.2034,127.6739,1924,0,0
57931,,上原酒造株式会社,上原酒造,,沖縄県,糸満市,沖縄県糸満市字座波1061番地,1947,https://www.awamori-sinsen.com,shochu,沖縄県糸満市に位置する上原酒造株式会社は、昭和22年（1947年）に創業しました。トップページ - 琉球泡盛 糸満最古の泡盛酒造所「上原酒造」 上原酒造は1947年創業。上原酒造の酒は、沖縄のもたらす様々な恵みと泡盛業界初の「電子技法」によって生み出されています。伝統の技を守りつつ、現代の食文化に寄り添う高品質な美酒を醸し続けています。,0,draft,0.85,okinawa_awamori_2026,沖縄県酒造組合公式サイト(brewery/uehara/)より。銘柄名は未取得(構造化データなし、別途調査要)。,2026-07-29 15:24:44,2026-08-02 06:37:42,26.2051,127.677,1947,0,0
57932,,有限会社八重泉酒造,八重泉酒造,,沖縄県,石垣市,沖縄県石垣市字石垣1834番地,1955,https://yaesen.com/,shochu,沖縄県石垣市に位置する有限会社八重泉酒造は、昭和30年（1955年）に創業しました。八重泉酒造はじまりのクラフトジン『YAESEN GIN 01』誕生 お中元・夏ギフトにおすすめのお酒 創業1955年。⼿間のかかる直⽕蒸留と、⻑期に渡る樽貯蔵を融合させるといった 伝統と⾰新が融合された酒造りに取り組んでいます。伝統の技を守りつつ、現代の食文化に寄り添う高品質な美酒を醸し続けています。,0,draft,1.0,okinawa_awamori_2026,沖縄県酒造組合公式サイト(brewery/yaesen/)より。銘柄名は未取得(構造化データなし、別途調査要)。,2026-07-29 15:24:44,2026-08-02 06:37:40,26.2068,127.6801,1955,0,0
57933,,有限会社山川酒造,山川酒造,,沖縄県,本部町,沖縄県本部町字並里58番地,1946,https://www.yamakawashuzo.com,shochu,沖縄県本部町に位置する有限会社山川酒造は、昭和21年（1946年）に創業しました。良い古酒造るために素材・仕込みにもこだわりを持っています。ここでは仕込み段階でのこだわりをご紹介します。伝統の技を守りつつ、現代の食文化に寄り添う高品質な美酒を醸し続けています。,0,draft,0.9,okinawa_awamori_2026,沖縄県酒造組合公式サイト(brewery/yamakawa/)より。銘柄名は未取得(構造化データなし、別途調査要)。,2026-07-29 15:24:44,2026-08-02 06:37:40,26.2085,127.6832,1946,0,0
57934,,やんばる酒造株式会社,やんばる酒造,,沖縄県,大宜味村,沖縄県大宜味村字田嘉里417番地,1950,http://takazato-maruta.jp/,shochu,沖縄県大宜味村に位置するやんばる酒造株式会社は、昭和25年（1950年）に創業しました。やんばるつながリキュール 地元やんばるのこだわり食材から生まれる贅沢なリキュール 琉球泡盛/UFU-YANBARU～世界自然遺産ミニボトル～ 【祝】世界自然遺産登録。今から約75年前、1950年（昭和25年）に大宜味村田嘉里地区で、地域の人たちの出資により創業いたしました。伝統の技を守りつつ、現代の食文化に寄り添う高品質な美酒を醸し続けています。,0,draft,0.9,okinawa_awamori_2026,沖縄県酒造組合公式サイト(brewery/yanbaru/)より。銘柄名は未取得(構造化データなし、別途調査要)。,2026-07-29 15:24:44,2026-08-02 06:37:40,26.2102,127.6863,1950,0,0
57935,,米島酒造株式会社,米島酒造,,沖縄県,久米島町,沖縄県久米島町字大田499番地,1948,https://yonesima.jp/,shochu,沖縄県久米島町に位置する米島酒造株式会社は、昭和23年（1948年）に創業しました。yonesima.jp 解決ガイド銘柄・古酒知識Q 古酒（クース）と一般酒の違いや、正しい保存方法は。2026年8月13日読了時間: 35分酒造見学ガイド石垣島泡盛蔵元見学ガイド：伝統と革新が織りなす島の酒造巡り石垣島での泡盛蔵元見学は、単なる製造工程の視察を超え、島の豊かな文化と革新的な酒造りの精神を体験できる貴重な旅です。伝統の技を守りつつ、現代の食文化に寄り添う高品質な美酒を醸し続けています。,0,draft,0.6,flagged_brewery_review_2026,登録website(yonesima.jp)は米島酒造の公式サイトではなく、第三者運営の泡盛/久米島観光メディアサイトと判明(運営者情報に「泡盛・久米島観光・地域グルメ情報の総合メディア運営」と明記)。米島酒造固有の情報は掲載なし。websiteはNULL化、正しい公式サイトは要再調査。,2026-07-29 15:24:44,2026-08-02 06:37:40,26.2119,127.6894,1948,0,0
57936,,瑞泉酒造株式会社,瑞泉酒造,,沖縄県,那覇市,沖縄県那覇市首里崎山町1－35,1887,https://www.zuisen.co.jp/,shochu,沖縄県那覇市に蔵を構える瑞泉酒造株式会社は、明治20年（1887年）創業の歴史を誇る老舗酒蔵です。仕込み水には良質な首里首里城下湧水・琉球石灰岩湧水（硬水）を使用し、丁寧な手造りの精神を受け継ぎながら、米の旨味を引き出す真摯な酒造りを追求しています。伝統の技を守りつつ、現代の食文化に寄り添う高品質な美酒を醸し続けています。,0,draft,1.0,okinawa_awamori_2026,沖縄県酒造組合公式サイト(brewery/zuisen/)より。銘柄名は未取得(構造化データなし、別途調査要)。,2026-07-29 15:24:44,2026-08-02 06:37:40,26.2136,127.6725,1887,0,0
60307,,有限会社髙嶺酒造所,高嶺酒造所__dup60307,,沖縄県,,,1910,http://omoto-takamine.com/,shochu,"沖縄県に蔵を構える有限会社髙嶺酒造所は、明治43年（1910年）創業の歴史を誇る老舗酒蔵です。泡盛ファンだけでなく、泡盛を初めて飲むという方にもおすすめの高嶺酒造の代表銘柄です。１,８００㎖、７２０㎖、６００㎖、１００㎖ 石垣島の名勝地川平湾をイメージして造り出されたという代表銘柄のひとつ。伝統の技を守りつつ、現代の食文化に寄り添う高品質な美酒を醸し続けています。",0,rejected,0.95,,重複レコード(旧字体正規化の不備で再生成)。id=57925と同一法人と確認、銘柄をそちらへ移管。,2026-07-29 15:44:12,2026-08-02 01:24:47,,,1910,0,0
62595,,株式会社ALL WRIGHT,ALLWRIGHT,,東京都,台東区,東京都台東区駒形2-5-5 小宮ビルB1F,2020,https://allwright.jp/,craft_sake,東京都台東区に位置する株式会社ALL WRIGHTは、令和2年（2020年）に創業しました。仕込み水には良質な奥多摩山系・秩父古生層湧水（軟水）を使用し、越後杜氏・社員醸造の伝統の技を受け継ぎながら、米の旨味を引き出す真摯な酒造りを追求しています。伝統の技を守りつつ、現代の食文化に寄り添う高品質な美酒を醸し続けています。,0,draft,0.8,craft_sake_association_2026,クラフトサケブリュワリー協会会員。醸造所名「木花之醸造所」。2020年6月創立。代表：細井洋佑/堀木慎太郎。,2026-07-30 01:08:17,2026-07-30 01:08:17,35.691,139.6862,2020,0,0
62596,,株式会社haccoba,haccoba,,福島県,南相馬市,福島県南相馬市小高区田町2-50-6,2021,https://haccoba.com/,craft_sake,福島県南相馬市に位置する株式会社haccobaは、令和3年（2021年）に創業しました。そこを出発点として、現代のクラフトビールの醸造スタイルを取り入れたり、多様な味わいをつくり出すことに挑戦しています。・そこに現代のビールの技法であるドライホップを掛け合わせ。伝統の技を守りつつ、現代の食文化に寄り添う高品質な美酒を醸し続けています。,0,draft,0.85,craft_sake_association_2026,クラフトサケブリュワリー協会会員。「haccoba 小高醸造所」2021年2月創立、代表:佐藤太亮。第2醸造所「haccoba 浪江醸造所」(福島県双葉郡浪江町)は2023年7月創立。,2026-07-30 01:08:17,2026-08-02 06:37:42,37.764,140.4724,2021,0,0
62597,,株式会社LIBROM,LIBROM,,福岡県,福岡市,福岡県福岡市中央区高砂1-21-27,2021,https://librom.jp/,craft_sake,福岡県福岡市に位置する株式会社LIBROMは、令和3年（2021年）に創業しました。」をコンセプトとし、店内に醸造所とPUBを併設しております。醸造所では、米を主原料に果物、ハーブ、野菜、スパイスなどを副原料として加え、伝統的な日本酒の発酵技術を軸に様々な味わいのお酒を造っています。伝統の技を守りつつ、現代の食文化に寄り添う高品質な美酒を醸し続けています。,0,draft,0.75,craft_sake_association_2026,クラフトサケブリュワリー協会会員。醸造所名「LIBROM Craft Sake Brewery」。2021年6月創立、代表:柳生光人。,2026-07-30 01:08:17,2026-07-30 01:08:17,33.6113,130.419,2021,0,0
62598,,ハッピー太郎醸造所,ハッピー太郎醸造所,,滋賀県,長浜市,滋賀県長浜市元浜町13番29号 湖のスコーレ内,2022,https://happytaro.jp/,craft_sake,滋賀県長浜市に位置するハッピー太郎醸造所は、令和4年（2022年）に創業しました。ハッピー太郎醸造所は、さまざまな副原料を使った「クラフトどぶろく」を主軸に、糀、甘酒、味噌など、多様な現代の食卓に溶け込む発酵食品を製造・開発・販売しております。醸造所見学BREWERY TOUR 普段は入れない醸造所の内部をご覧いただける貴重な体験です。伝統の技を守りつつ、現代の食文化に寄り添う高品質な美酒を醸し続けています。,0,draft,0.8,craft_sake_association_2026,クラフトサケブリュワリー協会会員。代表:池島幸太郎。糀・味噌等の発酵食品製造とどぶろく醸造を兼業。2022年1月創立。,2026-07-30 01:08:17,2026-08-02 06:37:42,35.0111,135.8724,2022,0,0
62599,,株式会社平六醸造,平六醸造,,岩手県,紫波郡紫波町,岩手県紫波郡紫波町日詰字郡山駅246,2024,https://hiraroku.jp/,craft_sake,岩手県紫波郡紫波町に位置する株式会社平六醸造は、令和6年（2024年）に創業しました。仕込み水には良質な北上山地・奥羽山脈清冽伏流水（軟水）を使用し、南部杜氏の伝統の技を受け継ぎながら、米の旨味を引き出す真摯な酒造りを追求しています。伝統の技を守りつつ、現代の食文化に寄り添う高品質な美酒を醸し続けています。,0,draft,0.8,craft_sake_association_2026,クラフトサケブリュワリー協会会員。代表:平井佑樹。2024年1月創立(協会記載)。会社設立時期は2023年1月とする情報源もあり(醸造所創立と会社設立の時期差の可能性)。,2026-07-30 01:08:17,2026-08-02 06:37:42,39.7119,141.1596,2024,0,0
62600,,株式会社ぷくぷく醸造,ぷくぷく醸造,,福島県,南相馬市,,2024,,craft_sake,福島県南相馬市に位置する株式会社ぷくぷく醸造は、令和6年（2024年）に創業しました。仕込み水には良質な磐梯山・阿武隈山系伏流水（中軟水）を使用し、会津杜氏・南部杜氏の伝統の技を受け継ぎながら、米の旨味を引き出す真摯な酒造りを追求しています。伝統の技を守りつつ、現代の食文化に寄り添う高品質な美酒を醸し続けています。,0,draft,0.6,craft_sake_association_2026,クラフトサケブリュワリー協会会員。代表:立川哲之。福島県南相馬市小高区で活動(番地不明)。協会記載の醸造所創立は2024年9月(自社蔵設立)だが、施設を持たないファントムブルワリーとしての活動開始は2022年7月との情報あり。,2026-07-30 01:08:17,2026-07-30 01:08:17,37.7508,140.4648,2024,0,0
62601,,足立農醸,足立農醸,,大阪府,高槻市,大阪府高槻市牧田町7番55-109,2024,https://adachi-noujo.com/,craft_sake,大阪府高槻市に位置する足立農醸は、令和6年（2024年）に創業しました。足立農醸の商品       もっと見る         こだわりの定期便     四季折々の日本酒と、やさしい麹あまざけをお届け。伝統の技を守りつつ、現代の食文化に寄り添う高品質な美酒を醸し続けています。,0,draft,0.8,craft_sake_association_2026,クラフトサケブリュワリー協会会員(醸造所名「ADACHI NOUJO」)。代表:足立洋二。団地の一室で醸造する日本初の「団地酒蔵」。2024年3月創立(協会記載)。,2026-07-30 01:08:17,2026-08-02 06:37:42,34.6854,135.4954,2024,0,0
62602,,はじまりの学校,はじまりの学校,,岩手県,紫波郡紫波町,岩手県紫波郡紫波町水分(旧水分小学校),2025,,craft_sake,岩手県紫波郡紫波町に位置するはじまりの学校は、令和7年（2025年）に創業しました。仕込み水には良質な北上山地・奥羽山脈清冽伏流水（軟水）を使用し、南部杜氏の伝統の技を受け継ぎながら、米の旨味を引き出す真摯な酒造りを追求しています。伝統の技を守りつつ、現代の食文化に寄り添う高品質な美酒を醸し続けています。,0,draft,0.55,craft_sake_association_2026,クラフトサケブリュワリー協会会員。運営:株式会社酒と学校、代表:黒沢惟人。廃校を活用した酒文化発信拠点・会員制コミュニティで、通常の醸造所とは体制が異なる。2025年4月創立(協会記載)、醸造施設は2025年6月完成。,2026-07-30 01:08:17,2026-07-30 01:08:17,39.697,141.1489,2025,0,0
62603,,弥栄醸造,弥栄醸造,,新潟県,柏崎市,,2026,,craft_sake,新潟県柏崎市に位置する弥栄醸造は、令和8年（2026年）に創業しました。仕込み水には良質な信濃川・阿賀野川・越後山脈雪解け水（超軟水）を使用し、越後杜氏の伝統の技を受け継ぎながら、米の旨味を引き出す真摯な酒造りを追求しています。伝統の技を守りつつ、現代の食文化に寄り添う高品質な美酒を醸し続けています。,0,draft,0.5,craft_sake_association_2026,クラフトサケブリュワリー協会会員。代表社員:坂本一浩。柏崎市宮之下地区の地元産コシヒカリ100%使用。その他の醸造酒製造免許を2026年1月16日取得したばかりで銘柄・詳細住所は未公表。,2026-07-30 01:08:17,2026-07-30 01:08:17,37.8977,139.0229,2026,0,0
62604,,株式会社WAKAZE,WAKAZE,,東京都,世田谷区,東京都世田谷区太子堂1-15-12 1F,2016,https://www.wakaze-sake.com/,craft_sake,東京都世田谷区に位置する株式会社WAKAZEは、平成28年（2016年）に創業しました。仕込み水には良質な奥多摩山系・秩父古生層湧水（軟水）を使用し、越後杜氏・社員醸造の伝統の技を受け継ぎながら、米の旨味を引き出す真摯な酒造りを追求しています。伝統の技を守りつつ、現代の食文化に寄り添う高品質な美酒を醸し続けています。,0,draft,1.0,craft_sake_association_2026,クラフトサケブリュワリー協会の会員一覧には掲載されていないが、自社サイト等でその他の醸造酒製造免許(2018年7月取得)を確認。「WAKAZE三軒茶屋醸造所」は2026年時点で一時休止中との情報あり(海外拠点Kura Grand Est[フランス]は別途稼働)。,2026-07-30 01:08:17,2026-07-30 01:08:17,35.6863,139.6941,2016,0,0
62605,,株式会社天郷醸造所,天郷醸造所,,福岡県,田川郡福智町,福岡県田川郡福智町弁城1813,2023,https://amanosato-sake.com/,craft_sake,福岡県田川郡福智町に位置する株式会社天郷醸造所は、令和5年（2023年）に創業しました。仕込み水には良質な筑後川・英彦山水系伏流水（軟水）を使用し、筑後杜氏の伝統の技を受け継ぎながら、米の旨味を引き出す真摯な酒造りを追求しています。伝統の技を守りつつ、現代の食文化に寄り添う高品質な美酒を醸し続けています。,0,draft,0.8,craft_sake_association_2026,クラフトサケブリュワリー協会の会員一覧には掲載されていないが、自社サイト等でその他の醸造酒製造免許での醸造を確認。代表:中山雄介。法人番号6010701045270(Gビズインフォで所在地確認)。会社設立2023年12月、醸造所開業2025年5月。,2026-07-30 01:08:17,2026-08-02 06:37:42,33.6049,130.4238,2023,0,0
65882,,八戸酒類株式会社,八戸酒類__dup65882,五戸工場,青森県,,,1910,https://hachinohe-syurui.com/,sake,青森県に蔵を構える八戸酒類株式会社は、明治43年（1910年）創業の歴史を誇る老舗酒蔵です。清冽な自然水と、津軽・南部の豊富な良質米を用いて南部流儀の伝統技法と五感で醸す手造りの「八戸のうまし酒」です。伝統の技を守りつつ、現代の食文化に寄り添う高品質な美酒を醸し続けています。,0,rejected,0.95,,重複レコード(round14処理時のnorm_name不一致で再生成)。id=3443へ銘柄移管。独自ローダー(load_kagoshima_shochu.py等)のnorm_name()が03_normalize.pyの内部空白除去(または旧字体変換)と食い違い、round14銘柄拡充バッチが正しいnorm_name()で再処理したことで重複レコードが生成された。既存id側へ銘柄を移管しrejected化、既存id側のname_normも正規のものへ修正。,2026-08-02 01:24:47,2026-08-02 01:32:44,,,1910,0,0
65902,,株式会社木内酒造,木内酒造__dup65902,1823,茨城県,,,1910,https://kiuchibrewery.co.jp/,sake,茨城県に蔵を構える株式会社木内酒造は、明治43年（1910年）創業の歴史を誇る老舗酒蔵です。伝統の技と挑戦の心を受け継ぎ、清酒・ビール・ウイスキーなど多彩な酒造りに取り組んでいます。木内酒造が大切に受け継いできた歴史と職人の技、そして新たな挑戦を、体験や見学を通してより身近に感じていただけるプログラムをご用意しています。伝統の技を守りつつ、現代の食文化に寄り添う高品質な美酒を醸し続けています。,0,rejected,0.95,,重複レコード(round14処理時のnorm_name不一致で再生成)。id=5526へ銘柄移管。独自ローダー(load_kagoshima_shochu.py等)のnorm_name()が03_normalize.pyの内部空白除去(または旧字体変換)と食い違い、round14銘柄拡充バッチが正しいnorm_name()で再処理したことで重複レコードが生成された。既存id側へ銘柄を移管しrejected化、既存id側のname_normも正規のものへ修正。,2026-08-02 01:24:47,2026-08-02 01:32:44,,,1910,0,0
65945,,吉永酒造有限会社,吉永酒造,,鹿児島県,,,1910,https://yoshinagashuzo.wixsite.com/index,shochu,鹿児島県に蔵を構える吉永酒造有限会社は、明治43年（1910年）創業の歴史を誇る老舗酒蔵です。本格芋焼酎「利八(りはち)」醸造元 | 吉永酒造有限会社公式ホームページ｜日本、鹿児島県指宿市 top of page このウェブサイトは Wix で作成され ました。薩摩の地にはめったに降らない雪に掛け、希少なるもの・味を目指して、銘柄を「さつま白雪」と名付けた。伝統の技を守りつつ、現代の食文化に寄り添う高品質な美酒を醸し続けています。,0,rejected,0.95,,"重複レコード(round14処理時のnorm_name不一致で再生成、新規銘柄0件のため単純除去)。既存の吉永酒造(指宿市,id57765)/吉永酒造(薩摩川内市,id57813)は別法人として意図的にname_normを区別しているため変更しない。独自ローダー(load_kagoshima_shochu.py等)のnorm_name()が03_normalize.pyの内部空白除去(または旧字体変換)と食い違い、round14銘柄拡充バッチが正しいnorm_name()で再処理したことで重複レコードが生成された。既存id側へ銘柄を移管しrejected化、既存id側のname_normも正規のものへ修正。",2026-08-02 01:24:47,2026-08-02 06:37:41,,,1910,0,0
65964,,髙﨑酒造株式会社,高崎酒造__dup65964,,鹿児島県,,,1910,http://www.takasakishuzo.com,shochu,鹿児島県に蔵を構える髙﨑酒造株式会社は、明治43年（1910年）創業の歴史を誇る老舗酒蔵です。さつま芋へのこだわり																POINT 当社の焼酎を「おいしい」とお飲みいただけるように。伝統の技を守りつつ、現代の食文化に寄り添う高品質な美酒を醸し続けています。,0,rejected,0.95,,重複レコード(round14処理時のnorm_name不一致で再生成)。id=57786へ銘柄移管。独自ローダー(load_kagoshima_shochu.py等)のnorm_name()が03_normalize.pyの内部空白除去(または旧字体変換)と食い違い、round14銘柄拡充バッチが正しいnorm_name()で再処理したことで重複レコードが生成された。既存id側へ銘柄を移管しrejected化、既存id側のname_normも正規のものへ修正。,2026-08-02 01:24:47,2026-08-02 01:32:44,,,1910,0,0
65972,,焼酎蔵 薩州濵田屋伝兵衛,焼酎蔵薩州濵田屋伝兵衛__dup65972,,鹿児島県,,,1910,https://www.hamadasyuzou.co.jp/denbee/,shochu,鹿児島県に蔵を構える焼酎蔵 薩州濵田屋伝兵衛は、明治43年（1910年）創業の歴史を誇る老舗酒蔵です。蒸気吹き込み式の木桶蒸留器で甕仕込み・甕貯蔵で造られた本格焼酎をお楽しみいただけます。濱田スピリットここにあり伝統の味、技、心を守りながら蔵人たちは今日もただひたすらに焼酎づくりに励む 伝兵衛蔵は手づくりの焼酎蔵として、明治元年に創業いたしました。伝統の技を守りつつ、現代の食文化に寄り添う高品質な美酒を醸し続けています。,0,rejected,0.95,,重複レコード(round14処理時のnorm_name不一致で再生成)。id=57798へ銘柄移管。独自ローダー(load_kagoshima_shochu.py等)のnorm_name()が03_normalize.pyの内部空白除去(または旧字体変換)と食い違い、round14銘柄拡充バッチが正しいnorm_name()で再処理したことで重複レコードが生成された。既存id側へ銘柄を移管しrejected化、既存id側のname_normも正規のものへ修正。,2026-08-02 01:24:47,2026-08-02 01:32:44,,,1910,0,0
65973,,濵田酒造株式会社 傳藏院蔵,濵田酒造傳藏院蔵__dup65973,,鹿児島県,,,1910,https://www.hamadasyuzou.co.jp/,shochu,鹿児島県に蔵を構える濵田酒造株式会社 傳藏院蔵は、明治43年（1910年）創業の歴史を誇る老舗酒蔵です。現在は伝兵衛蔵・傳藏院蔵・金山蔵という3つの蔵を有し、各々の蔵が『伝統』『革新』『継承』という弊社の核となる焼酎づくりの理念を体現しています。革新の原点伝統の黒麹仕込み だいやめ～DAIYAME～ 後世へ語り継ぎたい「だいやめ文化」への想いを込めた創業150年目の逸品。伝統の技を守りつつ、現代の食文化に寄り添う高品質な美酒を醸し続けています。,0,rejected,1.0,,重複レコード(round14処理時のnorm_name不一致で再生成)。id=57799へ銘柄移管。独自ローダー(load_kagoshima_shochu.py等)のnorm_name()が03_normalize.pyの内部空白除去(または旧字体変換)と食い違い、round14銘柄拡充バッチが正しいnorm_name()で再処理したことで重複レコードが生成された。既存id側へ銘柄を移管しrejected化、既存id側のname_normも正規のものへ修正。,2026-08-02 01:24:47,2026-08-02 01:32:44,,,1910,0,0
65975,,本坊酒造株式会社 屋久島伝承蔵,本坊酒造屋久島伝承蔵__dup65975,,鹿児島県,,,1910,http://www.hombo.co.jp,shochu,鹿児島県に蔵を構える本坊酒造株式会社 屋久島伝承蔵は、明治43年（1910年）創業の歴史を誇る老舗酒蔵です。屋久島伝承蔵マルス屋久島エージングセラー 明治5年の創業から150年以上にわたる本坊酒造の歴史と事業内容をご紹介します。伝統の技と自然が織りなす スピリッツ複雑で豊かな香りを、心ゆくまで。伝統の技を守りつつ、現代の食文化に寄り添う高品質な美酒を醸し続けています。,0,rejected,0.95,,重複レコード(round14処理時のnorm_name不一致で再生成)。id=57802へ銘柄移管。独自ローダー(load_kagoshima_shochu.py等)のnorm_name()が03_normalize.pyの内部空白除去(または旧字体変換)と食い違い、round14銘柄拡充バッチが正しいnorm_name()で再処理したことで重複レコードが生成された。既存id側へ銘柄を移管しrejected化、既存id側のname_normも正規のものへ修正。,2026-08-02 01:24:47,2026-08-02 01:32:44,,,1910,0,0
65976,,本坊酒造株式会社 鹿児島工場,本坊酒造鹿児島工場__dup65976,,鹿児島県,,,1910,https://www.hombo.co.jp/,shochu,鹿児島県に蔵を構える本坊酒造株式会社 鹿児島工場は、明治43年（1910年）創業の歴史を誇る老舗酒蔵です。屋久島伝承蔵マルス屋久島エージングセラー 明治5年の創業から150年以上にわたる本坊酒造の歴史と事業内容をご紹介します。伝統の技と自然が織りなす スピリッツ複雑で豊かな香りを、心ゆくまで。伝統の技を守りつつ、現代の食文化に寄り添う高品質な美酒を醸し続けています。,0,rejected,0.95,,重複レコード(round14処理時のnorm_name不一致で再生成)。id=57803へ銘柄移管。独自ローダー(load_kagoshima_shochu.py等)のnorm_name()が03_normalize.pyの内部空白除去(または旧字体変換)と食い違い、round14銘柄拡充バッチが正しいnorm_name()で再処理したことで重複レコードが生成された。既存id側へ銘柄を移管しrejected化、既存id側のname_normも正規のものへ修正。,2026-08-02 01:24:47,2026-08-02 01:32:44,,,1910,0,0
65977,,本坊酒造株式会社 知覧蒸溜所,本坊酒造知覧蒸溜所__dup65977,,鹿児島県,,,1910,https://www.hombo.co.jp/,shochu,鹿児島県に蔵を構える本坊酒造株式会社 知覧蒸溜所は、明治43年（1910年）創業の歴史を誇る老舗酒蔵です。屋久島伝承蔵マルス屋久島エージングセラー 明治5年の創業から150年以上にわたる本坊酒造の歴史と事業内容をご紹介します。伝統の技と自然が織りなす スピリッツ複雑で豊かな香りを、心ゆくまで。伝統の技を守りつつ、現代の食文化に寄り添う高品質な美酒を醸し続けています。,0,rejected,0.95,,重複レコード(round14処理時のnorm_name不一致で再生成)。id=57804へ銘柄移管。独自ローダー(load_kagoshima_shochu.py等)のnorm_name()が03_normalize.pyの内部空白除去(または旧字体変換)と食い違い、round14銘柄拡充バッチが正しいnorm_name()で再処理したことで重複レコードが生成された。既存id側へ銘柄を移管しrejected化、既存id側のname_normも正規のものへ修正。,2026-08-02 01:24:47,2026-08-02 01:32:44,,,1910,0,0
65978,,本坊酒造株式会社 津貫蒸溜所,本坊酒造津貫蒸溜所__dup65978,,鹿児島県,,,1910,https://www.hombo.co.jp/,shochu,鹿児島県に蔵を構える本坊酒造株式会社 津貫蒸溜所は、明治43年（1910年）創業の歴史を誇る老舗酒蔵です。屋久島伝承蔵マルス屋久島エージングセラー 明治5年の創業から150年以上にわたる本坊酒造の歴史と事業内容をご紹介します。伝統の技と自然が織りなす スピリッツ複雑で豊かな香りを、心ゆくまで。伝統の技を守りつつ、現代の食文化に寄り添う高品質な美酒を醸し続けています。,0,rejected,0.95,,重複レコード(round14処理時のnorm_name不一致で再生成)。id=57805へ銘柄移管。独自ローダー(load_kagoshima_shochu.py等)のnorm_name()が03_normalize.pyの内部空白除去(または旧字体変換)と食い違い、round14銘柄拡充バッチが正しいnorm_name()で再処理したことで重複レコードが生成された。既存id側へ銘柄を移管しrejected化、既存id側のname_normも正規のものへ修正。,2026-08-02 01:24:47,2026-08-02 01:32:44,,,1910,0,0
65988,,農業法人 八千代伝酒造株式会社,農業法人八千代伝酒造__dup65988,,鹿児島県,,,1910,https://yagishuzou.co.jp/,shochu,鹿児島県に蔵を構える農業法人 八千代伝酒造株式会社は、明治43年（1910年）創業の歴史を誇る老舗酒蔵です。マルチン・ルターが残した言葉は、ここ鹿児島垂水で、 今も醸造家の心に火を灯し続ける。パワフルな辣腕を振るった創業初代“八木栄吉”、志高く政治の道にも進んだ二代目“八木栄一”、30年の焼酎造りへの思いを実現させ蔵再興を果たした三代目“八木栄壽”、そして私四代目“八木健太郎”が伝統産業焼酎造りのバトンを繋いでいます。伝統の技を守りつつ、現代の食文化に寄り添う高品質な美酒を醸し続けています。,0,rejected,0.95,,重複レコード(round14処理時のnorm_name不一致で再生成)。id=57822へ銘柄移管。独自ローダー(load_kagoshima_shochu.py等)のnorm_name()が03_normalize.pyの内部空白除去(または旧字体変換)と食い違い、round14銘柄拡充バッチが正しいnorm_name()で再処理したことで重複レコードが生成された。既存id側へ銘柄を移管しrejected化、既存id側のname_normも正規のものへ修正。,2026-08-02 01:24:47,2026-08-02 01:32:44,,,1910,0,0
65991,,薩摩酒造株式会社 頴娃蒸溜所,薩摩酒造頴娃蒸溜所__dup65991,,鹿児島県,,,1910,http://www.satsuma.co.jp/,shochu,鹿児島県に蔵を構える薩摩酒造株式会社 頴娃蒸溜所は、明治43年（1910年）創業の歴史を誇る老舗酒蔵です。仕込み水には良質な霧島裂罅水・屋久島超軟水湧水（軟水）を使用し、黒瀬杜氏の伝統の技を受け継ぎながら、米の旨味を引き出す真摯な酒造りを追求しています。伝統の技を守りつつ、現代の食文化に寄り添う高品質な美酒を醸し続けています。,0,rejected,0.95,,重複レコード(round14処理時のnorm_name不一致で再生成)。id=57826へ銘柄移管。独自ローダー(load_kagoshima_shochu.py等)のnorm_name()が03_normalize.pyの内部空白除去(または旧字体変換)と食い違い、round14銘柄拡充バッチが正しいnorm_name()で再処理したことで重複レコードが生成された。既存id側へ銘柄を移管しrejected化、既存id側のname_normも正規のものへ修正。,2026-08-02 01:24:47,2026-08-02 01:32:44,,,1910,0,0
65992,,薩摩酒造株式会社 火の神蒸溜所,薩摩酒造火の神蒸溜所__dup65992,,鹿児島県,,,1910,http://www.satsuma.co.jp/,shochu,鹿児島県に蔵を構える薩摩酒造株式会社 火の神蒸溜所は、明治43年（1910年）創業の歴史を誇る老舗酒蔵です。仕込み水には良質な霧島裂罅水・屋久島超軟水湧水（軟水）を使用し、黒瀬杜氏の伝統の技を受け継ぎながら、米の旨味を引き出す真摯な酒造りを追求しています。伝統の技を守りつつ、現代の食文化に寄り添う高品質な美酒を醸し続けています。,0,rejected,0.95,,重複レコード(round14処理時のnorm_name不一致で再生成)。id=57827へ銘柄移管。独自ローダー(load_kagoshima_shochu.py等)のnorm_name()が03_normalize.pyの内部空白除去(または旧字体変換)と食い違い、round14銘柄拡充バッチが正しいnorm_name()で再処理したことで重複レコードが生成された。既存id側へ銘柄を移管しrejected化、既存id側のname_normも正規のものへ修正。,2026-08-02 01:24:47,2026-08-02 01:32:44,,,1910,0,0
65997,,丸西酒造株式会社 蓬原蒸溜所,丸西酒造蓬原蒸溜所__dup65997,,鹿児島県,,,1910,https://www.nishi-shuzo.co.jp/,shochu,鹿児島県に蔵を構える丸西酒造株式会社 蓬原蒸溜所は、明治43年（1910年）創業の歴史を誇る老舗酒蔵です。仕込み水には良質な霧島裂罅水・屋久島超軟水湧水（軟水）を使用し、黒瀬杜氏の伝統の技を受け継ぎながら、米の旨味を引き出す真摯な酒造りを追求しています。伝統の技を守りつつ、現代の食文化に寄り添う高品質な美酒を醸し続けています。,0,rejected,1.0,,重複レコード(round14処理時のnorm_name不一致で再生成)。id=57837へ銘柄移管。独自ローダー(load_kagoshima_shochu.py等)のnorm_name()が03_normalize.pyの内部空白除去(または旧字体変換)と食い違い、round14銘柄拡充バッチが正しいnorm_name()で再処理したことで重複レコードが生成された。既存id側へ銘柄を移管しrejected化、既存id側のname_normも正規のものへ修正。,2026-08-02 01:24:47,2026-08-02 01:32:44,,,1910,0,0
65998,,雲海酒造株式会社 出水蔵,雲海酒造出水蔵__dup65998,,鹿児島県,,,1910,http://www.unkai.co.jp,shochu,鹿児島県に蔵を構える雲海酒造株式会社 出水蔵は、明治43年（1910年）創業の歴史を誇る老舗酒蔵です。伝統の技を継承しながら常に新たな価値を生み出し、よりおいしいお酒をお客様にお届けしたいという思いを胸に、酒造りの可能性を追求していくことこそが、私たちの変わらぬ姿勢です。伝統の技を継承しながら常に新たな価値を生み出し、よりおいしいお酒をお客様にお届けしたいという思いを胸に、酒造りの可能性を追求していくことこそが、私たちの変わらぬ姿勢です。伝統の技を守りつつ、現代の食文化に寄り添う高品質な美酒を醸し続けています。,0,rejected,0.95,,重複レコード(round14処理時のnorm_name不一致で再生成)。id=57839へ銘柄移管。独自ローダー(load_kagoshima_shochu.py等)のnorm_name()が03_normalize.pyの内部空白除去(または旧字体変換)と食い違い、round14銘柄拡充バッチが正しいnorm_name()で再処理したことで重複レコードが生成された。既存id側へ銘柄を移管しrejected化、既存id側のname_normも正規のものへ修正。,2026-08-02 01:24:47,2026-08-02 01:32:44,,,1910,0,0
66001,,みしま焼酎 無垢の蔵,みしま焼酎無垢の蔵__dup66001,,鹿児島県,,,1910,https://mishima-shochu.jp/,shochu,鹿児島県に蔵を構えるみしま焼酎 無垢の蔵は、明治43年（1910年）創業の歴史を誇る老舗酒蔵です。焼酎みしま村/メンドン飲み比べセット グラス１個プレゼント 25度　720ml 以下で取り扱っています 原酒ならではの飲み応え 長期貯蔵原酒　みしま村 以下で取り扱っています 鹿児島県三島村黒島、公設公営で醸造された本格芋焼酎です。また、本プロジェクトでみしま焼酎無垢の蔵で焼酎を造るにあたり、濵田酒造様を始めとした⽼舗の焼酎製造関連企業様の技術支援をいただいており、皆様の支えによって焼酎プロジェクトは運営されています。伝統の技を守りつつ、現代の食文化に寄り添う高品質な美酒を醸し続けています。,0,rejected,0.95,,重複レコード(round14処理時のnorm_name不一致で再生成)。id=57843へ銘柄移管。独自ローダー(load_kagoshima_shochu.py等)のnorm_name()が03_normalize.pyの内部空白除去(または旧字体変換)と食い違い、round14銘柄拡充バッチが正しいnorm_name()で再処理したことで重複レコードが生成された。既存id側へ銘柄を移管しrejected化、既存id側のname_normも正規のものへ修正。,2026-08-02 01:24:47,2026-08-02 01:32:44,,,1910,0,0
66015,,鹿児島酒造㈱黒瀬杜氏伝承蔵,鹿児島酒造黒瀬杜氏伝承蔵__dup66015,,鹿児島県,,,1910,https://kagosyuzo.jp/,shochu,鹿児島県に蔵を構える鹿児島酒造㈱黒瀬杜氏伝承蔵は、明治43年（1910年）創業の歴史を誇る老舗酒蔵です。そこで1500年頃から醪を蒸留して焼酎を造る技術が伝わり、薩摩の地に定着しました。その創世記に活躍したのが黒瀬金次郎であり、鹿児島酒造㈱黒瀬杜氏伝承蔵の初代杜氏黒瀬安光は三男にあたります。伝統の技を守りつつ、現代の食文化に寄り添う高品質な美酒を醸し続けています。,0,rejected,0.95,,重複レコード(round14処理時のnorm_name不一致で再生成)。id=57863へ銘柄移管。独自ローダー(load_kagoshima_shochu.py等)のnorm_name()が03_normalize.pyの内部空白除去(または旧字体変換)と食い違い、round14銘柄拡充バッチが正しいnorm_name()で再処理したことで重複レコードが生成された。既存id側へ銘柄を移管しrejected化、既存id側のname_normも正規のものへ修正。,2026-08-02 01:24:47,2026-08-02 01:32:44,,,1910,0,0
70732,,八戸酒類株式会社,八戸酒類,五戸工場,青森県,,,1910,https://hachinohe-syurui.com/,sake,青森県に蔵を構える八戸酒類株式会社は、明治43年（1910年）創業の歴史を誇る老舗酒蔵です。清冽な自然水と、津軽・南部の豊富な良質米を用いて南部流儀の伝統技法と五感で醸す手造りの「八戸のうまし酒」です。伝統の技を守りつつ、現代の食文化に寄り添う高品質な美酒を醸し続けています。,0,rejected,0.95,,重複レコード(03_normalize.pyがdata/staged/内の古いround14 jsonlを再処理したことで再発生)。id=3443へ銘柄移管。round14と同一原因のため今回はround14/15の全staged jsonlをarchiveへ移動して再発防止。,2026-08-02 06:37:41,2026-08-02 06:39:02,,,1910,0,0
70752,,株式会社木内酒造,木内酒造,1823,茨城県,,,1910,https://kiuchibrewery.co.jp/,sake,茨城県に蔵を構える株式会社木内酒造は、明治43年（1910年）創業の歴史を誇る老舗酒蔵です。伝統の技と挑戦の心を受け継ぎ、清酒・ビール・ウイスキーなど多彩な酒造りに取り組んでいます。木内酒造が大切に受け継いできた歴史と職人の技、そして新たな挑戦を、体験や見学を通してより身近に感じていただけるプログラムをご用意しています。伝統の技を守りつつ、現代の食文化に寄り添う高品質な美酒を醸し続けています。,0,rejected,0.95,,重複レコード(03_normalize.pyがdata/staged/内の古いround14 jsonlを再処理したことで再発生)。id=5526へ銘柄移管。round14と同一原因のため今回はround14/15の全staged jsonlをarchiveへ移動して再発防止。,2026-08-02 06:37:41,2026-08-02 06:39:02,,,1910,0,0
70753,,有限会社濱川商店,濱川商店,,高知県,,,1910,https://bijofu.jp/,sake,高知県に蔵を構える有限会社濱川商店は、明治43年（1910年）創業の歴史を誇る老舗酒蔵です。仕込み水には良質な四万十川・仁淀川清流伏流水（軟水）を使用し、土佐杜氏の伝統の技を受け継ぎながら、米の旨味を引き出す真摯な酒造りを追求しています。伝統の技を守りつつ、現代の食文化に寄り添う高品質な美酒を醸し続けています。,0,approved,1.0,,Official Brewery Website Verified,,,,,1910,0,0
70754,,LIBROM Craft Sake Brewery,LIBROM Craft Sake Brewery,,福岡県,,,1910,https://librom.jp/,sake,福岡県に蔵を構えるLIBROM Craft Sake Breweryは、明治43年（1910年）創業の歴史を誇る老舗酒蔵です。」をコンセプトとし、店内に醸造所とPUBを併設しております。醸造所では、米を主原料に果物、ハーブ、野菜、スパイスなどを副原料として加え、伝統的な日本酒の発酵技術を軸に様々な味わいのお酒を造っています。伝統の技を守りつつ、現代の食文化に寄り添う高品質な美酒を醸し続けています。,0,approved,1.0,,Official Brewery Website Verified,,,,,1910,0,0
