=== 全酒蔵 公式Webサイト深層巡回＆全SKU抽出 開始: 2026-08-16T18:59:56.181905 ===

[1/1376] 🏭 ID 1: 麗人酒造株式会社 (長野県) - http://www.reijin.com/
[2/1376] 🏭 ID 2: 酒ぬのや本金酒造株式会社 (長野県) - http://honkin.net/sake
    ✨ [新規SKU抽出] 本金 純米吟醸 [純米吟醸酒] (米: 国産米, 精米: 非公開)
    ✨ [新規SKU抽出] 本金 純米大吟醸 [純米大吟醸酒] (米: 国産米, 精米: 非公開)
    ✨ [新規SKU抽出] 本醸造 精米歩合60% [本醸造酒] (米: 国産米, 精米: 60%)
    ✨ [新規SKU抽出] 本金 純米酒 [純米酒] (米: 国産米, 精米: 非公開)
    ✨ [新規SKU抽出] 食事に寄り添う純米酒 [純米酒] (米: 国産米, 精米: 非公開)
    ✨ [新規SKU抽出] 純米酒 精米歩合59% [純米酒] (米: 国産米, 精米: 59%)
    ✨ [新規SKU抽出] 純米吟醸 精米歩合55% [純米吟醸酒] (米: 国産米, 精米: 55%)
    ✨ [新規SKU抽出] 純米大吟醸 精米歩合39% [純米大吟醸酒] (米: 国産米, 精米: 39%)
    ✨ [新規SKU抽出] つうに人気の本醸造生原酒 [本醸造酒] (米: 国産米, 精米: 非公開)
    ✨ [新規SKU抽出] 本醸造生原酒 精米歩合60% [本醸造酒] (米: 国産米, 精米: 60%)
  👉 酒ぬのや本金酒造株式会社: 10 件の新規SKUを深層クローリングにより追加登録
[3/1376] 🏭 ID 3: 伊東酒造株式会社 (長野県) - https://www.yokobue.co.jp/
[4/1376] 🏭 ID 4: 宮坂醸造株式会社 (長野県) - https://www.masumi.jp/
    ✨ [新規SKU抽出] 純米大吟醸 山花 [純米大吟醸酒] (米: 国産米, 精米: 非公開)
    ✨ [新規SKU抽出] 純米吟醸 白妙SHIRO [純米吟醸酒] (米: 国産米, 精米: 非公開)
  👉 宮坂醸造株式会社: 2 件の新規SKUを深層クローリングにより追加登録
[5/1376] 🏭 ID 5: 高天酒造株式会社 (長野県) - http://www.koten-sake.co.jp/
    ✨ [新規SKU抽出] 本醸造酒 [本醸造酒] (米: 国産米, 精米: 非公開)
    ✨ [新規SKU抽出] 純米吟醸酒 [純米吟醸酒] (米: 国産米, 精米: 非公開)
  👉 高天酒造株式会社: 2 件の新規SKUを深層クローリングにより追加登録
[6/1376] 🏭 ID 6: 株式会社豊島屋 (長野県) - http://jizake.miwatari.jp/
    ✨ [新規SKU抽出] 吟醸酒　　　　　　Ginjo [吟醸酒] (米: 国産米, 精米: 非公開)
    ✨ [新規SKU抽出] 純米大吟醸　Junmai Daiginjo [純米大吟醸酒] (米: 国産米, 精米: 非公開)
    ✨ [新規SKU抽出] 大吟醸　Daiginjo [大吟醸酒] (米: 国産米, 精米: 非公開)
    ✨ [新規SKU抽出] 純米吟醸　Junmai Ginjo [純米吟醸酒] (米: 国産米, 精米: 非公開)
    ✨ [新規SKU抽出] 特別純米酒　　　　Tokubetsu Junmai [特別純米酒] (米: 国産米, 精米: 非公開)
    ✨ [新規SKU抽出] 純米酒　　　　　　Junmai [純米酒] (米: 国産米, 精米: 非公開)
    ✨ [新規SKU抽出] 本醸造酒　　　　　Honjozo [本醸造酒] (米: 国産米, 精米: 非公開)
    ✨ [新規SKU抽出] 本格焼酎　　　　　Shochu [本格焼酎] (米: 国産米, 精米: 非公開)
    ✨ [新規SKU抽出] リキュール　　　        　Liqueur [リキュール] (米: 国産米, 精米: 非公開)
    ✨ [新規SKU抽出] 全国新酒鑑評会金賞受賞酒　神渡　冥利　大吟醸原酒木箱入 [大吟醸酒] (米: 国産米, 精米: 非公開)
    ✨ [新規SKU抽出] 神渡　昔ながらのにごり酒 [普通酒] (米: 国産米, 精米: 非公開)
    ✨ [新規SKU抽出] 神渡　冥利　純米大吟醸原酒木箱入 [純米大吟醸酒] (米: 国産米, 精米: 非公開)
    ✨ [新規SKU抽出] 神渡　冥利　大吟醸原酒木箱入 [大吟醸酒] (米: 国産米, 精米: 非公開)
    ✨ [新規SKU抽出] 神渡　純米大吟醸　箱入 [純米大吟醸酒] (米: 国産米, 精米: 非公開)
    ✨ [新規SKU抽出] 神渡　辛口純米大吟醸　Exclusive　専用箱付 [純米大吟醸酒] (米: 国産米, 精米: 非公開)
    ✨ [新規SKU抽出] 神渡　辛口純米大吟醸　Exclusive [純米大吟醸酒] (米: 国産米, 精米: 非公開)
    ✨ [新規SKU抽出] 神渡　大吟醸 [大吟醸酒] (米: 国産米, 精米: 非公開)
    ✨ [新規SKU抽出] 神渡　純米吟醸　箱入 [純米吟醸酒] (米: 国産米, 精米: 非公開)
    ✨ [新規SKU抽出] 特定名称　　：　純米酒（生貯蔵酒） [純米酒] (米: 国産米, 精米: 非公開)
    ✨ [新規SKU抽出] 特定名称　　：　純米吟醸 [純米吟醸酒] (米: 国産米, 精米: 非公開)
    ✨ [新規SKU抽出] 特定名称　　：　純米大吟醸 [純米大吟醸酒] (米: 国産米, 精米: 非公開)
    ✨ [新規SKU抽出] 特定名称　　：　大吟醸 [大吟醸酒] (米: 国産米, 精米: 非公開)
  👉 株式会社豊島屋: 22 件の新規SKUを深層クローリングにより追加登録
[7/1376] 🏭 ID 7: 磐栄運送株式会社諏訪御湖鶴酒造場 (長野県) - https://www.mikotsuru.com/
    ✨ [新規SKU抽出] 2025BY　純米吟醸金紋錦　製造断念のお知らせ [純米吟醸酒] (米: 金紋錦, 精米: 非公開)
    ✨ [新規SKU抽出] リキュール [リキュール] (米: 国産米, 精米: 非公開)
    ✨ [新規SKU抽出] 御湖鶴　純米大吟醸 [純米大吟醸酒] (米: 国産米, 精米: 非公開)
    ✨ [新規SKU抽出] 純米吟醸部門 知事賞 知事賞格（計2品受賞） [純米吟醸酒] (米: 国産米, 精米: 非公開)
    ✨ [新規SKU抽出] 純米吟醸の部 最優秀賞（長野・新潟・群馬・埼玉・栃木・茨城エリアNo.1） [純米吟醸酒] (米: 国産米, 精米: 非公開)
    ✨ [新規SKU抽出] 全国梅酒鑑評会2024 [リキュール] (米: 国産米, 精米: 非公開)
    ✨ [新規SKU抽出] 御湖鶴　純米梅酒 [純米酒] (米: 国産米, 精米: 非公開)
    ✨ [新規SKU抽出] 日本酒梅酒部門　銅賞 [リキュール] (米: 国産米, 精米: 非公開)
    ✨ [新規SKU抽出] 純米吟醸の部 優秀賞 [純米吟醸酒] (米: 国産米, 精米: 非公開)
    ✨ [新規SKU抽出] 純米吟醸部門 優等賞 [純米吟醸酒] (米: 国産米, 精米: 非公開)
    ✨ [新規SKU抽出] 純米吟醸ひとごこち無濾過生原酒 [純米吟醸酒] (米: 国産米, 精米: 非公開)
    ✨ [新規SKU抽出] 御湖鶴　純米吟醸　山田錦無濾過生原酒 [純米吟醸酒] (米: 山田錦, 精米: 非公開)
    ✨ [新規SKU抽出] 御湖鶴　純米吟醸　諏訪美山錦 [純米吟醸酒] (米: 美山錦, 精米: 非公開)
    ✨ [新規SKU抽出] インターナショナルワインチャレンジ2021 SAKE純米吟醸部門 [純米吟醸酒] (米: 国産米, 精米: 非公開)
    ✨ [新規SKU抽出] 御湖鶴　純米吟醸　山恵錦 [純米吟醸酒] (米: 国産米, 精米: 非公開)
    ✨ [新規SKU抽出] 純米吟醸トロフィー、 [純米吟醸酒] (米: 国産米, 精米: 非公開)
    ✨ [新規SKU抽出] 純米吟醸部門 [純米吟醸酒] (米: 国産米, 精米: 非公開)
    ✨ [新規SKU抽出] 御湖鶴　純米吟醸　山恵錦を取り上げていただきました。 [純米吟醸酒] (米: 国産米, 精米: 非公開)
    ✨ [新規SKU抽出] 純米吟醸山恵錦、純米辛口を掲載いただきました。 [純米吟醸酒] (米: 国産米, 精米: 非公開)
    ✨ [新規SKU抽出] 純米吟醸山恵錦、純米吟醸ひとごこち、純米吟醸金紋錦を掲載いただきました。 [純米吟醸酒] (米: 金紋錦, 精米: 非公開)
    ✨ [新規SKU抽出] 『御湖鶴　純米吟醸　諏訪美山錦』『御湖鶴　純米吟醸　山恵錦』 [純米吟醸酒] (米: 美山錦, 精米: 非公開)
    ✨ [新規SKU抽出] 『御湖鶴　純米辛口』『御湖鶴　純米吟醸　金紋錦』を掲載いただきました。 [純米吟醸酒] (米: 金紋錦, 精米: 非公開)
    ✨ [新規SKU抽出] 今を彩る注目商品として『御湖鶴　純米吟醸　山恵錦』を掲載いただきました。 [純米吟醸酒] (米: 国産米, 精米: 非公開)
    ✨ [新規SKU抽出] 『御湖鶴　純米吟醸　ひとごこち』を掲載いただきました。 [純米吟醸酒] (米: 国産米, 精米: 非公開)
    ✨ [新規SKU抽出] 純米大吟醸 | 諏訪御湖鶴酒造場 [純米大吟醸酒] (米: 国産米, 精米: 非公開)
    ✨ [新規SKU抽出] 御湖鶴　純米大吟醸　山田錦　火入れ　化粧箱入り [純米大吟醸酒] (米: 山田錦, 精米: 非公開)
    ✨ [新規SKU抽出] 商品紹介／純米大吟醸 [純米大吟醸酒] (米: 国産米, 精米: 非公開)
    ✨ [新規SKU抽出] 純米酒 | 諏訪御湖鶴酒造場 [純米酒] (米: 国産米, 精米: 非公開)
    ✨ [新規SKU抽出] 無濾過生原酒 [普通酒] (米: 国産米, 精米: 非公開)
  👉 磐栄運送株式会社諏訪御湖鶴酒造場: 29 件の新規SKUを深層クローリングにより追加登録
[8/1376] 🏭 ID 8: 戸田酒造株式会社 (長野県) - http://www.shopdaiya.jp/
[9/1376] 🏭 ID 9: 株式会社舞姫 (長野県) - http://www.maihime.co.jp/
    ✨ [新規SKU抽出] リキュール・その他 [リキュール] (米: 国産米, 精米: 非公開)
    ✨ [新規SKU抽出] 高尾の天狗　純米吟醸　アルミカップ [純米吟醸酒] (米: 国産米, 精米: 非公開)
    ✨ [新規SKU抽出] 髙尾の天狗　純米大吟醸原酒　袋しぼり [純米大吟醸酒] (米: 国産米, 精米: 非公開)
    ✨ [新規SKU抽出] 髙尾の天狗　純米吟醸 [純米吟醸酒] (米: 国産米, 精米: 非公開)
    ✨ [新規SKU抽出] 信州舞姫　純米吟醸　アルミカップ [純米吟醸酒] (米: 国産米, 精米: 非公開)
    ✨ [新規SKU抽出] 信州舞姫　扇ラベル　純米吟醸酒 [純米吟醸酒] (米: 国産米, 精米: 非公開)
    ✨ [新規SKU抽出] 信州舞姫　純米大吟醸　桜楓　袋搾り中取り原酒 [純米大吟醸酒] (米: 国産米, 精米: 非公開)
    ✨ [新規SKU抽出] 信州舞姫　純米大吟醸　原酒　美山錦　箱入り [純米大吟醸酒] (米: 美山錦, 精米: 非公開)
    ✨ [新規SKU抽出] 信州舞姫　純米吟醸　美山錦　からくち [純米吟醸酒] (米: 美山錦, 精米: 非公開)
    ✨ [新規SKU抽出] 信州舞姫　からくち　本醸造　芳醇　静 [本醸造酒] (米: 国産米, 精米: 非公開)
    ✨ [新規SKU抽出] 信州舞姫　純米吟醸生酒 [純米吟醸酒] (米: 国産米, 精米: 非公開)
    ✨ [新規SKU抽出] 信州舞姫　吟醸酒 [吟醸酒] (米: 国産米, 精米: 非公開)
    ✨ [新規SKU抽出] 落ち着いた香りに淡く広がる甘みが特徴の純米吟醸酒です。 [純米吟醸酒] (米: 国産米, 精米: 非公開)
    ✨ [新規SKU抽出] 美山錦100%使用。素材を吟味し、丁寧に醸しあげた純米大吟醸原酒です。 [純米大吟醸酒] (米: 美山錦, 精米: 00%)
    ✨ [新規SKU抽出] ふくよかな吟醸香と、旨みが調和した切れの良い辛口です。 [吟醸酒] (米: 国産米, 精米: 非公開)
    ✨ [新規SKU抽出] さわやかな吟醸香に、まろやかな旨みとスッキリとした味わいが広がります。 [吟醸酒] (米: 国産米, 精米: 非公開)
    ✨ [新規SKU抽出] 翠露　純米吟醸　夏の美山錦 [純米吟醸酒] (米: 美山錦, 精米: 非公開)
    ✨ [新規SKU抽出] 翠露　純米大吟醸　夏の山田錦39 [純米大吟醸酒] (米: 山田錦, 精米: 非公開)
    ✨ [新規SKU抽出] 翠露　夏の吟醸　超辛口 [吟醸酒] (米: 国産米, 精米: 非公開)
    ✨ [新規SKU抽出] 信州舞姫　扇ラベル　純米吟醸　夏金魚 [純米吟醸酒] (米: 国産米, 精米: 非公開)
    ✨ [新規SKU抽出] りんご様の華やかな香りに、優しい甘味に軽快な酸味が心地よい夏の純米吟醸。 [純米吟醸酒] (米: 国産米, 精米: 非公開)
    ✨ [新規SKU抽出] 日本酒蔵が造るリキュールは、やさしい味わいで、香りも穏やかになると云われています。 [リキュール] (米: 国産米, 精米: 非公開)
    ✨ [新規SKU抽出] また杏酒は「信州千曲産」を使用し吟醸酒で仕込んでいます。 [吟醸酒] (米: 国産米, 精米: 非公開)
    ✨ [新規SKU抽出] 翠露　梅酒　純米吟醸仕込み [純米吟醸酒] (米: 国産米, 精米: 非公開)
    ✨ [新規SKU抽出] 甘みを控え、うめ本来のさわやかな余韻が楽しめる日本酒仕込の梅酒。 [リキュール] (米: 国産米, 精米: 非公開)
    ✨ [新規SKU抽出] 和歌山県産の完熟した南高梅を贅沢に使い、純米吟醸酒で仕込みました。 [純米吟醸酒] (米: 国産米, 精米: 非公開)
    ✨ [新規SKU抽出] 一滴の水も加えず、低温で15ケ月寝かせることにより濃醇な梅酒が誕生しました。 [リキュール] (米: 国産米, 精米: 非公開)
    ✨ [新規SKU抽出] SAKE　COMPETITION2017　純米大吟醸部門でシルバー受賞 [純米大吟醸酒] (米: 国産米, 精米: 非公開)
  👉 株式会社舞姫: 28 件の新規SKUを深層クローリングにより追加登録
[10/1376] 🏭 ID 10: 株式会社丸世酒造店 (長野県) - http://marusesyuzouten.co.jp/index.html
[11/1376] 🏭 ID 11: 株式会社井賀屋酒造場 (長野県) - http://igayasyuzou.com/
    ✨ [新規SKU抽出] 「生原酒」へのこだわり [普通酒] (米: 国産米, 精米: 非公開)
  👉 株式会社井賀屋酒造場: 1 件の新規SKUを深層クローリングにより追加登録
[12/1376] 🏭 ID 12: 株式会社玉村本店 (長野県) - http://www.tamamura-honten.co.jp/
    ✨ [新規SKU抽出] 縁喜との大人気コラボ、2023BYは美山錦純米吟醸のもろみとの融合です！ [純米吟醸酒] (米: 美山錦, 精米: 非公開)
  👉 株式会社玉村本店: 1 件の新規SKUを深層クローリングにより追加登録
[13/1376] 🏭 ID 14: 株式会社田中屋酒造店 (長野県) - http://www.mizuo.co.jp/
    ✨ [新規SKU抽出] 水尾 純米大吟醸 [純米大吟醸酒] (米: 国産米, 精米: 非公開)
    ✨ [新規SKU抽出] 水尾 大吟醸 [大吟醸酒] (米: 国産米, 精米: 非公開)
    ✨ [新規SKU抽出] 水尾 純米吟醸 [純米吟醸酒] (米: 国産米, 精米: 非公開)
    ✨ [新規SKU抽出] 水尾 特別純米酒 金紋錦仕込 [特別純米酒] (米: 金紋錦, 精米: 非公開)
    ✨ [新規SKU抽出] 水尾 辛口吟醸 生詰 [吟醸酒] (米: 国産米, 精米: 非公開)
    ✨ [新規SKU抽出] 水尾 辛口吟醸 [吟醸酒] (米: 国産米, 精米: 非公開)
    ✨ [新規SKU抽出] 水尾 紅 ひやおろし [普通酒] (米: 国産米, 精米: 非公開)
    ✨ [新規SKU抽出] みずお くれない ひやおろし [普通酒] (米: 国産米, 精米: 非公開)
    ✨ [新規SKU抽出] 水尾 特別純米酒 金紋錦 生 [特別純米酒] (米: 金紋錦, 精米: 非公開)
    ✨ [新規SKU抽出] 水尾 特別純米酒 金紋錦 ひやおろし [特別純米酒] (米: 金紋錦, 精米: 非公開)
    ✨ [新規SKU抽出] みずお とくべつじゅんまいしゅ きんもんにしき ひやおろし [普通酒] (米: 国産米, 精米: 非公開)
    ✨ [新規SKU抽出] 水尾 しぼりたて 生一本 [普通酒] (米: 国産米, 精米: 非公開)
    ✨ [新規SKU抽出] みずお しぼりたて きいっぽん [普通酒] (米: 国産米, 精米: 非公開)
    ✨ [新規SKU抽出] 水尾 純米にごり酒 活性 生 [純米酒] (米: 国産米, 精米: 非公開)
    ✨ [新規SKU抽出] 水尾 梅酒 [リキュール] (米: 国産米, 精米: 非公開)
    ✨ [新規SKU抽出] 水尾 特別純米酒 金紋錦仕込 | 水尾 奥信濃の地酒 飯山 醸造元 田中屋酒造店 [特別純米酒] (米: 金紋錦, 精米: 非公開)
    ✨ [新規SKU抽出] 全国的にも希少品種である長野県木島平産金紋錦を100％使用した、特別純米酒です。 [特別純米酒] (米: 金紋錦, 精米: 非公開)
    ✨ [新規SKU抽出] 水尾 辛口吟醸 | 水尾 奥信濃の地酒 飯山 醸造元 田中屋酒造店 [吟醸酒] (米: 国産米, 精米: 非公開)
    ✨ [新規SKU抽出] 水尾 純米にごり酒 活性 生 | 水尾 奥信濃の地酒 飯山 醸造元 田中屋酒造店 [純米酒] (米: 国産米, 精米: 非公開)
    ✨ [新規SKU抽出] 水尾 しぼりたて 生一本 | 水尾 奥信濃の地酒 飯山 醸造元 田中屋酒造店 [普通酒] (米: 国産米, 精米: 非公開)
    ✨ [新規SKU抽出] 9/13　銀座NAGANO「ひやおろし試飲会」 [普通酒] (米: 国産米, 精米: 非公開)
    ✨ [新規SKU抽出] 水尾 辛口吟醸 生詰 | 水尾 奥信濃の地酒 飯山 醸造元 田中屋酒造店 [吟醸酒] (米: 国産米, 精米: 非公開)
  👉 株式会社田中屋酒造店: 22 件の新規SKUを深層クローリングにより追加登録
[14/1376] 🏭 ID 15: 株式会社角口酒造店 (長野県) - http://www.kadoguchi.jp/
    ✨ [新規SKU抽出] 夏の純米吟醸、発売しました！ [純米吟醸酒] (米: 国産米, 精米: 非公開)
    ✨ [新規SKU抽出] 平成22年 第81回関東信越国税局酒類鑑評会　純米酒の部　優秀賞受賞 [純米酒] (米: 国産米, 精米: 非公開)
    ✨ [新規SKU抽出] 平成23年 第82回関東信越国税局酒類鑑評会　純米酒の部　優秀賞受賞 [純米酒] (米: 国産米, 精米: 非公開)
    ✨ [新規SKU抽出] 平成25年 第84回関東信越国税局酒類鑑評会　吟醸酒の部　優秀賞受賞 [吟醸酒] (米: 国産米, 精米: 非公開)
    ✨ [新規SKU抽出] 平成26年 第85回関東信越国税局酒類鑑評会　吟醸酒の部・純米酒の部　優秀賞受賞 [吟醸酒] (米: 国産米, 精米: 非公開)
    ✨ [新規SKU抽出] 平成27年 第86回関東信越国税局酒類鑑評会　吟醸酒の部・純米酒の部　優秀賞受賞 [吟醸酒] (米: 国産米, 精米: 非公開)
    ✨ [新規SKU抽出] 平成28年　第87回関東信越国税局酒類鑑評会　吟醸酒の部・純米酒の部　優秀賞受賞 [吟醸酒] (米: 国産米, 精米: 非公開)
    ✨ [新規SKU抽出] 令和3年　長野県清酒品評会　吟醸酒部門・純米吟醸酒部門　県知事賞受賞 [純米吟醸酒] (米: 国産米, 精米: 非公開)
    ✨ [新規SKU抽出] 令和3年　第92回関東信越国税局酒類鑑評会　吟醸酒の部・純米吟醸酒の部　優秀賞受賞 [純米吟醸酒] (米: 国産米, 精米: 非公開)
    ✨ [新規SKU抽出] 令和4年　第93回関東信越国税局酒類鑑評会　純米酒の部　優秀賞受賞 [純米酒] (米: 国産米, 精米: 非公開)
    ✨ [新規SKU抽出] 令和5年　第94回関東信越国税局酒類鑑評会　吟醸酒の部・純米酒の部　優秀賞受賞 [吟醸酒] (米: 国産米, 精米: 非公開)
    ✨ [新規SKU抽出] 令和6年　第95回関東信越国税局酒類鑑評会　吟醸酒の部・純米酒の部　優秀賞受賞 [吟醸酒] (米: 国産米, 精米: 非公開)
    ✨ [新規SKU抽出] 令和7年　第96回　関東信越国税局酒類鑑評会　純米酒の部　優秀賞受賞 [純米酒] (米: 国産米, 精米: 非公開)
    ✨ [新規SKU抽出] 夏の純米吟醸 [純米吟醸酒] (米: 国産米, 精米: 非公開)
    ✨ [新規SKU抽出] 春の純米吟醸 [純米吟醸酒] (米: 国産米, 精米: 非公開)
    ✨ [新規SKU抽出] 冬の純米吟醸 [純米吟醸酒] (米: 国産米, 精米: 非公開)
    ✨ [新規SKU抽出] 冬の純米吟醸しぼりたて生原酒 [純米吟醸酒] (米: 国産米, 精米: 非公開)
    ✨ [新規SKU抽出] ５９醸純米吟醸２０２４ [純米吟醸酒] (米: 国産米, 精米: 非公開)
    ✨ [新規SKU抽出] 純米生スパークリング [純米酒] (米: 国産米, 精米: 非公開)
    ✨ [新規SKU抽出] 金紋錦　純米大吟醸 [純米大吟醸酒] (米: 金紋錦, 精米: 非公開)
    ✨ [新規SKU抽出] 金紋錦　大吟醸 [大吟醸酒] (米: 金紋錦, 精米: 非公開)
    ✨ [新規SKU抽出] 金紋錦　純米吟醸 [純米吟醸酒] (米: 金紋錦, 精米: 非公開)
    ✨ [新規SKU抽出] 金紋錦　特別純米 [特別純米酒] (米: 金紋錦, 精米: 非公開)
    ✨ [新規SKU抽出] 純米吟醸雪明かり [純米吟醸酒] (米: 国産米, 精米: 非公開)
    ✨ [新規SKU抽出] 本醸造辛口 [本醸造酒] (米: 国産米, 精米: 非公開)
    ✨ [新規SKU抽出] 本醸造原酒 [本醸造酒] (米: 国産米, 精米: 非公開)
    ✨ [新規SKU抽出] 秋の山廃純米80 [純米酒] (米: 国産米, 精米: 非公開)
    ✨ [新規SKU抽出] 特別純米原酒ひやおろし [特別純米酒] (米: 国産米, 精米: 非公開)
    ✨ [新規SKU抽出] 冬の純米吟醸にごり酒 [純米吟醸酒] (米: 国産米, 精米: 非公開)
    ✨ [新規SKU抽出] 夏の純米吟醸セット [純米吟醸酒] (米: 国産米, 精米: 非公開)
    ✨ [新規SKU抽出] 大吟醸セット [大吟醸酒] (米: 国産米, 精米: 非公開)
    ✨ [新規SKU抽出] 金紋錦 純米大吟醸 [純米大吟醸酒] (米: 金紋錦, 精米: 非公開)
    ✨ [新規SKU抽出] 金紋錦 大吟醸 [大吟醸酒] (米: 金紋錦, 精米: 非公開)
    ✨ [新規SKU抽出] 吟醸酒セット [吟醸酒] (米: 国産米, 精米: 非公開)
    ✨ [新規SKU抽出] 金紋錦 純米吟醸 [純米吟醸酒] (米: 金紋錦, 精米: 非公開)
    ✨ [新規SKU抽出] スパークリングセット [普通酒] (米: 国産米, 精米: 非公開)
    ✨ [新規SKU抽出] 純米吟醸セット [純米吟醸酒] (米: 国産米, 精米: 非公開)
    ✨ [新規SKU抽出] 金紋錦純米大吟醸・金紋錦純米吟醸・純米吟醸雪明かり　セット。 [純米大吟醸酒] (米: 金紋錦, 精米: 非公開)
    ✨ [新規SKU抽出] 金紋錦純米大吟醸 [純米大吟醸酒] (米: 金紋錦, 精米: 非公開)
    ✨ [新規SKU抽出] 金紋錦純米吟醸 [純米吟醸酒] (米: 金紋錦, 精米: 非公開)
    ✨ [新規SKU抽出] 金紋錦大吟醸 [大吟醸酒] (米: 金紋錦, 精米: 非公開)
    ✨ [新規SKU抽出] 金紋錦特別純米 [特別純米酒] (米: 金紋錦, 精米: 非公開)
    ✨ [新規SKU抽出] 優撰と本醸造辛口セット [本醸造酒] (米: 国産米, 精米: 非公開)
    ✨ [新規SKU抽出] 優撰と本醸造辛口のセット。 [本醸造酒] (米: 国産米, 精米: 非公開)
    ✨ [新規SKU抽出] 純米酒と本醸造セット [本醸造酒] (米: 国産米, 精米: 非公開)
    ✨ [新規SKU抽出] 純米酒と本醸造のセット。 [本醸造酒] (米: 国産米, 精米: 非公開)
  👉 株式会社角口酒造店: 46 件の新規SKUを深層クローリングにより追加登録
[15/1376] 🏭 ID 16: 志賀泉酒造株式会社 (長野県) - http://shigaizumi.jp/
[16/1376] 🏭 ID 17: 株式会社市野屋 (長野県) - https://ichinoya.com/
    ✨ [新規SKU抽出] RYUSUISEN 花火 辛口 無濾過生原酒 [普通酒] (米: 国産米, 精米: 非公開)
    ✨ [新規SKU抽出] RYUSUISEN 生酛美山錦 [普通酒] (米: 美山錦, 精米: 非公開)
    ✨ [新規SKU抽出] RYUSUISEN 無濾過生原酒　黒部氷筍水仕込み ひとごこち [普通酒] (米: 国産米, 精米: 非公開)
    ✨ [新規SKU抽出] 生酛 合鴨農法米 亀の尾 [普通酒] (米: 亀の尾, 精米: 非公開)
    ✨ [新規SKU抽出] 生酛造り [普通酒] (米: 国産米, 精米: 非公開)
    ✨ [新規SKU抽出] 果実の個性をそのままに、丁寧に仕上げた市野屋ならではのレモンリキュールです。 [リキュール] (米: 国産米, 精米: 非公開)
    ✨ [新規SKU抽出] 伝統の生酛造り、醸すのは新しい感性 [普通酒] (米: 国産米, 精米: 非公開)
    ✨ [新規SKU抽出] 日本酒の全流通量の中で、伝統製法「生酛造り」が占める割合は、わずか1%ほど。 [普通酒] (米: 国産米, 精米: 1%)
    ✨ [新規SKU抽出] なぜ、彼女は生酛を選ぶのか。 [普通酒] (米: 国産米, 精米: 非公開)
    ✨ [新規SKU抽出] 生酛造りの酒 [普通酒] (米: 国産米, 精米: 非公開)
    ✨ [新規SKU抽出] RYUSUISEN 生酛 合鴨農法米 亀の尾 [普通酒] (米: 亀の尾, 精米: 非公開)
    ✨ [新規SKU抽出] 本格梅酒🌸 [リキュール] (米: 国産米, 精米: 非公開)
    ✨ [新規SKU抽出] RYUSUISEN 花火 辛口 無濾過生原酒要冷蔵 [普通酒] (米: 国産米, 精米: 非公開)
    ✨ [新規SKU抽出] RYUSUISEN 無濾過生原酒 黒部氷筍水仕込み ひとごこち要冷蔵 [普通酒] (米: 国産米, 精米: 非公開)
  👉 株式会社市野屋: 14 件の新規SKUを深層クローリングにより追加登録
[17/1376] 🏭 ID 18: 白馬錦酒造㈱ (長野県) - https://www.hakubanishiki.co.jp/
    ✨ [新規SKU抽出] 白馬錦 純米大吟醸(ニッコウキスゲ) [純米大吟醸酒] (米: 国産米, 精米: 非公開)
    ✨ [新規SKU抽出] 白馬錦 純米吟醸（チングルマ） [純米吟醸酒] (米: 国産米, 精米: 非公開)
    ✨ [新規SKU抽出] 白馬錦 純米梅酒｢MONPLUM｣ [純米酒] (米: 国産米, 精米: 非公開)
    ✨ [新規SKU抽出] 月波ノ月 (純米酒) [純米酒] (米: 国産米, 精米: 非公開)
  👉 白馬錦酒造㈱: 4 件の新規SKUを深層クローリングにより追加登録
[18/1376] 🏭 ID 19: 北安醸造株式会社 (長野県) - https://hokuan.co.jp/
[19/1376] 🏭 ID 20: 大雪渓酒造株式会社 (長野県) - https://www.jizake.co.jp/
[20/1376] 🏭 ID 21: 福源酒造株式会社 (長野県) - http://www.sake-fukugen.com/
[21/1376] 🏭 ID 22: 株式会社今井酒造店 (長野県) - https://www.wakamidori.com/
    ✨ [新規SKU抽出] 長野県産のりんご果汁と自社醸造の特別純米酒をブレンド [特別純米酒] (米: 国産米, 精米: 非公開)
    ✨ [新規SKU抽出] 五岳特別純米酒 720m [特別純米酒] (米: 国産米, 精米: 非公開)
    ✨ [新規SKU抽出] 特別本醸造 [特別本醸造酒] (米: 国産米, 精米: 非公開)
    ✨ [新規SKU抽出] 特別本醸造生貯蔵酒 [特別本醸造酒] (米: 国産米, 精米: 非公開)
    ✨ [新規SKU抽出] 生原酒 （12～3月） [普通酒] (米: 国産米, 精米: 非公開)
    ✨ [新規SKU抽出] 若緑　大吟醸原酒　鑑評会出品酒 [大吟醸酒] (米: 国産米, 精米: 非公開)
    ✨ [新規SKU抽出] 若緑大吟醸 [大吟醸酒] (米: 国産米, 精米: 非公開)
    ✨ [新規SKU抽出] 五岳純米大吟醸 [純米大吟醸酒] (米: 国産米, 精米: 非公開)
    ✨ [新規SKU抽出] 五岳 ひやおろし [普通酒] (米: 国産米, 精米: 非公開)
    ✨ [新規SKU抽出] 五岳　特別純米酒 [特別純米酒] (米: 国産米, 精米: 非公開)
    ✨ [新規SKU抽出] 純米吟醸　五岳　生原酒 [純米吟醸酒] (米: 国産米, 精米: 非公開)
    ✨ [新規SKU抽出] しぼりたて [普通酒] (米: 国産米, 精米: 非公開)
    ✨ [新規SKU抽出] 奥信濃にごり酒 [普通酒] (米: 国産米, 精米: 非公開)
    ✨ [新規SKU抽出] 特別本醸造　風の露　生原酒 [特別本醸造酒] (米: 国産米, 精米: 非公開)
  👉 株式会社今井酒造店: 14 件の新規SKUを深層クローリングにより追加登録
[22/1376] 🏭 ID 23: 株式会社高橋助作酒造店 (長野県) - http://www.matsuwo.co.jp/
    ✨ [新規SKU抽出] 全国でも数少ない 純米大吟醸 にて ９度の金賞受賞 !!（全国新酒鑑評会） [純米大吟醸酒] (米: 国産米, 精米: 非公開)
    ✨ [新規SKU抽出] 《　純米大吟醸　#Zero シリーズ 》 [純米大吟醸酒] (米: 国産米, 精米: 非公開)
    ✨ [新規SKU抽出] プレミアム 純米大吟醸 [純米大吟醸酒] (米: 国産米, 精米: 非公開)
    ✨ [新規SKU抽出] 《　純米大吟醸　＃1　》 [純米大吟醸酒] (米: 国産米, 精米: 非公開)
    ✨ [新規SKU抽出] 《　純米大吟醸 ＃２　》 [純米大吟醸酒] (米: 国産米, 精米: 非公開)
    ✨ [新規SKU抽出] 生酛シリーズ　（Style 5835、5800、6800） [普通酒] (米: 国産米, 精米: 非公開)
    ✨ [新規SKU抽出] 《　有機栽培米　純米 生酛　》 [純米酒] (米: 国産米, 精米: 非公開)
    ✨ [新規SKU抽出] 生酛　》 [普通酒] (米: 国産米, 精米: 非公開)
    ✨ [新規SKU抽出] 《　純米吟醸 生酛　》 [純米吟醸酒] (米: 国産米, 精米: 非公開)
    ✨ [新規SKU抽出] （ ※ 2024酒造年度 より 生酛 ） [普通酒] (米: 国産米, 精米: 非公開)
    ✨ [新規SKU抽出] 《　純米 生酛　》 [純米酒] (米: 国産米, 精米: 非公開)
    ✨ [新規SKU抽出] 純米吟醸 部門　金賞 & 長野トロフィー 受賞 [純米吟醸酒] (米: 国産米, 精米: 非公開)
    ✨ [新規SKU抽出] 《　純米吟醸 Style5835　》 [純米吟醸酒] (米: 国産米, 精米: 非公開)
    ✨ [新規SKU抽出] 《　限定 純米吟醸 Style5835　》 [純米吟醸酒] (米: 国産米, 精米: 非公開)
    ✨ [新規SKU抽出] 《　純米吟醸 Style 5835　》 [純米吟醸酒] (米: 国産米, 精米: 非公開)
    ✨ [新規SKU抽出] Special　伝統的な手造り 純米吟醸 [純米吟醸酒] (米: 国産米, 精米: 非公開)
    ✨ [新規SKU抽出] 《　純米吟醸　》 [純米吟醸酒] (米: 国産米, 精米: 非公開)
    ✨ [新規SKU抽出] 数量限定 出荷　槽口　生原酒 [普通酒] (米: 国産米, 精米: 非公開)
    ✨ [新規SKU抽出] 槽口搾り 生原酒 12月上旬 頃 〜 1月下旬頃 [普通酒] (米: 国産米, 精米: 非公開)
    ✨ [新規SKU抽出] 松尾 純米吟醸 （白ラベル） [純米吟醸酒] (米: 国産米, 精米: 非公開)
  👉 株式会社高橋助作酒造店: 20 件の新規SKUを深層クローリングにより追加登録
[23/1376] 🏭 ID 24: 株式会社東飯田酒造店 (長野県) - https://www.motooi.com/
    ✨ [新規SKU抽出] 漬け粕、板粕、リキュールなどを使ったレシピを各種をご紹介いたします。 [リキュール] (米: 国産米, 精米: 非公開)
    ✨ [新規SKU抽出] 本老の松 山廃仕込み 恋 [普通酒] (米: 国産米, 精米: 非公開)
    ✨ [新規SKU抽出] リンゴ酸特有の甘味と酸味のバランスが良い山廃純米酒です。 [純米酒] (米: 国産米, 精米: 非公開)
    ✨ [新規SKU抽出] 本老の松 純米吟醸 澄 [純米吟醸酒] (米: 国産米, 精米: 非公開)
    ✨ [新規SKU抽出] 本老の松 純米酒 艶 [純米酒] (米: 国産米, 精米: 非公開)
    ✨ [新規SKU抽出] 本醸造原酒です。瓶詰め時に火入れ殺菌してあります。 [本醸造酒] (米: 国産米, 精米: 非公開)
    ✨ [新規SKU抽出] 本老の松 本醸造 堅 [本醸造酒] (米: 国産米, 精米: 非公開)
    ✨ [新規SKU抽出] 佳撰　本老の松(本醸造） [本醸造酒] (米: 国産米, 精米: 非公開)
    ✨ [新規SKU抽出] 上撰　本老の松(本醸造） [本醸造酒] (米: 国産米, 精米: 非公開)
    ✨ [新規SKU抽出] 本老の松　辛口(本醸造） [本醸造酒] (米: 国産米, 精米: 非公開)
    ✨ [新規SKU抽出] 信里の夜明け(本醸造） [本醸造酒] (米: 国産米, 精米: 非公開)
    ✨ [新規SKU抽出] 本老の松 大吟醸 [大吟醸酒] (米: 国産米, 精米: 非公開)
    ✨ [新規SKU抽出] 軽い吟醸香で飲みやすい純米吟醸酒です。 [純米吟醸酒] (米: 国産米, 精米: 非公開)
    ✨ [新規SKU抽出] 甘さの中にしっかりとした芳醇さ、酸味、旨味が残り美しく艶やかな純米酒です。 [純米酒] (米: 国産米, 精米: 非公開)
    ✨ [新規SKU抽出] にごり酒　松の雪 [普通酒] (米: 国産米, 精米: 非公開)
    ✨ [新規SKU抽出] 搾り立てのにごり酒です。※冬季限定商品 [普通酒] (米: 国産米, 精米: 非公開)
    ✨ [新規SKU抽出] 本醸造　若松 [本醸造酒] (米: 国産米, 精米: 非公開)
    ✨ [新規SKU抽出] 搾り立て無濾過生原酒です。※冬季限定商品 [普通酒] (米: 国産米, 精米: 非公開)
    ✨ [新規SKU抽出] 本老の松生原酒と同商品 [普通酒] (米: 国産米, 精米: 非公開)
    ✨ [新規SKU抽出] 純米吟醸　おしのさん [純米吟醸酒] (米: 国産米, 精米: 非公開)
    ✨ [新規SKU抽出] 純米吟醸松翠と同商品 [純米吟醸酒] (米: 国産米, 精米: 非公開)
  👉 株式会社東飯田酒造店: 21 件の新規SKUを深層クローリングにより追加登録
[24/1376] 🏭 ID 25: 株式会社酒千蔵野 (長野県) - http://www.shusen.jp/
[25/1376] 🏭 ID 26: 長野銘醸株式会社 (長野県) - http://www.obasute.co.jp/
    ✨ [新規SKU抽出] メンテナンス中 | 隠れた信州の地酒 純米酒の酒蔵/長野銘醸 [純米酒] (米: 国産米, 精米: 非公開)
    ✨ [新規SKU抽出] 隠れた信州の地酒 純米酒の酒蔵/長野銘醸 [純米酒] (米: 国産米, 精米: 非公開)
    ✨ [新規SKU抽出] 長野銘醸は「安心」「安全」「本物の美味しさを追求」する純米酒の酒蔵です。 [純米酒] (米: 国産米, 精米: 非公開)
    ✨ [新規SKU抽出] 純米吟醸 棚田 モダンドライ [純米吟醸酒] (米: 国産米, 精米: 非公開)
    ✨ [新規SKU抽出] 純米吟醸 棚田 [純米吟醸酒] (米: 国産米, 精米: 非公開)
    ✨ [新規SKU抽出] 特別純米 棚田 [特別純米酒] (米: 国産米, 精米: 非公開)
    ✨ [新規SKU抽出] 日本酒（純米酒）の豆知識 [純米酒] (米: 国産米, 精米: 非公開)
  👉 長野銘醸株式会社: 7 件の新規SKUを深層クローリングにより追加登録
[26/1376] 🏭 ID 27: 株式会社西飯田酒造店 (長野県) - http://w2.avis.ne.jp/~nishiida/
[27/1376] 🏭 ID 28: 株式会社尾澤酒造場 (長野県) - http://www.misuzunishiki.co.jp/
[28/1376] 🏭 ID 29: 株式会社桝一市村酒造場 (長野県) - http://masuichi.com/
    ✨ [新規SKU抽出] 純米酒 山廃木桶仕込み [純米酒] (米: 国産米, 精米: 非公開)
    ✨ [新規SKU抽出] 純米酒 にごり酒 [純米酒] (米: 国産米, 精米: 非公開)
    ✨ [新規SKU抽出] 純米酒,スクウェア・ワン | 桝一市村酒造場 [純米酒] (米: 国産米, 精米: 非公開)
    ✨ [新規SKU抽出] スクウェア・ワン [普通酒] (米: 国産米, 精米: 非公開)
    ✨ [新規SKU抽出] 純米酒 山廃桶仕込み [純米酒] (米: 国産米, 精米: 非公開)
    ✨ [新規SKU抽出] 純米酒山廃桶仕込み,白金 | 桝一市村酒造場 [純米酒] (米: 国産米, 精米: 非公開)
    ✨ [新規SKU抽出] 純米酒山廃桶仕込み [純米酒] (米: 国産米, 精米: 非公開)
  👉 株式会社桝一市村酒造場: 7 件の新規SKUを深層クローリングにより追加登録
[29/1376] 🏭 ID 30: 株式会社松葉屋本店 (長野県) - http://matsubaya-honten.co.jp/
[30/1376] 🏭 ID 31: 高沢酒造株式会社 (長野県) - http://members.stvnet.home.ne.jp/yonekawa/
[31/1376] 🏭 ID 32: 株式会社よしのや (長野県) - http://www.nishinomon-yoshinoya.com/
    ✨ [新規SKU抽出] 西之門　純米大吟醸35 [純米大吟醸酒] (米: 国産米, 精米: 非公開)
    ✨ [新規SKU抽出] 西之門　純米大吟醸40 [純米大吟醸酒] (米: 国産米, 精米: 非公開)
    ✨ [新規SKU抽出] 西之門　純米大吟醸50 [純米大吟醸酒] (米: 国産米, 精米: 非公開)
    ✨ [新規SKU抽出] 西之門　純米大吟醸40・純米大吟醸50セット [純米大吟醸酒] (米: 国産米, 精米: 非公開)
    ✨ [新規SKU抽出] 西之門　純米大吟醸28 ７２０ｍ（桐箱入） [純米大吟醸酒] (米: 国産米, 精米: 非公開)
    ✨ [新規SKU抽出] 西之門　純米大吟醸35 ７２０ｍｌ（桐箱入） [純米大吟醸酒] (米: 国産米, 精米: 非公開)
    ✨ [新規SKU抽出] 西之門　純米大吟醸40 ７２０ｍｌ（化粧箱入） [純米大吟醸酒] (米: 国産米, 精米: 非公開)
    ✨ [新規SKU抽出] 西之門　純米大吟醸50 １．８Ｌ [純米大吟醸酒] (米: 国産米, 精米: 非公開)
    ✨ [新規SKU抽出] 西之門　純米大吟醸50 ７２０ｍｌ [純米大吟醸酒] (米: 国産米, 精米: 非公開)
    ✨ [新規SKU抽出] 西之門　純米大吟醸（ピンクラベル） ７２０ｍｌ [純米大吟醸酒] (米: 国産米, 精米: 非公開)
    ✨ [新規SKU抽出] 雲山　純米酒　橙ラベル １．８Ｌ [純米酒] (米: 国産米, 精米: 非公開)
    ✨ [新規SKU抽出] 雲山　純米酒　橙ラベル ７２０ｍｌ [純米酒] (米: 国産米, 精米: 非公開)
    ✨ [新規SKU抽出] 雲山　純米生原酒 ７２０ｍｌ [純米酒] (米: 国産米, 精米: 非公開)
    ✨ [新規SKU抽出] 西之門　酒蔵吟醸甘酒　８００ｇ [吟醸酒] (米: 国産米, 精米: 非公開)
    ✨ [新規SKU抽出] 西之門　純米大吟醸50 袋しずくしぼり　７２０ｍｌ [純米大吟醸酒] (米: 国産米, 精米: 非公開)
    ✨ [新規SKU抽出] 西之門　純米大吟醸35 １．８Ｌ（桐箱入） [純米大吟醸酒] (米: 国産米, 精米: 非公開)
    ✨ [新規SKU抽出] 西之門　善光寺純米吟醸 １．８Ｌ [純米吟醸酒] (米: 国産米, 精米: 非公開)
    ✨ [新規SKU抽出] 西之門　善光寺純米吟醸 ７２０ｍｌ [純米吟醸酒] (米: 国産米, 精米: 非公開)
    ✨ [新規SKU抽出] 西之門　純米大吟醸35 袋しずくしぼり　７２０ｍｌ [純米大吟醸酒] (米: 国産米, 精米: 非公開)
    ✨ [新規SKU抽出] 西之門　純米大吟醸50 ３００ｍｌ [純米大吟醸酒] (米: 国産米, 精米: 非公開)
    ✨ [新規SKU抽出] 西之門　梅酒　７２０ｍｌ [リキュール] (米: 国産米, 精米: 非公開)
    ✨ [新規SKU抽出] 西之門　純米大吟醸Ｒ酵母 [純米大吟醸酒] (米: 国産米, 精米: 非公開)
    ✨ [新規SKU抽出] 西之門　純米大吟醸Ｒ酵母別誂 [純米大吟醸酒] (米: 国産米, 精米: 非公開)
    ✨ [新規SKU抽出] 西之門　善光寺純米吟醸(ﾋﾟﾝｸ) [純米吟醸酒] (米: 国産米, 精米: 非公開)
    ✨ [新規SKU抽出] 西之門　善光寺純米吟醸 [純米吟醸酒] (米: 国産米, 精米: 非公開)
    ✨ [新規SKU抽出] 雲山　純米酒　橙 [純米酒] (米: 国産米, 精米: 非公開)
    ✨ [新規SKU抽出] 西之門　純米吟醸にごり酒 [純米吟醸酒] (米: 国産米, 精米: 非公開)
    ✨ [新規SKU抽出] 雲山　純米酒　緑 [純米酒] (米: 国産米, 精米: 非公開)
    ✨ [新規SKU抽出] 雲山　純米酒　赤 [純米酒] (米: 国産米, 精米: 非公開)
    ✨ [新規SKU抽出] 西之門　純米吟醸　板粕500g	　　          　　　540→ 　594 [純米吟醸酒] (米: 国産米, 精米: 非公開)
    ✨ [新規SKU抽出] 西之門　吟醸粕　480g　	　　　　　       　　 648	→   702 [吟醸酒] (米: 国産米, 精米: 非公開)
    ✨ [新規SKU抽出] 西之門　酒蔵吟醸甘酒ゆず800g	　  　　 　1,728→ 1,836 [吟醸酒] (米: 国産米, 精米: 非公開)
    ✨ [新規SKU抽出] 西之門　酒蔵大吟醸甘酒（木箱入）　    　　4,340 → 4,664 [大吟醸酒] (米: 国産米, 精米: 非公開)
    ✨ [新規SKU抽出] 西之門　酒蔵吟醸甘酒（木箱入）	　   　　2,396	→ 2,504 [吟醸酒] (米: 国産米, 精米: 非公開)
    ✨ [新規SKU抽出] 西之門　酒蔵吟醸甘酒ゆず（木箱入）   　　2,828	→ 2,936 [吟醸酒] (米: 国産米, 精米: 非公開)
    ✨ [新規SKU抽出] 西之門　純米大吟醸50・純米大吟醸(ﾋﾟﾝｸ)セット [純米大吟醸酒] (米: 国産米, 精米: 非公開)
    ✨ [新規SKU抽出] 西之門　梅酒・酒蔵吟醸甘酒セット [吟醸酒] (米: 国産米, 精米: 非公開)
    ✨ [新規SKU抽出] 直木賞作家 辻村さんにご紹介いただいた西之門酒蔵吟醸甘酒 [吟醸酒] (米: 国産米, 精米: 非公開)
  👉 株式会社よしのや: 38 件の新規SKUを深層クローリングにより追加登録
[32/1376] 🏭 ID 33: 坂井銘醸株式会社 (長野県) - http://www.sakagura.co.jp/
[33/1376] 🏭 ID 34: 株式会社遠藤酒造場 (長野県) - https://www.keiryu.jp/
    ✨ [新規SKU抽出] スパークリング [普通酒] (米: 国産米, 精米: 非公開)
    ✨ [新規SKU抽出] 遠藤 GOLD 純米大吟醸 [純米大吟醸酒] (米: 国産米, 精米: 非公開)
    ✨ [新規SKU抽出] 極醸帰ってきた りんごさん 純米吟醸 あらばしり [純米吟醸酒] (米: 国産米, 精米: 非公開)
    ✨ [新規SKU抽出] しぼりたて生原酒 渓流 [普通酒] (米: 国産米, 精米: 非公開)
    ✨ [新規SKU抽出] 渓流 150周年 吟醸 [吟醸酒] (米: 国産米, 精米: 非公開)
    ✨ [新規SKU抽出] 彗 CHRISTENSEN 純米吟醸 八反錦 [純米吟醸酒] (米: 八反錦, 精米: 非公開)
    ✨ [新規SKU抽出] 杜氏の酒槽 直汲み 渓流 大吟醸 [大吟醸酒] (米: 国産米, 精米: 非公開)
    ✨ [新規SKU抽出] 出品 純米大吟醸 [純米大吟醸酒] (米: 国産米, 精米: 非公開)
    ✨ [新規SKU抽出] 遠藤 PREMIUM FLOWER プレミアムフラワー 純米大吟醸 [純米大吟醸酒] (米: 国産米, 精米: 非公開)
    ✨ [新規SKU抽出] 渓流 大吟醸 [大吟醸酒] (米: 国産米, 精米: 非公開)
    ✨ [新規SKU抽出] 渓流 純米大吟醸 龍虎 飲み比べセット [純米大吟醸酒] (米: 国産米, 精米: 非公開)
    ✨ [新規SKU抽出] 遠藤酒造場の大吟醸 - 通販で手軽に、極上の味わいを堪能 [大吟醸酒] (米: 国産米, 精米: 非公開)
    ✨ [新規SKU抽出] 遠藤 大吟醸 [大吟醸酒] (米: 国産米, 精米: 非公開)
    ✨ [新規SKU抽出] 渓流 大吟醸 しずく [大吟醸酒] (米: 国産米, 精米: 非公開)
    ✨ [新規SKU抽出] 大吟醸 蔵の内緒酒 [大吟醸酒] (米: 国産米, 精米: 非公開)
    ✨ [新規SKU抽出] 渓流 大吟醸 非売品 [大吟醸酒] (米: 国産米, 精米: 非公開)
    ✨ [新規SKU抽出] 朝しぼり 大吟醸 [大吟醸酒] (米: 国産米, 精米: 非公開)
    ✨ [新規SKU抽出] 彗 KORLEVIC-JURIC 純米吟醸生もと [純米吟醸酒] (米: 国産米, 精米: 非公開)
    ✨ [新規SKU抽出] 彗 CHRISTENSEN 純米吟醸 八反錦 720ｍl [純米吟醸酒] (米: 八反錦, 精米: 非公開)
    ✨ [新規SKU抽出] 三猫子 純米大吟醸 [純米大吟醸酒] (米: 国産米, 精米: 非公開)
    ✨ [新規SKU抽出] 三猫子 純米大吟醸 旨口 [純米大吟醸酒] (米: 国産米, 精米: 非公開)
    ✨ [新規SKU抽出] 三猫子 純米大吟醸 辛口 [純米大吟醸酒] (米: 国産米, 精米: 非公開)
    ✨ [新規SKU抽出] 三猫子 純米大吟醸 甘口 [純米大吟醸酒] (米: 国産米, 精米: 非公開)
    ✨ [新規SKU抽出] 彗 LONGMORE 純米吟醸 [純米吟醸酒] (米: 国産米, 精米: 非公開)
    ✨ [新規SKU抽出] 彗 OLBERS 純米吟醸 出羽燦々 [純米吟醸酒] (米: 出羽燦々, 精米: 非公開)
    ✨ [新規SKU抽出] 彗 ATLAS 純米吟醸 彗星 [純米吟醸酒] (米: 国産米, 精米: 非公開)
    ✨ [新規SKU抽出] 渓流 マウンテンダンス スパークリング [普通酒] (米: 国産米, 精米: 非公開)
    ✨ [新規SKU抽出] どむろく・にごり酒 にごり酒6種濃厚飲み比べセット [普通酒] (米: 国産米, 精米: 非公開)
    ✨ [新規SKU抽出] どむろく・にごり酒 5倍どむ [普通酒] (米: 国産米, 精米: 非公開)
    ✨ [新規SKU抽出] 朝しぼり 出品貯蔵酒 純米大吟醸 [純米大吟醸酒] (米: 国産米, 精米: 非公開)
    ✨ [新規SKU抽出] 彗 METEORITE 純米吟醸 720ｍl [純米吟醸酒] (米: 国産米, 精米: 非公開)
    ✨ [新規SKU抽出] 渓流 ワイン酵母仕込み 純米吟醸 [純米吟醸酒] (米: 国産米, 精米: 非公開)
    ✨ [新規SKU抽出] 本醸造（活性にごり酒） [本醸造酒] (米: 国産米, 精米: 非公開)
    ✨ [新規SKU抽出] 日本酒の原点に立ち返って、作り出されたどぶろく。 [どぶろく] (米: 国産米, 精米: 非公開)
    ✨ [新規SKU抽出] 大吟醸クラスのすっきりした味わいをお手ごろ価格で [大吟醸酒] (米: 国産米, 精米: 非公開)
    ✨ [新規SKU抽出] 味は大吟醸クラスでも、価格は従来の『渓流』と同様に据え置きしたお買得な吟醸酒です。 [大吟醸酒] (米: 国産米, 精米: 非公開)
    ✨ [新規SKU抽出] ほのかな吟醸香と旨味 [吟醸酒] (米: 国産米, 精米: 非公開)
    ✨ [新規SKU抽出] 本当に大吟醸並みに美味な口当たりで飲みやすい。お得ですね。 [大吟醸酒] (米: 国産米, 精米: 非公開)
    ✨ [新規SKU抽出] 直虎 純米吟醸 生もと造り [純米吟醸酒] (米: 国産米, 精米: 非公開)
    ✨ [新規SKU抽出] 直虎 TAG SAKE 純米吟醸 生原酒 [純米吟醸酒] (米: 国産米, 精米: 非公開)
    ✨ [新規SKU抽出] 直虎 純米吟醸 山恵錦 [純米吟醸酒] (米: 国産米, 精米: 非公開)
    ✨ [新規SKU抽出] 直虎 純米大吟醸 原酒 [純米大吟醸酒] (米: 国産米, 精米: 非公開)
    ✨ [新規SKU抽出] 直虎(なおとら) 番外品 純米大吟醸 生原酒 [純米大吟醸酒] (米: 国産米, 精米: 非公開)
    ✨ [新規SKU抽出] 直虎 別誂（なおとら べつあつらえ）純米大吟醸 [純米大吟醸酒] (米: 国産米, 精米: 非公開)
    ✨ [新規SKU抽出] 直取り あらばしり 純米吟醸 生原酒 直虎(なおとら) [純米吟醸酒] (米: 国産米, 精米: 非公開)
    ✨ [新規SKU抽出] 直虎(なおとら) 純米吟醸 生原酒 [純米吟醸酒] (米: 国産米, 精米: 非公開)
    ✨ [新規SKU抽出] 直虎(なおとら) 純米吟醸 生酒 [純米吟醸酒] (米: 国産米, 精米: 非公開)
  👉 株式会社遠藤酒造場: 47 件の新規SKUを深層クローリングにより追加登録
[34/1376] 🏭 ID 35: 天法酒造株式会社 (長野県) - http://www.dewazi.or.jp/motosakaya/html/sake-12.html
[35/1376] 🏭 ID 36: 喜久水酒造株式会社 (長野県) - https://kikusuisake.co.jp/
    ✨ [新規SKU抽出] 㐂久水　吟醸生貯蔵-宵涼み　発売のお知らせ [吟醸酒] (米: 国産米, 精米: 非公開)
    ✨ [新規SKU抽出] リキュール / シードル [リキュール] (米: 国産米, 精米: 非公開)
    ✨ [新規SKU抽出] 酒類の製造及び販売

清酒、連続式蒸留焼酎、単式蒸留焼酎、果実酒、リキュール [リキュール] (米: 国産米, 精米: 非公開)
    ✨ [新規SKU抽出] シードル・リキュール [リキュール] (米: 国産米, 精米: 非公開)
    ✨ [新規SKU抽出] 㐂久水　純米大吟醸 [純米大吟醸酒] (米: 国産米, 精米: 非公開)
    ✨ [新規SKU抽出] スパークリング清酒 あわわ [普通酒] (米: 国産米, 精米: 非公開)
    ✨ [新規SKU抽出] 純米生酛(きもと)原酒 風越 [純米酒] (米: 国産米, 精米: 非公開)
    ✨ [新規SKU抽出] 吟醸生原酒　厳寒しぼり [吟醸酒] (米: 国産米, 精米: 非公開)
    ✨ [新規SKU抽出] 純米吟醸生原酒　厳寒しぼり [純米吟醸酒] (米: 国産米, 精米: 非公開)
    ✨ [新規SKU抽出] 純米吟醸一回火入　初穂しずく [純米吟醸酒] (米: 国産米, 精米: 非公開)
    ✨ [新規SKU抽出] 純米吟醸生原酒　初穂しずく [純米吟醸酒] (米: 国産米, 精米: 非公開)
    ✨ [新規SKU抽出] 㐂久水　純米吟醸 [純米吟醸酒] (米: 国産米, 精米: 非公開)
    ✨ [新規SKU抽出] 㐂久水　吟醸 [吟醸酒] (米: 国産米, 精米: 非公開)
    ✨ [新規SKU抽出] 㐂久水　吟醸生貯蔵　宵涼み [吟醸酒] (米: 国産米, 精米: 非公開)
    ✨ [新規SKU抽出] 大吟醸　聖岳　山田錦３５ [大吟醸酒] (米: 山田錦, 精米: 非公開)
    ✨ [新規SKU抽出] 純米吟醸　猿庫の泉 [純米吟醸酒] (米: 国産米, 精米: 非公開)
    ✨ [新規SKU抽出] 本醸造にごり酒　白貴天龍 [本醸造酒] (米: 国産米, 精米: 非公開)
    ✨ [新規SKU抽出] 純米生詰 ひやおろし [純米酒] (米: 国産米, 精米: 非公開)
    ✨ [新規SKU抽出] 本醸造　歓 [本醸造酒] (米: 国産米, 精米: 非公開)
    ✨ [新規SKU抽出] 本醸造　生貯蔵 [本醸造酒] (米: 国産米, 精米: 非公開)
    ✨ [新規SKU抽出] 本格焼酎 信州そば焼酎 二八 [本格焼酎] (米: 国産米, 精米: 非公開)
    ✨ [新規SKU抽出] リキュール [リキュール] (米: 国産米, 精米: 非公開)
    ✨ [新規SKU抽出] こだわり梅酒 [リキュール] (米: 国産米, 精米: 非公開)
    ✨ [新規SKU抽出] 「猿庫の泉（さるくらのいずみ）」など、南信州産にこだわった純米吟醸。 [純米吟醸酒] (米: 国産米, 精米: 非公開)
  👉 喜久水酒造株式会社: 24 件の新規SKUを深層クローリングにより追加登録
[36/1376] 🏭 ID 37: 大塚酒造株式会社 (長野県) - https://www.asamadake.com/
[37/1376] 🏭 ID 38: 千曲錦酒造株式会社 (長野県) - https://www.chikumanishiki.com/
    ✨ [新規SKU抽出] リキュール [リキュール] (米: 国産米, 精米: 非公開)
    ✨ [新規SKU抽出] 純米酒 旅する日本酒 千曲錦 N700ｓ [純米酒] (米: 国産米, 精米: 非公開)
    ✨ [新規SKU抽出] 「ひやおろし 純米大吟醸原酒 全量山田錦 千曲錦 [純米大吟醸酒] (米: 山田錦, 精米: 非公開)
    ✨ [新規SKU抽出] 千曲錦大吟醸 酒の精 [大吟醸酒] (米: 国産米, 精米: 非公開)
    ✨ [新規SKU抽出] 純米吟醸 千曲錦 [純米吟醸酒] (米: 国産米, 精米: 非公開)
    ✨ [新規SKU抽出] 辛口特別純米酒 千曲錦 [特別純米酒] (米: 国産米, 精米: 非公開)
    ✨ [新規SKU抽出] 寒仕込純米酒　千曲錦 [純米酒] (米: 国産米, 精米: 非公開)
    ✨ [新規SKU抽出] 辛口本醸造 千曲錦 [本醸造酒] (米: 国産米, 精米: 非公開)
    ✨ [新規SKU抽出] 純米 藤村のにごり酒 [純米酒] (米: 国産米, 精米: 非公開)
    ✨ [新規SKU抽出] 吟醸生貯蔵酒 [吟醸酒] (米: 国産米, 精米: 非公開)
  👉 千曲錦酒造株式会社: 10 件の新規SKUを深層クローリングにより追加登録
[38/1376] 🏭 ID 39: 戸塚酒造株式会社 (長野県) - https://www.kanchiku.com/
[39/1376] 🏭 ID 40: 株式会社古屋酒造店 (長野県) - https://furuya-shuzou.com/
[40/1376] 🏭 ID 41: 武重本家酒造株式会社 (長野県) - https://www.takeshige-honke.co.jp/
    ✨ [新規SKU抽出] 十二六(どぶろく) [どぶろく] (米: 国産米, 精米: 非公開)
    ✨ [新規SKU抽出] どぶろくとは [どぶろく] (米: 国産米, 精米: 非公開)
    ✨ [新規SKU抽出] 「牧水 生酛純米生酛酒母四段」 [純米酒] (米: 国産米, 精米: 非公開)
    ✨ [新規SKU抽出] 十二六（どぶろく） [どぶろく] (米: 国産米, 精米: 非公開)
    ✨ [新規SKU抽出] 秋の酒蔵開放2025 どぶろくの季節の始まり [どぶろく] (米: 国産米, 精米: 非公開)
    ✨ [新規SKU抽出] どぶろくの日記念　秋の酒蔵開放2024 [どぶろく] (米: 国産米, 精米: 非公開)
  👉 武重本家酒造株式会社: 6 件の新規SKUを深層クローリングにより追加登録
[41/1376] 🏭 ID 42: 大澤酒造株式会社 (長野県) - http://osawa-sake.jp/
    ✨ [新規SKU抽出] 明鏡止水　大吟醸 [大吟醸酒] (米: 国産米, 精米: 非公開)
    ✨ [新規SKU抽出] 明鏡止水<br/>純米大吟醸m’ビンテージ [純米大吟醸酒] (米: 国産米, 精米: 非公開)
    ✨ [新規SKU抽出] 明鏡止水　純米吟醸 [純米吟醸酒] (米: 国産米, 精米: 非公開)
    ✨ [新規SKU抽出] ALL NAGANO 無濾過生原酒 2016 [普通酒] (米: 国産米, 精米: 非公開)
    ✨ [新規SKU抽出] 「明鏡止水　甕口生原酒」 [普通酒] (米: 国産米, 精米: 非公開)
    ✨ [新規SKU抽出] 純米大吟醸m’ビンテージ [純米大吟醸酒] (米: 国産米, 精米: 非公開)
    ✨ [新規SKU抽出] 明鏡止水　純米大吟醸　PLATINUM [純米大吟醸酒] (米: 国産米, 精米: 非公開)
    ✨ [新規SKU抽出] 明鏡止水　純米大吟醸　斗瓶囲い [純米大吟醸酒] (米: 国産米, 精米: 非公開)
    ✨ [新規SKU抽出] 特撰純米吟醸　ひやおろし [純米吟醸酒] (米: 国産米, 精米: 非公開)
    ✨ [新規SKU抽出] 明鏡止水　大吟醸　斗瓶囲い [大吟醸酒] (米: 国産米, 精米: 非公開)
    ✨ [新規SKU抽出] 勢起　純米大吟醸 [純米大吟醸酒] (米: 国産米, 精米: 非公開)
    ✨ [新規SKU抽出] 熟成純米大吟醸の極みをお愉しみ頂けます。 [純米大吟醸酒] (米: 国産米, 精米: 非公開)
    ✨ [新規SKU抽出] 袋吊りによって集めた純米大吟醸の良い部分のみを斗瓶で貯蔵。 [純米大吟醸酒] (米: 国産米, 精米: 非公開)
    ✨ [新規SKU抽出] 上品な香味に溢れ、米の旨味が存分に楽しめるひやおろしです。 [普通酒] (米: 国産米, 精米: 非公開)
    ✨ [新規SKU抽出] 純米吟醸に大吟醸のオリを絡めたうすにごり酒。 [純米吟醸酒] (米: 国産米, 精米: 非公開)
    ✨ [新規SKU抽出] 爽やかで淡い純米酒。夏にピッタリの優しい飲み口です。 [純米酒] (米: 国産米, 精米: 非公開)
    ✨ [新規SKU抽出] 袋吊りによって集めた大吟醸の良い部分のみを斗瓶にて貯蔵。 [大吟醸酒] (米: 国産米, 精米: 非公開)
    ✨ [新規SKU抽出] 吟醸酒特有の上立香はほのかに控えめに。 [吟醸酒] (米: 国産米, 精米: 非公開)
    ✨ [新規SKU抽出] 大吟醸の身上である [大吟醸酒] (米: 国産米, 精米: 非公開)
    ✨ [新規SKU抽出] 「ALL NAGANO 無濾過生原酒 2016」のラベルは、 [普通酒] (米: 国産米, 精米: 非公開)
    ✨ [新規SKU抽出] 搾りたてそのままを瓶詰めした純米吟醸酒。 [純米吟醸酒] (米: 国産米, 精米: 非公開)
    ✨ [新規SKU抽出] 純米オリ絡みの生原酒です。 [純米酒] (米: 国産米, 精米: 非公開)
  👉 大澤酒造株式会社: 22 件の新規SKUを深層クローリングにより追加登録
[42/1376] 🏭 ID 43: 株式会社土屋酒造店 (長野県) - https://kamenoumi.com/
    ✨ [新規SKU抽出] 亀の海 秘蔵純米大吟醸 中汲み [純米大吟醸酒] (米: 国産米, 精米: 非公開)
    ✨ [新規SKU抽出] 亀の海 純米大吟醸 山田錦 [純米大吟醸酒] (米: 山田錦, 精米: 非公開)
    ✨ [新規SKU抽出] 亀の海 純米大吟醸原酒 美山錦 [純米大吟醸酒] (米: 美山錦, 精米: 非公開)
    ✨ [新規SKU抽出] 亀の海 純米大吟醸 [純米大吟醸酒] (米: 国産米, 精米: 非公開)
    ✨ [新規SKU抽出] 亀の海 純米吟醸あらばしり生 [純米吟醸酒] (米: 国産米, 精米: 非公開)
    ✨ [新規SKU抽出] 無濾過生原酒 / 氷温貯蔵 [普通酒] (米: 国産米, 精米: 非公開)
    ✨ [新規SKU抽出] 亀の海 純米吟醸 [純米吟醸酒] (米: 国産米, 精米: 非公開)
    ✨ [新規SKU抽出] 亀の海 本醸造 [本醸造酒] (米: 国産米, 精米: 非公開)
    ✨ [新規SKU抽出] 純米吟醸生 [純米吟醸酒] (米: 国産米, 精米: 非公開)
    ✨ [新規SKU抽出] 無濾過生原酒 / 5℃冷蔵 [普通酒] (米: 国産米, 精米: 非公開)
    ✨ [新規SKU抽出] 茜さす 純米大吟醸 [純米大吟醸酒] (米: 国産米, 精米: 非公開)
    ✨ [新規SKU抽出] 茜さすBIO 純米吟醸 [純米吟醸酒] (米: 国産米, 精米: 非公開)
    ✨ [新規SKU抽出] 茜さすヌヴォー 純米吟醸 [純米吟醸酒] (米: 国産米, 精米: 非公開)
    ✨ [新規SKU抽出] 無濾過生原酒 / 冷蔵貯蔵 [普通酒] (米: 国産米, 精米: 非公開)
    ✨ [新規SKU抽出] 茜さす　純米吟醸 [純米吟醸酒] (米: 国産米, 精米: 非公開)
    ✨ [新規SKU抽出] 亀の海 純米大吟醸 金紋錦 [純米大吟醸酒] (米: 金紋錦, 精米: 非公開)
    ✨ [新規SKU抽出] 亀の海 純米大吟醸 無濾過生 [純米大吟醸酒] (米: 国産米, 精米: 非公開)
    ✨ [新規SKU抽出] 亀の海 純米吟醸 無濾過生 [純米吟醸酒] (米: 国産米, 精米: 非公開)
    ✨ [新規SKU抽出] 亀の海 春うらら 純米吟醸生 [純米吟醸酒] (米: 国産米, 精米: 非公開)
    ✨ [新規SKU抽出] 亀の海 蝉しぐれ 純米吟醸生 [純米吟醸酒] (米: 国産米, 精米: 非公開)
    ✨ [新規SKU抽出] 亀の海 夕やけ小やけ 純米吟醸 [純米吟醸酒] (米: 国産米, 精米: 非公開)
    ✨ [新規SKU抽出] 亀の海 細雪 純米吟醸生 [純米吟醸酒] (米: 国産米, 精米: 非公開)
  👉 株式会社土屋酒造店: 22 件の新規SKUを深層クローリングにより追加登録
[43/1376] 🏭 ID 44: 芙蓉酒造株式会社 (長野県) - http://www.fuyou.org/
[44/1376] 🏭 ID 45: 伴野酒造株式会社 (長野県) - https://www.sawanohana.com/
    ✨ [新規SKU抽出] SAKE COMPETITION 2024 純米大吟醸部門 SILVER受賞 [純米大吟醸酒] (米: 国産米, 精米: 非公開)
    ✨ [新規SKU抽出] ※ブラインド審査の結果、純米大吟醸部門の上位10％の評価をいただきました。 [純米大吟醸酒] (米: 国産米, 精米: 非公開)
  👉 伴野酒造株式会社: 2 件の新規SKUを深層クローリングにより追加登録
[45/1376] 🏭 ID 46: 木内醸造株式会社 (長野県) - https://sites.google.com/view/hatuuguisu
    ✨ [新規SKU抽出] 初鶯の普通酒は本醸造仕込み [本醸造酒] (米: 国産米, 精米: 非公開)
    ✨ [新規SKU抽出] 初鶯の普通酒は、精米歩合が65％の本醸造仕込み。 [本醸造酒] (米: 国産米, 精米: 非公開)
    ✨ [新規SKU抽出] 本格焼酎　天雪「てんせつ」 [本格焼酎] (米: 国産米, 精米: 非公開)
    ✨ [新規SKU抽出] 黄麹、清酒用酵母を使って造られる本格焼酎（単式蒸溜焼酎）。 [本格焼酎] (米: 国産米, 精米: 非公開)
    ✨ [新規SKU抽出] 純米酒　凍米「いてまい」 [純米酒] (米: 国産米, 精米: 非公開)
  👉 木内醸造株式会社: 5 件の新規SKUを深層クローリングにより追加登録
[46/1376] 🏭 ID 47: 橘倉酒造株式会社 (長野県) - http://kitsukura.co.jp/
    ✨ [新規SKU抽出] 無尽蔵 無濾過生原酒 [普通酒] (米: 国産米, 精米: 非公開)
    ✨ [新規SKU抽出] 純米大吟醸 「橘」 [純米大吟醸酒] (米: 国産米, 精米: 非公開)
    ✨ [新規SKU抽出] 純米大吟醸　蔵 [純米大吟醸酒] (米: 国産米, 精米: 非公開)
    ✨ [新規SKU抽出] 橘倉酒造オンラインストア / 無尽蔵 無濾過生原酒 [普通酒] (米: 国産米, 精米: 非公開)
    ✨ [新規SKU抽出] スパークリング [普通酒] (米: 国産米, 精米: 非公開)
    ✨ [新規SKU抽出] 橘倉　大吟醸原酒　蔵 [大吟醸酒] (米: 国産米, 精米: 非公開)
    ✨ [新規SKU抽出] 橘倉 純米大吟醸 蔵 金紋錦 [純米大吟醸酒] (米: 金紋錦, 精米: 非公開)
    ✨ [新規SKU抽出] 菊秀　純米酒 [純米酒] (米: 国産米, 精米: 非公開)
    ✨ [新規SKU抽出] 純米吟醸 無尽蔵 超辛口生酒 [純米吟醸酒] (米: 国産米, 精米: 非公開)
    ✨ [新規SKU抽出] 慶應義塾大学　公認　純米大吟醸酒　若き血 [純米大吟醸酒] (米: 国産米, 精米: 非公開)
    ✨ [新規SKU抽出] 発泡性純米酒　たまゆら [純米酒] (米: 国産米, 精米: 非公開)
    ✨ [新規SKU抽出] 純米吟醸　無尽蔵 [純米吟醸酒] (米: 国産米, 精米: 非公開)
    ✨ [新規SKU抽出] 橘倉酒造オンラインストア / 菊秀　純米酒 [純米酒] (米: 国産米, 精米: 非公開)
    ✨ [新規SKU抽出] 発泡純米酒　たまゆらセット [純米酒] (米: 国産米, 精米: 非公開)
    ✨ [新規SKU抽出] 白瓜吟醸粕漬 4枚入（箱入り） [吟醸酒] (米: 国産米, 精米: 非公開)
    ✨ [新規SKU抽出] 瓜吟醸粕漬　（1枚入） [吟醸酒] (米: 国産米, 精米: 非公開)
  👉 橘倉酒造株式会社: 16 件の新規SKUを深層クローリングにより追加登録
[47/1376] 🏭 ID 48: 佐久の花酒造株式会社 (長野県) - https://www.sakunohana.jp/
[48/1376] 🏭 ID 49: 黒澤酒造株式会社 (長野県) - http://www.kurosawa.biz/
    ✨ [新規SKU抽出] 生酛　黒澤 [普通酒] (米: 国産米, 精米: 非公開)
    ✨ [新規SKU抽出] マルト生酛純米大吟醸　SAKU1 [純米大吟醸酒] (米: 国産米, 精米: 非公開)
    ✨ [新規SKU抽出] 井筒長　純米大吟醸　黒澤 [純米大吟醸酒] (米: 国産米, 精米: 非公開)
    ✨ [新規SKU抽出] 井筒長　特別本醸造　八千穂 [特別本醸造酒] (米: 国産米, 精米: 非公開)
    ✨ [新規SKU抽出] 井筒長特別純米酒 [特別純米酒] (米: 国産米, 精米: 非公開)
    ✨ [新規SKU抽出] 生酛黒澤とは『自在な酒』 [普通酒] (米: 国産米, 精米: 非公開)
  👉 黒澤酒造株式会社: 6 件の新規SKUを深層クローリングにより追加登録
[49/1376] 🏭 ID 50: 芙蓉酒造協同組合 (長野県) - http://www.fuyou.org/
[50/1376] 🏭 ID 53: 岩波酒造合資会社 (長野県) - https://iwanami-sake.com/
    ✨ [新規SKU抽出] いわなみ: 無濾過生原酒専門 [普通酒] (米: 国産米, 精米: 非公開)
    ✨ [新規SKU抽出] リキュール、本格焼酎 [リキュール] (米: 国産米, 精米: 非公開)
    ✨ [新規SKU抽出] 鏡花水月｜鑑評会金賞の大吟醸も。無濾過の日本酒 | 岩波酒造合資会社 [大吟醸酒] (米: 国産米, 精米: 非公開)
    ✨ [新規SKU抽出] 鏡花水月 大吟醸の瓶 [大吟醸酒] (米: 国産米, 精米: 非公開)
    ✨ [新規SKU抽出] 鏡花水月 大吟醸 [大吟醸酒] (米: 国産米, 精米: 非公開)
    ✨ [新規SKU抽出] 大吟醸・無濾過 ｜ 鑑評会 金賞・優秀賞 [大吟醸酒] (米: 国産米, 精米: 非公開)
    ✨ [新規SKU抽出] 大吟醸（無濾過） [大吟醸酒] (米: 国産米, 精米: 非公開)
    ✨ [新規SKU抽出] 鏡花水月 吟醸の瓶 [吟醸酒] (米: 国産米, 精米: 非公開)
    ✨ [新規SKU抽出] 鏡花水月 吟醸 [吟醸酒] (米: 国産米, 精米: 非公開)
    ✨ [新規SKU抽出] 吟醸（大吟醸・純米吟醸のブレンド） [純米吟醸酒] (米: 国産米, 精米: 非公開)
    ✨ [新規SKU抽出] 鏡花水月 純米吟醸の瓶 [純米吟醸酒] (米: 国産米, 精米: 非公開)
    ✨ [新規SKU抽出] 鏡花水月 純米吟醸 [純米吟醸酒] (米: 国産米, 精米: 非公開)
    ✨ [新規SKU抽出] 純米吟醸・無濾過 [純米吟醸酒] (米: 国産米, 精米: 非公開)
    ✨ [新規SKU抽出] 純米吟醸（無濾過） [純米吟醸酒] (米: 国産米, 精米: 非公開)
    ✨ [新規SKU抽出] 鏡花水月 純米吟醸 生酒の瓶 [純米吟醸酒] (米: 国産米, 精米: 非公開)
    ✨ [新規SKU抽出] 鏡花水月 純米吟醸 生酒 [純米吟醸酒] (米: 国産米, 精米: 非公開)
    ✨ [新規SKU抽出] 純米吟醸・生酒 [純米吟醸酒] (米: 国産米, 精米: 非公開)
    ✨ [新規SKU抽出] 純米吟醸 生酒 [純米吟醸酒] (米: 国産米, 精米: 非公開)
    ✨ [新規SKU抽出] 無濾過生原酒「いわなみ」｜松本の地酒 蔵元直送 | 岩波酒造合資会社 [普通酒] (米: 国産米, 精米: 非公開)
    ✨ [新規SKU抽出] 無濾過生原酒 専門ブランド [普通酒] (米: 国産米, 精米: 非公開)
    ✨ [新規SKU抽出] いわなみ 純米吟醸 無濾過生原酒の瓶 [純米吟醸酒] (米: 国産米, 精米: 非公開)
    ✨ [新規SKU抽出] いわなみ 純米吟醸 無濾過生原酒 [純米吟醸酒] (米: 国産米, 精米: 非公開)
    ✨ [新規SKU抽出] 純米吟醸・無濾過生原酒 [純米吟醸酒] (米: 国産米, 精米: 非公開)
    ✨ [新規SKU抽出] 純米吟醸（無濾過生原酒） [純米吟醸酒] (米: 国産米, 精米: 非公開)
    ✨ [新規SKU抽出] いわなみ 本醸造 無濾過生原酒の瓶 [本醸造酒] (米: 国産米, 精米: 非公開)
    ✨ [新規SKU抽出] いわなみ 本醸造 無濾過生原酒 [本醸造酒] (米: 国産米, 精米: 非公開)
    ✨ [新規SKU抽出] 本醸造・無濾過生原酒 [本醸造酒] (米: 国産米, 精米: 非公開)
    ✨ [新規SKU抽出] 本醸造（無濾過生原酒） [本醸造酒] (米: 国産米, 精米: 非公開)
  👉 岩波酒造合資会社: 28 件の新規SKUを深層クローリングにより追加登録
[51/1376] 🏭 ID 54: 笹井酒造株式会社 (長野県) - http://www.sasanohomare.co.jp/
    ✨ [新規SKU抽出] 生どぶろく開栓方法 [どぶろく] (米: 国産米, 精米: 非公開)
    ✨ [新規SKU抽出] 新酒が出来ました！　笹の誉 純米酒 初しぼり 生酒 [純米酒] (米: 国産米, 精米: 非公開)
    ✨ [新規SKU抽出] 大人気「生どぶろく」第２弾！ [どぶろく] (米: 国産米, 精米: 非公開)
    ✨ [新規SKU抽出] 笹の誉 生どぶろく はちみつ×レモン [どぶろく] (米: 国産米, 精米: 非公開)
    ✨ [新規SKU抽出] 笹の誉 どぶろく はちみつ＋レモン [どぶろく] (米: 国産米, 精米: 非公開)
    ✨ [新規SKU抽出] どぶろくの製造免許で造る、本物の「どぶろく」 [どぶろく] (米: 国産米, 精米: 非公開)
    ✨ [新規SKU抽出] 吹き出し注意の冬季限定の生どぶろくです。 [どぶろく] (米: 国産米, 精米: 非公開)
    ✨ [新規SKU抽出] はちみつとレモンの風味と発酵中の生どぶろくのシュワシュワ感をお楽しみください。 [どぶろく] (米: 国産米, 精米: 非公開)
    ✨ [新規SKU抽出] 大人気の生どぶろく第１弾！ [どぶろく] (米: 国産米, 精米: 非公開)
    ✨ [新規SKU抽出] 笹の誉 生どぶろく [どぶろく] (米: 国産米, 精米: 非公開)
    ✨ [新規SKU抽出] 笹の誉 純米大吟醸 ひとごこち 花酵母 しずく採り生 [純米大吟醸酒] (米: 国産米, 精米: 非公開)
    ✨ [新規SKU抽出] 笹の誉 花酵母 純米吟醸 しずく採り生 ひとごこち [純米吟醸酒] (米: 国産米, 精米: 非公開)
    ✨ [新規SKU抽出] 笹の誉 花酵母 純米吟醸 ひとごこち [純米吟醸酒] (米: 国産米, 精米: 非公開)
    ✨ [新規SKU抽出] 笹の誉が新たに取り組む「秋田流花酵母 AK-1」を使用して醸造した純米大吟醸。 [純米大吟醸酒] (米: 国産米, 精米: 非公開)
    ✨ [新規SKU抽出] 笹の誉 純米酒 初しぼり [純米酒] (米: 国産米, 精米: 非公開)
    ✨ [新規SKU抽出] 笹の誉 純米酒 初しぼり 生酒 [純米酒] (米: 国産米, 精米: 非公開)
    ✨ [新規SKU抽出] 笹の誉 純米吟醸 風穴貯蔵 [純米吟醸酒] (米: 国産米, 精米: 非公開)
    ✨ [新規SKU抽出] 生どぶろく [どぶろく] (米: 国産米, 精米: 非公開)
    ✨ [新規SKU抽出] 笹の誉 山廃 純米吟醸 ひとごこち [純米吟醸酒] (米: 国産米, 精米: 非公開)
    ✨ [新規SKU抽出] 笹の誉 山廃 純米吟醸 [純米吟醸酒] (米: 国産米, 精米: 非公開)
    ✨ [新規SKU抽出] 笹の誉 大吟醸 中汲み [大吟醸酒] (米: 国産米, 精米: 非公開)
    ✨ [新規SKU抽出] 笹の誉 大吟醸 [大吟醸酒] (米: 国産米, 精米: 非公開)
    ✨ [新規SKU抽出] 松本城 大吟醸 [大吟醸酒] (米: 国産米, 精米: 非公開)
    ✨ [新規SKU抽出] 松本城 純米大吟醸 しずく採り [純米大吟醸酒] (米: 国産米, 精米: 非公開)
    ✨ [新規SKU抽出] 松本城 純米大吟醸 [純米大吟醸酒] (米: 国産米, 精米: 非公開)
    ✨ [新規SKU抽出] 笹の誉 純米酒 ひとごこち [純米酒] (米: 国産米, 精米: 非公開)
    ✨ [新規SKU抽出] 笹の誉 純米酒 [純米酒] (米: 国産米, 精米: 非公開)
    ✨ [新規SKU抽出] 松本城 純米酒 [純米酒] (米: 国産米, 精米: 非公開)
    ✨ [新規SKU抽出] 笹の誉 濁酒どぶろく [どぶろく] (米: 国産米, 精米: 非公開)
    ✨ [新規SKU抽出] 笹の誉 どぶろく みかん [どぶろく] (米: 国産米, 精米: 非公開)
    ✨ [新規SKU抽出] 松本城 純米酒 松本城の日制定記念ラベル [純米酒] (米: 国産米, 精米: 非公開)
    ✨ [新規SKU抽出] 笹の誉 純米吟醸 松本城 [純米吟醸酒] (米: 国産米, 精米: 非公開)
    ✨ [新規SKU抽出] 冬季限定販売の生どぶろくです。 [どぶろく] (米: 国産米, 精米: 非公開)
    ✨ [新規SKU抽出] どぶろく [どぶろく] (米: 国産米, 精米: 非公開)
    ✨ [新規SKU抽出] 笹の誉 純米酒 しずく生酒 [純米酒] (米: 国産米, 精米: 非公開)
    ✨ [新規SKU抽出] 松本城 純米酒 Matsumoto Castle [純米酒] (米: 国産米, 精米: 非公開)
    ✨ [新規SKU抽出] 松本城 純米酒 Matsumoto Castle 純金箔入 限定429本 [純米酒] (米: 国産米, 精米: 非公開)
    ✨ [新規SKU抽出] 「リキュール製造免許」 [リキュール] (米: 国産米, 精米: 非公開)
    ✨ [新規SKU抽出] / 松本城 純米酒 Matsumoto Castle [純米酒] (米: 国産米, 精米: 非公開)
    ✨ [新規SKU抽出] 松本城 純米酒 松本城 Matsumoto Castle [純米酒] (米: 国産米, 精米: 非公開)
    ✨ [新規SKU抽出] 松本城の日制定記念ラベル 純米酒 [純米酒] (米: 国産米, 精米: 非公開)
    ✨ [新規SKU抽出] 11月10日「松本城の日」が制定された記念として発売した純米酒。 [純米酒] (米: 国産米, 精米: 非公開)
    ✨ [新規SKU抽出] / 笹の誉 純米酒 ひとごこち [純米酒] (米: 国産米, 精米: 非公開)
  👉 笹井酒造株式会社: 43 件の新規SKUを深層クローリングにより追加登録
[52/1376] 🏭 ID 55: 大信州酒造株式会社 (長野県) - http://www.daishinsyu.com/
    ✨ [新規SKU抽出] 大信州 超辛口純米吟醸 [純米吟醸酒] (米: 国産米, 精米: 非公開)
    ✨ [新規SKU抽出] 大信州 純米吟醸 [純米吟醸酒] (米: 国産米, 精米: 非公開)
    ✨ [新規SKU抽出] スパークリング [普通酒] (米: 国産米, 精米: 非公開)
    ✨ [新規SKU抽出] 大信州酒造 梅酒品評会を開催しました [リキュール] (米: 国産米, 精米: 非公開)
  👉 大信州酒造株式会社: 4 件の新規SKUを深層クローリングにより追加登録
[53/1376] 🏭 ID 56: 株式会社亀田屋酒造店 (長野県) - http://www.kametaya.co.jp/
    ✨ [新規SKU抽出] 純米大吟醸から、 [純米大吟醸酒] (米: 国産米, 精米: 非公開)
    ✨ [新規SKU抽出] 風穴貯蔵純米酒まで、 [純米酒] (米: 国産米, 精米: 非公開)
    ✨ [新規SKU抽出] Kura Master 2020 純米大吟醸酒部門 金賞 [純米大吟醸酒] (米: 国産米, 精米: 非公開)
    ✨ [新規SKU抽出] Kura Master 2021 純米大吟醸酒部門 金賞 [純米大吟醸酒] (米: 国産米, 精米: 非公開)
    ✨ [新規SKU抽出] 山恵錦をもっと気軽に楽しみたい。そんな声にお応えした純米酒が2023年登場。 [純米酒] (米: 国産米, 精米: 非公開)
    ✨ [新規SKU抽出] 風穴貯蔵純米酒 [純米酒] (米: 国産米, 精米: 非公開)
    ✨ [新規SKU抽出] 贈答や慶事に使える大吟醸まで、 [大吟醸酒] (米: 国産米, 精米: 非公開)
    ✨ [新規SKU抽出] 長野県清酒品評会2023 吟醸酒部門 長野県知事賞 [吟醸酒] (米: 国産米, 精米: 非公開)
    ✨ [新規SKU抽出] ワイングラスでおいしい日本酒アワード2020 プレミアム大吟醸部門 金賞 [大吟醸酒] (米: 国産米, 精米: 非公開)
    ✨ [新規SKU抽出] 信州の果物を使ったリキュール。 [リキュール] (米: 国産米, 精米: 非公開)
    ✨ [新規SKU抽出] 秋は「ひやおろし」 [普通酒] (米: 国産米, 精米: 非公開)
    ✨ [新規SKU抽出] 冬は「しぼりたて新酒」 [普通酒] (米: 国産米, 精米: 非公開)
    ✨ [新規SKU抽出] 亀乃世  特別本醸造 [特別本醸造酒] (米: 国産米, 精米: 非公開)
    ✨ [新規SKU抽出] 特別純米生貯蔵酒 [特別純米酒] (米: 国産米, 精米: 非公開)
    ✨ [新規SKU抽出] アルプス正宗  純米吟醸 [純米吟醸酒] (米: 国産米, 精米: 非公開)
    ✨ [新規SKU抽出] 安曇野産契約栽培米「美山錦」で醸した純米吟醸。 [純米吟醸酒] (米: 美山錦, 精米: 非公開)
    ✨ [新規SKU抽出] キレのある辛口タイプの純米吟醸は誰でも飲みやすくご贈答にピッタリ。3月～5月限定。 [純米吟醸酒] (米: 国産米, 精米: 非公開)
    ✨ [新規SKU抽出] アルプス正宗  純米大吟醸 [純米大吟醸酒] (米: 国産米, 精米: 非公開)
  👉 株式会社亀田屋酒造店: 18 件の新規SKUを深層クローリングにより追加登録
[54/1376] 🏭 ID 57: 合資会社丸永酒造場 (長野県) - https://www.takanami-sake.com/index.html
    ✨ [新規SKU抽出] 「日本酒の独特な熟成香が苦手」でも「蔵見学で飲んだしぼりたては美味しかった」 [普通酒] (米: 国産米, 精米: 非公開)
    ✨ [新規SKU抽出] 大吟醸 Frozen [大吟醸酒] (米: 国産米, 精米: 非公開)
    ✨ [新規SKU抽出] 純米大吟醸 Frozen [純米大吟醸酒] (米: 国産米, 精米: 非公開)
    ✨ [新規SKU抽出] 純米吟醸 Frozen [純米吟醸酒] (米: 国産米, 精米: 非公開)
    ✨ [新規SKU抽出] 特別純米 Frozen [特別純米酒] (米: 国産米, 精米: 非公開)
    ✨ [新規SKU抽出] 特別本醸造 Frozen [特別本醸造酒] (米: 国産米, 精米: 非公開)
    ✨ [新規SKU抽出] 大吟醸 原酒 [大吟醸酒] (米: 国産米, 精米: 非公開)
    ✨ [新規SKU抽出] 大吟醸生酒 [大吟醸酒] (米: 国産米, 精米: 非公開)
    ✨ [新規SKU抽出] 本醸造原酒生酒 [本醸造酒] (米: 国産米, 精米: 非公開)
    ✨ [新規SKU抽出] 大吟醸＆純米酒セット [大吟醸酒] (米: 国産米, 精米: 非公開)
    ✨ [新規SKU抽出] 大吟醸原酒＆純米大吟醸セット [純米大吟醸酒] (米: 国産米, 精米: 非公開)
    ✨ [新規SKU抽出] 大吟醸＆淡麗辛口セット [大吟醸酒] (米: 国産米, 精米: 非公開)
    ✨ [新規SKU抽出] 淡麗辛口＆大吟醸＆純米酒セット [大吟醸酒] (米: 国産米, 精米: 非公開)
    ✨ [新規SKU抽出] 純米吟醸＆大吟醸＆純米酒セット [純米吟醸酒] (米: 国産米, 精米: 非公開)
    ✨ [新規SKU抽出] 純米吟醸＆純米酒セット [純米吟醸酒] (米: 国産米, 精米: 非公開)
    ✨ [新規SKU抽出] 純米吟醸 ひやおろし [純米吟醸酒] (米: 国産米, 精米: 非公開)
    ✨ [新規SKU抽出] 純米 ひやおろし [純米酒] (米: 国産米, 精米: 非公開)
    ✨ [新規SKU抽出] 純米吟醸 しぼりたて [純米吟醸酒] (米: 国産米, 精米: 非公開)
    ✨ [新規SKU抽出] 純米酒 しぼりたて [純米酒] (米: 国産米, 精米: 非公開)
    ✨ [新規SKU抽出] 本醸造 原酒生酒 [本醸造酒] (米: 国産米, 精米: 非公開)
    ✨ [新規SKU抽出] しぼりたて [普通酒] (米: 国産米, 精米: 非公開)
    ✨ [新規SKU抽出] 本醸造・普通酒 [本醸造酒] (米: 国産米, 精米: 非公開)
    ✨ [新規SKU抽出] 飲み口が軽やかな純米酒 [純米酒] (米: 国産米, 精米: 非公開)
    ✨ [新規SKU抽出] 純 米 ひやおろし [普通酒] (米: 国産米, 精米: 非公開)
    ✨ [新規SKU抽出] 繊細で奥深いしぼりたて絶品酒 [普通酒] (米: 国産米, 精米: 非公開)
    ✨ [新規SKU抽出] 米の味が生きる新酒純米酒 [純米酒] (米: 国産米, 精米: 非公開)
    ✨ [新規SKU抽出] フレッシュで爽快な本醸造 [本醸造酒] (米: 国産米, 精米: 非公開)
    ✨ [新規SKU抽出] 本醸造 原酒生酒 しぼりたて [本醸造酒] (米: 国産米, 精米: 非公開)
    ✨ [新規SKU抽出] 本醸造 原酒生酒 夏の煌めき [本醸造酒] (米: 国産米, 精米: 非公開)
    ✨ [新規SKU抽出] しぼりたての大吟醸を急速冷凍・冷凍貯蔵 [大吟醸酒] (米: 国産米, 精米: 非公開)
    ✨ [新規SKU抽出] しぼりたての純米大吟醸を急速冷凍・冷凍貯蔵。 [純米大吟醸酒] (米: 国産米, 精米: 非公開)
    ✨ [新規SKU抽出] しぼりたての純米吟醸を急速冷凍・冷凍貯蔵。 [純米吟醸酒] (米: 国産米, 精米: 非公開)
    ✨ [新規SKU抽出] しぼりたての純米酒を急速冷凍・冷凍貯蔵。 [純米酒] (米: 国産米, 精米: 非公開)
    ✨ [新規SKU抽出] しぼりたての本醸造を急速冷凍・冷凍貯蔵。 [本醸造酒] (米: 国産米, 精米: 非公開)
    ✨ [新規SKU抽出] 号を使用した本醸造原酒生酒を急速冷凍・冷凍貯蔵しました。やや控えめな [本醸造酒] (米: 国産米, 精米: 非公開)
    ✨ [新規SKU抽出] 大吟醸 生酒 [大吟醸酒] (米: 国産米, 精米: 非公開)
  👉 合資会社丸永酒造場: 36 件の新規SKUを深層クローリングにより追加登録
[55/1376] 🏭 ID 58: 和饗酒造株式会社 (長野県) - https://wakyo-shuzo.com/
    ✨ [新規SKU抽出] 吉村 ⾦ 純米大吟醸 [純米大吟醸酒] (米: 国産米, 精米: 非公開)
    ✨ [新規SKU抽出] 吉村 白 純米酒 [純米酒] (米: 国産米, 精米: 非公開)
    ✨ [新規SKU抽出] 和饗 純米無濾過生原酒 [純米酒] (米: 国産米, 精米: 非公開)
    ✨ [新規SKU抽出] 和饗 大吟醸 [大吟醸酒] (米: 国産米, 精米: 非公開)
    ✨ [新規SKU抽出] 和饗 純米吟醸 [純米吟醸酒] (米: 国産米, 精米: 非公開)
    ✨ [新規SKU抽出] 和饗 特別純米原酒 [特別純米酒] (米: 国産米, 精米: 非公開)
    ✨ [新規SKU抽出] 和饗 純米酒 [純米酒] (米: 国産米, 精米: 非公開)
    ✨ [新規SKU抽出] 一滴陶然　和饗　大吟醸＆純米吟醸セット　（贈答箱付き） [純米吟醸酒] (米: 国産米, 精米: 非公開)
    ✨ [新規SKU抽出] 純米無濾過生原酒＆純米酒セット(要冷蔵) [純米酒] (米: 国産米, 精米: 非公開)
    ✨ [新規SKU抽出] 一滴陶然　和饗　大吟醸＆純米吟醸セット [長野県のお酒EC送料無料対象商品] [純米吟醸酒] (米: 国産米, 精米: 非公開)
    ✨ [新規SKU抽出] 大吟醸らしい華やかな香り。お米の旨味も生かしたまろやかな味わい。 [大吟醸酒] (米: 国産米, 精米: 非公開)
  👉 和饗酒造株式会社: 11 件の新規SKUを深層クローリングにより追加登録
[56/1376] 🏭 ID 59: 美寿々酒造株式会社 (長野県) - http://www.appale.ne.jp/~misuzu/
[57/1376] 🏭 ID 60: EH酒造株式会社 (長野県) - http://www.eh-shuzo.com/
    ✨ [新規SKU抽出] 純米大吟醸 どん蔵 [純米大吟醸酒] (米: 国産米, 精米: 非公開)
    ✨ [新規SKU抽出] 大吟醸 鬼かん [大吟醸酒] (米: 国産米, 精米: 非公開)
    ✨ [新規SKU抽出] 酔園　幻の酒ブルー（純米吟醸） [純米吟醸酒] (米: 国産米, 精米: 非公開)
    ✨ [新規SKU抽出] 大吟醸 男の涙 [大吟醸酒] (米: 国産米, 精米: 非公開)
    ✨ [新規SKU抽出] 深江蔵（無濾過純米吟醸） [純米吟醸酒] (米: 国産米, 精米: 非公開)
    ✨ [新規SKU抽出] 雪乃酒（吟醸にごり） [吟醸酒] (米: 国産米, 精米: 非公開)
    ✨ [新規SKU抽出] 舞い降りる雪にも似た、きれいなにごり酒。 [普通酒] (米: 国産米, 精米: 非公開)
    ✨ [新規SKU抽出] 酔園 純米大吟醸 金紋錦 [純米大吟醸酒] (米: 金紋錦, 精米: 非公開)
    ✨ [新規SKU抽出] 少量仕込みの贅沢な純米大吟醸。 [純米大吟醸酒] (米: 国産米, 精米: 非公開)
    ✨ [新規SKU抽出] 信濃の国酔園 やわ口吟醸 [吟醸酒] (米: 国産米, 精米: 非公開)
    ✨ [新規SKU抽出] 口当たり爽やかな吟醸酒。 [吟醸酒] (米: 国産米, 精米: 非公開)
    ✨ [新規SKU抽出] 味わい重厚なキレのある純米酒。 [純米酒] (米: 国産米, 精米: 非公開)
    ✨ [新規SKU抽出] - 純米大吟醸 どん蔵 [純米大吟醸酒] (米: 国産米, 精米: 非公開)
    ✨ [新規SKU抽出] - 大吟醸 鬼かん [大吟醸酒] (米: 国産米, 精米: 非公開)
    ✨ [新規SKU抽出] - 酔園　幻の酒ブルー（純米吟醸） [純米吟醸酒] (米: 国産米, 精米: 非公開)
    ✨ [新規SKU抽出] - 大吟醸 男の涙 [大吟醸酒] (米: 国産米, 精米: 非公開)
    ✨ [新規SKU抽出] - 深江蔵（無濾過純米吟醸） [純米吟醸酒] (米: 国産米, 精米: 非公開)
    ✨ [新規SKU抽出] - 雪乃酒（吟醸にごり） [吟醸酒] (米: 国産米, 精米: 非公開)
    ✨ [新規SKU抽出] - 酔園 純米大吟醸 金紋錦 [純米大吟醸酒] (米: 金紋錦, 精米: 非公開)
    ✨ [新規SKU抽出] - 信濃の国酔園 やわ口吟醸 [吟醸酒] (米: 国産米, 精米: 非公開)
    ✨ [新規SKU抽出] - 梅酒 [リキュール] (米: 国産米, 精米: 非公開)
    ✨ [新規SKU抽出] 深々と舞い降りる雪の信州安曇野で酒米「ひとごこち」を使用したにごり酒。 [普通酒] (米: 国産米, 精米: 非公開)
  👉 EH酒造株式会社: 22 件の新規SKUを深層クローリングにより追加登録
[58/1376] 🏭 ID 61: 株式会社小野酒造店 (長野県) - http://yoakemae-ono.com/
    ✨ [新規SKU抽出] 新酒発売にごり生酒・生一本しぼりたて生酒　登場！ [普通酒] (米: 国産米, 精米: 非公開)
    ✨ [新規SKU抽出] 新酒発売秋限定酒　ひやおろし　販売開始！ [普通酒] (米: 国産米, 精米: 非公開)
    ✨ [新規SKU抽出] 新酒発売　澄上 純米酒 [純米酒] (米: 国産米, 精米: 非公開)
    ✨ [新規SKU抽出] ■ IWC2026 「夜明け前 大吟醸」がリージョナルトロフィーを受賞 ■ [大吟醸酒] (米: 国産米, 精米: 非公開)
    ✨ [新規SKU抽出] 大吟醸 厳寒仕込 [大吟醸酒] (米: 国産米, 精米: 非公開)
    ✨ [新規SKU抽出] 大吟醸 厳寒仕込生酒 [大吟醸酒] (米: 国産米, 精米: 非公開)
    ✨ [新規SKU抽出] 山田錦 純米大吟醸 [純米大吟醸酒] (米: 山田錦, 精米: 非公開)
    ✨ [新規SKU抽出] 山恵錦 純米大吟醸 [純米大吟醸酒] (米: 国産米, 精米: 非公開)
    ✨ [新規SKU抽出] しぼりたて生 [普通酒] (米: 国産米, 精米: 非公開)
    ✨ [新規SKU抽出] 絹華 純米吟醸 [純米吟醸酒] (米: 国産米, 精米: 非公開)
    ✨ [新規SKU抽出] 酒米ごとに味わう夜明け前の純米酒 [純米酒] (米: 国産米, 精米: 非公開)
    ✨ [新規SKU抽出] 絹華　純米酒 [純米酒] (米: 国産米, 精米: 非公開)
    ✨ [新規SKU抽出] にごり酒 生酒 [普通酒] (米: 国産米, 精米: 非公開)
    ✨ [新規SKU抽出] 江戸時代から続く秋の風物詩「ひやおろし」 [普通酒] (米: 国産米, 精米: 非公開)
    ✨ [新規SKU抽出] 蔵でひと夏寝かせた数量限定「生一本ひやおろし」 [普通酒] (米: 国産米, 精米: 非公開)
    ✨ [新規SKU抽出] 夜明け前を代表する「生一本のしぼりたて生」 [普通酒] (米: 国産米, 精米: 非公開)
    ✨ [新規SKU抽出] 第72回長野県清酒品評会吟醸酒部門県知事賞首席優等賞受賞 [吟醸酒] (米: 国産米, 精米: 非公開)
    ✨ [新規SKU抽出] IWC 大吟醸部門トロフィー [大吟醸酒] (米: 国産米, 精米: 非公開)
    ✨ [新規SKU抽出] 2024IWC・全国金賞受賞酒 大吟醸 [大吟醸酒] (米: 国産米, 精米: 非公開)
    ✨ [新規SKU抽出] にごり酒の「生酒」 [普通酒] (米: 国産米, 精米: 非公開)
  👉 株式会社小野酒造店: 20 件の新規SKUを深層クローリングにより追加登録
[59/1376] 🏭 ID 63: 春日酒造株式会社 (長野県) - https://kasuga-shuzo.co.jp/
    ✨ [新規SKU抽出] 龍游　大吟醸 [大吟醸酒] (米: 国産米, 精米: 非公開)
    ✨ [新規SKU抽出] 井乃頭　純米　無濾過生原酒 [純米酒] (米: 国産米, 精米: 非公開)
    ✨ [新規SKU抽出] 井乃頭　純米吟醸　袋取り無濾過生しずく [純米吟醸酒] (米: 国産米, 精米: 非公開)
    ✨ [新規SKU抽出] 井乃頭　純米　ひやおろし [純米酒] (米: 国産米, 精米: 非公開)
    ✨ [新規SKU抽出] 井乃頭　純米大吟醸　金紋錦39 [純米大吟醸酒] (米: 金紋錦, 精米: 非公開)
    ✨ [新規SKU抽出] 井乃頭　純米大吟醸　山田錦20 [純米大吟醸酒] (米: 山田錦, 精米: 非公開)
    ✨ [新規SKU抽出] 井乃頭　純米大吟醸　雄町50 [純米大吟醸酒] (米: 雄町, 精米: 非公開)
    ✨ [新規SKU抽出] 井乃頭　純米大吟醸　雄町20 [純米大吟醸酒] (米: 雄町, 精米: 非公開)
    ✨ [新規SKU抽出] 井乃頭　純米大吟醸　美山錦 [純米大吟醸酒] (米: 美山錦, 精米: 非公開)
    ✨ [新規SKU抽出] 井乃頭　純米吟醸　美山錦 [純米吟醸酒] (米: 美山錦, 精米: 非公開)
    ✨ [新規SKU抽出] IWC2023にて銀賞を受賞した純米酒です。 [純米酒] (米: 国産米, 精米: 非公開)
    ✨ [新規SKU抽出] 魅力的な純米酒である。 [純米酒] (米: 国産米, 精米: 非公開)
    ✨ [新規SKU抽出] 井乃頭 純米吟醸 袋取り無濾過生しずく - 春日酒造 [純米吟醸酒] (米: 国産米, 精米: 非公開)
    ✨ [新規SKU抽出] 純米酒かす石鹸 [純米酒] (米: 国産米, 精米: 非公開)
    ✨ [新規SKU抽出] ふんわり梅酒サワー [リキュール] (米: 国産米, 精米: 非公開)
    ✨ [新規SKU抽出] 井乃頭 純米大吟醸 金紋錦39 - 春日酒造 [純米大吟醸酒] (米: 金紋錦, 精米: 非公開)
    ✨ [新規SKU抽出] 長野県産金紋錦を39％まで磨いた純米大吟醸です。 [純米大吟醸酒] (米: 金紋錦, 精米: 非公開)
    ✨ [新規SKU抽出] 金紋錦にて醸す純米大吟醸は華やかな香りと豊かな味わいのお酒です。 [純米大吟醸酒] (米: 金紋錦, 精米: 非公開)
    ✨ [新規SKU抽出] 本醸造・原酒 [本醸造酒] (米: 国産米, 精米: 非公開)
    ✨ [新規SKU抽出] 純米酒ハイボール( [純米酒] (米: 国産米, 精米: 非公開)
    ✨ [新規SKU抽出] 龍游大吟醸 金紋錦（化粧箱付） [大吟醸酒] (米: 金紋錦, 精米: 非公開)
    ✨ [新規SKU抽出] 新酒井乃頭　純米吟醸袋取り無濾過生しずく [純米吟醸酒] (米: 国産米, 精米: 非公開)
    ✨ [新規SKU抽出] 井乃頭　純米吟醸　美山錦（長野県産） [純米吟醸酒] (米: 美山錦, 精米: 非公開)
    ✨ [新規SKU抽出] 日本酒仕込みの梅酒 [リキュール] (米: 国産米, 精米: 非公開)
    ✨ [新規SKU抽出] 純米大吟醸仕込み梅酒 [純米大吟醸酒] (米: 国産米, 精米: 非公開)
    ✨ [新規SKU抽出] 大吟醸仕込みうめ酒(化粧箱付) [大吟醸酒] (米: 国産米, 精米: 非公開)
    ✨ [新規SKU抽出] ふんわり梅酒サワー( [リキュール] (米: 国産米, 精米: 非公開)
  👉 春日酒造株式会社: 27 件の新規SKUを深層クローリングにより追加登録
[60/1376] 🏭 ID 64: 合資会社宮島酒店 (長野県) - https://www.miyajima.net/
[61/1376] 🏭 ID 65: 株式会社仙醸 (長野県) - https://www.senjyo.co.jp/
    ✨ [新規SKU抽出] 金賞受賞の純米大吟醸　山恵錦 [純米大吟醸酒] (米: 国産米, 精米: 非公開)
    ✨ [新規SKU抽出] 純米大吟醸 一凛 [純米大吟醸酒] (米: 国産米, 精米: 非公開)
    ✨ [新規SKU抽出] 人気のスパークリング。 [普通酒] (米: 国産米, 精米: 非公開)
    ✨ [新規SKU抽出] 一口に「梅酒」といっても作り方は様々。実はすごく奥が深いのも「梅酒」の魅力。 [リキュール] (米: 国産米, 精米: 非公開)
    ✨ [新規SKU抽出] 究極のスパークリング梅酒！ [リキュール] (米: 国産米, 精米: 非公開)
    ✨ [新規SKU抽出] 黒松仙醸 どぶろく [どぶろく] (米: 国産米, 精米: 非公開)
    ✨ [新規SKU抽出] しぼりたて生原酒「年とり酒」予約受付中 [普通酒] (米: 国産米, 精米: 非公開)
    ✨ [新規SKU抽出] 「どぶろくってこんなにおいしかったの？」と驚きの声が多数。 [どぶろく] (米: 国産米, 精米: 非公開)
    ✨ [新規SKU抽出] 昔ながらの味わいが好きな方も、どぶろくが苦手な女性の方も、 [どぶろく] (米: 国産米, 精米: 非公開)
    ✨ [新規SKU抽出] 蔵元仕込みの米焼酎・梅酒リキュール・スピリッツ。 [リキュール] (米: 国産米, 精米: 非公開)
    ✨ [新規SKU抽出] 仙醸 本格米焼酎 高遠 [本格焼酎] (米: 国産米, 精米: 非公開)
    ✨ [新規SKU抽出] 仙醸 シェリー樽貯蔵米焼酎 高遠 [本格焼酎] (米: 国産米, 精米: 非公開)
    ✨ [新規SKU抽出] 黒松仙醸 梅酒 [リキュール] (米: 国産米, 精米: 非公開)
  👉 株式会社仙醸: 13 件の新規SKUを深層クローリングにより追加登録
[62/1376] 🏭 ID 67: 米澤酒造株式会社 (長野県) - https://www.imanisiki.co.jp/
[63/1376] 🏭 ID 68: 株式会社湯川酒造店 (長野県) - https://yukawabrewery.com/
[64/1376] 🏭 ID 69: 七笑酒造株式会社 (長野県) - http://www.nanawarai.co.jp/
    ✨ [新規SKU抽出] 焼酎・リキュール [リキュール] (米: 国産米, 精米: 非公開)
    ✨ [新規SKU抽出] 大吟醸　銀華 [大吟醸酒] (米: 国産米, 精米: 非公開)
    ✨ [新規SKU抽出] 純米吟醸酒 [純米吟醸酒] (米: 国産米, 精米: 非公開)
    ✨ [新規SKU抽出] 吟醸　木曽路の女 [吟醸酒] (米: 国産米, 精米: 非公開)
    ✨ [新規SKU抽出] 吟醸生原酒　蔵隠し [吟醸酒] (米: 国産米, 精米: 非公開)
    ✨ [新規SKU抽出] 特別純米酒 [特別純米酒] (米: 国産米, 精米: 非公開)
    ✨ [新規SKU抽出] 辛口純米酒 [純米酒] (米: 国産米, 精米: 非公開)
    ✨ [新規SKU抽出] 木曽産美山錦100%使用　純米酒 [純米酒] (米: 美山錦, 精米: 00%)
    ✨ [新規SKU抽出] 辛口本醸造 [本醸造酒] (米: 国産米, 精米: 非公開)
    ✨ [新規SKU抽出] 季節限定純米吟醸 生酒 季節限定夏 [純米吟醸酒] (米: 国産米, 精米: 非公開)
    ✨ [新規SKU抽出] 純米吟醸 生酒 季節限定夏 [純米吟醸酒] (米: 国産米, 精米: 非公開)
    ✨ [新規SKU抽出] 季節限定純米吟醸 ひやおろし 季節限定秋 [純米吟醸酒] (米: 国産米, 精米: 非公開)
    ✨ [新規SKU抽出] 純米吟醸 ひやおろし 季節限定秋 [純米吟醸酒] (米: 国産米, 精米: 非公開)
    ✨ [新規SKU抽出] 季節限定純米吟醸 しぼりたて 季節限定冬 [純米吟醸酒] (米: 国産米, 精米: 非公開)
    ✨ [新規SKU抽出] 純米吟醸 しぼりたて 季節限定冬 [純米吟醸酒] (米: 国産米, 精米: 非公開)
    ✨ [新規SKU抽出] 季節限定しぼりたて生原酒（冬） [普通酒] (米: 国産米, 精米: 非公開)
    ✨ [新規SKU抽出] しぼりたて生原酒（冬） [普通酒] (米: 国産米, 精米: 非公開)
    ✨ [新規SKU抽出] 数量限定純米無濾過生原酒 [純米酒] (米: 国産米, 精米: 非公開)
    ✨ [新規SKU抽出] 純米無濾過生原酒 [純米酒] (米: 国産米, 精米: 非公開)
    ✨ [新規SKU抽出] にごり生原酒　美醁 [普通酒] (米: 国産米, 精米: 非公開)
    ✨ [新規SKU抽出] 数量限定長期熟成　純米吟醸 [純米吟醸酒] (米: 国産米, 精米: 非公開)
    ✨ [新規SKU抽出] 長期熟成　純米吟醸 [純米吟醸酒] (米: 国産米, 精米: 非公開)
    ✨ [新規SKU抽出] 季節限定しぼりたて720mL  3本セット（冬） [普通酒] (米: 国産米, 精米: 非公開)
    ✨ [新規SKU抽出] しぼりたて720mL  3本セット（冬） [普通酒] (米: 国産米, 精米: 非公開)
    ✨ [新規SKU抽出] 新酒「純米吟醸しぼりたて生原酒」発売！ [純米吟醸酒] (米: 国産米, 精米: 非公開)
    ✨ [新規SKU抽出] 秋の限定酒「ひやおろし」新発売！ [普通酒] (米: 国産米, 精米: 非公開)
    ✨ [新規SKU抽出] 金賞受賞！「純米大吟醸」数量限定で発売 [純米大吟醸酒] (米: 国産米, 精米: 非公開)
    ✨ [新規SKU抽出] 夏の吟醸「吟醸生原酒」新発売！ [吟醸酒] (米: 国産米, 精米: 非公開)
  👉 七笑酒造株式会社: 28 件の新規SKUを深層クローリングにより追加登録
[65/1376] 🏭 ID 70: 株式会社中善酒造店 (長野県) - https://nakanorisan.com/
[66/1376] 🏭 ID 72: 岡崎酒造株式会社 (長野県) - http://www.ueda.ne.jp/~okazaki/
    ✨ [新規SKU抽出] 信州亀齢は、2015年関東信越国税局酒類鑑評会の吟醸部門におきまして、 [吟醸酒] (米: 国産米, 精米: 非公開)
    ✨ [新規SKU抽出] 棚田米の純米吟醸酒と [純米吟醸酒] (米: 国産米, 精米: 非公開)
    ✨ [新規SKU抽出] ひとごこち　純米吟醸 [純米吟醸酒] (米: 国産米, 精米: 非公開)
    ✨ [新規SKU抽出] 無濾過生原酒> [普通酒] (米: 国産米, 精米: 非公開)
    ✨ [新規SKU抽出] 信州亀齢　純米大吟醸　大吟醸 [純米大吟醸酒] (米: 国産米, 精米: 非公開)
    ✨ [新規SKU抽出] 信州亀齢　純米吟醸 [純米吟醸酒] (米: 国産米, 精米: 非公開)
    ✨ [新規SKU抽出] 信州亀齢　純米酒 [純米酒] (米: 国産米, 精米: 非公開)
    ✨ [新規SKU抽出] 美山錦　純米大吟醸 [純米大吟醸酒] (米: 美山錦, 精米: 非公開)
    ✨ [新規SKU抽出] 上品な吟醸香、繊細で透明感のある味わいは極上の逸品です。 [吟醸酒] (米: 国産米, 精米: 非公開)
    ✨ [新規SKU抽出] 金紋錦　純米大吟醸 [純米大吟醸酒] (米: 金紋錦, 精米: 非公開)
    ✨ [新規SKU抽出] 長野県産「金紋錦」を39％まで磨き、杜氏の技術を結集した極上の純米大吟醸。 [純米大吟醸酒] (米: 金紋錦, 精米: 非公開)
    ✨ [新規SKU抽出] 山田錦　純米吟醸 <無濾過生原酒> [純米吟醸酒] (米: 山田錦, 精米: 非公開)
    ✨ [新規SKU抽出] 山田錦　純米吟醸 [純米吟醸酒] (米: 山田錦, 精米: 非公開)
    ✨ [新規SKU抽出] 契約栽培した兵庫県加西市産「山田錦」で仕込んだ純米吟醸。 [純米吟醸酒] (米: 山田錦, 精米: 非公開)
    ✨ [新規SKU抽出] ひとごこち　純米吟醸 <無濾過生原酒> [純米吟醸酒] (米: 国産米, 精米: 非公開)
    ✨ [新規SKU抽出] 長野県産「ひとごこち」で仕込んだ純米吟醸。 [純米吟醸酒] (米: 国産米, 精米: 非公開)
    ✨ [新規SKU抽出] 美山錦　純米吟醸 <無濾過生原酒> [純米吟醸酒] (米: 美山錦, 精米: 非公開)
    ✨ [新規SKU抽出] 長野県産「美山錦」で仕込んだ純米吟醸。 [純米吟醸酒] (米: 美山錦, 精米: 非公開)
    ✨ [新規SKU抽出] 美山錦　特別純米 <無濾過生原酒> [特別純米酒] (米: 美山錦, 精米: 非公開)
    ✨ [新規SKU抽出] 美山錦　特別純米 [特別純米酒] (米: 美山錦, 精米: 非公開)
    ✨ [新規SKU抽出] 長野県産「美山錦」で仕込んだ特別純米酒。 [特別純米酒] (米: 美山錦, 精米: 非公開)
    ✨ [新規SKU抽出] ひとごこち　純米酒 [純米酒] (米: 国産米, 精米: 非公開)
    ✨ [新規SKU抽出] 長野県産「ひとごこち」で仕込んだ定番の純米酒。 [純米酒] (米: 国産米, 精米: 非公開)
    ✨ [新規SKU抽出] 稲倉の棚田産 ひとごこち　純米吟醸 <無濾過生原酒> [純米吟醸酒] (米: 国産米, 精米: 非公開)
    ✨ [新規SKU抽出] 山恵錦　純米吟醸 [純米吟醸酒] (米: 国産米, 精米: 非公開)
    ✨ [新規SKU抽出] 長野県産「山恵錦」で仕込んだ純米吟醸。 [純米吟醸酒] (米: 国産米, 精米: 非公開)
    ✨ [新規SKU抽出] 金紋錦　純米吟醸 [純米吟醸酒] (米: 金紋錦, 精米: 非公開)
    ✨ [新規SKU抽出] 長野県産「金紋錦」で仕込んだ純米吟醸。 [純米吟醸酒] (米: 金紋錦, 精米: 非公開)
    ✨ [新規SKU抽出] 信州亀齢　ひとごこち　純米酒 [純米酒] (米: 国産米, 精米: 非公開)
  👉 岡崎酒造株式会社: 29 件の新規SKUを深層クローリングにより追加登録
[67/1376] 🏭 ID 73: 沓掛酒造株式会社 (長野県) - https://kutsukake-sake.com/
    ✨ [新規SKU抽出] 無量 大吟醸三年熟成原酒 沓掛権右衛門 [大吟醸酒] (米: 国産米, 精米: 非公開)
    ✨ [新規SKU抽出] 福無量 大吟醸三年熟成原酒 [大吟醸酒] (米: 国産米, 精米: 非公開)
    ✨ [新規SKU抽出] 福無量 大吟醸原酒 酣中存真楽 [大吟醸酒] (米: 国産米, 精米: 非公開)
    ✨ [新規SKU抽出] 福無量 大吟醸 [大吟醸酒] (米: 国産米, 精米: 非公開)
    ✨ [新規SKU抽出] 福無量 純米大吟醸 [純米大吟醸酒] (米: 国産米, 精米: 非公開)
    ✨ [新規SKU抽出] 福無量 純米吟醸 [純米吟醸酒] (米: 国産米, 精米: 非公開)
    ✨ [新規SKU抽出] 福無量 吟醸生貯蔵酒 [吟醸酒] (米: 国産米, 精米: 非公開)
    ✨ [新規SKU抽出] 福無量 特別純米酒 郷の舞 [特別純米酒] (米: 国産米, 精米: 非公開)
    ✨ [新規SKU抽出] 福無量 純米酒 [純米酒] (米: 国産米, 精米: 非公開)
    ✨ [新規SKU抽出] 福無量 純米酒「真田幸村 甲冑ラベル」 [純米酒] (米: 国産米, 精米: 非公開)
    ✨ [新規SKU抽出] 福無量 特別純米酒 美山錦 [特別純米酒] (米: 美山錦, 精米: 非公開)
    ✨ [新規SKU抽出] 福無量 本醸造 [本醸造酒] (米: 国産米, 精米: 非公開)
    ✨ [新規SKU抽出] 福無量 本醸造生貯蔵酒 [本醸造酒] (米: 国産米, 精米: 非公開)
    ✨ [新規SKU抽出] リキュール [リキュール] (米: 国産米, 精米: 非公開)
    ✨ [新規SKU抽出] 福無量 しぼりたて生原酒 [普通酒] (米: 国産米, 精米: 非公開)
    ✨ [新規SKU抽出] 福無量 純米吟醸原酒ひやおろし [純米吟醸酒] (米: 国産米, 精米: 非公開)
    ✨ [新規SKU抽出] 福無量 吟醸生貯蔵酒「夏吟醸」 [吟醸酒] (米: 国産米, 精米: 非公開)
    ✨ [新規SKU抽出] 試行錯誤の上、2006年春に商品化した純米吟醸のシリーズです。 [純米吟醸酒] (米: 国産米, 精米: 非公開)
    ✨ [新規SKU抽出] 福無量 純米吟醸 ５９醸シリーズ 2015 [純米吟醸酒] (米: 国産米, 精米: 非公開)
    ✨ [新規SKU抽出] 福無量 純米吟醸 ５９醸シリーズ 2016 [純米吟醸酒] (米: 国産米, 精米: 非公開)
    ✨ [新規SKU抽出] 福無量 純米吟醸 ５９醸シリーズ 2017 [純米吟醸酒] (米: 国産米, 精米: 非公開)
    ✨ [新規SKU抽出] 福無量 純米吟醸 ５９醸シリーズ 2018 [純米吟醸酒] (米: 国産米, 精米: 非公開)
    ✨ [新規SKU抽出] 福無量 純米吟醸 ５９醸シリーズ 2019 [純米吟醸酒] (米: 国産米, 精米: 非公開)
    ✨ [新規SKU抽出] 福無量 純米吟醸 ５９醸シリーズ 2020 [純米吟醸酒] (米: 国産米, 精米: 非公開)
    ✨ [新規SKU抽出] 福無量 純米吟醸 ５９醸シリーズ 2021 [純米吟醸酒] (米: 国産米, 精米: 非公開)
    ✨ [新規SKU抽出] 福無量 純米吟醸 ５９醸シリーズ 2022 [純米吟醸酒] (米: 国産米, 精米: 非公開)
    ✨ [新規SKU抽出] 福無量 大吟醸原酒 [大吟醸酒] (米: 国産米, 精米: 非公開)
    ✨ [新規SKU抽出] しぼりたてのお酒を瓶で囲い氷温貯蔵し、香り高くスッキリとした最高級の贅沢なお酒です。 [普通酒] (米: 国産米, 精米: 非公開)
    ✨ [新規SKU抽出] 福無量 純米吟醸 ５９醸シリーズ [純米吟醸酒] (米: 国産米, 精米: 非公開)
  👉 沓掛酒造株式会社: 29 件の新規SKUを深層クローリングにより追加登録
[68/1376] 🏭 ID 74: 若林醸造株式会社 (長野県) - https://www.tsukiyoshino.com/
[69/1376] 🏭 ID 75: 和田龍酒造株式会社 (長野県) - http://www.wadaryu.com/
    ✨ [新規SKU抽出] 和田龍純米しぼりたて生原酒 [純米酒] (米: 国産米, 精米: 非公開)
    ✨ [新規SKU抽出] 山恵錦純米酒 [純米酒] (米: 国産米, 精米: 非公開)
    ✨ [新規SKU抽出] 美山錦純米酒 [純米酒] (米: 美山錦, 精米: 非公開)
    ✨ [新規SKU抽出] ひとごこち純米酒 [純米酒] (米: 国産米, 精米: 非公開)
    ✨ [新規SKU抽出] 和田龍登水 美山錦純米酒 [純米酒] (米: 美山錦, 精米: 非公開)
    ✨ [新規SKU抽出] 和田龍登水 ひとごこち純米酒 [純米酒] (米: 国産米, 精米: 非公開)
    ✨ [新規SKU抽出] 和田龍登水 山恵錦純米酒 [純米酒] (米: 国産米, 精米: 非公開)
    ✨ [新規SKU抽出] 和田龍 本醸造 [本醸造酒] (米: 国産米, 精米: 非公開)
    ✨ [新規SKU抽出] 本醸造 真田太平記 [本醸造酒] (米: 国産米, 精米: 非公開)
    ✨ [新規SKU抽出] 和田龍　純米酒 [純米酒] (米: 国産米, 精米: 非公開)
    ✨ [新規SKU抽出] 純米搾りたて生原酒 [純米酒] (米: 国産米, 精米: 非公開)
    ✨ [新規SKU抽出] 和田龍　大吟醸 [大吟醸酒] (米: 国産米, 精米: 非公開)
  👉 和田龍酒造株式会社: 12 件の新規SKUを深層クローリングにより追加登録
[70/1376] 🏭 ID 76: 山三酒造株式会社 (長野県) - https://yamasan-sake.jp/
    ✨ [新規SKU抽出] 無濾過生原酒 [普通酒] (米: 国産米, 精米: 非公開)
    ✨ [新規SKU抽出] スパークリング [普通酒] (米: 国産米, 精米: 非公開)
  👉 山三酒造株式会社: 2 件の新規SKUを深層クローリングにより追加登録
[71/1376] 🏭 ID 77: 信州銘醸株式会社 (長野県) - http://www.shinmei-net.com/
    ✨ [新規SKU抽出] 吟醸酒部門・純米吟醸酒部門　ダブル受賞 [純米吟醸酒] (米: 国産米, 精米: 非公開)
    ✨ [新規SKU抽出] 大吟醸 長期熟成酒 [大吟醸酒] (米: 国産米, 精米: 非公開)
    ✨ [新規SKU抽出] リキュール [リキュール] (米: 国産米, 精米: 非公開)
    ✨ [新規SKU抽出] 濃縮熟成純米酒 [純米酒] (米: 国産米, 精米: 非公開)
    ✨ [新規SKU抽出] 大吟醸　八年秘蔵酒 [大吟醸酒] (米: 国産米, 精米: 非公開)
    ✨ [新規SKU抽出] 大吟醸　五年秘蔵酒 [大吟醸酒] (米: 国産米, 精米: 非公開)
    ✨ [新規SKU抽出] 本醸造むろか生酒　12月上旬頃〜2月下旬 [本醸造酒] (米: 国産米, 精米: 非公開)
    ✨ [新規SKU抽出] 純米酒むろか　2月上旬頃〜3月中旬 [純米酒] (米: 国産米, 精米: 非公開)
    ✨ [新規SKU抽出] 日本酒のリキュール [リキュール] (米: 国産米, 精米: 非公開)
    ✨ [新規SKU抽出] 気品のある旨味、フレッシュで爽やかな、ライトタイプの日本酒ベースの梅酒です。 [リキュール] (米: 国産米, 精米: 非公開)
    ✨ [新規SKU抽出] 清酒で仕込んだ梅酒 [リキュール] (米: 国産米, 精米: 非公開)
    ✨ [新規SKU抽出] 気品あふれる大吟醸をお手軽に [大吟醸酒] (米: 国産米, 精米: 非公開)
    ✨ [新規SKU抽出] 厳寒期の吟醸つくりに徹した純米酒の逸品 [吟醸酒] (米: 国産米, 精米: 非公開)
  👉 信州銘醸株式会社: 13 件の新規SKUを深層クローリングにより追加登録
[72/1376] 🏭 ID 78: 花春酒造 株式会社 (福島県) - http://www.hanaharu.co.jp/
    ✨ [新規SKU抽出] 純米大吟醸 山田錦 磨き40 [純米大吟醸酒] (米: 山田錦, 精米: 非公開)
    ✨ [新規SKU抽出] 山田錦 大吟醸 [大吟醸酒] (米: 山田錦, 精米: 非公開)
    ✨ [新規SKU抽出] 結芽の奏 純米大吟醸 [純米大吟醸酒] (米: 国産米, 精米: 非公開)
    ✨ [新規SKU抽出] 濃醇純米酒 [純米酒] (米: 国産米, 精米: 非公開)
    ✨ [新規SKU抽出] 辛口純米酒 [純米酒] (米: 国産米, 精米: 非公開)
    ✨ [新規SKU抽出] にごり酒 [普通酒] (米: 国産米, 精米: 非公開)
    ✨ [新規SKU抽出] 会津のにごり 純米吟醸 [純米吟醸酒] (米: 国産米, 精米: 非公開)
    ✨ [新規SKU抽出] 夏に楽しむ、涼やかな一杯。夏酒大吟醸 発売中。 [大吟醸酒] (米: 国産米, 精米: 非公開)
    ✨ [新規SKU抽出] 結芽の奏　純米大吟醸 [純米大吟醸酒] (米: 国産米, 精米: 非公開)
    ✨ [新規SKU抽出] 会津のにごり純米吟醸 - 花春酒造オフィシャルサイト [純米吟醸酒] (米: 国産米, 精米: 非公開)
    ✨ [新規SKU抽出] 辛口純米酒 - 花春酒造オフィシャルサイト [純米酒] (米: 国産米, 精米: 非公開)
  👉 花春酒造 株式会社: 11 件の新規SKUを深層クローリングにより追加登録
[73/1376] 🏭 ID 79: 千駒酒造 株式会社 (福島県) - http://www.senkoma-shuzou.co.jp/
    ✨ [新規SKU抽出] －大吟醸原酒　金賞受賞酒－ [大吟醸酒] (米: 国産米, 精米: 非公開)
    ✨ [新規SKU抽出] －純米大吟醸　遖　APPARE 金賞受賞酒－ [純米大吟醸酒] (米: 国産米, 精米: 非公開)
    ✨ [新規SKU抽出] 兄弟が醸す進化系辛口純米酒。遂に発売。 [純米酒] (米: 国産米, 精米: 非公開)
  👉 千駒酒造 株式会社: 3 件の新規SKUを深層クローリングにより追加登録
[74/1376] 🏭 ID 80: 鶴乃江酒造 株式会社 (福島県) - https://tsurunoe.com/
[75/1376] 🏭 ID 81: 合資会社 喜多の華酒造場 (福島県) - http://www.kitano87.jp/
    ✨ [新規SKU抽出] 無濾過生原酒 星自慢 [普通酒] (米: 国産米, 精米: 非公開)
    ✨ [新規SKU抽出] 特別純米酒 [特別純米酒] (米: 国産米, 精米: 非公開)
    ✨ [新規SKU抽出] 本醸造 雪の香 [本醸造酒] (米: 国産米, 精米: 非公開)
    ✨ [新規SKU抽出] 本醸造 祝 [本醸造酒] (米: 国産米, 精米: 非公開)
    ✨ [新規SKU抽出] しぼりたて 生原酒 [普通酒] (米: 国産米, 精米: 非公開)
    ✨ [新規SKU抽出] 大吟醸　きたのはな – 喜多の華酒造 [大吟醸酒] (米: 国産米, 精米: 非公開)
    ✨ [新規SKU抽出] 大吟醸　きたのはな [大吟醸酒] (米: 国産米, 精米: 非公開)
    ✨ [新規SKU抽出] 大吟醸きたのはな [大吟醸酒] (米: 国産米, 精米: 非公開)
    ✨ [新規SKU抽出] しぼりたて 生原酒 – 喜多の華酒造 [普通酒] (米: 国産米, 精米: 非公開)
    ✨ [新規SKU抽出] 純米吟醸　蔵太鼓（中汲み） – 喜多の華酒造 [純米吟醸酒] (米: 国産米, 精米: 非公開)
    ✨ [新規SKU抽出] 純米吟醸　蔵太鼓（中汲み） [純米吟醸酒] (米: 国産米, 精米: 非公開)
    ✨ [新規SKU抽出] 純米吟醸 蔵太鼓（中汲み） [純米吟醸酒] (米: 国産米, 精米: 非公開)
    ✨ [新規SKU抽出] 円やかな旨みで切れ味の良い純米酒。幅広く料理の味を受け止めます。爛がオススメ。 [純米酒] (米: 国産米, 精米: 非公開)
  👉 合資会社 喜多の華酒造場: 13 件の新規SKUを深層クローリングにより追加登録
[76/1376] 🏭 ID 82: 合名会社 大木代吉本店 (福島県) - https://www.daikichi-sizengo.co.jp/
    ✨ [新規SKU抽出] リキュール [リキュール] (米: 国産米, 精米: 非公開)
    ✨ [新規SKU抽出] GOLD受賞　　純米酒部門　　楽器正宗 純醸 [純米酒] (米: 国産米, 精米: 非公開)
    ✨ [新規SKU抽出] SILVER受賞　純米吟醸部門　楽器正宗 山田錦中取り [純米吟醸酒] (米: 山田錦, 精米: 非公開)
    ✨ [新規SKU抽出] 純米吟醸部門　楽器正宗 愛山中取り [純米吟醸酒] (米: 愛山, 精米: 非公開)
    ✨ [新規SKU抽出] GOLD受賞　　純米酒部門　　自然郷芳醇純米 [純米酒] (米: 国産米, 精米: 非公開)
    ✨ [新規SKU抽出] SILVER受賞　純米吟醸部門　自然郷SEVEN [純米吟醸酒] (米: 国産米, 精米: 非公開)
  👉 合名会社 大木代吉本店: 6 件の新規SKUを深層クローリングにより追加登録
[77/1376] 🏭 ID 83: 合資会社 辰泉酒造 (福島県) - http://tatsuizumi.co.jp
[78/1376] 🏭 ID 84: 合名会社 大谷忠吉本店 (福島県) - http://www.hakuyou.co.jp/
[79/1376] 🏭 ID 85: 有限会社 金水晶酒造店 (福島県) - http://www.kinsuisho.com
[80/1376] 🏭 ID 86: 奥の松酒造 株式会社 (福島県) - https://okunomatsu.co.jp/
[81/1376] 🏭 ID 88: 有限会社 佐藤酒造店 (福島県) - https://satoushuzouten.jp/
    ✨ [新規SKU抽出] 藤乃井　大吟醸 [大吟醸酒] (米: 国産米, 精米: 非公開)
    ✨ [新規SKU抽出] 藤乃井　純米大吟醸 [純米大吟醸酒] (米: 国産米, 精米: 非公開)
    ✨ [新規SKU抽出] みちのく地酒 純米酒 [純米酒] (米: 国産米, 精米: 非公開)
    ✨ [新規SKU抽出] みちのく地酒　純米酒 [純米酒] (米: 国産米, 精米: 非公開)
  👉 有限会社 佐藤酒造店: 4 件の新規SKUを深層クローリングにより追加登録
[82/1376] 🏭 ID 89: 開当男山酒造 (福島県) - http://otokoyama.jp/
    ✨ [新規SKU抽出] にごり酒 [普通酒] (米: 国産米, 精米: 非公開)
  👉 開当男山酒造: 1 件の新規SKUを深層クローリングにより追加登録
[83/1376] 🏭 ID 90: 有限会社 渡辺酒造本店 (福島県) - http://www.yukikomachi.co.jp
[85/1376] 🏭 ID 92: 若関酒造 株式会社 (福島県) - http://www.sake-koriyama.com/wakazeki.html
[86/1376] 🏭 ID 93: 夢心酒造 株式会社 (福島県) - http://www.yumegokoro.com/
[87/1376] 🏭 ID 94: 株式会社 矢澤酒造店 (福島県) - http://www.yazawashuzo.co.jp/
    ✨ [新規SKU抽出] 純米大吟醸酒（36-50%）部門 金賞 「純米大吟醸 白孔雀 BY 2025」 [純米大吟醸酒] (米: 国産米, 精米: 50%)
    ✨ [新規SKU抽出] 純米大吟醸部門 ゴールド賞 「純米大吟醸 白孔雀 BY 2023」 [純米大吟醸酒] (米: 国産米, 精米: 非公開)
    ✨ [新規SKU抽出] 純米酒の部 金賞 「純米大吟醸 白孔雀 BY 2023」 [純米大吟醸酒] (米: 国産米, 精米: 非公開)
    ✨ [新規SKU抽出] 純米大吟醸部門 シルバー賞 「純米大吟醸 白孔雀 BY 2022」 [純米大吟醸酒] (米: 国産米, 精米: 非公開)
    ✨ [新規SKU抽出] 純米酒の部 優等賞 「純米大吟醸 白孔雀 BY 2022」 [純米大吟醸酒] (米: 国産米, 精米: 非公開)
    ✨ [新規SKU抽出] 第16回インターナショナル・サケ・チャレンジの大吟醸部門でブロンズ賞を受賞しました。 [大吟醸酒] (米: 国産米, 精米: 非公開)
    ✨ [新規SKU抽出] 大吟醸部門 ブロンズ賞 「大吟醸酒 月と虹（Moonbow） BY 2021」 [大吟醸酒] (米: 国産米, 精米: 非公開)
    ✨ [新規SKU抽出] 吟醸酒の部 金賞 「大吟醸酒 月と虹（Moonbow） BY 2021」 [大吟醸酒] (米: 国産米, 精米: 非公開)
    ✨ [新規SKU抽出] 大吟醸部門 ブロンズ賞 「大吟醸酒 月と虹（Moonbow） BY 2022」 [大吟醸酒] (米: 国産米, 精米: 非公開)
    ✨ [新規SKU抽出] 吟醸酒の部 優等賞 「大吟醸酒 月と虹 BY 2022」 [大吟醸酒] (米: 国産米, 精米: 非公開)
    ✨ [新規SKU抽出] TROPHY 最優秀純米大吟醸酒 「純米大吟醸 白孔雀 BY 2020」 [純米大吟醸酒] (米: 国産米, 精米: 非公開)
    ✨ [新規SKU抽出] 「南郷 純米酒」を推薦してくださいました。 [純米酒] (米: 国産米, 精米: 非公開)
    ✨ [新規SKU抽出] 純米酒の部 優等賞 「純米大吟醸 白孔雀 BY 2020」 [純米大吟醸酒] (米: 国産米, 精米: 非公開)
    ✨ [新規SKU抽出] 純米酒の部 金賞 「純米大吟醸 白孔雀 BY 2020」 [純米大吟醸酒] (米: 国産米, 精米: 非公開)
    ✨ [新規SKU抽出] 吟醸酒の部 優等賞 「大吟醸酒 月と虹 BY 2019」 [大吟醸酒] (米: 国産米, 精米: 非公開)
    ✨ [新規SKU抽出] 「純米大吟醸 白孔雀」 [純米大吟醸酒] (米: 国産米, 精米: 非公開)
    ✨ [新規SKU抽出] 超辛口純米吟醸酒『天狼の宙』 [純米吟醸酒] (米: 国産米, 精米: 非公開)
    ✨ [新規SKU抽出] 華やかな香と　極めてドライな酒質が楽しめる　超辛口純米酒。 [純米酒] (米: 国産米, 精米: 非公開)
    ✨ [新規SKU抽出] 生詰吟醸酒『薄紅葉』 [吟醸酒] (米: 国産米, 精米: 非公開)
    ✨ [新規SKU抽出] 生詰吟醸酒『薄紅葉』(うすもみじ) [吟醸酒] (米: 国産米, 精米: 非公開)
    ✨ [新規SKU抽出] 受賞酒 純米大吟醸 白孔雀 BY2025 [純米大吟醸酒] (米: 国産米, 精米: 非公開)
    ✨ [新規SKU抽出] 受賞酒　大吟醸酒　月と虹 BY2025 [大吟醸酒] (米: 国産米, 精米: 非公開)
    ✨ [新規SKU抽出] 受賞酒　大吟醸酒　月と虹 BY2021, 2025 [大吟醸酒] (米: 国産米, 精米: 非公開)
    ✨ [新規SKU抽出] 大吟醸酒　月と虹 [大吟醸酒] (米: 国産米, 精米: 非公開)
    ✨ [新規SKU抽出] 南郷 吟醸 無濾過原酒 [吟醸酒] (米: 国産米, 精米: 非公開)
    ✨ [新規SKU抽出] 吟醸酒（無濾過原酒） [吟醸酒] (米: 国産米, 精米: 非公開)
    ✨ [新規SKU抽出] 純米大吟醸 白孔雀 [純米大吟醸酒] (米: 国産米, 精米: 非公開)
    ✨ [新規SKU抽出] 特別純米酒 銀箭 [特別純米酒] (米: 国産米, 精米: 非公開)
    ✨ [新規SKU抽出] 特別純米酒(無濾過生原酒) [特別純米酒] (米: 国産米, 精米: 非公開)
    ✨ [新規SKU抽出] 南郷 純米吟醸 無濾過原酒 [純米吟醸酒] (米: 国産米, 精米: 非公開)
    ✨ [新規SKU抽出] 純米吟醸酒（無濾過原酒） [純米吟醸酒] (米: 国産米, 精米: 非公開)
    ✨ [新規SKU抽出] 南郷 大吟醸 [大吟醸酒] (米: 国産米, 精米: 非公開)
    ✨ [新規SKU抽出] 南郷 吟醸 つう [吟醸酒] (米: 国産米, 精米: 非公開)
    ✨ [新規SKU抽出] 南郷 純米吟醸 うらら [純米吟醸酒] (米: 国産米, 精米: 非公開)
    ✨ [新規SKU抽出] 南郷　純米吟醸　うらら [純米吟醸酒] (米: 国産米, 精米: 非公開)
    ✨ [新規SKU抽出] 南郷 純米酒 [純米酒] (米: 国産米, 精米: 非公開)
    ✨ [新規SKU抽出] 南郷 本醸造酒 [本醸造酒] (米: 国産米, 精米: 非公開)
    ✨ [新規SKU抽出] 純米酒（しぼりたて生酒） [純米酒] (米: 国産米, 精米: 非公開)
    ✨ [新規SKU抽出] 南郷 吟醸 生 [吟醸酒] (米: 国産米, 精米: 非公開)
    ✨ [新規SKU抽出] 南郷 ひやおろし 生詰酒 [普通酒] (米: 国産米, 精米: 非公開)
    ✨ [新規SKU抽出] 特別本醸造酒 （生詰） [特別本醸造酒] (米: 国産米, 精米: 非公開)
    ✨ [新規SKU抽出] 『うらら』、『銀箭』、『純米酒』、『佳僎』をお使い頂いています。 [純米酒] (米: 国産米, 精米: 非公開)
    ✨ [新規SKU抽出] 『純米酒』 をお使い頂いています。 [純米酒] (米: 国産米, 精米: 非公開)
    ✨ [新規SKU抽出] 『純米酒』、『こんるり』 をお使い頂いています。 [純米酒] (米: 国産米, 精米: 非公開)
    ✨ [新規SKU抽出] 『うらら』、『純米酒』、『佳僎』をお使い頂いています。 [純米酒] (米: 国産米, 精米: 非公開)
  👉 株式会社 矢澤酒造店: 45 件の新規SKUを深層クローリングにより追加登録
[88/1376] 🏭 ID 95: 松崎酒造 株式会社 (福島県) - http://matsuzakisyuzo.com/
    ✨ [新規SKU抽出] 廣戸川 純米大吟醸 [純米大吟醸酒] (米: 国産米, 精米: 非公開)
    ✨ [新規SKU抽出] 廣戸川 純米吟醸 生酒 [純米吟醸酒] (米: 国産米, 精米: 非公開)
  👉 松崎酒造 株式会社: 2 件の新規SKUを深層クローリングにより追加登録
[89/1376] 🏭 ID 96: 天鏡株式会社 (福島県) - https://www.tenkyo.jp/
    ✨ [新規SKU抽出] 榮四郎第107回南部杜氏自醸清酒鑑評会 純米酒の部　優等賞受賞のお知らせ [純米酒] (米: 国産米, 精米: 非公開)
  👉 天鏡株式会社: 1 件の新規SKUを深層クローリングにより追加登録
[90/1376] 🏭 ID 97: 豊国酒造 合資会社 (福島県) - http://azuma-toyokuni.com/
    ✨ [新規SKU抽出] 無濾過生原酒 [普通酒] (米: 国産米, 精米: 非公開)
    ✨ [新規SKU抽出] 純米吟醸酒 [純米吟醸酒] (米: 国産米, 精米: 非公開)
    ✨ [新規SKU抽出] 辛口純米酒 [純米酒] (米: 国産米, 精米: 非公開)
    ✨ [新規SKU抽出] 本醸造 東豊國 [本醸造酒] (米: 国産米, 精米: 非公開)
    ✨ [新規SKU抽出] 辛口純米酒 超 | 豊国酒造合資会社 [純米酒] (米: 国産米, 精米: 非公開)
    ✨ [新規SKU抽出] 辛口純米酒 超 [純米酒] (米: 国産米, 精米: 非公開)
    ✨ [新規SKU抽出] 純米酒 超 | 豊国酒造合資会社 [純米酒] (米: 国産米, 精米: 非公開)
    ✨ [新規SKU抽出] 純米酒 超 [純米酒] (米: 国産米, 精米: 非公開)
    ✨ [新規SKU抽出] 一歩己 無濾過生原酒 | 豊国酒造合資会社 [普通酒] (米: 国産米, 精米: 非公開)
    ✨ [新規SKU抽出] 一歩己 無濾過生原酒 [普通酒] (米: 国産米, 精米: 非公開)
  👉 豊国酒造 合資会社: 10 件の新規SKUを深層クローリングにより追加登録
[91/1376] 🏭 ID 98: 大七酒造 株式会社 (福島県) - https://www.daishichi.com
    ✨ [新規SKU抽出] 高級純米酒の追求 [純米酒] (米: 国産米, 精米: 非公開)
    ✨ [新規SKU抽出] 生酛造り [普通酒] (米: 国産米, 精米: 非公開)
    ✨ [新規SKU抽出] 生酛の味わい、香り、そして燗の愉しみ [普通酒] (米: 国産米, 精米: 非公開)
    ✨ [新規SKU抽出] 生酛梅酒 [リキュール] (米: 国産米, 精米: 非公開)
    ✨ [新規SKU抽出] 本醸生酛 [普通酒] (米: 国産米, 精米: 非公開)
    ✨ [新規SKU抽出] 5.高級純米酒の追求 [純米酒] (米: 国産米, 精米: 非公開)
    ✨ [新規SKU抽出] 純米生酛CLASSIC｜生もと造りの日本酒｜日本酒なら大七酒造 [純米酒] (米: 国産米, 精米: 非公開)
    ✨ [新規SKU抽出] “高級純米酒”という新ジャンルの創設 [純米酒] (米: 国産米, 精米: 非公開)
    ✨ [新規SKU抽出] ●生酛梅酒 [リキュール] (米: 国産米, 精米: 非公開)
    ✨ [新規SKU抽出] ●純米生酛 ( [純米酒] (米: 国産米, 精米: 非公開)
    ✨ [新規SKU抽出] ●生酛梅酒 ( [リキュール] (米: 国産米, 精米: 非公開)
  👉 大七酒造 株式会社: 11 件の新規SKUを深層クローリングにより追加登録
[92/1376] 🏭 ID 99: 合資会社 稲川酒造店 (福島県) - http://www.sake-inagawa.com
[93/1376] 🏭 ID 100: 太平桜酒造 合資会社 (福島県) - http://www.sake-iwaki.com
[94/1376] 🏭 ID 101: 小原酒造 株式会社 (福島県) - http://www.oharashuzo.co.jp
    ✨ [新規SKU抽出] 喜多方花でおもてなしでその時のおすすめの純米吟醸を [純米吟醸酒] (米: 国産米, 精米: 非公開)
    ✨ [新規SKU抽出] 大吟醸純米 交響曲　蔵粋 [大吟醸酒] (米: 国産米, 精米: 非公開)
    ✨ [新規SKU抽出] 再生　純米吟醸無濾過720ｍｌ [純米吟醸酒] (米: 国産米, 精米: 非公開)
    ✨ [新規SKU抽出] 國光 純米酒 [純米酒] (米: 国産米, 精米: 非公開)
    ✨ [新規SKU抽出] 純米大吟醸管弦楽蔵粋７２０ｍｌ　3190円 [純米大吟醸酒] (米: 国産米, 精米: 非公開)
    ✨ [新規SKU抽出] 純米吟醸無濾過再生　７２０ｍｌ　1960円 [純米吟醸酒] (米: 国産米, 精米: 非公開)
    ✨ [新規SKU抽出] 大吟醸交響曲　蔵粋 [大吟醸酒] (米: 国産米, 精米: 非公開)
    ✨ [新規SKU抽出] 兵庫県産の酒造好適米山田錦４０％精米の鑑評会用の大吟醸純米。 [大吟醸酒] (米: 山田錦, 精米: 非公開)
    ✨ [新規SKU抽出] 2008年　第26回　全国酒類コンクール吟醸・大吟醸部門　第3位 [大吟醸酒] (米: 国産米, 精米: 非公開)
    ✨ [新規SKU抽出] 特選街主催第26回　全国日本酒コンテスト　大吟醸酒部門第3位受賞 [大吟醸酒] (米: 国産米, 精米: 非公開)
    ✨ [新規SKU抽出] 純米生詰ひやおろしくらしっく [純米酒] (米: 国産米, 精米: 非公開)
    ✨ [新規SKU抽出] 大吟醸純米 一回火入　マエストロ５００ｍｌ詰 [大吟醸酒] (米: 国産米, 精米: 非公開)
    ✨ [新規SKU抽出] 大吟醸酒粕８００ｇ [大吟醸酒] (米: 国産米, 精米: 非公開)
    ✨ [新規SKU抽出] 純米吟醸原酒生詰　ひやおろし [純米吟醸酒] (米: 国産米, 精米: 非公開)
    ✨ [新規SKU抽出] 純米吟醸蔵粋原酒生詰　ひやおろし [純米吟醸酒] (米: 国産米, 精米: 非公開)
    ✨ [新規SKU抽出] 大吟醸純米蔵粋　中汲みおり酒　マエストロ　300詰 [大吟醸酒] (米: 国産米, 精米: 非公開)
    ✨ [新規SKU抽出] 國光　純米酒 [純米酒] (米: 国産米, 精米: 非公開)
    ✨ [新規SKU抽出] 国光５０　純米大吟醸むろか [純米大吟醸酒] (米: 国産米, 精米: 非公開)
    ✨ [新規SKU抽出] 純米吟醸　くらしっく　７２０ｍｌ詰 [純米吟醸酒] (米: 国産米, 精米: 非公開)
    ✨ [新規SKU抽出] 大吟醸純米　マエストロ [大吟醸酒] (米: 国産米, 精米: 非公開)
    ✨ [新規SKU抽出] 純米大吟醸　管弦楽 蔵粋 [純米大吟醸酒] (米: 国産米, 精米: 非公開)
    ✨ [新規SKU抽出] 純米大吟醸 管弦楽 蔵粋 [純米大吟醸酒] (米: 国産米, 精米: 非公開)
    ✨ [新規SKU抽出] 純米大吟醸 管弦楽 蔵粋 角200 [純米大吟醸酒] (米: 国産米, 精米: 非公開)
    ✨ [新規SKU抽出] 蔵粋（くらしっく）With Cup 純米大吟醸)　コップ付 [純米大吟醸酒] (米: 国産米, 精米: 非公開)
  👉 小原酒造 株式会社: 24 件の新規SKUを深層クローリングにより追加登録
[95/1376] 🏭 ID 102: 山口 合名会社 (福島県) - http://blog.goo.ne.jp/kaisyuichi
[97/1376] 🏭 ID 104: 株式会社 鈴木酒造店 (福島県) - http://iwakikotobuki-namie.com/
    ✨ [新規SKU抽出] 純米吟醸 『壽こすもす』 [純米吟醸酒] (米: 国産米, 精米: 非公開)
    ✨ [新規SKU抽出] 純米吟醸 しぼりたて『気嵐』 [純米吟醸酒] (米: 国産米, 精米: 非公開)
    ✨ [新規SKU抽出] 純米酒 大漁祝『山吹』 [純米酒] (米: 国産米, 精米: 非公開)
    ✨ [新規SKU抽出] 純米酒 ランナーズハイ [純米酒] (米: 国産米, 精米: 非公開)
    ✨ [新規SKU抽出] 純米酒 『さざなみ』 [純米酒] (米: 国産米, 精米: 非公開)
    ✨ [新規SKU抽出] 純米大吟醸 大漁祝『黄金』 [純米大吟醸酒] (米: 国産米, 精米: 非公開)
    ✨ [新規SKU抽出] 純米酒 大漁祝『山吹』生酒 [純米酒] (米: 国産米, 精米: 非公開)
    ✨ [新規SKU抽出] 純米吟醸 大漁祝『紺碧』生酒 [純米吟醸酒] (米: 国産米, 精米: 非公開)
    ✨ [新規SKU抽出] 純米大吟醸 大漁祝『黄金』 – 鈴木酒造店 浪江蔵 [純米大吟醸酒] (米: 国産米, 精米: 非公開)
    ✨ [新規SKU抽出] 純米大吟醸の香り・シャープな味をお楽しみください。 [純米大吟醸酒] (米: 国産米, 精米: 非公開)
    ✨ [新規SKU抽出] 純米吟醸 大漁祝『紺碧』生酒 – 鈴木酒造店 浪江蔵 [純米吟醸酒] (米: 国産米, 精米: 非公開)
  👉 株式会社 鈴木酒造店: 11 件の新規SKUを深層クローリングにより追加登録
[98/1376] 🏭 ID 105: 有限会社 峰の雪酒造場 (福島県) - http://minenoyuki.com
[99/1376] 🏭 ID 106: 有賀醸造 合資会社 (福島県) - http://arinokawa.net
[100/1376] 🏭 ID 107: 花泉酒造 株式会社 (福島県) - https://hanaizumi.ne.jp/
    ✨ [新規SKU抽出] 数量限定「花泉 熟成純米吟醸酒 蔵元八年熟成」発売中 [純米吟醸酒] (米: 国産米, 精米: 非公開)
    ✨ [新規SKU抽出] 南郷地区限定 『花泉 特別純米酒 一回火入れ』 発売開始 [特別純米酒] (米: 国産米, 精米: 非公開)
    ✨ [新規SKU抽出] 「七ロ万 純米大吟醸 一回火入れ」発売中 [純米大吟醸酒] (米: 国産米, 精米: 非公開)
    ✨ [新規SKU抽出] 「ロ万 純米大吟醸 原酒一回火入れ」発売中 [純米大吟醸酒] (米: 国産米, 精米: 非公開)
    ✨ [新規SKU抽出] ロ万　純米大吟醸　原酒一回火入れ　（福乃香35） [純米大吟醸酒] (米: 国産米, 精米: 非公開)
    ✨ [新規SKU抽出] ロ万　純米大吟醸　生原酒　（福乃香35） [純米大吟醸酒] (米: 国産米, 精米: 非公開)
    ✨ [新規SKU抽出] ロ万　純米大吟醸　福乃香50 [純米大吟醸酒] (米: 国産米, 精米: 非公開)
    ✨ [新規SKU抽出] ロ万　純米吟醸　一回火入れ [純米吟醸酒] (米: 国産米, 精米: 非公開)
    ✨ [新規SKU抽出] ZEロ万　純米吟醸　生酒 [純米吟醸酒] (米: 国産米, 精米: 非公開)
    ✨ [新規SKU抽出] 一ロ万　純米大吟醸　生原酒 [純米大吟醸酒] (米: 国産米, 精米: 非公開)
    ✨ [新規SKU抽出] かすみロ万　純米吟醸　うすにごり生原酒 [純米吟醸酒] (米: 国産米, 精米: 非公開)
    ✨ [新規SKU抽出] やさしいうすにごり酒に、心踊らせてー [普通酒] (米: 国産米, 精米: 非公開)
    ✨ [新規SKU抽出] 花見ロ万　純米吟醸　低アルコール一回火入れ [純米吟醸酒] (米: 国産米, 精米: 非公開)
    ✨ [新規SKU抽出] ロ万 純米吟醸 二回火入れ（通称：「ロ万二火」） [純米吟醸酒] (米: 国産米, 精米: 非公開)
    ✨ [新規SKU抽出] 皐ロ万　純米大吟醸　一回火入れ [純米大吟醸酒] (米: 国産米, 精米: 非公開)
    ✨ [新規SKU抽出] 七ロ万　純米大吟醸　一回火入れ [純米大吟醸酒] (米: 国産米, 精米: 非公開)
    ✨ [新規SKU抽出] 十ロ万　純米大吟醸　一回火入れ [純米大吟醸酒] (米: 国産米, 精米: 非公開)
    ✨ [新規SKU抽出] しもふりロ万　純米吟醸　うすにごり原酒一回火入れ [純米吟醸酒] (米: 国産米, 精米: 非公開)
    ✨ [新規SKU抽出] 蔵で時を重ね、味わい深めた　うすにごり酒 [普通酒] (米: 国産米, 精米: 非公開)
    ✨ [新規SKU抽出] 南郷地区限定 『花泉 特別純米酒 一回火入れ』 発売中 [特別純米酒] (米: 国産米, 精米: 非公開)
    ✨ [新規SKU抽出] 29BY「純米にごり酒」出荷致しました [純米酒] (米: 国産米, 精米: 非公開)
    ✨ [新規SKU抽出] 南郷地域限定「特別純米生原酒」を地元特約店の皆様と準備し出荷致しました。 [特別純米酒] (米: 国産米, 精米: 非公開)
    ✨ [新規SKU抽出] 特別純米酒のラベルをリニューアル致しました [特別純米酒] (米: 国産米, 精米: 非公開)
    ✨ [新規SKU抽出] 花泉「純米にごり酒」出荷致しました [純米酒] (米: 国産米, 精米: 非公開)
    ✨ [新規SKU抽出] 南郷地区限定「特別純米生原酒」を地元特約店の皆様と準備し、発売となりました [特別純米酒] (米: 国産米, 精米: 非公開)
    ✨ [新規SKU抽出] 南郷地区限定「花泉 吟醸生原酒」発売 [吟醸酒] (米: 国産米, 精米: 非公開)
    ✨ [新規SKU抽出] 2019BY花泉「純米にごり酒」出荷開始 [純米酒] (米: 国産米, 精米: 非公開)
    ✨ [新規SKU抽出] 南郷地区限定「純米吟醸生原酒」を地元特約店の皆様と準備し、発売となりました [純米吟醸酒] (米: 国産米, 精米: 非公開)
    ✨ [新規SKU抽出] 2020酒造年度醸造「純米にごり酒」「ZEロ万１．８L」出荷開始 [純米酒] (米: 国産米, 精米: 非公開)
    ✨ [新規SKU抽出] 南郷地区限定「純米吟醸生原酒」発売となりました [純米吟醸酒] (米: 国産米, 精米: 非公開)
    ✨ [新規SKU抽出] 新商品「ロ万　純米大吟醸　生原酒」の出荷を開始致しました。 [純米大吟醸酒] (米: 国産米, 精米: 非公開)
    ✨ [新規SKU抽出] 花泉 稲穂シリーズ「熟成純米酒 蔵元八年熟成」出荷開始 [純米酒] (米: 国産米, 精米: 非公開)
    ✨ [新規SKU抽出] 2022BY「花泉 純米吟醸にごり酒」出荷開始 [純米吟醸酒] (米: 国産米, 精米: 非公開)
    ✨ [新規SKU抽出] 2022BY「ロ万 純米大吟醸 生原酒」発売中 [純米大吟醸酒] (米: 国産米, 精米: 非公開)
    ✨ [新規SKU抽出] 「十ロ万」知事賞受賞、「ロ万 純米大吟醸」金賞受賞のご報告と御礼（福島県春季鑑評会） [純米大吟醸酒] (米: 国産米, 精米: 非公開)
    ✨ [新規SKU抽出] 2022BY「ロ万 純米大吟醸 原酒一回火入れ」発売開始 [純米大吟醸酒] (米: 国産米, 精米: 非公開)
    ✨ [新規SKU抽出] 全国新酒鑑評会「ロ万 純米大吟醸」入賞のご報告と御礼 [純米大吟醸酒] (米: 国産米, 精米: 非公開)
    ✨ [新規SKU抽出] 新商品2022BY「ロ万 純米大吟醸 福乃香50」発売開始 [純米大吟醸酒] (米: 国産米, 精米: 非公開)
    ✨ [新規SKU抽出] 福島民報、福島民友にて、新商品「ロ万 純米大吟醸 福乃香50」掲載 [純米大吟醸酒] (米: 国産米, 精米: 非公開)
    ✨ [新規SKU抽出] 「ロ万 純米大吟醸 生原酒」発売中です [純米大吟醸酒] (米: 国産米, 精米: 非公開)
    ✨ [新規SKU抽出] 「ロ万 純米吟醸 二回火入れ」発売中です [純米吟醸酒] (米: 国産米, 精米: 非公開)
    ✨ [新規SKU抽出] 「ロ万 純米大吟醸 福乃香50」発売中です [純米大吟醸酒] (米: 国産米, 精米: 非公開)
    ✨ [新規SKU抽出] 「皐ロ万 純米大吟醸 一回火入れ」発売中です [純米大吟醸酒] (米: 国産米, 精米: 非公開)
    ✨ [新規SKU抽出] 「南郷地区限定 『花泉 純米吟醸生原酒』 発売中です！」 [純米吟醸酒] (米: 国産米, 精米: 非公開)
    ✨ [新規SKU抽出] 「十ロ万 純米大吟醸 一回火入れ」発売中です！ [純米大吟醸酒] (米: 国産米, 精米: 非公開)
    ✨ [新規SKU抽出] 「しもふりロ万 純米吟醸 うすにごり原酒一回火入れ」発売中です！ [純米吟醸酒] (米: 国産米, 精米: 非公開)
    ✨ [新規SKU抽出] 2024BY 新酒「花泉 純米吟醸にごり酒」発売中です！ [純米吟醸酒] (米: 国産米, 精米: 非公開)
    ✨ [新規SKU抽出] ロ万シリーズ新酒第一弾！「ZEロ万 純米吟醸 生酒」発売中です！ [純米吟醸酒] (米: 国産米, 精米: 非公開)
    ✨ [新規SKU抽出] 「一ロ万 純米大吟醸 生原酒」発売中です！ [純米大吟醸酒] (米: 国産米, 精米: 非公開)
    ✨ [新規SKU抽出] 冬の地元限定酒「花泉 大吟醸生原酒」発売中です！ [大吟醸酒] (米: 国産米, 精米: 非公開)
    ✨ [新規SKU抽出] 2024BY「ロ万 純米大吟醸 生原酒」発売中です！ [純米大吟醸酒] (米: 国産米, 精米: 非公開)
    ✨ [新規SKU抽出] 「ロ万 純米大吟醸 福乃香50」発売中です！ [純米大吟醸酒] (米: 国産米, 精米: 非公開)
    ✨ [新規SKU抽出] 全国新酒鑑評会「ロ万 純米大吟醸」金賞受賞のご報告と御礼 [純米大吟醸酒] (米: 国産米, 精米: 非公開)
    ✨ [新規SKU抽出] 2024BY「ロ万 純米大吟醸 原酒一回火入れ」（福乃香35）発売中 [純米大吟醸酒] (米: 国産米, 精米: 非公開)
    ✨ [新規SKU抽出] 2024BY「七ロ万 純米大吟醸 一回火入れ」発売中 [純米大吟醸酒] (米: 国産米, 精米: 非公開)
    ✨ [新規SKU抽出] 夏にぴったり「花泉 吟醸酒」発売中です [吟醸酒] (米: 国産米, 精米: 非公開)
    ✨ [新規SKU抽出] 吟醸酒と純米吟醸酒の違いとは？ [純米吟醸酒] (米: 国産米, 精米: 非公開)
    ✨ [新規SKU抽出] 2024BY「十ロ万 純米大吟醸 一回火入れ」発売中 [純米大吟醸酒] (米: 国産米, 精米: 非公開)
    ✨ [新規SKU抽出] 2024BY「しもふりロ万 純米吟醸 うすにごり原酒一回火入れ」発売中 [純米吟醸酒] (米: 国産米, 精米: 非公開)
    ✨ [新規SKU抽出] 新酒「花泉 純米吟醸にごり酒」発売中！ [純米吟醸酒] (米: 国産米, 精米: 非公開)
    ✨ [新規SKU抽出] 新酒「ZEロ万 純米吟醸 生酒」発売開始！ [純米吟醸酒] (米: 国産米, 精米: 非公開)
    ✨ [新規SKU抽出] 新酒「一ロ万 純米大吟醸 生原酒」発売開始 [純米大吟醸酒] (米: 国産米, 精米: 非公開)
    ✨ [新規SKU抽出] 「かすみロ万 純米吟醸 うすにごり生原酒」発売開始 [純米吟醸酒] (米: 国産米, 精米: 非公開)
    ✨ [新規SKU抽出] 「花見ロ万 純米吟醸 低アルコール一回火入れ」発売開始 [純米吟醸酒] (米: 国産米, 精米: 非公開)
    ✨ [新規SKU抽出] 「ロ万　純米大吟醸　生原酒」発売開始 [純米大吟醸酒] (米: 国産米, 精米: 非公開)
    ✨ [新規SKU抽出] 「ロ万 純米大吟醸 福乃香50」発売開始 [純米大吟醸酒] (米: 国産米, 精米: 非公開)
    ✨ [新規SKU抽出] 「ロ万 純米吟醸 二回火入れ」発売中 [純米吟醸酒] (米: 国産米, 精米: 非公開)
    ✨ [新規SKU抽出] 「皐ロ万 純米大吟醸 一回火入れ」発売中 [純米大吟醸酒] (米: 国産米, 精米: 非公開)
    ✨ [新規SKU抽出] 「といのくち」（本醸造生原酒） [本醸造酒] (米: 国産米, 精米: 非公開)
    ✨ [新規SKU抽出] 「純米酒」 [純米酒] (米: 国産米, 精米: 非公開)
    ✨ [新規SKU抽出] 「本醸造　辛口」 [本醸造酒] (米: 国産米, 精米: 非公開)
    ✨ [新規SKU抽出] 「本醸造　原酒」 [本醸造酒] (米: 国産米, 精米: 非公開)
    ✨ [新規SKU抽出] 「本醸造」 [本醸造酒] (米: 国産米, 精米: 非公開)
    ✨ [新規SKU抽出] 「瑞祥 花泉」（本醸造） [本醸造酒] (米: 国産米, 精米: 非公開)
    ✨ [新規SKU抽出] 「花泉 純米吟醸にごり酒」 [純米吟醸酒] (米: 国産米, 精米: 非公開)
    ✨ [新規SKU抽出] 「花泉 特別純米酒」 [特別純米酒] (米: 国産米, 精米: 非公開)
    ✨ [新規SKU抽出] 「花泉  吟醸酒」 [吟醸酒] (米: 国産米, 精米: 非公開)
    ✨ [新規SKU抽出] 「花泉  大吟醸酒」 [大吟醸酒] (米: 国産米, 精米: 非公開)
    ✨ [新規SKU抽出] 先日ご紹介したお酒『花泉 吟醸酒』に関連して [吟醸酒] (米: 国産米, 精米: 非公開)
    ✨ [新規SKU抽出] 実はこの「吟醸酒」や「純米吟醸酒」は [純米吟醸酒] (米: 国産米, 精米: 非公開)
    ✨ [新規SKU抽出] 「吟醸酒」や「純米吟醸酒」のほかにも [純米吟醸酒] (米: 国産米, 精米: 非公開)
    ✨ [新規SKU抽出] 「純米酒」「本醸造酒」「大吟醸酒」など [大吟醸酒] (米: 国産米, 精米: 非公開)
    ✨ [新規SKU抽出] 日本酒のラベルに「吟醸酒」「純米酒」などの言葉がある場合、 [吟醸酒] (米: 国産米, 精米: 非公開)
    ✨ [新規SKU抽出] その上で「吟醸酒」と「純米吟醸酒」の違いを簡単にお伝えしますとポイントは３つ✨ [純米吟醸酒] (米: 国産米, 精米: 非公開)
    ✨ [新規SKU抽出] ①「吟醸造り」 [吟醸酒] (米: 国産米, 精米: 非公開)
    ✨ [新規SKU抽出] 吟醸造りとは、吟味して醸造することをいい、 [吟醸酒] (米: 国産米, 精米: 非公開)
    ✨ [新規SKU抽出] 吟醸造りで醸造され、かつ、使用されるお米の精米歩合が60％以下の場合に [吟醸酒] (米: 国産米, 精米: 非公開)
    ✨ [新規SKU抽出] 「吟醸」を名乗ることが出来ます。 [吟醸酒] (米: 国産米, 精米: 非公開)
    ✨ [新規SKU抽出] なお、精米歩合50％以下の場合は「大吟醸」を名乗ることが出来ます。 [大吟醸酒] (米: 国産米, 精米: 非公開)
    ✨ [新規SKU抽出] 「純米酒」と名乗ることが出来るのは、仕込み水以外に [純米酒] (米: 国産米, 精米: 非公開)
    ✨ [新規SKU抽出] ※例：ロ万シリーズ全て、花泉シリーズ「純米酒」など [純米酒] (米: 国産米, 精米: 非公開)
    ✨ [新規SKU抽出] 一方、「純米」と表記のない「吟醸酒」「大吟醸酒」の場合は、 [大吟醸酒] (米: 国産米, 精米: 非公開)
    ✨ [新規SKU抽出] ※例：「花泉 吟醸酒」「花泉 大吟醸酒」など [大吟醸酒] (米: 国産米, 精米: 非公開)
    ✨ [新規SKU抽出] 純米吟醸、純米大吟醸、吟醸、大吟醸など高精白のお酒の原料米は [純米大吟醸酒] (米: 国産米, 精米: 非公開)
    ✨ [新規SKU抽出] 高精白のお酒である純米吟醸、純米大吟醸、 [純米大吟醸酒] (米: 国産米, 精米: 非公開)
    ✨ [新規SKU抽出] 吟醸、大吟醸などの仕込みがひと区切りを迎えたためです。 [大吟醸酒] (米: 国産米, 精米: 非公開)
    ✨ [新規SKU抽出] ▼薄ピンク色→「花泉 特別純米酒」 [特別純米酒] (米: 国産米, 精米: 非公開)
    ✨ [新規SKU抽出] ▼深緑色→「花泉 大吟醸」 [大吟醸酒] (米: 国産米, 精米: 非公開)
    ✨ [新規SKU抽出] ▼青色→「花泉 吟醸酒」 [吟醸酒] (米: 国産米, 精米: 非公開)
  👉 花泉酒造 株式会社: 99 件の新規SKUを深層クローリングにより追加登録
[101/1376] 🏭 ID 108: 三春酒造 株式会社 (福島県) - http://www.boki.co.jp/sake/
    ✨ [新規SKU抽出] 三春 純米吟醸原酒 [純米吟醸酒] (米: 国産米, 精米: 非公開)
    ✨ [新規SKU抽出] 三春 特別純米原酒 [特別純米酒] (米: 国産米, 精米: 非公開)
    ✨ [新規SKU抽出] 」、「三春駒 大吟醸無濾過生原酒」の3品をお味見頂きました。 [大吟醸酒] (米: 国産米, 精米: 非公開)
  👉 三春酒造 株式会社: 3 件の新規SKUを深層クローリングにより追加登録
[102/1376] 🏭 ID 109: 株式会社 檜物屋酒造店 (福島県) - https://senkonari.com/
    ✨ [新規SKU抽出] 大吟醸 袋吊り [大吟醸酒] (米: 国産米, 精米: 非公開)
    ✨ [新規SKU抽出] 千功成 吟醸 [吟醸酒] (米: 国産米, 精米: 非公開)
    ✨ [新規SKU抽出] 千功成 純米吟醸袋吊り甑峯 [純米吟醸酒] (米: 国産米, 精米: 非公開)
    ✨ [新規SKU抽出] 千功成 純米吟醸 [純米吟醸酒] (米: 国産米, 精米: 非公開)
    ✨ [新規SKU抽出] 千功成 純米酒 [純米酒] (米: 国産米, 精米: 非公開)
    ✨ [新規SKU抽出] 千功成 本醸造 [本醸造酒] (米: 国産米, 精米: 非公開)
    ✨ [新規SKU抽出] 本格焼酎粕取 [本格焼酎] (米: 国産米, 精米: 非公開)
  👉 株式会社 檜物屋酒造店: 7 件の新規SKUを深層クローリングにより追加登録
[103/1376] 🏭 ID 110: 栄川酒造 合資会社 (福島県) - https://sakaegawa.com/
    ✨ [新規SKU抽出] 純米大吟醸　越後街道野澤宿 [純米大吟醸酒] (米: 国産米, 精米: 非公開)
    ✨ [新規SKU抽出] 大吟醸「富国論」 [大吟醸酒] (米: 国産米, 精米: 非公開)
    ✨ [新規SKU抽出] 手造り本醸造　はしご酒 [本醸造酒] (米: 国産米, 精米: 非公開)
    ✨ [新規SKU抽出] 純米大吟醸 越後街道野澤宿 [純米大吟醸酒] (米: 国産米, 精米: 非公開)
    ✨ [新規SKU抽出] 本醸造 | 商品カテゴリー | 栄川酒造コーポレートサイト [本醸造酒] (米: 国産米, 精米: 非公開)
    ✨ [新規SKU抽出] 吟醸 | 商品カテゴリー | 栄川酒造コーポレートサイト [吟醸酒] (米: 国産米, 精米: 非公開)
    ✨ [新規SKU抽出] 純米大吟醸 1, [純米大吟醸酒] (米: 国産米, 精米: 非公開)
  👉 栄川酒造 合資会社: 7 件の新規SKUを深層クローリングにより追加登録
[104/1376] 🏭 ID 111: 若清水酒造 株式会社 (福島県) - http://www.wakashimizu.jp/
    ✨ [新規SKU抽出] リキュール [リキュール] (米: 国産米, 精米: 非公開)
    ✨ [新規SKU抽出] 若清水のリキュール [リキュール] (米: 国産米, 精米: 非公開)
  👉 若清水酒造 株式会社: 2 件の新規SKUを深層クローリングにより追加登録
[105/1376] 🏭 ID 112: 合名会社 四家酒造店 (福島県) - https://shikesyuzouten-matabey.shopinfo.jp/
    ✨ [新規SKU抽出] 銘柄『大吟醸　又兵衛』を発売 [大吟醸酒] (米: 国産米, 精米: 非公開)
    ✨ [新規SKU抽出] 銘柄『純米吟醸　又兵衛』を発売 [純米吟醸酒] (米: 国産米, 精米: 非公開)
    ✨ [新規SKU抽出] 銘柄『純米大吟醸　又兵衛』を発売 [純米大吟醸酒] (米: 国産米, 精米: 非公開)
    ✨ [新規SKU抽出] 平成１６年　『吟醸酒の部』　金賞　受賞 [吟醸酒] (米: 国産米, 精米: 非公開)
    ✨ [新規SKU抽出] 平成１９年　『吟醸酒の部』　県知事賞　受賞 [吟醸酒] (米: 国産米, 精米: 非公開)
    ✨ [新規SKU抽出] 平成２０年　『吟醸酒の部』　金賞　受賞 [吟醸酒] (米: 国産米, 精米: 非公開)
    ✨ [新規SKU抽出] 平成２１年　『吟醸酒の部』　金賞　受賞 [吟醸酒] (米: 国産米, 精米: 非公開)
    ✨ [新規SKU抽出] 『純米酒の部』　金賞　受賞 [純米酒] (米: 国産米, 精米: 非公開)
    ✨ [新規SKU抽出] 平成２２年　『吟醸酒の部』　金賞　受賞 [吟醸酒] (米: 国産米, 精米: 非公開)
    ✨ [新規SKU抽出] 平成２４年　『吟醸酒の部』　金賞　受賞 [吟醸酒] (米: 国産米, 精米: 非公開)
    ✨ [新規SKU抽出] 平成２５年　『吟醸酒の部』　金賞　受賞 [吟醸酒] (米: 国産米, 精米: 非公開)
    ✨ [新規SKU抽出] 平成２６年　『吟醸酒の部』　金賞　受賞 [吟醸酒] (米: 国産米, 精米: 非公開)
    ✨ [新規SKU抽出] 平成２７年　『吟醸酒の部』　金賞　受賞 [吟醸酒] (米: 国産米, 精米: 非公開)
    ✨ [新規SKU抽出] 平成２９年　『吟醸酒の部』　金賞　受賞 [吟醸酒] (米: 国産米, 精米: 非公開)
    ✨ [新規SKU抽出] 令和　２年　『吟醸酒の部』　金賞　受賞 [吟醸酒] (米: 国産米, 精米: 非公開)
    ✨ [新規SKU抽出] 令和　６年　『吟醸酒の部』　金賞　受賞 [吟醸酒] (米: 国産米, 精米: 非公開)
    ✨ [新規SKU抽出] 令和　８年　『純米酒の部』　金賞　受賞 [純米酒] (米: 国産米, 精米: 非公開)
    ✨ [新規SKU抽出] 平成１７年　『吟醸酒の部』　金賞　受賞 [吟醸酒] (米: 国産米, 精米: 非公開)
    ✨ [新規SKU抽出] 平成１８年　『吟醸酒の部』　金賞　受賞 [吟醸酒] (米: 国産米, 精米: 非公開)
    ✨ [新規SKU抽出] 平成１９年　『吟醸酒の部』　金賞　受賞 [吟醸酒] (米: 国産米, 精米: 非公開)
    ✨ [新規SKU抽出] 平成２５年　『純米酒の部』　金賞　受賞 [純米酒] (米: 国産米, 精米: 非公開)
    ✨ [新規SKU抽出] 平成２８年　『吟醸酒の部』　金賞　受賞 [吟醸酒] (米: 国産米, 精米: 非公開)
    ✨ [新規SKU抽出] 平成１９年　『吟醸酒の部』　優等賞　受賞 [吟醸酒] (米: 国産米, 精米: 非公開)
    ✨ [新規SKU抽出] 平成２０年　『吟醸酒の部』　優等賞　受賞 [吟醸酒] (米: 国産米, 精米: 非公開)
    ✨ [新規SKU抽出] 平成２１年　『吟醸酒の部』　優等賞　受賞 [吟醸酒] (米: 国産米, 精米: 非公開)
    ✨ [新規SKU抽出] 平成２２年　『吟醸酒の部』　優等賞　受賞 [吟醸酒] (米: 国産米, 精米: 非公開)
    ✨ [新規SKU抽出] 平成２３年　『吟醸酒の部』　優等賞　受賞 [吟醸酒] (米: 国産米, 精米: 非公開)
    ✨ [新規SKU抽出] 平成２４年　『吟醸酒の部』　優等賞　受賞 [吟醸酒] (米: 国産米, 精米: 非公開)
    ✨ [新規SKU抽出] 平成２５年　『吟醸酒の部』　優等賞　受賞 [吟醸酒] (米: 国産米, 精米: 非公開)
    ✨ [新規SKU抽出] 『純米酒の部』　優等賞　受賞 [純米酒] (米: 国産米, 精米: 非公開)
    ✨ [新規SKU抽出] 平成２６年　『吟醸酒の部』　優等賞　受賞 [吟醸酒] (米: 国産米, 精米: 非公開)
    ✨ [新規SKU抽出] 平成２８年　『吟醸酒の部』　優等賞　受賞 [吟醸酒] (米: 国産米, 精米: 非公開)
    ✨ [新規SKU抽出] 令和　２年　『吟醸酒の部』　優等賞　受賞 [吟醸酒] (米: 国産米, 精米: 非公開)
  👉 合名会社 四家酒造店: 33 件の新規SKUを深層クローリングにより追加登録
[106/1376] 🏭 ID 113: 名倉山酒造 株式会社 (福島県) - http://www.nagurayama.jp
    ✨ [新規SKU抽出] にごり酒 [普通酒] (米: 国産米, 精米: 非公開)
  👉 名倉山酒造 株式会社: 1 件の新規SKUを深層クローリングにより追加登録
[107/1376] 🏭 ID 114: 豊國酒造 合資会社 (福島県) - http://aizu-toyokuni.com/
    ✨ [新規SKU抽出] 「吟醸真実」通販できます [吟醸酒] (米: 国産米, 精米: 非公開)
    ✨ [新規SKU抽出] シン・豊國 生原酒 [普通酒] (米: 国産米, 精米: 非公開)
    ✨ [新規SKU抽出] 豊國 無濾過生原酒 [普通酒] (米: 国産米, 精米: 非公開)
    ✨ [新規SKU抽出] 豊國 福乃香 山廃 酛 [普通酒] (米: 国産米, 精米: 非公開)
    ✨ [新規SKU抽出] 豊國 生原酒 [普通酒] (米: 国産米, 精米: 非公開)
    ✨ [新規SKU抽出] 純米吟醸酒 [純米吟醸酒] (米: 国産米, 精米: 非公開)
    ✨ [新規SKU抽出] 豊國 福乃香 山廃 酛 - 豊国酒造合資会社 - 会津坂下町の蔵元です。 [普通酒] (米: 国産米, 精米: 非公開)
    ✨ [新規SKU抽出] 豊國 無濾過生原酒 - 豊国酒造合資会社 - 会津坂下町の蔵元です。 [普通酒] (米: 国産米, 精米: 非公開)
    ✨ [新規SKU抽出] シン・豊國 生原酒 - 豊国酒造合資会社 - 会津坂下町の蔵元です。 [普通酒] (米: 国産米, 精米: 非公開)
    ✨ [新規SKU抽出] 豊國 生原酒 - 豊国酒造合資会社 - 会津坂下町の蔵元です。 [普通酒] (米: 国産米, 精米: 非公開)
  👉 豊國酒造 合資会社: 10 件の新規SKUを深層クローリングにより追加登録
[109/1376] 🏭 ID 116: 株式会社 髙橋庄作酒造店 (福島県) - https://aizumusume.co.jp/
[110/1376] 🏭 ID 117: 末廣酒造 株式会社 嘉永蔵 (福島県) - https://www.suehiro-sake.jp/
[111/1376] 🏭 ID 119: 磐梯酒造 株式会社 (福島県) - http://www.bandaishuzou.com/
    ✨ [新規SKU抽出] 磐梯山　しぼりたて本生原酒 [普通酒] (米: 国産米, 精米: 非公開)
    ✨ [新規SKU抽出] 本醸造酒の醪（もろみ）を搾った後、加水・火入れを一切行っていない生酒の原酒です。 [本醸造酒] (米: 国産米, 精米: 非公開)
    ✨ [新規SKU抽出] 2/1～5/31 季節限定乗丹坊　純米吟醸　無ろか生原酒 [純米吟醸酒] (米: 国産米, 精米: 非公開)
    ✨ [新規SKU抽出] 乗丹坊　純米大吟醸 [純米大吟醸酒] (米: 国産米, 精米: 非公開)
    ✨ [新規SKU抽出] 乗丹坊　純米吟醸 [純米吟醸酒] (米: 国産米, 精米: 非公開)
    ✨ [新規SKU抽出] 乗丹坊　特別純米 [特別純米酒] (米: 国産米, 精米: 非公開)
    ✨ [新規SKU抽出] 磐梯山　純米吟醸酒 [純米吟醸酒] (米: 国産米, 精米: 非公開)
    ✨ [新規SKU抽出] 磐梯山　特別純米酒 [特別純米酒] (米: 国産米, 精米: 非公開)
    ✨ [新規SKU抽出] 磐梯山　純米酒 [純米酒] (米: 国産米, 精米: 非公開)
    ✨ [新規SKU抽出] 本醸造酒 [本醸造酒] (米: 国産米, 精米: 非公開)
    ✨ [新規SKU抽出] 特別純米酒 [特別純米酒] (米: 国産米, 精米: 非公開)
    ✨ [新規SKU抽出] 純米吟醸酒 [純米吟醸酒] (米: 国産米, 精米: 非公開)
    ✨ [新規SKU抽出] 純米大吟醸酒 [純米大吟醸酒] (米: 国産米, 精米: 非公開)
    ✨ [新規SKU抽出] 清酒区分：純米吟醸酒 [純米吟醸酒] (米: 国産米, 精米: 非公開)
    ✨ [新規SKU抽出] 清酒区分：純米酒 [純米酒] (米: 国産米, 精米: 非公開)
    ✨ [新規SKU抽出] 磐梯山の伏流水を仕込み水に、磐梯町で130年続いた老舗酒蔵が醸した極上の特別純米酒。 [特別純米酒] (米: 国産米, 精米: 非公開)
    ✨ [新規SKU抽出] 清酒区分：特別純米酒 [特別純米酒] (米: 国産米, 精米: 非公開)
    ✨ [新規SKU抽出] 米の旨味を生かしたコクのあるタイプのお酒、華やかな吟醸香が特徴。 [吟醸酒] (米: 国産米, 精米: 非公開)
    ✨ [新規SKU抽出] 清酒区分：本醸造酒 [本醸造酒] (米: 国産米, 精米: 非公開)
    ✨ [新規SKU抽出] ※純米吟醸は磐梯町産の米、米麹を使用した「会津磐梯ブランド」認定品 [純米吟醸酒] (米: 国産米, 精米: 非公開)
  👉 磐梯酒造 株式会社: 20 件の新規SKUを深層クローリングにより追加登録
[112/1376] 🏭 ID 120: 曙酒造 株式会社 (福島県) - https://akebono-syuzou.com/
    ✨ [新規SKU抽出] 山廃酛 HOMURA 焔 [普通酒] (米: 国産米, 精米: 非公開)
  👉 曙酒造 株式会社: 1 件の新規SKUを深層クローリングにより追加登録
[114/1376] 🏭 ID 122: 合資会社 大和川酒造店 (福島県) - http://www.yauemon.co.jp/
    ✨ [新規SKU抽出] 米麹だけで造った「吟醸甘酒（ノンアルコール）」を販売開始しました！ [吟醸酒] (米: 国産米, 精米: 非公開)
    ✨ [新規SKU抽出] 大和川酒造店の米麹だけで造った「吟醸甘酒（ノンアルコール）」を販売開始しました！ [吟醸酒] (米: 国産米, 精米: 非公開)
    ✨ [新規SKU抽出] 純米大吟醸　いのち [純米大吟醸酒] (米: 国産米, 精米: 非公開)
    ✨ [新規SKU抽出] 純米大吟醸　四方四里 [純米大吟醸酒] (米: 国産米, 精米: 非公開)
  👉 合資会社 大和川酒造店: 4 件の新規SKUを深層クローリングにより追加登録
[115/1376] 🏭 ID 123: 大天狗酒造 株式会社 (福島県) - https://daitengusyuzo.com/
    ✨ [新規SKU抽出] 吟醸酒、純米酒、本醸造など名称別検索はこちらをクリック [吟醸酒] (米: 国産米, 精米: 非公開)
    ✨ [新規SKU抽出] なないろ 純米吟醸 [純米吟醸酒] (米: 国産米, 精米: 非公開)
    ✨ [新規SKU抽出] 大天狗 福乃香 吟醸 [吟醸酒] (米: 国産米, 精米: 非公開)
    ✨ [新規SKU抽出] 大天狗　特別純米酒　720ｍｌ [特別純米酒] (米: 国産米, 精米: 非公開)
    ✨ [新規SKU抽出] 大天狗　純米吟醸酒　720ｍｌ [純米吟醸酒] (米: 国産米, 精米: 非公開)
    ✨ [新規SKU抽出] 大天狗　大吟醸　720ｍｌ [大吟醸酒] (米: 国産米, 精米: 非公開)
    ✨ [新規SKU抽出] 大天狗　特別純米酒 [特別純米酒] (米: 国産米, 精米: 非公開)
    ✨ [新規SKU抽出] 大天狗　純米吟醸酒 [純米吟醸酒] (米: 国産米, 精米: 非公開)
    ✨ [新規SKU抽出] 大天狗　特別本醸造 [特別本醸造酒] (米: 国産米, 精米: 非公開)
    ✨ [新規SKU抽出] 伊藤久男ラベル　大天狗　純米吟醸酒　720ｍｌ [純米吟醸酒] (米: 国産米, 精米: 非公開)
    ✨ [新規SKU抽出] すばらしき友大天狗　純米大吟醸　720ｍｌ [純米大吟醸酒] (米: 国産米, 精米: 非公開)
    ✨ [新規SKU抽出] はちみつ梅酒うめ(パック) [リキュール] (米: 国産米, 精米: 非公開)
    ✨ [新規SKU抽出] 数量限定大天狗 純米吟醸 無濾過生原酒 720ｍｌ [純米吟醸酒] (米: 国産米, 精米: 非公開)
    ✨ [新規SKU抽出] 数量限定大天狗 特別純米無濾過生原酒 [特別純米酒] (米: 国産米, 精米: 非公開)
    ✨ [新規SKU抽出] 大天狗　純米大吟醸 [純米大吟醸酒] (米: 国産米, 精米: 非公開)
    ✨ [新規SKU抽出] 大天狗 梅酒カップ [リキュール] (米: 国産米, 精米: 非公開)
  👉 大天狗酒造 株式会社: 16 件の新規SKUを深層クローリングにより追加登録
[116/1376] 🏭 ID 124: 国権酒造 株式会社 (福島県) - http://www.kokken.co.jp/
    ✨ [新規SKU抽出] 山廃純米吟醸 [純米吟醸酒] (米: 国産米, 精米: 非公開)
    ✨ [新規SKU抽出] 山廃仕込み純米酒 [純米酒] (米: 国産米, 精米: 非公開)
    ✨ [新規SKU抽出] 本醸造原酒 [本醸造酒] (米: 国産米, 精米: 非公開)
    ✨ [新規SKU抽出] 特撰大吟醸 國権 [大吟醸酒] (米: 国産米, 精米: 非公開)
    ✨ [新規SKU抽出] 純米大吟醸 一吉 [純米大吟醸酒] (米: 国産米, 精米: 非公開)
    ✨ [新規SKU抽出] 大吟醸 國権 [大吟醸酒] (米: 国産米, 精米: 非公開)
    ✨ [新規SKU抽出] 純米大吟醸 (金ラベル) 國権 [純米大吟醸酒] (米: 国産米, 精米: 非公開)
    ✨ [新規SKU抽出] 純米吟醸 (銀ラベル) 國権 [純米吟醸酒] (米: 国産米, 精米: 非公開)
    ✨ [新規SKU抽出] 純米吟醸 (銅ラベル) 國権 [純米吟醸酒] (米: 国産米, 精米: 非公開)
    ✨ [新規SKU抽出] 純米酒 國権 [純米酒] (米: 国産米, 精米: 非公開)
    ✨ [新規SKU抽出] 本醸造 國権 [本醸造酒] (米: 国産米, 精米: 非公開)
    ✨ [新規SKU抽出] 純米大吟醸 てふ [純米大吟醸酒] (米: 国産米, 精米: 非公開)
    ✨ [新規SKU抽出] 純米酒 てふ [純米酒] (米: 国産米, 精米: 非公開)
    ✨ [新規SKU抽出] 山廃純米吟醸 國権 福乃香 [純米吟醸酒] (米: 国産米, 精米: 非公開)
    ✨ [新規SKU抽出] 山廃純米 國権 [純米酒] (米: 国産米, 精米: 非公開)
    ✨ [新規SKU抽出] 純米生原酒 國権 垂れ口 [純米酒] (米: 国産米, 精米: 非公開)
    ✨ [新規SKU抽出] 本醸造生原酒 春一番 [本醸造酒] (米: 国産米, 精米: 非公開)
    ✨ [新規SKU抽出] 純米酒 俺の出番 [純米酒] (米: 国産米, 精米: 非公開)
    ✨ [新規SKU抽出] 特別純米酒 國権 夢の香 [特別純米酒] (米: 夢の香, 精米: 非公開)
    ✨ [新規SKU抽出] 本醸造酒 小法師 [本醸造酒] (米: 国産米, 精米: 非公開)
    ✨ [新規SKU抽出] 南部杜氏自醸清酒鑑評会、純米吟醸酒の部で3位に選ばれました。 [純米吟醸酒] (米: 国産米, 精米: 非公開)
  👉 国権酒造 株式会社: 21 件の新規SKUを深層クローリングにより追加登録
[117/1376] 🏭 ID 125: ほまれ酒造 株式会社 (福島県) - http://www.aizuhomare.jp
    ✨ [新規SKU抽出] 一部リキュール 仕様変更のご案内 [リキュール] (米: 国産米, 精米: 非公開)
    ✨ [新規SKU抽出] 純米吟醸からはし　シリーズ [純米吟醸酒] (米: 国産米, 精米: 非公開)
    ✨ [新規SKU抽出] ー 直売所限定「純米大吟醸 じぶんど [純米大吟醸酒] (米: 国産米, 精米: 非公開)
    ✨ [新規SKU抽出] 純米大吟醸酒 [純米大吟醸酒] (米: 国産米, 精米: 非公開)
    ✨ [新規SKU抽出] 大吟醸酒 [大吟醸酒] (米: 国産米, 精米: 非公開)
    ✨ [新規SKU抽出] 純米吟醸酒 [純米吟醸酒] (米: 国産米, 精米: 非公開)
    ✨ [新規SKU抽出] 本醸造酒 [本醸造酒] (米: 国産米, 精米: 非公開)
    ✨ [新規SKU抽出] リキュール [リキュール] (米: 国産米, 精米: 非公開)
    ✨ [新規SKU抽出] とろあま濃厚リキュールセット [リキュール] (米: 国産米, 精米: 非公開)
    ✨ [新規SKU抽出] 會津ほまれ 吟醸酒 [吟醸酒] (米: 国産米, 精米: 非公開)
    ✨ [新規SKU抽出] 純米酒アラジンボトル [純米酒] (米: 国産米, 精米: 非公開)
    ✨ [新規SKU抽出] 純米大吟醸 極 白・黒 飲み比べ2本セット送料無料 [純米大吟醸酒] (米: 国産米, 精米: 非公開)
    ✨ [新規SKU抽出] 造り酒屋のゆず酒 [リキュール] (米: 国産米, 精米: 非公開)
    ✨ [新規SKU抽出] 純米吟醸　Oh! Machi with Soda [純米吟醸酒] (米: 国産米, 精米: 非公開)
    ✨ [新規SKU抽出] 播州産山田錦仕込 純米大吟醸酒 [純米大吟醸酒] (米: 山田錦, 精米: 非公開)
    ✨ [新規SKU抽出] 純米吟醸 福乃香 うすにごり [純米吟醸酒] (米: 国産米, 精米: 非公開)
    ✨ [新規SKU抽出] 会津ほまれ 純米酒 [純米酒] (米: 国産米, 精米: 非公開)
    ✨ [新規SKU抽出] 辛口 純米酒 いいで [純米酒] (米: 国産米, 精米: 非公開)
    ✨ [新規SKU抽出] 吟醸粕取焼酎 おんつぁ 黒ラベル [吟醸酒] (米: 国産米, 精米: 非公開)
    ✨ [新規SKU抽出] 純米大吟醸 極 [純米大吟醸酒] (米: 国産米, 精米: 非公開)
  👉 ほまれ酒造 株式会社: 20 件の新規SKUを深層クローリングにより追加登録
[118/1376] 🏭 ID 126: 人気酒造 株式会社 (福島県) - http://www.ninki.co.jp
    ✨ [新規SKU抽出] 人気酒造 NINKI.Inc｜吟醸だけしか造らない、手造りだけでしか造らない蔵 [吟醸酒] (米: 国産米, 精米: 非公開)
    ✨ [新規SKU抽出] スパークリング日本酒商品写真 [普通酒] (米: 国産米, 精米: 非公開)
    ✨ [新規SKU抽出] スパークリング [普通酒] (米: 国産米, 精米: 非公開)
    ✨ [新規SKU抽出] すべて瓶内で発酵し、米と米麹だけで造ったスパークリング日本酒 [普通酒] (米: 国産米, 精米: 非公開)
    ✨ [新規SKU抽出] スパークリング日本酒を買う [普通酒] (米: 国産米, 精米: 非公開)
    ✨ [新規SKU抽出] 吟醸だけしか造らない、 [吟醸酒] (米: 国産米, 精米: 非公開)
    ✨ [新規SKU抽出] 吟醸しか造りません [吟醸酒] (米: 国産米, 精米: 非公開)
    ✨ [新規SKU抽出] グリーン人気オーガニック純米吟醸 [純米吟醸酒] (米: 国産米, 精米: 非公開)
    ✨ [新規SKU抽出] スパークリング日本酒 [普通酒] (米: 国産米, 精米: 非公開)
    ✨ [新規SKU抽出] スパークリング日本酒商品画像 [普通酒] (米: 国産米, 精米: 非公開)
    ✨ [新規SKU抽出] 50年以上前、当蔵元の幼少期に、父である先代がスパークリング日本酒を造っていました。 [普通酒] (米: 国産米, 精米: 非公開)
    ✨ [新規SKU抽出] 人気一 あわ酒スパークリング純米大吟醸 BRUT NATURE [純米大吟醸酒] (米: 国産米, 精米: 非公開)
    ✨ [新規SKU抽出] 人気一 ロンターム スパークリング純米吟醸 [純米吟醸酒] (米: 国産米, 精米: 非公開)
    ✨ [新規SKU抽出] 人気一 瓶内発酵スパークリング純米吟醸 [純米吟醸酒] (米: 国産米, 精米: 非公開)
    ✨ [新規SKU抽出] 人気一 モダンクラシック 純米大吟醸 6 [純米大吟醸酒] (米: 国産米, 精米: 非公開)
    ✨ [新規SKU抽出] 人気一 ゴールド人気純米大吟醸 [純米大吟醸酒] (米: 国産米, 精米: 非公開)
  👉 人気酒造 株式会社: 16 件の新規SKUを深層クローリングにより追加登録
[119/1376] 🏭 ID 127: 笹の川酒造 株式会社 (福島県) - http://www.sasanokawa.co.jp/
    ✨ [新規SKU抽出] 焼酎・リキュール [リキュール] (米: 国産米, 精米: 非公開)
    ✨ [新規SKU抽出] 「御酒印帳」加盟店（特別純米酒 山桜） [特別純米酒] (米: 国産米, 精米: 非公開)
  👉 笹の川酒造 株式会社: 2 件の新規SKUを深層クローリングにより追加登録
[120/1376] 🏭 ID 128: 宮泉銘醸 株式会社 (福島県) - http://www.miyaizumi.co.jp/
[121/1376] 🏭 ID 129: 有限会社 仁井田本家 (福島県) - https://1711.jp/
    ✨ [新規SKU抽出] 原点回帰の生酛造り [普通酒] (米: 国産米, 精米: 非公開)
  👉 有限会社 仁井田本家: 1 件の新規SKUを深層クローリングにより追加登録
[122/1376] 🏭 ID 130: 笹正宗酒造 株式会社 (福島県) - http://www.sasamasamune.com
[123/1376] 🏭 ID 131: 合資会社 男山酒造店 (福島県) - https://aizuotokoyama.com/
    ✨ [新規SKU抽出] 純米酒 夢の香 [純米酒] (米: 夢の香, 精米: 非公開)
    ✨ [新規SKU抽出] 純米吟醸 福乃香 [純米吟醸酒] (米: 国産米, 精米: 非公開)
    ✨ [新規SKU抽出] 純米大吟醸 八反錦 [純米大吟醸酒] (米: 八反錦, 精米: 非公開)
    ✨ [新規SKU抽出] 純米大吟醸 山田錦 鑑評会出品酒 [純米大吟醸酒] (米: 山田錦, 精米: 非公開)
  👉 合資会社 男山酒造店: 4 件の新規SKUを深層クローリングにより追加登録
[124/1376] 🏭 ID 132: 会津酒造 株式会社 (福島県) - http://www.kinmon.aizu.or.jp/
    ✨ [新規SKU抽出] リキュール [リキュール] (米: 国産米, 精米: 非公開)
    ✨ [新規SKU抽出] 大吟醸　田島 [大吟醸酒] (米: 国産米, 精米: 非公開)
    ✨ [新規SKU抽出] 純米大吟醸　会津 [純米大吟醸酒] (米: 国産米, 精米: 非公開)
    ✨ [新規SKU抽出] 純米吟醸　会津 [純米吟醸酒] (米: 国産米, 精米: 非公開)
    ✨ [新規SKU抽出] 純米吟醸 会津 秋あがり [純米吟醸酒] (米: 国産米, 精米: 非公開)
    ✨ [新規SKU抽出] 純米酒　会津 [純米酒] (米: 国産米, 精米: 非公開)
    ✨ [新規SKU抽出] 純米酒　会津　無濾過生原酒 [純米酒] (米: 国産米, 精米: 非公開)
    ✨ [新規SKU抽出] 吟醸生酒　あらばしり [吟醸酒] (米: 国産米, 精米: 非公開)
    ✨ [新規SKU抽出] 本醸造生原酒　凛 [本醸造酒] (米: 国産米, 精米: 非公開)
    ✨ [新規SKU抽出] 本醸造原酒一回火入れ　凛 [本醸造酒] (米: 国産米, 精米: 非公開)
    ✨ [新規SKU抽出] 本醸造　ひやおろし　凛 [本醸造酒] (米: 国産米, 精米: 非公開)
    ✨ [新規SKU抽出] 辛口本醸造　会津 [本醸造酒] (米: 国産米, 精米: 非公開)
    ✨ [新規SKU抽出] 斗瓶どり大吟醸　田島 [大吟醸酒] (米: 国産米, 精米: 非公開)
    ✨ [新規SKU抽出] 純米酒　燧ケ岳 [純米酒] (米: 国産米, 精米: 非公開)
    ✨ [新規SKU抽出] ラインナップ「リキュール」 [リキュール] (米: 国産米, 精米: 非公開)
  👉 会津酒造 株式会社: 15 件の新規SKUを深層クローリングにより追加登録
[125/1376] 🏭 ID 211: 八海醸造株式会社 (新潟県) - https://www.hakkaisan.co.jp/
    ✨ [新規SKU抽出] 特別本醸造 [特別本醸造酒] (米: 国産米, 精米: 非公開)
    ✨ [新規SKU抽出] 本日「八海山　しぼりたて原酒　越後で候（青ラベル）」のびん詰めを行ないました。 [普通酒] (米: 国産米, 精米: 非公開)
    ✨ [新規SKU抽出] フレッシュで荒々しいしぼりたて原酒ならではの飲みごたえと [普通酒] (米: 国産米, 精米: 非公開)
    ✨ [新規SKU抽出] 「八海山　しぼりたて原酒　越後で候」は [普通酒] (米: 国産米, 精米: 非公開)
    ✨ [新規SKU抽出] 夏季限定「特別純米原酒」きょう瓶詰めしております ｜ 八海山 [特別純米酒] (米: 国産米, 精米: 非公開)
    ✨ [新規SKU抽出] そんな中、夏の限定酒『特別純米原酒 八海山』の瓶詰めが行われております。 [特別純米酒] (米: 国産米, 精米: 非公開)
    ✨ [新規SKU抽出] 特別純米原酒は冷たく冷やして飲む「冷専用酒」です。 [特別純米酒] (米: 国産米, 精米: 非公開)
    ✨ [新規SKU抽出] 八海山本格米焼酎 オーク樽貯蔵 風媒花 [本格焼酎] (米: 国産米, 精米: 非公開)
    ✨ [新規SKU抽出] 品 目：本格焼酎 [本格焼酎] (米: 国産米, 精米: 非公開)
    ✨ [新規SKU抽出] 「大吟醸 八海山 浩和蔵仕込」新発売 ｜ 八海山 [大吟醸酒] (米: 国産米, 精米: 非公開)
    ✨ [新規SKU抽出] この度、新たに「大吟醸 八海山 浩和蔵仕込」を新発売いたしました。 [大吟醸酒] (米: 国産米, 精米: 非公開)
    ✨ [新規SKU抽出] 商 品 名 ：大吟醸 八海山 浩和蔵仕込 [大吟醸酒] (米: 国産米, 精米: 非公開)
    ✨ [新規SKU抽出] 品目：清酒 大吟醸 [大吟醸酒] (米: 国産米, 精米: 非公開)
    ✨ [新規SKU抽出] 「純米吟醸 八海山 しぼりたて原酒 越後で候」の瓶詰めが行われております。 [純米吟醸酒] (米: 国産米, 精米: 非公開)
    ✨ [新規SKU抽出] 一切加熱処理をしない「しぼりたて」の原酒は [普通酒] (米: 国産米, 精米: 非公開)
    ✨ [新規SKU抽出] しぼりたてのフレッシュな香りを、いち早く多くのお客様に楽しんでいただこうと [普通酒] (米: 国産米, 精米: 非公開)
    ✨ [新規SKU抽出] 「純米吟醸 八海山 しぼりたて原酒 越後で候」は [純米吟醸酒] (米: 国産米, 精米: 非公開)
    ✨ [新規SKU抽出] この土地の気候と人の技が織りなす唯一無二の米焼酎、それが「風媒花」です。 [本格焼酎] (米: 国産米, 精米: 非公開)
    ✨ [新規SKU抽出] 品　　　　目 ：本格焼酎 [本格焼酎] (米: 国産米, 精米: 非公開)
  👉 八海醸造株式会社: 19 件の新規SKUを深層クローリングにより追加登録
[126/1376] 🏭 ID 212: 田中酒造株式会社 (新潟県) - http://www.noutaka.jp/
    ✨ [新規SKU抽出] 大吟醸酒 [大吟醸酒] (米: 国産米, 精米: 非公開)
    ✨ [新規SKU抽出] 純米吟醸酒 [純米吟醸酒] (米: 国産米, 精米: 非公開)
    ✨ [新規SKU抽出] 特別純米酒 [特別純米酒] (米: 国産米, 精米: 非公開)
    ✨ [新規SKU抽出] 純米大吟醸　太刀無銘一文字 山鳥毛 [純米大吟醸酒] (米: 国産米, 精米: 非公開)
    ✨ [新規SKU抽出] 純米大吟醸ファーストアタック [純米大吟醸酒] (米: 国産米, 精米: 非公開)
    ✨ [新規SKU抽出] 能鷹　しぼりたて生原酒　うすにごり [普通酒] (米: 国産米, 精米: 非公開)
    ✨ [新規SKU抽出] 能鷹　吟醸生貯蔵ぎんなま [吟醸酒] (米: 国産米, 精米: 非公開)
    ✨ [新規SKU抽出] 「純米大吟醸あらばしりファーストアタック」発売案内 [純米大吟醸酒] (米: 国産米, 精米: 非公開)
    ✨ [新規SKU抽出] 秋限定酒特別純米熟成酒 秋いろ　9月1日発売 [特別純米酒] (米: 国産米, 精米: 非公開)
    ✨ [新規SKU抽出] 純米大吟醸　公乃松 [純米大吟醸酒] (米: 国産米, 精米: 非公開)
    ✨ [新規SKU抽出] 大吟醸一度火入 鷹 [大吟醸酒] (米: 国産米, 精米: 非公開)
    ✨ [新規SKU抽出] 能鷹　大吟醸杜氏魂 [大吟醸酒] (米: 国産米, 精米: 非公開)
    ✨ [新規SKU抽出] 純米大吟醸一度火入 鷹 [純米大吟醸酒] (米: 国産米, 精米: 非公開)
    ✨ [新規SKU抽出] 能鷹　純米大吟醸 [純米大吟醸酒] (米: 国産米, 精米: 非公開)
    ✨ [新規SKU抽出] 能鷹　吟醸 [吟醸酒] (米: 国産米, 精米: 非公開)
    ✨ [新規SKU抽出] 能鷹　特別純米酒 [特別純米酒] (米: 国産米, 精米: 非公開)
    ✨ [新規SKU抽出] 能鷹　純米酒　前島密ラベル [純米酒] (米: 国産米, 精米: 非公開)
    ✨ [新規SKU抽出] 能鷹　純米酒 [純米酒] (米: 国産米, 精米: 非公開)
    ✨ [新規SKU抽出] 特別本醸造 [特別本醸造酒] (米: 国産米, 精米: 非公開)
    ✨ [新規SKU抽出] 能鷹　特別本醸造 [特別本醸造酒] (米: 国産米, 精米: 非公開)
    ✨ [新規SKU抽出] 能鷹　吟醸生貯蔵ペンぎんなま [吟醸酒] (米: 国産米, 精米: 非公開)
    ✨ [新規SKU抽出] 能鷹　特別純米熟成酒　秋いろ [特別純米酒] (米: 国産米, 精米: 非公開)
  👉 田中酒造株式会社: 22 件の新規SKUを深層クローリングにより追加登録
[127/1376] 🏭 ID 213: 津南醸造株式会社 (新潟県) - https://tsunan-sake.com/
    ✨ [新規SKU抽出] 有料で魚沼産コシヒカリ100％で造った純米大吟醸酒 [純米大吟醸酒] (米: 国産米, 精米: 非公開)
    ✨ [新規SKU抽出] 津南醸造の純米大吟醸「郷(GO) TERRACE」、Tokyo Sake Cha… [純米大吟醸酒] (米: 国産米, 精米: 非公開)
  👉 津南醸造株式会社: 2 件の新規SKUを深層クローリングにより追加登録
[128/1376] 🏭 ID 214: 株式会社マスカガミ (新潟県) - http://www.masukagami.co.jp/
    ✨ [新規SKU抽出] 純米大吟醸無濾過生原酒　J50G　発売のお知らせ [純米大吟醸酒] (米: 国産米, 精米: 非公開)
    ✨ [新規SKU抽出] 萬寿鏡2026年新酒第一弾　純米大吟醸無濾過生原酒を発売いたしました。 [純米大吟醸酒] (米: 国産米, 精米: 非公開)
    ✨ [新規SKU抽出] 無濾過生原酒ならではの、力強くフレッシュな味わいをお楽しみください。 [普通酒] (米: 国産米, 精米: 非公開)
    ✨ [新規SKU抽出] 第96回関東信越国税局酒類鑑評会　吟醸酒の部　優秀賞受賞酒販売のお知らせ [吟醸酒] (米: 国産米, 精米: 非公開)
    ✨ [新規SKU抽出] 自然落下による一滴一滴の「しずく」を集めた無ろ過原酒大吟醸です。 [大吟醸酒] (米: 国産米, 精米: 非公開)
    ✨ [新規SKU抽出] 令和７年第96回関東信越国税局酒類鑑評会　吟醸酒の部　優秀賞受賞のお知らせ [吟醸酒] (米: 国産米, 精米: 非公開)
    ✨ [新規SKU抽出] 第95回関東信越国税局酒類鑑評会　純米吟醸酒の部　優秀賞受賞酒販売のお知らせ [純米吟醸酒] (米: 国産米, 精米: 非公開)
    ✨ [新規SKU抽出] 自然落下による一滴一滴の「しずく」を集めた無ろ過原酒純米大吟醸です。 [純米大吟醸酒] (米: 国産米, 精米: 非公開)
    ✨ [新規SKU抽出] 純米吟醸酒の部 優秀賞受賞酒は、完売いたしました。 [純米吟醸酒] (米: 国産米, 精米: 非公開)
    ✨ [新規SKU抽出] しぼりたて特有の舌先に感じる発泡性と原酒のうまみをぜひご堪能ください。 [普通酒] (米: 国産米, 精米: 非公開)
    ✨ [新規SKU抽出] 「S50 大吟醸」今季出荷分は完売となりました [大吟醸酒] (米: 国産米, 精米: 非公開)
    ✨ [新規SKU抽出] シリーズに新登場！　 ７月初旬「S50 大吟醸」季節限定発売 [大吟醸酒] (米: 国産米, 精米: 非公開)
    ✨ [新規SKU抽出] ゆず酒を再販いたします [リキュール] (米: 国産米, 精米: 非公開)
    ✨ [新規SKU抽出] 今年もひやおろしを発売しました [普通酒] (米: 国産米, 精米: 非公開)
    ✨ [新規SKU抽出] 9月1日より特別本醸造原酒ひやおろしを発売しました。 [特別本醸造酒] (米: 国産米, 精米: 非公開)
    ✨ [新規SKU抽出] 第96回関東信越国税局酒類鑑評会　吟醸酒の部　優秀賞受賞酒 [吟醸酒] (米: 国産米, 精米: 非公開)
    ✨ [新規SKU抽出] J55Sokujō　純米吟醸 [純米吟醸酒] (米: 国産米, 精米: 非公開)
    ✨ [新規SKU抽出] J50（ジェイゴーマル）純米大吟醸 [純米大吟醸酒] (米: 国産米, 精米: 非公開)
    ✨ [新規SKU抽出] S30 （エスサンマル）大吟醸 [大吟醸酒] (米: 国産米, 精米: 非公開)
    ✨ [新規SKU抽出] J50（ジェイゴーマル） 純米大吟醸 [純米大吟醸酒] (米: 国産米, 精米: 非公開)
    ✨ [新規SKU抽出] 2025年関東信越国税局第96回酒類鑑評会の吟醸酒の部にて優秀賞を受賞したお酒です。 [吟醸酒] (米: 国産米, 精米: 非公開)
  👉 株式会社マスカガミ: 21 件の新規SKUを深層クローリングにより追加登録
[129/1376] 🏭 ID 215: 加茂錦酒造株式会社 (新潟県) - http://www.kamonishiki.com/
    ✨ [新規SKU抽出] 2023.12.18　出荷開始のご案内「荷札酒 八反錦 純米大吟醸」 [純米大吟醸酒] (米: 八反錦, 精米: 非公開)
    ✨ [新規SKU抽出] 2023.11.27　出荷開始のご案内「荷札酒 播州山田錦 純米大吟醸」 [純米大吟醸酒] (米: 山田錦, 精米: 非公開)
    ✨ [新規SKU抽出] 2023.11.20　出荷開始のご案内「荷札酒 黄水仙 純米大吟醸」 [純米大吟醸酒] (米: 国産米, 精米: 非公開)
    ✨ [新規SKU抽出] 加茂錦の吟醸酒を使用。 [吟醸酒] (米: 国産米, 精米: 非公開)
    ✨ [新規SKU抽出] 大吟醸酒 [大吟醸酒] (米: 国産米, 精米: 非公開)
  👉 加茂錦酒造株式会社: 5 件の新規SKUを深層クローリングにより追加登録
[130/1376] 🏭 ID 216: 白瀧酒造株式会社 (新潟県) - http://www.jozen.co.jp
    ✨ [新規SKU抽出] スパークリング [普通酒] (米: 国産米, 精米: 非公開)
    ✨ [新規SKU抽出] 白瀧 ゆざわ 純米吟醸 原酒 [純米吟醸酒] (米: 国産米, 精米: 非公開)
    ✨ [新規SKU抽出] 限定酒上善如水 スパークリング トロピカル [普通酒] (米: 国産米, 精米: 非公開)
    ✨ [新規SKU抽出] 純米酒ギフトセット [純米酒] (米: 国産米, 精米: 非公開)
    ✨ [新規SKU抽出] 8/19より出荷開始ひやおろしの上善如水　純米吟醸 [純米吟醸酒] (米: 国産米, 精米: 非公開)
    ✨ [新規SKU抽出] 季節限定上善如水 ひやおろしセット [普通酒] (米: 国産米, 精米: 非公開)
    ✨ [新規SKU抽出] 9/7より出荷開始月見酒の上善如水 純米大吟醸 [純米大吟醸酒] (米: 国産米, 精米: 非公開)
    ✨ [新規SKU抽出] 11/4より出荷開始新米新酒の上善如水　純米吟醸 [純米吟醸酒] (米: 国産米, 精米: 非公開)
    ✨ [新規SKU抽出] 12/1より出荷開始にごりの上善如水 純米吟醸 [純米吟醸酒] (米: 国産米, 精米: 非公開)
    ✨ [新規SKU抽出] 完売上善如水 純米大吟醸 干支ラベル 2026 [純米大吟醸酒] (米: 国産米, 精米: 非公開)
    ✨ [新規SKU抽出] 完売生もとにごり酒　by Jozen　純米 [純米酒] (米: 国産米, 精米: 非公開)
    ✨ [新規SKU抽出] 完売花見酒の上善如水　純米吟醸 [純米吟醸酒] (米: 国産米, 精米: 非公開)
    ✨ [新規SKU抽出] 完売上善如水 スパークリング ワイン酵母仕込 [普通酒] (米: 国産米, 精米: 非公開)
    ✨ [新規SKU抽出] 上善如水 純米大吟醸 [純米大吟醸酒] (米: 国産米, 精米: 非公開)
    ✨ [新規SKU抽出] 上善如水 純米吟醸 生酒 [純米吟醸酒] (米: 国産米, 精米: 非公開)
    ✨ [新規SKU抽出] 上善如水 スパークリング [普通酒] (米: 国産米, 精米: 非公開)
    ✨ [新規SKU抽出] 限定酒白瀧 生もと造り 純米酒 [純米酒] (米: 国産米, 精米: 非公開)
    ✨ [新規SKU抽出] 宣機の一本 純米大吟醸 [純米大吟醸酒] (米: 国産米, 精米: 非公開)
    ✨ [新規SKU抽出] 湊屋藤助 純米大吟醸 [純米大吟醸酒] (米: 国産米, 精米: 非公開)
    ✨ [新規SKU抽出] 淡麗辛口魚沼 純米大吟醸 [純米大吟醸酒] (米: 国産米, 精米: 非公開)
    ✨ [新規SKU抽出] 白瀧 SEVEN 純米大吟醸 25% [純米大吟醸酒] (米: 国産米, 精米: 25%)
    ✨ [新規SKU抽出] 上善如水 純米吟醸 酒粕 [純米吟醸酒] (米: 国産米, 精米: 非公開)
    ✨ [新規SKU抽出] 上善如水 純米大吟醸 酒粕 便利パック [純米大吟醸酒] (米: 国産米, 精米: 非公開)
  👉 白瀧酒造株式会社: 23 件の新規SKUを深層クローリングにより追加登録
[131/1376] 🏭 ID 217: 株式会社武蔵野酒造 (新潟県) - http://musashino-shuzo.com
[132/1376] 🏭 ID 218: 越後桜酒造株式会社 (新潟県) - https://echigozakura.co.jp/
[133/1376] 🏭 ID 219: 合名会社渡辺酒造店 (新潟県) - http://www.nechiotokoyama.jp/
    ✨ [新規SKU抽出] 根知男山 純米吟醸 [純米吟醸酒] (米: 国産米, 精米: 非公開)
    ✨ [新規SKU抽出] 根知男山 純米酒 [純米酒] (米: 国産米, 精米: 非公開)
    ✨ [新規SKU抽出] 根知男山 純米大吟醸 [純米大吟醸酒] (米: 国産米, 精米: 非公開)
    ✨ [新規SKU抽出] 根知男山 山廃仕込 2021 [普通酒] (米: 国産米, 精米: 非公開)
  👉 合名会社渡辺酒造店: 4 件の新規SKUを深層クローリングにより追加登録
[134/1376] 🏭 ID 220: 新潟銘醸株式会社 (新潟県) - http://www.niigata-meijo.com/
    ✨ [新規SKU抽出] 8月18日蔵元出荷 　秋の味覚とひやおろし [普通酒] (米: 国産米, 精米: 非公開)
    ✨ [新規SKU抽出] 「美禄 長者盛 大吟醸原酒 低温十年貯蔵」発売のご案内 [大吟醸酒] (米: 国産米, 精米: 非公開)
    ✨ [新規SKU抽出] 『N-888 純米酒』お取扱飲食店様のご案内 [純米酒] (米: 国産米, 精米: 非公開)
    ✨ [新規SKU抽出] 越の寒中梅 ひやおろし純米原酒秋季限定
８月１８日発売 [純米酒] (米: 国産米, 精米: 非公開)
    ✨ [新規SKU抽出] 長者盛　山廃純米 [純米酒] (米: 国産米, 精米: 非公開)
    ✨ [新規SKU抽出] 長者盛　特別純米 [特別純米酒] (米: 国産米, 精米: 非公開)
    ✨ [新規SKU抽出] 美禄 長者盛 大吟醸 [大吟醸酒] (米: 国産米, 精米: 非公開)
    ✨ [新規SKU抽出] 越の寒中梅　越淡麗　純米大吟醸　(KK-1) [純米大吟醸酒] (米: 越淡麗, 精米: 非公開)
    ✨ [新規SKU抽出] 越の寒中梅 亀の尾 純米大吟醸(KKK-50/KKK-25) [純米大吟醸酒] (米: 亀の尾, 精米: 非公開)
    ✨ [新規SKU抽出] 泰然　純米大吟醸 無濾過原酒 壜燗壱火入 [純米大吟醸酒] (米: 国産米, 精米: 非公開)
    ✨ [新規SKU抽出] 長者盛 純米大吟醸〈雫ラベル〉 [純米大吟醸酒] (米: 国産米, 精米: 非公開)
    ✨ [新規SKU抽出] 長者盛　辛口　本醸造 [本醸造酒] (米: 国産米, 精米: 非公開)
    ✨ [新規SKU抽出] 長者盛 錦鯉図鑑 純米吟醸原酒 アルミ缶 [純米吟醸酒] (米: 国産米, 精米: 非公開)
    ✨ [新規SKU抽出] 越の寒中梅 美味辛ロック 本醸造 [本醸造酒] (米: 国産米, 精米: 非公開)
    ✨ [新規SKU抽出] 雪蔵貯蔵 越の寒中梅吟醸生原酒＜4月7日発売＞クール便 [吟醸酒] (米: 国産米, 精米: 非公開)
    ✨ [新規SKU抽出] 越の寒中梅　純米大吟醸(木箱入) [純米大吟醸酒] (米: 国産米, 精米: 非公開)
    ✨ [新規SKU抽出] 越の寒中梅 TypeⅡ 純米酒 [純米酒] (米: 国産米, 精米: 非公開)
    ✨ [新規SKU抽出] 越の寒中梅　越淡麗　大吟醸(DK-1） [大吟醸酒] (米: 越淡麗, 精米: 非公開)
    ✨ [新規SKU抽出] 越の寒中梅　新潟県産米　 純米大吟醸 [純米大吟醸酒] (米: 国産米, 精米: 非公開)
    ✨ [新規SKU抽出] 越の寒中梅 純米吟醸 [純米吟醸酒] (米: 国産米, 精米: 非公開)
    ✨ [新規SKU抽出] 越の寒中梅 特別本醸造 [特別本醸造酒] (米: 国産米, 精米: 非公開)
    ✨ [新規SKU抽出] 越の寒中梅 金ラベル 純米吟醸酒 [純米吟醸酒] (米: 国産米, 精米: 非公開)
    ✨ [新規SKU抽出] 越の寒中梅 銀ラベル 純米酒 [純米酒] (米: 国産米, 精米: 非公開)
    ✨ [新規SKU抽出] 越の寒中梅 美味辛口 本醸造 [本醸造酒] (米: 国産米, 精米: 非公開)
    ✨ [新規SKU抽出] 越の寒中梅 一閃辛口 純米吟醸 [純米吟醸酒] (米: 国産米, 精米: 非公開)
    ✨ [新規SKU抽出] 越の寒中梅　濃醇旨口　純米酒 [純米酒] (米: 国産米, 精米: 非公開)
    ✨ [新規SKU抽出] 越の寒中梅 吟醸生貯蔵酒 [吟醸酒] (米: 国産米, 精米: 非公開)
    ✨ [新規SKU抽出] 福寿千歳 長者盛 白ラベル(特別本醸造) [特別本醸造酒] (米: 国産米, 精米: 非公開)
    ✨ [新規SKU抽出] 福寿千歳 長者盛 赤ラベル(本醸造) [本醸造酒] (米: 国産米, 精米: 非公開)
    ✨ [新規SKU抽出] めだかの宿 純米吟醸 生貯蔵酒 [純米吟醸酒] (米: 国産米, 精米: 非公開)
    ✨ [新規SKU抽出] 純米吟醸　錦鯉の里 [純米吟醸酒] (米: 国産米, 精米: 非公開)
    ✨ [新規SKU抽出] ほんやら 本格米焼酎 [本格焼酎] (米: 国産米, 精米: 非公開)
    ✨ [新規SKU抽出] ほんやらメロー　本格米焼酎 [本格焼酎] (米: 国産米, 精米: 非公開)
    ✨ [新規SKU抽出] 梅酒 ゆゆ [リキュール] (米: 国産米, 精米: 非公開)
    ✨ [新規SKU抽出] その最高級品である大吟醸は、 [大吟醸酒] (米: 国産米, 精米: 非公開)
    ✨ [新規SKU抽出] N-888 Special 純米大吟醸 [純米大吟醸酒] (米: 国産米, 精米: 非公開)
    ✨ [新規SKU抽出] N-888 純米酒 1, [純米酒] (米: 国産米, 精米: 非公開)
    ✨ [新規SKU抽出] N-888 スパークリング [普通酒] (米: 国産米, 精米: 非公開)
    ✨ [新規SKU抽出] N-888プレミアム 生原酒 [普通酒] (米: 国産米, 精米: 非公開)
    ✨ [新規SKU抽出] 泰然純米大吟醸 しぼりたて 無濾過生原酒　　　　　　≪取扱店限定商品≫ [純米大吟醸酒] (米: 国産米, 精米: 非公開)
    ✨ [新規SKU抽出] 泰然純米大吟醸 無濾過原酒 壜燗壱火入　　　　　　　≪取扱店限定商品≫ [純米大吟醸酒] (米: 国産米, 精米: 非公開)
    ✨ [新規SKU抽出] 美禄(ビロク)長者盛　大吟醸 [大吟醸酒] (米: 国産米, 精米: 非公開)
    ✨ [新規SKU抽出] 長者盛 辛口 本醸造 [本醸造酒] (米: 国産米, 精米: 非公開)
    ✨ [新規SKU抽出] 雪蔵貯蔵 越の寒中梅 吟醸生原酒（4月7日発売） [吟醸酒] (米: 国産米, 精米: 非公開)
    ✨ [新規SKU抽出] 越の寒中梅 美味辛口ック 本醸造(5月25日新発売) [本醸造酒] (米: 国産米, 精米: 非公開)
    ✨ [新規SKU抽出] 越の寒中梅 越淡麗 大吟醸(DK-1) [大吟醸酒] (米: 越淡麗, 精米: 非公開)
    ✨ [新規SKU抽出] 越の寒中梅 越淡麗 純米大吟醸(KK-1) [純米大吟醸酒] (米: 越淡麗, 精米: 非公開)
    ✨ [新規SKU抽出] 越の寒中梅 純米大吟醸 亀の尾 (KKK-50/KKK-25) [純米大吟醸酒] (米: 亀の尾, 精米: 非公開)
    ✨ [新規SKU抽出] 越の寒中梅 新潟県産米 純米大吟醸 [純米大吟醸酒] (米: 国産米, 精米: 非公開)
    ✨ [新規SKU抽出] 越の寒中梅  吟醸生貯蔵酒 [吟醸酒] (米: 国産米, 精米: 非公開)
    ✨ [新規SKU抽出] 越の寒中梅 濃醇旨口 純米酒 [純米酒] (米: 国産米, 精米: 非公開)
    ✨ [新規SKU抽出] 丹頂錦　純米大吟醸 [純米大吟醸酒] (米: 国産米, 精米: 非公開)
    ✨ [新規SKU抽出] 純米吟醸 錦鯉の里 [純米吟醸酒] (米: 国産米, 精米: 非公開)
    ✨ [新規SKU抽出] めだかの宿　純米吟醸　生貯蔵酒 [純米吟醸酒] (米: 国産米, 精米: 非公開)
    ✨ [新規SKU抽出] 越後屋宗兵衛  純米酒 [純米酒] (米: 国産米, 精米: 非公開)
    ✨ [新規SKU抽出] ほんやら 本格米焼酎　25％ [本格焼酎] (米: 国産米, 精米: 非公開)
    ✨ [新規SKU抽出] ほんやらメロー本格米焼酎 [本格焼酎] (米: 国産米, 精米: 非公開)
  👉 新潟銘醸株式会社: 57 件の新規SKUを深層クローリングにより追加登録
[135/1376] 🏭 ID 221: 株式会社松乃井酒造場 (新潟県) - http://www.matsunoi.net/
    ✨ [新規SKU抽出] 純米大吟醸「英保」 [純米大吟醸酒] (米: 国産米, 精米: 非公開)
    ✨ [新規SKU抽出] 大吟醸「しずく」 [大吟醸酒] (米: 国産米, 精米: 非公開)
    ✨ [新規SKU抽出] 純米大吟醸「松乃井」 [純米大吟醸酒] (米: 国産米, 精米: 非公開)
    ✨ [新規SKU抽出] 大吟醸「松乃井」 [大吟醸酒] (米: 国産米, 精米: 非公開)
    ✨ [新規SKU抽出] 純米吟醸「松乃井」 [純米吟醸酒] (米: 国産米, 精米: 非公開)
    ✨ [新規SKU抽出] 吟醸「越淡麗」 [吟醸酒] (米: 越淡麗, 精米: 非公開)
    ✨ [新規SKU抽出] 吟醸生「松乃井」 [吟醸酒] (米: 国産米, 精米: 非公開)
    ✨ [新規SKU抽出] フルーティーな香りと旨さが特徴の吟醸酒を加熱処理をしない生酒としてお楽しみ下さい。 [吟醸酒] (米: 国産米, 精米: 非公開)
    ✨ [新規SKU抽出] 純米酒「松乃井」 [純米酒] (米: 国産米, 精米: 非公開)
    ✨ [新規SKU抽出] 特別本醸造「松乃井」 [特別本醸造酒] (米: 国産米, 精米: 非公開)
    ✨ [新規SKU抽出] ■スーパー本醸造 [本醸造酒] (米: 国産米, 精米: 非公開)
    ✨ [新規SKU抽出] 原料米と精米歩合は特別本醸造と同じでありながら、吟醸酒用の酵母を使用し [吟醸酒] (米: 国産米, 精米: 非公開)
    ✨ [新規SKU抽出] 低温で長期間発酵させました。時間と技術を惜しまずかけたスーパーすぎる本醸造です。 [本醸造酒] (米: 国産米, 精米: 非公開)
    ✨ [新規SKU抽出] なお、精米歩合が50%以下のものを大吟醸酒と呼ぶ。 [大吟醸酒] (米: 国産米, 精米: 50%)
    ✨ [新規SKU抽出] 醸造アルコールを使用していない、白米・米こうじ・水だけでつくった吟醸酒。 [吟醸酒] (米: 国産米, 精米: 非公開)
    ✨ [新規SKU抽出] なお、精米歩合が50%以下のものを純米大吟醸酒と呼ぶ。 [純米大吟醸酒] (米: 国産米, 精米: 50%)
    ✨ [新規SKU抽出] なお、精米歩合60%以下を特別純米酒と呼ぶ。 [特別純米酒] (米: 国産米, 精米: 60%)
    ✨ [新規SKU抽出] なお、精米歩合が60%以下で品質良好なのものを特別本醸造酒と呼ぶ。 [特別本醸造酒] (米: 国産米, 精米: 60%)
    ✨ [新規SKU抽出] 吟醸酒以上の酒は全て槽搾り [吟醸酒] (米: 国産米, 精米: 非公開)
  👉 株式会社松乃井酒造場: 19 件の新規SKUを深層クローリングにより追加登録
[136/1376] 🏭 ID 222: 高野酒造株式会社 (新潟県) - https://takano-shuzo.co.jp
    ✨ [新規SKU抽出] リキュール [リキュール] (米: 国産米, 精米: 非公開)
    ✨ [新規SKU抽出] 越路吹雪　ロックで薫る　純米吟醸原酒（夏季限定） [純米吟醸酒] (米: 国産米, 精米: 非公開)
    ✨ [新規SKU抽出] 越路吹雪　純米大吟醸　磨き二割 [純米大吟醸酒] (米: 国産米, 精米: 非公開)
    ✨ [新規SKU抽出] 越路吹雪　超辛口　純米酒 [純米酒] (米: 国産米, 精米: 非公開)
  👉 高野酒造株式会社: 4 件の新規SKUを深層クローリングにより追加登録
[137/1376] 🏭 ID 223: 今代司酒造株式会社 (新潟県) - https://imayotsukasa.co.jp/
    ✨ [新規SKU抽出] 人と 木と ひととき　純米酒 木桶仕込み [純米酒] (米: 国産米, 精米: 非公開)
    ✨ [新規SKU抽出] 人と 木と ひととき 純米酒 木桶仕込み [純米酒] (米: 国産米, 精米: 非公開)
  👉 今代司酒造株式会社: 2 件の新規SKUを深層クローリングにより追加登録
[138/1376] 🏭 ID 224: 天領盃酒造株式会社 (新潟県) - https://tenryohai.co.jp/
    ✨ [新規SKU抽出] あまざけ/食品/リキュール [リキュール] (米: 国産米, 精米: 非公開)
    ✨ [新規SKU抽出] 佐渡　純米大吟醸 [純米大吟醸酒] (米: 国産米, 精米: 非公開)
    ✨ [新規SKU抽出] 大吟醸 プレミアム [大吟醸酒] (米: 国産米, 精米: 非公開)
    ✨ [新規SKU抽出] 純米吟醸  低アルコール原酒 [純米吟醸酒] (米: 国産米, 精米: 非公開)
    ✨ [新規SKU抽出] 大吟醸 冴 [大吟醸酒] (米: 国産米, 精米: 非公開)
    ✨ [新規SKU抽出] 純米吟醸 しぼりたて生原酒 [純米吟醸酒] (米: 国産米, 精米: 非公開)
    ✨ [新規SKU抽出] めちゃうまにごり酒製造セット [普通酒] (米: 国産米, 精米: 非公開)
    ✨ [新規SKU抽出] 特別本醸造　別撰 [特別本醸造酒] (米: 国産米, 精米: 非公開)
    ✨ [新規SKU抽出] 大吟醸 YK-35 [大吟醸酒] (米: 国産米, 精米: 非公開)
    ✨ [新規SKU抽出] あまざけ/食品/リキュール – tenryohai store [リキュール] (米: 国産米, 精米: 非公開)
    ✨ [新規SKU抽出] ヒミツのリキュール　ライチ [リキュール] (米: 国産米, 精米: 非公開)
    ✨ [新規SKU抽出] ヒミツのリキュール　レモン [リキュール] (米: 国産米, 精米: 非公開)
  👉 天領盃酒造株式会社: 12 件の新規SKUを深層クローリングにより追加登録
[139/1376] 🏭 ID 225: 君の井酒造株式会社 (新潟県) - http://www.kiminoi.co.jp/
    ✨ [新規SKU抽出] 君の井 山廃 [普通酒] (米: 国産米, 精米: 非公開)
    ✨ [新規SKU抽出] 香港の鑑評会TTSAにて越乃酔鬼・山廃 純米吟醸が金賞を受賞。 [純米吟醸酒] (米: 国産米, 精米: 非公開)
    ✨ [新規SKU抽出] Kura Master2026 純米酒（51～65％）部門☆金賞受賞☆ [純米酒] (米: 国産米, 精米: 非公開)
    ✨ [新規SKU抽出] 山廃仕込み [普通酒] (米: 国産米, 精米: 非公開)
  👉 君の井酒造株式会社: 4 件の新規SKUを深層クローリングにより追加登録
[140/1376] 🏭 ID 226: 株式会社新潟一粒酒造 (新潟県) - https://niigataichiryu.co.jp/
[141/1376] 🏭 ID 227: 朝妻酒造株式会社 (新潟県) - http://www.yukinomaboroshi.jp/
    ✨ [新規SKU抽出] 越乃風雪　大吟醸 [大吟醸酒] (米: 国産米, 精米: 非公開)
    ✨ [新規SKU抽出] 越乃風雪　純米吟醸 [純米吟醸酒] (米: 国産米, 精米: 非公開)
  👉 朝妻酒造株式会社: 2 件の新規SKUを深層クローリングにより追加登録
[142/1376] 🏭 ID 228: 有限会社加藤酒造店 (新潟県) - http://katoshuzoten.com/
    ✨ [新規SKU抽出] 本醸造　金鶴 [本醸造酒] (米: 国産米, 精米: 非公開)
    ✨ [新規SKU抽出] 活性にごり酒 [普通酒] (米: 国産米, 精米: 非公開)
    ✨ [新規SKU抽出] 金鶴　しぼりたて生 [普通酒] (米: 国産米, 精米: 非公開)
    ✨ [新規SKU抽出] しぼりたて生 [普通酒] (米: 国産米, 精米: 非公開)
    ✨ [新規SKU抽出] 純米吟醸　 生酒 [純米吟醸酒] (米: 国産米, 精米: 非公開)
  👉 有限会社加藤酒造店: 5 件の新規SKUを深層クローリングにより追加登録
[143/1376] 🏭 ID 229: 福顔酒造株式会社 (新潟県) - http://www.fukugao.jp
    ✨ [新規SKU抽出] 大吟醸原酒　越後五十嵐川 [大吟醸酒] (米: 国産米, 精米: 非公開)
    ✨ [新規SKU抽出] 大吟醸原酒 越後五十嵐川 [大吟醸酒] (米: 国産米, 精米: 非公開)
    ✨ [新規SKU抽出] 大吟醸酒　越後五十嵐川 [大吟醸酒] (米: 国産米, 精米: 非公開)
    ✨ [新規SKU抽出] 大吟醸 越後五十嵐川 [大吟醸酒] (米: 国産米, 精米: 非公開)
    ✨ [新規SKU抽出] 吟醸酒　越後五十嵐川 [吟醸酒] (米: 国産米, 精米: 非公開)
    ✨ [新規SKU抽出] 吟醸 越後五十嵐川 [吟醸酒] (米: 国産米, 精米: 非公開)
    ✨ [新規SKU抽出] 特別純米酒　越後五十嵐川 [特別純米酒] (米: 国産米, 精米: 非公開)
    ✨ [新規SKU抽出] 特別純米 越後五十嵐川 [特別純米酒] (米: 国産米, 精米: 非公開)
    ✨ [新規SKU抽出] 特別本醸造酒　越後五十嵐川 [特別本醸造酒] (米: 国産米, 精米: 非公開)
    ✨ [新規SKU抽出] 特別本醸造 越後五十嵐川 [特別本醸造酒] (米: 国産米, 精米: 非公開)
    ✨ [新規SKU抽出] 冬季限定しぼりたて生原酒 特別本醸造 越後五十嵐川 [特別本醸造酒] (米: 国産米, 精米: 非公開)
    ✨ [新規SKU抽出] 本醸造　福顔 [本醸造酒] (米: 国産米, 精米: 非公開)
    ✨ [新規SKU抽出] 本醸造 福顔 [本醸造酒] (米: 国産米, 精米: 非公開)
    ✨ [新規SKU抽出] 純米吟醸酒　福顔 [純米吟醸酒] (米: 国産米, 精米: 非公開)
    ✨ [新規SKU抽出] 純米吟醸酒 福顔 [純米吟醸酒] (米: 国産米, 精米: 非公開)
    ✨ [新規SKU抽出] 超辛口 純米吟醸酒　 福顔 [純米吟醸酒] (米: 国産米, 精米: 非公開)
    ✨ [新規SKU抽出] 超辛口 純米吟醸酒 福顔 [純米吟醸酒] (米: 国産米, 精米: 非公開)
    ✨ [新規SKU抽出] 純米大吟醸酒　越後平野 [純米大吟醸酒] (米: 国産米, 精米: 非公開)
    ✨ [新規SKU抽出] 純米大吟醸 越後平野 [純米大吟醸酒] (米: 国産米, 精米: 非公開)
    ✨ [新規SKU抽出] 純米吟醸酒　越後平野 [純米吟醸酒] (米: 国産米, 精米: 非公開)
    ✨ [新規SKU抽出] 純米吟醸 越後平野 [純米吟醸酒] (米: 国産米, 精米: 非公開)
    ✨ [新規SKU抽出] 純米酒　越後平野 [純米酒] (米: 国産米, 精米: 非公開)
    ✨ [新規SKU抽出] 純米酒 越後平野 [純米酒] (米: 国産米, 精米: 非公開)
    ✨ [新規SKU抽出] 純米大吟醸酒　宇寿屋 [純米大吟醸酒] (米: 国産米, 精米: 非公開)
    ✨ [新規SKU抽出] 純米大吟醸 宇寿屋 [純米大吟醸酒] (米: 国産米, 精米: 非公開)
    ✨ [新規SKU抽出] 手造りならではの温かみと米の旨味がしっかりある純米大吟醸酒です。 [純米大吟醸酒] (米: 国産米, 精米: 非公開)
    ✨ [新規SKU抽出] 吟醸酒　宇寿屋 [吟醸酒] (米: 国産米, 精米: 非公開)
    ✨ [新規SKU抽出] 吟醸 宇寿屋 [吟醸酒] (米: 国産米, 精米: 非公開)
    ✨ [新規SKU抽出] まろやか純米酒　FUKUGAO SWEET [純米酒] (米: 国産米, 精米: 非公開)
    ✨ [新規SKU抽出] まろやか純米酒 FUKUGAO SWEET [純米酒] (米: 国産米, 精米: 非公開)
    ✨ [新規SKU抽出] 本醸造生貯蔵酒 越乃雪割草 [本醸造酒] (米: 国産米, 精米: 非公開)
    ✨ [新規SKU抽出] 特別本醸造 越後大凧合戦 [特別本醸造酒] (米: 国産米, 精米: 非公開)
    ✨ [新規SKU抽出] 本醸造生貯蔵酒 越乃雪割草・福顔 [本醸造酒] (米: 国産米, 精米: 非公開)
    ✨ [新規SKU抽出] 特別純米酒 越後五十嵐川 [特別純米酒] (米: 国産米, 精米: 非公開)
    ✨ [新規SKU抽出] 大吟醸原酒 [大吟醸酒] (米: 国産米, 精米: 非公開)
    ✨ [新規SKU抽出] 特別純米酒 [特別純米酒] (米: 国産米, 精米: 非公開)
    ✨ [新規SKU抽出] 特別本醸造 [特別本醸造酒] (米: 国産米, 精米: 非公開)
    ✨ [新規SKU抽出] 本醸造生貯蔵酒 [本醸造酒] (米: 国産米, 精米: 非公開)
    ✨ [新規SKU抽出] しぼりたて生酒（冬季限定） [普通酒] (米: 国産米, 精米: 非公開)
    ✨ [新規SKU抽出] リキュール [リキュール] (米: 国産米, 精米: 非公開)
    ✨ [新規SKU抽出] キーワード : 純米吟醸　越後平野 [純米吟醸酒] (米: 国産米, 精米: 非公開)
    ✨ [新規SKU抽出] 純米吟醸　越後平野（1800ｍｌ） [純米吟醸酒] (米: 国産米, 精米: 非公開)
    ✨ [新規SKU抽出] 純米吟醸　越後平野（720ｍｌ） [純米吟醸酒] (米: 国産米, 精米: 非公開)
    ✨ [新規SKU抽出] 純米大吟醸　越後平野（1800ｍｌ） [純米大吟醸酒] (米: 国産米, 精米: 非公開)
    ✨ [新規SKU抽出] 純米大吟醸　越後平野（720ｍｌ） [純米大吟醸酒] (米: 国産米, 精米: 非公開)
    ✨ [新規SKU抽出] 純米大吟醸　越後平野 （200ｍｌ） [純米大吟醸酒] (米: 国産米, 精米: 非公開)
    ✨ [新規SKU抽出] 純米酒　越後平野（720ｍｌ） [純米酒] (米: 国産米, 精米: 非公開)
    ✨ [新規SKU抽出] 純米酒　越後平野（1800ｍｌ） [純米酒] (米: 国産米, 精米: 非公開)
    ✨ [新規SKU抽出] 大吟醸原酒　越後五十嵐川 （1800ｍｌ） [大吟醸酒] (米: 国産米, 精米: 非公開)
    ✨ [新規SKU抽出] 大吟醸原酒　越後五十嵐川 （720ｍｌ） [大吟醸酒] (米: 国産米, 精米: 非公開)
    ✨ [新規SKU抽出] 吟醸酒　越後五十嵐川（720ｍｌ） [吟醸酒] (米: 国産米, 精米: 非公開)
    ✨ [新規SKU抽出] 新発売!福顔リキュール3本セット（ [リキュール] (米: 国産米, 精米: 非公開)
    ✨ [新規SKU抽出] 新発売>フルーツでめぐる、燕三条リキュールの旅 [リキュール] (米: 国産米, 精米: 非公開)
    ✨ [新規SKU抽出] キーワード : 大吟醸 越後五十嵐川 [大吟醸酒] (米: 国産米, 精米: 非公開)
    ✨ [新規SKU抽出] 大吟醸　越後五十嵐川 （1800ｍｌ） [大吟醸酒] (米: 国産米, 精米: 非公開)
    ✨ [新規SKU抽出] 大吟醸　越後五十嵐川 （720ｍｌ） [大吟醸酒] (米: 国産米, 精米: 非公開)
    ✨ [新規SKU抽出] 吟醸酒　越後五十嵐川（1800ｍｌ） [吟醸酒] (米: 国産米, 精米: 非公開)
    ✨ [新規SKU抽出] 特別純米酒　越後五十嵐川（1800ｍｌ） [特別純米酒] (米: 国産米, 精米: 非公開)
    ✨ [新規SKU抽出] 特別純米酒　越後五十嵐川（720ｍｌ） [特別純米酒] (米: 国産米, 精米: 非公開)
    ✨ [新規SKU抽出] キーワード : 本醸造　福顔 [本醸造酒] (米: 国産米, 精米: 非公開)
    ✨ [新規SKU抽出] 本醸造　福顔（720ｍｌ） [本醸造酒] (米: 国産米, 精米: 非公開)
    ✨ [新規SKU抽出] 本醸造　福顔（1800ｍｌ） [本醸造酒] (米: 国産米, 精米: 非公開)
    ✨ [新規SKU抽出] 冬季限定特別本醸造　福顔　金箔入（1800ｍｌ） [特別本醸造酒] (米: 国産米, 精米: 非公開)
    ✨ [新規SKU抽出] 金箔が舞う華やかな一杯！お祝いの席や贈り物にもぴったりな特別本醸造です。 [特別本醸造酒] (米: 国産米, 精米: 非公開)
    ✨ [新規SKU抽出] 本醸造酒 福顔 [本醸造酒] (米: 国産米, 精米: 非公開)
    ✨ [新規SKU抽出] 特別本醸造　越後五十嵐川（720ｍｌ） [特別本醸造酒] (米: 国産米, 精米: 非公開)
    ✨ [新規SKU抽出] 特別本醸造　越後五十嵐川（1800ｍｌ） [特別本醸造酒] (米: 国産米, 精米: 非公開)
    ✨ [新規SKU抽出] 特別本醸造　越後大凧合戦（720ｍｌ） [特別本醸造酒] (米: 国産米, 精米: 非公開)
    ✨ [新規SKU抽出] 特別本醸造　越後大凧合戦（1800ｍｌ） [特別本醸造酒] (米: 国産米, 精米: 非公開)
    ✨ [新規SKU抽出] 福顔の梅酒（ [リキュール] (米: 国産米, 精米: 非公開)
    ✨ [新規SKU抽出] 田上産越の梅>贅沢ブレンド！日本酒ベースだからまろやかで飲みやすい梅酒です。 [リキュール] (米: 国産米, 精米: 非公開)
    ✨ [新規SKU抽出] 本醸造生貯蔵酒　越乃雪割草（720ｍｌ） [本醸造酒] (米: 国産米, 精米: 非公開)
    ✨ [新規SKU抽出] 純米吟醸酒　福顔（ [純米吟醸酒] (米: 国産米, 精米: 非公開)
  👉 福顔酒造株式会社: 73 件の新規SKUを深層クローリングにより追加登録
[144/1376] 🏭 ID 230: 宮尾酒造株式会社 (新潟県) - http://www.shimeharitsuru.co.jp
[145/1376] 🏭 ID 231: 尾畑酒造株式会社 (新潟県) - http://www.obata-shuzo.com
    ✨ [新規SKU抽出] 真野鶴　金の道　大吟醸 [大吟醸酒] (米: 国産米, 精米: 非公開)
    ✨ [新規SKU抽出] 山田錦磨35大吟醸「真野鶴・万穂（まほ）」 [大吟醸酒] (米: 山田錦, 精米: 非公開)
    ✨ [新規SKU抽出] 大吟醸雫酒　錦の真野鶴 [大吟醸酒] (米: 国産米, 精米: 非公開)
    ✨ [新規SKU抽出] 真野鶴　大吟醸 [大吟醸酒] (米: 国産米, 精米: 非公開)
    ✨ [新規SKU抽出] 真野鶴・大吟醸無濾過原酒瓶燗火入れ [大吟醸酒] (米: 国産米, 精米: 非公開)
    ✨ [新規SKU抽出] 真野鶴・大吟醸　無濾過生原酒 [大吟醸酒] (米: 国産米, 精米: 非公開)
    ✨ [新規SKU抽出] 超辛口純米大吟醸原酒 [純米大吟醸酒] (米: 国産米, 精米: 非公開)
    ✨ [新規SKU抽出] circle20 純米大吟醸」 [純米大吟醸酒] (米: 国産米, 精米: 非公開)
    ✨ [新規SKU抽出] flat40 純米大吟醸」 [純米大吟醸酒] (米: 国産米, 精米: 非公開)
    ✨ [新規SKU抽出] 越淡麗・純米大吟醸「真野鶴・実来（みく）」 [純米大吟醸酒] (米: 越淡麗, 精米: 非公開)
    ✨ [新規SKU抽出] 真野鶴「純米大吟醸　佐渡山田錦」 [純米大吟醸酒] (米: 山田錦, 精米: 非公開)
    ✨ [新規SKU抽出] 真野鶴　純米大吟醸「辛口生一本」 [純米大吟醸酒] (米: 国産米, 精米: 非公開)
    ✨ [新規SKU抽出] 「真野鶴・純米大吟醸原酒」 [純米大吟醸酒] (米: 国産米, 精米: 非公開)
    ✨ [新規SKU抽出] 真野鶴　辛口吟醸 [吟醸酒] (米: 国産米, 精米: 非公開)
    ✨ [新規SKU抽出] 真野鶴・純米吟醸 [純米吟醸酒] (米: 国産米, 精米: 非公開)
    ✨ [新規SKU抽出] 真野鶴・純米吟醸　朱鷺と暮らす [純米吟醸酒] (米: 国産米, 精米: 非公開)
    ✨ [新規SKU抽出] 真野鶴　純米吟醸原酒 [純米吟醸酒] (米: 国産米, 精米: 非公開)
    ✨ [新規SKU抽出] 特別純米酒　壱穂 [特別純米酒] (米: 国産米, 精米: 非公開)
    ✨ [新規SKU抽出] 真野鶴　辛口純米酒 [純米酒] (米: 国産米, 精米: 非公開)
    ✨ [新規SKU抽出] 佐渡金山貯蔵古酒『真野鶴大吟醸BY2019』 [大吟醸酒] (米: 国産米, 精米: 非公開)
    ✨ [新規SKU抽出] 佐渡金山貯蔵古酒『真野鶴大吟醸原酒BY2018』 [大吟醸酒] (米: 国産米, 精米: 非公開)
    ✨ [新規SKU抽出] 「かなでる / KANADEL 純米大吟醸おりからみ」 [純米大吟醸酒] (米: 国産米, 精米: 非公開)
    ✨ [新規SKU抽出] 「かなでる / KANADEL 純米吟醸 生モト」 [純米吟醸酒] (米: 国産米, 精米: 非公開)
    ✨ [新規SKU抽出] 「かなでる / KANADEL 純米大吟醸にごり」con dolcezza 生 [純米大吟醸酒] (米: 国産米, 精米: 非公開)
    ✨ [新規SKU抽出] 真野鶴『見上げてごらん』純米大吟醸 [純米大吟醸酒] (米: 国産米, 精米: 非公開)
    ✨ [新規SKU抽出] 真野鶴「佐渡の梅で仕込んだ梅酒」 [リキュール] (米: 国産米, 精米: 非公開)
    ✨ [新規SKU抽出] 大吟醸酒ケーキ [大吟醸酒] (米: 国産米, 精米: 非公開)
    ✨ [新規SKU抽出] 日本で１，２を争う超辛口の純米酒 [純米酒] (米: 国産米, 精米: 非公開)
    ✨ [新規SKU抽出] 「真野鶴・純米吟醸原酒」 [純米吟醸酒] (米: 国産米, 精米: 非公開)
    ✨ [新規SKU抽出] 同じ純米タイプながらまったく正反対の個性派純米吟醸。 [純米吟醸酒] (米: 国産米, 精米: 非公開)
    ✨ [新規SKU抽出] 秋の限定酒『純米ひやおろし』発売開始のご案内 [純米酒] (米: 国産米, 精米: 非公開)
    ✨ [新規SKU抽出] 日本酒度＋19！漆黒の超辛口純米大吟醸「超BLACK真野鶴」誕生 [純米大吟醸酒] (米: 国産米, 精米: 非公開)
    ✨ [新規SKU抽出] 祝・世界遺産登録！「佐渡金山貯蔵古酒・大吟醸原酒BY2018」 [大吟醸酒] (米: 国産米, 精米: 非公開)
    ✨ [新規SKU抽出] 大吟醸酒ケーキ約550ｇ [大吟醸酒] (米: 国産米, 精米: 非公開)
    ✨ [新規SKU抽出] 超BLACK真野鶴
超辛口純米大吟醸原酒 [純米大吟醸酒] (米: 国産米, 精米: 非公開)
    ✨ [新規SKU抽出] 「深静 MIJO～Deep Silence～
flat40 純米大吟醸」 [純米大吟醸酒] (米: 国産米, 精米: 非公開)
  👉 尾畑酒造株式会社: 36 件の新規SKUを深層クローリングにより追加登録
[146/1376] 🏭 ID 232: 関原酒造株式会社 (新潟県) - https://www.harashuzo.com/
[147/1376] 🏭 ID 233: 菊水酒造株式会社 (新潟県) - https://www.kikusui-sake.com/
    ✨ [新規SKU抽出] 菊水しぼりたて [普通酒] (米: 国産米, 精米: 非公開)
    ✨ [新規SKU抽出] 純米生原酒 [純米酒] (米: 国産米, 精米: 非公開)
    ✨ [新規SKU抽出] プレミアム生原酒缶 [普通酒] (米: 国産米, 精米: 非公開)
    ✨ [新規SKU抽出] 菊水しぼりたて純米生原酒 [純米酒] (米: 国産米, 精米: 非公開)
    ✨ [新規SKU抽出] 新商品「菊水純米吟醸生原酒セット」空港免税店にて販売中 [純米吟醸酒] (米: 国産米, 精米: 非公開)
    ✨ [新規SKU抽出] 菊水ゼロ - いつもの味わいを、もっと自由に。大吟醸テイストのノンアル日本酒 [大吟醸酒] (米: 国産米, 精米: 非公開)
    ✨ [新規SKU抽出] 看板：スパークリング [普通酒] (米: 国産米, 精米: 非公開)
    ✨ [新規SKU抽出] 看板：大吟醸テイスト [大吟醸酒] (米: 国産米, 精米: 非公開)
    ✨ [新規SKU抽出] 看板：菊水ゼロ スパークリング 大吟醸テイスト ALC.0.000% [大吟醸酒] (米: 国産米, 精米: 00%)
    ✨ [新規SKU抽出] 商品：菊水ゼロ スパークリング 大吟醸テイスト ALC.0.000% [大吟醸酒] (米: 国産米, 精米: 00%)
    ✨ [新規SKU抽出] スライダー画像：菊水ゼロ スパークリング 大吟醸テイスト ALC.0.000% [大吟醸酒] (米: 国産米, 精米: 00%)
  👉 菊水酒造株式会社: 11 件の新規SKUを深層クローリングにより追加登録
[148/1376] 🏭 ID 234: 加賀の井酒造株式会社 (新潟県) - http://www.kaganoi.co.jp/
    ✨ [新規SKU抽出] 「加賀の井 純米吟醸 しぼりたて生」発売のお知らせ [純米吟醸酒] (米: 国産米, 精米: 非公開)
    ✨ [新規SKU抽出] 加賀の井 純米吟醸しぼりたて生 [純米吟醸酒] (米: 国産米, 精米: 非公開)
  👉 加賀の井酒造株式会社: 2 件の新規SKUを深層クローリングにより追加登録
[149/1376] 🏭 ID 235: 久須美酒造株式会社 (新潟県) - https://www.facebook.com/profile.php?id=100057280607069
[150/1376] 🏭 ID 236: 株式会社よしかわ杜氏の郷 (新潟県) - http://www.yoshikawa-touji.co.jp
    ✨ [新規SKU抽出] 特別本醸造酒 [特別本醸造酒] (米: 国産米, 精米: 非公開)
    ✨ [新規SKU抽出] 純米しぼりたて生原酒 [純米酒] (米: 国産米, 精米: 非公開)
  👉 株式会社よしかわ杜氏の郷: 2 件の新規SKUを深層クローリングにより追加登録
[151/1376] 🏭 ID 237: 阿部酒造株式会社 (新潟県) - http://www.abeshuzo.com
[152/1376] 🏭 ID 238: 河忠酒造株式会社 (新潟県) - http://www.soutenbou.jp
    ✨ [新規SKU抽出] 外伝辛口純米酒 [純米酒] (米: 国産米, 精米: 非公開)
    ✨ [新規SKU抽出] 外伝 辛口純米酒 [純米酒] (米: 国産米, 精米: 非公開)
    ✨ [新規SKU抽出] ＞　外伝　辛口純米酒 [純米酒] (米: 国産米, 精米: 非公開)
    ✨ [新規SKU抽出] 外伝　辛口純米酒 [純米酒] (米: 国産米, 精米: 非公開)
    ✨ [新規SKU抽出] 《 外伝　辛口純米酒 》 [純米酒] (米: 国産米, 精米: 非公開)
    ✨ [新規SKU抽出] 外伝辛口純米酒おりがらみ生 [純米酒] (米: 国産米, 精米: 非公開)
    ✨ [新規SKU抽出] 《 外伝　辛口純米酒　おりがらみ生 》 [純米酒] (米: 国産米, 精米: 非公開)
    ✨ [新規SKU抽出] 製品案内想天坊　契約栽培　あいがも米の純米吟醸酒へ [純米吟醸酒] (米: 国産米, 精米: 非公開)
    ✨ [新規SKU抽出] 《 想天坊 本醸造 》 [本醸造酒] (米: 国産米, 精米: 非公開)
    ✨ [新規SKU抽出] 郷杜氏の「越後流」の美味さを、手軽に味わえる本醸造酒です。 [本醸造酒] (米: 国産米, 精米: 非公開)
    ✨ [新規SKU抽出] 特別本醸造　技 [特別本醸造酒] (米: 国産米, 精米: 非公開)
    ✨ [新規SKU抽出] 《 想天坊 特別本醸造「技」》 [特別本醸造酒] (米: 国産米, 精米: 非公開)
    ✨ [新規SKU抽出] 《 想天坊 純米酒 》 [純米酒] (米: 国産米, 精米: 非公開)
    ✨ [新規SKU抽出] 越後高嶺錦純米吟醸 [純米吟醸酒] (米: 国産米, 精米: 非公開)
    ✨ [新規SKU抽出] 《 想天坊 越後高嶺錦 純米吟醸 》 [純米吟醸酒] (米: 国産米, 精米: 非公開)
    ✨ [新規SKU抽出] 越淡麗 大吟醸 [大吟醸酒] (米: 越淡麗, 精米: 非公開)
    ✨ [新規SKU抽出] 越淡麗　大吟醸 [大吟醸酒] (米: 越淡麗, 精米: 非公開)
    ✨ [新規SKU抽出] 《 想天坊 越淡麗 大吟醸 》 [大吟醸酒] (米: 越淡麗, 精米: 非公開)
    ✨ [新規SKU抽出] 高嶺錦　純米大吟醸 [純米大吟醸酒] (米: 国産米, 精米: 非公開)
    ✨ [新規SKU抽出] 《 想天坊 高嶺錦 純米大吟醸 》 [純米大吟醸酒] (米: 国産米, 精米: 非公開)
    ✨ [新規SKU抽出] 大吟醸酒の品の良さと、純米造りの豊かな味わいを併せ持った奥の深いお酒です。 [大吟醸酒] (米: 国産米, 精米: 非公開)
  👉 河忠酒造株式会社: 21 件の新規SKUを深層クローリングにより追加登録
[153/1376] 🏭 ID 239: LAGOON BREWERY合同会社(ラグーンブリュワリー) (新潟県) - https://lagoon-brewery.com/
[154/1376] 🏭 ID 240: 田原酒造株式会社 (新潟県) - https://www.harashuzo.com/
[155/1376] 🏭 ID 241: 金升酒造株式会社 (新潟県) - http://kanemasu-sake.co.jp/
    ✨ [新規SKU抽出] 純米酒「初花」 [純米酒] (米: 国産米, 精米: 非公開)
    ✨ [新規SKU抽出] 焼酎「かねます」・「梅酒」 [リキュール] (米: 国産米, 精米: 非公開)
    ✨ [新規SKU抽出] 純米大吟醸初花 [純米大吟醸酒] (米: 国産米, 精米: 非公開)
    ✨ [新規SKU抽出] 純米大吟醸 初花 [純米大吟醸酒] (米: 国産米, 精米: 非公開)
    ✨ [新規SKU抽出] 純米大吟醸 / アルコール度数16度 / 原料米 越淡麗 自社栽培米 40％精米 [純米大吟醸酒] (米: 越淡麗, 精米: 非公開)
    ✨ [新規SKU抽出] 当蔵最高峰、華やかな風味の純米大吟醸 [純米大吟醸酒] (米: 国産米, 精米: 非公開)
    ✨ [新規SKU抽出] 特別純米 初花 [特別純米酒] (米: 国産米, 精米: 非公開)
    ✨ [新規SKU抽出] 特別純米 / アルコール度数15度 / 原料米 越淡麗 新潟県産米 [特別純米酒] (米: 越淡麗, 精米: 非公開)
    ✨ [新規SKU抽出] 花びらのように軽快な特別純米 [特別純米酒] (米: 国産米, 精米: 非公開)
    ✨ [新規SKU抽出] 本格米焼酎かねます [本格焼酎] (米: 国産米, 精米: 非公開)
    ✨ [新規SKU抽出] 本格米焼酎 かねます 25% [本格焼酎] (米: 国産米, 精米: 25%)
    ✨ [新規SKU抽出] 米焼酎 / アルコール度数25度 [本格焼酎] (米: 国産米, 精米: 非公開)
    ✨ [新規SKU抽出] 日本酒蔵の本格米焼酎 [本格焼酎] (米: 国産米, 精米: 非公開)
    ✨ [新規SKU抽出] 本格米焼酎かねます 樫樽貯蔵長期熟成 [本格焼酎] (米: 国産米, 精米: 非公開)
    ✨ [新規SKU抽出] 本格米焼酎 かねます 樫樽貯蔵長期熟成 35% [本格焼酎] (米: 国産米, 精米: 35%)
    ✨ [新規SKU抽出] 米焼酎 / アルコール度数35度 [本格焼酎] (米: 国産米, 精米: 非公開)
    ✨ [新規SKU抽出] 樫樽梅酒 [リキュール] (米: 国産米, 精米: 非公開)
    ✨ [新規SKU抽出] リキュール 樫樽梅酒 [リキュール] (米: 国産米, 精米: 非公開)
    ✨ [新規SKU抽出] リキュール / アルコール度数15度 [リキュール] (米: 国産米, 精米: 非公開)
    ✨ [新規SKU抽出] 大人の味わい梅酒 [リキュール] (米: 国産米, 精米: 非公開)
  👉 金升酒造株式会社: 20 件の新規SKUを深層クローリングにより追加登録
[156/1376] 🏭 ID 242: 恩田酒造株式会社 (新潟県) - http://www.maitsuru.com
    ✨ [新規SKU抽出] にごり酒 [普通酒] (米: 国産米, 精米: 非公開)
    ✨ [新規SKU抽出] 舞鶴鼓純米大吟醸トロピカル [純米大吟醸酒] (米: 国産米, 精米: 非公開)
    ✨ [新規SKU抽出] 舞鶴鼓 純米大吟醸生原酒 トロピカル [純米大吟醸酒] (米: 国産米, 精米: 非公開)
  👉 恩田酒造株式会社: 3 件の新規SKUを深層クローリングにより追加登録
[157/1376] 🏭 ID 243: 笹祝酒造株式会社 (新潟県) - http://www.sasaiwai.com
    ✨ [新規SKU抽出] ①スパークリング日本酒 祝吹-ｼｭｸﾌｸ- イエローラベル有料試飲 [普通酒] (米: 国産米, 精米: 非公開)
    ✨ [新規SKU抽出] ②にいがた酒の陣限定酒 ～R１BY～ 五年熟成 大吟醸原酒 [大吟醸酒] (米: 国産米, 精米: 非公開)
    ✨ [新規SKU抽出] ③にいがた酒の陣限定酒 ～ハードパンチャー～普通酒生酛 無濾過生原酒 [普通酒] (米: 国産米, 精米: 非公開)
    ✨ [新規SKU抽出] ④笹祝 出品酒 大吟醸原酒 [大吟醸酒] (米: 国産米, 精米: 非公開)
    ✨ [新規SKU抽出] ⑤笹祝 特別純米酒 しぼりたて生原酒 [特別純米酒] (米: 国産米, 精米: 非公開)
    ✨ [新規SKU抽出] 笹祝 スパークリング日本酒 祝吹（しゅくふく）イエローラベル [普通酒] (米: 国産米, 精米: 非公開)
    ✨ [新規SKU抽出] 笹祝 コシヒカリ生酛純米無濾過 [純米酒] (米: 国産米, 精米: 非公開)
    ✨ [新規SKU抽出] 竹林爽風 特別純米酒 龍躍 生原酒 発売 [特別純米酒] (米: 国産米, 精米: 非公開)
  👉 笹祝酒造株式会社: 8 件の新規SKUを深層クローリングにより追加登録
[158/1376] 🏭 ID 244: 株式会社北雪酒造 (新潟県) - http://sake-hokusetsu.com
    ✨ [新規SKU抽出] 北雪　純米大吟醸　越淡麗　光 [純米大吟醸酒] (米: 越淡麗, 精米: 非公開)
    ✨ [新規SKU抽出] 北雪　大吟醸YK35 [大吟醸酒] (米: 国産米, 精米: 非公開)
  👉 株式会社北雪酒造: 2 件の新規SKUを深層クローリングにより追加登録
[159/1376] 🏭 ID 245: 鮎正宗酒造株式会社 (新潟県) - http://www.ayumasamune.com/
    ✨ [新規SKU抽出] 特別本醸造 [特別本醸造酒] (米: 国産米, 精米: 非公開)
    ✨ [新規SKU抽出] にごり酒 [普通酒] (米: 国産米, 精米: 非公開)
    ✨ [新規SKU抽出] 特選　大吟醸原酒　『鮎』 [大吟醸酒] (米: 国産米, 精米: 非公開)
    ✨ [新規SKU抽出] 長期低温発酵させた大吟醸原酒。 [大吟醸酒] (米: 国産米, 精米: 非公開)
    ✨ [新規SKU抽出] 大吟醸　『鮎』 [大吟醸酒] (米: 国産米, 精米: 非公開)
    ✨ [新規SKU抽出] 華やかな吟醸香に、上品な酒質の中に [吟醸酒] (米: 国産米, 精米: 非公開)
    ✨ [新規SKU抽出] 喉越しも滑らかな大吟醸。 [大吟醸酒] (米: 国産米, 精米: 非公開)
    ✨ [新規SKU抽出] 純米吟醸　金ラベル　『鮎』 [純米吟醸酒] (米: 国産米, 精米: 非公開)
    ✨ [新規SKU抽出] 純米吟醸　銀ラベル　『鮎』 [純米吟醸酒] (米: 国産米, 精米: 非公開)
    ✨ [新規SKU抽出] 純米吟醸　雪中貯蔵　『鮎』 [純米吟醸酒] (米: 国産米, 精米: 非公開)
    ✨ [新規SKU抽出] 自然の雪室で低温貯蔵させた純米吟醸。 [純米吟醸酒] (米: 国産米, 精米: 非公開)
    ✨ [新規SKU抽出] 純米吟醸生酒　『初鮎』 [純米吟醸酒] (米: 国産米, 精米: 非公開)
    ✨ [新規SKU抽出] 純米吟醸原酒　古酒　『鮎』 [純米吟醸酒] (米: 国産米, 精米: 非公開)
    ✨ [新規SKU抽出] 純米酒　『鮎正宗』 [純米酒] (米: 国産米, 精米: 非公開)
    ✨ [新規SKU抽出] 純米生原酒　『鮎正宗』 [純米酒] (米: 国産米, 精米: 非公開)
    ✨ [新規SKU抽出] 上槽後間もない若々しさのある純米生原酒。 [純米酒] (米: 国産米, 精米: 非公開)
    ✨ [新規SKU抽出] 生原酒ならではのフレッシュさと芳醇で [普通酒] (米: 国産米, 精米: 非公開)
    ✨ [新規SKU抽出] 純米酒　たかね錦　『鮎正宗』 [純米酒] (米: 国産米, 精米: 非公開)
    ✨ [新規SKU抽出] 純米酒。 [純米酒] (米: 国産米, 精米: 非公開)
    ✨ [新規SKU抽出] 特別本醸造　『鮎正宗』 [特別本醸造酒] (米: 国産米, 精米: 非公開)
    ✨ [新規SKU抽出] 特別本醸造　生貯蔵酒　『初鮎』 [特別本醸造酒] (米: 国産米, 精米: 非公開)
    ✨ [新規SKU抽出] 本醸造　『鮎正宗』 [本醸造酒] (米: 国産米, 精米: 非公開)
    ✨ [新規SKU抽出] 純米にごり酒　『 [純米酒] (米: 国産米, 精米: 非公開)
    ✨ [新規SKU抽出] 純米にごり酒 [純米酒] (米: 国産米, 精米: 非公開)
    ✨ [新規SKU抽出] 純米にごり酒。 [純米酒] (米: 国産米, 精米: 非公開)
    ✨ [新規SKU抽出] にごり酒　『さるはし～チルチル～』 [普通酒] (米: 国産米, 精米: 非公開)
    ✨ [新規SKU抽出] きめ細やかな低アルコールのにごり酒。 [普通酒] (米: 国産米, 精米: 非公開)
    ✨ [新規SKU抽出] 日本酒のスパークリングです。 [普通酒] (米: 国産米, 精米: 非公開)
  👉 鮎正宗酒造株式会社: 28 件の新規SKUを深層クローリングにより追加登録
[160/1376] 🏭 ID 246: 合資会社竹田酒造店 (新潟県) - http://www.katafune.jp/
    ✨ [新規SKU抽出] 大吟醸　かたふね（斗瓶仕様） [大吟醸酒] (米: 国産米, 精米: 非公開)
    ✨ [新規SKU抽出] 大吟醸　雪舟 [大吟醸酒] (米: 国産米, 精米: 非公開)
    ✨ [新規SKU抽出] 純米大吟醸　かたふね [純米大吟醸酒] (米: 国産米, 精米: 非公開)
    ✨ [新規SKU抽出] 純米吟醸　かたふね [純米吟醸酒] (米: 国産米, 精米: 非公開)
    ✨ [新規SKU抽出] 特別本醸造　かたふね [特別本醸造酒] (米: 国産米, 精米: 非公開)
    ✨ [新規SKU抽出] 本醸造　潟舟 [本醸造酒] (米: 国産米, 精米: 非公開)
    ✨ [新規SKU抽出] 本醸造　かたふね（生貯蔵） [本醸造酒] (米: 国産米, 精米: 非公開)
    ✨ [新規SKU抽出] 特別本醸造 [特別本醸造酒] (米: 国産米, 精米: 非公開)
    ✨ [新規SKU抽出] 特別本醸造　かたふね（本生しぼりたて） [特別本醸造酒] (米: 国産米, 精米: 非公開)
    ✨ [新規SKU抽出] 純米　春のにごり酒 [純米酒] (米: 国産米, 精米: 非公開)
    ✨ [新規SKU抽出] リキュール [リキュール] (米: 国産米, 精米: 非公開)
    ✨ [新規SKU抽出] ひやおろし 9月～10月頃限定 [普通酒] (米: 国産米, 精米: 非公開)
    ✨ [新規SKU抽出] 純米　夏のにごり酒 [純米酒] (米: 国産米, 精米: 非公開)
    ✨ [新規SKU抽出] 特別本醸造　かたふね（ひやおろし） [特別本醸造酒] (米: 国産米, 精米: 非公開)
    ✨ [新規SKU抽出] かたふね　純米　夏のにごり酒　限定販売中 [純米酒] (米: 国産米, 精米: 非公開)
    ✨ [新規SKU抽出] IWC日本酒部門・本醸造トロフィー賞受賞 [本醸造酒] (米: 国産米, 精米: 非公開)
    ✨ [新規SKU抽出] 大吟醸かたふね（斗瓶仕様） [大吟醸酒] (米: 国産米, 精米: 非公開)
    ✨ [新規SKU抽出] 大吟醸雪舟 [大吟醸酒] (米: 国産米, 精米: 非公開)
    ✨ [新規SKU抽出] 純米大吟醸かたふね [純米大吟醸酒] (米: 国産米, 精米: 非公開)
    ✨ [新規SKU抽出] 純米吟醸かたふね [純米吟醸酒] (米: 国産米, 精米: 非公開)
    ✨ [新規SKU抽出] 特別本醸造かたふね [特別本醸造酒] (米: 国産米, 精米: 非公開)
    ✨ [新規SKU抽出] 本醸造潟舟 [本醸造酒] (米: 国産米, 精米: 非公開)
    ✨ [新規SKU抽出] 本醸造生貯蔵 [本醸造酒] (米: 国産米, 精米: 非公開)
    ✨ [新規SKU抽出] 特別本醸造かたふね（本生しぼりたて） [特別本醸造酒] (米: 国産米, 精米: 非公開)
    ✨ [新規SKU抽出] 3~4月頃限定 ひやおろし9～10月限定 [普通酒] (米: 国産米, 精米: 非公開)
    ✨ [新規SKU抽出] 特別本醸造かたふね（ひやおろし） [特別本醸造酒] (米: 国産米, 精米: 非公開)
    ✨ [新規SKU抽出] ひやおろし発売　十代目 [普通酒] (米: 国産米, 精米: 非公開)
  👉 合資会社竹田酒造店: 27 件の新規SKUを深層クローリングにより追加登録
[161/1376] 🏭 ID 247: 髙千代酒造株式会社 (新潟県) - http://www.takachiyo.co.jp
[162/1376] 🏭 ID 248: 塩川酒造株式会社 (新潟県) - https://www.shiokawa.biz
[163/1376] 🏭 ID 249: 石本酒造株式会社 (新潟県) - https://koshinokanbai.co.jp/
    ✨ [新規SKU抽出] 大吟醸　※ [大吟醸酒] (米: 国産米, 精米: 非公開)
    ✨ [新規SKU抽出] 35％に磨いた山田錦を使用。海外でも数々の受賞歴を誇る、越乃寒梅最高峰の純米酒です。 [純米酒] (米: 山田錦, 精米: 非公開)
    ✨ [新規SKU抽出] 越乃寒梅の最高峰に位置付けられる大吟醸「超特撰」と純米大吟醸「金無垢」の2本セット。 [純米大吟醸酒] (米: 国産米, 精米: 非公開)
    ✨ [新規SKU抽出] 近年の純米酒トレンドとは一線を画す、スッキリとしてライトな感覚の純米吟醸酒です。 [純米吟醸酒] (米: 国産米, 精米: 非公開)
    ✨ [新規SKU抽出] 生酛系酒母柱焼酎仕込 [本格焼酎] (米: 国産米, 精米: 非公開)
  👉 石本酒造株式会社: 5 件の新規SKUを深層クローリングにより追加登録
[164/1376] 🏭 ID 250: 株式会社サケアイ | SAKENOVA BREWERY (新潟県) - https://sakeai.co.jp/
[165/1376] 🏭 ID 252: たからやま醸造株式会社 (新潟県) - https://shop.takarayama-brewery.co.jp/
    ✨ [新規SKU抽出] 季節限定酒 　 たからやま 純米酒 夏の花火　発売中 [純米酒] (米: 国産米, 精米: 非公開)
    ✨ [新規SKU抽出] 宝ノ極 純米大吟醸ブラック [純米大吟醸酒] (米: 国産米, 精米: 非公開)
    ✨ [新規SKU抽出] 宝ノ極 純米大吟醸バーガンディ [純米大吟醸酒] (米: 国産米, 精米: 非公開)
    ✨ [新規SKU抽出] 宝山 純米大吟醸 別誂 山田錦50 [純米大吟醸酒] (米: 山田錦, 精米: 非公開)
    ✨ [新規SKU抽出] 宝山 純米大吟醸 別誂 山田錦40 [純米大吟醸酒] (米: 山田錦, 精米: 非公開)
    ✨ [新規SKU抽出] リキュール (4) [リキュール] (米: 国産米, 精米: 非公開)
    ✨ [新規SKU抽出] 酒器入りギフト たからやま 純米大吟醸 [純米大吟醸酒] (米: 国産米, 精米: 非公開)
    ✨ [新規SKU抽出] 豪華純米大吟醸セット [純米大吟醸酒] (米: 国産米, 精米: 非公開)
    ✨ [新規SKU抽出] たからやま 純米吟醸・純米大吟醸セット [純米大吟醸酒] (米: 国産米, 精米: 非公開)
    ✨ [新規SKU抽出] たからやま純米・純米吟醸セット [純米吟醸酒] (米: 国産米, 精米: 非公開)
    ✨ [新規SKU抽出] たからやま 純米酒 夏の花火 [純米酒] (米: 国産米, 精米: 非公開)
  👉 たからやま醸造株式会社: 11 件の新規SKUを深層クローリングにより追加登録
[166/1376] 🏭 ID 253: 柏露酒造株式会社 (新潟県) - http://www.hakuroshuzo.co.jp
    ✨ [新規SKU抽出] 限定商品「さんずい 純米大吟醸 無濾過生原酒」4月22日(水)蔵出し [純米大吟醸酒] (米: 国産米, 精米: 非公開)
    ✨ [新規SKU抽出] リキュール [リキュール] (米: 国産米, 精米: 非公開)
    ✨ [新規SKU抽出] リキュール | 商品紹介 | 新潟長岡の酒造　柏露酒造 [リキュール] (米: 国産米, 精米: 非公開)
    ✨ [新規SKU抽出] さんずい 純米大吟醸 無濾過生原酒 直汲み [純米大吟醸酒] (米: 国産米, 精米: 非公開)
    ✨ [新規SKU抽出] さんずい 純米大吟醸 無濾過生原酒 [純米大吟醸酒] (米: 国産米, 精米: 非公開)
    ✨ [新規SKU抽出] さんずい 純米大吟醸 生詰め [純米大吟醸酒] (米: 国産米, 精米: 非公開)
  👉 柏露酒造株式会社: 6 件の新規SKUを深層クローリングにより追加登録
[167/1376] 🏭 ID 254: 峰乃白梅酒造株式会社 (新潟県) - http://www.minenohakubai.co.jp/
[168/1376] 🏭 ID 255: 越つかの酒造株式会社 (新潟県) - http://www.osakenet.jp/
    ✨ [新規SKU抽出] ・商品名：越乃あじわい特撰純米酒 [純米酒] (米: 国産米, 精米: 非公開)
    ✨ [新規SKU抽出] 純米大吟醸酒粕パウダー 珀祥粕 [純米大吟醸酒] (米: 国産米, 精米: 非公開)
    ✨ [新規SKU抽出] 梅酒スパークリング　梅の泉 [リキュール] (米: 国産米, 精米: 非公開)
    ✨ [新規SKU抽出] 梅酒スパークリング　梅乃泉 [リキュール] (米: 国産米, 精米: 非公開)
    ✨ [新規SKU抽出] 清酒スパークリング雪の雹 [普通酒] (米: 国産米, 精米: 非公開)
    ✨ [新規SKU抽出] 清酒スパークリング　雪の雹 [普通酒] (米: 国産米, 精米: 非公開)
    ✨ [新規SKU抽出] 大吟醸酒 河内屋  義照　７２０ｍｌ [大吟醸酒] (米: 国産米, 精米: 非公開)
    ✨ [新規SKU抽出] 大吟醸酒 河内屋  義照　１８００ｍｌ [大吟醸酒] (米: 国産米, 精米: 非公開)
    ✨ [新規SKU抽出] 梅酒　梅乃泉　７２０ｍｌ [リキュール] (米: 国産米, 精米: 非公開)
    ✨ [新規SKU抽出] 純米酒 五頭の酔泉 ３００ｍｌ [純米酒] (米: 国産米, 精米: 非公開)
    ✨ [新規SKU抽出] 純米酒 五頭の酔泉 ７２０ｍｌ [純米酒] (米: 国産米, 精米: 非公開)
    ✨ [新規SKU抽出] 純米酒 五頭の酔泉 １．８L [純米酒] (米: 国産米, 精米: 非公開)
    ✨ [新規SKU抽出] 特撰純米酒 越乃あじわい １．８L [純米酒] (米: 国産米, 精米: 非公開)
    ✨ [新規SKU抽出] 特撰純米酒 越乃あじわい ７２０ｍｌ [純米酒] (米: 国産米, 精米: 非公開)
    ✨ [新規SKU抽出] 特撰純米酒 越乃あじわい ３００ｍｌ [純米酒] (米: 国産米, 精米: 非公開)
    ✨ [新規SKU抽出] 純米大吟醸酒 嘉祥　１．８L [純米大吟醸酒] (米: 国産米, 精米: 非公開)
    ✨ [新規SKU抽出] 特撰吟醸酒 五頭の雪 ７２０ｍｌ [吟醸酒] (米: 国産米, 精米: 非公開)
    ✨ [新規SKU抽出] 特撰吟醸酒 五頭の雪 １．８L [吟醸酒] (米: 国産米, 精米: 非公開)
    ✨ [新規SKU抽出] 特撰吟醸酒 越乃あじわい ３００ｍｌ [吟醸酒] (米: 国産米, 精米: 非公開)
    ✨ [新規SKU抽出] 特撰吟醸酒 越乃あじわい ７２０ｍｌ [吟醸酒] (米: 国産米, 精米: 非公開)
    ✨ [新規SKU抽出] 特撰吟醸酒 越乃あじわい １．８L [吟醸酒] (米: 国産米, 精米: 非公開)
    ✨ [新規SKU抽出] 純米吟醸酒 五頭の峰 ７２０ｍｌ [純米吟醸酒] (米: 国産米, 精米: 非公開)
    ✨ [新規SKU抽出] 大吟醸酒 [大吟醸酒] (米: 国産米, 精米: 非公開)
    ✨ [新規SKU抽出] 純米吟醸酒 [純米吟醸酒] (米: 国産米, 精米: 非公開)
    ✨ [新規SKU抽出] リキュール [リキュール] (米: 国産米, 精米: 非公開)
    ✨ [新規SKU抽出] スパークリング [普通酒] (米: 国産米, 精米: 非公開)
    ✨ [新規SKU抽出] 義捐金付純米酒 [純米酒] (米: 国産米, 精米: 非公開)
    ✨ [新規SKU抽出] 特吟醸酒 五頭の雪 ７２０ｍｌ　-おさけねっと　越つかの酒造 [吟醸酒] (米: 国産米, 精米: 非公開)
    ✨ [新規SKU抽出] 五頭連峰の力強さをイメージし、香りより
幅のある味わいが感じられる吟醸酒。 [吟醸酒] (米: 国産米, 精米: 非公開)
    ✨ [新規SKU抽出] 特吟醸酒 五頭の雪 [吟醸酒] (米: 国産米, 精米: 非公開)
    ✨ [新規SKU抽出] 大吟醸酒 越乃あじわい  ７２０ｍｌ [大吟醸酒] (米: 国産米, 精米: 非公開)
    ✨ [新規SKU抽出] 大吟醸酒 越乃あじわい  １．８L [大吟醸酒] (米: 国産米, 精米: 非公開)
  👉 越つかの酒造株式会社: 32 件の新規SKUを深層クローリングにより追加登録
[169/1376] 🏭 ID 256: 葵酒造株式会社 (新潟県) - https://aoi-brewery.jp/
[170/1376] 🏭 ID 257: 長谷川酒造株式会社 (新潟県) - https://sekkobai.jp
    ✨ [新規SKU抽出] 大吟醸から普通酒まで幅広いラインナップがある当蔵の代表銘柄。 [大吟醸酒] (米: 国産米, 精米: 非公開)
    ✨ [新規SKU抽出] 特別本醸造 [特別本醸造酒] (米: 国産米, 精米: 非公開)
    ✨ [新規SKU抽出] 大吟醸・純米大吟醸 [純米大吟醸酒] (米: 国産米, 精米: 非公開)
    ✨ [新規SKU抽出] 吟醸・純米吟醸 [純米吟醸酒] (米: 国産米, 精米: 非公開)
    ✨ [新規SKU抽出] 本醸造・普通酒 [本醸造酒] (米: 国産米, 精米: 非公開)
    ✨ [新規SKU抽出] 越後雪紅梅　ひやおろし純米 [純米酒] (米: 国産米, 精米: 非公開)
    ✨ [新規SKU抽出] しずく取り大吟醸 [大吟醸酒] (米: 国産米, 精米: 非公開)
    ✨ [新規SKU抽出] 純米大吟醸  越淡麗仕込 [純米大吟醸酒] (米: 越淡麗, 精米: 非公開)
    ✨ [新規SKU抽出] 大吟醸　貴福録寿 [大吟醸酒] (米: 国産米, 精米: 非公開)
    ✨ [新規SKU抽出] 純米大吟醸　美山錦 [純米大吟醸酒] (米: 美山錦, 精米: 非公開)
    ✨ [新規SKU抽出] 吟醸 初聲（はつごえ） [吟醸酒] (米: 国産米, 精米: 非公開)
    ✨ [新規SKU抽出] 特別純米酒 [特別純米酒] (米: 国産米, 精米: 非公開)
    ✨ [新規SKU抽出] 純米酒 一心 [純米酒] (米: 国産米, 精米: 非公開)
  👉 長谷川酒造株式会社: 13 件の新規SKUを深層クローリングにより追加登録
[171/1376] 🏭 ID 258: 近藤酒造株式会社 (新潟県) - https://kondo-shuzo.com/
[172/1376] 🏭 ID 259: 石塚酒造株式会社 (新潟県) - http://www.himenoi.com/
    ✨ [新規SKU抽出] 氷温貯蔵酒｜生原酒冷蔵商品 [普通酒] (米: 国産米, 精米: 非公開)
    ✨ [新規SKU抽出] 2022年2月9日発売。しぼりたて新酒第一弾。 [普通酒] (米: 国産米, 精米: 非公開)
    ✨ [新規SKU抽出] しぼりたては数量限定の為、お早目にご注文頂ければ幸いです。 [普通酒] (米: 国産米, 精米: 非公開)
    ✨ [新規SKU抽出] 本醸造生原酒冷蔵商品・定番ギフト [本醸造酒] (米: 国産米, 精米: 非公開)
    ✨ [新規SKU抽出] 純米酒｜無濾過生原酒｜直汲み仕様数量限定 [純米酒] (米: 国産米, 精米: 非公開)
    ✨ [新規SKU抽出] 低温熟成酒｜生原酒 [普通酒] (米: 国産米, 精米: 非公開)
    ✨ [新規SKU抽出] 姫の井 純米大吟醸 [純米大吟醸酒] (米: 国産米, 精米: 非公開)
    ✨ [新規SKU抽出] 姫の井 純米酒 [純米酒] (米: 国産米, 精米: 非公開)
    ✨ [新規SKU抽出] 特別本醸造｜地元産 [特別本醸造酒] (米: 国産米, 精米: 非公開)
    ✨ [新規SKU抽出] 越後高柳 特別本醸造 [特別本醸造酒] (米: 国産米, 精米: 非公開)
    ✨ [新規SKU抽出] 上撰｜本醸造 [本醸造酒] (米: 国産米, 精米: 非公開)
    ✨ [新規SKU抽出] 姫の井 上撰本醸造 [本醸造酒] (米: 国産米, 精米: 非公開)
    ✨ [新規SKU抽出] 本醸造定番ギフト [本醸造酒] (米: 国産米, 精米: 非公開)
    ✨ [新規SKU抽出] 姫の井 本醸造 [本醸造酒] (米: 国産米, 精米: 非公開)
    ✨ [新規SKU抽出] 本醸造｜生酒 [本醸造酒] (米: 国産米, 精米: 非公開)
    ✨ [新規SKU抽出] 姫の井 本醸造生酒 [本醸造酒] (米: 国産米, 精米: 非公開)
  👉 石塚酒造株式会社: 16 件の新規SKUを深層クローリングにより追加登録
[173/1376] 🏭 ID 260: 雪椿酒造株式会社 (新潟県) - http://www.yukitsubaki.co.jp/
    ✨ [新規SKU抽出] 新商品五十の夜・越乃雪椿 雄町ST 純米吟醸の同時発売 [純米吟醸酒] (米: 雄町, 精米: 非公開)
    ✨ [新規SKU抽出] 新商品至高の純米大吟醸 [純米大吟醸酒] (米: 国産米, 精米: 非公開)
    ✨ [新規SKU抽出] ダブル金賞純米大吟醸（精米歩合35%以上） [純米大吟醸酒] (米: 国産米, 精米: 35%)
    ✨ [新規SKU抽出] 金賞越乃雪椿　純米吟醸　花 [純米吟醸酒] (米: 国産米, 精米: 非公開)
    ✨ [新規SKU抽出] 特別賞Grand-Cuvée 純米大吟醸原酒 [純米大吟醸酒] (米: 国産米, 精米: 非公開)
    ✨ [新規SKU抽出] 金賞純米吟醸原酒 雪椿酵母 Premium [純米吟醸酒] (米: 国産米, 精米: 非公開)
    ✨ [新規SKU抽出] グランプリ越乃雪椿　純米吟醸　花 [純米吟醸酒] (米: 国産米, 精米: 非公開)
    ✨ [新規SKU抽出] ☆純米大吟醸酒部門 [純米大吟醸酒] (米: 国産米, 精米: 非公開)
    ✨ [新規SKU抽出] 最優秀純米大吟醸酒賞越乃雪椿 純米大吟醸 Craft Master [純米大吟醸酒] (米: 国産米, 精米: 非公開)
    ✨ [新規SKU抽出] ☆純米酒の部 [純米酒] (米: 国産米, 精米: 非公開)
    ✨ [新規SKU抽出] 特別賞純米酒　越乃雪椿 [純米酒] (米: 国産米, 精米: 非公開)
    ✨ [新規SKU抽出] ☆純米吟醸酒の部 [純米吟醸酒] (米: 国産米, 精米: 非公開)
    ✨ [新規SKU抽出] 優秀賞純米吟醸酒　越乃雪椿 [純米吟醸酒] (米: 国産米, 精米: 非公開)
    ✨ [新規SKU抽出] 2011年からは高品質な純米酒、純米吟醸酒、純米大吟醸酒に [純米大吟醸酒] (米: 国産米, 精米: 非公開)
    ✨ [新規SKU抽出] 目指すお酒は〝旨みと透明感とバランス〟のとれた純米酒。 [純米酒] (米: 国産米, 精米: 非公開)
    ✨ [新規SKU抽出] 越乃雪椿 雄町ST 純米吟醸 [純米吟醸酒] (米: 雄町, 精米: 非公開)
    ✨ [新規SKU抽出] 至高の純米大吟醸 [純米大吟醸酒] (米: 国産米, 精米: 非公開)
    ✨ [新規SKU抽出] 純米大吟醸　魚沼産コシヒカリ　雪椿 [純米大吟醸酒] (米: 国産米, 精米: 非公開)
    ✨ [新規SKU抽出] 越乃雪椿　純米吟醸　雪椿酵母premium [純米吟醸酒] (米: 国産米, 精米: 非公開)
    ✨ [新規SKU抽出] 越乃雪椿　Grand-Cuvée純米大吟醸原酒 [純米大吟醸酒] (米: 国産米, 精米: 非公開)
    ✨ [新規SKU抽出] 純米吟醸　ゆきつばき [純米吟醸酒] (米: 国産米, 精米: 非公開)
    ✨ [新規SKU抽出] 越乃雪椿　純米大吟醸　特A山田錦 [純米大吟醸酒] (米: 山田錦, 精米: 非公開)
    ✨ [新規SKU抽出] 純米酒　越後加茂雪椿 [純米酒] (米: 国産米, 精米: 非公開)
    ✨ [新規SKU抽出] 越乃雪椿　「花」　純米吟醸酒 [純米吟醸酒] (米: 国産米, 精米: 非公開)
    ✨ [新規SKU抽出] 越淡麗　純米吟醸 [純米吟醸酒] (米: 越淡麗, 精米: 非公開)
    ✨ [新規SKU抽出] TAiiiiCHI タイイチ純米大吟醸＜雪椿酵母×山田錦＞ [純米大吟醸酒] (米: 山田錦, 精米: 非公開)
    ✨ [新規SKU抽出] TAiiiiCHI タイイチ純米大吟醸＜蔵付酵母×山田錦＞ [純米大吟醸酒] (米: 山田錦, 精米: 非公開)
    ✨ [新規SKU抽出] TAiiiiCHI タイイチ純米大吟醸＜雪椿酵母×雄町＞ [純米大吟醸酒] (米: 雄町, 精米: 非公開)
    ✨ [新規SKU抽出] 純米吟醸原酒　中汲み [純米吟醸酒] (米: 国産米, 精米: 非公開)
    ✨ [新規SKU抽出] 越乃雪椿 特別純米 挑戦醸造 [特別純米酒] (米: 国産米, 精米: 非公開)
  👉 雪椿酒造株式会社: 30 件の新規SKUを深層クローリングにより追加登録
[174/1376] 🏭 ID 262: 頚城酒造株式会社 (新潟県) - http://www.kubiki-shuzo.co.jp/
    ✨ [新規SKU抽出] 全国新酒鑑評会　越路乃紅梅大吟醸山田錦　金賞受賞 [大吟醸酒] (米: 山田錦, 精米: 非公開)
    ✨ [新規SKU抽出] 越後流酒造技術選手権大会　越路乃紅梅大吟醸山田錦　８位入賞 [大吟醸酒] (米: 山田錦, 精米: 非公開)
    ✨ [新規SKU抽出] 越後流酒造技術選手権大会　越路乃紅梅大吟醸山田錦　９位入賞 [大吟醸酒] (米: 山田錦, 精米: 非公開)
    ✨ [新規SKU抽出] 関東信越国税局酒類鑑評会吟醸の部　越路乃紅梅大吟醸山田錦　金賞受賞 [大吟醸酒] (米: 山田錦, 精米: 非公開)
    ✨ [新規SKU抽出] インターナショナルワインチャレンジ　越路乃紅梅特別本醸造　シルバーメダル受賞 [特別本醸造酒] (米: 国産米, 精米: 非公開)
    ✨ [新規SKU抽出] 全国新酒鑑評会　越路乃紅梅大吟醸山田錦　入賞（新型コロナの為金賞審査無） [大吟醸酒] (米: 山田錦, 精米: 非公開)
    ✨ [新規SKU抽出] インターナショナルワインチャレンジ　八恵久比岐純米大吟醸雫酒陽　ゴールドメダル受賞 [純米大吟醸酒] (米: 国産米, 精米: 非公開)
    ✨ [新規SKU抽出] KURA MASTER　越路乃紅梅純米吟醸八反錦　金賞受賞 [純米吟醸酒] (米: 八反錦, 精米: 非公開)
    ✨ [新規SKU抽出] インターナショナルワインチャレンジ　越路乃紅梅純米大吟醸越淡麗　ゴールドメダル受賞 [純米大吟醸酒] (米: 越淡麗, 精米: 非公開)
    ✨ [新規SKU抽出] 越後流酒造技術選手権大会　越路乃紅梅大吟醸山田錦　優勝（第一位） [大吟醸酒] (米: 山田錦, 精米: 非公開)
  👉 頚城酒造株式会社: 10 件の新規SKUを深層クローリングにより追加登録
[175/1376] 🏭 ID 263: 魚沼酒造株式会社 (新潟県) - http://www.tenjinkk.com/
[177/1376] 🏭 ID 265: 美峰酒類株式会社新潟支社 (新潟県) - http://www.mihoshurui.co.jp/
    ✨ [新規SKU抽出] スピリッツ・リキュール・ウイスキー [リキュール] (米: 国産米, 精米: 非公開)
  👉 美峰酒類株式会社新潟支社: 1 件の新規SKUを深層クローリングにより追加登録
[178/1376] 🏭 ID 267: 大洋酒造株式会社 (新潟県) - http://www.taiyo-sake.co.jp
    ✨ [新規SKU抽出] 吟醸 日本国 [吟醸酒] (米: 国産米, 精米: 非公開)
    ✨ [新規SKU抽出] 夏季限定商品純米吟醸 大洋盛 White ラベル発売！ [純米吟醸酒] (米: 国産米, 精米: 非公開)
    ✨ [新規SKU抽出] 夏季数量限定“ 純米吟醸 大洋盛 スカイブルーラベル ” 　発売中！ [純米吟醸酒] (米: 国産米, 精米: 非公開)
    ✨ [新規SKU抽出] 抹茶リキュール [リキュール] (米: 国産米, 精米: 非公開)
    ✨ [新規SKU抽出] 純米吟醸 紫雲 大洋盛 [純米吟醸酒] (米: 国産米, 精米: 非公開)
    ✨ [新規SKU抽出] 純米大吟醸 うすにごり本生 紫雲 大洋盛 [純米大吟醸酒] (米: 国産米, 精米: 非公開)
    ✨ [新規SKU抽出] 純米大吟醸 うすにごり本生 [純米大吟醸酒] (米: 国産米, 精米: 非公開)
    ✨ [新規SKU抽出] 純米大吟醸 うすにごり本生 紫雲 大洋盛 蔵出し [純米大吟醸酒] (米: 国産米, 精米: 非公開)
    ✨ [新規SKU抽出] 純米大吟醸酒 [純米大吟醸酒] (米: 国産米, 精米: 非公開)
    ✨ [新規SKU抽出] 大吟醸酒 [大吟醸酒] (米: 国産米, 精米: 非公開)
    ✨ [新規SKU抽出] 純米吟醸酒 [純米吟醸酒] (米: 国産米, 精米: 非公開)
    ✨ [新規SKU抽出] 特別純米酒 [特別純米酒] (米: 国産米, 精米: 非公開)
    ✨ [新規SKU抽出] 特別本醸造酒 [特別本醸造酒] (米: 国産米, 精米: 非公開)
    ✨ [新規SKU抽出] リキュール [リキュール] (米: 国産米, 精米: 非公開)
    ✨ [新規SKU抽出] 「紫雲　大洋盛」、「吟醸　日本国」、「北翔」につきまして [吟醸酒] (米: 国産米, 精米: 非公開)
    ✨ [新規SKU抽出] 紫雲　大洋盛、吟醸　日本国、北翔 [吟醸酒] (米: 国産米, 精米: 非公開)
    ✨ [新規SKU抽出] 「吟醸　日本国」 [吟醸酒] (米: 国産米, 精米: 非公開)
    ✨ [新規SKU抽出] 純米吟醸大洋盛 [純米吟醸酒] (米: 国産米, 精米: 非公開)
    ✨ [新規SKU抽出] ひやおろし [普通酒] (米: 国産米, 精米: 非公開)
    ✨ [新規SKU抽出] 純米吟醸 大洋盛 [純米吟醸酒] (米: 国産米, 精米: 非公開)
  👉 大洋酒造株式会社: 20 件の新規SKUを深層クローリングにより追加登録
[179/1376] 🏭 ID 268: 弥彦酒造株式会社 (新潟県) - http://www.yahiko-shuzo.jp         http://www.yahikonosake.com
[180/1376] 🏭 ID 269: お福酒造株式会社 (新潟県) - https://ofuku-shuzo.co.jp
    ✨ [新規SKU抽出] 特別純米酒 [特別純米酒] (米: 国産米, 精米: 非公開)
    ✨ [新規SKU抽出] 特別本醸造 [特別本醸造酒] (米: 国産米, 精米: 非公開)
    ✨ [新規SKU抽出] リキュール [リキュール] (米: 国産米, 精米: 非公開)
    ✨ [新規SKU抽出] お福正宗 大吟醸  雫酒 斗瓶囲い [大吟醸酒] (米: 国産米, 精米: 非公開)
    ✨ [新規SKU抽出] お福正宗 大吟醸 槽しぼり 鑑評会出品用仕込み [大吟醸酒] (米: 国産米, 精米: 非公開)
    ✨ [新規SKU抽出] お福正宗 大吟醸 生原酒 [大吟醸酒] (米: 国産米, 精米: 非公開)
    ✨ [新規SKU抽出] お福正宗 大吟醸 荒走り 生原酒 鑑評会出品用特別仕込み [大吟醸酒] (米: 国産米, 精米: 非公開)
    ✨ [新規SKU抽出] 特別純米酒「山古志」 [特別純米酒] (米: 国産米, 精米: 非公開)
    ✨ [新規SKU抽出] お福正宗 うまくちお福 特別本醸造 [特別本醸造酒] (米: 国産米, 精米: 非公開)
    ✨ [新規SKU抽出] 越乃一本〆 特別純米酒 [特別純米酒] (米: 国産米, 精米: 非公開)
    ✨ [新規SKU抽出] お福正宗 吟醸生貯蔵酒 [吟醸酒] (米: 国産米, 精米: 非公開)
    ✨ [新規SKU抽出] フルーテイーですっきりした喉越しの吟醸酒 [吟醸酒] (米: 国産米, 精米: 非公開)
    ✨ [新規SKU抽出] お福正宗 純米吟醸 生酒 [純米吟醸酒] (米: 国産米, 精米: 非公開)
    ✨ [新規SKU抽出] お福正宗 吟醸 生酒 [吟醸酒] (米: 国産米, 精米: 非公開)
    ✨ [新規SKU抽出] お福正宗 純米大吟醸 生原酒 [純米大吟醸酒] (米: 国産米, 精米: 非公開)
    ✨ [新規SKU抽出] お福正宗 純米吟醸 生原酒 [純米吟醸酒] (米: 国産米, 精米: 非公開)
    ✨ [新規SKU抽出] お福正宗 純米大吟醸 [純米大吟醸酒] (米: 国産米, 精米: 非公開)
    ✨ [新規SKU抽出] お福正宗 越後  純米吟醸 [純米吟醸酒] (米: 国産米, 精米: 非公開)
    ✨ [新規SKU抽出] お福正宗  純米吟醸 越淡麗米１００％使用 [純米吟醸酒] (米: 越淡麗, 精米: 非公開)
    ✨ [新規SKU抽出] お福正宗 山古志 純米吟醸 [純米吟醸酒] (米: 国産米, 精米: 非公開)
    ✨ [新規SKU抽出] お福正宗 おかめ純米酒 [純米酒] (米: 国産米, 精米: 非公開)
    ✨ [新規SKU抽出] 米本来から感じられるコクや旨み十分生かしつつ、まろやかな味に仕上げた純米酒です。 [純米酒] (米: 国産米, 精米: 非公開)
    ✨ [新規SKU抽出] お福正宗 純米酒 [純米酒] (米: 国産米, 精米: 非公開)
    ✨ [新規SKU抽出] お福正宗 上撰 本醸造 [本醸造酒] (米: 国産米, 精米: 非公開)
    ✨ [新規SKU抽出] 越乃福梅 完熟梅酒 [リキュール] (米: 国産米, 精米: 非公開)
    ✨ [新規SKU抽出] 越乃福梅 にごり梅酒 [リキュール] (米: 国産米, 精米: 非公開)
    ✨ [新規SKU抽出] 越後の雪どけ ヨーグルトリキュール [リキュール] (米: 国産米, 精米: 非公開)
    ✨ [新規SKU抽出] 本格焼酎 山古志 [本格焼酎] (米: 国産米, 精米: 非公開)
    ✨ [新規SKU抽出] お福正宗 冷や卸し 特別純米 熟成原酒 [特別純米酒] (米: 国産米, 精米: 非公開)
    ✨ [新規SKU抽出] お福正宗 しぼりたて新酒 [普通酒] (米: 国産米, 精米: 非公開)
    ✨ [新規SKU抽出] お福正宗 純米新酒しぼりたて [純米酒] (米: 国産米, 精米: 非公開)
    ✨ [新規SKU抽出] お福正宗 初仕込み 初しぼり純米槽垂れ生原酒 [純米酒] (米: 国産米, 精米: 非公開)
    ✨ [新規SKU抽出] お福正宗 初仕込み 初しぼり 槽垂れ 生原酒 [普通酒] (米: 国産米, 精米: 非公開)
    ✨ [新規SKU抽出] お福正宗 純米大吟醸 荒走り 生原酒 [純米大吟醸酒] (米: 国産米, 精米: 非公開)
    ✨ [新規SKU抽出] お福正宗 純米吟醸 荒走り 生原酒 [純米吟醸酒] (米: 国産米, 精米: 非公開)
    ✨ [新規SKU抽出] 純米吟醸の醪の一番しぼりを原酒のまま直詰した芳醇な香りと力強いコク特徴です。 [純米吟醸酒] (米: 国産米, 精米: 非公開)
  👉 お福酒造株式会社: 36 件の新規SKUを深層クローリングにより追加登録
[181/1376] 🏭 ID 270: 猪又酒造株式会社 (新潟県) - http://www.tsukimizunoike.com/
[182/1376] 🏭 ID 271: 雪と里山醸造所 (新潟県) - https://www.instagram.com/snow_satoyama/
[183/1376] 🏭 ID 272: 下越酒造株式会社 (新潟県) - http://www.sake-kirin.com/
    ✨ [新規SKU抽出] 大吟醸袋取り雫酒≪山田錦≫ [大吟醸酒] (米: 山田錦, 精米: 非公開)
    ✨ [新規SKU抽出] プレミアム純米大吟醸 [純米大吟醸酒] (米: 国産米, 精米: 非公開)
    ✨ [新規SKU抽出] 純米大吟醸こしひかり [純米大吟醸酒] (米: 国産米, 精米: 非公開)
    ✨ [新規SKU抽出] やさしい吟醸香、やわらかな味わい [吟醸酒] (米: 国産米, 精米: 非公開)
    ✨ [新規SKU抽出] 本醸造生貯蔵酒 [本醸造酒] (米: 国産米, 精米: 非公開)
    ✨ [新規SKU抽出] 大吟醸生貯蔵酒 [大吟醸酒] (米: 国産米, 精米: 非公開)
    ✨ [新規SKU抽出] 麒麟本醸造濃熟オールド（ノンヴィンテージ商品） [本醸造酒] (米: 国産米, 精米: 非公開)
    ✨ [新規SKU抽出] 超吟醸祭に参戦！ [吟醸酒] (米: 国産米, 精米: 非公開)
    ✨ [新規SKU抽出] 限定販売純米大吟醸袋取り 狐火（きつねび） [純米大吟醸酒] (米: 国産米, 精米: 非公開)
    ✨ [新規SKU抽出] "としま超吟醸祭"開催決定！ [吟醸酒] (米: 国産米, 精米: 非公開)
    ✨ [新規SKU抽出] ”Enjoy　吟醸酒フェア”　開催近づく！ [吟醸酒] (米: 国産米, 精米: 非公開)
  👉 下越酒造株式会社: 11 件の新規SKUを深層クローリングにより追加登録
[185/1376] 🏭 ID 274: 吉乃川株式会社 (新潟県) - https://yosinogawa.co.jp/
    ✨ [新規SKU抽出] リキュール [リキュール] (米: 国産米, 精米: 非公開)
    ✨ [新規SKU抽出] SakeCaféリキュール、ただいま開発中♪ [リキュール] (米: 国産米, 精米: 非公開)
    ✨ [新規SKU抽出] 現在吉乃川女子部では、夏向けの新作リキュールを絶賛開発中です！ [リキュール] (米: 国産米, 精米: 非公開)
    ✨ [新規SKU抽出] りんご梅酒 [リキュール] (米: 国産米, 精米: 非公開)
    ✨ [新規SKU抽出] 今回は、これから迎える夏をリキュールで爽やかに・クールに切り抜けてほしいという [リキュール] (米: 国産米, 精米: 非公開)
    ✨ [新規SKU抽出] 願いをこめて、冷して美味しいさっぱり系のリキュールをイメージしました。 [リキュール] (米: 国産米, 精米: 非公開)
    ✨ [新規SKU抽出] リキュール（モザイク） [リキュール] (米: 国産米, 精米: 非公開)
    ✨ [新規SKU抽出] さて、一体なんのリキュールが出来上がるのでしょうか！？ [リキュール] (米: 国産米, 精米: 非公開)
    ✨ [新規SKU抽出] お姉さんリキュールの [リキュール] (米: 国産米, 精米: 非公開)
  👉 吉乃川株式会社: 9 件の新規SKUを深層クローリングにより追加登録
[186/1376] 🏭 ID 275: 中川酒造株式会社 (新潟県) - https://www.koshinohakugan.com
[187/1376] 🏭 ID 277: 高の井酒造株式会社 (新潟県) - http://www.hatsuume.co.jp
    ✨ [新規SKU抽出] 田友 純米吟醸 [純米吟醸酒] (米: 国産米, 精米: 非公開)
    ✨ [新規SKU抽出] 田友 特別純米 [特別純米酒] (米: 国産米, 精米: 非公開)
    ✨ [新規SKU抽出] 田友　おりがらみ生原酒 [普通酒] (米: 国産米, 精米: 非公開)
    ✨ [新規SKU抽出] おりがらみ生原酒 [普通酒] (米: 国産米, 精米: 非公開)
    ✨ [新規SKU抽出] 田友 純米吟醸生原酒 淡の雫 [純米吟醸酒] (米: 国産米, 精米: 非公開)
    ✨ [新規SKU抽出] 純米吟醸生原酒 淡の雫 [純米吟醸酒] (米: 国産米, 精米: 非公開)
    ✨ [新規SKU抽出] 田友 特別純米生原酒 [特別純米酒] (米: 国産米, 精米: 非公開)
    ✨ [新規SKU抽出] 特別純米生原酒 [特別純米酒] (米: 国産米, 精米: 非公開)
    ✨ [新規SKU抽出] 田友 純米大吟醸 手造りプレミアム [純米大吟醸酒] (米: 国産米, 精米: 非公開)
    ✨ [新規SKU抽出] 純米大吟醸 手造りプレミアム [純米大吟醸酒] (米: 国産米, 精米: 非公開)
    ✨ [新規SKU抽出] 田友 ひやおろし生酛純米吟醸 [純米吟醸酒] (米: 国産米, 精米: 非公開)
    ✨ [新規SKU抽出] ひやおろし生酛純米吟醸 [純米吟醸酒] (米: 国産米, 精米: 非公開)
    ✨ [新規SKU抽出] 田友 特別純米 手造りプレミアム [特別純米酒] (米: 国産米, 精米: 非公開)
    ✨ [新規SKU抽出] 特別純米 手造りプレミアム [特別純米酒] (米: 国産米, 精米: 非公開)
    ✨ [新規SKU抽出] 伊乎乃雪中貯蔵酒 純米大吟醸 [純米大吟醸酒] (米: 国産米, 精米: 非公開)
    ✨ [新規SKU抽出] 伊乎乃　大吟醸原酒 [大吟醸酒] (米: 国産米, 精米: 非公開)
    ✨ [新規SKU抽出] 大吟醸原酒 [大吟醸酒] (米: 国産米, 精米: 非公開)
    ✨ [新規SKU抽出] たかの井 特別本醸造 [特別本醸造酒] (米: 国産米, 精米: 非公開)
    ✨ [新規SKU抽出] たかの井 特別純米さらら [特別純米酒] (米: 国産米, 精米: 非公開)
    ✨ [新規SKU抽出] 越の初梅 本醸造生貯蔵酒 [本醸造酒] (米: 国産米, 精米: 非公開)
    ✨ [新規SKU抽出] 越の初梅 雪中貯蔵酒 純米吟醸 [純米吟醸酒] (米: 国産米, 精米: 非公開)
    ✨ [新規SKU抽出] 雪中貯蔵酒 純米吟醸 [純米吟醸酒] (米: 国産米, 精米: 非公開)
    ✨ [新規SKU抽出] 蔵人の盗み酒 しぼりたて無濾過吟醸原酒 [吟醸酒] (米: 国産米, 精米: 非公開)
    ✨ [新規SKU抽出] しぼりたて無濾過吟醸原酒 [吟醸酒] (米: 国産米, 精米: 非公開)
    ✨ [新規SKU抽出] たかの井 ひやおろし 特別純米 [特別純米酒] (米: 国産米, 精米: 非公開)
    ✨ [新規SKU抽出] ひやおろし 特別純米 [特別純米酒] (米: 国産米, 精米: 非公開)
  👉 高の井酒造株式会社: 26 件の新規SKUを深層クローリングにより追加登録
[189/1376] 🏭 ID 279: 住乃井酒造株式会社 (新潟県) - http://www.suminoi.com
[190/1376] 🏭 ID 281: 王紋酒造株式会社 (新潟県) - https://aumont.jp/
    ✨ [新規SKU抽出] ワイングラスで美味しい日本酒アワード2022 王紋 大吟醸 Gold賞 [大吟醸酒] (米: 国産米, 精米: 非公開)
    ✨ [新規SKU抽出] 王紋 大吟醸 [大吟醸酒] (米: 国産米, 精米: 非公開)
    ✨ [新規SKU抽出] オーストラリア酒アワード2023 夢 純米大吟醸 Gold賞 [純米大吟醸酒] (米: 国産米, 精米: 非公開)
    ✨ [新規SKU抽出] 夢 純米大吟醸 [純米大吟醸酒] (米: 国産米, 精米: 非公開)
    ✨ [新規SKU抽出] KuraMaster2024 夢 純米吟醸 Gold賞 [純米吟醸酒] (米: 国産米, 精米: 非公開)
    ✨ [新規SKU抽出] 夢 純米吟醸 [純米吟醸酒] (米: 国産米, 精米: 非公開)
    ✨ [新規SKU抽出] 「Tokyo酒チャレンジ2025」にて　王紋 吟の慶 大吟醸　が金賞を受賞 [大吟醸酒] (米: 国産米, 精米: 非公開)
    ✨ [新規SKU抽出] 青リンゴのような爽やかな酸味とほど良い甘味。あま～い　やさし～い純米酒。 [純米酒] (米: 国産米, 精米: 非公開)
    ✨ [新規SKU抽出] まるで白ワインのような甘口純米酒。 [純米酒] (米: 国産米, 精米: 非公開)
    ✨ [新規SKU抽出] 市島 本醸造 [本醸造酒] (米: 国産米, 精米: 非公開)
    ✨ [新規SKU抽出] 王紋 大吟醸 極辛19 [大吟醸酒] (米: 国産米, 精米: 非公開)
    ✨ [新規SKU抽出] 夢 山廃純米 [純米酒] (米: 国産米, 精米: 非公開)
    ✨ [新規SKU抽出] ほのかな米の旨みを活かした、すっきり辛口の純米酒。造り手の夢が込められたお酒です。 [純米酒] (米: 国産米, 精米: 非公開)
  👉 王紋酒造株式会社: 13 件の新規SKUを深層クローリングにより追加登録
[191/1376] 🏭 ID 282: 妙高酒造株式会社 (新潟県) - https://myokoshuzo.co.jp/
[192/1376] 🏭 ID 283: 麒麟山酒造株式会社 (新潟県) - http://www.kirinzan.co.jp
[193/1376] 🏭 ID 284: 諸橋酒造株式会社 (新潟県) - http://www.morohashi-shuzo.co.jp/
    ✨ [新規SKU抽出] 中取り大吟醸 [大吟醸酒] (米: 国産米, 精米: 非公開)
    ✨ [新規SKU抽出] ひやおろし　純米原酒　生詰 [純米酒] (米: 国産米, 精米: 非公開)
    ✨ [新規SKU抽出] 越淡麗　純米吟醸 [純米吟醸酒] (米: 越淡麗, 精米: 非公開)
    ✨ [新規SKU抽出] 名水仕込　特別純米生酒 [特別純米酒] (米: 国産米, 精米: 非公開)
    ✨ [新規SKU抽出] 純米しぼりたて生原酒 [純米酒] (米: 国産米, 精米: 非公開)
    ✨ [新規SKU抽出] にごり酒 [普通酒] (米: 国産米, 精米: 非公開)
    ✨ [新規SKU抽出] 大吟醸　秘蔵雫酒 [大吟醸酒] (米: 国産米, 精米: 非公開)
    ✨ [新規SKU抽出] 新潟のどの蔵でも造っていた昔ながらの大吟醸。 [大吟醸酒] (米: 国産米, 精米: 非公開)
    ✨ [新規SKU抽出] 高嶺錦を原料米とした新潟流吟醸造りを今に復活しました。 [吟醸酒] (米: 国産米, 精米: 非公開)
    ✨ [新規SKU抽出] 山田錦を原料米とした華やかな香りと深い味わいが特徴の大吟醸です。 [大吟醸酒] (米: 山田錦, 精米: 非公開)
    ✨ [新規SKU抽出] 名水仕込　大吟醸 [大吟醸酒] (米: 国産米, 精米: 非公開)
    ✨ [新規SKU抽出] 日本名水百選『杜々の森湧水』を汲み出し仕込水に使用した大吟醸。 [大吟醸酒] (米: 国産米, 精米: 非公開)
    ✨ [新規SKU抽出] 名水仕込　吟醸酒 [吟醸酒] (米: 国産米, 精米: 非公開)
    ✨ [新規SKU抽出] 販売店限定の超軟水の仕込水そして蔵人の卓越した技で仕込まれた純米吟醸酒です。 [純米吟醸酒] (米: 国産米, 精米: 非公開)
    ✨ [新規SKU抽出] 河井継之助の号を冠した吟醸酒です。 [吟醸酒] (米: 国産米, 精米: 非公開)
    ✨ [新規SKU抽出] 名水仕込　特別純米酒 [特別純米酒] (米: 国産米, 精米: 非公開)
    ✨ [新規SKU抽出] 名水仕込　特別本醸造 [特別本醸造酒] (米: 国産米, 精米: 非公開)
    ✨ [新規SKU抽出] 飲むほどに旨さを感じる純米酒。 [純米酒] (米: 国産米, 精米: 非公開)
    ✨ [新規SKU抽出] 超辛口　本醸造 [本醸造酒] (米: 国産米, 精米: 非公開)
    ✨ [新規SKU抽出] にごり酒　活性生酒 [普通酒] (米: 国産米, 精米: 非公開)
    ✨ [新規SKU抽出] 純米しぼりたて　生原酒 [純米酒] (米: 国産米, 精米: 非公開)
    ✨ [新規SKU抽出] その年はじめて搾られる純米酒を生のまま瓶詰めします。 [純米酒] (米: 国産米, 精米: 非公開)
    ✨ [新規SKU抽出] 11月から 2月の期間限定商品。蔵人しか味わえなかった、しぼりたての純米酒です。 [純米酒] (米: 国産米, 精米: 非公開)
    ✨ [新規SKU抽出] 超辛口　大吟醸　無濾過生原酒 [大吟醸酒] (米: 国産米, 精米: 非公開)
    ✨ [新規SKU抽出] 超辛口の大吟醸を濾過せず生原酒の状態で出荷致します。 [大吟醸酒] (米: 国産米, 精米: 非公開)
    ✨ [新規SKU抽出] 名水仕込　特別純米酒　生酒 [特別純米酒] (米: 国産米, 精米: 非公開)
    ✨ [新規SKU抽出] 名水仕込特別純米酒をまだ気温の上がらない春先の時期だけ生酒として出荷致します。 [特別純米酒] (米: 国産米, 精米: 非公開)
    ✨ [新規SKU抽出] 越淡麗　純米吟醸酒 [純米吟醸酒] (米: 越淡麗, 精米: 非公開)
    ✨ [新規SKU抽出] 県産の越淡麗で仕込んだ純米吟醸酒です。 [純米吟醸酒] (米: 越淡麗, 精米: 非公開)
    ✨ [新規SKU抽出] 中取り　大吟醸 [大吟醸酒] (米: 国産米, 精米: 非公開)
    ✨ [新規SKU抽出] 大吟醸の中でも一番美味しいとされる中取りを商品化しました。 [大吟醸酒] (米: 国産米, 精米: 非公開)
    ✨ [新規SKU抽出] 大吟醸の最高峰です。 [大吟醸酒] (米: 国産米, 精米: 非公開)
    ✨ [新規SKU抽出] その酒をタンクから火当てせずひやのまま卸すことからひやおろしと言われます。 [普通酒] (米: 国産米, 精米: 非公開)
    ✨ [新規SKU抽出] 洞窟貯蔵酒　吟醸酒 [吟醸酒] (米: 国産米, 精米: 非公開)
    ✨ [新規SKU抽出] 洞窟貯蔵酒　特別純米酒 [特別純米酒] (米: 国産米, 精米: 非公開)
    ✨ [新規SKU抽出] 出品酒と同等の大吟醸です。 [大吟醸酒] (米: 国産米, 精米: 非公開)
    ✨ [新規SKU抽出] 景虎　梅酒 [リキュール] (米: 国産米, 精米: 非公開)
    ✨ [新規SKU抽出] 清酒　越乃景虎をベースにした梅酒です。 [リキュール] (米: 国産米, 精米: 非公開)
    ✨ [新規SKU抽出] 梅酒　かすみ酒 [リキュール] (米: 国産米, 精米: 非公開)
    ✨ [新規SKU抽出] 「越乃景虎」の梅酒とにごり酒が融合し、新しい味わいが誕生しました。 [リキュール] (米: 国産米, 精米: 非公開)
    ✨ [新規SKU抽出] 名水仕込大吟醸 [大吟醸酒] (米: 国産米, 精米: 非公開)
    ✨ [新規SKU抽出] 名水仕込吟醸酒 [吟醸酒] (米: 国産米, 精米: 非公開)
    ✨ [新規SKU抽出] 純米しぼりたて 生原酒 [純米酒] (米: 国産米, 精米: 非公開)
    ✨ [新規SKU抽出] 名水仕込 特別純米酒 生酒 [特別純米酒] (米: 国産米, 精米: 非公開)
    ✨ [新規SKU抽出] ひやおろし純米原酒生詰 [純米酒] (米: 国産米, 精米: 非公開)
  👉 諸橋酒造株式会社: 45 件の新規SKUを深層クローリングにより追加登録
[194/1376] 🏭 ID 285: 逸見酒造株式会社 (新潟県) - http://henmisyuzo.com/
    ✨ [新規SKU抽出] 山廃仕込み [普通酒] (米: 国産米, 精米: 非公開)
    ✨ [新規SKU抽出] 長年の経験と高度なセンスで仕込まれる 山廃仕込み 純米大吟醸 [純米大吟醸酒] (米: 国産米, 精米: 非公開)
  👉 逸見酒造株式会社: 2 件の新規SKUを深層クローリングにより追加登録
[195/1376] 🏭 ID 286: 千代の光酒造株式会社 (新潟県) - http://www.chiyonohikari.com
    ✨ [新規SKU抽出] 小さな蔵ですが、全製品吟醸酒に準じた、きめ細やかな造りです。 [吟醸酒] (米: 国産米, 精米: 非公開)
    ✨ [新規SKU抽出] 越淡麗純米大吟醸 [純米大吟醸酒] (米: 越淡麗, 精米: 非公開)
    ✨ [新規SKU抽出] お燗に向く純米酒として高い評価を頂いております。 [純米酒] (米: 国産米, 精米: 非公開)
    ✨ [新規SKU抽出] だけの純米酒。冷やしてチーズ、イタリアンに温めて和食にピッタリです。 [純米酒] (米: 国産米, 精米: 非公開)
    ✨ [新規SKU抽出] 特別本醸造 真 [特別本醸造酒] (米: 国産米, 精米: 非公開)
    ✨ [新規SKU抽出] K 生酛仕込み [普通酒] (米: 国産米, 精米: 非公開)
    ✨ [新規SKU抽出] 味わいは果実味の甘さ、生酛独特の複雑味の二面性が楽しめます。 [普通酒] (米: 国産米, 精米: 非公開)
    ✨ [新規SKU抽出] 純米吟醸 KENICHIRO [純米吟醸酒] (米: 国産米, 精米: 非公開)
    ✨ [新規SKU抽出] 純米 ひやおろし [純米酒] (米: 国産米, 精米: 非公開)
    ✨ [新規SKU抽出] 純米吟醸KENICHIRO 雄町　火入れ [純米吟醸酒] (米: 雄町, 精米: 非公開)
    ✨ [新規SKU抽出] しぼりたて 純米 生 [純米酒] (米: 国産米, 精米: 非公開)
    ✨ [新規SKU抽出] 純米吟醸 KENICHIRO<br> 白麹仕込み [純米吟醸酒] (米: 国産米, 精米: 非公開)
    ✨ [新規SKU抽出] 純米吟醸 KENICHIRO<br>白ラベル [純米吟醸酒] (米: 国産米, 精米: 非公開)
    ✨ [新規SKU抽出] 「純米酒」6月15日よりリニューアル発売になります。 [純米酒] (米: 国産米, 精米: 非公開)
    ✨ [新規SKU抽出] 「純米吟醸 K 生酛仕込み」 が3月18日に発売 になります。 [純米吟醸酒] (米: 国産米, 精米: 非公開)
  👉 千代の光酒造株式会社: 15 件の新規SKUを深層クローリングにより追加登録
[196/1376] 🏭 ID 287: 青木酒造株式会社 (新潟県) - http://www.kakurei.co.jp
    ✨ [新規SKU抽出] 鶴齢 純米大吟醸 山田錦37％精米 [純米大吟醸酒] (米: 山田錦, 精米: 非公開)
    ✨ [新規SKU抽出] 鶴齢 純米大吟醸 [純米大吟醸酒] (米: 国産米, 精米: 非公開)
    ✨ [新規SKU抽出] 鶴齢 純米吟醸 [純米吟醸酒] (米: 国産米, 精米: 非公開)
    ✨ [新規SKU抽出] 鶴齢 純米酒 [純米酒] (米: 国産米, 精米: 非公開)
    ✨ [新規SKU抽出] 鶴齢 本醸造 [本醸造酒] (米: 国産米, 精米: 非公開)
    ✨ [新規SKU抽出] 鶴齢 純米酒 しぼりたて [純米酒] (米: 国産米, 精米: 非公開)
    ✨ [新規SKU抽出] 鶴齢 純米酒 にごり酒 生原酒 [純米酒] (米: 国産米, 精米: 非公開)
    ✨ [新規SKU抽出] 鶴齢 吟醸生酒 [吟醸酒] (米: 国産米, 精米: 非公開)
    ✨ [新規SKU抽出] 牧之 大吟醸 [大吟醸酒] (米: 国産米, 精米: 非公開)
    ✨ [新規SKU抽出] 牧之 大吟醸 生詰め原酒 [大吟醸酒] (米: 国産米, 精米: 非公開)
    ✨ [新規SKU抽出] 雪男 純米酒 [純米酒] (米: 国産米, 精米: 非公開)
    ✨ [新規SKU抽出] 雪男 本醸造 [本醸造酒] (米: 国産米, 精米: 非公開)
    ✨ [新規SKU抽出] 鶴齢の梅酒 純米吟醸仕込み [純米吟醸酒] (米: 国産米, 精米: 非公開)
    ✨ [新規SKU抽出] 鶴齢　純米大吟醸 [純米大吟醸酒] (米: 国産米, 精米: 非公開)
    ✨ [新規SKU抽出] しぼりたて [普通酒] (米: 国産米, 精米: 非公開)
    ✨ [新規SKU抽出] 「鶴齢」純米吟醸（越淡麗100%） [純米吟醸酒] (米: 越淡麗, 精米: 00%)
    ✨ [新規SKU抽出] 精米歩合70％の越淡麗と五百万石で醸した純米酒です。 [純米酒] (米: 五百万石, 精米: 非公開)
    ✨ [新規SKU抽出] にごり酒 生原酒 [普通酒] (米: 国産米, 精米: 非公開)
    ✨ [新規SKU抽出] 鶴齢の梅酒 [リキュール] (米: 国産米, 精米: 非公開)
    ✨ [新規SKU抽出] 純米吟醸仕込み [純米吟醸酒] (米: 国産米, 精米: 非公開)
  👉 青木酒造株式会社: 20 件の新規SKUを深層クローリングにより追加登録
[197/1376] 🏭 ID 288: 株式会社丸山酒造場 (新潟県) - https://maruyama-shuzojo.jp
[198/1376] 🏭 ID 289: 白龍酒造株式会社 (新潟県) - http://hakuryu-sake.com/
[199/1376] 🏭 ID 290: 金鵄盃酒造株式会社 (新潟県) - http://www.kinshihai.com/
    ✨ [新規SKU抽出] 越後杜氏 純米酒 [純米酒] (米: 国産米, 精米: 非公開)
    ✨ [新規SKU抽出] 城下町の名前を冠したこだわりの一本。程よい吟醸香、 [吟醸酒] (米: 国産米, 精米: 非公開)
    ✨ [新規SKU抽出] 香り華やぎ、ソフトでなめらかな口当たりの純米吟醸。 [純米吟醸酒] (米: 国産米, 精米: 非公開)
  👉 金鵄盃酒造株式会社: 3 件の新規SKUを深層クローリングにより追加登録
[200/1376] 🏭 ID 291: 玉川酒造株式会社 (新潟県) - http://www.yukikura.com/
    ✨ [新規SKU抽出] 本醸造　魚沼玉風味 [本醸造酒] (米: 国産米, 精米: 非公開)
    ✨ [新規SKU抽出] 吟醸　十九代玉風味 [吟醸酒] (米: 国産米, 精米: 非公開)
    ✨ [新規SKU抽出] 吟醸　辛口赤玉風味 [吟醸酒] (米: 国産米, 精米: 非公開)
    ✨ [新規SKU抽出] 吟醸　にごり酒　守門の雪 [吟醸酒] (米: 国産米, 精米: 非公開)
    ✨ [新規SKU抽出] 純米吟醸　玉風味 [純米吟醸酒] (米: 国産米, 精米: 非公開)
    ✨ [新規SKU抽出] 純米吟醸　イットキー [純米吟醸酒] (米: 国産米, 精米: 非公開)
    ✨ [新規SKU抽出] 純米大吟醸　目黒五郎助 [純米大吟醸酒] (米: 国産米, 精米: 非公開)
    ✨ [新規SKU抽出] 大吟醸原酒　越後ゆきくら [大吟醸酒] (米: 国産米, 精米: 非公開)
    ✨ [新規SKU抽出] しぼりたて玉風味　無濾過生原酒（冬季限定） [普通酒] (米: 国産米, 精米: 非公開)
    ✨ [新規SKU抽出] リキュール [リキュール] (米: 国産米, 精米: 非公開)
    ✨ [新規SKU抽出] 越後武士梅酒 [リキュール] (米: 国産米, 精米: 非公開)
    ✨ [新規SKU抽出] ・吟醸 十九代玉風味(全国燗酒コンテスト最高金賞) [吟醸酒] (米: 国産米, 精米: 非公開)
    ✨ [新規SKU抽出] ・純米大吟醸 目黒五郎助(KURA MASTER 2024プラチナ賞受賞) [純米大吟醸酒] (米: 国産米, 精米: 非公開)
    ✨ [新規SKU抽出] ・純米吟醸 イットキー(ワイングラスでおいしい日本酒アワード 最高金賞受賞) [純米吟醸酒] (米: 国産米, 精米: 非公開)
    ✨ [新規SKU抽出] ・越後武士(アルコール46度 日本酒のリキュール) [リキュール] (米: 国産米, 精米: 非公開)
    ✨ [新規SKU抽出] ・越後武士梅酒(全国梅酒品評会 部門第一位 金賞受賞) [リキュール] (米: 国産米, 精米: 非公開)
    ✨ [新規SKU抽出] 雪中貯蔵　大吟醸原酒　越後ゆきくら [大吟醸酒] (米: 国産米, 精米: 非公開)
    ✨ [新規SKU抽出] 純米大吟醸酒　目黒五郎助 [純米大吟醸酒] (米: 国産米, 精米: 非公開)
    ✨ [新規SKU抽出] 純米酒の部　優秀賞受賞 [純米酒] (米: 国産米, 精米: 非公開)
    ✨ [新規SKU抽出] ・第８回　純米酒大賞 [純米酒] (米: 国産米, 精米: 非公開)
    ✨ [新規SKU抽出] 純米大吟醸酒部門　金賞受賞 [純米大吟醸酒] (米: 国産米, 精米: 非公開)
    ✨ [新規SKU抽出] 純米大吟醸酒部門　2年連続金賞受賞 [純米大吟醸酒] (米: 国産米, 精米: 非公開)
    ✨ [新規SKU抽出] 純米大吟醸酒部門　金賞受 [純米大吟醸酒] (米: 国産米, 精米: 非公開)
    ✨ [新規SKU抽出] 純米大吟醸酒部門　ダブル金賞受賞 [純米大吟醸酒] (米: 国産米, 精米: 非公開)
    ✨ [新規SKU抽出] 純米大吟醸酒部門　プラチナ賞受賞 [純米大吟醸酒] (米: 国産米, 精米: 非公開)
    ✨ [新規SKU抽出] » 純米大吟醸　目黒五郎助 [純米大吟醸酒] (米: 国産米, 精米: 非公開)
    ✨ [新規SKU抽出] 吟醸香の華やかさと、しっかりとした旨味が調和した純米大吟醸酒です。 [純米大吟醸酒] (米: 国産米, 精米: 非公開)
    ✨ [新規SKU抽出] 第83回　関東信越国税局酒類鑑評会　純米酒の部 [純米酒] (米: 国産米, 精米: 非公開)
    ✨ [新規SKU抽出] 第8回　純米酒大賞　純米大吟醸酒部門 [純米大吟醸酒] (米: 国産米, 精米: 非公開)
  👉 玉川酒造株式会社: 29 件の新規SKUを深層クローリングにより追加登録
[201/1376] 🏭 ID 292: 池浦酒造株式会社 (新潟県) - http://ikeura-shuzo.com
    ✨ [新規SKU抽出] 特別純米酒 [特別純米酒] (米: 国産米, 精米: 非公開)
    ✨ [新規SKU抽出] 超辛口 本醸造 [本醸造酒] (米: 国産米, 精米: 非公開)
    ✨ [新規SKU抽出] 原酒 特別本醸造 [特別本醸造酒] (米: 国産米, 精米: 非公開)
    ✨ [新規SKU抽出] 淡麗辛口で口中への引込なめらか。風味豊かな本醸造。冷やでもお燗でもご自由にどうぞ。 [本醸造酒] (米: 国産米, 精米: 非公開)
    ✨ [新規SKU抽出] 香りよく淡麗辛口で口中への引込みなめらか。風味豊かな本醸造です。 [本醸造酒] (米: 国産米, 精米: 非公開)
    ✨ [新規SKU抽出] 特別純米酒　こしひかり [特別純米酒] (米: 国産米, 精米: 非公開)
    ✨ [新規SKU抽出] ■しぼりたて生 [普通酒] (米: 国産米, 精米: 非公開)
    ✨ [新規SKU抽出] ■特別本醸造 [特別本醸造酒] (米: 国産米, 精米: 非公開)
    ✨ [新規SKU抽出] ■大吟醸 [大吟醸酒] (米: 国産米, 精米: 非公開)
    ✨ [新規SKU抽出] 活性本醸造　にごり生酒 [本醸造酒] (米: 国産米, 精米: 非公開)
    ✨ [新規SKU抽出] 酒の芸術品　吟醸酒 [吟醸酒] (米: 国産米, 精米: 非公開)
    ✨ [新規SKU抽出] やや辛口ですっきりとした、香味ともバランスのとれた吟醸酒。 [吟醸酒] (米: 国産米, 精米: 非公開)
    ✨ [新規SKU抽出] 良寛の里の酒　天上大風　純米大吟醸 [純米大吟醸酒] (米: 国産米, 精米: 非公開)
    ✨ [新規SKU抽出] 良寛の里の酒　心月輪　純米吟醸 [純米吟醸酒] (米: 国産米, 精米: 非公開)
    ✨ [新規SKU抽出] 良寛の里の酒　心月輪　純米酒 [純米酒] (米: 国産米, 精米: 非公開)
    ✨ [新規SKU抽出] 良寛の里の酒　心月輪　本醸造 [本醸造酒] (米: 国産米, 精米: 非公開)
    ✨ [新規SKU抽出] 良寛の里の酒　心月輪　特別本醸造 [特別本醸造酒] (米: 国産米, 精米: 非公開)
  👉 池浦酒造株式会社: 17 件の新規SKUを深層クローリングにより追加登録
[202/1376] 🏭 ID 293: ふじの井酒造株式会社 (新潟県) - http://www.sake-fujinoi.com
[203/1376] 🏭 ID 294: 苗場酒造株式会社 (新潟県) - http://www.naebasan.com/
    ✨ [新規SKU抽出] 「ゆきのまゆ」の酒粕から造る本格焼酎と柱焼酎仕込の日本酒 [本格焼酎] (米: 国産米, 精米: 非公開)
    ✨ [新規SKU抽出] 日本酒で造る自家製梅酒 [リキュール] (米: 国産米, 精米: 非公開)
    ✨ [新規SKU抽出] 苗場酒造が醸造を担当した『HENGE CLEAR 無濾過生原酒』が、 [普通酒] (米: 国産米, 精米: 非公開)
    ✨ [新規SKU抽出] 深然ーMIZENー　純米吟醸 [純米吟醸酒] (米: 国産米, 精米: 非公開)
    ✨ [新規SKU抽出] ゆきのまゆ 純米大吟醸 山田錦40 火入れ [純米大吟醸酒] (米: 山田錦, 精米: 非公開)
    ✨ [新規SKU抽出] 純米大吟醸・大吟醸部門でGOLDを受賞しました。 [純米大吟醸酒] (米: 国産米, 精米: 非公開)
    ✨ [新規SKU抽出] ゆきのまゆ-純米大吟醸-山田錦40- [純米大吟醸酒] (米: 山田錦, 精米: 非公開)
    ✨ [新規SKU抽出] ゆきのまゆ-純米大吟醸 [純米大吟醸酒] (米: 国産米, 精米: 非公開)
    ✨ [新規SKU抽出] ゆきのまゆ-純米吟醸 [純米吟醸酒] (米: 国産米, 精米: 非公開)
    ✨ [新規SKU抽出] ゆきのまゆ-本格焼酎 [本格焼酎] (米: 国産米, 精米: 非公開)
    ✨ [新規SKU抽出] ゆきのまゆ-本格焼酎-原酒37 [本格焼酎] (米: 国産米, 精米: 非公開)
    ✨ [新規SKU抽出] 深然-純米吟醸 [純米吟醸酒] (米: 国産米, 精米: 非公開)
    ✨ [新規SKU抽出] 大吟醸　鑑評会出品仕込 [大吟醸酒] (米: 国産米, 精米: 非公開)
    ✨ [新規SKU抽出] 金賞受賞酒　苗場山　大吟醸　鑑評会出品仕込 [大吟醸酒] (米: 国産米, 精米: 非公開)
    ✨ [新規SKU抽出] 第95回（令和6年・吟醸酒の部） [吟醸酒] (米: 国産米, 精米: 非公開)
    ✨ [新規SKU抽出] 第91回（令和2年・吟醸酒の部） [吟醸酒] (米: 国産米, 精米: 非公開)
    ✨ [新規SKU抽出] 第90回（令和元年・吟醸酒の部） [吟醸酒] (米: 国産米, 精米: 非公開)
    ✨ [新規SKU抽出] 第89回（平成30年・吟醸酒、純米吟醸の部） [純米吟醸酒] (米: 国産米, 精米: 非公開)
    ✨ [新規SKU抽出] 第82回（平成23年・吟醸、純米の部） [吟醸酒] (米: 国産米, 精米: 非公開)
    ✨ [新規SKU抽出] ゆきのまゆ　純米大吟醸　山田錦40　生酒 [純米大吟醸酒] (米: 山田錦, 精米: 非公開)
    ✨ [新規SKU抽出] ・吟醸系（リッチ＆アロマティック）部門　金賞 [吟醸酒] (米: 国産米, 精米: 非公開)
    ✨ [新規SKU抽出] ゆきのまゆ　純米大吟醸　生酒 [純米大吟醸酒] (米: 国産米, 精米: 非公開)
    ✨ [新規SKU抽出] 醸す森　純米大吟醸　生酒（現ゆきのまゆ　純米大吟醸　生酒） [純米大吟醸酒] (米: 国産米, 精米: 非公開)
    ✨ [新規SKU抽出] 醸す森　純米吟醸　生酒（現ゆきのまゆ　純米吟醸　生酒） [純米吟醸酒] (米: 国産米, 精米: 非公開)
    ✨ [新規SKU抽出] ・純米大吟醸/純米吟醸（芳醇）部門　銅賞 [純米大吟醸酒] (米: 国産米, 精米: 非公開)
    ✨ [新規SKU抽出] ゆきのまゆ　純米大吟醸　山田錦40 火入れ [純米大吟醸酒] (米: 山田錦, 精米: 非公開)
    ✨ [新規SKU抽出] 純米大吟醸・大吟醸部門　GOLD [純米大吟醸酒] (米: 国産米, 精米: 非公開)
    ✨ [新規SKU抽出] 醸す森 純米大吟醸　火入（現ゆきのまゆ　純米大吟醸　火入れ） [純米大吟醸酒] (米: 国産米, 精米: 非公開)
    ✨ [新規SKU抽出] ・純米大吟醸・大吟醸部門　GOLD [純米大吟醸酒] (米: 国産米, 精米: 非公開)
    ✨ [新規SKU抽出] 純米吟醸・吟醸部門　GOLD [純米吟醸酒] (米: 国産米, 精米: 非公開)
    ✨ [新規SKU抽出] ゆきのまゆ　本格焼酎 [本格焼酎] (米: 国産米, 精米: 非公開)
    ✨ [新規SKU抽出] ・米焼酎部門　金賞 [本格焼酎] (米: 国産米, 精米: 非公開)
    ✨ [新規SKU抽出] HENGE CLEAR 無濾過生原酒（醸造パートナー） [普通酒] (米: 国産米, 精米: 非公開)
  👉 苗場酒造株式会社: 33 件の新規SKUを深層クローリングにより追加登録
[204/1376] 🏭 ID 295: 新潟第一酒造株式会社 (新潟県) - https://www.hakuchosake.com/
[205/1376] 🏭 ID 297: 株式会社越後酒造場 (新潟県) - http://www.echigoshuzojo.co.jp/
    ✨ [新規SKU抽出] 越乃八豊  大吟醸　令和8年  全国新酒鑑評会  金賞受賞酒 [大吟醸酒] (米: 国産米, 精米: 非公開)
    ✨ [新規SKU抽出] 口当たりが柔らかく、ほどよいお米の旨味が感じられる純米酒です。 [純米酒] (米: 国産米, 精米: 非公開)
    ✨ [新規SKU抽出] 越乃八豊 純米酒 越後のひやおろし（期間限定） [純米酒] (米: 国産米, 精米: 非公開)
  👉 株式会社越後酒造場: 3 件の新規SKUを深層クローリングにより追加登録
[206/1376] 🏭 ID 298: 朝日酒造株式会社 (新潟県) - https://www.asahi-shuzo.co.jp/
[207/1376] 🏭 ID 299: 株式会社越後鶴亀 (新潟県) - https://echigotsurukame.com/
[209/1376] 🏭 ID 301: 原酒造株式会社 (新潟県) - https://www.harashuzo.com/
[210/1376] 🏭 ID 526: 株式会社大納川 (秋田県) - https://dainagawa.co.jp/
    ✨ [新規SKU抽出] 大納川天花 純米吟醸 秋酒 [純米吟醸酒] (米: 国産米, 精米: 非公開)
    ✨ [新規SKU抽出] やわらかな米の旨味、あきたこまちの純米大吟醸 [純米大吟醸酒] (米: 国産米, 精米: 非公開)
    ✨ [新規SKU抽出] 大納川天花 純米大吟醸 無濾過原酒 俵ラベル [純米大吟醸酒] (米: 国産米, 精米: 非公開)
    ✨ [新規SKU抽出] 大納川天花 音響加振酒 純米吟醸生原酒 [純米吟醸酒] (米: 国産米, 精米: 非公開)
    ✨ [新規SKU抽出] 鹿児島×秋田で生まれた純米大吟醸 [純米大吟醸酒] (米: 国産米, 精米: 非公開)
    ✨ [新規SKU抽出] 大納川天花 純米大吟醸 無濾過原酒 ヒノヒカリ [純米大吟醸酒] (米: 国産米, 精米: 非公開)
    ✨ [新規SKU抽出] 大納川天花 特別純米 ひまわりラベル [特別純米酒] (米: 国産米, 精米: 非公開)
    ✨ [新規SKU抽出] 夏のスパークリング・くじらラベル！ [普通酒] (米: 国産米, 精米: 非公開)
    ✨ [新規SKU抽出] 大納川天花 純米吟醸 スパークリング生酒 限定くじらラベル [純米吟醸酒] (米: 国産米, 精米: 非公開)
    ✨ [新規SKU抽出] 大納川天花 純米吟醸 夏酒 [純米吟醸酒] (米: 国産米, 精米: 非公開)
    ✨ [新規SKU抽出] 大納川天花 純米大吟醸 無濾過生原酒 亀の尾　一回火入れ [純米大吟醸酒] (米: 亀の尾, 精米: 非公開)
    ✨ [新規SKU抽出] 大納川天花 純米吟醸 無濾過原酒 秋田酒こまち 一回火入れ [純米吟醸酒] (米: 秋田酒こまち, 精米: 非公開)
    ✨ [新規SKU抽出] 大納川天花 特別純米 無濾過原酒 辛口 炎ラベル（一回火入れ） [特別純米酒] (米: 国産米, 精米: 非公開)
    ✨ [新規SKU抽出] 大納川 天花 純米大吟醸 無濾過生原酒 山田錦 [純米大吟醸酒] (米: 山田錦, 精米: 非公開)
    ✨ [新規SKU抽出] 大納川天花 純米吟醸 雪室貯蔵 かまくらラベル [純米吟醸酒] (米: 国産米, 精米: 非公開)
    ✨ [新規SKU抽出] 大納川天花 純米大吟醸 無濾過生原酒 流れ星ラベル [純米大吟醸酒] (米: 国産米, 精米: 非公開)
    ✨ [新規SKU抽出] 大納川天花 純米大吟醸 無濾過生原酒 鮨ラベル [純米大吟醸酒] (米: 国産米, 精米: 非公開)
    ✨ [新規SKU抽出] ピチピチシュワシュワ・スパークリング！ [普通酒] (米: 国産米, 精米: 非公開)
    ✨ [新規SKU抽出] 大納川天花 純米吟醸 Sparkling [純米吟醸酒] (米: 国産米, 精米: 非公開)
    ✨ [新規SKU抽出] 大納川天花 純米吟醸 無濾過生原酒 あきたこまち [純米吟醸酒] (米: 国産米, 精米: 非公開)
    ✨ [新規SKU抽出] 大納川天花 純米吟醸 無濾過生原酒 パイナップルラベル [純米吟醸酒] (米: 国産米, 精米: 非公開)
    ✨ [新規SKU抽出] 大納川天花 純米大吟醸 無濾過生原酒 亀の尾 [純米大吟醸酒] (米: 亀の尾, 精米: 非公開)
    ✨ [新規SKU抽出] 大納川天花 純米吟醸 無濾過生原酒 秋田酒こまち [純米吟醸酒] (米: 秋田酒こまち, 精米: 非公開)
    ✨ [新規SKU抽出] 大納川天花 特別純米 無濾過生原酒 辛口 炎ラベル [特別純米酒] (米: 国産米, 精米: 非公開)
    ✨ [新規SKU抽出] 大納川天花 純米吟醸 無濾過生原酒 初しぼり [純米吟醸酒] (米: 国産米, 精米: 非公開)
    ✨ [新規SKU抽出] 大納川天花 純米大吟醸 無濾過生原酒 月ラベル [純米大吟醸酒] (米: 国産米, 精米: 非公開)
    ✨ [新規SKU抽出] 大納川天花 純米大吟醸 無濾過生原酒 めんこいな [純米大吟醸酒] (米: 国産米, 精米: 非公開)
    ✨ [新規SKU抽出] 大納川天花 純米吟醸 無濾過生原酒 ななつぼし [純米吟醸酒] (米: 国産米, 精米: 非公開)
    ✨ [新規SKU抽出] 大納川天花 純米吟醸 無濾過生原酒 ささにごり 冷蔵二年熟成酒 [純米吟醸酒] (米: 国産米, 精米: 非公開)
    ✨ [新規SKU抽出] 大納川天花 純米吟醸 無濾過生原酒 一穂積 [純米吟醸酒] (米: 国産米, 精米: 非公開)
    ✨ [新規SKU抽出] 大納川天花 純米大吟醸 無濾過原酒 巳年ラベル [純米大吟醸酒] (米: 国産米, 精米: 非公開)
    ✨ [新規SKU抽出] 大納川天花 特別純米 無濾過原酒 小悪魔ラベル [特別純米酒] (米: 国産米, 精米: 非公開)
    ✨ [新規SKU抽出] 大納川天花 純米大吟醸 無濾過原酒 秋酒 どんぐりラベル [純米大吟醸酒] (米: 国産米, 精米: 非公開)
    ✨ [新規SKU抽出] 大納川天花 特別純米 無濾過原酒 雄山錦（一回火入れ） [特別純米酒] (米: 国産米, 精米: 非公開)
    ✨ [新規SKU抽出] 大納川天花 純米大吟醸 無濾過原酒 山田錦 （一回火入れ） [純米大吟醸酒] (米: 山田錦, 精米: 非公開)
    ✨ [新規SKU抽出] 大納川天花 純米大吟醸 令和5酒造年度 全国新酒鑑評会 金賞受賞記念酒 [純米大吟醸酒] (米: 国産米, 精米: 非公開)
    ✨ [新規SKU抽出] 大納川 天花 純米大吟醸 無濾過生原酒 美山錦 [純米大吟醸酒] (米: 美山錦, 精米: 非公開)
    ✨ [新規SKU抽出] 大納川 天花 純米大吟醸 ハートブレイクラベル [純米大吟醸酒] (米: 国産米, 精米: 非公開)
    ✨ [新規SKU抽出] 大納川 天花 特別純米 無濾過生原酒 雄山錦 [特別純米酒] (米: 国産米, 精米: 非公開)
    ✨ [新規SKU抽出] 大納川天花 純米吟醸 無濾過原酒 あきたこまち（一回火入れ） [純米吟醸酒] (米: 国産米, 精米: 非公開)
    ✨ [新規SKU抽出] 大納川天花 純米吟醸 無濾過生原酒 きょうかい1号酵母仕込み [純米吟醸酒] (米: 国産米, 精米: 非公開)
    ✨ [新規SKU抽出] 山内杜氏 純米吟醸 限定生酒 [純米吟醸酒] (米: 国産米, 精米: 非公開)
    ✨ [新規SKU抽出] 山内杜氏 純米吟醸 [純米吟醸酒] (米: 国産米, 精米: 非公開)
    ✨ [新規SKU抽出] 大納川　純米大吟醸原酒 [純米大吟醸酒] (米: 国産米, 精米: 非公開)
    ✨ [新規SKU抽出] 大納川　純米吟醸　夏酒 [純米吟醸酒] (米: 国産米, 精米: 非公開)
    ✨ [新規SKU抽出] 大納川　純米大吟醸　BIGBOSSスローガンラベル [純米大吟醸酒] (米: 国産米, 精米: 非公開)
    ✨ [新規SKU抽出] 大納川　純米吟醸　朝詰め生原酒　秋田新幹線こまちラベル [純米吟醸酒] (米: 国産米, 精米: 非公開)
    ✨ [新規SKU抽出] ピチピチシュワシュワ、大納川スパークリング！ [普通酒] (米: 国産米, 精米: 非公開)
    ✨ [新規SKU抽出] 大納川　純米吟醸　Sparkling（活性にごり酒） [純米吟醸酒] (米: 国産米, 精米: 非公開)
    ✨ [新規SKU抽出] 大納川　特別純米　超辛口 [特別純米酒] (米: 国産米, 精米: 非公開)
    ✨ [新規SKU抽出] 大納川　純米大吟醸原酒　金賞受賞酒 [純米大吟醸酒] (米: 国産米, 精米: 非公開)
    ✨ [新規SKU抽出] 大納川　純米吟醸　無濾過原酒　サイコロラベル [純米吟醸酒] (米: 国産米, 精米: 非公開)
    ✨ [新規SKU抽出] 大納川　純米吟醸　桜ラベル [純米吟醸酒] (米: 国産米, 精米: 非公開)
    ✨ [新規SKU抽出] 大納川　純米吟醸　ひやおろし [純米吟醸酒] (米: 国産米, 精米: 非公開)
    ✨ [新規SKU抽出] 大納川　純米大吟醸　原酒 [純米大吟醸酒] (米: 国産米, 精米: 非公開)
    ✨ [新規SKU抽出] 大納川　純米大吟醸 [純米大吟醸酒] (米: 国産米, 精米: 非公開)
    ✨ [新規SKU抽出] 大納川　純米吟醸 [純米吟醸酒] (米: 国産米, 精米: 非公開)
    ✨ [新規SKU抽出] 大納川　特別純米 [特別純米酒] (米: 国産米, 精米: 非公開)
    ✨ [新規SKU抽出] 大納川　純米吟醸　アマビエラベル [純米吟醸酒] (米: 国産米, 精米: 非公開)
    ✨ [新規SKU抽出] 大納川　純米吟醸　無濾過生原酒　初しぼり [純米吟醸酒] (米: 国産米, 精米: 非公開)
    ✨ [新規SKU抽出] 大納川　純米吟醸　能登半島地震復興支援ボトル [純米吟醸酒] (米: 国産米, 精米: 非公開)
    ✨ [新規SKU抽出] 大納川　純米吟醸　PEACE　ウクライナボトル [純米吟醸酒] (米: 国産米, 精米: 非公開)
  👉 株式会社大納川: 62 件の新規SKUを深層クローリングにより追加登録
[211/1376] 🏭 ID 527: 株式会社那波商店 (秋田県) - https://jizakemonogatari.net/
    ✨ [新規SKU抽出] 本醸造 銀鱗 [本醸造酒] (米: 国産米, 精米: 非公開)
    ✨ [新規SKU抽出] 本醸造　銀鱗 [本醸造酒] (米: 国産米, 精米: 非公開)
    ✨ [新規SKU抽出] 純米吟醸 竜乃涙しろ・生貯蔵酒 [純米吟醸酒] (米: 国産米, 精米: 非公開)
    ✨ [新規SKU抽出] 純米吟醸 竜乃涙 [純米吟醸酒] (米: 国産米, 精米: 非公開)
    ✨ [新規SKU抽出] 純米吟醸 竜乃涙あお・秋田流生酛 [純米吟醸酒] (米: 国産米, 精米: 非公開)
    ✨ [新規SKU抽出] あお・秋田流生酛 [普通酒] (米: 国産米, 精米: 非公開)
    ✨ [新規SKU抽出] 純米吟醸 竜乃涙くろ [純米吟醸酒] (米: 国産米, 精米: 非公開)
    ✨ [新規SKU抽出] 純米大吟醸 ぎんりん [純米大吟醸酒] (米: 国産米, 精米: 非公開)
    ✨ [新規SKU抽出] 秋田大吟醸 銀鱗 [大吟醸酒] (米: 国産米, 精米: 非公開)
    ✨ [新規SKU抽出] 華やかな吟醸香と濃醇な旨味 [吟醸酒] (米: 国産米, 精米: 非公開)
    ✨ [新規SKU抽出] 山廃仕込 みなと土崎 [普通酒] (米: 国産米, 精米: 非公開)
    ✨ [新規SKU抽出] 山廃仕込生貯蔵酒 [普通酒] (米: 国産米, 精米: 非公開)
  👉 株式会社那波商店: 12 件の新規SKUを深層クローリングにより追加登録
[212/1376] 🏭 ID 528: 株式会社 齋彌酒造店 (秋田県) - https://www.yukinobousha.jp/
[213/1376] 🏭 ID 529: 株式会社 飛良泉本舗 (秋田県) - https://hiraizumi.co.jp/
[214/1376] 🏭 ID 530: 秋田酒類製造株式会社 (秋田県) - https://www.takashimizu.co.jp/
    ✨ [新規SKU抽出] 高清水テレビCM　純米大吟醸 [純米大吟醸酒] (米: 国産米, 精米: 非公開)
    ✨ [新規SKU抽出] 高清水 純米大吟醸 その遊び秋田流 CMプランナー篇 [純米大吟醸酒] (米: 国産米, 精米: 非公開)
    ✨ [新規SKU抽出] 高清水 新ラベル大吟醸 その仕事秋田流 若手農家篇 [大吟醸酒] (米: 国産米, 精米: 非公開)
    ✨ [新規SKU抽出] 現代の吟醸造りの原型となった「秋田流寒仕込みと六号酵母」を愉しむ秋田限定の高清水 [吟醸酒] (米: 国産米, 精米: 非公開)
    ✨ [新規SKU抽出] 秀麗無比 純米しぼりたて [純米酒] (米: 国産米, 精米: 非公開)
    ✨ [新規SKU抽出] 秀麗無比 特別純米酒 [特別純米酒] (米: 国産米, 精米: 非公開)
    ✨ [新規SKU抽出] 秀麗無比 山廃純米 [純米酒] (米: 国産米, 精米: 非公開)
    ✨ [新規SKU抽出] 本醸造　上撰 [本醸造酒] (米: 国産米, 精米: 非公開)
    ✨ [新規SKU抽出] ○製造区分：本醸造酒 [本醸造酒] (米: 国産米, 精米: 非公開)
    ✨ [新規SKU抽出] 大吟醸 嘉兆 [大吟醸酒] (米: 国産米, 精米: 非公開)
    ✨ [新規SKU抽出] ○製造区分：大吟醸酒 [大吟醸酒] (米: 国産米, 精米: 非公開)
    ✨ [新規SKU抽出] 心から喜んでいただくために、杜氏が情熱を注いだ吟醸酒 [吟醸酒] (米: 国産米, 精米: 非公開)
    ✨ [新規SKU抽出] 燗にすると旨さが花開く、本格派向けの本醸造酒 [本醸造酒] (米: 国産米, 精米: 非公開)
    ✨ [新規SKU抽出] 独自の加温熟成技術により安定的に熟成滓を発生させた黄金色の純米吟醸酒 [純米吟醸酒] (米: 国産米, 精米: 非公開)
    ✨ [新規SKU抽出] 日本酒メーカーが作った普通とは一味違うリキュール [リキュール] (米: 国産米, 精米: 非公開)
    ✨ [新規SKU抽出] 山廃本醸造ひやおろし [本醸造酒] (米: 国産米, 精米: 非公開)
    ✨ [新規SKU抽出] 〇製造区分：本醸造 [本醸造酒] (米: 国産米, 精米: 非公開)
    ✨ [新規SKU抽出] リキュール・焼酎 ｜ カテゴリー ｜ 秋田の地酒 – 高清水 – [リキュール] (米: 国産米, 精米: 非公開)
    ✨ [新規SKU抽出] 長期熟成本格米焼酎 -aged 10 years- [本格焼酎] (米: 国産米, 精米: 非公開)
    ✨ [新規SKU抽出] 10年熟成。高清水の本格米焼酎。 [本格焼酎] (米: 国産米, 精米: 非公開)
    ✨ [新規SKU抽出] 本格米焼酎 ‐オーク樽貯蔵ブレンド- [本格焼酎] (米: 国産米, 精米: 非公開)
    ✨ [新規SKU抽出] 本格米焼酎 －オーク樽貯蔵ブレンド－ [本格焼酎] (米: 国産米, 精米: 非公開)
    ✨ [新規SKU抽出] 梅酒　日本酒仕込み [リキュール] (米: 国産米, 精米: 非公開)
    ✨ [新規SKU抽出] 風味豊かな、梅の酸味が際立つ日本酒仕込みの梅酒 [リキュール] (米: 国産米, 精米: 非公開)
  👉 秋田酒類製造株式会社: 24 件の新規SKUを深層クローリングにより追加登録
[215/1376] 🏭 ID 531: 浅舞酒造株式会社 (秋田県) - https://amanoto.co.jp/
    ✨ [新規SKU抽出] 純米大吟醸 天の戸・夏田冬蔵＜生酛仕込み＞ [純米大吟醸酒] (米: 国産米, 精米: 非公開)
    ✨ [新規SKU抽出] 純米大吟醸 天の戸・夏田冬蔵＜星あかり仕込み＞ [純米大吟醸酒] (米: 国産米, 精米: 非公開)
    ✨ [新規SKU抽出] 純米大吟醸 天の戸・夏田冬蔵＜吟の精仕込み＞ [純米大吟醸酒] (米: 国産米, 精米: 非公開)
    ✨ [新規SKU抽出] 純米大吟醸 天の戸・夏田冬蔵＜秋田酒こまち＞ [純米大吟醸酒] (米: 秋田酒こまち, 精米: 非公開)
    ✨ [新規SKU抽出] 純米大吟醸 天の戸・白雲悠々〈雫〉 [純米大吟醸酒] (米: 国産米, 精米: 非公開)
    ✨ [新規SKU抽出] 純米大吟醸 天の戸・白雲悠々 [純米大吟醸酒] (米: 国産米, 精米: 非公開)
    ✨ [新規SKU抽出] 天の戸・純米大吟醸45 [純米大吟醸酒] (米: 国産米, 精米: 非公開)
    ✨ [新規SKU抽出] 天の戸・純米大吟醸 35＜出品酒仕様＞ [純米大吟醸酒] (米: 国産米, 精米: 非公開)
    ✨ [新規SKU抽出] 純米吟醸　一穂積　無濾過生原酒（江戸酵母仕込み） [純米吟醸酒] (米: 国産米, 精米: 非公開)
    ✨ [新規SKU抽出] 純米吟醸 ひやおろし [純米吟醸酒] (米: 国産米, 精米: 非公開)
    ✨ [新規SKU抽出] 純米吟醸　天の戸・五風十雨 [純米吟醸酒] (米: 国産米, 精米: 非公開)
    ✨ [新規SKU抽出] 純米吟醸・夏田冬蔵 〈こま美〉 [純米吟醸酒] (米: 国産米, 精米: 非公開)
    ✨ [新規SKU抽出] 純米吟醸 うすにごり天の戸・氷晶〈ダイヤモンドダスト〉 [純米吟醸酒] (米: 国産米, 精米: 非公開)
    ✨ [新規SKU抽出] 純米吟醸　天の戸 [純米吟醸酒] (米: 国産米, 精米: 非公開)
    ✨ [新規SKU抽出] 純米吟醸 夏のランド・オブ・ウォーター〈生〉 [純米吟醸酒] (米: 国産米, 精米: 非公開)
    ✨ [新規SKU抽出] 純米吟醸 ランド・オブ・ウォーター [純米吟醸酒] (米: 国産米, 精米: 非公開)
    ✨ [新規SKU抽出] 特別純米酒 [特別純米酒] (米: 国産米, 精米: 非公開)
    ✨ [新規SKU抽出] 天の戸・美稲 すっぴんささにごり槽口うすにごり生原酒 [普通酒] (米: 国産米, 精米: 非公開)
    ✨ [新規SKU抽出] 特別純米酒　天の戸・美稲 [特別純米酒] (米: 国産米, 精米: 非公開)
    ✨ [新規SKU抽出] 天の戸・美稲〈生〉　槽口生原酒 [普通酒] (米: 国産米, 精米: 非公開)
    ✨ [新規SKU抽出] 純米酒 シュワトロ [純米酒] (米: 国産米, 精米: 非公開)
    ✨ [新規SKU抽出] 純米酒　美稲八〇〈生〉 [純米酒] (米: 国産米, 精米: 非公開)
    ✨ [新規SKU抽出] 芳醇辛口純米酒　醇辛・天の戸〈生〉 [純米酒] (米: 国産米, 精米: 非公開)
    ✨ [新規SKU抽出] 純米酒 じゃごたろ にごり [純米酒] (米: 国産米, 精米: 非公開)
    ✨ [新規SKU抽出] 芳醇辛口純米酒　醇辛・天の戸 [純米酒] (米: 国産米, 精米: 非公開)
    ✨ [新規SKU抽出] 純米酒　天の戸 [純米酒] (米: 国産米, 精米: 非公開)
    ✨ [新規SKU抽出] 天の戸・天辛 芳醇〈超辛口〉純米生原酒 [純米酒] (米: 国産米, 精米: 非公開)
    ✨ [新規SKU抽出] 純米酒　美稲八〇 [純米酒] (米: 国産米, 精米: 非公開)
    ✨ [新規SKU抽出] 純米酒 天の戸 吟泉 [純米酒] (米: 国産米, 精米: 非公開)
    ✨ [新規SKU抽出] 純米吟醸 ひやおろし – 天の戸 [純米吟醸酒] (米: 国産米, 精米: 非公開)
    ✨ [新規SKU抽出] 純米吟醸酒 [純米吟醸酒] (米: 国産米, 精米: 非公開)
    ✨ [新規SKU抽出] 天の戸・天辛 芳醇〈超辛口〉純米生原酒 – 天の戸 [純米酒] (米: 国産米, 精米: 非公開)
    ✨ [新規SKU抽出] 純米吟醸　天の戸 – 天の戸 [純米吟醸酒] (米: 国産米, 精米: 非公開)
    ✨ [新規SKU抽出] 純米吟醸　一穂積　無濾過生原酒（江戸酵母仕込み） – 天の戸 [純米吟醸酒] (米: 国産米, 精米: 非公開)
    ✨ [新規SKU抽出] 純米酒　天の戸 – 天の戸 [純米酒] (米: 国産米, 精米: 非公開)
    ✨ [新規SKU抽出] 純米酒 シュワトロ – 天の戸 [純米酒] (米: 国産米, 精米: 非公開)
  👉 浅舞酒造株式会社: 36 件の新規SKUを深層クローリングにより追加登録
[216/1376] 🏭 ID 532: 刈穂酒造株式会社 (秋田県) - https://www.igeta.jp/
    ✨ [新規SKU抽出] 刈穂 純米吟醸 Horizon Blue 発売中 [純米吟醸酒] (米: 国産米, 精米: 非公開)
    ✨ [新規SKU抽出] 刈穂 山廃生原酒 超弩級 気魄の辛口+25 発売中 [普通酒] (米: 国産米, 精米: 非公開)
    ✨ [新規SKU抽出] 刈穂 純米酒 white label 発売中 [純米酒] (米: 国産米, 精米: 非公開)
    ✨ [新規SKU抽出] 出羽鶴 純米吟醸生酒 クラムボン 発売中 [純米吟醸酒] (米: 国産米, 精米: 非公開)
    ✨ [新規SKU抽出] 日本酒・焼酎・リキュールの瓶詰・貯蔵・販売を行っております。 [リキュール] (米: 国産米, 精米: 非公開)
    ✨ [新規SKU抽出] 日本吟醸酒協会 [吟醸酒] (米: 国産米, 精米: 非公開)
    ✨ [新規SKU抽出] 独自開発した刈穂式低温糖化酒母で醸造した純米大吟醸です。 [純米大吟醸酒] (米: 国産米, 精米: 非公開)
    ✨ [新規SKU抽出] 刈穂 純米大吟醸 [純米大吟醸酒] (米: 国産米, 精米: 非公開)
    ✨ [新規SKU抽出] リキュール [リキュール] (米: 国産米, 精米: 非公開)
    ✨ [新規SKU抽出] やまとしずく 純米大吟醸 [純米大吟醸酒] (米: 国産米, 精米: 非公開)
  👉 刈穂酒造株式会社: 10 件の新規SKUを深層クローリングにより追加登録
[217/1376] 🏭 ID 533: 株式会社高橋酒造店 (秋田県) - http://egao-okusimizu.com/
    ✨ [新規SKU抽出] 奥清水 吟醸 [吟醸酒] (米: 国産米, 精米: 非公開)
    ✨ [新規SKU抽出] 奥清水 本醸造 [本醸造酒] (米: 国産米, 精米: 非公開)
    ✨ [新規SKU抽出] 奥清水 梅酒「美郷の梅」 [リキュール] (米: 国産米, 精米: 非公開)
    ✨ [新規SKU抽出] 奥清水 特別純米無濾過原酒 斗瓶 [特別純米酒] (米: 国産米, 精米: 非公開)
    ✨ [新規SKU抽出] 奥清水 純米吟醸原酒「美郷雪華」 [純米吟醸酒] (米: 国産米, 精米: 非公開)
    ✨ [新規SKU抽出] 奥清水特別純米無濾過原酒 斗瓶 [特別純米酒] (米: 国産米, 精米: 非公開)
    ✨ [新規SKU抽出] 純米大吟醸 桜酵母 ミサトヨシノ [純米大吟醸酒] (米: 国産米, 精米: 非公開)
    ✨ [新規SKU抽出] 純米吟醸 桜酵母 ミサトヨシノ [純米吟醸酒] (米: 国産米, 精米: 非公開)
    ✨ [新規SKU抽出] 奥清水 純米大吟醸原酒 「美郷雪華」 [純米大吟醸酒] (米: 国産米, 精米: 非公開)
    ✨ [新規SKU抽出] 奥清水 梅酒「梅酒α」 [リキュール] (米: 国産米, 精米: 非公開)
  👉 株式会社高橋酒造店: 10 件の新規SKUを深層クローリングにより追加登録
[218/1376] 🏭 ID 534: 株式会社木村酒造 (秋田県) - http://www.fukukomachi.com/
    ✨ [新規SKU抽出] 純米大吟醸 福小町 [純米大吟醸酒] (米: 国産米, 精米: 非公開)
    ✨ [新規SKU抽出] 純米吟醸 福小町 [純米吟醸酒] (米: 国産米, 精米: 非公開)
    ✨ [新規SKU抽出] 秋田純米酒処恵比寿店 [純米酒] (米: 国産米, 精米: 非公開)
  👉 株式会社木村酒造: 3 件の新規SKUを深層クローリングにより追加登録
[219/1376] 🏭 ID 535: 有限会社 奥田酒造店 (秋田県) - http://www.chiyomidori.com/
    ✨ [新規SKU抽出] 千代緑にごり酒 [普通酒] (米: 国産米, 精米: 非公開)
  👉 有限会社 奥田酒造店: 1 件の新規SKUを深層クローリングにより追加登録
[220/1376] 🏭 ID 536: 秋田醸造株式会社 (秋田県) - https://yukinobijin.com/
    ✨ [新規SKU抽出] 雪のようにすっと消える
キレと旨味。
純米酒の原点へ。 [純米酒] (米: 国産米, 精米: 非公開)
    ✨ [新規SKU抽出] ゆきの美人 純米大吟醸 [純米大吟醸酒] (米: 国産米, 精米: 非公開)
    ✨ [新規SKU抽出] ゆきの美人 純米吟醸 [純米吟醸酒] (米: 国産米, 精米: 非公開)
    ✨ [新規SKU抽出] ゆきの美人 純米酒 [純米酒] (米: 国産米, 精米: 非公開)
    ✨ [新規SKU抽出] ゆきの美人 純米酒 完全発酵 [純米酒] (米: 国産米, 精米: 非公開)
    ✨ [新規SKU抽出] 旨味を残し、超辛口に仕上げた純米酒。通年で販売。 [純米酒] (米: 国産米, 精米: 非公開)
    ✨ [新規SKU抽出] ゆきの美人 純米大吟醸 出品仕様 [純米大吟醸酒] (米: 国産米, 精米: 非公開)
    ✨ [新規SKU抽出] ゆきの美人 純米吟醸 愛山麴（生/ひやおろし） [純米吟醸酒] (米: 愛山, 精米: 非公開)
    ✨ [新規SKU抽出] ゆきの美人 純米吟醸 愛山麴 [純米吟醸酒] (米: 愛山, 精米: 非公開)
    ✨ [新規SKU抽出] （生/ひやおろし） [普通酒] (米: 国産米, 精米: 非公開)
    ✨ [新規SKU抽出] ゆきの美人 純米吟醸 しぼりたて生酒（夏/秋/冬） [純米吟醸酒] (米: 国産米, 精米: 非公開)
    ✨ [新規SKU抽出] しぼりたて生酒 [普通酒] (米: 国産米, 精米: 非公開)
    ✨ [新規SKU抽出] ゆきの美人 純米吟醸 愛山 6号酵母 [純米吟醸酒] (米: 愛山, 精米: 非公開)
    ✨ [新規SKU抽出] ゆきの美人 純米吟醸 改良信交 [純米吟醸酒] (米: 国産米, 精米: 非公開)
    ✨ [新規SKU抽出] ゆきの美人 純米吟醸 雄町 [純米吟醸酒] (米: 雄町, 精米: 非公開)
    ✨ [新規SKU抽出] ゆきの美人 純米吟醸 山田錦 6号酵母 [純米吟醸酒] (米: 山田錦, 精米: 非公開)
    ✨ [新規SKU抽出] ゆきの美人 純米吟醸 美郷錦 [純米吟醸酒] (米: 国産米, 精米: 非公開)
    ✨ [新規SKU抽出] ゆきの美人 純米吟醸 吟の精 6号酵母 [純米吟醸酒] (米: 国産米, 精米: 非公開)
    ✨ [新規SKU抽出] ゆきの美人 純米吟醸 秋田酒こまち [純米吟醸酒] (米: 秋田酒こまち, 精米: 非公開)
    ✨ [新規SKU抽出] ゆきの美人 純米吟醸 山田錦
6号酵母 超辛 [純米吟醸酒] (米: 山田錦, 精米: 非公開)
    ✨ [新規SKU抽出] ゆきの美人 純米吟醸 活性にごり [純米吟醸酒] (米: 国産米, 精米: 非公開)
    ✨ [新規SKU抽出] ゆきの美人 純米酒 エクストラ [純米酒] (米: 国産米, 精米: 非公開)
  👉 秋田醸造株式会社: 22 件の新規SKUを深層クローリングにより追加登録
[221/1376] 🏭 ID 537: 株式会社佐藤酒造店 (秋田県) - http://www.dewanofuji.co.jp/
    ✨ [新規SKU抽出] 「純米にごり酒 おぼろ雪」（720mL）再販（R6BY） [純米酒] (米: 国産米, 精米: 非公開)
  👉 株式会社佐藤酒造店: 1 件の新規SKUを深層クローリングにより追加登録
[222/1376] 🏭 ID 538: 福禄寿酒造株式会社 (秋田県) - https://www.fukurokuju.jp/
    ✨ [新規SKU抽出] 大吟醸原酒 [大吟醸酒] (米: 国産米, 精米: 非公開)
    ✨ [新規SKU抽出] 大吟醸原酒　雫酒　福禄寿 [大吟醸酒] (米: 国産米, 精米: 非公開)
    ✨ [新規SKU抽出] 大吟醸 福禄寿 [大吟醸酒] (米: 国産米, 精米: 非公開)
    ✨ [新規SKU抽出] 十五代彦兵衛　純米大吟醸 [純米大吟醸酒] (米: 国産米, 精米: 非公開)
    ✨ [新規SKU抽出] 十五代彦兵衛　純米吟醸 [純米吟醸酒] (米: 国産米, 精米: 非公開)
    ✨ [新規SKU抽出] 十五代彦兵衛　純米酒 [純米酒] (米: 国産米, 精米: 非公開)
    ✨ [新規SKU抽出] 特別純米酒 [特別純米酒] (米: 国産米, 精米: 非公開)
    ✨ [新規SKU抽出] 純米吟醸 無濾過原酒 一回火入れ [純米吟醸酒] (米: 国産米, 精米: 非公開)
    ✨ [新規SKU抽出] 純米吟醸　美郷錦 [純米吟醸酒] (米: 国産米, 精米: 非公開)
    ✨ [新規SKU抽出] 希少品種「愛山」兵庫県特A地区で育てられた愛山で醸した純米吟醸 [純米吟醸酒] (米: 愛山, 精米: 非公開)
  👉 福禄寿酒造株式会社: 10 件の新規SKUを深層クローリングにより追加登録
[223/1376] 🏭 ID 539: 合名会社秋田富士酒造店 (秋田県) - https://kinmon-akita.com/
    ✨ [新規SKU抽出] 梅酒・梅ワイン・吟醸酒 [吟醸酒] (米: 国産米, 精米: 非公開)
    ✨ [新規SKU抽出] LIQUOR   梅酒・梅ワイン [リキュール] (米: 国産米, 精米: 非公開)
    ✨ [新規SKU抽出] 熟成酒梅酒「悠久の梅雫」など [リキュール] (米: 国産米, 精米: 非公開)
  👉 合名会社秋田富士酒造店: 3 件の新規SKUを深層クローリングにより追加登録
[224/1376] 🏭 ID 540: 千歳盛酒造株式会社 (秋田県) - https://chitosezakari.jp/
    ✨ [新規SKU抽出] 純米大吟醸 HANAWABAYASHI [純米大吟醸酒] (米: 国産米, 精米: 非公開)
    ✨ [新規SKU抽出] チトセザカリ　純米大吟醸： 緑色 [純米大吟醸酒] (米: 国産米, 精米: 非公開)
    ✨ [新規SKU抽出] 坑道熟成大吟醸 地底の神秘 [大吟醸酒] (米: 国産米, 精米: 非公開)
    ✨ [新規SKU抽出] 大吟醸 鹿角 [大吟醸酒] (米: 国産米, 精米: 非公開)
    ✨ [新規SKU抽出] 大吟醸 鏡田 [大吟醸酒] (米: 国産米, 精米: 非公開)
    ✨ [新規SKU抽出] チトセザカリ　純米吟醸： 絹色 [純米吟醸酒] (米: 国産米, 精米: 非公開)
    ✨ [新規SKU抽出] チトセザカリ　純米吟醸： 桃色 [純米吟醸酒] (米: 国産米, 精米: 非公開)
    ✨ [新規SKU抽出] チトセザカリ　純米吟醸： 水色 [純米吟醸酒] (米: 国産米, 精米: 非公開)
    ✨ [新規SKU抽出] チトセザカリ純米吟醸呑み比べセット [純米吟醸酒] (米: 国産米, 精米: 非公開)
    ✨ [新規SKU抽出] 特別純米酒 左多六 [特別純米酒] (米: 国産米, 精米: 非公開)
    ✨ [新規SKU抽出] 秋田酒こまちを40%まで磨き上げた純米大吟醸。 [純米大吟醸酒] (米: 秋田酒こまち, 精米: 40%)
  👉 千歳盛酒造株式会社: 11 件の新規SKUを深層クローリングにより追加登録
[225/1376] 🏭 ID 541: 株式会社北鹿 (秋田県) - https://www.hokushika.jp/
    ✨ [新規SKU抽出] 商品情報｜季節限定品｜秋田の清酒 北鹿｜日本酒｜大吟醸｜純米酒｜雪中貯蔵 [大吟醸酒] (米: 国産米, 精米: 非公開)
    ✨ [新規SKU抽出] 雪中貯蔵 大吟醸 季節限定品 [大吟醸酒] (米: 国産米, 精米: 非公開)
    ✨ [新規SKU抽出] 雪中貯蔵 特別純米酒 季節限定品 [特別純米酒] (米: 国産米, 精米: 非公開)
    ✨ [新規SKU抽出] 北秋田大吟醸 生貯蔵 夏限定 [大吟醸酒] (米: 国産米, 精米: 非公開)
    ✨ [新規SKU抽出] サイトマップ｜秋田の清酒 北鹿｜日本酒｜大吟醸｜純米酒｜雪中貯蔵 [大吟醸酒] (米: 国産米, 精米: 非公開)
    ✨ [新規SKU抽出] 純米大吟醸純米吟醸酒 [純米大吟醸酒] (米: 国産米, 精米: 非公開)
  👉 株式会社北鹿: 6 件の新規SKUを深層クローリングにより追加登録
[226/1376] 🏭 ID 542: 日の丸醸造株式会社 (秋田県) - http://hinomaru-sake.com/
    ✨ [新規SKU抽出] 純米吟醸 まんさくの花 月宵 Rich Sweet [純米吟醸酒] (米: 国産米, 精米: 非公開)
    ✨ [新規SKU抽出] 純米吟醸 まんさくの花 Winter Snowman [純米吟醸酒] (米: 国産米, 精米: 非公開)
    ✨ [新規SKU抽出] 純米大吟醸原酒 まんさくの花 超限定ブラック [純米大吟醸酒] (米: 国産米, 精米: 非公開)
    ✨ [新規SKU抽出] 純米大吟醸一度火入れ原酒 まんさくの花 杜氏選抜 ブラック [純米大吟醸酒] (米: 国産米, 精米: 非公開)
    ✨ [新規SKU抽出] 純米大吟醸 まんさくの花 サキホコレ [純米大吟醸酒] (米: 国産米, 精米: 非公開)
    ✨ [新規SKU抽出] 吟醸米糀 [吟醸酒] (米: 国産米, 精米: 非公開)
    ✨ [新規SKU抽出] 甘酒仕込みリキュール りんごまんさく [リキュール] (米: 国産米, 精米: 非公開)
    ✨ [新規SKU抽出] 純米大吟醸 まんさくの花 星あかり [純米大吟醸酒] (米: 国産米, 精米: 非公開)
    ✨ [新規SKU抽出] 純米大吟醸一度火入れ原酒 まんさくの花 超限定 [純米大吟醸酒] (米: 国産米, 精米: 非公開)
    ✨ [新規SKU抽出] 別格純米大吟醸 まんさくの花 [純米大吟醸酒] (米: 国産米, 精米: 非公開)
    ✨ [新規SKU抽出] 純米 まんさくの花 ひやおろし [純米酒] (米: 国産米, 精米: 非公開)
    ✨ [新規SKU抽出] 純米 まんさくの花 しぼりたて [純米酒] (米: 国産米, 精米: 非公開)
    ✨ [新規SKU抽出] まんさくの花 スパークリングブリュット [普通酒] (米: 国産米, 精米: 非公開)
    ✨ [新規SKU抽出] 純米大吟醸 まんさくの花 百田45 [純米大吟醸酒] (米: 国産米, 精米: 非公開)
    ✨ [新規SKU抽出] ひやおろし [普通酒] (米: 国産米, 精米: 非公開)
    ✨ [新規SKU抽出] リキュール等 [リキュール] (米: 国産米, 精米: 非公開)
    ✨ [新規SKU抽出] 吟醸酒粕焼酎 [吟醸酒] (米: 国産米, 精米: 非公開)
    ✨ [新規SKU抽出] スイートリキュール よーぐるしゅ [リキュール] (米: 国産米, 精米: 非公開)
    ✨ [新規SKU抽出] スイートリキュール 純米たまご酒 [純米酒] (米: 国産米, 精米: 非公開)
    ✨ [新規SKU抽出] 吟醸甘酒 秋田美人のひみつ [吟醸酒] (米: 国産米, 精米: 非公開)
    ✨ [新規SKU抽出] 大吟醸酒粕焼酎 マンサクノハナ [大吟醸酒] (米: 国産米, 精米: 非公開)
    ✨ [新規SKU抽出] 甘酒仕込み梅酒 梅まんさく [リキュール] (米: 国産米, 精米: 非公開)
    ✨ [新規SKU抽出] 純米吟醸 まんさくの花 [純米吟醸酒] (米: 国産米, 精米: 非公開)
    ✨ [新規SKU抽出] ※本商品は活性にごりではなく、炭酸感の無い一度火入れのにごり酒です。 [普通酒] (米: 国産米, 精米: 非公開)
    ✨ [新規SKU抽出] -純米吟醸 まんさくの花 [純米吟醸酒] (米: 国産米, 精米: 非公開)
    ✨ [新規SKU抽出] 特定名称:純米吟醸原酒 [純米吟醸酒] (米: 国産米, 精米: 非公開)
    ✨ [新規SKU抽出] (4月頃)生原酒 [普通酒] (米: 国産米, 精米: 非公開)
    ✨ [新規SKU抽出] (3月頃)生原酒 [普通酒] (米: 国産米, 精米: 非公開)
    ✨ [新規SKU抽出] 純米吟醸 まんさくの花 生もと亀ラベル [純米吟醸酒] (米: 国産米, 精米: 非公開)
    ✨ [新規SKU抽出] 純米吟醸 まんさくの花 愛亀ラベル [純米吟醸酒] (米: 国産米, 精米: 非公開)
    ✨ [新規SKU抽出] 純米大吟醸 まんさくの花 亀ラベルGOLD [純米大吟醸酒] (米: 国産米, 精米: 非公開)
    ✨ [新規SKU抽出] 純米吟醸 まんさくの花 亀ラベル [純米吟醸酒] (米: 国産米, 精米: 非公開)
    ✨ [新規SKU抽出] 純米大吟醸 まんさくの花 亀ラベルGOLD(生) [純米大吟醸酒] (米: 国産米, 精米: 非公開)
    ✨ [新規SKU抽出] 純米吟醸 まんさくの花 亀ラベル(生) [純米吟醸酒] (米: 国産米, 精米: 非公開)
    ✨ [新規SKU抽出] 別格純米大吟醸 [純米大吟醸酒] (米: 国産米, 精米: 非公開)
    ✨ [新規SKU抽出] 本醸造精撰 [本醸造酒] (米: 国産米, 精米: 非公開)
    ✨ [新規SKU抽出] スパークリング [普通酒] (米: 国産米, 精米: 非公開)
    ✨ [新規SKU抽出] リキュール [リキュール] (米: 国産米, 精米: 非公開)
    ✨ [新規SKU抽出] 吟醸甘酒 [吟醸酒] (米: 国産米, 精米: 非公開)
    ✨ [新規SKU抽出] 大吟醸酒粕焼酎 [大吟醸酒] (米: 国産米, 精米: 非公開)
    ✨ [新規SKU抽出] -純米大吟醸一度火入れ原酒 まんさくの花 杜氏選抜ブラック- [純米大吟醸酒] (米: 国産米, 精米: 非公開)
    ✨ [新規SKU抽出] 特定名称:純米大吟醸一度火入れ原酒 [純米大吟醸酒] (米: 国産米, 精米: 非公開)
    ✨ [新規SKU抽出] 純米吟醸 まんさくの花 責めどり [純米吟醸酒] (米: 国産米, 精米: 非公開)
    ✨ [新規SKU抽出] 純米吟醸 まんさくの花 中ぐみ [純米吟醸酒] (米: 国産米, 精米: 非公開)
    ✨ [新規SKU抽出] 純米吟醸 まんさくの花 荒ばしり [純米吟醸酒] (米: 国産米, 精米: 非公開)
    ✨ [新規SKU抽出] 純米吟醸 MK-Z [純米吟醸酒] (米: 国産米, 精米: 非公開)
    ✨ [新規SKU抽出] 純米吟醸 MK-Y [純米吟醸酒] (米: 国産米, 精米: 非公開)
    ✨ [新規SKU抽出] 純米吟醸 MK-X [純米吟醸酒] (米: 国産米, 精米: 非公開)
  👉 日の丸醸造株式会社: 48 件の新規SKUを深層クローリングにより追加登録
[227/1376] 🏭 ID 544: 合名会社 栗林酒造店 (秋田県) - https://harukasumi.com
[228/1376] 🏭 ID 545: 天寿酒造株式会社 (秋田県) - https://www.tenju.co.jp
    ✨ [新規SKU抽出] 純米吟醸酒 [純米吟醸酒] (米: 国産米, 精米: 非公開)
    ✨ [新規SKU抽出] 本醸造酒 [本醸造酒] (米: 国産米, 精米: 非公開)
    ✨ [新規SKU抽出] 純米、吟醸、本醸造。 [吟醸酒] (米: 国産米, 精米: 非公開)
    ✨ [新規SKU抽出] フルーティーで上品な味わい。吟醸香が華やかに広がる、すっきりとした飲み口。 [吟醸酒] (米: 国産米, 精米: 非公開)
    ✨ [新規SKU抽出] スパークリング鳥海山 [普通酒] (米: 国産米, 精米: 非公開)
    ✨ [新規SKU抽出] 大吟醸「鳥海」 [大吟醸酒] (米: 国産米, 精米: 非公開)
    ✨ [新規SKU抽出] 日本吟醸酒協会 [吟醸酒] (米: 国産米, 精米: 非公開)
    ✨ [新規SKU抽出] 清澄辛口本醸造鳥海山 [本醸造酒] (米: 国産米, 精米: 非公開)
    ✨ [新規SKU抽出] 古酒大吟醸 [大吟醸酒] (米: 国産米, 精米: 非公開)
    ✨ [新規SKU抽出] 天寿　米から育てた純米酒 [純米酒] (米: 国産米, 精米: 非公開)
    ✨ [新規SKU抽出] 米から育てた純米酒ひやおろし [純米酒] (米: 国産米, 精米: 非公開)
    ✨ [新規SKU抽出] 生もと仕込純米酒「鳥海山」１．８Ｌ [純米酒] (米: 国産米, 精米: 非公開)
    ✨ [新規SKU抽出] 純米大吟醸「鳥海山」 [純米大吟醸酒] (米: 国産米, 精米: 非公開)
    ✨ [新規SKU抽出] 大吟醸雫酒「鳥海の雫」 [大吟醸酒] (米: 国産米, 精米: 非公開)
    ✨ [新規SKU抽出] 純米酒「角樽」 [純米酒] (米: 国産米, 精米: 非公開)
    ✨ [新規SKU抽出] 天寿「燗上がり純米酒」 [純米酒] (米: 国産米, 精米: 非公開)
    ✨ [新規SKU抽出] 本醸造　コモ樽 [本醸造酒] (米: 国産米, 精米: 非公開)
    ✨ [新規SKU抽出] 大吟醸酒粕パック詰 [大吟醸酒] (米: 国産米, 精米: 非公開)
    ✨ [新規SKU抽出] 天寿　熟成古酒大吟醸　掌上明珠 [大吟醸酒] (米: 国産米, 精米: 非公開)
    ✨ [新規SKU抽出] 秘蔵大吟醸「天寿」1998年度醸造 [大吟醸酒] (米: 国産米, 精米: 非公開)
    ✨ [新規SKU抽出] 秘蔵大吟醸「天寿」2008年度醸造 [大吟醸酒] (米: 国産米, 精米: 非公開)
    ✨ [新規SKU抽出] 天寿　米から育てた純米酒７２０ｍｌ [純米酒] (米: 国産米, 精米: 非公開)
    ✨ [新規SKU抽出] 生もと純米大吟醸「天寿」 [純米大吟醸酒] (米: 国産米, 精米: 非公開)
    ✨ [新規SKU抽出] 純米酒　鳥海山　TDK　SakeProject [純米酒] (米: 国産米, 精米: 非公開)
    ✨ [新規SKU抽出] 純米大吟醸「天寿」百田２５ [純米大吟醸酒] (米: 国産米, 精米: 非公開)
    ✨ [新規SKU抽出] 純米大吟醸「鳥海山」TDK Sake Project 火入 [純米大吟醸酒] (米: 国産米, 精米: 非公開)
    ✨ [新規SKU抽出] 本醸造酒のおすすめ商品 [本醸造酒] (米: 国産米, 精米: 非公開)
    ✨ [新規SKU抽出] ・純米大吟醸鳥海山 [純米大吟醸酒] (米: 国産米, 精米: 非公開)
    ✨ [新規SKU抽出] ・純米酒天寿 [純米酒] (米: 国産米, 精米: 非公開)
    ✨ [新規SKU抽出] ・清澄辛口本醸造鳥海山 [本醸造酒] (米: 国産米, 精米: 非公開)
    ✨ [新規SKU抽出] 生もと純米吟醸　鳥海山　リンドウ酵母 [純米吟醸酒] (米: 国産米, 精米: 非公開)
    ✨ [新規SKU抽出] 生もと仕込純米酒「鳥海山」 [純米酒] (米: 国産米, 精米: 非公開)
  👉 天寿酒造株式会社: 32 件の新規SKUを深層クローリングにより追加登録
[229/1376] 🏭 ID 546: 両関酒造株式会社 (秋田県) - https://www.ryozeki.co.jp/
[230/1376] 🏭 ID 547: 小玉醸造株式会社 (秋田県) - https://www.kodamajozo.co.jp/
    ✨ [新規SKU抽出] [大吟醸] [大吟醸酒] (米: 国産米, 精米: 非公開)
    ✨ [新規SKU抽出] [純米大吟醸] [純米大吟醸酒] (米: 国産米, 精米: 非公開)
    ✨ [新規SKU抽出] [純米吟醸] [純米吟醸酒] (米: 国産米, 精米: 非公開)
    ✨ [新規SKU抽出] [純米生酛] [純米酒] (米: 国産米, 精米: 非公開)
    ✨ [新規SKU抽出] [純米無濾過生原酒] [純米酒] (米: 国産米, 精米: 非公開)
    ✨ [新規SKU抽出] [本醸造にごり] [本醸造酒] (米: 国産米, 精米: 非公開)
    ✨ [新規SKU抽出] [リキュール] [リキュール] (米: 国産米, 精米: 非公開)
    ✨ [新規SKU抽出] [吟醸醤油] [吟醸酒] (米: 国産米, 精米: 非公開)
    ✨ [新規SKU抽出] Daiginjo-shu　(大吟醸酒) [大吟醸酒] (米: 国産米, 精米: 非公開)
    ✨ [新規SKU抽出] Junmai Daiginjo-shu　(純米大吟醸酒) [純米大吟醸酒] (米: 国産米, 精米: 非公開)
    ✨ [新規SKU抽出] Junmai Ginjo-shu　(純米吟醸酒) [純米吟醸酒] (米: 国産米, 精米: 非公開)
    ✨ [新規SKU抽出] Junmai-shu　（純米酒） [純米酒] (米: 国産米, 精米: 非公開)
    ✨ [新規SKU抽出] Kimoto　（生酛） [普通酒] (米: 国産米, 精米: 非公開)
    ✨ [新規SKU抽出] Honjozo-shu　(本醸造酒) [本醸造酒] (米: 国産米, 精米: 非公開)
    ✨ [新規SKU抽出] Nigorizake [Cloudy sake]　（にごり酒） [普通酒] (米: 国産米, 精米: 非公開)
    ✨ [新規SKU抽出] 大吟醸 壽保年 [大吟醸酒] (米: 国産米, 精米: 非公開)
    ✨ [新規SKU抽出] 純米大吟醸「天巧」 [純米大吟醸酒] (米: 国産米, 精米: 非公開)
  👉 小玉醸造株式会社: 17 件の新規SKUを深層クローリングにより追加登録
[231/1376] 🏭 ID 548: 秋田酒造株式会社 (秋田県) - https://www.akitabare.jp/
    ✨ [新規SKU抽出] 令和7年　東北清酒鑑評会『純米酒の部』優等賞を受賞しました。 [純米酒] (米: 国産米, 精米: 非公開)
    ✨ [新規SKU抽出] 令和6年　東北清酒鑑評会『吟醸酒の部』優等賞を受賞しました。 [吟醸酒] (米: 国産米, 精米: 非公開)
    ✨ [新規SKU抽出] 令和5年　秋田県清酒品評会『吟醸の部』県知事賞　首席を受賞しました。 [吟醸酒] (米: 国産米, 精米: 非公開)
    ✨ [新規SKU抽出] 秋田魁新報　ふきのとうに「純米大吟醸　酔楽天　百田晴」の記事が掲載されました。 [純米大吟醸酒] (米: 国産米, 精米: 非公開)
    ✨ [新規SKU抽出] 「大吟醸 酔楽天」がIWC2022でシルバーメダルを受賞しました。 [大吟醸酒] (米: 国産米, 精米: 非公開)
    ✨ [新規SKU抽出] 「大吟醸 酔楽天」がIWC2021でシルバーメダルを受賞しました。 [大吟醸酒] (米: 国産米, 精米: 非公開)
    ✨ [新規SKU抽出] 令和2年　東北清酒鑑評会『吟醸の部』『純米の部』優等賞を受賞しました。 [吟醸酒] (米: 国産米, 精米: 非公開)
    ✨ [新規SKU抽出] 令和2年　秋田県清酒品評会『吟醸の部』『秋田県産米の部』優等賞を受賞しました。 [吟醸酒] (米: 国産米, 精米: 非公開)
    ✨ [新規SKU抽出] 「本醸造 秋田晴 五段仕込み」が全国燗酒コンテスト2020で金賞を受賞しました。 [本醸造酒] (米: 国産米, 精米: 非公開)
    ✨ [新規SKU抽出] 「純米酒　秋田晴」が「純米酒大賞2018」で金賞を受賞しました。 [純米酒] (米: 国産米, 精米: 非公開)
    ✨ [新規SKU抽出] 平成30年　秋田県清酒品評会『吟醸の部』県知事賞、『純米の部』優等賞を受賞しました。 [吟醸酒] (米: 国産米, 精米: 非公開)
    ✨ [新規SKU抽出] 「純米大吟醸　酔楽天」が2018年度全米日本酒歓評会で金賞を受賞しました。 [純米大吟醸酒] (米: 国産米, 精米: 非公開)
    ✨ [新規SKU抽出] 「純米酒　秋田晴」が「純米酒大賞2017」で金賞を受賞しました。 [純米酒] (米: 国産米, 精米: 非公開)
    ✨ [新規SKU抽出] 平成29年　秋田県清酒品評会『吟醸の部』優等賞を頂きました。 [吟醸酒] (米: 国産米, 精米: 非公開)
    ✨ [新規SKU抽出] 秋田魁新報に「特別純米酒 かもっ酒。」の記事が掲載されました。 [特別純米酒] (米: 国産米, 精米: 非公開)
    ✨ [新規SKU抽出] 秋田魁新報に「大吟醸 秋田晴」の記事が掲載されました。 [大吟醸酒] (米: 国産米, 精米: 非公開)
    ✨ [新規SKU抽出] 平成28年　秋田県清酒品評会『吟醸の部』優等賞を頂きました。 [吟醸酒] (米: 国産米, 精米: 非公開)
    ✨ [新規SKU抽出] 平成28年　東北清酒鑑評会『吟醸の部』『純米の部』優等賞を頂きました。 [吟醸酒] (米: 国産米, 精米: 非公開)
    ✨ [新規SKU抽出] 平成27年　秋田県清酒品評会『吟醸の部』県知事賞を頂きました。 [吟醸酒] (米: 国産米, 精米: 非公開)
    ✨ [新規SKU抽出] 平成27年　東北清酒鑑評会　『吟醸の部』優等賞を頂きました。 [吟醸酒] (米: 国産米, 精米: 非公開)
    ✨ [新規SKU抽出] 本醸造酒 [本醸造酒] (米: 国産米, 精米: 非公開)
    ✨ [新規SKU抽出] 生貯蔵酒（本醸造） [本醸造酒] (米: 国産米, 精米: 非公開)
    ✨ [新規SKU抽出] 純米大吟醸　酔楽天 [純米大吟醸酒] (米: 国産米, 精米: 非公開)
    ✨ [新規SKU抽出] 長期低温貯蔵された熟成純米大吟醸酒です。 [純米大吟醸酒] (米: 国産米, 精米: 非公開)
    ✨ [新規SKU抽出] 純米大吟醸 酔楽天 百田晴 [純米大吟醸酒] (米: 国産米, 精米: 非公開)
    ✨ [新規SKU抽出] 秋田の新しい酒米「百田」を使用した純米大吟醸です。 [純米大吟醸酒] (米: 国産米, 精米: 非公開)
    ✨ [新規SKU抽出] 大吟醸　酔楽天 [大吟醸酒] (米: 国産米, 精米: 非公開)
    ✨ [新規SKU抽出] 大吟醸　秋田晴 [大吟醸酒] (米: 国産米, 精米: 非公開)
    ✨ [新規SKU抽出] 純米吟醸　秋田晴 [純米吟醸酒] (米: 国産米, 精米: 非公開)
    ✨ [新規SKU抽出] メロンの様な香りと芳醇な風味が特長の純米吟醸酒です。 [純米吟醸酒] (米: 国産米, 精米: 非公開)
    ✨ [新規SKU抽出] 純米酒　古式純造り [純米酒] (米: 国産米, 精米: 非公開)
    ✨ [新規SKU抽出] 淡麗辛口、軽快で口あたりなめらかな飲み口の純米酒です。 [純米酒] (米: 国産米, 精米: 非公開)
    ✨ [新規SKU抽出] 純米酒大賞2017 金賞、 2018 金賞 [純米酒] (米: 国産米, 精米: 非公開)
    ✨ [新規SKU抽出] すり酛造り純米酒　よーいとナ [純米酒] (米: 国産米, 精米: 非公開)
    ✨ [新規SKU抽出] 「秋田酒屋唄を飲む会」の皆さんが厳寒の冬に酛をすって造った純米酒です。 [純米酒] (米: 国産米, 精米: 非公開)
    ✨ [新規SKU抽出] 写真：本醸造　秋田晴　五段仕込 新屋衆　金印 [本醸造酒] (米: 国産米, 精米: 非公開)
    ✨ [新規SKU抽出] 本醸造　秋田晴　五段仕込 新屋衆　金印 [本醸造酒] (米: 国産米, 精米: 非公開)
    ✨ [新規SKU抽出] 生貯蔵酒（本醸造酒） [本醸造酒] (米: 国産米, 精米: 非公開)
    ✨ [新規SKU抽出] 秋田晴の最高級大吟醸。蔵内約7℃で20年間熟成され黄金色の輝きを放っています。 [大吟醸酒] (米: 国産米, 精米: 非公開)
    ✨ [新規SKU抽出] 純米大吟醸「酔楽天」 [純米大吟醸酒] (米: 国産米, 精米: 非公開)
    ✨ [新規SKU抽出] 大吟醸「酔楽天」 [大吟醸酒] (米: 国産米, 精米: 非公開)
    ✨ [新規SKU抽出] 大吟醸「酔楽天」百田晴 [大吟醸酒] (米: 国産米, 精米: 非公開)
  👉 秋田酒造株式会社: 42 件の新規SKUを深層クローリングにより追加登録
[232/1376] 🏭 ID 549: 株式会社 山本酒造店 (秋田県) - https://www.yamamoto-brewery.com
    ✨ [新規SKU抽出] スパークリング 山本 [普通酒] (米: 国産米, 精米: 非公開)
  👉 株式会社 山本酒造店: 1 件の新規SKUを深層クローリングにより追加登録
[233/1376] 🏭 ID 550: 福乃友酒造株式会社 (秋田県) - https://fukunotomo.co.jp/
    ✨ [新規SKU抽出] 秋田犬ラベル純米吟醸酒 [純米吟醸酒] (米: 国産米, 精米: 非公開)
    ✨ [新規SKU抽出] 純米吟醸原酒冬樹 [純米吟醸酒] (米: 国産米, 精米: 非公開)
    ✨ [新規SKU抽出] 純米吟醸原酒冬樹プレミアム [純米吟醸酒] (米: 国産米, 精米: 非公開)
    ✨ [新規SKU抽出] 純米吟醸原酒冬樹FFF黒ラベル [純米吟醸酒] (米: 国産米, 精米: 非公開)
    ✨ [新規SKU抽出] 純米吟醸原酒ふゆき三つ鼎 [純米吟醸酒] (米: 国産米, 精米: 非公開)
    ✨ [新規SKU抽出] 純米吟醸生原酒冬樹 [純米吟醸酒] (米: 国産米, 精米: 非公開)
    ✨ [新規SKU抽出] 純米吟醸生原酒冬樹FFF [純米吟醸酒] (米: 国産米, 精米: 非公開)
    ✨ [新規SKU抽出] 大吟醸・純米大吟醸 [純米大吟醸酒] (米: 国産米, 精米: 非公開)
    ✨ [新規SKU抽出] 吟醸・純米吟醸 [純米吟醸酒] (米: 国産米, 精米: 非公開)
    ✨ [新規SKU抽出] 60純米酒 [純米酒] (米: 国産米, 精米: 非公開)
    ✨ [新規SKU抽出] 福乃友大吟醸福箱 [大吟醸酒] (米: 国産米, 精米: 非公開)
    ✨ [新規SKU抽出] 22％OFF！大吟醸福箱 [大吟醸酒] (米: 国産米, 精米: 非公開)
    ✨ [新規SKU抽出] 福乃友純米吟醸づくしセット [純米吟醸酒] (米: 国産米, 精米: 非公開)
    ✨ [新規SKU抽出] バラエティセット純米吟醸づくしセット [純米吟醸酒] (米: 国産米, 精米: 非公開)
    ✨ [新規SKU抽出] 福乃友ワイングラスで楽しむ日本酒純米吟醸原酒冬樹 [純米吟醸酒] (米: 国産米, 精米: 非公開)
    ✨ [新規SKU抽出] 純米吟醸原酒秋田犬ラベル夏純吟 [純米吟醸酒] (米: 国産米, 精米: 非公開)
    ✨ [新規SKU抽出] 福乃友炭酸割り専用純米酒サワ―ドッグ [純米酒] (米: 国産米, 精米: 非公開)
    ✨ [新規SKU抽出] ワイングラスで楽しむ日本酒純米吟醸原酒冬樹 [純米吟醸酒] (米: 国産米, 精米: 非公開)
    ✨ [新規SKU抽出] 冷やでもぬる燗でも！60純米酒 [純米酒] (米: 国産米, 精米: 非公開)
    ✨ [新規SKU抽出] 杜氏の技術の結晶！！福乃友大吟醸 [大吟醸酒] (米: 国産米, 精米: 非公開)
    ✨ [新規SKU抽出] 福乃友大吟醸 [大吟醸酒] (米: 国産米, 精米: 非公開)
    ✨ [新規SKU抽出] 福乃友純米吟醸酒ヤママタミドリラベル [純米吟醸酒] (米: 国産米, 精米: 非公開)
    ✨ [新規SKU抽出] 純米吟醸原酒ヤママタミドリラベル [純米吟醸酒] (米: 国産米, 精米: 非公開)
    ✨ [新規SKU抽出] 福乃友父の日ギフト純米吟醸原酒冬樹プレミアム [純米吟醸酒] (米: 国産米, 精米: 非公開)
    ✨ [新規SKU抽出] 父の日ギフト送料込純米吟醸原酒冬樹プレミアム　ギフトボックス入り [純米吟醸酒] (米: 国産米, 精米: 非公開)
    ✨ [新規SKU抽出] 福乃友父の日ギフト純米吟醸原酒冬樹FFF [純米吟醸酒] (米: 国産米, 精米: 非公開)
    ✨ [新規SKU抽出] 福乃友父の日ギフト純米吟醸原酒冬樹 [純米吟醸酒] (米: 国産米, 精米: 非公開)
    ✨ [新規SKU抽出] 父の日ギフト送料込純米吟醸原酒冬樹　ギフトボックス入り [純米吟醸酒] (米: 国産米, 精米: 非公開)
    ✨ [新規SKU抽出] 福乃友父の日ギフト大吟醸福 [大吟醸酒] (米: 国産米, 精米: 非公開)
    ✨ [新規SKU抽出] 父の日ギフト送料込大吟醸福 [大吟醸酒] (米: 国産米, 精米: 非公開)
    ✨ [新規SKU抽出] FukunotomoDEFukunotomo純米大吟醸父の日ギフト [純米大吟醸酒] (米: 国産米, 精米: 非公開)
    ✨ [新規SKU抽出] 大吟醸の酒粕「粕味900ｇ」 [大吟醸酒] (米: 国産米, 精米: 非公開)
    ✨ [新規SKU抽出] オリジナル名入りラベル大吟醸 [大吟醸酒] (米: 国産米, 精米: 非公開)
    ✨ [新規SKU抽出] マル秘純米吟醸 [純米吟醸酒] (米: 国産米, 精米: 非公開)
    ✨ [新規SKU抽出] 秋田の地酒 福乃友 マル秘純米吟醸 [純米吟醸酒] (米: 国産米, 精米: 非公開)
    ✨ [新規SKU抽出] 福乃友純米吟醸生原酒冬樹ギフトボックス入り [純米吟醸酒] (米: 国産米, 精米: 非公開)
    ✨ [新規SKU抽出] 純米吟醸生原酒　冬樹　ギフトボックス入り [純米吟醸酒] (米: 国産米, 精米: 非公開)
    ✨ [新規SKU抽出] 福乃友秋田犬ラベル純米吟醸酒F1501 [純米吟醸酒] (米: 国産米, 精米: 非公開)
    ✨ [新規SKU抽出] 秋田犬ラベル純米吟醸酒F1501 [純米吟醸酒] (米: 国産米, 精米: 非公開)
    ✨ [新規SKU抽出] 炭酸割り専用純米酒サワ―ドッグ [純米酒] (米: 国産米, 精米: 非公開)
    ✨ [新規SKU抽出] 福乃友純米吟醸原酒ヤママタクロラベル [純米吟醸酒] (米: 国産米, 精米: 非公開)
    ✨ [新規SKU抽出] 純米吟醸原酒ヤママタクロラベル [純米吟醸酒] (米: 国産米, 精米: 非公開)
    ✨ [新規SKU抽出] 福乃友純米吟醸原酒冬樹 [純米吟醸酒] (米: 国産米, 精米: 非公開)
    ✨ [新規SKU抽出] 純米吟醸原酒冬樹　1, [純米吟醸酒] (米: 国産米, 精米: 非公開)
    ✨ [新規SKU抽出] 福乃友純米吟醸原酒冬樹FFF [純米吟醸酒] (米: 国産米, 精米: 非公開)
    ✨ [新規SKU抽出] WGO2026金賞福乃友純米吟醸原酒冬樹FFF(トリプルF) [純米吟醸酒] (米: 国産米, 精米: 非公開)
    ✨ [新規SKU抽出] 福乃友純米吟醸原酒冬樹プレミアム [純米吟醸酒] (米: 国産米, 精米: 非公開)
    ✨ [新規SKU抽出] 純米吟醸原酒冬樹プレミアム　1800ｍｌ [純米吟醸酒] (米: 国産米, 精米: 非公開)
    ✨ [新規SKU抽出] 純米吟醸原酒冬樹プレミアム　720ｍｌ [純米吟醸酒] (米: 国産米, 精米: 非公開)
    ✨ [新規SKU抽出] 純米吟醸生原酒冬樹プレミアム [純米吟醸酒] (米: 国産米, 精米: 非公開)
    ✨ [新規SKU抽出] WGO2026金賞福乃友純米吟醸生原酒冬樹FFF(トリプルF) [純米吟醸酒] (米: 国産米, 精米: 非公開)
  👉 福乃友酒造株式会社: 51 件の新規SKUを深層クローリングにより追加登録
[234/1376] 🏭 ID 551: 出羽鶴酒造株式会社 (秋田県) - https://www.igeta.jp
    ✨ [新規SKU抽出] 刈穂 純米吟醸 Horizon Blue 発売中 [純米吟醸酒] (米: 国産米, 精米: 非公開)
    ✨ [新規SKU抽出] 刈穂 山廃生原酒 超弩級 気魄の辛口+25 発売中 [普通酒] (米: 国産米, 精米: 非公開)
    ✨ [新規SKU抽出] 刈穂 純米酒 white label 発売中 [純米酒] (米: 国産米, 精米: 非公開)
    ✨ [新規SKU抽出] 出羽鶴 純米吟醸生酒 クラムボン 発売中 [純米吟醸酒] (米: 国産米, 精米: 非公開)
    ✨ [新規SKU抽出] 日本酒・焼酎・リキュールの瓶詰・貯蔵・販売を行っております。 [リキュール] (米: 国産米, 精米: 非公開)
    ✨ [新規SKU抽出] 日本吟醸酒協会 [吟醸酒] (米: 国産米, 精米: 非公開)
    ✨ [新規SKU抽出] 刈穂 純米酒 Rock Oyster Lovers 発売中 [純米酒] (米: 国産米, 精米: 非公開)
    ✨ [新規SKU抽出] やまとしずく活性純米吟醸生青春ノヤマト発売中 [純米吟醸酒] (米: 国産米, 精米: 非公開)
    ✨ [新規SKU抽出] 出羽鶴 純米大吟醸 MARLIN 発売中 [純米大吟醸酒] (米: 国産米, 精米: 非公開)
    ✨ [新規SKU抽出] やまとしずく 純米酒 夏のヤマト 発売中 [純米酒] (米: 国産米, 精米: 非公開)
    ✨ [新規SKU抽出] 刈穂 夏純米吟醸六舟 Summer Mist 発売中 [純米吟醸酒] (米: 国産米, 精米: 非公開)
    ✨ [新規SKU抽出] 刈穂 純米酒 Rock Oyster Lovers [純米酒] (米: 国産米, 精米: 非公開)
    ✨ [新規SKU抽出] リキュール [リキュール] (米: 国産米, 精米: 非公開)
    ✨ [新規SKU抽出] やまとしずく 純米大吟醸 [純米大吟醸酒] (米: 国産米, 精米: 非公開)
    ✨ [新規SKU抽出] 出羽鶴 純米吟醸 楢岡城 ご予約受付中 [純米吟醸酒] (米: 国産米, 精米: 非公開)
    ✨ [新規SKU抽出] やまとしずく 純米吟醸 Mimosa Yellow 発売中 [純米吟醸酒] (米: 国産米, 精米: 非公開)
    ✨ [新規SKU抽出] 刈穂 純米吟醸生酒 春kawasemi 発売中 [純米吟醸酒] (米: 国産米, 精米: 非公開)
    ✨ [新規SKU抽出] 出羽鶴 純米吟醸おりがらみ生 袋吊り雫 発売中 [純米吟醸酒] (米: 国産米, 精米: 非公開)
    ✨ [新規SKU抽出] 独自開発した刈穂式低温糖化酒母で醸造した純米大吟醸です。 [純米大吟醸酒] (米: 国産米, 精米: 非公開)
    ✨ [新規SKU抽出] 刈穂 純米大吟醸 [純米大吟醸酒] (米: 国産米, 精米: 非公開)
  👉 出羽鶴酒造株式会社: 20 件の新規SKUを深層クローリングにより追加登録
[235/1376] 🏭 ID 552: 合名会社 鈴木酒造店 (秋田県) - https://hideyoshi.co.jp/
[236/1376] 🏭 ID 553: 喜久水酒造合資会社 (秋田県) - http://kikusuisyuzo.com/
[237/1376] 🏭 ID 554: 秋田県醗酵工業株式会社 (秋田県) - https://www.oenon.jp/
    ✨ [新規SKU抽出] 焼酎・泡盛 [泡盛] (米: 国産米, 精米: 非公開)
    ✨ [新規SKU抽出] リキュール・スピリッツ [リキュール] (米: 国産米, 精米: 非公開)
    ✨ [新規SKU抽出] 手作り梅酒の作り方&レシピ [リキュール] (米: 国産米, 精米: 非公開)
    ✨ [新規SKU抽出] TAN TAKA TAN SHISO梅酒 [リキュール] (米: 国産米, 精米: 非公開)
    ✨ [新規SKU抽出] リキュール・ [リキュール] (米: 国産米, 精米: 非公開)
    ✨ [新規SKU抽出] スパークリング [普通酒] (米: 国産米, 精米: 非公開)
    ✨ [新規SKU抽出] リキュール [リキュール] (米: 国産米, 精米: 非公開)
    ✨ [新規SKU抽出] 吟醸酒のような華やかな香りとキレのあるすっきりとした味わいが特長の本格こめ焼酎です。 [吟醸酒] (米: 国産米, 精米: 非公開)
    ✨ [新規SKU抽出] 鍛高譚の梅酒 [リキュール] (米: 国産米, 精米: 非公開)
    ✨ [新規SKU抽出] 「しそ焼酎 鍛高譚」と同じ赤シソを使用し、香料・着色料無添加で仕上げた梅酒です。 [リキュール] (米: 国産米, 精米: 非公開)
    ✨ [新規SKU抽出] 梅本来の風味はそのままに、甘さとアルコールをひかえた梅酒です。 [リキュール] (米: 国産米, 精米: 非公開)
    ✨ [新規SKU抽出] 麦盛り　芋盛り｜焼酎・泡盛｜オエノングループ [泡盛] (米: 国産米, 精米: 非公開)
    ✨ [新規SKU抽出] 麦焼酎 麦盛り（むぎざかり） 25% [本格焼酎] (米: 国産米, 精米: 25%)
    ✨ [新規SKU抽出] 芋焼酎 芋盛り（いもざかり） 25% [本格焼酎] (米: 国産米, 精米: 25%)
    ✨ [新規SKU抽出] 芋焼酎 芋盛り（いもざかり） 20% [本格焼酎] (米: 国産米, 精米: 20%)
  👉 秋田県醗酵工業株式会社: 15 件の新規SKUを深層クローリングにより追加登録
[238/1376] 🏭 ID 555: 阿櫻酒造株式会社 (秋田県) - https://azakura.co.jp/
    ✨ [新規SKU抽出] 大吟醸・吟醸 [大吟醸酒] (米: 国産米, 精米: 非公開)
    ✨ [新規SKU抽出] リキュール [リキュール] (米: 国産米, 精米: 非公開)
    ✨ [新規SKU抽出] 阿櫻 四季シリーズ Winter 純米吟醸 [純米吟醸酒] (米: 国産米, 精米: 非公開)
    ✨ [新規SKU抽出] 阿櫻リキュール　林檎×桔梗 [リキュール] (米: 国産米, 精米: 非公開)
    ✨ [新規SKU抽出] 阿櫻　本醸造 [本醸造酒] (米: 国産米, 精米: 非公開)
    ✨ [新規SKU抽出] 阿櫻 純米吟醸 超旨辛口+10 [純米吟醸酒] (米: 国産米, 精米: 非公開)
    ✨ [新規SKU抽出] 純米吟醸酒 [純米吟醸酒] (米: 国産米, 精米: 非公開)
    ✨ [新規SKU抽出] 甘さ控えめでありながらしっかりとした米の旨味を感じられる純米吟醸酒です。 [純米吟醸酒] (米: 国産米, 精米: 非公開)
    ✨ [新規SKU抽出] 阿櫻純米吟醸無濾過原酒 ゆきのふ [純米吟醸酒] (米: 国産米, 精米: 非公開)
    ✨ [新規SKU抽出] 阿櫻純米吟醸無濾過原酒ゆきのふ [純米吟醸酒] (米: 国産米, 精米: 非公開)
    ✨ [新規SKU抽出] 阿櫻　純米吟醸　超旨辛口 [純米吟醸酒] (米: 国産米, 精米: 非公開)
    ✨ [新規SKU抽出] 阿櫻　純米酒 [純米酒] (米: 国産米, 精米: 非公開)
    ✨ [新規SKU抽出] 純米にごり酒 [純米酒] (米: 国産米, 精米: 非公開)
  👉 阿櫻酒造株式会社: 13 件の新規SKUを深層クローリングにより追加登録
[239/1376] 🏭 ID 556: 秋田銘醸株式会社 (秋田県) - https://www.ranman.co.jp/
    ✨ [新規SKU抽出] 純米大吟醸酒 [純米大吟醸酒] (米: 国産米, 精米: 非公開)
    ✨ [新規SKU抽出] 大吟醸酒 [大吟醸酒] (米: 国産米, 精米: 非公開)
    ✨ [新規SKU抽出] 純米大吟醸酒と並ぶ、美酒爛漫の最高峰。 [純米大吟醸酒] (米: 国産米, 精米: 非公開)
    ✨ [新規SKU抽出] 美酒爛漫の吟醸酒の特徴は、なんと言ってもその香り。華やかな吟醸香だけでなく、 [吟醸酒] (米: 国産米, 精米: 非公開)
    ✨ [新規SKU抽出] 純米吟醸酒 [純米吟醸酒] (米: 国産米, 精米: 非公開)
    ✨ [新規SKU抽出] 本醸造酒 [本醸造酒] (米: 国産米, 精米: 非公開)
    ✨ [新規SKU抽出] 純米大吟醸　純米吟醸　純米酒 [純米大吟醸酒] (米: 国産米, 精米: 非公開)
    ✨ [新規SKU抽出] 純米大吟醸、純米吟醸、純米酒、 [純米大吟醸酒] (米: 国産米, 精米: 非公開)
    ✨ [新規SKU抽出] 純米大吟醸・純米吟醸 [純米大吟醸酒] (米: 国産米, 精米: 非公開)
    ✨ [新規SKU抽出] 「かおりらんまん 」 純米大吟醸 [純米大吟醸酒] (米: 国産米, 精米: 非公開)
    ✨ [新規SKU抽出] 爽やかな果実の香りと上品な味わいがひろがる純米大吟醸です。 [純米大吟醸酒] (米: 国産米, 精米: 非公開)
    ✨ [新規SKU抽出] 「かおりらんまん 」 純米吟醸 [純米吟醸酒] (米: 国産米, 精米: 非公開)
    ✨ [新規SKU抽出] 華やかな香りとやわらかな味わいのある純米吟醸が生まれました。 [純米吟醸酒] (米: 国産米, 精米: 非公開)
    ✨ [新規SKU抽出] 「かおりらんまん 」 純米酒 [純米酒] (米: 国産米, 精米: 非公開)
    ✨ [新規SKU抽出] 青リンゴやマスカットのような香りが漂う純米酒です。 [純米酒] (米: 国産米, 精米: 非公開)
    ✨ [新規SKU抽出] 本醸造　原酒 [本醸造酒] (米: 国産米, 精米: 非公開)
    ✨ [新規SKU抽出] 本醸造 原酒湯沢 [本醸造酒] (米: 国産米, 精米: 非公開)
    ✨ [新規SKU抽出] 本醸造 熟成酒缶 [本醸造酒] (米: 国産米, 精米: 非公開)
    ✨ [新規SKU抽出] 本醸造 生もと仕込み [本醸造酒] (米: 国産米, 精米: 非公開)
    ✨ [新規SKU抽出] 本醸造 飛切カップ [本醸造酒] (米: 国産米, 精米: 非公開)
    ✨ [新規SKU抽出] 酒本来の旨みを追求し、生まれた本醸造酒。味とキレを合わせ持った美味しさをお手軽に。 [本醸造酒] (米: 国産米, 精米: 非公開)
    ✨ [新規SKU抽出] 本醸造辛口 [本醸造酒] (米: 国産米, 精米: 非公開)
    ✨ [新規SKU抽出] 特別純米酒 [特別純米酒] (米: 国産米, 精米: 非公開)
    ✨ [新規SKU抽出] みちのく吟醸 [吟醸酒] (米: 国産米, 精米: 非公開)
    ✨ [新規SKU抽出] RANMAN ORGANIC有機純米吟醸 [純米吟醸酒] (米: 国産米, 精米: 非公開)
    ✨ [新規SKU抽出] 注ぎ込んで醸した究極の大吟醸です。 [大吟醸酒] (米: 国産米, 精米: 非公開)
    ✨ [新規SKU抽出] 原酒大吟醸爛漫 [大吟醸酒] (米: 国産米, 精米: 非公開)
    ✨ [新規SKU抽出] 大吟醸らんまん [大吟醸酒] (米: 国産米, 精米: 非公開)
    ✨ [新規SKU抽出] 大吟醸原酒 牡丹 [大吟醸酒] (米: 国産米, 精米: 非公開)
    ✨ [新規SKU抽出] 大吟醸 牡丹 [大吟醸酒] (米: 国産米, 精米: 非公開)
    ✨ [新規SKU抽出] 純米大吟醸・大吟醸 [純米大吟醸酒] (米: 国産米, 精米: 非公開)
    ✨ [新規SKU抽出] 大吟醸唐獅子・牡丹セット [大吟醸酒] (米: 国産米, 精米: 非公開)
    ✨ [新規SKU抽出] ★純米大吟醸唐獅子と大吟醸牡丹のセット [純米大吟醸酒] (米: 国産米, 精米: 非公開)
    ✨ [新規SKU抽出] 日本酒の神髄を極めるにふさわしい大吟醸酒。 [大吟醸酒] (米: 国産米, 精米: 非公開)
    ✨ [新規SKU抽出] 純米大吟醸。 [純米大吟醸酒] (米: 国産米, 精米: 非公開)
    ✨ [新規SKU抽出] 純米大吟醸 美酒 [純米大吟醸酒] (米: 国産米, 精米: 非公開)
  👉 秋田銘醸株式会社: 36 件の新規SKUを深層クローリングにより追加登録
[240/1376] 🏭 ID 557: 新政酒造株式会社 (秋田県) - http://www.aramasa.jp/
    ✨ [新規SKU抽出] 白麹仕込純米酒 [純米酒] (米: 国産米, 精米: 非公開)
    ✨ [新規SKU抽出] 低酒精発泡純米酒 [純米酒] (米: 国産米, 精米: 非公開)
    ✨ [新規SKU抽出] 低精白純米酒 [純米酒] (米: 国産米, 精米: 非公開)
  👉 新政酒造株式会社: 3 件の新規SKUを深層クローリングにより追加登録
[241/1376] 🏭 ID 614: 沢の鶴株式会社 (兵庫県) - http://www.sawanotsuru.co.jp
    ✨ [新規SKU抽出] 純米酒 SHUSHU Light (シュシュライト) 心の栄養ドリンク [純米酒] (米: 国産米, 精米: 非公開)
    ✨ [新規SKU抽出] 純米酒 SHUSHU  Light (シュシュライト) 誕生日おめでとう [純米酒] (米: 国産米, 精米: 非公開)
    ✨ [新規SKU抽出] 上撰 本醸造 [本醸造酒] (米: 国産米, 精米: 非公開)
    ✨ [新規SKU抽出] これからも本物の純米酒を造り続ける。 [純米酒] (米: 国産米, 精米: 非公開)
    ✨ [新規SKU抽出] 特別純米酒 [特別純米酒] (米: 国産米, 精米: 非公開)
    ✨ [新規SKU抽出] 純米大吟醸酒 [純米大吟醸酒] (米: 国産米, 精米: 非公開)
    ✨ [新規SKU抽出] 純米吟醸酒 [純米吟醸酒] (米: 国産米, 精米: 非公開)
    ✨ [新規SKU抽出] 大吟醸酒 [大吟醸酒] (米: 国産米, 精米: 非公開)
    ✨ [新規SKU抽出] 本醸造酒 [本醸造酒] (米: 国産米, 精米: 非公開)
    ✨ [新規SKU抽出] しぼりたてのフレッシュな味わいと香り [普通酒] (米: 国産米, 精米: 非公開)
    ✨ [新規SKU抽出] 飲み比べ 純米酒 ギフトセット [純米酒] (米: 国産米, 精米: 非公開)
    ✨ [新規SKU抽出] 名入れギフト　純米大吟醸 [純米大吟醸酒] (米: 国産米, 精米: 非公開)
    ✨ [新規SKU抽出] 大吟醸 春秀（しゅんしゅう） [大吟醸酒] (米: 国産米, 精米: 非公開)
    ✨ [新規SKU抽出] 純米大吟醸 瑞兆（ずいちょう） [純米大吟醸酒] (米: 国産米, 精米: 非公開)
    ✨ [新規SKU抽出] 古酒仕込み 紅茶梅酒 [リキュール] (米: 国産米, 精米: 非公開)
    ✨ [新規SKU抽出] 牛ステーキ×純米大吟醸瑞兆 [純米大吟醸酒] (米: 国産米, 精米: 非公開)
    ✨ [新規SKU抽出] 牛ステーキ × 純米大吟醸 瑞兆 [純米大吟醸酒] (米: 国産米, 精米: 非公開)
    ✨ [新規SKU抽出] 純米大吟醸瑞兆 [純米大吟醸酒] (米: 国産米, 精米: 非公開)
    ✨ [新規SKU抽出] 鶏の唐揚げ×本醸造生酒 [本醸造酒] (米: 国産米, 精米: 非公開)
    ✨ [新規SKU抽出] 鶏の唐揚げ × 本醸造生酒 [本醸造酒] (米: 国産米, 精米: 非公開)
    ✨ [新規SKU抽出] 本醸造生酒 [本醸造酒] (米: 国産米, 精米: 非公開)
    ✨ [新規SKU抽出] おつまみ&お酒ギフト 純米吟醸 Kobe1717 ＆ 神戸ビーフジャーキー [純米吟醸酒] (米: 国産米, 精米: 非公開)
    ✨ [新規SKU抽出] 誕生日おめでとう 純米吟醸 瑞兆 [純米吟醸酒] (米: 国産米, 精米: 非公開)
    ✨ [新規SKU抽出] 純米吟醸酒 Kobe1717 [純米吟醸酒] (米: 国産米, 精米: 非公開)
    ✨ [新規SKU抽出] 純米酒 山田錦 [純米酒] (米: 山田錦, 精米: 非公開)
    ✨ [新規SKU抽出] 心の栄養ドリンク 純米吟醸 瑞兆 [純米吟醸酒] (米: 国産米, 精米: 非公開)
    ✨ [新規SKU抽出] 米だけの酒 糀2倍の純米酒パック [純米酒] (米: 国産米, 精米: 非公開)
    ✨ [新規SKU抽出] 特撰　本醸造 [本醸造酒] (米: 国産米, 精米: 非公開)
    ✨ [新規SKU抽出] 大吟醸 加乗ム（かじょうし） [大吟醸酒] (米: 国産米, 精米: 非公開)
    ✨ [新規SKU抽出] 純米大吟醸 天空の泉 [純米大吟醸酒] (米: 国産米, 精米: 非公開)
    ✨ [新規SKU抽出] 純米大吟醸 敏馬の浦（みぬめのうら） [純米大吟醸酒] (米: 国産米, 精米: 非公開)
    ✨ [新規SKU抽出] 特別純米酒　実楽（じつらく）山田錦 [特別純米酒] (米: 山田錦, 精米: 非公開)
    ✨ [新規SKU抽出] 1990年古酒仕込み梅酒 [リキュール] (米: 国産米, 精米: 非公開)
    ✨ [新規SKU抽出] 1990年古酒仕込み梅酒 金箔入 [リキュール] (米: 国産米, 精米: 非公開)
    ✨ [新規SKU抽出] 名入れギフト　古酒仕込み梅酒 [リキュール] (米: 国産米, 精米: 非公開)
    ✨ [新規SKU抽出] 特別純米酒 灘生もと [特別純米酒] (米: 国産米, 精米: 非公開)
    ✨ [新規SKU抽出] 誕生日プレゼント 猫イラストラベル ギフト 梅酒 [リキュール] (米: 国産米, 精米: 非公開)
    ✨ [新規SKU抽出] 誕生日プレゼント 猫イラストラベル ギフト 純米大吟醸 [純米大吟醸酒] (米: 国産米, 精米: 非公開)
    ✨ [新規SKU抽出] NADA88（ナダハチジュウハチ） [純米大吟醸酒] (米: 国産米, 精米: 非公開)
    ✨ [新規SKU抽出] 古酒仕込み梅酒飲みくらべセット [リキュール] (米: 国産米, 精米: 非公開)
  👉 沢の鶴株式会社: 40 件の新規SKUを深層クローリングにより追加登録
[242/1376] 🏭 ID 615: 富久娘酒造株式会社 (兵庫県) - http://www.oenon.jp/product/sake/sake-brewery/fukumusume.html
[243/1376] 🏭 ID 616: 白鶴酒造株式会社 (兵庫県) - http://www.hakutsuru.co.jp/
    ✨ [新規SKU抽出] 淡雪スパークリング [普通酒] (米: 国産米, 精米: 非公開)
    ✨ [新規SKU抽出] 淡雪スパークリング「あわずっぱい。」篇に石川佳純さんが出演。 [普通酒] (米: 国産米, 精米: 非公開)
    ✨ [新規SKU抽出] 秋を感じる日本酒「ひやおろし」の魅力 [普通酒] (米: 国産米, 精米: 非公開)
    ✨ [新規SKU抽出] 完熟梅のとろとろ梅酒 [リキュール] (米: 国産米, 精米: 非公開)
    ✨ [新規SKU抽出] 兵庫県産の独自開発米「白鶴錦」を100%使用した純米酒 [純米酒] (米: 白鶴錦, 精米: 00%)
    ✨ [新規SKU抽出] ノンアルコールの大吟醸テイストスパークリング飲料 [大吟醸酒] (米: 国産米, 精米: 非公開)
    ✨ [新規SKU抽出] 「白鶴 吟零 スパークリング」をリニューアル [普通酒] (米: 国産米, 精米: 非公開)
    ✨ [新規SKU抽出] 独自開発酵母が生み出す、しぼりたてを想起させる華やかな香り [普通酒] (米: 国産米, 精米: 非公開)
    ✨ [新規SKU抽出] 「特撰 白鶴 特別純米 生貯蔵酒 山田錦」を2026年9月11日に新発売！ [特別純米酒] (米: 山田錦, 精米: 非公開)
    ✨ [新規SKU抽出] リキュール [リキュール] (米: 国産米, 精米: 非公開)
    ✨ [新規SKU抽出] 超特撰　白鶴　純米大吟醸　山田穂 [純米大吟醸酒] (米: 国産米, 精米: 非公開)
    ✨ [新規SKU抽出] 上撰　白鶴　純米にごり酒　さゆり [純米酒] (米: 国産米, 精米: 非公開)
    ✨ [新規SKU抽出] 白鶴　香るうまくち大吟醸原酒 [大吟醸酒] (米: 国産米, 精米: 非公開)
    ✨ [新規SKU抽出] しぼりたて　ハクツル　生貯蔵酒　見た目どおりの旨いやつLv.13 [普通酒] (米: 国産米, 精米: 非公開)
    ✨ [新規SKU抽出] しぼりたて　ハクツル　生貯蔵酒　原酒　見た目によらず強いやつLv.19 [普通酒] (米: 国産米, 精米: 非公開)
    ✨ [新規SKU抽出] 特撰　白鶴　本醸造　山田錦　ひやおろし [本醸造酒] (米: 山田錦, 精米: 非公開)
    ✨ [新規SKU抽出] 白鶴　大吟醸　生酒 [大吟醸酒] (米: 国産米, 精米: 非公開)
    ✨ [新規SKU抽出] 白鶴　大吟醸　芳醇 [大吟醸酒] (米: 国産米, 精米: 非公開)
    ✨ [新規SKU抽出] 白鶴　サケパック　まる　しぼりたて [普通酒] (米: 国産米, 精米: 非公開)
    ✨ [新規SKU抽出] 上撰　白鶴　しぼりたて純米 [純米酒] (米: 国産米, 精米: 非公開)
    ✨ [新規SKU抽出] 梅酒原酒 [リキュール] (米: 国産米, 精米: 非公開)
    ✨ [新規SKU抽出] その他のリキュール [リキュール] (米: 国産米, 精米: 非公開)
    ✨ [新規SKU抽出] 白鶴　翔雲　純米大吟醸　自社栽培白鶴錦 [純米大吟醸酒] (米: 白鶴錦, 精米: 非公開)
    ✨ [新規SKU抽出] 白鶴　翔雲　純米吟醸　白鶴錦（化粧箱） [純米吟醸酒] (米: 白鶴錦, 精米: 非公開)
  👉 白鶴酒造株式会社: 24 件の新規SKUを深層クローリングにより追加登録
[244/1376] 🏭 ID 617: 菊正宗酒造株式会社 (兵庫県) - https://www.kikumasamune.co.jp/
    ✨ [新規SKU抽出] しぼりたてギンパック [普通酒] (米: 国産米, 精米: 非公開)
    ✨ [新規SKU抽出] 上撰・本醸造生酛 [本醸造酒] (米: 国産米, 精米: 非公開)
    ✨ [新規SKU抽出] 菊正宗　嘉宝蔵　生酛・灘の寒造り [普通酒] (米: 国産米, 精米: 非公開)
    ✨ [新規SKU抽出] しぼりたて生酒　180mL [普通酒] (米: 国産米, 精米: 非公開)
    ✨ [新規SKU抽出] 焼酎・リキュール [リキュール] (米: 国産米, 精米: 非公開)
    ✨ [新規SKU抽出] リキュール [リキュール] (米: 国産米, 精米: 非公開)
    ✨ [新規SKU抽出] 焼酎・リキュール・スピリッツ・スピリッツ [リキュール] (米: 国産米, 精米: 非公開)
    ✨ [新規SKU抽出] 〈超特撰〉純米大吟醸 [純米大吟醸酒] (米: 国産米, 精米: 非公開)
    ✨ [新規SKU抽出] キクマサ ピン ブランドサイト｜菊正宗～生酛（生もと）で辛口はうまくなる。～ [普通酒] (米: 国産米, 精米: 非公開)
  👉 菊正宗酒造株式会社: 9 件の新規SKUを深層クローリングにより追加登録
[245/1376] 🏭 ID 618: 剣菱酒造株式会社 (兵庫県) - http://www.kenbishi.co.jp/
[247/1376] 🏭 ID 620: 株式会社神戸酒心館 (兵庫県) - http://www.enjoyfukuju.com
    ✨ [新規SKU抽出] 福寿 純米大吟醸 [純米大吟醸酒] (米: 国産米, 精米: 非公開)
    ✨ [新規SKU抽出] 福寿 大吟醸 [大吟醸酒] (米: 国産米, 精米: 非公開)
    ✨ [新規SKU抽出] 福寿 純米吟醸 [純米吟醸酒] (米: 国産米, 精米: 非公開)
    ✨ [新規SKU抽出] 福寿 純米酒 [純米酒] (米: 国産米, 精米: 非公開)
    ✨ [新規SKU抽出] 福寿 発泡純米酒 [純米酒] (米: 国産米, 精米: 非公開)
    ✨ [新規SKU抽出] 福寿 和リキュール [リキュール] (米: 国産米, 精米: 非公開)
    ✨ [新規SKU抽出] 福寿 超特撰 大吟醸 [大吟醸酒] (米: 国産米, 精米: 非公開)
    ✨ [新規SKU抽出] 福寿 超特選 大吟醸 [大吟醸酒] (米: 国産米, 精米: 非公開)
    ✨ [新規SKU抽出] 福寿 生酛 純米酒 [純米酒] (米: 国産米, 精米: 非公開)
    ✨ [新規SKU抽出] 福寿 純米酒 御影郷 [純米酒] (米: 国産米, 精米: 非公開)
    ✨ [新規SKU抽出] 福寿 純米吟醸・純米吟醸・御影郷 [純米吟醸酒] (米: 国産米, 精米: 非公開)
    ✨ [新規SKU抽出] 福寿 純米大吟醸 黒ラベル [純米大吟醸酒] (米: 国産米, 精米: 非公開)
    ✨ [新規SKU抽出] 福寿 大吟醸・純米吟醸・御影郷 [純米吟醸酒] (米: 国産米, 精米: 非公開)
    ✨ [新規SKU抽出] 純米大吟醸 袋しぼり 雫酒 [純米大吟醸酒] (米: 国産米, 精米: 非公開)
    ✨ [新規SKU抽出] 超特撰大吟醸 [大吟醸酒] (米: 国産米, 精米: 非公開)
    ✨ [新規SKU抽出] 超特撰純米酒 [純米酒] (米: 国産米, 精米: 非公開)
    ✨ [新規SKU抽出] 純米酒 エコゼロ [純米酒] (米: 国産米, 精米: 非公開)
    ✨ [新規SKU抽出] 純米酒 御影郷 [純米酒] (米: 国産米, 精米: 非公開)
    ✨ [新規SKU抽出] 発泡純米酒 [純米酒] (米: 国産米, 精米: 非公開)
  👉 株式会社神戸酒心館: 19 件の新規SKUを深層クローリングにより追加登録
[248/1376] 🏭 ID 621: 泉酒造株式会社 (兵庫県) - http://www.izumisyuzou.co.jp/
    ✨ [新規SKU抽出] 純米大吟醸酒 [純米大吟醸酒] (米: 国産米, 精米: 非公開)
    ✨ [新規SKU抽出] 仙介　純米大吟醸原酒雫取り三割三分磨き [純米大吟醸酒] (米: 国産米, 精米: 非公開)
    ✨ [新規SKU抽出] 仙介 純米大吟醸三割三分 磨き原酒 [純米大吟醸酒] (米: 国産米, 精米: 非公開)
    ✨ [新規SKU抽出] 仙介　純米大吟醸 [純米大吟醸酒] (米: 国産米, 精米: 非公開)
    ✨ [新規SKU抽出] 仙介　純米大吟醸　原酒　兵庫雄町 [純米大吟醸酒] (米: 雄町, 精米: 非公開)
    ✨ [新規SKU抽出] 仙介 純米大吟醸無濾過生酒原酒 [純米大吟醸酒] (米: 国産米, 精米: 非公開)
    ✨ [新規SKU抽出] 大吟醸酒 [大吟醸酒] (米: 国産米, 精米: 非公開)
    ✨ [新規SKU抽出] 仙介　大吟醸原酒雫取り [大吟醸酒] (米: 国産米, 精米: 非公開)
    ✨ [新規SKU抽出] 仙介　大吟醸 [大吟醸酒] (米: 国産米, 精米: 非公開)
    ✨ [新規SKU抽出] 純米吟醸酒 [純米吟醸酒] (米: 国産米, 精米: 非公開)
    ✨ [新規SKU抽出] 仙介　純米吟醸山田錦無濾過生酒原酒 [純米吟醸酒] (米: 山田錦, 精米: 非公開)
    ✨ [新規SKU抽出] 仙介　純米吟醸おりがらみ無濾過生酒原酒 [純米吟醸酒] (米: 国産米, 精米: 非公開)
    ✨ [新規SKU抽出] 仙介　超辛口純米吟醸原酒・一火 [純米吟醸酒] (米: 国産米, 精米: 非公開)
    ✨ [新規SKU抽出] 仙介　特別純米 [特別純米酒] (米: 国産米, 精米: 非公開)
    ✨ [新規SKU抽出] 仙介　山廃純米 [純米酒] (米: 国産米, 精米: 非公開)
    ✨ [新規SKU抽出] 仙介　特別純米樽酒 [特別純米酒] (米: 国産米, 精米: 非公開)
    ✨ [新規SKU抽出] 仙介　特別純米無濾過生酒原酒 [特別純米酒] (米: 国産米, 精米: 非公開)
    ✨ [新規SKU抽出] 仙介　特別純米秋あがり [特別純米酒] (米: 国産米, 精米: 非公開)
    ✨ [新規SKU抽出] 仙介　特別純米しぼりたて無濾過生酒原酒 [特別純米酒] (米: 国産米, 精米: 非公開)
    ✨ [新規SKU抽出] 仙介　山廃辛口純米無濾過生酒原酒 [純米酒] (米: 国産米, 精米: 非公開)
    ✨ [新規SKU抽出] 仙介　特別純米白麹無濾過生酒原酒 [特別純米酒] (米: 国産米, 精米: 非公開)
    ✨ [新規SKU抽出] 本醸造酒 [本醸造酒] (米: 国産米, 精米: 非公開)
    ✨ [新規SKU抽出] 仙介　特別本醸造 [特別本醸造酒] (米: 国産米, 精米: 非公開)
    ✨ [新規SKU抽出] 琥泉　純米吟醸 [純米吟醸酒] (米: 国産米, 精米: 非公開)
    ✨ [新規SKU抽出] 琥泉　純米吟醸夏の原酒・一火 [純米吟醸酒] (米: 国産米, 精米: 非公開)
    ✨ [新規SKU抽出] 琥泉　純米吟醸無濾過生酒原酒 [純米吟醸酒] (米: 国産米, 精米: 非公開)
    ✨ [新規SKU抽出] 琥泉　純米吟醸おりがらみ無濾過生酒原酒 [純米吟醸酒] (米: 国産米, 精米: 非公開)
    ✨ [新規SKU抽出] 琥泉　純米吟醸しぼりたて無濾過生酒原酒 [純米吟醸酒] (米: 国産米, 精米: 非公開)
  👉 泉酒造株式会社: 28 件の新規SKUを深層クローリングにより追加登録
[249/1376] 🏭 ID 622: 株式会社安福又四郎商店 (兵庫県) - http://daikoku-m.com/
[250/1376] 🏭 ID 623: 髙嶋酒類食品株式会社 (兵庫県) - http://www.konanzuke.co.jp/
[251/1376] 🏭 ID 624: 太田酒造株式会社 (兵庫県) - http://www.ohta-shuzou.co.jp/
    ✨ [新規SKU抽出] 道灌　純米大吟醸 [純米大吟醸酒] (米: 国産米, 精米: 非公開)
    ✨ [新規SKU抽出] 清酒 大吟醸 道灌 桐箱入 [大吟醸酒] (米: 国産米, 精米: 非公開)
    ✨ [新規SKU抽出] 清酒 純米大吟醸 不盡蔵 [純米大吟醸酒] (米: 国産米, 精米: 非公開)
    ✨ [新規SKU抽出] 大吟醸 原酒 山廃道灌 [大吟醸酒] (米: 国産米, 精米: 非公開)
    ✨ [新規SKU抽出] 清酒 特別純米 生原酒 渡船 [特別純米酒] (米: 国産米, 精米: 非公開)
    ✨ [新規SKU抽出] 清酒 純米大吟醸 生原酒うすにごり [純米大吟醸酒] (米: 国産米, 精米: 非公開)
  👉 太田酒造株式会社: 6 件の新規SKUを深層クローリングにより追加登録
[252/1376] 🏭 ID 625: 宝酒造株式会社 (兵庫県) - http://www.takarashuzo.co.jp/products/seishu/shirakabegura/
    ✨ [新規SKU抽出] >  松竹梅白壁蔵＜生酛純米＞ [純米酒] (米: 国産米, 精米: 非公開)
    ✨ [新規SKU抽出] 日本伝統の生酛造り。松竹梅の自信作です。 [普通酒] (米: 国産米, 精米: 非公開)
    ✨ [新規SKU抽出] 「生酛造り」 [普通酒] (米: 国産米, 精米: 非公開)
    ✨ [新規SKU抽出] 江戸時代から続く「生酛造り」という [普通酒] (米: 国産米, 精米: 非公開)
    ✨ [新規SKU抽出] 生酛造りは、日本人が試行錯誤を重ねて [普通酒] (米: 国産米, 精米: 非公開)
    ✨ [新規SKU抽出] 梅酒・リキュール [リキュール] (米: 国産米, 精米: 非公開)
    ✨ [新規SKU抽出] >  梅酒・リキュール [リキュール] (米: 国産米, 精米: 非公開)
    ✨ [新規SKU抽出] 「南高梅のおいしい梅酒」エコパウチ [リキュール] (米: 国産米, 精米: 非公開)
    ✨ [新規SKU抽出] 南高梅のおいしい梅酒 [リキュール] (米: 国産米, 精米: 非公開)
    ✨ [新規SKU抽出] 寶 和リキュール「産地めぐり」シリーズ [リキュール] (米: 国産米, 精米: 非公開)
    ✨ [新規SKU抽出] 寶 こだわり梅酒シリーズ [リキュール] (米: 国産米, 精米: 非公開)
    ✨ [新規SKU抽出] 梅酒いっぱい [リキュール] (米: 国産米, 精米: 非公開)
    ✨ [新規SKU抽出] その他、宝酒造の取扱いリキュール製品につきましては、こちらよりご覧いただけます。 [リキュール] (米: 国産米, 精米: 非公開)
    ✨ [新規SKU抽出] 梅酒で簡単アレンジレシピ [リキュール] (米: 国産米, 精米: 非公開)
    ✨ [新規SKU抽出] 寶 和リキュール「産地めぐり」＜宮崎ライチ＞新発売 [リキュール] (米: 国産米, 精米: 非公開)
    ✨ [新規SKU抽出] 寶 和リキュール「産地めぐり」WEBサイトリニューアル [リキュール] (米: 国産米, 精米: 非公開)
    ✨ [新規SKU抽出] リキュール [リキュール] (米: 国産米, 精米: 非公開)
    ✨ [新規SKU抽出] 「南高梅のおいしい梅酒」エコパウチ 9月24日新発売 [リキュール] (米: 国産米, 精米: 非公開)
    ✨ [新規SKU抽出] 「南高梅のおいしい梅酒」エコパウチ 商品画像 [リキュール] (米: 国産米, 精米: 非公開)
    ✨ [新規SKU抽出] 香りがフルーティーで、まろやかな甘みの梅酒が出来ると言われています。 [リキュール] (米: 国産米, 精米: 非公開)
  👉 宝酒造株式会社: 20 件の新規SKUを深層クローリングにより追加登録
[253/1376] 🏭 ID 626: 株式会社小山本家酒造 (兵庫県) - http://www.hamafukutsuru.co.jp/
    ✨ [新規SKU抽出] 浜福鶴吟醸工房26年7月蔵マルシェのお知らせ [吟醸酒] (米: 国産米, 精米: 非公開)
    ✨ [新規SKU抽出] 浜福鶴吟醸工房26年6月蔵マルシェのお知らせ [吟醸酒] (米: 国産米, 精米: 非公開)
    ✨ [新規SKU抽出] 浜福鶴吟醸工房26年5月蔵マルシェのお知らせ [吟醸酒] (米: 国産米, 精米: 非公開)
    ✨ [新規SKU抽出] 浜福鶴吟醸工房26年3月蔵マルシェのお知らせ [吟醸酒] (米: 国産米, 精米: 非公開)
    ✨ [新規SKU抽出] 浜福鶴吟醸工房26年2月蔵マルシェのお知らせ [吟醸酒] (米: 国産米, 精米: 非公開)
    ✨ [新規SKU抽出] 吟醸工房見学のご案内 [吟醸酒] (米: 国産米, 精米: 非公開)
    ✨ [新規SKU抽出] 浜福鶴　吟醸工房 [吟醸酒] (米: 国産米, 精米: 非公開)
    ✨ [新規SKU抽出] 大吟醸酒・ [大吟醸酒] (米: 国産米, 精米: 非公開)
    ✨ [新規SKU抽出] 吟醸酒・ [吟醸酒] (米: 国産米, 精米: 非公開)
    ✨ [新規SKU抽出] 吟醸酒・純米吟醸酒丨小山本家酒造 灘浜福鶴蔵丨HAMAFUKUTSURU丨 [純米吟醸酒] (米: 国産米, 精米: 非公開)
    ✨ [新規SKU抽出] 純米吟醸生原酒 [純米吟醸酒] (米: 国産米, 精米: 非公開)
    ✨ [新規SKU抽出] 純米吟醸旨口 [純米吟醸酒] (米: 国産米, 精米: 非公開)
    ✨ [新規SKU抽出] 純米吟醸生原酒 空蔵 山田錦丨小山本家酒造 灘浜福鶴蔵丨HAMAFUKUTSURU丨 [純米吟醸酒] (米: 山田錦, 精米: 非公開)
    ✨ [新規SKU抽出] 純米吟醸生原酒 空蔵 山田錦（ [純米吟醸酒] (米: 山田錦, 精米: 非公開)
  👉 株式会社小山本家酒造: 14 件の新規SKUを深層クローリングにより追加登録
[254/1376] 🏭 ID 627: 櫻正宗株式会社 (兵庫県) - http://www.sakuramasamune.co.jp/
    ✨ [新規SKU抽出] 朱稀 本醸造 [本醸造酒] (米: 国産米, 精米: 非公開)
    ✨ [新規SKU抽出] 金稀 純米吟醸 [純米吟醸酒] (米: 国産米, 精米: 非公開)
    ✨ [新規SKU抽出] 金稀 無濾過 純米大吟醸 三五 [純米大吟醸酒] (米: 国産米, 精米: 非公開)
    ✨ [新規SKU抽出] 金稀 大吟醸 原酒 [大吟醸酒] (米: 国産米, 精米: 非公開)
    ✨ [新規SKU抽出] 金稀 純米大吟醸 四〇 [純米大吟醸酒] (米: 国産米, 精米: 非公開)
    ✨ [新規SKU抽出] 荒牧屋太左衛門 純米大吟醸 [純米大吟醸酒] (米: 国産米, 精米: 非公開)
    ✨ [新規SKU抽出] 金稀 大吟醸 櫻華一輪 [大吟醸酒] (米: 国産米, 精米: 非公開)
    ✨ [新規SKU抽出] 宮水の華 特別純米 [特別純米酒] (米: 国産米, 精米: 非公開)
    ✨ [新規SKU抽出] 正宗 吟醸原酒 [吟醸酒] (米: 国産米, 精米: 非公開)
    ✨ [新規SKU抽出] Bonds Well with Beef 純米吟醸 [純米吟醸酒] (米: 国産米, 精米: 非公開)
    ✨ [新規SKU抽出] 金稀 大吟醸 [大吟醸酒] (米: 国産米, 精米: 非公開)
    ✨ [新規SKU抽出] コウノトリ育むお酒 純米吟醸 [純米吟醸酒] (米: 国産米, 精米: 非公開)
    ✨ [新規SKU抽出] 朱稀 協会一号酵母 本醸造 [本醸造酒] (米: 国産米, 精米: 非公開)
    ✨ [新規SKU抽出] [スパークリング サケ ドライ はっぽうせいしゅ] [普通酒] (米: 国産米, 精米: 非公開)
    ✨ [新規SKU抽出] 菰樽 本醸造 [本醸造酒] (米: 国産米, 精米: 非公開)
    ✨ [新規SKU抽出] 特撰吟醸 [吟醸酒] (米: 国産米, 精米: 非公開)
    ✨ [新規SKU抽出] 大吟醸サクラカップ [大吟醸酒] (米: 国産米, 精米: 非公開)
    ✨ [新規SKU抽出] 神戸桜 大吟醸 [大吟醸酒] (米: 国産米, 精米: 非公開)
    ✨ [新規SKU抽出] 涼風しぼりたて純米酒 [純米酒] (米: 国産米, 精米: 非公開)
    ✨ [新規SKU抽出] [りょうふうしぼりたてじゅんまいしゅ] [普通酒] (米: 国産米, 精米: 非公開)
    ✨ [新規SKU抽出] 季節限定の純米酒 [純米酒] (米: 国産米, 精米: 非公開)
    ✨ [新規SKU抽出] 大吟醸 干支 金箔入り [大吟醸酒] (米: 国産米, 精米: 非公開)
    ✨ [新規SKU抽出] 薪水 吟醸 [吟醸酒] (米: 国産米, 精米: 非公開)
    ✨ [新規SKU抽出] 櫻正宗 純米大吟醸 協会１号酵母 [純米大吟醸酒] (米: 国産米, 精米: 非公開)
    ✨ [新規SKU抽出] 櫻華一輪 大吟醸 [大吟醸酒] (米: 国産米, 精米: 非公開)
    ✨ [新規SKU抽出] スパークリング サケ ドライ はっぽうせいしゅ [普通酒] (米: 国産米, 精米: 非公開)
    ✨ [新規SKU抽出] りょうふうしぼりたてじゅんまいしゅ [普通酒] (米: 国産米, 精米: 非公開)
    ✨ [新規SKU抽出] 大吟醸 干支 金箔入り – sakuramasamune [大吟醸酒] (米: 国産米, 精米: 非公開)
    ✨ [新規SKU抽出] 金稀 大吟醸 櫻華一輪 – sakuramasamune [大吟醸酒] (米: 国産米, 精米: 非公開)
    ✨ [新規SKU抽出] 金稀 純米吟醸 – sakuramasamune [純米吟醸酒] (米: 国産米, 精米: 非公開)
    ✨ [新規SKU抽出] 正宗 吟醸 原酒 [吟醸酒] (米: 国産米, 精米: 非公開)
    ✨ [新規SKU抽出] 特撰 吟醸 [吟醸酒] (米: 国産米, 精米: 非公開)
    ✨ [新規SKU抽出] 朱稀 本醸造しゅまれ ほんじょうぞう [本醸造酒] (米: 国産米, 精米: 非公開)
    ✨ [新規SKU抽出] 涼風しぼりたて 純米酒 [純米酒] (米: 国産米, 精米: 非公開)
    ✨ [新規SKU抽出] りょうふうしぼりたて じゅんまいしゅ [普通酒] (米: 国産米, 精米: 非公開)
    ✨ [新規SKU抽出] 吟醸 – sakuramasamune [吟醸酒] (米: 国産米, 精米: 非公開)
    ✨ [新規SKU抽出] 大吟醸 サクラカップ [大吟醸酒] (米: 国産米, 精米: 非公開)
  👉 櫻正宗株式会社: 37 件の新規SKUを深層クローリングにより追加登録
[255/1376] 🏭 ID 628: 日本盛株式会社 (兵庫県) - http://www.nihonsakari.co.jp/
    ✨ [新規SKU抽出] 梅酒・リキュール [リキュール] (米: 国産米, 精米: 非公開)
    ✨ [新規SKU抽出] 本醸造酒 [本醸造酒] (米: 国産米, 精米: 非公開)
  👉 日本盛株式会社: 2 件の新規SKUを深層クローリングにより追加登録
[256/1376] 🏭 ID 630: 木谷酒造株式会社 (兵庫県) - http://www.kiichi-osake.jp/
[258/1376] 🏭 ID 632: 白鷹株式会社 (兵庫県) - http://www.hakutaka.jp/
    ✨ [新規SKU抽出] 白鷹 特別純米 赤ラベル [特別純米酒] (米: 国産米, 精米: 非公開)
    ✨ [新規SKU抽出] しぼりたて生原酒 [普通酒] (米: 国産米, 精米: 非公開)
    ✨ [新規SKU抽出] 極上白鷹 生原酒 [普通酒] (米: 国産米, 精米: 非公開)
    ✨ [新規SKU抽出] 11/26(木)　「アムアムホウ」の中華点心と愉しむ秋の熟成純米酒 [純米酒] (米: 国産米, 精米: 非公開)
    ✨ [新規SKU抽出] 2026年6/21(日) ル・べナトンの夏フレンチと珠玉の吟醸酒 [吟醸酒] (米: 国産米, 精米: 非公開)
    ✨ [新規SKU抽出] 袋しぼり生もと純米大吟醸「清味緑酒」 [純米大吟醸酒] (米: 国産米, 精米: 非公開)
    ✨ [新規SKU抽出] 袋吊り大吟醸「雫酒 (大吟醸)」 [大吟醸酒] (米: 国産米, 精米: 非公開)
    ✨ [新規SKU抽出] 生もと純米「呑みきり原酒 (特別純米)」 [特別純米酒] (米: 国産米, 精米: 非公開)
    ✨ [新規SKU抽出] 期間限定　金賞受賞大吟醸の斗瓶取り「雫酒」セット [大吟醸酒] (米: 国産米, 精米: 非公開)
    ✨ [新規SKU抽出] 純米吟醸酒粕蔵出ししました！ [純米吟醸酒] (米: 国産米, 精米: 非公開)
    ✨ [新規SKU抽出] 純米吟醸酒粕 [純米吟醸酒] (米: 国産米, 精米: 非公開)
    ✨ [新規SKU抽出] 金賞受賞　大吟醸 [大吟醸酒] (米: 国産米, 精米: 非公開)
    ✨ [新規SKU抽出] 令和6年　金賞受賞　白鷹大吟醸　店頭にて限定販売中！ [大吟醸酒] (米: 国産米, 精米: 非公開)
    ✨ [新規SKU抽出] 9月 発売！ 白鷹 特別純米”赤ラベル” [特別純米酒] (米: 国産米, 精米: 非公開)
    ✨ [新規SKU抽出] 1月 発売！ 新酒 ”青松しぼりたて生原酒” [普通酒] (米: 国産米, 精米: 非公開)
    ✨ [新規SKU抽出] 青松しぼりたて生原酒 詳細へ ≫ [普通酒] (米: 国産米, 精米: 非公開)
    ✨ [新規SKU抽出] 2月 発売！ 極上白鷹 生原酒 [普通酒] (米: 国産米, 精米: 非公開)
    ✨ [新規SKU抽出] 「極上白鷹　生原酒 [普通酒] (米: 国産米, 精米: 非公開)
    ✨ [新規SKU抽出] 白鷹の代表酒「極上白鷹」の年に一度の生原酒タイプの限定酒。 [普通酒] (米: 国産米, 精米: 非公開)
    ✨ [新規SKU抽出] 生酛造りの純米大吟醸の生原酒を是非お楽しみください。 [純米大吟醸酒] (米: 国産米, 精米: 非公開)
    ✨ [新規SKU抽出] 極上白鷹 生原酒 詳細へ ≫ [普通酒] (米: 国産米, 精米: 非公開)
    ✨ [新規SKU抽出] 大吟醸白鷹（大吟醸） [大吟醸酒] (米: 国産米, 精米: 非公開)
    ✨ [新規SKU抽出] #大吟醸 [大吟醸酒] (米: 国産米, 精米: 非公開)
    ✨ [新規SKU抽出] 白鷹大吟醸古酒（大吟醸古酒） [大吟醸酒] (米: 国産米, 精米: 非公開)
    ✨ [新規SKU抽出] #大吟醸古酒 [大吟醸酒] (米: 国産米, 精米: 非公開)
    ✨ [新規SKU抽出] 極上白鷹（大吟醸純米） [大吟醸酒] (米: 国産米, 精米: 非公開)
    ✨ [新規SKU抽出] #大吟醸純米 [大吟醸酒] (米: 国産米, 精米: 非公開)
    ✨ [新規SKU抽出] 袋しぼり生もと純米大吟醸 活性生原酒「うすにごり」 [純米大吟醸酒] (米: 国産米, 精米: 非公開)
    ✨ [新規SKU抽出] 袋しぼり生もと純米大吟醸「醇味緑酒」 [純米大吟醸酒] (米: 国産米, 精米: 非公開)
    ✨ [新規SKU抽出] 袋しぼり生もと純米大吟醸 直汲み生原酒「あらばしり」 [純米大吟醸酒] (米: 国産米, 精米: 非公開)
    ✨ [新規SKU抽出] 生もと純米吟醸「樽酒」 [純米吟醸酒] (米: 国産米, 精米: 非公開)
    ✨ [新規SKU抽出] 生酛純米吟醸「味吟醸」 [純米吟醸酒] (米: 国産米, 精米: 非公開)
    ✨ [新規SKU抽出] 純米酒粕 [純米酒] (米: 国産米, 精米: 非公開)
    ✨ [新規SKU抽出] 酒粕「純米大吟醸酒粕」 [純米大吟醸酒] (米: 国産米, 精米: 非公開)
    ✨ [新規SKU抽出] 酒粕「袋しぼり　純米大吟醸酒粕」 [純米大吟醸酒] (米: 国産米, 精米: 非公開)
    ✨ [新規SKU抽出] 酒粕「純米吟醸酒粕」 [純米吟醸酒] (米: 国産米, 精米: 非公開)
    ✨ [新規SKU抽出] ギフトセット「寒造りのしぼりたて新酒セット」 [普通酒] (米: 国産米, 精米: 非公開)
    ✨ [新規SKU抽出] ギフトセット「手造り大吟醸セット」 [大吟醸酒] (米: 国産米, 精米: 非公開)
  👉 白鷹株式会社: 38 件の新規SKUを深層クローリングにより追加登録
[259/1376] 🏭 ID 633: 辰馬本家酒造株式会社 (兵庫県) - https://www.hakushika.co.jp/
    ✨ [新規SKU抽出] リキュール [リキュール] (米: 国産米, 精米: 非公開)
    ✨ [新規SKU抽出] HAKUSHIKA 六光年 純米大吟醸 [純米大吟醸酒] (米: 国産米, 精米: 非公開)
    ✨ [新規SKU抽出] 純米酒／生貯蔵酒 [純米酒] (米: 国産米, 精米: 非公開)
    ✨ [新規SKU抽出] 金賞受賞酒 大吟醸 [大吟醸酒] (米: 国産米, 精米: 非公開)
    ✨ [新規SKU抽出] 六光年 純米大吟醸 [純米大吟醸酒] (米: 国産米, 精米: 非公開)
    ✨ [新規SKU抽出] 黒松白鹿 純米大吟醸 [純米大吟醸酒] (米: 国産米, 精米: 非公開)
    ✨ [新規SKU抽出] 千年壽 純米大吟醸 [純米大吟醸酒] (米: 国産米, 精米: 非公開)
    ✨ [新規SKU抽出] 特別純米 山田錦 原酒 [特別純米酒] (米: 山田錦, 精米: 非公開)
    ✨ [新規SKU抽出] 特別本醸造 [特別本醸造酒] (米: 国産米, 精米: 非公開)
    ✨ [新規SKU抽出] しぼりたて 山田錦 純米 生酒 [純米酒] (米: 山田錦, 精米: 非公開)
    ✨ [新規SKU抽出] しぼりたて [普通酒] (米: 国産米, 精米: 非公開)
    ✨ [新規SKU抽出] 純米吟醸生貯蔵酒 [純米吟醸酒] (米: 国産米, 精米: 非公開)
    ✨ [新規SKU抽出] 大吟醸生貯蔵酒 [大吟醸酒] (米: 国産米, 精米: 非公開)
  👉 辰馬本家酒造株式会社: 13 件の新規SKUを深層クローリングにより追加登録
[260/1376] 🏭 ID 634: 松竹梅酒造株式会社 (兵庫県) - http://www.nadaichi.com/
    ✨ [新規SKU抽出] 華やかで上品な味わいをお楽しみいただける純米吟醸酒です [純米吟醸酒] (米: 国産米, 精米: 非公開)
    ✨ [新規SKU抽出] フレッシュでさわやかな本醸造酒 [本醸造酒] (米: 国産米, 精米: 非公開)
    ✨ [新規SKU抽出] フレッシュでさわやかな香りと軽くマイルドな口当たりの本醸造酒です。 [本醸造酒] (米: 国産米, 精米: 非公開)
    ✨ [新規SKU抽出] それぞれの特性を引き出した純米大吟醸酒は果実にも似た爽やかな吟醸香と [純米大吟醸酒] (米: 国産米, 精米: 非公開)
    ✨ [新規SKU抽出] 灘一｜お料理相性を選ばないさっぱりとした日本酒｜松竹梅酒造 [リキュール] (米: 国産米, 精米: 非公開)
    ✨ [新規SKU抽出] 本醸造酒 [本醸造酒] (米: 国産米, 精米: 非公開)
  👉 松竹梅酒造株式会社: 6 件の新規SKUを深層クローリングにより追加登録
[261/1376] 🏭 ID 635: 大澤本家酒造株式会社 (兵庫県) - http://ohsawasyuzo.com/
    ✨ [新規SKU抽出] しぼりたて生原酒 [普通酒] (米: 国産米, 精米: 非公開)
    ✨ [新規SKU抽出] にごり酒 [普通酒] (米: 国産米, 精米: 非公開)
    ✨ [新規SKU抽出] 純米大吟醸原酒 [純米大吟醸酒] (米: 国産米, 精米: 非公開)
    ✨ [新規SKU抽出] 吟醸特有の高い香りとコク [吟醸酒] (米: 国産米, 精米: 非公開)
    ✨ [新規SKU抽出] 純米吟醸原酒 [純米吟醸酒] (米: 国産米, 精米: 非公開)
  👉 大澤本家酒造株式会社: 5 件の新規SKUを深層クローリングにより追加登録
[262/1376] 🏭 ID 636: 北山酒造株式会社 (兵庫県) - http://bijinclub-shimabijin.co.jp
[263/1376] 🏭 ID 637: 万代大澤醸造株式会社 (兵庫県) - https://tokuwaka.storeinfo.jp/
[264/1376] 🏭 ID 638: 大関株式会社 (兵庫県) - https://www.ozeki.co.jp/
    ✨ [新規SKU抽出] #J　有機米使用純米酒 [純米酒] (米: 国産米, 精米: 非公開)
  👉 大関株式会社: 1 件の新規SKUを深層クローリングにより追加登録
[266/1376] 🏭 ID 640: 千年一酒造株式会社 (兵庫県) - http://www.sennenichi.co.jp/
    ✨ [新規SKU抽出] 純米酒「穂」 [純米酒] (米: 国産米, 精米: 非公開)
    ✨ [新規SKU抽出] 純米吟醸「郁」 [純米吟醸酒] (米: 国産米, 精米: 非公開)
    ✨ [新規SKU抽出] - 純米酒「穂」 [純米酒] (米: 国産米, 精米: 非公開)
    ✨ [新規SKU抽出] - 純米吟醸「郁」 [純米吟醸酒] (米: 国産米, 精米: 非公開)
    ✨ [新規SKU抽出] しぼりたて生原酒・特別純米 杯千酒 各 [特別純米酒] (米: 国産米, 精米: 非公開)
    ✨ [新規SKU抽出] 特別純米 杯千酒・本醸造 花蔵 各 [特別純米酒] (米: 国産米, 精米: 非公開)
    ✨ [新規SKU抽出] 大吟醸 千華・原酒 淡路 各 [大吟醸酒] (米: 国産米, 精米: 非公開)
    ✨ [新規SKU抽出] 純米原酒・しぼりたて生原酒 各 [純米酒] (米: 国産米, 精米: 非公開)
    ✨ [新規SKU抽出] 大吟醸 千華・特別純米 杯千酒 各 [特別純米酒] (米: 国産米, 精米: 非公開)
    ✨ [新規SKU抽出] 純米大吟醸・しぼりたて生原酒 各 [純米大吟醸酒] (米: 国産米, 精米: 非公開)
    ✨ [新規SKU抽出] 純米大吟醸・特別純米 杯千酒 各 [純米大吟醸酒] (米: 国産米, 精米: 非公開)
    ✨ [新規SKU抽出] しぼりたて生原酒・大吟醸 千代の縁 各 [大吟醸酒] (米: 国産米, 精米: 非公開)
    ✨ [新規SKU抽出] しぼりたて原酒・金箔入 [普通酒] (米: 国産米, 精米: 非公開)
    ✨ [新規SKU抽出] 特別純米酒 あわ神・金箔入 [特別純米酒] (米: 国産米, 精米: 非公開)
    ✨ [新規SKU抽出] 杯千酒・純米大吟醸 [純米大吟醸酒] (米: 国産米, 精米: 非公開)
    ✨ [新規SKU抽出] 特別純米酒（冷酒） [特別純米酒] (米: 国産米, 精米: 非公開)
    ✨ [新規SKU抽出] 花の大吟醸 [大吟醸酒] (米: 国産米, 精米: 非公開)
    ✨ [新規SKU抽出] 大吟醸　千華 [大吟醸酒] (米: 国産米, 精米: 非公開)
    ✨ [新規SKU抽出] 特別純米原酒 [特別純米酒] (米: 国産米, 精米: 非公開)
    ✨ [新規SKU抽出] かけはし・純米大吟醸 [純米大吟醸酒] (米: 国産米, 精米: 非公開)
    ✨ [新規SKU抽出] 本醸造花蔵 [本醸造酒] (米: 国産米, 精米: 非公開)
  👉 千年一酒造株式会社: 21 件の新規SKUを深層クローリングにより追加登録
[267/1376] 🏭 ID 641: 都美人酒造株式会社 (兵庫県) - http://www.miyakobijin.co.jp/
    ✨ [新規SKU抽出] ご好評いただき　お陰様で　純米吟醸　太陽は　完売いたしております。 [純米吟醸酒] (米: 国産米, 精米: 非公開)
  👉 都美人酒造株式会社: 1 件の新規SKUを深層クローリングにより追加登録
[268/1376] 🏭 ID 642: 香住鶴株式会社 (兵庫県) - http://www.fukuchiya.co.jp/
    ✨ [新規SKU抽出] 数量限定『山廃 純米 スパークリングにごり』令和7年7月10日(木 )発売予定!! [純米酒] (米: 国産米, 精米: 非公開)
    ✨ [新規SKU抽出] 数量限定『山廃 純米原酒 二夏越え ひやおろし』令和8年9月3日(木)発売予定!! [純米酒] (米: 国産米, 精米: 非公開)
    ✨ [新規SKU抽出] 純米大吟醸・大吟醸 [純米大吟醸酒] (米: 国産米, 精米: 非公開)
    ✨ [新規SKU抽出] 吟醸純米・純米 [吟醸酒] (米: 国産米, 精米: 非公開)
    ✨ [新規SKU抽出] しぼりたて（冬季限定） [普通酒] (米: 国産米, 精米: 非公開)
    ✨ [新規SKU抽出] 山廃 純米大吟醸　香住鶴270mL	1320円	→	1485円 [純米大吟醸酒] (米: 国産米, 精米: 非公開)
    ✨ [新規SKU抽出] 山廃 吟醸純米 香住鶴1800mL	3520円	→	3740円 [吟醸酒] (米: 国産米, 精米: 非公開)
    ✨ [新規SKU抽出] 山廃 吟醸純米 香住鶴＜化粧箱入＞720mL	　2112円　	→	2255円 [吟醸酒] (米: 国産米, 精米: 非公開)
    ✨ [新規SKU抽出] 山廃 吟醸純米 香住鶴270mL	792円	→	880円 [吟醸酒] (米: 国産米, 精米: 非公開)
    ✨ [新規SKU抽出] 生酛　吟醸純米　香住鶴1800mL	3630円	→	3850円 [吟醸酒] (米: 国産米, 精米: 非公開)
    ✨ [新規SKU抽出] 生酛　吟醸純米　香住鶴720mL	2200円	→	2310円 [吟醸酒] (米: 国産米, 精米: 非公開)
    ✨ [新規SKU抽出] 生酛　吟醸純米　香住鶴270mL	825円	→	913円 [吟醸酒] (米: 国産米, 精米: 非公開)
    ✨ [新規SKU抽出] 山廃 純米 香住鶴　1800mL	2970円	→	3080円 [純米酒] (米: 国産米, 精米: 非公開)
    ✨ [新規SKU抽出] 山廃 純米 香住鶴＜化粧箱入＞　720mL	1815円	→	1870円 [純米酒] (米: 国産米, 精米: 非公開)
    ✨ [新規SKU抽出] 山廃 純米 香住鶴　270mL	671円	→	770円 [純米酒] (米: 国産米, 精米: 非公開)
    ✨ [新規SKU抽出] 山廃 純米 発泡にごり酒 金魚250mL	649円	→	770円 [純米酒] (米: 国産米, 精米: 非公開)
    ✨ [新規SKU抽出] 生酛 純米 香住鶴1800mL	2640円	→	2860円 [純米酒] (米: 国産米, 精米: 非公開)
    ✨ [新規SKU抽出] 生酛 純米 香住鶴720mL	1606円	→	1716円 [純米酒] (米: 国産米, 精米: 非公開)
    ✨ [新規SKU抽出] 生酛 純米 香住鶴270mL	638円	→	748円 [純米酒] (米: 国産米, 精米: 非公開)
    ✨ [新規SKU抽出] 生酛 純米 香住鶴　カップ180mL	440円	→	528円 [純米酒] (米: 国産米, 精米: 非公開)
    ✨ [新規SKU抽出] しぼりたて 山廃 生酒 香住鶴1800mL	2772円	→	2915円 [普通酒] (米: 国産米, 精米: 非公開)
    ✨ [新規SKU抽出] しぼりたて 山廃 生酒 香住鶴720mL	1672円	→	1760円 [普通酒] (米: 国産米, 精米: 非公開)
    ✨ [新規SKU抽出] しぼりたて 山廃 生酒 香住鶴270mL	660円	→	770円 [普通酒] (米: 国産米, 精米: 非公開)
    ✨ [新規SKU抽出] しぼりたて 山廃 純米生原酒　香住鶴1800mL	3190円	→	3300円 [純米酒] (米: 国産米, 精米: 非公開)
    ✨ [新規SKU抽出] しぼりたて 山廃 純米生原酒 香住鶴720mL	1925円	→	1980円 [純米酒] (米: 国産米, 精米: 非公開)
    ✨ [新規SKU抽出] しぼりたて 山廃 純米生原酒 香住鶴270mL	726円	→	825円 [純米酒] (米: 国産米, 精米: 非公開)
    ✨ [新規SKU抽出] 香住鶴 特選純米酒 1.8ℓ セット	6820円	→	7150円 [純米酒] (米: 国産米, 精米: 非公開)
    ✨ [新規SKU抽出] 香住鶴 特選純米酒 720㎖ セット	4180円	→	4400円 [純米酒] (米: 国産米, 精米: 非公開)
    ✨ [新規SKU抽出] 香住鶴 吟醸純米酒 セット	4950円	→	5280円 [吟醸酒] (米: 国産米, 精米: 非公開)
    ✨ [新規SKU抽出] 香住鶴 生酛・山廃蔵 ギフト	4510円	→	4950円 [普通酒] (米: 国産米, 精米: 非公開)
    ✨ [新規SKU抽出] 山廃 25度 香住鶴＜化粧箱入＞720mL	2970円	→	3300円 [普通酒] (米: 国産米, 精米: 非公開)
    ✨ [新規SKU抽出] 山廃 25度 香住鶴270mL	1320円	→	1452円 [普通酒] (米: 国産米, 精米: 非公開)
    ✨ [新規SKU抽出] こだわりの梅酒1800mL	2860円	→	3190円 [リキュール] (米: 国産米, 精米: 非公開)
    ✨ [新規SKU抽出] こだわりの梅酒500mL（720mLから500mLに変更）	→	1595円 [リキュール] (米: 国産米, 精米: 非公開)
    ✨ [新規SKU抽出] こだわりの梅酒250mL	726円	→	825円 [リキュール] (米: 国産米, 精米: 非公開)
    ✨ [新規SKU抽出] こだわりのゆず酒1800mL	2750円	→	3080円 [リキュール] (米: 国産米, 精米: 非公開)
    ✨ [新規SKU抽出] こだわりのゆず酒500mL（720mLから500mLに変更）	→	1540円 [リキュール] (米: 国産米, 精米: 非公開)
    ✨ [新規SKU抽出] こだわりのゆず酒250mL	704円	→	797円 [リキュール] (米: 国産米, 精米: 非公開)
    ✨ [新規SKU抽出] 純米大吟醸酒 [純米大吟醸酒] (米: 国産米, 精米: 非公開)
    ✨ [新規SKU抽出] 吟醸純米酒・純米酒 [吟醸酒] (米: 国産米, 精米: 非公開)
    ✨ [新規SKU抽出] リキュール [リキュール] (米: 国産米, 精米: 非公開)
    ✨ [新規SKU抽出] しぼりたて(冬季限定) [普通酒] (米: 国産米, 精米: 非公開)
    ✨ [新規SKU抽出] 伝統と革新生もと 純米大吟醸 中取り 原酒 [純米大吟醸酒] (米: 国産米, 精米: 非公開)
    ✨ [新規SKU抽出] 生もと 純米大吟醸 参拾伍 [純米大吟醸酒] (米: 国産米, 精米: 非公開)
    ✨ [新規SKU抽出] ●ワイングラスでおいしい日本酒アワード2025　プレミアム大吟醸部門　金賞 [大吟醸酒] (米: 国産米, 精米: 非公開)
    ✨ [新規SKU抽出] 香住鶴　生もと 純米大吟醸 [純米大吟醸酒] (米: 国産米, 精米: 非公開)
    ✨ [新規SKU抽出] 山廃 純米大吟醸 [純米大吟醸酒] (米: 国産米, 精米: 非公開)
    ✨ [新規SKU抽出] 生もと  吟醸純米 [吟醸酒] (米: 国産米, 精米: 非公開)
    ✨ [新規SKU抽出] 山廃 吟醸純米 [吟醸酒] (米: 国産米, 精米: 非公開)
    ✨ [新規SKU抽出] 穏やかな吟醸香と旨味のある酸がバランスよく調和し、 [吟醸酒] (米: 国産米, 精米: 非公開)
    ✨ [新規SKU抽出] 山廃 純米 [純米酒] (米: 国産米, 精米: 非公開)
    ✨ [新規SKU抽出] ●インターナショナル ワイン チャレンジ2020 「SAKE部門」純米酒の部 金賞 [純米酒] (米: 国産米, 精米: 非公開)
    ✨ [新規SKU抽出] RICH (リッチ) 山廃 [普通酒] (米: 国産米, 精米: 非公開)
    ✨ [新規SKU抽出] 気品ある香りと豊かな味わいの「RICH(リッチ)山廃 香住鶴」 [普通酒] (米: 国産米, 精米: 非公開)
    ✨ [新規SKU抽出] SMOOTH (スムース) 山廃 [普通酒] (米: 国産米, 精米: 非公開)
    ✨ [新規SKU抽出] 山廃 純米 発泡にごり酒　金魚250mL [純米酒] (米: 国産米, 精米: 非公開)
    ✨ [新規SKU抽出] ●ワイングラスでおいしい日本酒アワード2017　スパークリングSAKE部門　金賞 [普通酒] (米: 国産米, 精米: 非公開)
    ✨ [新規SKU抽出] 山廃 純米 原酒「但州」 [純米酒] (米: 国産米, 精米: 非公開)
    ✨ [新規SKU抽出] 山廃仕込 快鮮冷酒 [普通酒] (米: 国産米, 精米: 非公開)
    ✨ [新規SKU抽出] 山廃 25度 [普通酒] (米: 国産米, 精米: 非公開)
    ✨ [新規SKU抽出] こだわりの梅酒 [リキュール] (米: 国産米, 精米: 非公開)
    ✨ [新規SKU抽出] ◆第19回フェミナリーズ世界ワインコンクール2025　日本リキュール部門　金賞 [リキュール] (米: 国産米, 精米: 非公開)
    ✨ [新規SKU抽出] 3種類の梅を使用した、まろやかな梅酒。 [リキュール] (米: 国産米, 精米: 非公開)
    ✨ [新規SKU抽出] 香住鶴の山廃仕込原酒使用。 [普通酒] (米: 国産米, 精米: 非公開)
    ✨ [新規SKU抽出] こだわりのゆず酒 [リキュール] (米: 国産米, 精米: 非公開)
    ✨ [新規SKU抽出] コクのある山廃仕込の原酒を加え旨味のあるゆず酒になっています。 [リキュール] (米: 国産米, 精米: 非公開)
    ✨ [新規SKU抽出] ・RICH(リッチ)山廃 [普通酒] (米: 国産米, 精米: 非公開)
    ✨ [新規SKU抽出] ・SMOOTH(スムース)山廃 [普通酒] (米: 国産米, 精米: 非公開)
  👉 香住鶴株式会社: 68 件の新規SKUを深層クローリングにより追加登録
[269/1376] 🏭 ID 643: 田治米合名会社 (兵庫県) - http://www.chikusen-1702.com/
    ✨ [新規SKU抽出] 肴とうまい、純米酒 [純米酒] (米: 国産米, 精米: 非公開)
    ✨ [新規SKU抽出] 料理と共に味わう純米酒をお届けします。 [純米酒] (米: 国産米, 精米: 非公開)
    ✨ [新規SKU抽出] 純米大吟醸 幸の鳥 [純米大吟醸酒] (米: 国産米, 精米: 非公開)
    ✨ [新規SKU抽出] 純米大吟醸　幸の鳥 [純米大吟醸酒] (米: 国産米, 精米: 非公開)
    ✨ [新規SKU抽出] 純米大吟醸  一魂の宴 [純米大吟醸酒] (米: 国産米, 精米: 非公開)
    ✨ [新規SKU抽出] 竹泉 純米大吟醸 一魂の宴 [純米大吟醸酒] (米: 国産米, 精米: 非公開)
    ✨ [新規SKU抽出] 純米大吟醸  豪華筒入り [純米大吟醸酒] (米: 国産米, 精米: 非公開)
    ✨ [新規SKU抽出] 竹泉 純米大吟醸 豪華筒入り [純米大吟醸酒] (米: 国産米, 精米: 非公開)
    ✨ [新規SKU抽出] 純米大吟醸 生酒 [純米大吟醸酒] (米: 国産米, 精米: 非公開)
    ✨ [新規SKU抽出] 竹泉 純米大吟醸 生酒 [純米大吟醸酒] (米: 国産米, 精米: 非公開)
    ✨ [新規SKU抽出] 純米大吟醸 幸の鳥 雫酒 [純米大吟醸酒] (米: 国産米, 精米: 非公開)
    ✨ [新規SKU抽出] 竹泉 純米大吟醸 幸の鳥 雫酒 [純米大吟醸酒] (米: 国産米, 精米: 非公開)
    ✨ [新規SKU抽出] 純米大吟醸 斗瓶囲い [純米大吟醸酒] (米: 国産米, 精米: 非公開)
    ✨ [新規SKU抽出] 純米大吟醸 斗瓶囲い 雫酒 田治米 [純米大吟醸酒] (米: 国産米, 精米: 非公開)
    ✨ [新規SKU抽出] 純米大吟醸 田治米 [純米大吟醸酒] (米: 国産米, 精米: 非公開)
    ✨ [新規SKU抽出] 純米吟醸 阿波山田錦 [純米吟醸酒] (米: 山田錦, 精米: 非公開)
    ✨ [新規SKU抽出] 竹泉 純米吟醸 [純米吟醸酒] (米: 国産米, 精米: 非公開)
    ✨ [新規SKU抽出] 竹泉 純米吟醸 和田山 雄町（夏吟） [純米吟醸酒] (米: 雄町, 精米: 非公開)
    ✨ [新規SKU抽出] 純米吟醸 幸の鳥 [純米吟醸酒] (米: 国産米, 精米: 非公開)
    ✨ [新規SKU抽出] 純米吟醸 人生の灯り 長壽 [純米吟醸酒] (米: 国産米, 精米: 非公開)
    ✨ [新規SKU抽出] 竹泉 辛口純米酒 [純米酒] (米: 国産米, 精米: 非公開)
    ✨ [新規SKU抽出] しぼりたて 生酒 [普通酒] (米: 国産米, 精米: 非公開)
    ✨ [新規SKU抽出] 辛口純米酒 しぼりたて 生酒 [純米酒] (米: 国産米, 精米: 非公開)
    ✨ [新規SKU抽出] 純米ひやおろし [純米酒] (米: 国産米, 精米: 非公開)
    ✨ [新規SKU抽出] 竹泉 熟成辛口 純米ひやおろし [純米酒] (米: 国産米, 精米: 非公開)
    ✨ [新規SKU抽出] 純米　にごり酒 [純米酒] (米: 国産米, 精米: 非公開)
    ✨ [新規SKU抽出] 純米酒仕込み [純米酒] (米: 国産米, 精米: 非公開)
    ✨ [新規SKU抽出] 梅酒（広口瓶） [リキュール] (米: 国産米, 精米: 非公開)
    ✨ [新規SKU抽出] 純米酒仕込み梅酒(広口瓶） 2.7L [純米酒] (米: 国産米, 精米: 非公開)
    ✨ [新規SKU抽出] 純米酒仕込み梅酒 [純米酒] (米: 国産米, 精米: 非公開)
    ✨ [新規SKU抽出] 純米酒仕込み 梅酒 [純米酒] (米: 国産米, 精米: 非公開)
    ✨ [新規SKU抽出] 竹泉 純米酒仕込み 梅酒 [純米酒] (米: 国産米, 精米: 非公開)
  👉 田治米合名会社: 32 件の新規SKUを深層クローリングにより追加登録
[270/1376] 🏭 ID 644: 此の友酒造株式会社 (兵庫県) - http://www.konotomo.jp
    ✨ [新規SKU抽出] 「純米吟醸　や」に代表される [純米吟醸酒] (米: 国産米, 精米: 非公開)
    ✨ [新規SKU抽出] 大吟醸・吟醸酒 [大吟醸酒] (米: 国産米, 精米: 非公開)
    ✨ [新規SKU抽出] 純米・純米吟醸酒 [純米吟醸酒] (米: 国産米, 精米: 非公開)
    ✨ [新規SKU抽出] リキュール [リキュール] (米: 国産米, 精米: 非公開)
  👉 此の友酒造株式会社: 4 件の新規SKUを深層クローリングにより追加登録
[272/1376] 🏭 ID 647: 銀海酒造有限会社 (兵庫県) - http://ginkai-syuzo.com/
[273/1376] 🏭 ID 648: 神崎酒造有限会社 (兵庫県) - http://www1.winknet.ne.jp/~carrot/k-osake1.html
    ✨ [新規SKU抽出] 龍王の舞・純米酒 [純米酒] (米: 国産米, 精米: 非公開)
    ✨ [新規SKU抽出] 真名井乃鶴・本醸造 [本醸造酒] (米: 国産米, 精米: 非公開)
    ✨ [新規SKU抽出] 銀の馬車道・純米酒 [純米酒] (米: 国産米, 精米: 非公開)
  👉 神崎酒造有限会社: 3 件の新規SKUを深層クローリングにより追加登録
[274/1376] 🏭 ID 649: 名城酒造株式会社 (兵庫県) - http://meijoshuzou.co.jp/
    ✨ [新規SKU抽出] 隠し酒　無濾過生原酒のご紹介 [普通酒] (米: 国産米, 精米: 非公開)
    ✨ [新規SKU抽出] 名城「大吟醸 隠し酒」 [大吟醸酒] (米: 国産米, 精米: 非公開)
  👉 名城酒造株式会社: 2 件の新規SKUを深層クローリングにより追加登録
[275/1376] 🏭 ID 650: 壺坂酒造株式会社 (兵庫県) - http://seppiko.shop-pro.jp/
    ✨ [新規SKU抽出] リキュール [リキュール] (米: 国産米, 精米: 非公開)
    ✨ [新規SKU抽出] 純米吟醸 雪彦山 [純米吟醸酒] (米: 国産米, 精米: 非公開)
    ✨ [新規SKU抽出] 純米酒 雪彦山 [純米酒] (米: 国産米, 精米: 非公開)
    ✨ [新規SKU抽出] 純米吟醸 雪彦山 無ろ過原酒 [純米吟醸酒] (米: 国産米, 精米: 非公開)
    ✨ [新規SKU抽出] 吟醸酒 雪彦山 [吟醸酒] (米: 国産米, 精米: 非公開)
    ✨ [新規SKU抽出] 大吟醸 雪彦山 [大吟醸酒] (米: 国産米, 精米: 非公開)
    ✨ [新規SKU抽出] 本醸造 雪彦山 [本醸造酒] (米: 国産米, 精米: 非公開)
    ✨ [新規SKU抽出] 本醸造 金壺 [本醸造酒] (米: 国産米, 精米: 非公開)
    ✨ [新規SKU抽出] しぼりたて 金壺 [普通酒] (米: 国産米, 精米: 非公開)
    ✨ [新規SKU抽出] しぼりたて [普通酒] (米: 国産米, 精米: 非公開)
    ✨ [新規SKU抽出] 大吟醸　雪彦山 [大吟醸酒] (米: 国産米, 精米: 非公開)
    ✨ [新規SKU抽出] この商品（大吟醸　雪彦山 [大吟醸酒] (米: 国産米, 精米: 非公開)
    ✨ [新規SKU抽出] 本醸造　雪彦山 [本醸造酒] (米: 国産米, 精米: 非公開)
    ✨ [新規SKU抽出] この商品（本醸造　雪彦山 [本醸造酒] (米: 国産米, 精米: 非公開)
    ✨ [新規SKU抽出] 純米吟醸雪彦山　無ろ過原酒 [純米吟醸酒] (米: 国産米, 精米: 非公開)
  👉 壺坂酒造株式会社: 15 件の新規SKUを深層クローリングにより追加登録
[276/1376] 🏭 ID 651: ヤヱガキ酒造株式会社 (兵庫県) - http://www.yaegaki.jp/
    ✨ [新規SKU抽出] ヤヱガキ酒造オンラインストア｜日本酒・焼酎・梅酒の通販 [リキュール] (米: 国産米, 精米: 非公開)
    ✨ [新規SKU抽出] 梅酒・その他 [リキュール] (米: 国産米, 精米: 非公開)
    ✨ [新規SKU抽出] 純米大吟醸 青乃無・純米 律 飲み比べセット [純米大吟醸酒] (米: 国産米, 精米: 非公開)
    ✨ [新規SKU抽出] 梅酒 梅一途（うめいちず） [リキュール] (米: 国産米, 精米: 非公開)
    ✨ [新規SKU抽出] 純米大吟醸 青乃無（あおのむ） [純米大吟醸酒] (米: 国産米, 精米: 非公開)
    ✨ [新規SKU抽出] 梅の美味しさを一途に追いもとめ生まれた贅沢な梅酒 [リキュール] (米: 国産米, 精米: 非公開)
    ✨ [新規SKU抽出] 純米大吟醸　黒乃無 [純米大吟醸酒] (米: 国産米, 精米: 非公開)
    ✨ [新規SKU抽出] 純米大吟醸　青乃無 [純米大吟醸酒] (米: 国産米, 精米: 非公開)
    ✨ [新規SKU抽出] 純米大吟醸　青乃無(箱なし) [純米大吟醸酒] (米: 国産米, 精米: 非公開)
    ✨ [新規SKU抽出] 本醸造八重垣 [本醸造酒] (米: 国産米, 精米: 非公開)
    ✨ [新規SKU抽出] 純米吟醸 山田錦 生原酒 [純米吟醸酒] (米: 山田錦, 精米: 非公開)
    ✨ [新規SKU抽出] 純米大吟醸 無濾過生原酒 無 初しぼり [純米大吟醸酒] (米: 国産米, 精米: 非公開)
    ✨ [新規SKU抽出] 本醸造 八重垣 [本醸造酒] (米: 国産米, 精米: 非公開)
    ✨ [新規SKU抽出] 本格麦焼酎 あらき [本格焼酎] (米: 国産米, 精米: 非公開)
    ✨ [新規SKU抽出] 本格芋焼酎 黒王 黒麹仕込み [本格焼酎] (米: 国産米, 精米: 非公開)
    ✨ [新規SKU抽出] 八重墻 純米 律 スパークリング [純米酒] (米: 国産米, 精米: 非公開)
    ✨ [新規SKU抽出] 本格麦焼酎 黒麹仕込み あらき [本格焼酎] (米: 国産米, 精米: 非公開)
    ✨ [新規SKU抽出] 純米大吟醸 青乃無（あおのむ）／箱なし [純米大吟醸酒] (米: 国産米, 精米: 非公開)
    ✨ [新規SKU抽出] 八重墻 純米 律 無濾過生原酒 [純米酒] (米: 国産米, 精米: 非公開)
    ✨ [新規SKU抽出] 本格麦焼酎 あらき｜ヤヱガキ酒造オンラインストア [本格焼酎] (米: 国産米, 精米: 非公開)
    ✨ [新規SKU抽出] 良質の大麦だけを使用した本格麦焼酎に [本格焼酎] (米: 国産米, 精米: 非公開)
    ✨ [新規SKU抽出] 樽熟成の麦焼酎をブレンド。 [本格焼酎] (米: 国産米, 精米: 非公開)
    ✨ [新規SKU抽出] 純米大吟醸 青乃無・純米 律 飲み比べセット｜ヤヱガキ酒造オンラインストア [純米大吟醸酒] (米: 国産米, 精米: 非公開)
    ✨ [新規SKU抽出] 山田錦と五百万石で醸したお酒を、「純米大吟醸」「純米」でぜひ飲み比べてください。 [純米大吟醸酒] (米: 山田錦, 精米: 非公開)
    ✨ [新規SKU抽出] ｜純米大吟醸 青乃無｜ [純米大吟醸酒] (米: 国産米, 精米: 非公開)
    ✨ [新規SKU抽出] 山田錦と五百万石を丹念に醸した純米大吟醸酒です。 [純米大吟醸酒] (米: 山田錦, 精米: 非公開)
    ✨ [新規SKU抽出] 酒造好適米山田錦と五百万石を使用した純米酒。 [純米酒] (米: 山田錦, 精米: 非公開)
    ✨ [新規SKU抽出] 山田錦の旨みと五百万石のキレの良い軽やかさを持つ純米酒が出来上がりました。 [純米酒] (米: 山田錦, 精米: 非公開)
    ✨ [新規SKU抽出] 「純米大吟醸 青乃無」と「純米 律」の [純米大吟醸酒] (米: 国産米, 精米: 非公開)
    ✨ [新規SKU抽出] ・純米大吟醸 青乃無 [純米大吟醸酒] (米: 国産米, 精米: 非公開)
    ✨ [新規SKU抽出] 純米大吟醸　青乃無（あおのむ） [純米大吟醸酒] (米: 国産米, 精米: 非公開)
  👉 ヤヱガキ酒造株式会社: 31 件の新規SKUを深層クローリングにより追加登録
[277/1376] 🏭 ID 652: 株式会社本田商店 (兵庫県) - https://www.tatsuriki.com/
[278/1376] 🏭 ID 654: 姫路灘菊酒造株式会社 (兵庫県) - http://www.nadagiku.co.jp/
    ✨ [新規SKU抽出] 灘菊・MISA・リキュール [リキュール] (米: 国産米, 精米: 非公開)
    ✨ [新規SKU抽出] １本から可能！純米大吟醸 名入れラベル [純米大吟醸酒] (米: 国産米, 精米: 非公開)
    ✨ [新規SKU抽出] 季節限定純米大吟醸「愛山MISA　９０１」 [純米大吟醸酒] (米: 愛山, 精米: 非公開)
    ✨ [新規SKU抽出] 大吟醸「酒造之助」７２０ｍｌ・１．８Ｌ [大吟醸酒] (米: 国産米, 精米: 非公開)
    ✨ [新規SKU抽出] 灘菊おすすめギフト純米大吟醸・純米吟醸　飲み比べセット　７２０ｍｌ・１．８Ｌ [純米大吟醸酒] (米: 国産米, 精米: 非公開)
    ✨ [新規SKU抽出] 純米大吟醸「柔道プレミアム」720 ｍｌ・180 m l [純米大吟醸酒] (米: 国産米, 精米: 非公開)
    ✨ [新規SKU抽出] 灘菊　ゆず酒　５００ｍｌ [リキュール] (米: 国産米, 精米: 非公開)
    ✨ [新規SKU抽出] 純米大吟醸名入れラベル [純米大吟醸酒] (米: 国産米, 精米: 非公開)
    ✨ [新規SKU抽出] ネットショップ・直売所限定大吟醸「灘菊　極み袋しぼり」７２０ｍｌ [大吟醸酒] (米: 国産米, 精米: 非公開)
    ✨ [新規SKU抽出] 純米大吟醸「きくのしずく」７２０ｍｌ・１．８Ｌ [純米大吟醸酒] (米: 国産米, 精米: 非公開)
    ✨ [新規SKU抽出] 輸出専用商品純米大吟醸「柔道」７２０ｍｌ・１．８Ｌ [純米大吟醸酒] (米: 国産米, 精米: 非公開)
    ✨ [新規SKU抽出] 純米吟醸「灘菊」７２０ｍｌ・１．８Ｌ [純米吟醸酒] (米: 国産米, 精米: 非公開)
    ✨ [新規SKU抽出] 純米吟醸ＭＩＳＡ　５００ｍｌ・１．８Ｌ [純米吟醸酒] (米: 国産米, 精米: 非公開)
    ✨ [新規SKU抽出] 特別純米ＭＩＳＡ　５００ｍｌ・１．８Ｌ [特別純米酒] (米: 国産米, 精米: 非公開)
    ✨ [新規SKU抽出] 灘菊おすすめギフト最高級大吟醸　飲み比べセット　７２０ｍｌ・１．８Ｌ [大吟醸酒] (米: 国産米, 精米: 非公開)
    ✨ [新規SKU抽出] 灘菊の吟醸酒粕　５００ｇ [吟醸酒] (米: 国産米, 精米: 非公開)
  👉 姫路灘菊酒造株式会社: 16 件の新規SKUを深層クローリングにより追加登録
[279/1376] 🏭 ID 655: 株式会社下村酒造店 (兵庫県) - http://www.okuharima.jp/
    ✨ [新規SKU抽出] 数量限定！熟成 つけもの用純米酒粕　6/1㈪より発売！ [純米酒] (米: 国産米, 精米: 非公開)
    ✨ [新規SKU抽出] 純米吟醸　夏の芳醇超辛 -焔入ル-　好評発売中！ [純米吟醸酒] (米: 国産米, 精米: 非公開)
    ✨ [新規SKU抽出] 純米吟醸　宮の井　好評発売中！ [純米吟醸酒] (米: 国産米, 精米: 非公開)
    ✨ [新規SKU抽出] 山廃純米　強め　好評発売中！ [純米酒] (米: 国産米, 精米: 非公開)
  👉 株式会社下村酒造店: 4 件の新規SKUを深層クローリングにより追加登録
[280/1376] 🏭 ID 656: 山陽盃酒造株式会社 (兵庫県) - http://www.sanyouhai.com/
    ✨ [新規SKU抽出] SAKE　COMPETITION　2024では「播州一献　純米吟醸　愛山」が [純米吟醸酒] (米: 愛山, 精米: 非公開)
    ✨ [新規SKU抽出] 純米吟醸酒部門にて上位入賞酒に選ばれました！ [純米吟醸酒] (米: 国産米, 精米: 非公開)
    ✨ [新規SKU抽出] 「播州一献 純米吟醸 愛山」蔵出しスタート！ [純米吟醸酒] (米: 愛山, 精米: 非公開)
    ✨ [新規SKU抽出] 「播州一献 純米吟醸 ののさん」出荷開始しました [純米吟醸酒] (米: 国産米, 精米: 非公開)
    ✨ [新規SKU抽出] 「播州一献 純米吟醸 夏のうすにごり」蔵出し開始 [純米吟醸酒] (米: 国産米, 精米: 非公開)
    ✨ [新規SKU抽出] 播州一献 純米吟醸 北錦 [純米吟醸酒] (米: 国産米, 精米: 非公開)
    ✨ [新規SKU抽出] 播州一献 超辛 純米吟醸 [純米吟醸酒] (米: 国産米, 精米: 非公開)
    ✨ [新規SKU抽出] 播州一献 超辛 純米大吟醸 [純米大吟醸酒] (米: 国産米, 精米: 非公開)
    ✨ [新規SKU抽出] 播州一献 純米大吟醸　 北錦 [純米大吟醸酒] (米: 国産米, 精米: 非公開)
    ✨ [新規SKU抽出] 播州一献 純米吟醸 ののさん [純米吟醸酒] (米: 国産米, 精米: 非公開)
    ✨ [新規SKU抽出] 播州一献 純米吟醸 山田穂 [純米吟醸酒] (米: 国産米, 精米: 非公開)
    ✨ [新規SKU抽出] 播州一献 純米吟醸　愛山 [純米吟醸酒] (米: 愛山, 精米: 非公開)
    ✨ [新規SKU抽出] 播州一献 純米吟醸  SPRING SHINE [純米吟醸酒] (米: 国産米, 精米: 非公開)
    ✨ [新規SKU抽出] 播州一献 純米吟醸 渡船二號 [純米吟醸酒] (米: 国産米, 精米: 非公開)
    ✨ [新規SKU抽出] 播州一献 純米吟醸 夏のうすにごり [純米吟醸酒] (米: 国産米, 精米: 非公開)
    ✨ [新規SKU抽出] 播州一献 純米吟醸 ひやおろし [純米吟醸酒] (米: 国産米, 精米: 非公開)
    ✨ [新規SKU抽出] 播州一献 純米吟醸 山田錦 [純米吟醸酒] (米: 山田錦, 精米: 非公開)
    ✨ [新規SKU抽出] 播州一献　七宝　純米　生原酒 [純米酒] (米: 国産米, 精米: 非公開)
    ✨ [新規SKU抽出] 播州一献　七宝　純米大吟醸　生 [純米大吟醸酒] (米: 国産米, 精米: 非公開)
    ✨ [新規SKU抽出] 通年播州一献 純米大吟醸　 北錦 [純米大吟醸酒] (米: 国産米, 精米: 非公開)
    ✨ [新規SKU抽出] 播州一献 純米大吟醸 「北錦」 [純米大吟醸酒] (米: 国産米, 精米: 非公開)
    ✨ [新規SKU抽出] 3月 播州一献 純米吟醸 山田穂 [純米吟醸酒] (米: 国産米, 精米: 非公開)
    ✨ [新規SKU抽出] 4月 播州一献 純米吟醸 渡船二號 [純米吟醸酒] (米: 国産米, 精米: 非公開)
    ✨ [新規SKU抽出] 播州一献　純米吟醸　渡船二號 [純米吟醸酒] (米: 国産米, 精米: 非公開)
    ✨ [新規SKU抽出] 2月～4月播州一献 純米吟醸  SPRING SHINE [純米吟醸酒] (米: 国産米, 精米: 非公開)
  👉 山陽盃酒造株式会社: 25 件の新規SKUを深層クローリングにより追加登録
[281/1376] 🏭 ID 657: 老松酒造有限会社 (兵庫県) - http://www.s-oimatsu.com/
    ✨ [新規SKU抽出] 寿惠広 老松 純米吟醸酒 [純米吟醸酒] (米: 国産米, 精米: 非公開)
    ✨ [新規SKU抽出] 寿惠広 老松 純米酒 [純米酒] (米: 国産米, 精米: 非公開)
    ✨ [新規SKU抽出] しぼりたて純米酒 沙月 [純米酒] (米: 国産米, 精米: 非公開)
    ✨ [新規SKU抽出] 本醸造・普通酒 [本醸造酒] (米: 国産米, 精米: 非公開)
    ✨ [新規SKU抽出] 兵庫県産夢錦と滋賀県産日本晴を使用した老松辛口本醸造。 [本醸造酒] (米: 国産米, 精米: 非公開)
    ✨ [新規SKU抽出] 季節限定酒　梅酒・ゆず酒 [リキュール] (米: 国産米, 精米: 非公開)
    ✨ [新規SKU抽出] しぼりたて 原酒 [普通酒] (米: 国産米, 精米: 非公開)
    ✨ [新規SKU抽出] 善次郎の妻 梅酒 [リキュール] (米: 国産米, 精米: 非公開)
    ✨ [新規SKU抽出] 善次郎の妻 ゆず酒 [リキュール] (米: 国産米, 精米: 非公開)
    ✨ [新規SKU抽出] 寿惠広 老松 辛口本醸造 [本醸造酒] (米: 国産米, 精米: 非公開)
    ✨ [新規SKU抽出] 純米吟醸酒取扱店 [純米吟醸酒] (米: 国産米, 精米: 非公開)
    ✨ [新規SKU抽出] 吟醸酒より麹の香りの強いお酒で、のどごしの良さは最高です。 [吟醸酒] (米: 国産米, 精米: 非公開)
    ✨ [新規SKU抽出] 寿惠広 老松 本醸造辛口 [本醸造酒] (米: 国産米, 精米: 非公開)
  👉 老松酒造有限会社: 13 件の新規SKUを深層クローリングにより追加登録
[282/1376] 🏭 ID 659: 株式会社西山酒造場 (兵庫県) - http://www.kotsuzumi.co.jp/officialweb/
    ✨ [新規SKU抽出] 純米系のお酒 ／ 生のお酒 ／ スパークリング清酒 [純米酒] (米: 国産米, 精米: 非公開)
  👉 株式会社西山酒造場: 1 件の新規SKUを深層クローリングにより追加登録
[283/1376] 🏭 ID 660: 山名酒造株式会社 (兵庫県) - http://www.okutamba.co.jp
    ✨ [新規SKU抽出] 奥丹波　純米酒 [純米酒] (米: 国産米, 精米: 非公開)
    ✨ [新規SKU抽出] 奥丹波　純米吟醸 [純米吟醸酒] (米: 国産米, 精米: 非公開)
  👉 山名酒造株式会社: 2 件の新規SKUを深層クローリングにより追加登録
[285/1376] 🏭 ID 662: 鳳鳴酒造株式会社 (兵庫県) - http://houmei.wixsite.com/houmeisyuzou/
    ✨ [新規SKU抽出] 鳳鳴　純米大吟醸 [純米大吟醸酒] (米: 国産米, 精米: 非公開)
    ✨ [新規SKU抽出] 鳳鳴大吟醸別撰セット [大吟醸酒] (米: 国産米, 精米: 非公開)
    ✨ [新規SKU抽出] 笹の滴ひやおろし [普通酒] (米: 国産米, 精米: 非公開)
  👉 鳳鳴酒造株式会社: 3 件の新規SKUを深層クローリングにより追加登録
[286/1376] 🏭 ID 663: 狩場一酒造株式会社 (兵庫県) - http://www.syuugetu.jp/
    ✨ [新規SKU抽出] 月の氷室 純米吟醸生酒に変更となりました。 [純米吟醸酒] (米: 国産米, 精米: 非公開)
    ✨ [新規SKU抽出] 月の氷室　特別純米生 [特別純米酒] (米: 国産米, 精米: 非公開)
    ✨ [新規SKU抽出] 純米大吟醸　生酒 [純米大吟醸酒] (米: 国産米, 精米: 非公開)
    ✨ [新規SKU抽出] 特別純米　生原酒 [特別純米酒] (米: 国産米, 精米: 非公開)
    ✨ [新規SKU抽出] にごり酒 [普通酒] (米: 国産米, 精米: 非公開)
    ✨ [新規SKU抽出] 純米大吟醸　若山 [純米大吟醸酒] (米: 国産米, 精米: 非公開)
    ✨ [新規SKU抽出] 特別純米酒 [特別純米酒] (米: 国産米, 精米: 非公開)
    ✨ [新規SKU抽出] 特別本醸造 [特別本醸造酒] (米: 国産米, 精米: 非公開)
    ✨ [新規SKU抽出] 匠－A 　純米大吟醸化粧箱入り [純米大吟醸酒] (米: 国産米, 精米: 非公開)
    ✨ [新規SKU抽出] 匠－V　純米大吟醸化粧箱入り [純米大吟醸酒] (米: 国産米, 精米: 非公開)
    ✨ [新規SKU抽出] 酒粕300g（純米大吟醸）　３個 [純米大吟醸酒] (米: 国産米, 精米: 非公開)
    ✨ [新規SKU抽出] 純米大吟醸－若山、特別純米酒、特別純米生原酒、生貯蔵酒、上撰酒、熟成大古酒など [純米大吟醸酒] (米: 国産米, 精米: 非公開)
    ✨ [新規SKU抽出] 特別純米生原酒、月の氷室∸純米酒、特別純米酒、ひやおろし [特別純米酒] (米: 国産米, 精米: 非公開)
    ✨ [新規SKU抽出] 生原酒、月の氷室 生酒、特別本醸造、上撰酒 [特別本醸造酒] (米: 国産米, 精米: 非公開)
    ✨ [新規SKU抽出] 特別純米酒、本醸造、季節の生酒 [特別純米酒] (米: 国産米, 精米: 非公開)
    ✨ [新規SKU抽出] 特別純米生原酒、月の氷室－純米酒、生原酒、特選 芳醇酒、季節のお酒など [特別純米酒] (米: 国産米, 精米: 非公開)
    ✨ [新規SKU抽出] 純米酒、季節のお酒 [純米酒] (米: 国産米, 精米: 非公開)
    ✨ [新規SKU抽出] 特別純米生原酒、生原酒、季節のお酒 [特別純米酒] (米: 国産米, 精米: 非公開)
    ✨ [新規SKU抽出] 特別純米生原酒 [特別純米酒] (米: 国産米, 精米: 非公開)
    ✨ [新規SKU抽出] 特別純米酒、上撰酒 [特別純米酒] (米: 国産米, 精米: 非公開)
  👉 狩場一酒造株式会社: 20 件の新規SKUを深層クローリングにより追加登録
[287/1376] 🏭 ID 665: 黄桜株式会社 丹波工場 (兵庫県) - http://www.kizakura.co.jp/
[288/1376] 🏭 ID 666: 神結酒造株式会社 (兵庫県) - http://www.kamimusubi.co.jp/
[289/1376] 🏭 ID 668: 富久錦株式会社 (兵庫県) - http://www.fukunishiki.co.jp/
    ✨ [新規SKU抽出] 心に響く純米酒づくり [純米酒] (米: 国産米, 精米: 非公開)
    ✨ [新規SKU抽出] 純米大吟醸 瑞福 [純米大吟醸酒] (米: 国産米, 精米: 非公開)
    ✨ [新規SKU抽出] 純米大吟醸 瑞福 生 あらばしり [純米大吟醸酒] (米: 国産米, 精米: 非公開)
    ✨ [新規SKU抽出] 純米大吟醸 瑞福 あらばしり 生 [純米大吟醸酒] (米: 国産米, 精米: 非公開)
    ✨ [新規SKU抽出] 生酛純米大吟醸神代の舞 [純米大吟醸酒] (米: 国産米, 精米: 非公開)
    ✨ [新規SKU抽出] 純米大吟醸　神代の舞 [純米大吟醸酒] (米: 国産米, 精米: 非公開)
    ✨ [新規SKU抽出] 純米大吟醸生もとづくり 神代の舞 [純米大吟醸酒] (米: 国産米, 精米: 非公開)
    ✨ [新規SKU抽出] 純米　スパークリング　祝泡 [純米酒] (米: 国産米, 精米: 非公開)
    ✨ [新規SKU抽出] 純米スパークリング [純米酒] (米: 国産米, 精米: 非公開)
    ✨ [新規SKU抽出] 祝泡 純米スパークリング [純米酒] (米: 国産米, 精米: 非公開)
    ✨ [新規SKU抽出] スパークリング純米酒 Bucu [純米酒] (米: 国産米, 精米: 非公開)
    ✨ [新規SKU抽出] 純米吟醸 播磨路 [純米吟醸酒] (米: 国産米, 精米: 非公開)
    ✨ [新規SKU抽出] 純米吟醸　早春の播磨路 [純米吟醸酒] (米: 国産米, 精米: 非公開)
    ✨ [新規SKU抽出] 純米吟醸 早春の播磨路 [純米吟醸酒] (米: 国産米, 精米: 非公開)
    ✨ [新規SKU抽出] 純米吟醸　新緑の播磨路 [純米吟醸酒] (米: 国産米, 精米: 非公開)
    ✨ [新規SKU抽出] 純米吟醸 新緑の播磨路 [純米吟醸酒] (米: 国産米, 精米: 非公開)
    ✨ [新規SKU抽出] 純米吟醸 錦秋の播磨路 [純米吟醸酒] (米: 国産米, 精米: 非公開)
    ✨ [新規SKU抽出] 生酛純米　播州古式 [純米酒] (米: 国産米, 精米: 非公開)
    ✨ [新規SKU抽出] 特別純米 山田錦 [特別純米酒] (米: 山田錦, 精米: 非公開)
    ✨ [新規SKU抽出] 特別純米　下天の夢 [特別純米酒] (米: 国産米, 精米: 非公開)
    ✨ [新規SKU抽出] 特別純米 下天の夢 [特別純米酒] (米: 国産米, 精米: 非公開)
    ✨ [新規SKU抽出] 低アルコール純米酒　Fu. [純米酒] (米: 国産米, 精米: 非公開)
    ✨ [新規SKU抽出] 低アルコール純米酒 Fu. [純米酒] (米: 国産米, 精米: 非公開)
    ✨ [新規SKU抽出] 純米しぼりたて [純米酒] (米: 国産米, 精米: 非公開)
    ✨ [新規SKU抽出] 純米 しぼりたて [純米酒] (米: 国産米, 精米: 非公開)
    ✨ [新規SKU抽出] 純米　にごり酒 [純米酒] (米: 国産米, 精米: 非公開)
    ✨ [新規SKU抽出] 純米 にごり酒 [純米酒] (米: 国産米, 精米: 非公開)
    ✨ [新規SKU抽出] 純米原酒でつけた梅酒 [純米酒] (米: 国産米, 精米: 非公開)
    ✨ [新規SKU抽出] 純米原酒 梅酒用 [純米酒] (米: 国産米, 精米: 非公開)
    ✨ [新規SKU抽出] 純米の吟醸酒 本来の味をお楽しみください。 [吟醸酒] (米: 国産米, 精米: 非公開)
    ✨ [新規SKU抽出] 富久錦／純米しぼりたて│富久錦 [純米酒] (米: 国産米, 精米: 非公開)
    ✨ [新規SKU抽出] 富久錦／純米しぼりたて [純米酒] (米: 国産米, 精米: 非公開)
    ✨ [新規SKU抽出] 純米しぼりたて 1800 [純米酒] (米: 国産米, 精米: 非公開)
    ✨ [新規SKU抽出] 純米しぼりたて 720 [純米酒] (米: 国産米, 精米: 非公開)
    ✨ [新規SKU抽出] じゅんまい しぼりたて [普通酒] (米: 国産米, 精米: 非公開)
    ✨ [新規SKU抽出] 丹精込めて醸された「純米しぼりたて」は、 [純米酒] (米: 国産米, 精米: 非公開)
    ✨ [新規SKU抽出] 加水も加熱処理も一切行っていない生原酒。 [普通酒] (米: 国産米, 精米: 非公開)
  👉 富久錦株式会社: 37 件の新規SKUを深層クローリングにより追加登録
[290/1376] 🏭 ID 669: 明石酒類醸造株式会社 (兵庫県) - http://www.akashi-tai.com/
[291/1376] 🏭 ID 670: 江井ヶ嶋酒造株式会社 (兵庫県) - http://www.ei-sake.jp/
[292/1376] 🏭 ID 671: 茨木酒造合名会社 (兵庫県) - http://www.rairaku.jp/
    ✨ [新規SKU抽出] もちろん、純米吟醸酒、純米酒、大吟醸酒、純米大吟醸酒など豊富に取り揃えております。 [純米大吟醸酒] (米: 国産米, 精米: 非公開)
    ✨ [新規SKU抽出] 来楽　生原酒 [普通酒] (米: 国産米, 精米: 非公開)
    ✨ [新規SKU抽出] 純米大吟醸35 [純米大吟醸酒] (米: 国産米, 精米: 非公開)
    ✨ [新規SKU抽出] 大吟醸35 [大吟醸酒] (米: 国産米, 精米: 非公開)
    ✨ [新規SKU抽出] 山田錦　吟醸50 [吟醸酒] (米: 山田錦, 精米: 非公開)
    ✨ [新規SKU抽出] 山田錦　純米吟醸58 [純米吟醸酒] (米: 山田錦, 精米: 非公開)
    ✨ [新規SKU抽出] 純米吟醸生原酒 [純米吟醸酒] (米: 国産米, 精米: 非公開)
    ✨ [新規SKU抽出] 純米生原酒 [純米酒] (米: 国産米, 精米: 非公開)
    ✨ [新規SKU抽出] 無濾過生原酒 [普通酒] (米: 国産米, 精米: 非公開)
    ✨ [新規SKU抽出] 来楽　純米生原酒　兵庫北錦 [純米酒] (米: 国産米, 精米: 非公開)
    ✨ [新規SKU抽出] 来楽　生原酒　詳しくはこちら [普通酒] (米: 国産米, 精米: 非公開)
    ✨ [新規SKU抽出] 来楽　純米吟醸 [純米吟醸酒] (米: 国産米, 精米: 非公開)
    ✨ [新規SKU抽出] 香りおだやかで酸味と甘味のバランスがとれた純米吟醸酒。魚介料理などに合わせて。 [純米吟醸酒] (米: 国産米, 精米: 非公開)
    ✨ [新規SKU抽出] 来楽　本醸造 [本醸造酒] (米: 国産米, 精米: 非公開)
  👉 茨木酒造合名会社: 14 件の新規SKUを深層クローリングにより追加登録
[293/1376] 🏭 ID 672: 西海酒造株式会社 (兵庫県) - http://www.soranotsuru.com/
    ✨ [新規SKU抽出] 本醸造　原酒 [本醸造酒] (米: 国産米, 精米: 非公開)
    ✨ [新規SKU抽出] 本醸造 原酒 [本醸造酒] (米: 国産米, 精米: 非公開)
    ✨ [新規SKU抽出] 〈大吟醸〉 [大吟醸酒] (米: 国産米, 精米: 非公開)
    ✨ [新規SKU抽出] 清酒 空の鶴 大吟醸 一升瓶 [大吟醸酒] (米: 国産米, 精米: 非公開)
    ✨ [新規SKU抽出] 清酒 空の鶴 大吟醸 [大吟醸酒] (米: 国産米, 精米: 非公開)
    ✨ [新規SKU抽出] 清酒『空の鶴』大吟醸 [大吟醸酒] (米: 国産米, 精米: 非公開)
    ✨ [新規SKU抽出] 大吟醸酒の香り [大吟醸酒] (米: 国産米, 精米: 非公開)
    ✨ [新規SKU抽出] 〈純米大吟醸〉 [純米大吟醸酒] (米: 国産米, 精米: 非公開)
    ✨ [新規SKU抽出] 清酒 空の鶴 純米大吟醸 一升瓶 [純米大吟醸酒] (米: 国産米, 精米: 非公開)
    ✨ [新規SKU抽出] 清酒 空の鶴 純米大吟醸 [純米大吟醸酒] (米: 国産米, 精米: 非公開)
    ✨ [新規SKU抽出] ・純米大吟醸酒『 [純米大吟醸酒] (米: 国産米, 精米: 非公開)
    ✨ [新規SKU抽出] *内容物は『空の鶴』純米大吟醸と同一です。 [純米大吟醸酒] (米: 国産米, 精米: 非公開)
    ✨ [新規SKU抽出] 清酒『空の鶴』純米大吟醸 [純米大吟醸酒] (米: 国産米, 精米: 非公開)
    ✨ [新規SKU抽出] 「純米大吟醸酒の “命” 米が違う」 [純米大吟醸酒] (米: 国産米, 精米: 非公開)
  👉 西海酒造株式会社: 14 件の新規SKUを深層クローリングにより追加登録
[294/1376] 🏭 ID 674: 稲見酒造株式会社 (兵庫県) - http://www.aoitsuru.co.jp/
    ✨ [新規SKU抽出] 日本酒（吟醸酒／純米酒） [吟醸酒] (米: 国産米, 精米: 非公開)
    ✨ [新規SKU抽出] 葵鶴　純米吟醸　涼夏　720ｍl [純米吟醸酒] (米: 国産米, 精米: 非公開)
    ✨ [新規SKU抽出] 三木合戦　純米吟醸 [純米吟醸酒] (米: 国産米, 精米: 非公開)
    ✨ [新規SKU抽出] 純米大吟醸　酒壺　720ｍl [純米大吟醸酒] (米: 国産米, 精米: 非公開)
    ✨ [新規SKU抽出] 純米吟醸　純 1.8Ｌ [純米吟醸酒] (米: 国産米, 精米: 非公開)
    ✨ [新規SKU抽出] 「GIはりま認定酒」兵庫県特A地区山田錦100％の最高級の純米吟醸酒。 [純米吟醸酒] (米: 山田錦, 精米: 非公開)
    ✨ [新規SKU抽出] 純米吟醸　純 [純米吟醸酒] (米: 国産米, 精米: 非公開)
    ✨ [新規SKU抽出] 奥深い味わいの中にもまろやかさが身上の特別純米酒。 [特別純米酒] (米: 国産米, 精米: 非公開)
    ✨ [新規SKU抽出] 兵庫県特A地区山田錦100%の最高の純米酒と芳醇な原酒のセット。 [純米酒] (米: 山田錦, 精米: 00%)
    ✨ [新規SKU抽出] 葵鶴のベストセラー山田錦100%の純米酒2本セット。 [純米酒] (米: 山田錦, 精米: 00%)
    ✨ [新規SKU抽出] 美酒礼讃　純米吟醸　純 [純米吟醸酒] (米: 国産米, 精米: 非公開)
    ✨ [新規SKU抽出] 山田錦を50％精米した最高級の純米吟醸2本セット。 [純米吟醸酒] (米: 山田錦, 精米: 非公開)
    ✨ [新規SKU抽出] 純米吟醸　春うらら [純米吟醸酒] (米: 国産米, 精米: 非公開)
    ✨ [新規SKU抽出] 純米吟醸　寒太郎　生酒 [純米吟醸酒] (米: 国産米, 精米: 非公開)
    ✨ [新規SKU抽出] 純米吟醸　ひやおろし　720ｍl [純米吟醸酒] (米: 国産米, 精米: 非公開)
    ✨ [新規SKU抽出] 季節限定しぼりたて [普通酒] (米: 国産米, 精米: 非公開)
    ✨ [新規SKU抽出] 季節限定しぼりたて 720ｍl [普通酒] (米: 国産米, 精米: 非公開)
  👉 稲見酒造株式会社: 17 件の新規SKUを深層クローリングにより追加登録
[295/1376] 🏭 ID 675: 合名会社岡田本家 (兵庫県) - http://www.okadahonke.jp/
    ✨ [新規SKU抽出] 純米吟醸 夏酒 生原酒 発売しました！ [純米吟醸酒] (米: 国産米, 精米: 非公開)
  👉 合名会社岡田本家: 1 件の新規SKUを深層クローリングにより追加登録
[296/1376] 🏭 ID 676: キング醸造株式会社 (兵庫県) - http://www.hinode-mirin.co.jp/
    ✨ [新規SKU抽出] 日本酒・焼酎・梅酒など [リキュール] (米: 国産米, 精米: 非公開)
    ✨ [新規SKU抽出] リキュール [リキュール] (米: 国産米, 精米: 非公開)
  👉 キング醸造株式会社: 2 件の新規SKUを深層クローリングにより追加登録
[297/1376] 🏭 ID 677: 株式会社日本の古酒蔵 (兵庫県) - https://oldvintage.jp/
    ✨ [新規SKU抽出] 古昔の美酒日本酒・焼酎・梅酒の古酒 [リキュール] (米: 国産米, 精米: 非公開)
    ✨ [新規SKU抽出] ブレンド梅酒『梅響』 [リキュール] (米: 国産米, 精米: 非公開)
    ✨ [新規SKU抽出] 日本酒・焼酎・梅酒の [リキュール] (米: 国産米, 精米: 非公開)
    ✨ [新規SKU抽出] 長期熟成 ブレンド梅酒 『梅響』 [リキュール] (米: 国産米, 精米: 非公開)
    ✨ [新規SKU抽出] ヴィンテージ梅酒 [リキュール] (米: 国産米, 精米: 非公開)
    ✨ [新規SKU抽出] ヴィンテージ焼酎・泡盛 [泡盛] (米: 国産米, 精米: 非公開)
    ✨ [新規SKU抽出] 芋焼酎『2005 天星』＆麦焼酎『2006 瑞鷹』 [本格焼酎] (米: 国産米, 精米: 非公開)
    ✨ [新規SKU抽出] ヴィンテージ泡盛 [泡盛] (米: 国産米, 精米: 非公開)
    ✨ [新規SKU抽出] 検索: 「2008年」の検索結果5件 – 古昔の美酒日本酒・焼酎・梅酒の古酒 [リキュール] (米: 国産米, 精米: 非公開)
    ✨ [新規SKU抽出] 天貴 – 古昔の美酒日本酒・焼酎・梅酒の古酒 [リキュール] (米: 国産米, 精米: 非公開)
    ✨ [新規SKU抽出] 2001年のヴィンテージ酒 – 古昔の美酒日本酒・焼酎・梅酒の古酒 [リキュール] (米: 国産米, 精米: 非公開)
    ✨ [新規SKU抽出] 2003年のヴィンテージ酒 – 古昔の美酒日本酒・焼酎・梅酒の古酒 [リキュール] (米: 国産米, 精米: 非公開)
    ✨ [新規SKU抽出] 黒糖焼酎 [本格焼酎] (米: 国産米, 精米: 非公開)
  👉 株式会社日本の古酒蔵: 13 件の新規SKUを深層クローリングにより追加登録
[298/1376] 🏭 ID 678: 小西酒造株式会社 (兵庫県) - http://www.konishi.co.jp/
    ✨ [新規SKU抽出] 大吟醸酒 [大吟醸酒] (米: 国産米, 精米: 非公開)
    ✨ [新規SKU抽出] 純米吟醸酒 [純米吟醸酒] (米: 国産米, 精米: 非公開)
    ✨ [新規SKU抽出] 純米大吟醸酒 [純米大吟醸酒] (米: 国産米, 精米: 非公開)
    ✨ [新規SKU抽出] 本醸造酒 [本醸造酒] (米: 国産米, 精米: 非公開)
    ✨ [新規SKU抽出] 焼酎・リキュール [リキュール] (米: 国産米, 精米: 非公開)
    ✨ [新規SKU抽出] 超特撰白雪伊丹諸白大吟醸（720㎖） [大吟醸酒] (米: 国産米, 精米: 非公開)
    ✨ [新規SKU抽出] 超特撰 白雪 伊丹諸白 大吟醸 [大吟醸酒] (米: 国産米, 精米: 非公開)
    ✨ [新規SKU抽出] KONISHI 大吟醸ひやしぼり（720㎖） [大吟醸酒] (米: 国産米, 精米: 非公開)
    ✨ [新規SKU抽出] KONISHI 大吟醸ひやしぼり [大吟醸酒] (米: 国産米, 精米: 非公開)
    ✨ [新規SKU抽出] ▶大吟醸ひやしぼり 原料米情報 [大吟醸酒] (米: 国産米, 精米: 非公開)
    ✨ [新規SKU抽出] KONISHI 大吟醸ひやしぼり（300㎖） [大吟醸酒] (米: 国産米, 精米: 非公開)
    ✨ [新規SKU抽出] 白雪 大吟醸生原酒 氷温熟成N [大吟醸酒] (米: 国産米, 精米: 非公開)
    ✨ [新規SKU抽出] 白雪 大吟醸生原酒 [大吟醸酒] (米: 国産米, 精米: 非公開)
    ✨ [新規SKU抽出] 白雪 大吟醸生酒 氷温熟成N [大吟醸酒] (米: 国産米, 精米: 非公開)
    ✨ [新規SKU抽出] 白雪 大吟醸生酒 [大吟醸酒] (米: 国産米, 精米: 非公開)
    ✨ [新規SKU抽出] 白雪 大吟醸 スリムボックスなみなみ3.0L詰 [大吟醸酒] (米: 国産米, 精米: 非公開)
    ✨ [新規SKU抽出] 白雪 大吟醸 [大吟醸酒] (米: 国産米, 精米: 非公開)
    ✨ [新規SKU抽出] 白雪 大吟醸バッグ・イン・ボックス [大吟醸酒] (米: 国産米, 精米: 非公開)
    ✨ [新規SKU抽出] 純米大吟醸ひやしぼり720㎖　300㎖ [純米大吟醸酒] (米: 国産米, 精米: 非公開)
    ✨ [新規SKU抽出] 純米大吟醸ひやしぼり [純米大吟醸酒] (米: 国産米, 精米: 非公開)
    ✨ [新規SKU抽出] 大吟醸ひやしぼり720㎖　300㎖ [大吟醸酒] (米: 国産米, 精米: 非公開)
    ✨ [新規SKU抽出] 大吟醸ひやしぼり [大吟醸酒] (米: 国産米, 精米: 非公開)
    ✨ [新規SKU抽出] 吟醸ひやしぼり720㎖　300㎖ [吟醸酒] (米: 国産米, 精米: 非公開)
    ✨ [新規SKU抽出] 吟醸ひやしぼり [吟醸酒] (米: 国産米, 精米: 非公開)
    ✨ [新規SKU抽出] 純米吟醸ひやしぼり720㎖　300㎖ [純米吟醸酒] (米: 国産米, 精米: 非公開)
    ✨ [新規SKU抽出] 純米吟醸ひやしぼり [純米吟醸酒] (米: 国産米, 精米: 非公開)
    ✨ [新規SKU抽出] 白雪 大吟醸生原酒 氷温熟成 [大吟醸酒] (米: 国産米, 精米: 非公開)
    ✨ [新規SKU抽出] 白雪 大吟醸生酒 氷温熟成 [大吟醸酒] (米: 国産米, 精米: 非公開)
    ✨ [新規SKU抽出] 白雪 純米吟醸酒生原酒 氷温熟成G [純米吟醸酒] (米: 国産米, 精米: 非公開)
    ✨ [新規SKU抽出] 白雪 純米吟醸酒生原酒 [純米吟醸酒] (米: 国産米, 精米: 非公開)
    ✨ [新規SKU抽出] 超特撰 白雪 伊丹諸白 本醸造（1.8ℓ瓶詰） [本醸造酒] (米: 国産米, 精米: 非公開)
    ✨ [新規SKU抽出] 本醸造（1.8ℓ瓶詰） [本醸造酒] (米: 国産米, 精米: 非公開)
    ✨ [新規SKU抽出] 上撰 白雪 純米酒 [純米酒] (米: 国産米, 精米: 非公開)
    ✨ [新規SKU抽出] 白雪 大吟醸 スリムボックス [大吟醸酒] (米: 国産米, 精米: 非公開)
    ✨ [新規SKU抽出] 白雪 大吟醸 バッグ・イン・ボックス [大吟醸酒] (米: 国産米, 精米: 非公開)
  👉 小西酒造株式会社: 35 件の新規SKUを深層クローリングにより追加登録
[299/1376] 🏭 ID 679: 伊丹老松酒造株式会社 (兵庫県) - http://oimatsu.biz/
[300/1376] 🏭 ID 680: 川辺酒造有限会社 (兵庫県) - http://www.hanagoromo.co.jp/
[301/1376] 🏭 ID 681: 岡村酒造場 (兵庫県) - http://www.eonet.ne.jp/~okamura-sake/
    ✨ [新規SKU抽出] ～純米酒「三田壱」in 青野ダム～ [純米酒] (米: 国産米, 精米: 非公開)
    ✨ [新規SKU抽出] 純米酒「三田壱」 [純米酒] (米: 国産米, 精米: 非公開)
  👉 岡村酒造場: 2 件の新規SKUを深層クローリングにより追加登録
[302/1376] 🏭 ID 851: 長沼合名会社 (山形県) - https://www.soumura.com/
    ✨ [新規SKU抽出] 純米吟醸 羽州誉 [純米吟醸酒] (米: 国産米, 精米: 非公開)
    ✨ [新規SKU抽出] 純米吟醸 出羽燦々 [純米吟醸酒] (米: 出羽燦々, 精米: 非公開)
    ✨ [新規SKU抽出] 惣邑 純米酒 出羽の里 [純米酒] (米: 国産米, 精米: 非公開)
    ✨ [新規SKU抽出] 惣邑 純米吟醸 酒未来 [純米吟醸酒] (米: 国産米, 精米: 非公開)
    ✨ [新規SKU抽出] 純米大吟醸 愛山 [純米大吟醸酒] (米: 愛山, 精米: 非公開)
  👉 長沼合名会社: 5 件の新規SKUを深層クローリングにより追加登録
[303/1376] 🏭 ID 855: 寿虎屋酒造株式会社 (山形県) - http://kotobukitoraya.co.jp/
[304/1376] 🏭 ID 856: 鯉川酒造株式会社 (山形県) - https://sake-koikawa.jp/
    ✨ [新規SKU抽出] 公式鯉川酒造 | 山形県の旨辛熟成純米酒 [純米酒] (米: 国産米, 精米: 非公開)
    ✨ [新規SKU抽出] 「燗でも旨い、純米酒」を醸し続けています。 [純米酒] (米: 国産米, 精米: 非公開)
    ✨ [新規SKU抽出] 純米大吟醸米 [純米大吟醸酒] (米: 国産米, 精米: 非公開)
    ✨ [新規SKU抽出] ・純米大吟醸　鯉川　亀の尾　ギフト [純米大吟醸酒] (米: 亀の尾, 精米: 非公開)
    ✨ [新規SKU抽出] ・純米大吟醸　生原酒　阿部亀治 [純米大吟醸酒] (米: 国産米, 精米: 非公開)
    ✨ [新規SKU抽出] ・純米大吟醸　鯉川　亀の尾 [純米大吟醸酒] (米: 亀の尾, 精米: 非公開)
    ✨ [新規SKU抽出] ・純米大吟醸　Beppin　雪女神 [純米大吟醸酒] (米: 国産米, 精米: 非公開)
    ✨ [新規SKU抽出] ・純米大吟醸　若き鯉ヶ龍 [純米大吟醸酒] (米: 国産米, 精米: 非公開)
    ✨ [新規SKU抽出] ・純米大吟醸　甕御前 [純米大吟醸酒] (米: 国産米, 精米: 非公開)
    ✨ [新規SKU抽出] ・純米吟醸　Beppin　DEWA33 [純米吟醸酒] (米: 国産米, 精米: 非公開)
    ✨ [新規SKU抽出] ・純米吟醸　鯉川　美山錦 [純米吟醸酒] (米: 美山錦, 精米: 非公開)
    ✨ [新規SKU抽出] ・純米吟醸　亀治好日 [純米吟醸酒] (米: 国産米, 精米: 非公開)
    ✨ [新規SKU抽出] ・純米吟醸　亀治好日うすにごり　尾瀬ラベル [純米吟醸酒] (米: 国産米, 精米: 非公開)
    ✨ [新規SKU抽出] 純米大吟醸　Beppin　雪女神 | 公式鯉川酒造 [純米大吟醸酒] (米: 国産米, 精米: 非公開)
    ✨ [新規SKU抽出] 純米大吟醸　Beppin　雪女神 [純米大吟醸酒] (米: 国産米, 精米: 非公開)
    ✨ [新規SKU抽出] 山田錦などの大吟醸とは違い、アルコールをそんなに強く感じない味わいです。 [大吟醸酒] (米: 山田錦, 精米: 非公開)
    ✨ [新規SKU抽出] 東北清酒鑑評会の、吟醸酒・純米酒の部それぞれで優等賞 [吟醸酒] (米: 国産米, 精米: 非公開)
    ✨ [新規SKU抽出] 東北清酒鑑評会・吟醸酒の部で優等賞 [吟醸酒] (米: 国産米, 精米: 非公開)
  👉 鯉川酒造株式会社: 18 件の新規SKUを深層クローリングにより追加登録
[308/1376] 🏭 ID 872: 株式会社六歌仙 (山形県) - https://yamagata-rokkasen.co.jp/
    ✨ [新規SKU抽出] 香りを楽しむフルーツリキュール「おめかしリキュール」特設サイト [リキュール] (米: 国産米, 精米: 非公開)
    ✨ [新規SKU抽出] 山法師 蔵囲い夏吟醸生詰 [吟醸酒] (米: 国産米, 精米: 非公開)
    ✨ [新規SKU抽出] 純米吟醸 花ひかり 山酒4号 [純米吟醸酒] (米: 国産米, 精米: 非公開)
    ✨ [新規SKU抽出] 蔵の隠し酒 純米吟醸 kirari生詰 [純米吟醸酒] (米: 国産米, 精米: 非公開)
    ✨ [新規SKU抽出] 山法師 純米大吟醸 雪女神 [純米大吟醸酒] (米: 国産米, 精米: 非公開)
    ✨ [新規SKU抽出] 山法師 大吟醸 雪女神 [大吟醸酒] (米: 国産米, 精米: 非公開)
    ✨ [新規SKU抽出] 山法師 純米吟醸 出羽燦々 [純米吟醸酒] (米: 出羽燦々, 精米: 非公開)
    ✨ [新規SKU抽出] 山法師 純米吟醸 あらばしり生酒 [純米吟醸酒] (米: 国産米, 精米: 非公開)
    ✨ [新規SKU抽出] 山法師 純米吟醸 出羽燦々生酒 [純米吟醸酒] (米: 出羽燦々, 精米: 非公開)
    ✨ [新規SKU抽出] 山法師 純米吟醸 うすにごり生酒 [純米吟醸酒] (米: 国産米, 精米: 非公開)
    ✨ [新規SKU抽出] 山法師 純米吟醸 ひやおろし生詰 [純米吟醸酒] (米: 国産米, 精米: 非公開)
    ✨ [新規SKU抽出] 山法師 純米吟醸 出羽の里 [純米吟醸酒] (米: 国産米, 精米: 非公開)
    ✨ [新規SKU抽出] 山法師 純米吟醸 出羽の里 生酒 [純米吟醸酒] (米: 国産米, 精米: 非公開)
    ✨ [新規SKU抽出] 山法師 純米吟醸 美山錦 [純米吟醸酒] (米: 美山錦, 精米: 非公開)
    ✨ [新規SKU抽出] 山法師 純米吟醸 美山錦 生酒 [純米吟醸酒] (米: 美山錦, 精米: 非公開)
    ✨ [新規SKU抽出] 山法師 純米吟醸 玉苗 [純米吟醸酒] (米: 国産米, 精米: 非公開)
    ✨ [新規SKU抽出] 山法師 純米吟醸 玉苗 生酒 [純米吟醸酒] (米: 国産米, 精米: 非公開)
    ✨ [新規SKU抽出] 山法師 純米吟醸 つや姫 [純米吟醸酒] (米: 国産米, 精米: 非公開)
    ✨ [新規SKU抽出] 山法師 純米吟醸 つや姫 生酒 [純米吟醸酒] (米: 国産米, 精米: 非公開)
    ✨ [新規SKU抽出] 山法師 純米吟醸 生酒 「無限」 [純米吟醸酒] (米: 国産米, 精米: 非公開)
    ✨ [新規SKU抽出] 六歌仙 ふれっ酒生酒吟醸 [吟醸酒] (米: 国産米, 精米: 非公開)
    ✨ [新規SKU抽出] 六歌仙 吟醸酒 酔いの明星 [吟醸酒] (米: 国産米, 精米: 非公開)
    ✨ [新規SKU抽出] 六歌仙 純米にごり酒 [純米酒] (米: 国産米, 精米: 非公開)
    ✨ [新規SKU抽出] 純米吟醸 花ひかり 山酒4号 生酒 [純米吟醸酒] (米: 国産米, 精米: 非公開)
    ✨ [新規SKU抽出] 純米吟醸 花ひかり 山酒4号 秋あがり [純米吟醸酒] (米: 国産米, 精米: 非公開)
    ✨ [新規SKU抽出] 極物 純米吟醸 [純米吟醸酒] (米: 国産米, 精米: 非公開)
    ✨ [新規SKU抽出] 感謝ラベル 純米大吟醸 [純米大吟醸酒] (米: 国産米, 精米: 非公開)
    ✨ [新規SKU抽出] 感謝ラベル 大吟醸 [大吟醸酒] (米: 国産米, 精米: 非公開)
    ✨ [新規SKU抽出] 手間暇 純米大吟醸 雪女神 [純米大吟醸酒] (米: 国産米, 精米: 非公開)
    ✨ [新規SKU抽出] 手間暇 大吟醸 雪女神 [大吟醸酒] (米: 国産米, 精米: 非公開)
    ✨ [新規SKU抽出] 蔵の隠し酒 純米吟醸 gyururi生酒 [純米吟醸酒] (米: 国産米, 精米: 非公開)
    ✨ [新規SKU抽出] 蔵の隠し酒 純米吟醸 sakuri生酒 [純米吟醸酒] (米: 国産米, 精米: 非公開)
    ✨ [新規SKU抽出] 蔵の隠し酒 純米吟醸 sururi生詰 [純米吟醸酒] (米: 国産米, 精米: 非公開)
    ✨ [新規SKU抽出] 六歌仙 純米にごり酒 | やまがたの酒蔵 六歌仙 [純米酒] (米: 国産米, 精米: 非公開)
    ✨ [新規SKU抽出] 山法師 純米吟醸 玉苗 生酒 | やまがたの酒蔵 六歌仙 [純米吟醸酒] (米: 国産米, 精米: 非公開)
    ✨ [新規SKU抽出] 地元高校生が育てた山酒4号（玉苗）を１００％使用した純米吟醸酒です。 [純米吟醸酒] (米: 国産米, 精米: 非公開)
    ✨ [新規SKU抽出] 山法師 純米吟醸 つや姫 生酒 | やまがたの酒蔵 六歌仙 [純米吟醸酒] (米: 国産米, 精米: 非公開)
    ✨ [新規SKU抽出] 山形県産のブランド米「つや姫」を贅沢に使った純米吟醸酒。 [純米吟醸酒] (米: 国産米, 精米: 非公開)
    ✨ [新規SKU抽出] 純米吟醸 花ひかり 山酒4号 | やまがたの酒蔵 六歌仙 [純米吟醸酒] (米: 国産米, 精米: 非公開)
    ✨ [新規SKU抽出] 村山産業高校の生徒さんが育てた山酒4号（玉苗）を１００％使用した純米吟醸酒です。 [純米吟醸酒] (米: 国産米, 精米: 非公開)
    ✨ [新規SKU抽出] 山法師 大吟醸 雪女神 | やまがたの酒蔵 六歌仙 [大吟醸酒] (米: 国産米, 精米: 非公開)
  👉 株式会社六歌仙: 41 件の新規SKUを深層クローリングにより追加登録
[309/1376] 🏭 ID 877: 麓井酒造株式会社 (山形県) - https://www.fumotoi.co.jp
    ✨ [新規SKU抽出] 純米吟醸酒 [純米吟醸酒] (米: 国産米, 精米: 非公開)
    ✨ [新規SKU抽出] 純米大吟醸酒 [純米大吟醸酒] (米: 国産米, 精米: 非公開)
    ✨ [新規SKU抽出] 大吟醸酒 [大吟醸酒] (米: 国産米, 精米: 非公開)
    ✨ [新規SKU抽出] 本醸造酒 [本醸造酒] (米: 国産米, 精米: 非公開)
    ✨ [新規SKU抽出] 大吟醸 圓（まどか）を [大吟醸酒] (米: 国産米, 精米: 非公開)
    ✨ [新規SKU抽出] 麓井 きもと純米酒 はえぬき [純米酒] (米: 国産米, 精米: 非公開)
    ✨ [新規SKU抽出] フモトヰ 純米酒 Trad & Current [純米酒] (米: 国産米, 精米: 非公開)
    ✨ [新規SKU抽出] 麓井 きもと純米原酒 はえぬきひやおろし [純米酒] (米: 国産米, 精米: 非公開)
    ✨ [新規SKU抽出] 麓井の圓 きもと純米本辛 生原酒 [純米酒] (米: 国産米, 精米: 非公開)
    ✨ [新規SKU抽出] 麓井 冷用吟醸酒 吟風 [吟醸酒] (米: 国産米, 精米: 非公開)
    ✨ [新規SKU抽出] 麓井の圓 吟醸 [吟醸酒] (米: 国産米, 精米: 非公開)
    ✨ [新規SKU抽出] フモトヰ 吟醸秋あがり [吟醸酒] (米: 国産米, 精米: 非公開)
    ✨ [新規SKU抽出] 麓井の圓 大吟醸 斗瓶囲ひ [大吟醸酒] (米: 国産米, 精米: 非公開)
    ✨ [新規SKU抽出] 麓井の圓 大吟醸（生） [大吟醸酒] (米: 国産米, 精米: 非公開)
    ✨ [新規SKU抽出] 麓井の圓 大吟醸 2本セット [大吟醸酒] (米: 国産米, 精米: 非公開)
    ✨ [新規SKU抽出] 麓井の圓 大吟醸・きもと純米本辛セット [大吟醸酒] (米: 国産米, 精米: 非公開)
    ✨ [新規SKU抽出] 麓井の圓 大吟醸・フモトヰ 純大吟山田錦セット [大吟醸酒] (米: 山田錦, 精米: 非公開)
    ✨ [新規SKU抽出] 麓井の圓 大吟醸・フモトヰ 純大吟雪女神セット [大吟醸酒] (米: 国産米, 精米: 非公開)
    ✨ [新規SKU抽出] 吟醸粕 500g [吟醸酒] (米: 国産米, 精米: 非公開)
  👉 麓井酒造株式会社: 19 件の新規SKUを深層クローリングにより追加登録
[310/1376] 🏭 ID 880: 株式会社中沖酒造店 (山形県) - https://uyo-ikkon.co.jp/
    ✨ [新規SKU抽出] 純米大吟醸 夜游 | 中沖酒造店 [純米大吟醸酒] (米: 国産米, 精米: 非公開)
    ✨ [新規SKU抽出] 純米大吟醸 夜游 [純米大吟醸酒] (米: 国産米, 精米: 非公開)
    ✨ [新規SKU抽出] 純米大吟醸　夜游 [純米大吟醸酒] (米: 国産米, 精米: 非公開)
    ✨ [新規SKU抽出] 羽陽一献 純米吟醸 Dahlia limited [純米吟醸酒] (米: 国産米, 精米: 非公開)
    ✨ [新規SKU抽出] 羽陽一献　スパークリング [普通酒] (米: 国産米, 精米: 非公開)
    ✨ [新規SKU抽出] 純米大吟醸 醸心 出羽燦々＋純米大吟醸 夜游 [純米大吟醸酒] (米: 出羽燦々, 精米: 非公開)
    ✨ [新規SKU抽出] 純米大吟醸 醸心 出羽燦々 [純米大吟醸酒] (米: 出羽燦々, 精米: 非公開)
    ✨ [新規SKU抽出] 純米吟醸 夜游  720㎖ 詰合せ [純米吟醸酒] (米: 国産米, 精米: 非公開)
    ✨ [新規SKU抽出] 純米大吟醸 夜游＋純米 羽陽一献 出羽の里 720㎖ 詰合せ [純米大吟醸酒] (米: 国産米, 精米: 非公開)
    ✨ [新規SKU抽出] 純米吟醸 夜游 [純米吟醸酒] (米: 国産米, 精米: 非公開)
    ✨ [新規SKU抽出] 純米大吟醸  醸心 雪女神＋純米大吟醸 夜游 720㎖ 詰合せ [純米大吟醸酒] (米: 国産米, 精米: 非公開)
    ✨ [新規SKU抽出] 純米大吟醸  醸心 雪女神 [純米大吟醸酒] (米: 国産米, 精米: 非公開)
    ✨ [新規SKU抽出] 純米大吟醸  醸心 雪女神＋純米大吟醸  醸心 出羽燦々 720㎖ 詰合せ [純米大吟醸酒] (米: 出羽燦々, 精米: 非公開)
    ✨ [新規SKU抽出] 純米大吟醸 醸心 雪女神 [純米大吟醸酒] (米: 国産米, 精米: 非公開)
    ✨ [新規SKU抽出] 純米大吟醸 醸心 出羽燦々 720㎖ 詰合せ [純米大吟醸酒] (米: 出羽燦々, 精米: 非公開)
    ✨ [新規SKU抽出] 純米大吟醸 醸心 出羽燦々＋純米大吟醸 夜游 | 中沖酒造店 [純米大吟醸酒] (米: 出羽燦々, 精米: 非公開)
    ✨ [新規SKU抽出] 山形県産酒造好適米「出羽燦々」を使用した純米大吟醸のセットです。 [純米大吟醸酒] (米: 出羽燦々, 精米: 非公開)
    ✨ [新規SKU抽出] 〈純米吟醸 夜游〉 [純米吟醸酒] (米: 国産米, 精米: 非公開)
    ✨ [新規SKU抽出] 純米大吟醸 羽陽一献 Dahlia limited| 中沖酒造店 [純米大吟醸酒] (米: 国産米, 精米: 非公開)
    ✨ [新規SKU抽出] 純米大吟醸 羽陽一献 Dahlia limited [純米大吟醸酒] (米: 国産米, 精米: 非公開)
  👉 株式会社中沖酒造店: 20 件の新規SKUを深層クローリングにより追加登録
[311/1376] 🏭 ID 882: 楯の川酒造株式会社 (山形県) - http://www.tatenokawa.com/
    ✨ [新規SKU抽出] SAKE COMPETITION 2014　純米大吟醸部門　上位入賞 [純米大吟醸酒] (米: 国産米, 精米: 非公開)
  👉 楯の川酒造株式会社: 1 件の新規SKUを深層クローリングにより追加登録
[312/1376] 🏭 ID 885: 加藤嘉八郎酒造株式会社 (山形県) - https://www.oyamasake.co.jp/
[313/1376] 🏭 ID 887: 株式会社設楽酒造店 (山形県) - https://www.shitara-syuzou.com
    ✨ [新規SKU抽出] 斗瓶囲い　純米大吟醸 [純米大吟醸酒] (米: 国産米, 精米: 非公開)
    ✨ [新規SKU抽出] 銀嶺月山　大吟醸 [大吟醸酒] (米: 国産米, 精米: 非公開)
    ✨ [新規SKU抽出] 銀嶺月山　純米大吟醸　山田錦 [純米大吟醸酒] (米: 山田錦, 精米: 非公開)
    ✨ [新規SKU抽出] 銀嶺月山　純米大吟醸　限定醸造 [純米大吟醸酒] (米: 国産米, 精米: 非公開)
    ✨ [新規SKU抽出] 銀嶺月山　大吟醸青ラベル [大吟醸酒] (米: 国産米, 精米: 非公開)
    ✨ [新規SKU抽出] 銀嶺月山　純米酒 [純米酒] (米: 国産米, 精米: 非公開)
    ✨ [新規SKU抽出] 銀嶺月山　本醸造 [本醸造酒] (米: 国産米, 精米: 非公開)
  👉 株式会社設楽酒造店: 7 件の新規SKUを深層クローリングにより追加登録
[314/1376] 🏭 ID 892: 和田酒造合資会社 (山形県) - https://aratama-wada.com/
    ✨ [新規SKU抽出] 純米大吟醸酒 [純米大吟醸酒] (米: 国産米, 精米: 非公開)
    ✨ [新規SKU抽出] 大吟醸酒 [大吟醸酒] (米: 国産米, 精米: 非公開)
    ✨ [新規SKU抽出] 純米吟醸酒 [純米吟醸酒] (米: 国産米, 精米: 非公開)
    ✨ [新規SKU抽出] 本醸造酒 [本醸造酒] (米: 国産米, 精米: 非公開)
    ✨ [新規SKU抽出] スパークリング日本酒 [普通酒] (米: 国産米, 精米: 非公開)
    ✨ [新規SKU抽出] リキュール [リキュール] (米: 国産米, 精米: 非公開)
    ✨ [新規SKU抽出] しずく採り原酒　大吟醸　名刀　月山丸 [大吟醸酒] (米: 国産米, 精米: 非公開)
    ✨ [新規SKU抽出] 純米吟醸直汲み生原酒 Prototype [純米吟醸酒] (米: 国産米, 精米: 非公開)
    ✨ [新規SKU抽出] 直汲み生原酒 大吟醸 名刀 月山丸 [大吟醸酒] (米: 国産米, 精米: 非公開)
    ✨ [新規SKU抽出] しぼりたて生酒発売中 [普通酒] (米: 国産米, 精米: 非公開)
    ✨ [新規SKU抽出] 改良信交 特別純米生原酒 あら玉 [特別純米酒] (米: 国産米, 精米: 非公開)
    ✨ [新規SKU抽出] 蔵人渾身の大吟醸 [大吟醸酒] (米: 国産米, 精米: 非公開)
    ✨ [新規SKU抽出] 大吟醸 名刀月山丸 [大吟醸酒] (米: 国産米, 精米: 非公開)
    ✨ [新規SKU抽出] 純米大吟醸 改良信交 [純米大吟醸酒] (米: 国産米, 精米: 非公開)
    ✨ [新規SKU抽出] 出羽燦々 純米吟醸 [純米吟醸酒] (米: 出羽燦々, 精米: 非公開)
    ✨ [新規SKU抽出] 雪若丸 純米吟醸 [純米吟醸酒] (米: 国産米, 精米: 非公開)
    ✨ [新規SKU抽出] 出羽の里 特別純米 [特別純米酒] (米: 国産米, 精米: 非公開)
    ✨ [新規SKU抽出] 純米大吟醸 改良信交 あら玉 [純米大吟醸酒] (米: 国産米, 精米: 非公開)
    ✨ [新規SKU抽出] 出羽燦々 純米吟醸 あら玉 [純米吟醸酒] (米: 出羽燦々, 精米: 非公開)
    ✨ [新規SKU抽出] 雪若丸 純米吟醸 あら玉 [純米吟醸酒] (米: 国産米, 精米: 非公開)
    ✨ [新規SKU抽出] 出羽の里 特別純米 あら玉 [特別純米酒] (米: 国産米, 精米: 非公開)
    ✨ [新規SKU抽出] 大吟醸 名刀 月山丸｜和田酒造 [大吟醸酒] (米: 国産米, 精米: 非公開)
    ✨ [新規SKU抽出] 令和元年 東北清酒鑑評会 吟醸酒の部 最優秀賞 [吟醸酒] (米: 国産米, 精米: 非公開)
    ✨ [新規SKU抽出] 2019年度 秋季全国酒類コンクール大吟醸部門 第1位特別優秀賞 [大吟醸酒] (米: 国産米, 精米: 非公開)
    ✨ [新規SKU抽出] 令和3年 東北清酒鑑評会 吟醸酒の部 評価員特別賞 [吟醸酒] (米: 国産米, 精米: 非公開)
    ✨ [新規SKU抽出] 純米吟醸　あら玉　夏のうすにごり　生酒｜和田酒造 [純米吟醸酒] (米: 国産米, 精米: 非公開)
    ✨ [新規SKU抽出] 純米吟醸　あら玉　夏のうすにごり　生酒 [純米吟醸酒] (米: 国産米, 精米: 非公開)
    ✨ [新規SKU抽出] 純米大吟醸酒｜和田酒造 [純米大吟醸酒] (米: 国産米, 精米: 非公開)
    ✨ [新規SKU抽出] スパークリング日本酒｜和田酒造 [普通酒] (米: 国産米, 精米: 非公開)
    ✨ [新規SKU抽出] 改良信交 純米生原酒　あら玉｜和田酒造 [純米酒] (米: 国産米, 精米: 非公開)
    ✨ [新規SKU抽出] 改良信交 純米生原酒　あら玉 [純米酒] (米: 国産米, 精米: 非公開)
  👉 和田酒造合資会社: 31 件の新規SKUを深層クローリングにより追加登録
[315/1376] 🏭 ID 895: 出羽桜酒造株式会社 (山形県) - https://www.dewazakura.co.jp/
    ✨ [新規SKU抽出] 吟醸を世界の言葉に [吟醸酒] (米: 国産米, 精米: 非公開)
    ✨ [新規SKU抽出] 純米酒大賞 [純米酒] (米: 国産米, 精米: 非公開)
    ✨ [新規SKU抽出] 他の酒の犠牲の上に立った吟醸酒でないこと [吟醸酒] (米: 国産米, 精米: 非公開)
    ✨ [新規SKU抽出] 吟醸酒だけを良くするのではなく、スタンダードレベルの酒も圧倒的に良くしています。 [吟醸酒] (米: 国産米, 精米: 非公開)
    ✨ [新規SKU抽出] リキュール [リキュール] (米: 国産米, 精米: 非公開)
    ✨ [新規SKU抽出] 2017年　純米酒大賞　最高金賞 [純米酒] (米: 国産米, 精米: 非公開)
    ✨ [新規SKU抽出] 2011年　純米酒大賞　最高金賞 [純米酒] (米: 国産米, 精米: 非公開)
    ✨ [新規SKU抽出] スパークリング [普通酒] (米: 国産米, 精米: 非公開)
    ✨ [新規SKU抽出] 古酒（本醸造酒） [本醸造酒] (米: 国産米, 精米: 非公開)
  👉 出羽桜酒造株式会社: 9 件の新規SKUを深層クローリングにより追加登録
[316/1376] 🏭 ID 896: 東北銘醸株式会社 (山形県) - https://www.hatsumago.co.jp/
[317/1376] 🏭 ID 931: 旭菊酒造 株式会社 (福岡県) - http://www.asahikiku.jp/
    ✨ [新規SKU抽出] 純米酒を中心に当蔵の主な商品を紹介します。 [純米酒] (米: 国産米, 精米: 非公開)
  👉 旭菊酒造 株式会社: 1 件の新規SKUを深層クローリングにより追加登録
[318/1376] 🏭 ID 932: 旭松酒造 株式会社 (福岡県) - http://www.asahimatsusyuzou.co.jp/
[319/1376] 🏭 ID 933: 池亀酒造 株式会社 (福岡県) - https://ikekame.com
    ✨ [新規SKU抽出] リキュール [リキュール] (米: 国産米, 精米: 非公開)
    ✨ [新規SKU抽出] 池亀の心 吟醸酒 [吟醸酒] (米: 国産米, 精米: 非公開)
    ✨ [新規SKU抽出] 雫搾り大吟醸 [大吟醸酒] (米: 国産米, 精米: 非公開)
    ✨ [新規SKU抽出] 醸すは「黒麹」 純米吟醸 [純米吟醸酒] (米: 国産米, 精米: 非公開)
    ✨ [新規SKU抽出] 黒麹で醸した、めずらしい純米吟醸「 [純米吟醸酒] (米: 国産米, 精米: 非公開)
    ✨ [新規SKU抽出] 凛、きりり 純米酒 [純米酒] (米: 国産米, 精米: 非公開)
    ✨ [新規SKU抽出] 明治時代の純米酒を復刻した懐かしい味わいの「 [純米酒] (米: 国産米, 精米: 非公開)
    ✨ [新規SKU抽出] 亀印　特別純米酒 [特別純米酒] (米: 国産米, 精米: 非公開)
    ✨ [新規SKU抽出] 筑後平野や耳納山のごときどっしりとした味わいの常圧式大麦焼酎「 [本格焼酎] (米: 国産米, 精米: 非公開)
    ✨ [新規SKU抽出] 」などの米焼酎シリーズがあります。 [本格焼酎] (米: 国産米, 精米: 非公開)
    ✨ [新規SKU抽出] めずらしきかな リキュール [リキュール] (米: 国産米, 精米: 非公開)
    ✨ [新規SKU抽出] ゼリー梅酒 [リキュール] (米: 国産米, 精米: 非公開)
    ✨ [新規SKU抽出] 吟醸酒 ｜  池亀酒造 – 時代に寄り添う酒造り（福岡・久留米・城島の酒蔵） [吟醸酒] (米: 国産米, 精米: 非公開)
    ✨ [新規SKU抽出] 池亀 大吟醸雫搾り [大吟醸酒] (米: 国産米, 精米: 非公開)
    ✨ [新規SKU抽出] 頑なに貫いた大吟醸「池亀」。搾ってすぐに瓶燗・低温貯蔵 [大吟醸酒] (米: 国産米, 精米: 非公開)
    ✨ [新規SKU抽出] することにより、上品で凛とした吟醸香を纏った、 [吟醸酒] (米: 国産米, 精米: 非公開)
    ✨ [新規SKU抽出] 口に含むと、果実を思わせる成熟味も現れる大吟醸です。 [大吟醸酒] (米: 国産米, 精米: 非公開)
    ✨ [新規SKU抽出] 池亀 大吟醸 [大吟醸酒] (米: 国産米, 精米: 非公開)
    ✨ [新規SKU抽出] 池亀の大吟醸は、どれも雫搾りを受け継いでいます。 [大吟醸酒] (米: 国産米, 精米: 非公開)
    ✨ [新規SKU抽出] 独特の華やかな吟醸香を纏い、芳醇な米の旨みがある、 [吟醸酒] (米: 国産米, 精米: 非公開)
    ✨ [新規SKU抽出] 飽きさせぬ味わいの大吟醸。一滴、一滴のしたたりを、 [大吟醸酒] (米: 国産米, 精米: 非公開)
    ✨ [新規SKU抽出] 池亀 吟醸酒 [吟醸酒] (米: 国産米, 精米: 非公開)
    ✨ [新規SKU抽出] さわやかな吟醸香、清らかな水のように [吟醸酒] (米: 国産米, 精米: 非公開)
    ✨ [新規SKU抽出] さらさら飲める辛口の吟醸酒。 [吟醸酒] (米: 国産米, 精米: 非公開)
    ✨ [新規SKU抽出] 雫搾りを受け継ぐ、池亀の大吟醸 [大吟醸酒] (米: 国産米, 精米: 非公開)
    ✨ [新規SKU抽出] これが大吟醸の原酒となります。 [大吟醸酒] (米: 国産米, 精米: 非公開)
    ✨ [新規SKU抽出] 果実を思わせる豊かな吟醸香、繊細な中に潜む [吟醸酒] (米: 国産米, 精米: 非公開)
    ✨ [新規SKU抽出] ｜ 吟醸酒 ｜ [吟醸酒] (米: 国産米, 精米: 非公開)
    ✨ [新規SKU抽出] 清酒、焼酎、リキュール、その他食品等 [リキュール] (米: 国産米, 精米: 非公開)
    ✨ [新規SKU抽出] 梅酒ロゼ・黒兜ROSE　好評発売中 ‼ [リキュール] (米: 国産米, 精米: 非公開)
    ✨ [新規SKU抽出] 純米酒 ｜  池亀酒造 – 時代に寄り添う酒造り（福岡・久留米・城島の酒蔵） [純米酒] (米: 国産米, 精米: 非公開)
    ✨ [新規SKU抽出] 明治時代の純米酒の味わいを再現した限定醸造酒です。 [純米酒] (米: 国産米, 精米: 非公開)
    ✨ [新規SKU抽出] 特別純米酒 池亀 [特別純米酒] (米: 国産米, 精米: 非公開)
    ✨ [新規SKU抽出] 福岡県産米「夢一献」を使用した、特別純米酒です。 [特別純米酒] (米: 国産米, 精米: 非公開)
    ✨ [新規SKU抽出] 池亀の純米酒は、時にはワイングラスで。 [純米酒] (米: 国産米, 精米: 非公開)
    ✨ [新規SKU抽出] ｜ 純米酒 ｜ [純米酒] (米: 国産米, 精米: 非公開)
    ✨ [新規SKU抽出] 砂糖・米焼酎 [本格焼酎] (米: 国産米, 精米: 非公開)
    ✨ [新規SKU抽出] 高精白の丸米を使用し、まるで吟醸酒を造るように [吟醸酒] (米: 国産米, 精米: 非公開)
    ✨ [新規SKU抽出] 丁寧に手間をかけて仕込んだ米焼酎。 [本格焼酎] (米: 国産米, 精米: 非公開)
    ✨ [新規SKU抽出] 味噌・醤油の煮込み料理や、野菜料理との相性がいい米焼酎です。 [本格焼酎] (米: 国産米, 精米: 非公開)
    ✨ [新規SKU抽出] 吟香米焼酎 流石 [本格焼酎] (米: 国産米, 精米: 非公開)
    ✨ [新規SKU抽出] 独自の低温減圧製法で、吟醸酒の酒粕を原料に仕込んだ、 [吟醸酒] (米: 国産米, 精米: 非公開)
    ✨ [新規SKU抽出] 今までに例をみない「限定米焼酎」です。 [本格焼酎] (米: 国産米, 精米: 非公開)
    ✨ [新規SKU抽出] 熟成したまろやかさがクセになる米焼酎で、 [本格焼酎] (米: 国産米, 精米: 非公開)
    ✨ [新規SKU抽出] 吟香米焼酎 流石 原酒 [本格焼酎] (米: 国産米, 精米: 非公開)
    ✨ [新規SKU抽出] 吟醸酒の酒粕で仕込んだ「流石」の貴重な原酒で、 [吟醸酒] (米: 国産米, 精米: 非公開)
    ✨ [新規SKU抽出] 辛みを持ち合わせた米焼酎。冷凍庫で凍らせて [本格焼酎] (米: 国産米, 精米: 非公開)
    ✨ [新規SKU抽出] 山や平野のごとき麦焼酎 川のごとき米焼酎 [本格焼酎] (米: 国産米, 精米: 非公開)
    ✨ [新規SKU抽出] 酒造りをしています。麦焼酎は山や平野のように [本格焼酎] (米: 国産米, 精米: 非公開)
    ✨ [新規SKU抽出] どっしりとした麦焼酎、川の流れのように凛として [本格焼酎] (米: 国産米, 精米: 非公開)
    ✨ [新規SKU抽出] すっきりとした米焼酎。その違いも、ぜひお楽しみ下さい。 [本格焼酎] (米: 国産米, 精米: 非公開)
    ✨ [新規SKU抽出] 純米吟醸「黒兜」、そして米焼酎「流石」の [純米吟醸酒] (米: 国産米, 精米: 非公開)
    ✨ [新規SKU抽出] 酒造りの技で仕込んだくだものリキュール [リキュール] (米: 国産米, 精米: 非公開)
  👉 池亀酒造 株式会社: 53 件の新規SKUを深層クローリングにより追加登録
[320/1376] 🏭 ID 935: 石蔵酒造 株式会社 (福岡県) - http://www.ishikura-shuzou.co.jp/
    ✨ [新規SKU抽出] [写真]純米大吟醸 百年蔵 [純米大吟醸酒] (米: 国産米, 精米: 非公開)
    ✨ [新規SKU抽出] 純米大吟醸 百年蔵 [純米大吟醸酒] (米: 国産米, 精米: 非公開)
    ✨ [新規SKU抽出] 酒造好適米の山田錦を贅沢に使い、長期低温発酵で醸造した純米大吟醸酒です。 [純米大吟醸酒] (米: 山田錦, 精米: 非公開)
    ✨ [新規SKU抽出] 大吟醸酒ならではの高い香りと、純米酒ならでは豊かな風味をお楽しみいただけます。 [大吟醸酒] (米: 国産米, 精米: 非公開)
    ✨ [新規SKU抽出] 2023 純米大吟醸酒の部　福岡県知事賞 [純米大吟醸酒] (米: 国産米, 精米: 非公開)
    ✨ [新規SKU抽出] 2024-2025 純米大吟醸酒の部　金賞 [純米大吟醸酒] (米: 国産米, 精米: 非公開)
    ✨ [新規SKU抽出] 純米大吟醸酒部門　金賞 [純米大吟醸酒] (米: 国産米, 精米: 非公開)
    ✨ [新規SKU抽出] [写真]吟醸 如水 [吟醸酒] (米: 国産米, 精米: 非公開)
    ✨ [新規SKU抽出] 吟醸 如水 [吟醸酒] (米: 国産米, 精米: 非公開)
    ✨ [新規SKU抽出] 酒米として山田錦と夢一献を使い、低温発酵で丁寧に醸造した吟醸酒です。 [吟醸酒] (米: 山田錦, 精米: 非公開)
    ✨ [新規SKU抽出] 2022-2025 吟醸酒･本醸造酒の部　金賞 [吟醸酒] (米: 国産米, 精米: 非公開)
    ✨ [新規SKU抽出] [写真]大吟醸 百年蔵40 [大吟醸酒] (米: 国産米, 精米: 非公開)
    ✨ [新規SKU抽出] 大吟醸 百年蔵40 [大吟醸酒] (米: 国産米, 精米: 非公開)
    ✨ [新規SKU抽出] 2024 プレミアム大吟醸部門　金賞 [大吟醸酒] (米: 国産米, 精米: 非公開)
    ✨ [新規SKU抽出] [写真]純米吟醸 百年蔵 F44 [純米吟醸酒] (米: 国産米, 精米: 非公開)
    ✨ [新規SKU抽出] 純米吟醸 百年蔵 F44 [純米吟醸酒] (米: 国産米, 精米: 非公開)
    ✨ [新規SKU抽出] 2021-2025 純米酒部門　5年連続金賞 [純米酒] (米: 国産米, 精米: 非公開)
    ✨ [新規SKU抽出] 2023-2025 純米吟醸酒･純米酒の部　金賞 [純米吟醸酒] (米: 国産米, 精米: 非公開)
    ✨ [新規SKU抽出] [写真]しぼりたて純米酒 [純米酒] (米: 国産米, 精米: 非公開)
    ✨ [新規SKU抽出] しぼりたて純米酒 [純米酒] (米: 国産米, 精米: 非公開)
    ✨ [新規SKU抽出] しぼりたて生酒ならではのフレッシュな味わいをお楽しみいただける人気商品です。 [普通酒] (米: 国産米, 精米: 非公開)
    ✨ [新規SKU抽出] [写真]スパークリング清酒 あわゆら [普通酒] (米: 国産米, 精米: 非公開)
    ✨ [新規SKU抽出] 2024 スパークリングSAKE部門 [普通酒] (米: 国産米, 精米: 非公開)
    ✨ [新規SKU抽出] [写真]博多スパークリング あまおう [普通酒] (米: 国産米, 精米: 非公開)
    ✨ [新規SKU抽出] 博多スパークリング あまおう [普通酒] (米: 国産米, 精米: 非公開)
    ✨ [新規SKU抽出] 福岡県特産の苺「博多あまおう」を贅沢に使ったスパークリング・リキュールです。 [リキュール] (米: 国産米, 精米: 非公開)
    ✨ [新規SKU抽出] [写真]日本酒仕込みの梅酒 [リキュール] (米: 国産米, 精米: 非公開)
    ✨ [新規SKU抽出] 日本酒仕込みの梅酒 [リキュール] (米: 国産米, 精米: 非公開)
    ✨ [新規SKU抽出] 日本酒を使って仕込んだ梅酒です。 [リキュール] (米: 国産米, 精米: 非公開)
    ✨ [新規SKU抽出] ★Kura Master 梅酒コンクール [リキュール] (米: 国産米, 精米: 非公開)
  👉 石蔵酒造 株式会社: 30 件の新規SKUを深層クローリングにより追加登録
[321/1376] 🏭 ID 936: 株式会社 伊豆本店 (福岡県) - https://www.kubara.jp/izuhonten
[323/1376] 🏭 ID 939: 大賀酒造 株式会社 (福岡県) - http://www.ogashuzo.com/
    ✨ [新規SKU抽出] 「大賀純米吟醸13 爽-sou-」発売のお知らせ ※4月28... [純米吟醸酒] (米: 国産米, 精米: 非公開)
    ✨ [新規SKU抽出] リキュール [リキュール] (米: 国産米, 精米: 非公開)
    ✨ [新規SKU抽出] 大賀 純米吟醸13 爽-sou- [純米吟醸酒] (米: 国産米, 精米: 非公開)
    ✨ [新規SKU抽出] 大賀純米吟醸 うすにごり [純米吟醸酒] (米: 国産米, 精米: 非公開)
    ✨ [新規SKU抽出] 搾ってすぐ詰めた無濾過のうすにごり酒。盃の進む爽やかな味わい。一度火。 [普通酒] (米: 国産米, 精米: 非公開)
    ✨ [新規SKU抽出] 雫搾り大吟醸「筑紫野」原酒 [大吟醸酒] (米: 国産米, 精米: 非公開)
    ✨ [新規SKU抽出] 大吟醸「筑紫野」 [大吟醸酒] (米: 国産米, 精米: 非公開)
    ✨ [新規SKU抽出] 「菅公の酒」純米大吟醸 [純米大吟醸酒] (米: 国産米, 精米: 非公開)
    ✨ [新規SKU抽出] 「玉出泉」純米大吟醸 [純米大吟醸酒] (米: 国産米, 精米: 非公開)
    ✨ [新規SKU抽出] 半分に精米した夢一献を使い丁寧に醸した純米大吟醸。 [純米大吟醸酒] (米: 国産米, 精米: 非公開)
    ✨ [新規SKU抽出] 「玉出泉」純米吟醸 [純米吟醸酒] (米: 国産米, 精米: 非公開)
    ✨ [新規SKU抽出] 「玉出泉」純米酒 [純米酒] (米: 国産米, 精米: 非公開)
    ✨ [新規SKU抽出] 純米酒 ゆめほたる [純米酒] (米: 国産米, 精米: 非公開)
    ✨ [新規SKU抽出] 玉出泉 純米吟醸新酒 [純米吟醸酒] (米: 国産米, 精米: 非公開)
    ✨ [新規SKU抽出] 搾りたての純米吟醸。一度火。
綺麗な吟醸香と旨味ある飲み口。
※季節限定品 [純米吟醸酒] (米: 国産米, 精米: 非公開)
    ✨ [新規SKU抽出] 玉出泉 純米吟醸ひやおろし [純米吟醸酒] (米: 国産米, 精米: 非公開)
    ✨ [新規SKU抽出] しぼりたて生酒 [普通酒] (米: 国産米, 精米: 非公開)
    ✨ [新規SKU抽出] 大賀純米大吟醸３８ [純米大吟醸酒] (米: 国産米, 精米: 非公開)
    ✨ [新規SKU抽出] 上品な香り、上品な味わい、優しい飲み口。品質にこだわりぬいた最高級の純米大吟醸。 [純米大吟醸酒] (米: 国産米, 精米: 非公開)
    ✨ [新規SKU抽出] 大賀純米大吟醸50 [純米大吟醸酒] (米: 国産米, 精米: 非公開)
    ✨ [新規SKU抽出] 大賀純米吟醸 [純米吟醸酒] (米: 国産米, 精米: 非公開)
    ✨ [新規SKU抽出] 大賀純米酒 [純米酒] (米: 国産米, 精米: 非公開)
    ✨ [新規SKU抽出] 山田錦の旨味が凝縮された味わい豊かな純米酒。 [純米酒] (米: 山田錦, 精米: 非公開)
    ✨ [新規SKU抽出] 大賀純米吟醸朝日米 [純米吟醸酒] (米: 国産米, 精米: 非公開)
    ✨ [新規SKU抽出] 大賀純米吟醸 TypeF [純米吟醸酒] (米: 国産米, 精米: 非公開)
    ✨ [新規SKU抽出] 大賀 純米吟醸新酒 [純米吟醸酒] (米: 国産米, 精米: 非公開)
    ✨ [新規SKU抽出] 大賀純米吟醸 ひやおろし [純米吟醸酒] (米: 国産米, 精米: 非公開)
    ✨ [新規SKU抽出] 大吟醸長期熟成酒「筑紫野」 [大吟醸酒] (米: 国産米, 精米: 非公開)
    ✨ [新規SKU抽出] 光が差し込まず、温度変化の少ない土蔵で長期間寝かせた大吟醸。 [大吟醸酒] (米: 国産米, 精米: 非公開)
    ✨ [新規SKU抽出] 雫搾りの大吟醸。 [大吟醸酒] (米: 国産米, 精米: 非公開)
    ✨ [新規SKU抽出] 搾りたての純米吟醸。一度火。 [純米吟醸酒] (米: 国産米, 精米: 非公開)
    ✨ [新規SKU抽出] 綺麗な吟醸香と旨味ある飲み口。 [吟醸酒] (米: 国産米, 精米: 非公開)
  👉 大賀酒造 株式会社: 32 件の新規SKUを深層クローリングにより追加登録
[324/1376] 🏭 ID 940: 大里酒造 株式会社 (福岡県) - http://www.kurodabusi.com/
    ✨ [新規SKU抽出] この度、「黒田武士 大吟醸酒」が [大吟醸酒] (米: 国産米, 精米: 非公開)
    ✨ [新規SKU抽出] IWC2026 SAKE部門 大吟醸の部にて、“GOLD”を受賞いたしました。 [大吟醸酒] (米: 国産米, 精米: 非公開)
    ✨ [新規SKU抽出] ぜひ、受賞酒「黒田武士 大吟醸」をお楽しみ下さい。 [大吟醸酒] (米: 国産米, 精米: 非公開)
    ✨ [新規SKU抽出] 🌸🎉にごり酒の新酒、できました！🎉🌸 [普通酒] (米: 国産米, 精米: 非公開)
    ✨ [新規SKU抽出] 大里酒造の毎年大人気酒、にごり酒の新酒ができましたーーーー！！！！🎉🎉✨💬 [普通酒] (米: 国産米, 精米: 非公開)
    ✨ [新規SKU抽出] にごり酒の新酒 [普通酒] (米: 国産米, 精米: 非公開)
    ✨ [新規SKU抽出] 30年以上前から地元嘉麻で愛されるにごり酒は、超甘口で超ミルキー。 [普通酒] (米: 国産米, 精米: 非公開)
    ✨ [新規SKU抽出] 🍶🌸秋の純米酒🌸🍶 [純米酒] (米: 国産米, 精米: 非公開)
    ✨ [新規SKU抽出] 大里酒造から、秋限定純米酒秋純、発売解禁です🌸🍶 [純米酒] (米: 国産米, 精米: 非公開)
    ✨ [新規SKU抽出] 秋の純米酒 [純米酒] (米: 国産米, 精米: 非公開)
    ✨ [新規SKU抽出] 秋のお酒の風物詩『ひやおろし』です。🌸 [普通酒] (米: 国産米, 精米: 非公開)
    ✨ [新規SKU抽出] この『ひやおろし』とは、春先に搾ったお酒を夏の間熟成し、秋に出荷するお酒のことです。 [普通酒] (米: 国産米, 精米: 非公開)
  👉 大里酒造 株式会社: 12 件の新規SKUを深層クローリングにより追加登録
[325/1376] 🏭 ID 941: 翁酒造 株式会社 (福岡県) - http://okinashuzou.jp/
[326/1376] 🏭 ID 942: 片岡酒造場 (福岡県) - http://www.k4.dion.ne.jp/~kataoka/
[327/1376] 🏭 ID 943: 勝屋酒造 合名会社 (福岡県) - http://www.katsuyashuzo.com
    ✨ [新規SKU抽出] 純米大吟醸 麓寿泉(しずく酒) [純米大吟醸酒] (米: 国産米, 精米: 非公開)
    ✨ [新規SKU抽出] 純米吟醸酒 沖ノ島 [純米吟醸酒] (米: 国産米, 精米: 非公開)
    ✨ [新規SKU抽出] 梅酒用原酒 [リキュール] (米: 国産米, 精米: 非公開)
  👉 勝屋酒造 合名会社: 3 件の新規SKUを深層クローリングにより追加登録
[328/1376] 🏭 ID 944: 菊美人酒造 株式会社 (福岡県) - http://kikubijin.co.jp/
    ✨ [新規SKU抽出] 尊敬を込めて贈る、栄誉の勲章たる純米大吟醸。 [純米大吟醸酒] (米: 国産米, 精米: 非公開)
    ✨ [新規SKU抽出] 川辺の草花を静かに眺めるような穏やかなひとときを、優しくまろやかな純米吟醸とともに。 [純米吟醸酒] (米: 国産米, 精米: 非公開)
    ✨ [新規SKU抽出] ライチ香と爽やかな酸が伴う清涼な純米大吟醸。 [純米大吟醸酒] (米: 国産米, 精米: 非公開)
    ✨ [新規SKU抽出] うらごし梅酒 [リキュール] (米: 国産米, 精米: 非公開)
    ✨ [新規SKU抽出] 梅酒に丁寧にうらごしした果肉を加えました。食感も楽しい一本です。 [リキュール] (米: 国産米, 精米: 非公開)
    ✨ [新規SKU抽出] にごりゆず酒 [リキュール] (米: 国産米, 精米: 非公開)
    ✨ [新規SKU抽出] 純米大吟醸 なまなま [純米大吟醸酒] (米: 国産米, 精米: 非公開)
    ✨ [新規SKU抽出] 純米大吟醸の本来の味を楽しめる生酒。酸味・あまみ・うまみ全てが力強く主張します。 [純米大吟醸酒] (米: 国産米, 精米: 非公開)
    ✨ [新規SKU抽出] しぼりたて 生 [普通酒] (米: 国産米, 精米: 非公開)
    ✨ [新規SKU抽出] 菊美人 特別純米〈鈴なり〉 [特別純米酒] (米: 国産米, 精米: 非公開)
    ✨ [新規SKU抽出] 菊美人 特別純米 新年新酒 [特別純米酒] (米: 国産米, 精米: 非公開)
    ✨ [新規SKU抽出] しぼりたての新酒は米のうまみとフレッシュな味わいが楽しめます。 [普通酒] (米: 国産米, 精米: 非公開)
    ✨ [新規SKU抽出] 大切なひととの年始の集い、新春のお慶びは、しぼりたての新酒で乾杯ください。 [普通酒] (米: 国産米, 精米: 非公開)
    ✨ [新規SKU抽出] 菊美人 純米大吟醸 無濾過生原酒 [純米大吟醸酒] (米: 国産米, 精米: 非公開)
    ✨ [新規SKU抽出] 菊美人の純米大吟醸の無濾過生原酒です。 [純米大吟醸酒] (米: 国産米, 精米: 非公開)
  👉 菊美人酒造 株式会社: 15 件の新規SKUを深層クローリングにより追加登録
[329/1376] 🏭 ID 945: 株式会社 喜多屋 (福岡県) - http://www.kitaya.co.jp
    ✨ [新規SKU抽出] Kura Master2026本格焼酎・泡盛コンクール受賞のお知らせ [泡盛] (米: 国産米, 精米: 非公開)
    ✨ [新規SKU抽出] 喜多屋スパークリングAWA SAKE [普通酒] (米: 国産米, 精米: 非公開)
    ✨ [新規SKU抽出] 『大吟醸 極醸 喜多屋』 日本酒部門 最優秀賞受賞 [大吟醸酒] (米: 国産米, 精米: 非公開)
    ✨ [新規SKU抽出] まろやかさが調和したリキュール。 [リキュール] (米: 国産米, 精米: 非公開)
  👉 株式会社 喜多屋: 4 件の新規SKUを深層クローリングにより追加登録
[331/1376] 🏭 ID 947: 株式会社 小林酒造本店 (福岡県) - http://sakebandai.com/
    ✨ [新規SKU抽出] 純米大吟醸／大吟醸 [純米大吟醸酒] (米: 国産米, 精米: 非公開)
    ✨ [新規SKU抽出] 萬代　大吟醸”35” [大吟醸酒] (米: 国産米, 精米: 非公開)
    ✨ [新規SKU抽出] 萬代　大吟醸”35” 720ML [大吟醸酒] (米: 国産米, 精米: 非公開)
    ✨ [新規SKU抽出] 萬代 純米大吟醸”50” [純米大吟醸酒] (米: 国産米, 精米: 非公開)
    ✨ [新規SKU抽出] 萬代 純米大吟醸”50”720ML [純米大吟醸酒] (米: 国産米, 精米: 非公開)
    ✨ [新規SKU抽出] 萬代 超特撰大吟醸原酒 [大吟醸酒] (米: 国産米, 精米: 非公開)
    ✨ [新規SKU抽出] 萬代　大吟醸　たけしずく [大吟醸酒] (米: 国産米, 精米: 非公開)
    ✨ [新規SKU抽出] 純米吟醸 博多の森 [純米吟醸酒] (米: 国産米, 精米: 非公開)
    ✨ [新規SKU抽出] 萬代 しぼりたて吟醸 生貯蔵 [吟醸酒] (米: 国産米, 精米: 非公開)
    ✨ [新規SKU抽出] 萬代 純米酒（糸島産山田錦） [純米酒] (米: 山田錦, 精米: 非公開)
    ✨ [新規SKU抽出] 萬代 純米酒 博多燗酒 [純米酒] (米: 国産米, 精米: 非公開)
  👉 株式会社 小林酒造本店: 11 件の新規SKUを深層クローリングにより追加登録
[333/1376] 🏭 ID 949: 有限会社 白糸酒造 (福岡県) - http://www.shiraito.com/
[334/1376] 🏭 ID 952: 株式会社 高橋商店 (福岡県) - http://www.shigemasu.co.jp
    ✨ [新規SKU抽出] 吟醸酒粕 [吟醸酒] (米: 国産米, 精米: 非公開)
    ✨ [新規SKU抽出] やわらかな吟醸香と、ほのかな甘み。 [吟醸酒] (米: 国産米, 精米: 非公開)
    ✨ [新規SKU抽出] 冬場（吟醸酒粕）　夏場（漬物用酒粕） [吟醸酒] (米: 国産米, 精米: 非公開)
    ✨ [新規SKU抽出] 蔵に満ちる吟醸香と、凛とした空気。 [吟醸酒] (米: 国産米, 精米: 非公開)
    ✨ [新規SKU抽出] 繁桝 スパークリング [普通酒] (米: 国産米, 精米: 非公開)
    ✨ [新規SKU抽出] 繁桝 純米大吟醸18 [純米大吟醸酒] (米: 国産米, 精米: 非公開)
    ✨ [新規SKU抽出] 繁桝 大吟醸しずく搾り [大吟醸酒] (米: 国産米, 精米: 非公開)
    ✨ [新規SKU抽出] 大吟醸箱入娘 [大吟醸酒] (米: 国産米, 精米: 非公開)
    ✨ [新規SKU抽出] 繁桝 熟成大吟醸枯淡 [大吟醸酒] (米: 国産米, 精米: 非公開)
    ✨ [新規SKU抽出] 繁桝 雄町純米大吟醸 [純米大吟醸酒] (米: 雄町, 精米: 非公開)
    ✨ [新規SKU抽出] 繁桝 純米大吟醸40 [純米大吟醸酒] (米: 国産米, 精米: 非公開)
    ✨ [新規SKU抽出] 繁桝 大吟醸50 [大吟醸酒] (米: 国産米, 精米: 非公開)
    ✨ [新規SKU抽出] 繁桝 純米大吟醸50 [純米大吟醸酒] (米: 国産米, 精米: 非公開)
    ✨ [新規SKU抽出] 繁桝 吟のさと純米大吟醸50 [純米大吟醸酒] (米: 国産米, 精米: 非公開)
  👉 株式会社 高橋商店: 14 件の新規SKUを深層クローリングにより追加登録
[335/1376] 🏭 ID 953: 寒北斗酒造 株式会社 (福岡県) - https://kanhokuto.com/
    ✨ [新規SKU抽出] 吟醸なら漬製作中 [吟醸酒] (米: 国産米, 精米: 非公開)
    ✨ [新規SKU抽出] 寒北斗特別純米生酒 [特別純米酒] (米: 国産米, 精米: 非公開)
    ✨ [新規SKU抽出] 純米大吟醸「吟遊」雫 [純米大吟醸酒] (米: 国産米, 精米: 非公開)
    ✨ [新規SKU抽出] 純米大吟醸「吟遊」 [純米大吟醸酒] (米: 国産米, 精米: 非公開)
    ✨ [新規SKU抽出] 大吟醸「吟遊」雫 [大吟醸酒] (米: 国産米, 精米: 非公開)
    ✨ [新規SKU抽出] 大吟醸「吟遊」 [大吟醸酒] (米: 国産米, 精米: 非公開)
    ✨ [新規SKU抽出] 純米大吟醸45 [純米大吟醸酒] (米: 国産米, 精米: 非公開)
    ✨ [新規SKU抽出] 寒北斗辛口純米酒 shi-bi-en（シビエン）春 [純米酒] (米: 国産米, 精米: 非公開)
    ✨ [新規SKU抽出] 寒北斗辛口純米酒 shi-bi-en（シビエン）夏 [純米酒] (米: 国産米, 精米: 非公開)
    ✨ [新規SKU抽出] 寒北斗辛口純米酒 shi-bi-en（シビエン）秋 [純米酒] (米: 国産米, 精米: 非公開)
    ✨ [新規SKU抽出] 寒北斗辛口純米酒 shi-bi-en（シビエン）冬 [純米酒] (米: 国産米, 精米: 非公開)
    ✨ [新規SKU抽出] 寒北斗辛口純米酒 shi-bi-en [純米酒] (米: 国産米, 精米: 非公開)
    ✨ [新規SKU抽出] 出来たてそのままの無濾過生原酒。 [普通酒] (米: 国産米, 精米: 非公開)
    ✨ [新規SKU抽出] 吟醸なら漬入りポテサラ [吟醸酒] (米: 国産米, 精米: 非公開)
    ✨ [新規SKU抽出] じっくり低温熟成した、吟醸造りのお酒です。 [吟醸酒] (米: 国産米, 精米: 非公開)
  👉 寒北斗酒造 株式会社: 15 件の新規SKUを深層クローリングにより追加登録
[336/1376] 🏭 ID 954: 玉水酒造 合資会社 (福岡県) - https://tamamizushuzo.com
[337/1376] 🏭 ID 955: 筑紫の誉酒造 株式会社 (福岡県) - http://www.c-homare.com
[338/1376] 🏭 ID 956: 株式会社 千歳乃松 (福岡県) - http://www.chitosenomatu.jp
[339/1376] 🏭 ID 957: 豊村酒造 有限会社 (福岡県) - http://www.toyomurashuzou.jp/
[340/1376] 🏭 ID 961: 花関酒造 株式会社 (福岡県) - http://www.hananoseki.co.jp
    ✨ [新規SKU抽出] 本格麦焼酎 
花の関　麦 [本格焼酎] (米: 国産米, 精米: 非公開)
    ✨ [新規SKU抽出] 本格麦焼酎 [本格焼酎] (米: 国産米, 精米: 非公開)
    ✨ [新規SKU抽出] 本醸造酒　観世　原酒 [本醸造酒] (米: 国産米, 精米: 非公開)
    ✨ [新規SKU抽出] 本醸造酒 [本醸造酒] (米: 国産米, 精米: 非公開)
  👉 花関酒造 株式会社: 4 件の新規SKUを深層クローリングにより追加登録
[341/1376] 🏭 ID 963: 浜地酒造 株式会社 (福岡県) - http://www.suginoya.co.jp/
[342/1376] 🏭 ID 964: 林酒造場 (福岡県) - https://kusugiku.jp/
[343/1376] 🏭 ID 965: 光酒造 株式会社 (福岡県) - http://www.hakata-hikari.co.jp/
    ✨ [新規SKU抽出] 本格麦焼酎 [本格焼酎] (米: 国産米, 精米: 非公開)
    ✨ [新規SKU抽出] 本格芋焼酎 [本格焼酎] (米: 国産米, 精米: 非公開)
    ✨ [新規SKU抽出] 本格米焼酎 [本格焼酎] (米: 国産米, 精米: 非公開)
    ✨ [新規SKU抽出] 第12回本格焼酎＆泡盛を楽しもう〜品川から日本を元気に！〜　ｲﾍﾞﾝﾄ出展のお知らせ [泡盛] (米: 国産米, 精米: 非公開)
    ✨ [新規SKU抽出] 博多小女郎 吟醸磨き壺 25度 [吟醸酒] (米: 国産米, 精米: 非公開)
    ✨ [新規SKU抽出] 博多小女郎　秘蔵長期甕貯蔵 (１本／箱入)〔本格麦焼酎〕 [本格焼酎] (米: 国産米, 精米: 非公開)
    ✨ [新規SKU抽出] 夢想仙楽（むそうせんらく） 40度 [本格焼酎] (米: 国産米, 精米: 非公開)
    ✨ [新規SKU抽出] 博多小女郎（はかたこじょろう） 黒化粧瓶 （１本／箱入）〔本格米焼酎〕 [本格焼酎] (米: 国産米, 精米: 非公開)
    ✨ [新規SKU抽出] はだか麦焼酎　萬々（まんま） 極 30度 [本格焼酎] (米: 国産米, 精米: 非公開)
    ✨ [新規SKU抽出] 泥亀ピンク芋20度 [本格焼酎] (米: 国産米, 精米: 非公開)
    ✨ [新規SKU抽出] 博多小女郎（はかたこじょろう） 福吉 [本格焼酎] (米: 国産米, 精米: 非公開)
    ✨ [新規SKU抽出] はだか麦焼酎 黒麹仕込み 早春乃香雪 [本格焼酎] (米: 国産米, 精米: 非公開)
    ✨ [新規SKU抽出] 博多小女郎（はかたこじょろう） 大亀（芋） 25度 [本格焼酎] (米: 国産米, 精米: 非公開)
    ✨ [新規SKU抽出] 博多小女郎 大亀（おおがめ）芋 25度 [本格焼酎] (米: 国産米, 精米: 非公開)
    ✨ [新規SKU抽出] 博多小女郎 デラックス 25度 [本格焼酎] (米: 国産米, 精米: 非公開)
    ✨ [新規SKU抽出] 太宰府さんのおいしい梅酒 [リキュール] (米: 国産米, 精米: 非公開)
    ✨ [新規SKU抽出] 博多小女郎 吟醸磨き 25度 [吟醸酒] (米: 国産米, 精米: 非公開)
    ✨ [新規SKU抽出] 2025年度Kura Master 梅酒コンクール 金賞受賞しました！ [リキュール] (米: 国産米, 精米: 非公開)
  👉 光酒造 株式会社: 18 件の新規SKUを深層クローリングにより追加登録
[344/1376] 🏭 ID 966: 比翼鶴酒造 株式会社 (福岡県) - http://www.hiyokutsuru.co.jp/
    ✨ [新規SKU抽出] 比翼鶴 純米酒が福岡国税局酒類鑑評会で金賞を受賞しました [純米酒] (米: 国産米, 精米: 非公開)
    ✨ [新規SKU抽出] 比翼鶴 純米酒が3年連続ダブルで金賞を受賞しました [純米酒] (米: 国産米, 精米: 非公開)
  👉 比翼鶴酒造 株式会社: 2 件の新規SKUを深層クローリングにより追加登録
[345/1376] 🏭 ID 967: 飛龍酒造 株式会社 (福岡県) - https://hiryu.site/
[346/1376] 🏭 ID 970: 福徳長酒類 株式会社 (福岡県) - http://www.oenon.jp
    ✨ [新規SKU抽出] 焼酎・泡盛 [泡盛] (米: 国産米, 精米: 非公開)
    ✨ [新規SKU抽出] リキュール・スピリッツ [リキュール] (米: 国産米, 精米: 非公開)
    ✨ [新規SKU抽出] 手作り梅酒の作り方&レシピ [リキュール] (米: 国産米, 精米: 非公開)
    ✨ [新規SKU抽出] TAN TAKA TAN SHISO梅酒 [リキュール] (米: 国産米, 精米: 非公開)
    ✨ [新規SKU抽出] リキュール・ [リキュール] (米: 国産米, 精米: 非公開)
    ✨ [新規SKU抽出] 焼酎・泡盛｜オエノングループ [泡盛] (米: 国産米, 精米: 非公開)
    ✨ [新規SKU抽出] 焼酎・泡盛をもっと楽しむ [泡盛] (米: 国産米, 精米: 非公開)
    ✨ [新規SKU抽出] 本格焼酎 CANBASY [本格焼酎] (米: 国産米, 精米: 非公開)
    ✨ [新規SKU抽出] 本格米焼酎　米蔵 [本格焼酎] (米: 国産米, 精米: 非公開)
    ✨ [新規SKU抽出] 本格焼酎　ブラックストーン [本格焼酎] (米: 国産米, 精米: 非公開)
    ✨ [新規SKU抽出] 焼酎・泡盛の種類から探す [泡盛] (米: 国産米, 精米: 非公開)
    ✨ [新規SKU抽出] 大吟醸・吟醸 [大吟醸酒] (米: 国産米, 精米: 非公開)
    ✨ [新規SKU抽出] 純米・純米吟醸 [純米吟醸酒] (米: 国産米, 精米: 非公開)
    ✨ [新規SKU抽出] にごり酒 [普通酒] (米: 国産米, 精米: 非公開)
    ✨ [新規SKU抽出] 梅酒｜オエノングループ [リキュール] (米: 国産米, 精米: 非公開)
    ✨ [新規SKU抽出] 鍛高譚の梅酒 [リキュール] (米: 国産米, 精米: 非公開)
    ✨ [新規SKU抽出] 手作り梅酒の作り方＆レシピ 泡盛で作る梅酒 [リキュール] (米: 国産米, 精米: 非公開)
    ✨ [新規SKU抽出] 梅酒のおいしい飲み方・楽しみ方 お茶割 [リキュール] (米: 国産米, 精米: 非公開)
    ✨ [新規SKU抽出] おすすめの梅酒 [リキュール] (米: 国産米, 精米: 非公開)
    ✨ [新規SKU抽出] 梅酒 鴬宿梅 [リキュール] (米: 国産米, 精米: 非公開)
    ✨ [新規SKU抽出] あっさり梅酒 [リキュール] (米: 国産米, 精米: 非公開)
    ✨ [新規SKU抽出] ブランド別の梅酒から探す [リキュール] (米: 国産米, 精米: 非公開)
    ✨ [新規SKU抽出] 贅沢梅酒 [リキュール] (米: 国産米, 精米: 非公開)
    ✨ [新規SKU抽出] 梅酒をもっと楽しむ [リキュール] (米: 国産米, 精米: 非公開)
    ✨ [新規SKU抽出] 梅酒のおいしい飲み方・楽しみ方 [リキュール] (米: 国産米, 精米: 非公開)
    ✨ [新規SKU抽出] 手作り梅酒の作り方＆レシピ [リキュール] (米: 国産米, 精米: 非公開)
    ✨ [新規SKU抽出] 梅酒に合うおつまみ・ピクルス [リキュール] (米: 国産米, 精米: 非公開)
    ✨ [新規SKU抽出] 梅酒に合うおつまみ・たけのことカマンベールチーズ [リキュール] (米: 国産米, 精米: 非公開)
    ✨ [新規SKU抽出] 梅酒に合うおつまみ・豚肉のガリ巻き焼き [リキュール] (米: 国産米, 精米: 非公開)
    ✨ [新規SKU抽出] 飲み心地は夢心地！にごり酒 [普通酒] (米: 国産米, 精米: 非公開)
    ✨ [新規SKU抽出] リキュール [リキュール] (米: 国産米, 精米: 非公開)
    ✨ [新規SKU抽出] 麦盛り　芋盛り｜焼酎・泡盛｜オエノングループ [泡盛] (米: 国産米, 精米: 非公開)
    ✨ [新規SKU抽出] 麦焼酎 麦盛り（むぎざかり） 25% [本格焼酎] (米: 国産米, 精米: 25%)
    ✨ [新規SKU抽出] 芋焼酎 芋盛り（いもざかり） 25% [本格焼酎] (米: 国産米, 精米: 25%)
    ✨ [新規SKU抽出] 芋焼酎 芋盛り（いもざかり） 20% [本格焼酎] (米: 国産米, 精米: 20%)
  👉 福徳長酒類 株式会社: 35 件の新規SKUを深層クローリングにより追加登録
[347/1376] 🏭 ID 971: 七曜酒造 株式会社 (福岡県) - https://shichiyosyuzo.jp/
[348/1376] 🏭 ID 973: 瑞穂菊酒造 株式会社 (福岡県) - https://www.mizuhogiku.com/
    ✨ [新規SKU抽出] 新発売・ボンデクリック純米大吟醸 [純米大吟醸酒] (米: 国産米, 精米: 非公開)
    ✨ [新規SKU抽出] 『ひやおろし』出荷中！ [普通酒] (米: 国産米, 精米: 非公開)
    ✨ [新規SKU抽出] しぼりたて [普通酒] (米: 国産米, 精米: 非公開)
    ✨ [新規SKU抽出] ひやおろし [普通酒] (米: 国産米, 精米: 非公開)
    ✨ [新規SKU抽出] 運大吉・純米大吟醸 [純米大吟醸酒] (米: 国産米, 精米: 非公開)
  👉 瑞穂菊酒造 株式会社: 5 件の新規SKUを深層クローリングにより追加登録
[349/1376] 🏭 ID 975: 無法松酒造 有限会社 (福岡県) - http://muhomatsu.ntf.ne.jp
    ✨ [新規SKU抽出] 清酒 吟醸 [吟醸酒] (米: 国産米, 精米: 非公開)
    ✨ [新規SKU抽出] 本格焼酎 [本格焼酎] (米: 国産米, 精米: 非公開)
    ✨ [新規SKU抽出] 本格焼酎・リキュール [リキュール] (米: 国産米, 精米: 非公開)
    ✨ [新規SKU抽出] 純米吟醸酒 稲雫 [純米吟醸酒] (米: 国産米, 精米: 非公開)
    ✨ [新規SKU抽出] 格調高い吟醸香と、 [吟醸酒] (米: 国産米, 精米: 非公開)
    ✨ [新規SKU抽出] 特別純米酒 [特別純米酒] (米: 国産米, 精米: 非公開)
    ✨ [新規SKU抽出] 無法松定番の純米酒。 [純米酒] (米: 国産米, 精米: 非公開)
    ✨ [新規SKU抽出] 無法松酒造｜本格焼酎 [本格焼酎] (米: 国産米, 精米: 非公開)
    ✨ [新規SKU抽出] 清酒 
                吟醸 [吟醸酒] (米: 国産米, 精米: 非公開)
    ✨ [新規SKU抽出] にごり酒 [普通酒] (米: 国産米, 精米: 非公開)
  👉 無法松酒造 有限会社: 10 件の新規SKUを深層クローリングにより追加登録
[350/1376] 🏭 ID 976: 柳川酒造 株式会社 (福岡県) - http://www.kuninokotobuki.co.jp
[351/1376] 🏭 ID 977: 株式会社 杜の蔵 (福岡県) - http://www.morinokura.co.jp
    ✨ [新規SKU抽出] 杜の蔵は純米酒、焼酎、麹を使用したドレッシングなど、 [純米酒] (米: 国産米, 精米: 非公開)
    ✨ [新規SKU抽出] 杜の蔵のしそ梅酒　ー　Shiso-Plum Wine [リキュール] (米: 国産米, 精米: 非公開)
    ✨ [新規SKU抽出] 弥久 極まろ三年梅酒　ー　Aged Plum Wine [リキュール] (米: 国産米, 精米: 非公開)
    ✨ [新規SKU抽出] 純米大吟醸酒　－　Junmai daiginjo-shu [純米大吟醸酒] (米: 国産米, 精米: 非公開)
    ✨ [新規SKU抽出] 純米吟醸酒　－　Junmai ginjo-shu [純米吟醸酒] (米: 国産米, 精米: 非公開)
    ✨ [新規SKU抽出] 純米酒　－　Junmai-shu [純米酒] (米: 国産米, 精米: 非公開)
    ✨ [新規SKU抽出] 梅酒　ー　Plum Wine [リキュール] (米: 国産米, 精米: 非公開)
    ✨ [新規SKU抽出] 「杜の蔵 純米大吟醸酒」リニューアル発売のご案内 [純米大吟醸酒] (米: 国産米, 精米: 非公開)
  👉 株式会社 杜の蔵: 8 件の新規SKUを深層クローリングにより追加登録
[354/1376] 🏭 ID 980: 山の壽酒造 株式会社 (福岡県) - https://yamanokotobuki.com
    ✨ [新規SKU抽出] クレイジーレモンが１位を受賞！梅酒全国制覇唎き酒大会2018にて [リキュール] (米: 国産米, 精米: 非公開)
    ✨ [新規SKU抽出] 山の壽 純米吟醸 雄町13発売 [純米吟醸酒] (米: 雄町, 精米: 非公開)
    ✨ [新規SKU抽出] 29BY 純米大吟醸雄町なま 限定出荷のお知らせ [純米大吟醸酒] (米: 雄町, 精米: 非公開)
  👉 山の壽酒造 株式会社: 3 件の新規SKUを深層クローリングにより追加登録
[355/1376] 🏭 ID 981: 株式会社 若竹屋酒造場 (福岡県) - https://wakatakeya.com/
    ✨ [新規SKU抽出] 若の寿 純米大吟醸楽天市場　福岡よかもんショップに出品します！ [純米大吟醸酒] (米: 国産米, 精米: 非公開)
    ✨ [新規SKU抽出] 若竹屋 純米吟醸 渓 × 牡蠣 （2021年・冬） [純米吟醸酒] (米: 国産米, 精米: 非公開)
  👉 株式会社 若竹屋酒造場: 2 件の新規SKUを深層クローリングにより追加登録
[356/1376] 🏭 ID 982: 若波酒造 合名会社 (福岡県) - http://www.wakanami.jp
    ✨ [新規SKU抽出] 取扱店 | 若波酒造 | 福岡大川市鐘ケ江 日本酒・純米吟醸 [純米吟醸酒] (米: 国産米, 精米: 非公開)
    ✨ [新規SKU抽出] 若波 純米吟醸 [純米吟醸酒] (米: 国産米, 精米: 非公開)
    ✨ [新規SKU抽出] 若波 純米酒 [純米酒] (米: 国産米, 精米: 非公開)
  👉 若波酒造 合名会社: 3 件の新規SKUを深層クローリングにより追加登録
[357/1376] 🏭 ID 984: 株式会社 紅乙女酒造 (福岡県) - http://www.beniotome.co.jp/
    ✨ [新規SKU抽出] おいしい麦焼酎25°P1.8 [本格焼酎] (米: 国産米, 精米: 非公開)
    ✨ [新規SKU抽出] 地元福岡県産の原料を使用し、丁寧に仕込んだ本格焼酎をお届けします。 [本格焼酎] (米: 国産米, 精米: 非公開)
    ✨ [新規SKU抽出] 本格麦焼酎 河童九千坊 本流 1.8限定流通商品 [本格焼酎] (米: 国産米, 精米: 非公開)
    ✨ [新規SKU抽出] 本格麦焼酎 河童九千坊 本流 [本格焼酎] (米: 国産米, 精米: 非公開)
    ✨ [新規SKU抽出] 本格麦焼酎 河童九千坊 ワイン酵母 [本格焼酎] (米: 国産米, 精米: 非公開)
    ✨ [新規SKU抽出] 本格芋焼酎 河童九千坊 ふくおかのいも [本格焼酎] (米: 国産米, 精米: 非公開)
    ✨ [新規SKU抽出] 本格米焼酎 河童九千坊 ふくおかのこめ [本格焼酎] (米: 国産米, 精米: 非公開)
  👉 株式会社 紅乙女酒造: 7 件の新規SKUを深層クローリングにより追加登録
[358/1376] 🏭 ID 985: 博多焼酎 研醸 株式会社 (福岡県) - https://www.e-kenjou.com/
    ✨ [新規SKU抽出] ▸ 焙煎麦焼酎 [本格焼酎] (米: 国産米, 精米: 非公開)
    ✨ [新規SKU抽出] ▸ 焙煎麦焼酎-樽貯蔵焼酎 [本格焼酎] (米: 国産米, 精米: 非公開)
    ✨ [新規SKU抽出] ▸ 焙煎麦焼酎-長期樽熟成焼酎 [本格焼酎] (米: 国産米, 精米: 非公開)
    ✨ [新規SKU抽出] ▸ 米焼酎 [本格焼酎] (米: 国産米, 精米: 非公開)
    ✨ [新規SKU抽出] ▸ 芋焼酎 [本格焼酎] (米: 国産米, 精米: 非公開)
    ✨ [新規SKU抽出] ▸ リキュール-梅酒系 [リキュール] (米: 国産米, 精米: 非公開)
    ✨ [新規SKU抽出] ▸ リキュール-その他 [リキュール] (米: 国産米, 精米: 非公開)
    ✨ [新規SKU抽出] 焙煎麦焼酎 [本格焼酎] (米: 国産米, 精米: 非公開)
    ✨ [新規SKU抽出] 焙煎麦焼酎-樽貯蔵焼酎 [本格焼酎] (米: 国産米, 精米: 非公開)
    ✨ [新規SKU抽出] 焙煎麦焼酎-長期樽熟成焼酎 [本格焼酎] (米: 国産米, 精米: 非公開)
    ✨ [新規SKU抽出] リキュール-梅酒系 [リキュール] (米: 国産米, 精米: 非公開)
    ✨ [新規SKU抽出] リキュール-その他 [リキュール] (米: 国産米, 精米: 非公開)
    ✨ [新規SKU抽出] 長期熟成麦焼酎　梟25 [本格焼酎] (米: 国産米, 精米: 非公開)
    ✨ [新規SKU抽出] フレッシュレモネード梅酒 [リキュール] (米: 国産米, 精米: 非公開)
    ✨ [新規SKU抽出] フレッシュレモネード梅酒 チラシ [リキュール] (米: 国産米, 精米: 非公開)
    ✨ [新規SKU抽出] 福岡国税局令和7年酒類鑑評会「米焼酎 千年寝坊助」金賞受賞 [本格焼酎] (米: 国産米, 精米: 非公開)
    ✨ [新規SKU抽出] 米焼酎 千年寝坊助 [本格焼酎] (米: 国産米, 精米: 非公開)
    ✨ [新規SKU抽出] 商品ページ：ミルクたっぷりいちごの梅酒 [リキュール] (米: 国産米, 精米: 非公開)
    ✨ [新規SKU抽出] インスタグラム：ミルクたっぷりいちごの梅酒 [リキュール] (米: 国産米, 精米: 非公開)
    ✨ [新規SKU抽出] ・米焼酎「千年寝坊助」各種焼酎の部-金賞 [本格焼酎] (米: 国産米, 精米: 非公開)
    ✨ [新規SKU抽出] ・長期熟成麦焼酎「梟40度」麦焼酎 樽貯蔵の部-金賞 [本格焼酎] (米: 国産米, 精米: 非公開)
    ✨ [新規SKU抽出] 雑誌dancyu様に研醸焙煎麦焼酎こふくろうをご紹介いただきました！ [本格焼酎] (米: 国産米, 精米: 非公開)
    ✨ [新規SKU抽出] 「長期熟成麦焼酎 極み勇者」金賞受賞 [本格焼酎] (米: 国産米, 精米: 非公開)
    ✨ [新規SKU抽出] 長期熟成麦焼酎 極み勇者 [本格焼酎] (米: 国産米, 精米: 非公開)
    ✨ [新規SKU抽出] 「焙煎麦焼酎 勇者」最高金賞受賞 [本格焼酎] (米: 国産米, 精米: 非公開)
    ✨ [新規SKU抽出] 焙煎麦焼酎 勇者 [本格焼酎] (米: 国産米, 精米: 非公開)
    ✨ [新規SKU抽出] 原材料／焙煎麦焼酎（国内製造）、食物繊維 [本格焼酎] (米: 国産米, 精米: 非公開)
  👉 博多焼酎 研醸 株式会社: 27 件の新規SKUを深層クローリングにより追加登録
[359/1376] 🏭 ID 986: 叡醂酒造 株式会社 (福岡県) - https://eirin0088.base.shop/
    ✨ [新規SKU抽出] 原材料：本格焼酎（国内製造） [本格焼酎] (米: 国産米, 精米: 非公開)
  👉 叡醂酒造 株式会社: 1 件の新規SKUを深層クローリングにより追加登録
[360/1376] 🏭 ID 987: 株式会社 楽丸酒造 (福岡県) - https://www.sapporobeer.jp/shochu/waramugi/
    ✨ [新規SKU抽出] 本格麦焼酎 和ら麦 黒和ら麦 | サッポロの焼酎 | 商品情報 | サッポロビール [本格焼酎] (米: 国産米, 精米: 非公開)
    ✨ [新規SKU抽出] 国産スピリッツ＆リキュール（梅酒含む） [リキュール] (米: 国産米, 精米: 非公開)
    ✨ [新規SKU抽出] 国産スピリッツ＆リキュール [リキュール] (米: 国産米, 精米: 非公開)
    ✨ [新規SKU抽出] （梅酒含む） [リキュール] (米: 国産米, 精米: 非公開)
    ✨ [新規SKU抽出] 輸入スピリッツ＆リキュール（ウイスキー含む） [リキュール] (米: 国産米, 精米: 非公開)
    ✨ [新規SKU抽出] 輸入スピリッツ＆リキュール [リキュール] (米: 国産米, 精米: 非公開)
    ✨ [新規SKU抽出] 本格麦焼酎 和ら麦 [本格焼酎] (米: 国産米, 精米: 非公開)
    ✨ [新規SKU抽出] 本格麦焼酎 黒和ら麦 [本格焼酎] (米: 国産米, 精米: 非公開)
    ✨ [新規SKU抽出] 本格麦焼酎 和ら麦 黒和ら麦 [本格焼酎] (米: 国産米, 精米: 非公開)
    ✨ [新規SKU抽出] フルーティーな香り、華やかに「本格麦焼酎 和ら麦」 [本格焼酎] (米: 国産米, 精米: 非公開)
    ✨ [新規SKU抽出] 芳ばしい香り、力強いコク「本格麦焼酎 黒和ら麦」 [本格焼酎] (米: 国産米, 精米: 非公開)
    ✨ [新規SKU抽出] 「本格麦焼酎 和ら麦」が注がれたグラス [本格焼酎] (米: 国産米, 精米: 非公開)
    ✨ [新規SKU抽出] 本格麦焼酎 和ら麦 ボトル - [本格焼酎] (米: 国産米, 精米: 非公開)
    ✨ [新規SKU抽出] 「本格麦焼酎 和ら麦」によく合う [本格焼酎] (米: 国産米, 精米: 非公開)
    ✨ [新規SKU抽出] 「本格麦焼酎 黒和ら麦」が注がれたグラス [本格焼酎] (米: 国産米, 精米: 非公開)
    ✨ [新規SKU抽出] 本格麦焼酎 黒和ら麦 ボトル - [本格焼酎] (米: 国産米, 精米: 非公開)
    ✨ [新規SKU抽出] ※１　吟醸酒に使う米は60%以下まで磨かれます。 [吟醸酒] (米: 国産米, 精米: 60%)
    ✨ [新規SKU抽出] 本格麦焼酎「和ら麦」 [本格焼酎] (米: 国産米, 精米: 非公開)
    ✨ [新規SKU抽出] 本格麦焼酎「黒和ら麦」 [本格焼酎] (米: 国産米, 精米: 非公開)
    ✨ [新規SKU抽出] 焼酎甲類乙類混和 いも焼酎こくいも・麦焼酎こいむぎ [本格焼酎] (米: 国産米, 精米: 非公開)
    ✨ [新規SKU抽出] 3種のポリフェノール入り赤梅酒 [リキュール] (米: 国産米, 精米: 非公開)
    ✨ [新規SKU抽出] 濃厚黒梅酒 [リキュール] (米: 国産米, 精米: 非公開)
    ✨ [新規SKU抽出] 本格麦焼酎 ささいなた [本格焼酎] (米: 国産米, 精米: 非公開)
  👉 株式会社 楽丸酒造: 23 件の新規SKUを深層クローリングにより追加登録
[361/1376] 🏭 ID 988: ゑびす酒造 株式会社 (福岡県) - http://www.ranbiki.com
    ✨ [新規SKU抽出] ・宝壺・梅酒用 [リキュール] (米: 国産米, 精米: 非公開)
    ✨ [新規SKU抽出] ・ゑびす蔵の本格焼酎 [本格焼酎] (米: 国産米, 精米: 非公開)
    ✨ [新規SKU抽出] ・梅酒造りガイド [リキュール] (米: 国産米, 精米: 非公開)
  👉 ゑびす酒造 株式会社: 3 件の新規SKUを深層クローリングにより追加登録
[362/1376] 🏭 ID 989: 株式会社 天盃 (福岡県) - http://www.tenpai.co.jp/
    ✨ [新規SKU抽出] 博多むぎ焼酎 天盃-常圧2回蒸溜の麦焼酎 | トップページ [本格焼酎] (米: 国産米, 精米: 非公開)
    ✨ [新規SKU抽出] 「博多むぎ焼酎 天盃」常圧2回蒸溜と福岡・佐賀県産二条大麦にこだわった麦焼酎 [本格焼酎] (米: 国産米, 精米: 非公開)
    ✨ [新規SKU抽出] 商品紹介 | 博多むぎ焼酎 天盃-常圧2回蒸溜の麦焼酎 [本格焼酎] (米: 国産米, 精米: 非公開)
    ✨ [新規SKU抽出] 本格焼酎専門の天盃が麦のコクと旨みを最大限に引き出した自信の定番品です。 [本格焼酎] (米: 国産米, 精米: 非公開)
    ✨ [新規SKU抽出] 杜氏の創作意欲を追求した天盃の新しい麦焼酎です。 [本格焼酎] (米: 国産米, 精米: 非公開)
    ✨ [新規SKU抽出] 自家用の美味しい梅酒・果実酒が作れるよう独自に開発した35度です。 [リキュール] (米: 国産米, 精米: 非公開)
    ✨ [新規SKU抽出] 天盃梅酒用 35度 [リキュール] (米: 国産米, 精米: 非公開)
  👉 株式会社 天盃: 7 件の新規SKUを深層クローリングにより追加登録
[363/1376] 🏭 ID 990: 西吉田酒造 株式会社 (福岡県) - http://nishiyoshida.jp/
    ✨ [新規SKU抽出] 本格麦焼酎つくし [本格焼酎] (米: 国産米, 精米: 非公開)
    ✨ [新規SKU抽出] はだか麦焼酎 初潮（はつしお） [本格焼酎] (米: 国産米, 精米: 非公開)
    ✨ [新規SKU抽出] 本格芋焼酎呑鷹 [本格焼酎] (米: 国産米, 精米: 非公開)
    ✨ [新規SKU抽出] 本格麦焼酎釈云麦 [本格焼酎] (米: 国産米, 精米: 非公開)
    ✨ [新規SKU抽出] その他の本格焼酎 [本格焼酎] (米: 国産米, 精米: 非公開)
    ✨ [新規SKU抽出] 究極の麦焼酎へ挑戦する [本格焼酎] (米: 国産米, 精米: 非公開)
    ✨ [新規SKU抽出] 本格焼酎 [本格焼酎] (米: 国産米, 精米: 非公開)
    ✨ [新規SKU抽出] ・最初泡盛を思わせる独特なフルーティな香り [泡盛] (米: 国産米, 精米: 非公開)
    ✨ [新規SKU抽出] 焙煎麦焼酎つくし [本格焼酎] (米: 国産米, 精米: 非公開)
    ✨ [新規SKU抽出] 今までにない個性的な味わいの麦焼酎を目指し、ついに辿り着いた新しい風味の麦焼酎です。 [本格焼酎] (米: 国産米, 精米: 非公開)
  👉 西吉田酒造 株式会社: 10 件の新規SKUを深層クローリングにより追加登録
[364/1376] 🏭 ID 992: 株式会社 いそのさわ (福岡県) - https://isonosawa.com
    ✨ [新規SKU抽出] 純米吟醸 スパークリング「うきは泡にごり」2年連続金賞受賞❗️ [純米吟醸酒] (米: 国産米, 精米: 非公開)
  👉 株式会社 いそのさわ: 1 件の新規SKUを深層クローリングにより追加登録
[365/1376] 🏭 ID 993: 溝上酒造 株式会社 (福岡県) - https://www.sake-tenshin.co.jp
    ✨ [新規SKU抽出] 天心（純米大吟醸40） [純米大吟醸酒] (米: 国産米, 精米: 非公開)
    ✨ [新規SKU抽出] 天心（山田錦純米酒） [純米酒] (米: 山田錦, 精米: 非公開)
    ✨ [新規SKU抽出] 純米酒 天心 音〜OTO〜 [純米酒] (米: 国産米, 精米: 非公開)
    ✨ [新規SKU抽出] この度、令和７酒造年度全国新酒鑑評会に於いて「天心 大吟醸... [大吟醸酒] (米: 国産米, 精米: 非公開)
    ✨ [新規SKU抽出] 天心（純米大吟醸40）の数量を減らす [純米大吟醸酒] (米: 国産米, 精米: 非公開)
    ✨ [新規SKU抽出] 天心（純米大吟醸40）の数量を増やす [純米大吟醸酒] (米: 国産米, 精米: 非公開)
    ✨ [新規SKU抽出] 天心 紅 純米大吟醸 [純米大吟醸酒] (米: 国産米, 精米: 非公開)
    ✨ [新規SKU抽出] 天心 琥珀 純米吟醸 [純米吟醸酒] (米: 国産米, 精米: 非公開)
    ✨ [新規SKU抽出] 天心 群青 本醸造 [本醸造酒] (米: 国産米, 精米: 非公開)
  👉 溝上酒造 株式会社: 9 件の新規SKUを深層クローリングにより追加登録
[366/1376] 🏭 ID 994: 鷹正宗 株式会社 (福岡県) - https://www.takamasamune.com/
    ✨ [新規SKU抽出] 価格改定のお知らせ　－本格芋焼酎－ [本格焼酎] (米: 国産米, 精米: 非公開)
    ✨ [新規SKU抽出] 鷹正宗　ゆず酒 [リキュール] (米: 国産米, 精米: 非公開)
    ✨ [新規SKU抽出] 通販サイト限定はじめての梅酒　20度 [リキュール] (米: 国産米, 精米: 非公開)
    ✨ [新規SKU抽出] 通販サイト限定はじめての梅酒　15度 [リキュール] (米: 国産米, 精米: 非公開)
    ✨ [新規SKU抽出] 麦焼酎 叡醂 こげん 25° 720 [本格焼酎] (米: 国産米, 精米: 非公開)
    ✨ [新規SKU抽出] 麦焼酎 叡醂 そげん 25° 720 [本格焼酎] (米: 国産米, 精米: 非公開)
    ✨ [新規SKU抽出] 本格焼酎 あずき 25° [本格焼酎] (米: 国産米, 精米: 非公開)
    ✨ [新規SKU抽出] 筑水１７ パントビスコラベル 純米吟醸 [純米吟醸酒] (米: 国産米, 精米: 非公開)
    ✨ [新規SKU抽出] 鷹正宗が製造している清酒や焼酎、リキュールを取り揃えております。 [リキュール] (米: 国産米, 精米: 非公開)
    ✨ [新規SKU抽出] 新商品 本格麦焼酎 割麦四十四 [本格焼酎] (米: 国産米, 精米: 非公開)
    ✨ [新規SKU抽出] 新感覚麦焼酎　そげん　こげん [本格焼酎] (米: 国産米, 精米: 非公開)
    ✨ [新規SKU抽出] 本格麦焼酎そげん、こげんの開発目的
焼酎ユーザーはもちろん、
若い方... [本格焼酎] (米: 国産米, 精米: 非公開)
    ✨ [新規SKU抽出] 爽やかゆず酒が出来ました。 [リキュール] (米: 国産米, 精米: 非公開)
    ✨ [新規SKU抽出] 本格芋焼酎 南州伝楽 [本格焼酎] (米: 国産米, 精米: 非公開)
    ✨ [新規SKU抽出] 本格麦焼酎 めちゃうま麦 25度 [本格焼酎] (米: 国産米, 精米: 非公開)
    ✨ [新規SKU抽出] 純米酒 筑水17 [純米酒] (米: 国産米, 精米: 非公開)
    ✨ [新規SKU抽出] 麦、芋、米、十一夢、蕎麦、黒糖（あまみこ）、十一夢（芋）、泡盛、赤芋 [泡盛] (米: 国産米, 精米: 非公開)
    ✨ [新規SKU抽出] 麦、芋、米、蕎麦、十一夢、黒糖（あまみこ）、泡盛、赤芋 [泡盛] (米: 国産米, 精米: 非公開)
    ✨ [新規SKU抽出] 麦、芋、米、十一夢、十一夢（芋）、黒糖（あまみこ）、泡盛、赤芋 [泡盛] (米: 国産米, 精米: 非公開)
    ✨ [新規SKU抽出] 麦、芋、米、十一夢、十一夢（芋）、黒糖（あまみこ）、泡盛 [泡盛] (米: 国産米, 精米: 非公開)
    ✨ [新規SKU抽出] 麦、芋、米、蕎麦、十一夢、十一夢（芋）、黒糖（あまみこ）、泡盛 [泡盛] (米: 国産米, 精米: 非公開)
    ✨ [新規SKU抽出] 麦、芋、米、蕎麦、黒糖（あまみこ）、泡盛、赤芋 [泡盛] (米: 国産米, 精米: 非公開)
    ✨ [新規SKU抽出] 麦、芋、米、蕎麦、十一夢、十一夢（芋）、黒糖（あまみこ）、泡盛、赤芋 [泡盛] (米: 国産米, 精米: 非公開)
    ✨ [新規SKU抽出] 麦、芋、米、蕎麦、黒糖（あまみこ）、泡盛 [泡盛] (米: 国産米, 精米: 非公開)
    ✨ [新規SKU抽出] 麦、芋、米、蕎麦、十一夢、十一夢（芋）、泡盛 [泡盛] (米: 国産米, 精米: 非公開)
    ✨ [新規SKU抽出] 麦、芋、米、十一夢（芋）、黒糖（あまみこ）、泡盛 [泡盛] (米: 国産米, 精米: 非公開)
    ✨ [新規SKU抽出] 麦、芋、十一夢、十一夢（芋）、黒糖（あまみこ）、泡盛 [泡盛] (米: 国産米, 精米: 非公開)
    ✨ [新規SKU抽出] 麦、米、十一夢、十一夢（芋）、黒糖（あまみこ）、泡盛、 [泡盛] (米: 国産米, 精米: 非公開)
    ✨ [新規SKU抽出] 麦、芋、米、十一夢、泡盛 [泡盛] (米: 国産米, 精米: 非公開)
    ✨ [新規SKU抽出] 麦、米、蕎麦、黒糖（あまみこ）、泡盛、赤芋 [泡盛] (米: 国産米, 精米: 非公開)
    ✨ [新規SKU抽出] 麦、芋、泡盛 [泡盛] (米: 国産米, 精米: 非公開)
    ✨ [新規SKU抽出] 麦、芋、蕎麦、泡盛 [泡盛] (米: 国産米, 精米: 非公開)
    ✨ [新規SKU抽出] ・新商品：鷹正宗　ゆず酒　リキュール [リキュール] (米: 国産米, 精米: 非公開)
    ✨ [新規SKU抽出] ・新商品：爽和場（サワーバー）国産レモンのレモンサワーの素　リキュール [リキュール] (米: 国産米, 精米: 非公開)
    ✨ [新規SKU抽出] ・新商品：爽和場（サワーバー）グレフルの香りのレモンサワーの素　リキュール [リキュール] (米: 国産米, 精米: 非公開)
    ✨ [新規SKU抽出] ・新商品：爽和場（サワーバー）ももの香りのレモンサワーの素　リキュール [リキュール] (米: 国産米, 精米: 非公開)
    ✨ [新規SKU抽出] ・新商品：乳酸菌のお酒　ウフフの乳酸菌ゆず　リキュール [リキュール] (米: 国産米, 精米: 非公開)
  👉 鷹正宗 株式会社: 37 件の新規SKUを深層クローリングにより追加登録
[367/1376] 🏭 ID 1118: 白杉酒造株式会社 (京都府) - https://facebook.com/shirasugisyuzou
[368/1376] 🏭 ID 1119: 吉岡酒造場 (京都府) - https://yoshinoyama-tango.com
    ✨ [新規SKU抽出] 吉野山 大吟醸 [大吟醸酒] (米: 国産米, 精米: 非公開)
    ✨ [新規SKU抽出] 吉野山 特別純米酒 [特別純米酒] (米: 国産米, 精米: 非公開)
    ✨ [新規SKU抽出] 吉野山 超特撰 大吟醸 [大吟醸酒] (米: 国産米, 精米: 非公開)
    ✨ [新規SKU抽出] 吉野山 超特撰 大吟醸
– 吉岡酒造場 [大吟醸酒] (米: 国産米, 精米: 非公開)
    ✨ [新規SKU抽出] 画像をギャラリービューアに読み込む, 吉野山 超特撰 大吟醸 [大吟醸酒] (米: 国産米, 精米: 非公開)
  👉 吉岡酒造場: 5 件の新規SKUを深層クローリングにより追加登録
[369/1376] 🏭 ID 1120: 竹野酒造有限会社 (京都府) - https://yasakaturu.co.jp
[370/1376] 🏭 ID 1121: 木下酒造有限会社 (京都府) - https://www.sake-tamagawa.com
    ✨ [新規SKU抽出] 玉川　純米大吟醸 [純米大吟醸酒] (米: 国産米, 精米: 非公開)
    ✨ [新規SKU抽出] 玉川 自然仕込 純米大吟醸「玉龍」（山廃） [純米大吟醸酒] (米: 国産米, 精米: 非公開)
    ✨ [新規SKU抽出] 玉川 大吟醸 [大吟醸酒] (米: 国産米, 精米: 非公開)
    ✨ [新規SKU抽出] 玉川 純米吟醸 雄町 [純米吟醸酒] (米: 雄町, 精米: 非公開)
    ✨ [新規SKU抽出] 玉川 純米吟醸 祝 [純米吟醸酒] (米: 国産米, 精米: 非公開)
    ✨ [新規SKU抽出] 玉川 自然仕込  生酛純米酒 コウノトリ [純米酒] (米: 国産米, 精米: 非公開)
    ✨ [新規SKU抽出] 玉川 特別純米酒 [特別純米酒] (米: 国産米, 精米: 非公開)
    ✨ [新規SKU抽出] 玉川 自然仕込 純米酒（山廃） [純米酒] (米: 国産米, 精米: 非公開)
    ✨ [新規SKU抽出] 純米酒（山廃） [純米酒] (米: 国産米, 精米: 非公開)
    ✨ [新規SKU抽出] 玉川 燻銀 純米大吟醸 2014年 仕込34号 [純米大吟醸酒] (米: 国産米, 精米: 非公開)
    ✨ [新規SKU抽出] 玉川 しぼりたて 生原酒 [普通酒] (米: 国産米, 精米: 非公開)
    ✨ [新規SKU抽出] 玉川 にごり酒 [普通酒] (米: 国産米, 精米: 非公開)
    ✨ [新規SKU抽出] 玉川 純米吟醸 福袋 [純米吟醸酒] (米: 国産米, 精米: 非公開)
    ✨ [新規SKU抽出] 玉川 純米酒 ひやおろし [純米酒] (米: 国産米, 精米: 非公開)
    ✨ [新規SKU抽出] 無ろ過生原酒 [普通酒] (米: 国産米, 精米: 非公開)
    ✨ [新規SKU抽出] 玉川 自然仕込 生酛純米酒 コウノトリ [純米酒] (米: 国産米, 精米: 非公開)
    ✨ [新規SKU抽出] 玉川 自然仕込 純米酒（山廃）白ラベル [純米酒] (米: 国産米, 精米: 非公開)
    ✨ [新規SKU抽出] 玉川 自然仕込 雑酒（山廃）白ラベル  無濾過生原酒 [普通酒] (米: 国産米, 精米: 非公開)
    ✨ [新規SKU抽出] 玉川 自然仕込 純米酒（山廃） 無ろ過生原酒 [純米酒] (米: 国産米, 精米: 非公開)
    ✨ [新規SKU抽出] 玉川 自然仕込 本醸造（山廃） 無ろ過生原酒 [本醸造酒] (米: 国産米, 精米: 非公開)
    ✨ [新規SKU抽出] 大吟醸・純米吟醸 祝（ [純米吟醸酒] (米: 国産米, 精米: 非公開)
    ✨ [新規SKU抽出] 純米吟醸 雄町・純米吟醸 祝（ [純米吟醸酒] (米: 雄町, 精米: 非公開)
    ✨ [新規SKU抽出] 酵母無添加の純米大吟醸 [純米大吟醸酒] (米: 国産米, 精米: 非公開)
    ✨ [新規SKU抽出] 通年販売、無ろ過生原酒-各商品を搾った直後（12月から4月まで） [普通酒] (米: 国産米, 精米: 非公開)
    ✨ [新規SKU抽出] 玉川 燻銀 純米大吟醸 2014年 仕込34号  冷蔵貯蔵 [純米大吟醸酒] (米: 国産米, 精米: 非公開)
    ✨ [新規SKU抽出] 山廃シリーズ [普通酒] (米: 国産米, 精米: 非公開)
    ✨ [新規SKU抽出] 甘口純米吟醸 [純米吟醸酒] (米: 国産米, 精米: 非公開)
    ✨ [新規SKU抽出] 玉川 自然仕込  純米酒（山廃） ビンテージ [純米酒] (米: 国産米, 精米: 非公開)
    ✨ [新規SKU抽出] 名前の由来は、通常の山廃のラベルでは赤で書かれている「山廃」の文字が白いことから。 [普通酒] (米: 国産米, 精米: 非公開)
    ✨ [新規SKU抽出] 純米酒  無ろか生原酒 [純米酒] (米: 国産米, 精米: 非公開)
    ✨ [新規SKU抽出] 迫力アップ　 人喰い岩のしぼりたて生酒 [普通酒] (米: 国産米, 精米: 非公開)
    ✨ [新規SKU抽出] 「食欲の秋」は「ひやおろしの秋」 [普通酒] (米: 国産米, 精米: 非公開)
    ✨ [新規SKU抽出] 玉川 大吟醸  無ろ過生原酒 [大吟醸酒] (米: 国産米, 精米: 非公開)
    ✨ [新規SKU抽出] 玉川 純米吟醸 雄町  無ろ過生原酒 [純米吟醸酒] (米: 雄町, 精米: 非公開)
    ✨ [新規SKU抽出] 玉川 純米吟醸 祝  無ろ過生原酒 [純米吟醸酒] (米: 国産米, 精米: 非公開)
    ✨ [新規SKU抽出] 玉川 自然仕込 生酛純米酒 コウノトリ  無ろ過生原酒 [純米酒] (米: 国産米, 精米: 非公開)
    ✨ [新規SKU抽出] 玉川 特別純米酒  無ろ過生原酒 [特別純米酒] (米: 国産米, 精米: 非公開)
    ✨ [新規SKU抽出] 玉川 Time Machine  無ろ過生原酒 [普通酒] (米: 国産米, 精米: 非公開)
    ✨ [新規SKU抽出] 燗が旨い、とろりとしたにごり酒 [普通酒] (米: 国産米, 精米: 非公開)
    ✨ [新規SKU抽出] 玉川 自然仕込 生酛純米酒 コウノトリ /無ろ過生原酒 [純米酒] (米: 国産米, 精米: 非公開)
    ✨ [新規SKU抽出] 玉川大吟醸代表 [大吟醸酒] (米: 国産米, 精米: 非公開)
  👉 木下酒造有限会社: 41 件の新規SKUを深層クローリングにより追加登録
[371/1376] 🏭 ID 1122: 熊野酒造有限会社 (京都府) - http://www.kuminoura.com
    ✨ [新規SKU抽出] 久美の浦　特別本醸造 [特別本醸造酒] (米: 国産米, 精米: 非公開)
    ✨ [新規SKU抽出] しぼりたて生酒 [普通酒] (米: 国産米, 精米: 非公開)
    ✨ [新規SKU抽出] 特別本醸造　冷酒 [特別本醸造酒] (米: 国産米, 精米: 非公開)
    ✨ [新規SKU抽出] 祝　純米酒 [純米酒] (米: 国産米, 精米: 非公開)
    ✨ [新規SKU抽出] 梅酒　梅和香 [リキュール] (米: 国産米, 精米: 非公開)
    ✨ [新規SKU抽出] リキュール　梅和香PREMIUM [リキュール] (米: 国産米, 精米: 非公開)
    ✨ [新規SKU抽出] ひやおろし原酒　あき [普通酒] (米: 国産米, 精米: 非公開)
    ✨ [新規SKU抽出] 純米吟醸原酒じょうの酒 [純米吟醸酒] (米: 国産米, 精米: 非公開)
    ✨ [新規SKU抽出] 純米大吟醸（化粧箱入） [純米大吟醸酒] (米: 国産米, 精米: 非公開)
    ✨ [新規SKU抽出] 本日発表の全国新酒鑑評会において弊社の大吟醸が入賞いたしました。 [大吟醸酒] (米: 国産米, 精米: 非公開)
    ✨ [新規SKU抽出] です、秘蔵の純米生にごり酒もあります。是非お越し下さい。 [純米酒] (米: 国産米, 精米: 非公開)
    ✨ [新規SKU抽出] しぼりたて生原酒 [普通酒] (米: 国産米, 精米: 非公開)
    ✨ [新規SKU抽出] 2016.06.09　純米大吟醸　原酒　吟客 [純米大吟醸酒] (米: 国産米, 精米: 非公開)
    ✨ [新規SKU抽出] 山椒梅酒 [リキュール] (米: 国産米, 精米: 非公開)
    ✨ [新規SKU抽出] 」(リキュール)を発売開始しました。 [リキュール] (米: 国産米, 精米: 非公開)
    ✨ [新規SKU抽出] 特別本醸造 [特別本醸造酒] (米: 国産米, 精米: 非公開)
    ✨ [新規SKU抽出] 浮玉　純米吟醸原酒 [純米吟醸酒] (米: 国産米, 精米: 非公開)
    ✨ [新規SKU抽出] 特別本醸造 冷酒 [特別本醸造酒] (米: 国産米, 精米: 非公開)
    ✨ [新規SKU抽出] 祝 純米酒 [純米酒] (米: 国産米, 精米: 非公開)
    ✨ [新規SKU抽出] 梅酒 梅和香 [リキュール] (米: 国産米, 精米: 非公開)
    ✨ [新規SKU抽出] リキュール 山椒梅酒 [リキュール] (米: 国産米, 精米: 非公開)
    ✨ [新規SKU抽出] ひやおろし原酒 あき [普通酒] (米: 国産米, 精米: 非公開)
    ✨ [新規SKU抽出] 純米吟醸原酒 じょうの酒 [純米吟醸酒] (米: 国産米, 精米: 非公開)
    ✨ [新規SKU抽出] 久美の浦 大吟醸原酒 金賞受賞酒 [大吟醸酒] (米: 国産米, 精米: 非公開)
    ✨ [新規SKU抽出] 純米大吟醸　原酒　吟客 [純米大吟醸酒] (米: 国産米, 精米: 非公開)
    ✨ [新規SKU抽出] 久美の浦　純米大吟醸 [純米大吟醸酒] (米: 国産米, 精米: 非公開)
    ✨ [新規SKU抽出] 久美の浦　純米吟醸 [純米吟醸酒] (米: 国産米, 精米: 非公開)
    ✨ [新規SKU抽出] 純米吟醸　杜氏の独り言 [純米吟醸酒] (米: 国産米, 精米: 非公開)
    ✨ [新規SKU抽出] 久美の浦　祝　純米酒 [純米酒] (米: 国産米, 精米: 非公開)
    ✨ [新規SKU抽出] 久美の浦　特別純米　KENRO [特別純米酒] (米: 国産米, 精米: 非公開)
    ✨ [新規SKU抽出] 久美の浦　特別純米酒　翠龍　SuiRyu [特別純米酒] (米: 国産米, 精米: 非公開)
    ✨ [新規SKU抽出] 久美の浦　しぼりたて生原酒 [普通酒] (米: 国産米, 精米: 非公開)
    ✨ [新規SKU抽出] 久美の浦　特別本醸造　冷酒 [特別本醸造酒] (米: 国産米, 精米: 非公開)
    ✨ [新規SKU抽出] 純米大吟醸原酒　吟客 [純米大吟醸酒] (米: 国産米, 精米: 非公開)
  👉 熊野酒造有限会社: 34 件の新規SKUを深層クローリングにより追加登録
[373/1376] 🏭 ID 1124: 向井酒造株式会社 (京都府) - https://www.facebook.com/mukaisyuzou/
[374/1376] 🏭 ID 1125: 与謝娘酒造合名会社 (京都府) - http://yosamusume.com/
    ✨ [新規SKU抽出] スパークリング清酒 [普通酒] (米: 国産米, 精米: 非公開)
    ✨ [新規SKU抽出] 与謝娘 大吟醸 [大吟醸酒] (米: 国産米, 精米: 非公開)
    ✨ [新規SKU抽出] 与謝娘 山廃純米原酒 [純米酒] (米: 国産米, 精米: 非公開)
    ✨ [新規SKU抽出] 純米吟醸。 [純米吟醸酒] (米: 国産米, 精米: 非公開)
    ✨ [新規SKU抽出] 丹後七姫 純米吟醸 [純米吟醸酒] (米: 国産米, 精米: 非公開)
    ✨ [新規SKU抽出] スパークリングなお酒 [普通酒] (米: 国産米, 精米: 非公開)
    ✨ [新規SKU抽出] スパークリング。 [普通酒] (米: 国産米, 精米: 非公開)
    ✨ [新規SKU抽出] フルーツリキュール。 [リキュール] (米: 国産米, 精米: 非公開)
    ✨ [新規SKU抽出] リキュール [リキュール] (米: 国産米, 精米: 非公開)
    ✨ [新規SKU抽出] ゆず酒スパークリング [リキュール] (米: 国産米, 精米: 非公開)
    ✨ [新規SKU抽出] 梅酒スパークリング [リキュール] (米: 国産米, 精米: 非公開)
    ✨ [新規SKU抽出] オトナのリキュール。 [リキュール] (米: 国産米, 精米: 非公開)
    ✨ [新規SKU抽出] すだち酒スパークリング [普通酒] (米: 国産米, 精米: 非公開)
    ✨ [新規SKU抽出] りんご酒スパークリング [普通酒] (米: 国産米, 精米: 非公開)
    ✨ [新規SKU抽出] なし酒スパークリング [普通酒] (米: 国産米, 精米: 非公開)
    ✨ [新規SKU抽出] 梅酒を作りました。 [リキュール] (米: 国産米, 精米: 非公開)
    ✨ [新規SKU抽出] 与謝娘 にごり梅酒 [リキュール] (米: 国産米, 精米: 非公開)
    ✨ [新規SKU抽出] 与謝娘 ゆず酒 [リキュール] (米: 国産米, 精米: 非公開)
    ✨ [新規SKU抽出] 与謝娘　大吟醸 [大吟醸酒] (米: 国産米, 精米: 非公開)
    ✨ [新規SKU抽出] 大吟醸 │ すっきり辛口のお酒 [大吟醸酒] (米: 国産米, 精米: 非公開)
    ✨ [新規SKU抽出] ほんのり苦みがオトナのリキュール。 [リキュール] (米: 国産米, 精米: 非公開)
    ✨ [新規SKU抽出] リキュール │ シュワっとスパークリングなお酒 [リキュール] (米: 国産米, 精米: 非公開)
  👉 与謝娘酒造合名会社: 22 件の新規SKUを深層クローリングにより追加登録
[375/1376] 🏭 ID 1126: ハクレイ酒造株式会社 (京都府) - https://hakurei.co.jp/
    ✨ [新規SKU抽出] 大吟醸酒 [大吟醸酒] (米: 国産米, 精米: 非公開)
    ✨ [新規SKU抽出] 本醸造酒 [本醸造酒] (米: 国産米, 精米: 非公開)
    ✨ [新規SKU抽出] 特別純米酒 [特別純米酒] (米: 国産米, 精米: 非公開)
    ✨ [新規SKU抽出] リキュール [リキュール] (米: 国産米, 精米: 非公開)
    ✨ [新規SKU抽出] 純米大吟醸 白吟のしずく25/26 [純米大吟醸酒] (米: 国産米, 精米: 非公開)
    ✨ [新規SKU抽出] 白嶺 白吟のしずく 純米大吟醸 [純米大吟醸酒] (米: 国産米, 精米: 非公開)
    ✨ [新規SKU抽出] 酒呑童子 ENJOY　ゆず酒 [リキュール] (米: 国産米, 精米: 非公開)
    ✨ [新規SKU抽出] しぼりたて生酒 [普通酒] (米: 国産米, 精米: 非公開)
    ✨ [新規SKU抽出] ハクレイスパークリング [普通酒] (米: 国産米, 精米: 非公開)
    ✨ [新規SKU抽出] 大江山の鬼伝説から生まれた銘酒。すっきりとした飲み口でキレの良い本醸造酒。 [本醸造酒] (米: 国産米, 精米: 非公開)
    ✨ [新規SKU抽出] お米本来の美味しさを活かし、特別純米酒から大吟醸原酒までラインナップ。 [特別純米酒] (米: 国産米, 精米: 非公開)
  👉 ハクレイ酒造株式会社: 11 件の新規SKUを深層クローリングにより追加登録
[376/1376] 🏭 ID 1127: 池田酒造株式会社 (京都府) - https://ikekumo.com
    ✨ [新規SKU抽出] お米のおいしさを伝えたい。そんな思いで純米酒を造っています。 [純米酒] (米: 国産米, 精米: 非公開)
    ✨ [新規SKU抽出] 純米大吟醸 池雲 [純米大吟醸酒] (米: 国産米, 精米: 非公開)
    ✨ [新規SKU抽出] 純米吟醸　池雲　祝 [純米吟醸酒] (米: 国産米, 精米: 非公開)
    ✨ [新規SKU抽出] 舞鶴梅酒 [リキュール] (米: 国産米, 精米: 非公開)
    ✨ [新規SKU抽出] 純米大吟醸　池雲　金ラベル [純米大吟醸酒] (米: 国産米, 精米: 非公開)
    ✨ [新規SKU抽出] 純米吟醸　池雲　銀ラベル [純米吟醸酒] (米: 国産米, 精米: 非公開)
    ✨ [新規SKU抽出] 純米酒　池雲 [純米酒] (米: 国産米, 精米: 非公開)
    ✨ [新規SKU抽出] 純米無濾過生原酒　ポンド [純米酒] (米: 国産米, 精米: 非公開)
    ✨ [新規SKU抽出] 梅酒　舞鶴梅酒 [リキュール] (米: 国産米, 精米: 非公開)
    ✨ [新規SKU抽出] 梅酒　池雲にごり梅酒 [リキュール] (米: 国産米, 精米: 非公開)
  👉 池田酒造株式会社: 10 件の新規SKUを深層クローリングにより追加登録
[377/1376] 🏭 ID 1128: 東和酒造有限会社 (京都府) - http://towa-shuzou.jp
    ✨ [新規SKU抽出] 特別純米酒 [特別純米酒] (米: 国産米, 精米: 非公開)
    ✨ [新規SKU抽出] 山廃純米 吟醸酒 [吟醸酒] (米: 国産米, 精米: 非公開)
    ✨ [新規SKU抽出] お燗用純米酒 [純米酒] (米: 国産米, 精米: 非公開)
    ✨ [新規SKU抽出] 生酛純米酒 [純米酒] (米: 国産米, 精米: 非公開)
    ✨ [新規SKU抽出] 純米吟醸酒 [純米吟醸酒] (米: 国産米, 精米: 非公開)
    ✨ [新規SKU抽出] 小仕込みによる製造、テーマで醸す純米酒「六歓」 [純米酒] (米: 国産米, 精米: 非公開)
    ✨ [新規SKU抽出] 中でも純米酒シリーズ「六歓」はテーマを設け、 [純米酒] (米: 国産米, 精米: 非公開)
    ✨ [新規SKU抽出] 古くからの製造方法である山廃酒母や生酛へのチャレンジや [普通酒] (米: 国産米, 精米: 非公開)
    ✨ [新規SKU抽出] 平成 24 年 純米酒シリーズ「六歓」製造開始。 [純米酒] (米: 国産米, 精米: 非公開)
    ✨ [新規SKU抽出] 山廃純米吟醸酒 [純米吟醸酒] (米: 国産米, 精米: 非公開)
    ✨ [新規SKU抽出] 大吟醸祝 [大吟醸酒] (米: 国産米, 精米: 非公開)
    ✨ [新規SKU抽出] テーマで醸す純米酒ブランド「六歓(ろっかん)」 [純米酒] (米: 国産米, 精米: 非公開)
    ✨ [新規SKU抽出] 六歓シリーズ第一弾の特別純米酒です。 [特別純米酒] (米: 国産米, 精米: 非公開)
  👉 東和酒造有限会社: 13 件の新規SKUを深層クローリングにより追加登録
[378/1376] 🏭 ID 1129: 若宮酒造株式会社 (京都府) - https://wakamiyasyuzou-kyoto.com
    ✨ [新規SKU抽出] 純米大吟醸 綾小町 [純米大吟醸酒] (米: 国産米, 精米: 非公開)
    ✨ [新規SKU抽出] 純米大吟醸 丹の国 [純米大吟醸酒] (米: 国産米, 精米: 非公開)
    ✨ [新規SKU抽出] 純米大吟醸　丹の国 [純米大吟醸酒] (米: 国産米, 精米: 非公開)
  👉 若宮酒造株式会社: 3 件の新規SKUを深層クローリングにより追加登録
[379/1376] 🏭 ID 1130: 有限会社長老 (京都府) - http://chourou.co.jp
    ✨ [新規SKU抽出] 清酒　長老「丹」( 純米吟醸酒 )　京丹波100%販売開始！ [純米吟醸酒] (米: 国産米, 精米: 00%)
    ✨ [新規SKU抽出] 清酒　長老「丹」( 純米吟醸酒 ) [純米吟醸酒] (米: 国産米, 精米: 非公開)
    ✨ [新規SKU抽出] 種別　　　　　 純米吟醸酒 [純米吟醸酒] (米: 国産米, 精米: 非公開)
    ✨ [新規SKU抽出] こんなお酒になります。
        京丹波づくしの純米吟醸酒です。 [純米吟醸酒] (米: 国産米, 精米: 非公開)
    ✨ [新規SKU抽出] 丹波一滴(純米酒) [純米酒] (米: 国産米, 精米: 非公開)
    ✨ [新規SKU抽出] 生原酒(低温貯蔵原酒) [普通酒] (米: 国産米, 精米: 非公開)
  👉 有限会社長老: 6 件の新規SKUを深層クローリングにより追加登録
[380/1376] 🏭 ID 1132: 大石酒造株式会社 (京都府) - http://okinazuru.co.jp
    ✨ [新規SKU抽出] リキュール [リキュール] (米: 国産米, 精米: 非公開)
    ✨ [新規SKU抽出] 海外の酒類コンテストで梅酒 麗「うらら」が受賞しました。 [リキュール] (米: 国産米, 精米: 非公開)
    ✨ [新規SKU抽出] 梅酒 麗「うらら」 [リキュール] (米: 国産米, 精米: 非公開)
    ✨ [新規SKU抽出] 美山 てんごりが本醸造部門でトロフィーを受賞しました。 [本醸造酒] (米: 国産米, 精米: 非公開)
    ✨ [新規SKU抽出] 日吉晴（純米吟醸 ダム貯蔵酒） [純米吟醸酒] (米: 国産米, 精米: 非公開)
    ✨ [新規SKU抽出] 梅酒　麗（うらら） [リキュール] (米: 国産米, 精米: 非公開)
    ✨ [新規SKU抽出] 翁鶴 純米大吟醸 [純米大吟醸酒] (米: 国産米, 精米: 非公開)
    ✨ [新規SKU抽出] 翁鶴 純米大吟醸　1, [純米大吟醸酒] (米: 国産米, 精米: 非公開)
  👉 大石酒造株式会社: 8 件の新規SKUを深層クローリングにより追加登録
[381/1376] 🏭 ID 1133: 佐々木酒造株式会社 (京都府) - http://jurakudai.com
    ✨ [新規SKU抽出] 聚楽第 純米大吟醸 [純米大吟醸酒] (米: 国産米, 精米: 非公開)
    ✨ [新規SKU抽出] 聚楽第 純米吟醸 [純米吟醸酒] (米: 国産米, 精米: 非公開)
    ✨ [新規SKU抽出] ほのかな吟醸香で幅のある味わい。 [吟醸酒] (米: 国産米, 精米: 非公開)
    ✨ [新規SKU抽出] 西陣 特別純米 [特別純米酒] (米: 国産米, 精米: 非公開)
    ✨ [新規SKU抽出] 大吟醸仕込みの本格派純米酒。 [大吟醸酒] (米: 国産米, 精米: 非公開)
    ✨ [新規SKU抽出] 聚楽第大吟醸 GOLD PRIZE 全国新酒鑑評会 金賞受賞酒(R8) [大吟醸酒] (米: 国産米, 精米: 非公開)
    ✨ [新規SKU抽出] 聚楽第 純米大吟醸ピュアクラフト [純米大吟醸酒] (米: 国産米, 精米: 非公開)
    ✨ [新規SKU抽出] 聚楽第 純米大吟醸レボリューションネオ [純米大吟醸酒] (米: 国産米, 精米: 非公開)
    ✨ [新規SKU抽出] 聚楽第 大吟醸エクストラプレミアム [大吟醸酒] (米: 国産米, 精米: 非公開)
    ✨ [新規SKU抽出] 聚楽第 純米大吟醸リミテッドエディション [純米大吟醸酒] (米: 国産米, 精米: 非公開)
    ✨ [新規SKU抽出] 清酒、リキュール、清涼飲料水の製造・販売、酒蔵ツーリズム [リキュール] (米: 国産米, 精米: 非公開)
    ✨ [新規SKU抽出] 古都 大吟醸 [大吟醸酒] (米: 国産米, 精米: 非公開)
    ✨ [新規SKU抽出] 古都 純米吟醸 [純米吟醸酒] (米: 国産米, 精米: 非公開)
    ✨ [新規SKU抽出] 福実鳥（ふくみどり）古都 特別純米 [特別純米酒] (米: 国産米, 精米: 非公開)
    ✨ [新規SKU抽出] 山田錦を100％使用した純米酒。 [純米酒] (米: 山田錦, 精米: 非公開)
    ✨ [新規SKU抽出] まるたけえびす 本醸造 [本醸造酒] (米: 国産米, 精米: 非公開)
    ✨ [新規SKU抽出] 平安四神ブラック 大吟醸 [大吟醸酒] (米: 国産米, 精米: 非公開)
    ✨ [新規SKU抽出] 平安四神ブルー 吟醸 [吟醸酒] (米: 国産米, 精米: 非公開)
    ✨ [新規SKU抽出] ほどよい吟醸香でキレのよい後口。 [吟醸酒] (米: 国産米, 精米: 非公開)
    ✨ [新規SKU抽出] 古都 大吟醸 おりがらみ [大吟醸酒] (米: 国産米, 精米: 非公開)
    ✨ [新規SKU抽出] 古都 純米吟醸原酒 [純米吟醸酒] (米: 国産米, 精米: 非公開)
    ✨ [新規SKU抽出] 吟醸酵母が醸し出す淡麗で調和のとれた切れ味。 [吟醸酒] (米: 国産米, 精米: 非公開)
    ✨ [新規SKU抽出] 古都 大吟醸原酒 [大吟醸酒] (米: 国産米, 精米: 非公開)
    ✨ [新規SKU抽出] 夏方（なつざま）純米吟醸原酒 [純米吟醸酒] (米: 国産米, 精米: 非公開)
    ✨ [新規SKU抽出] 心地よい吟醸香で爽やかな味わい。 [吟醸酒] (米: 国産米, 精米: 非公開)
    ✨ [新規SKU抽出] 西陣 特別純米 熟成酒 [特別純米酒] (米: 国産米, 精米: 非公開)
    ✨ [新規SKU抽出] 古都 純米吟醸 ひやおろし [純米吟醸酒] (米: 国産米, 精米: 非公開)
    ✨ [新規SKU抽出] 西陣 特別純米 しぼりたて [特別純米酒] (米: 国産米, 精米: 非公開)
    ✨ [新規SKU抽出] 新酒のフレッシュな香りと純米酒らしい奥行きある味わい。 [純米酒] (米: 国産米, 精米: 非公開)
    ✨ [新規SKU抽出] 聚楽第 吟醸 あらばしり [吟醸酒] (米: 国産米, 精米: 非公開)
    ✨ [新規SKU抽出] 古都 しぼりたて [普通酒] (米: 国産米, 精米: 非公開)
    ✨ [新規SKU抽出] 国産果実の京都産リキュール [リキュール] (米: 国産米, 精米: 非公開)
    ✨ [新規SKU抽出] 古都のリキュール 檸檬 [リキュール] (米: 国産米, 精米: 非公開)
    ✨ [新規SKU抽出] 古都のリキュール 柚子 [リキュール] (米: 国産米, 精米: 非公開)
    ✨ [新規SKU抽出] 大吟醸の酒かすを使ったかす汁の素 [大吟醸酒] (米: 国産米, 精米: 非公開)
  👉 佐々木酒造株式会社: 35 件の新規SKUを深層クローリングにより追加登録
[382/1376] 🏭 ID 1134: 松井酒造株式会社 (京都府) - https://matsuishuzo.com
    ✨ [新規SKU抽出] 試験醸造の純米吟醸酒　神蔵「野条穂」を販売いたします [純米吟醸酒] (米: 国産米, 精米: 非公開)
    ✨ [新規SKU抽出] 新しいリキュール　神蔵「蜜號」かぼす山椒ができました！ [リキュール] (米: 国産米, 精米: 非公開)
    ✨ [新規SKU抽出] 神蔵 スパークリング [普通酒] (米: 国産米, 精米: 非公開)
    ✨ [新規SKU抽出] ＜神蔵のリキュール＞ [リキュール] (米: 国産米, 精米: 非公開)
    ✨ [新規SKU抽出] 神蔵　露花　スパークリング [普通酒] (米: 国産米, 精米: 非公開)
    ✨ [新規SKU抽出] 純米大吟醸　神蔵KAGURA　無濾過・無加水・生酒（白） [純米大吟醸酒] (米: 国産米, 精米: 非公開)
    ✨ [新規SKU抽出] 大吟醸粕 [大吟醸酒] (米: 国産米, 精米: 非公開)
    ✨ [新規SKU抽出] 純米吟醸　神蔵KAGURA　野条穂　無濾過・無加水・生酒 [純米吟醸酒] (米: 国産米, 精米: 非公開)
    ✨ [新規SKU抽出] 限定特別誂　純米大吟醸　神蔵KAGURA　アッサンブラージュ　無濾過・無加水・生酒 [純米大吟醸酒] (米: 国産米, 精米: 非公開)
    ✨ [新規SKU抽出] 純米大吟醸　神蔵KAGURA　無濾過・無加水・生酒（黒） [純米大吟醸酒] (米: 国産米, 精米: 非公開)
    ✨ [新規SKU抽出] 純米大吟醸　神蔵KAGURA　無濾過・無加水・一火（白） [純米大吟醸酒] (米: 国産米, 精米: 非公開)
    ✨ [新規SKU抽出] 純米大吟醸　神蔵KAGURA　無濾過・無加水・一火（黒） [純米大吟醸酒] (米: 国産米, 精米: 非公開)
    ✨ [新規SKU抽出] 純米大吟醸　神蔵KAGURA　愛山　無濾過・無加水・生酒 [純米大吟醸酒] (米: 愛山, 精米: 非公開)
    ✨ [新規SKU抽出] 神蔵KAGURA　にごり酒「ひそか」　無濾過・無加水・生酒 [普通酒] (米: 国産米, 精米: 非公開)
    ✨ [新規SKU抽出] 富士千歳　しぼりたて生原酒 [普通酒] (米: 国産米, 精米: 非公開)
    ✨ [新規SKU抽出] 富士千歳　純米にごり酒 [純米酒] (米: 国産米, 精米: 非公開)
    ✨ [新規SKU抽出] 金瓢　吟醸生貯蔵酒 [吟醸酒] (米: 国産米, 精米: 非公開)
    ✨ [新規SKU抽出] ふじちとせ　ひやおろし原酒 [普通酒] (米: 国産米, 精米: 非公開)
  👉 松井酒造株式会社: 18 件の新規SKUを深層クローリングにより追加登録
[383/1376] 🏭 ID 1135: 羽田酒造有限会社 (京都府) - http://hanedashuzo.co.jp
    ✨ [新規SKU抽出] 純米大吟醸　蒼光 [純米大吟醸酒] (米: 国産米, 精米: 非公開)
    ✨ [新規SKU抽出] 京都産の酒米「祝」を磨き、伝統の手造りで醸し上げた上品な吟醸香が特徴です。 [吟醸酒] (米: 国産米, 精米: 非公開)
    ✨ [新規SKU抽出] 「初日の出」大吟醸特A山田錦　磨き三割五分 [大吟醸酒] (米: 山田錦, 精米: 非公開)
    ✨ [新規SKU抽出] 初日の出 大吟醸袋しぼり斗瓶囲い 原酒 [大吟醸酒] (米: 国産米, 精米: 非公開)
    ✨ [新規SKU抽出] 京都北山　初日の出　プレミアム「蒼光」純米大吟醸 [純米大吟醸酒] (米: 国産米, 精米: 非公開)
    ✨ [新規SKU抽出] 京都北山　初日の出　プレミアム「大吟醸」氷温貯蔵酒 [大吟醸酒] (米: 国産米, 精米: 非公開)
    ✨ [新規SKU抽出] 初日の出　大吟醸 [大吟醸酒] (米: 国産米, 精米: 非公開)
    ✨ [新規SKU抽出] 初日の出 純米大吟醸無濾過生原酒 [純米大吟醸酒] (米: 国産米, 精米: 非公開)
    ✨ [新規SKU抽出] 六友　純米大吟醸原酒 [純米大吟醸酒] (米: 国産米, 精米: 非公開)
    ✨ [新規SKU抽出] 京都北山　吟醸　木桶仕込 [吟醸酒] (米: 国産米, 精米: 非公開)
    ✨ [新規SKU抽出] 京都北山「初日の出」純米大吟醸 [純米大吟醸酒] (米: 国産米, 精米: 非公開)
    ✨ [新規SKU抽出] 京・北山「羽田」純米吟醸 [純米吟醸酒] (米: 国産米, 精米: 非公開)
    ✨ [新規SKU抽出] 京・北山「羽田」純米酒 [純米酒] (米: 国産米, 精米: 非公開)
    ✨ [新規SKU抽出] 京都産米『京の輝き』を100%使用。京都北山の伏流水(中硬水)で仕込んだ純米酒。 [純米酒] (米: 国産米, 精米: 00%)
    ✨ [新規SKU抽出] 京都北山　初日の出　純米酒 [純米酒] (米: 国産米, 精米: 非公開)
    ✨ [新規SKU抽出] 純米生原酒　あらばしり無濾過直詰（１２月～翌年４月下旬） [純米酒] (米: 国産米, 精米: 非公開)
    ✨ [新規SKU抽出] しぼったままのフレッシュな味わいと“無ろ過”ならではの濃厚なのど越しの生原酒。 [普通酒] (米: 国産米, 精米: 非公開)
    ✨ [新規SKU抽出] 京・北山「羽田」純米酒無濾過一つ火(春季限定) [純米酒] (米: 国産米, 精米: 非公開)
    ✨ [新規SKU抽出] 蔵人いちおし　しぼりたて [普通酒] (米: 国産米, 精米: 非公開)
    ✨ [新規SKU抽出] 純米吟醸生原酒　無濾過直詰 [純米吟醸酒] (米: 国産米, 精米: 非公開)
    ✨ [新規SKU抽出] しぼったそのまま無濾過直詰した純米吟醸生原酒。こだわりの逸品です。 [純米吟醸酒] (米: 国産米, 精米: 非公開)
    ✨ [新規SKU抽出] 旨みと酸味の調和がとれた味わいのある夏の純米酒です。 [純米酒] (米: 国産米, 精米: 非公開)
    ✨ [新規SKU抽出] 京･北山「羽田」純米無濾過生原酒(5月上旬～11月下旬) [純米酒] (米: 国産米, 精米: 非公開)
    ✨ [新規SKU抽出] 華やかな金箔を加えためでたい純米酒 [純米酒] (米: 国産米, 精米: 非公開)
  👉 羽田酒造有限会社: 24 件の新規SKUを深層クローリングにより追加登録
[384/1376] 🏭 ID 1136: 黄桜株式会社 (京都府) - https://kizakura.co.jp
[385/1376] 🏭 ID 1137: 株式会社北川本家 (京都府) - https://www.tomio-sake.co.jp/
    ✨ [新規SKU抽出] 山廃仕込みならではの味わいとスッキリとしたあと口 [普通酒] (米: 国産米, 精米: 非公開)
    ✨ [新規SKU抽出] 山田錦のみを丁寧に仕込んだ純米大吟醸酒です。 [純米大吟醸酒] (米: 山田錦, 精米: 非公開)
    ✨ [新規SKU抽出] 富翁 大吟醸純米 ささにごり [大吟醸酒] (米: 国産米, 精米: 非公開)
    ✨ [新規SKU抽出] 富翁 大吟醸純米 京のはないちりん [大吟醸酒] (米: 国産米, 精米: 非公開)
    ✨ [新規SKU抽出] 富翁 純米大吟醸 吟の司 [純米大吟醸酒] (米: 国産米, 精米: 非公開)
    ✨ [新規SKU抽出] 富翁 大吟醸 金賞酒 [大吟醸酒] (米: 国産米, 精米: 非公開)
    ✨ [新規SKU抽出] 富翁 大吟醸 山田錦 蔵元直送 [大吟醸酒] (米: 山田錦, 精米: 非公開)
    ✨ [新規SKU抽出] 大吟醸原酒 源蔵G徳利 [大吟醸酒] (米: 国産米, 精米: 非公開)
    ✨ [新規SKU抽出] 富翁 特撰 純米吟醸 [純米吟醸酒] (米: 国産米, 精米: 非公開)
    ✨ [新規SKU抽出] 富翁 純米吟醸 蔵元直送 祝 [純米吟醸酒] (米: 国産米, 精米: 非公開)
    ✨ [新規SKU抽出] 富翁 特別純米 五百万石 [特別純米酒] (米: 五百万石, 精米: 非公開)
    ✨ [新規SKU抽出] ふり袖 純米吟醸 [純米吟醸酒] (米: 国産米, 精米: 非公開)
    ✨ [新規SKU抽出] 京の雅 大吟醸純米 [大吟醸酒] (米: 国産米, 精米: 非公開)
    ✨ [新規SKU抽出] 大吟醸 鮒屋の酒 [大吟醸酒] (米: 国産米, 精米: 非公開)
    ✨ [新規SKU抽出] 清酒、焼酎、リキュール他製造作業等 [リキュール] (米: 国産米, 精米: 非公開)
  👉 株式会社北川本家: 15 件の新規SKUを深層クローリングにより追加登録
[386/1376] 🏭 ID 1139: 株式会社京姫酒造 (京都府) - https://www.kyohime.co.jp/
    ✨ [新規SKU抽出] 京都で生まれた酒造好適米「祝(いわい)」で醸す純米大吟醸は、繊細で雅やかな香りと [純米大吟醸酒] (米: 国産米, 精米: 非公開)
    ✨ [新規SKU抽出] プラチナ賞：Kura Master 2021年度 純米大吟醸酒部門 [純米大吟醸酒] (米: 国産米, 精米: 非公開)
    ✨ [新規SKU抽出] 全国新酒鑑評会出品酒　特Ａ地区産特等山田錦100％使用した手造り大吟醸酒。 [大吟醸酒] (米: 山田錦, 精米: 非公開)
    ✨ [新規SKU抽出] ワイングラスでおいしい日本酒アワード2021 プレミアム大吟醸部門「金賞」受賞 [大吟醸酒] (米: 国産米, 精米: 非公開)
    ✨ [新規SKU抽出] 令和二年度 大阪国税局清酒鑑評会吟醸の部「優等賞」受賞 [吟醸酒] (米: 国産米, 精米: 非公開)
    ✨ [新規SKU抽出] 平成29年度 大阪局清酒鑑評会　吟醸の部 優等賞 [吟醸酒] (米: 国産米, 精米: 非公開)
  👉 株式会社京姫酒造: 6 件の新規SKUを深層クローリングにより追加登録
[387/1376] 🏭 ID 1140: キンシ正宗株式会社 (京都府) - http://kinshimasamune.com
    ✨ [新規SKU抽出] 純米大吟醸 (0件) [純米大吟醸酒] (米: 国産米, 精米: 非公開)
    ✨ [新規SKU抽出] 大吟醸 (0件) [大吟醸酒] (米: 国産米, 精米: 非公開)
    ✨ [新規SKU抽出] 純米吟醸 (0件) [純米吟醸酒] (米: 国産米, 精米: 非公開)
    ✨ [新規SKU抽出] 本醸造 (0件) [本醸造酒] (米: 国産米, 精米: 非公開)
    ✨ [新規SKU抽出] リキュール (0件) [リキュール] (米: 国産米, 精米: 非公開)
  👉 キンシ正宗株式会社: 5 件の新規SKUを深層クローリングにより追加登録
[388/1376] 🏭 ID 1141: 月桂冠株式会社 (京都府) - https://www.gekkeikan.co.jp/
    ✨ [新規SKU抽出] 山田錦特別純米 | 商品情報 | 月桂冠 [特別純米酒] (米: 山田錦, 精米: 非公開)
    ✨ [新規SKU抽出] 特別純米酒 [特別純米酒] (米: 国産米, 精米: 非公開)
    ✨ [新規SKU抽出] 日本酒×ライム果汁のリキュール。すっきり爽やかで飲みごたえのあるお酒。 [リキュール] (米: 国産米, 精米: 非公開)
    ✨ [新規SKU抽出] リキュール [リキュール] (米: 国産米, 精米: 非公開)
    ✨ [新規SKU抽出] 日本酒×ライム果汁の和風リキュール [リキュール] (米: 国産米, 精米: 非公開)
    ✨ [新規SKU抽出] 鳳麟 純米大吟醸 [純米大吟醸酒] (米: 国産米, 精米: 非公開)
    ✨ [新規SKU抽出] 鳳麟 純米吟醸 [純米吟醸酒] (米: 国産米, 精米: 非公開)
    ✨ [新規SKU抽出] ヌーベル月桂冠 純米吟醸 [純米吟醸酒] (米: 国産米, 精米: 非公開)
    ✨ [新規SKU抽出] 月桂冠 THE SHOT 香醇エレガント〈純米吟醸〉 [純米吟醸酒] (米: 国産米, 精米: 非公開)
    ✨ [新規SKU抽出] 大吟醸 生詰 [大吟醸酒] (米: 国産米, 精米: 非公開)
    ✨ [新規SKU抽出] おちょこ付大吟醸 [大吟醸酒] (米: 国産米, 精米: 非公開)
    ✨ [新規SKU抽出] 月桂冠 THE SHOT 華やぐドライ〈大吟醸〉 [大吟醸酒] (米: 国産米, 精米: 非公開)
    ✨ [新規SKU抽出] 京しぼり 祝米 大吟醸 [大吟醸酒] (米: 国産米, 精米: 非公開)
    ✨ [新規SKU抽出] 超特撰 特別純米 純金箔入 [特別純米酒] (米: 国産米, 精米: 非公開)
    ✨ [新規SKU抽出] 炭酸割りでおいしい純米酒 [純米酒] (米: 国産米, 精米: 非公開)
    ✨ [新規SKU抽出] 月桂冠 THE SHOT 艶めくリッチ〈本醸造〉 [本醸造酒] (米: 国産米, 精米: 非公開)
    ✨ [新規SKU抽出] にごり酒 [普通酒] (米: 国産米, 精米: 非公開)
    ✨ [新規SKU抽出] 月桂冠 アルゴスパークリング 日本酒5.0 [普通酒] (米: 国産米, 精米: 非公開)
    ✨ [新規SKU抽出] 角樽 特撰本醸造 [本醸造酒] (米: 国産米, 精米: 非公開)
    ✨ [新規SKU抽出] 完熟梅酒原酒 [リキュール] (米: 国産米, 精米: 非公開)
    ✨ [新規SKU抽出] 伝匠月桂冠 大吟醸 [大吟醸酒] (米: 国産米, 精米: 非公開)
    ✨ [新規SKU抽出] 伝匠月桂冠 純米吟醸 [純米吟醸酒] (米: 国産米, 精米: 非公開)
    ✨ [新規SKU抽出] 京山水 特別純米 [特別純米酒] (米: 国産米, 精米: 非公開)
    ✨ [新規SKU抽出] 京山水 本醸造 [本醸造酒] (米: 国産米, 精米: 非公開)
    ✨ [新規SKU抽出] 京の泉 山田錦特別純米 [特別純米酒] (米: 山田錦, 精米: 非公開)
  👉 月桂冠株式会社: 25 件の新規SKUを深層クローリングにより追加登録
[389/1376] 🏭 ID 1142: 株式会社小山本家酒造京都伏見工場 (京都府) - https://koyamahonke.co.jp
[390/1376] 🏭 ID 1143: 齊藤酒造株式会社 (京都府) - https://www.eikun.com/
[391/1376] 🏭 ID 1144: 招德酒造株式会社 (京都府) - https://www.shoutoku.co.jp
    ✨ [新規SKU抽出] 和リキュール [リキュール] (米: 国産米, 精米: 非公開)
    ✨ [新規SKU抽出] 初鰹の梅酒煮 [リキュール] (米: 国産米, 精米: 非公開)
    ✨ [新規SKU抽出] 米と米麹と水で造る純米酒こそ日本酒本来の姿である [純米酒] (米: 国産米, 精米: 非公開)
    ✨ [新規SKU抽出] 純米酒にこだわり [純米酒] (米: 国産米, 精米: 非公開)
    ✨ [新規SKU抽出] 純米大吟醸シリーズ [純米大吟醸酒] (米: 国産米, 精米: 非公開)
    ✨ [新規SKU抽出] 古きを守り、新しきを生む。杜氏の挑戦から生まれた純米大吟醸です。 [純米大吟醸酒] (米: 国産米, 精米: 非公開)
    ✨ [新規SKU抽出] 生酛シリーズ [普通酒] (米: 国産米, 精米: 非公開)
    ✨ [新規SKU抽出] 純米酒をベースに国産果汁や果実で仕上げた、香り豊かな和リキュールです。 [純米酒] (米: 国産米, 精米: 非公開)
    ✨ [新規SKU抽出] 純米大吟醸「花洛」 [純米大吟醸酒] (米: 国産米, 精米: 非公開)
    ✨ [新規SKU抽出] 今月の料理がなぜ洋風かというと、この「純米大吟醸花洛」、 [純米大吟醸酒] (米: 国産米, 精米: 非公開)
    ✨ [新規SKU抽出] 純米無濾過生原酒 [純米酒] (米: 国産米, 精米: 非公開)
    ✨ [新規SKU抽出] 美味しい生原酒 [普通酒] (米: 国産米, 精米: 非公開)
    ✨ [新規SKU抽出] 純米無濾過生原酒 旭 [純米酒] (米: 国産米, 精米: 非公開)
    ✨ [新規SKU抽出] 純米吟醸 花洛 山田錦 [純米吟醸酒] (米: 山田錦, 精米: 非公開)
    ✨ [新規SKU抽出] 山田錦の純米吟醸 [純米吟醸酒] (米: 山田錦, 精米: 非公開)
  👉 招德酒造株式会社: 15 件の新規SKUを深層クローリングにより追加登録
[392/1376] 🏭 ID 1145: 宝酒造株式会社 (京都府) - https://www.takarashuzo.co.jp
    ✨ [新規SKU抽出] 全量芋焼酎「ISAINA」 [本格焼酎] (米: 国産米, 精米: 非公開)
    ✨ [新規SKU抽出] 「純米大吟醸」 [純米大吟醸酒] (米: 国産米, 精米: 非公開)
    ✨ [新規SKU抽出] 寶 和リキュール「産地めぐり」 [リキュール] (米: 国産米, 精米: 非公開)
    ✨ [新規SKU抽出] 寶 和リキュール「産地めぐり」＜静岡香る三ケ日みかん＞ [リキュール] (米: 国産米, 精米: 非公開)
    ✨ [新規SKU抽出] 寶 和リキュール「産地めぐり」＜静岡恋する白いちご＞ [リキュール] (米: 国産米, 精米: 非公開)
    ✨ [新規SKU抽出] スパークリング白いちご [普通酒] (米: 国産米, 精米: 非公開)
    ✨ [新規SKU抽出] 寶 和リキュール「産地めぐり」＜京柚子＞ [リキュール] (米: 国産米, 精米: 非公開)
    ✨ [新規SKU抽出] 寶 和リキュール「産地めぐり」＜出雲シャインマスカット＞ [リキュール] (米: 国産米, 精米: 非公開)
    ✨ [新規SKU抽出] 寶 和リキュール「産地めぐり」＜宮崎完熟マンゴー＞ [リキュール] (米: 国産米, 精米: 非公開)
    ✨ [新規SKU抽出] 寶 和リキュール「産地めぐり」＜宮崎ライチ＞ [リキュール] (米: 国産米, 精米: 非公開)
    ✨ [新規SKU抽出] 寶 和リキュール「産地めぐり」＜沖縄濃厚パイン＞ [リキュール] (米: 国産米, 精米: 非公開)
    ✨ [新規SKU抽出] こだわり梅酒 [リキュール] (米: 国産米, 精米: 非公開)
  👉 宝酒造株式会社: 12 件の新規SKUを深層クローリングにより追加登録
[393/1376] 🏭 ID 1146: 玉乃光酒造株式会社 (京都府) - https://www.tamanohikari.co.jp/
    ✨ [新規SKU抽出] 希少な酒米「渡船2号」で醸した純米大吟醸酒。芳醇な香りとキレのある味わいが絶品です。 [純米大吟醸酒] (米: 国産米, 精米: 非公開)
    ✨ [新規SKU抽出] リキュール [リキュール] (米: 国産米, 精米: 非公開)
  👉 玉乃光酒造株式会社: 2 件の新規SKUを深層クローリングにより追加登録
[394/1376] 🏭 ID 1147: 株式会社豊澤本店 (京都府) - https://housyuku-kyoto.com/
    ✨ [新規SKU抽出] 生原酒・竹酒 [普通酒] (米: 国産米, 精米: 非公開)
    ✨ [新規SKU抽出] 豊祝 純米大吟醸 祝「神酒ノ尊-キミノミコト-」 [純米大吟醸酒] (米: 国産米, 精米: 非公開)
    ✨ [新規SKU抽出] 〈セット内容〉豊祝 純米大吟醸 祝 [純米大吟醸酒] (米: 国産米, 精米: 非公開)
    ✨ [新規SKU抽出] 〈豊祝皇子ラベル酒のみ〉豊祝 純米大吟醸 祝 [純米大吟醸酒] (米: 国産米, 精米: 非公開)
    ✨ [新規SKU抽出] 豊祝 純米大吟醸 祝「神酒ノ尊-ミキノミコト-」豊祝皇子ラベル酒 [純米大吟醸酒] (米: 国産米, 精米: 非公開)
    ✨ [新規SKU抽出] 豊祝 純米大吟醸 祝 [純米大吟醸酒] (米: 国産米, 精米: 非公開)
    ✨ [新規SKU抽出] 豊祝 純米大吟醸 祝 豊祝皇子ラベル酒＆キャラクター彫刻ステンレスお猪口 セッ [純米大吟醸酒] (米: 国産米, 精米: 非公開)
    ✨ [新規SKU抽出] 豊祝　純米大吟醸　祝「神酒ノ尊-ミキノミコト-」豊祝皇子ラベル酒 [純米大吟醸酒] (米: 国産米, 精米: 非公開)
    ✨ [新規SKU抽出] 豊祝 純米大吟醸 祝 「神酒ノ尊-ミキノミコト-」豊祝皇子ラベル酒 [純米大吟醸酒] (米: 国産米, 精米: 非公開)
    ✨ [新規SKU抽出] 豊祝　純米吟醸 [純米吟醸酒] (米: 国産米, 精米: 非公開)
    ✨ [新規SKU抽出] 豊祝　しぼりたて　季節限定生酒 [普通酒] (米: 国産米, 精米: 非公開)
    ✨ [新規SKU抽出] 豊祝　特別純米 [特別純米酒] (米: 国産米, 精米: 非公開)
    ✨ [新規SKU抽出] 豊祝　吟醸 [吟醸酒] (米: 国産米, 精米: 非公開)
    ✨ [新規SKU抽出] 豊祝　大吟醸 [大吟醸酒] (米: 国産米, 精米: 非公開)
    ✨ [新規SKU抽出] 豊祝　純米大吟醸　祝 [純米大吟醸酒] (米: 国産米, 精米: 非公開)
  👉 株式会社豊澤本店: 15 件の新規SKUを深層クローリングにより追加登録
[395/1376] 🏭 ID 1148: 東山酒造有限会社 (京都府) - https://higashiyamasake.com/
[396/1376] 🏭 ID 1149: 藤岡酒造株式会社 (京都府) - http://sookuu.net
    ✨ [新規SKU抽出] 日本酒純米酒「蒼空」醸造元藤岡酒造の歴史 [純米酒] (米: 国産米, 精米: 非公開)
    ✨ [新規SKU抽出] 京都伏見の日本酒純米酒「蒼空」のご紹介 [純米酒] (米: 国産米, 精米: 非公開)
    ✨ [新規SKU抽出] 日本酒純米酒「蒼空」のこだわり [純米酒] (米: 国産米, 精米: 非公開)
    ✨ [新規SKU抽出] 日本酒純米酒「蒼空」醸造元藤岡酒造への地図(京都伏見) [純米酒] (米: 国産米, 精米: 非公開)
    ✨ [新規SKU抽出] 日本酒純米酒「蒼空」のつながり（リンク集） [純米酒] (米: 国産米, 精米: 非公開)
  👉 藤岡酒造株式会社: 5 件の新規SKUを深層クローリングにより追加登録
[398/1376] 🏭 ID 1151: 株式会社増田德兵衞商店 (京都府) - http://tsukinokatsura.co.jp
[399/1376] 🏭 ID 1152: 松本酒造株式会社 (京都府) - https://matsumotoshuzo.com/
[400/1376] 🏭 ID 1154: 都鶴酒造株式会社 (京都府) - http://miyakotsuru.co.jp
[401/1376] 🏭 ID 1155: 株式会社山本本家 (京都府) - http://yamamotohonke.jp/
    ✨ [新規SKU抽出] 純米吟醸・特別純米 [純米吟醸酒] (米: 国産米, 精米: 非公開)
    ✨ [新規SKU抽出] 本醸造酒 | 清酒(日本酒)の製造、販売 | 山本本家 [本醸造酒] (米: 国産米, 精米: 非公開)
    ✨ [新規SKU抽出] 上撰 本醸造 神聖 [本醸造酒] (米: 国産米, 精米: 非公開)
    ✨ [新規SKU抽出] 上撰 本醸造 鐡斎 [本醸造酒] (米: 国産米, 精米: 非公開)
    ✨ [新規SKU抽出] 山田錦 特別本醸造原酒 [特別本醸造酒] (米: 山田錦, 精米: 非公開)
    ✨ [新規SKU抽出] 上撰 吟醸かぐや姫 [吟醸酒] (米: 国産米, 精米: 非公開)
    ✨ [新規SKU抽出] 卯酉 純米大吟醸 [純米大吟醸酒] (米: 国産米, 精米: 非公開)
    ✨ [新規SKU抽出] 神聖 祝 純米吟醸酒 [純米吟醸酒] (米: 国産米, 精米: 非公開)
    ✨ [新規SKU抽出] 神聖 ひやおろし純米原酒 [純米酒] (米: 国産米, 精米: 非公開)
    ✨ [新規SKU抽出] 神聖　純米大吟醸原酒二割五分 [純米大吟醸酒] (米: 国産米, 精米: 非公開)
    ✨ [新規SKU抽出] 神聖 祝 純米大吟醸三割五分 [純米大吟醸酒] (米: 国産米, 精米: 非公開)
    ✨ [新規SKU抽出] 山田錦純米大吟醸原酒 ゴールド [純米大吟醸酒] (米: 山田錦, 精米: 非公開)
    ✨ [新規SKU抽出] 神聖 大吟醸 [大吟醸酒] (米: 国産米, 精米: 非公開)
    ✨ [新規SKU抽出] 純米大吟醸山田錦 氷温囲 [純米大吟醸酒] (米: 山田錦, 精米: 非公開)
    ✨ [新規SKU抽出] 神聖 特別純米原酒 超辛口 [特別純米酒] (米: 国産米, 精米: 非公開)
    ✨ [新規SKU抽出] 神聖 京都府産祝 純米大吟醸 [純米大吟醸酒] (米: 国産米, 精米: 非公開)
    ✨ [新規SKU抽出] 神聖 純米吟醸 [純米吟醸酒] (米: 国産米, 精米: 非公開)
    ✨ [新規SKU抽出] 神聖 特別純米酒 限定品 [特別純米酒] (米: 国産米, 精米: 非公開)
    ✨ [新規SKU抽出] 吟醸 神聖 水のしらべ [吟醸酒] (米: 国産米, 精米: 非公開)
    ✨ [新規SKU抽出] 神聖 純米酒 [純米酒] (米: 国産米, 精米: 非公開)
    ✨ [新規SKU抽出] 神聖 ひやおろし 純米原酒 [純米酒] (米: 国産米, 精米: 非公開)
    ✨ [新規SKU抽出] 源兵衛さんの吟醸生酒 [吟醸酒] (米: 国産米, 精米: 非公開)
    ✨ [新規SKU抽出] 吟醸 神聖カップ [吟醸酒] (米: 国産米, 精米: 非公開)
    ✨ [新規SKU抽出] 特別純米 超辛口さらなり [特別純米酒] (米: 国産米, 精米: 非公開)
    ✨ [新規SKU抽出] 京伝来 純米大吟醸さらなり [純米大吟醸酒] (米: 国産米, 精米: 非公開)
  👉 株式会社山本本家: 25 件の新規SKUを深層クローリングにより追加登録
[402/1376] 🏭 ID 1157: 城陽酒造株式会社 (京都府) - http://joyo-shuzo.co.jp
    ✨ [新規SKU抽出] 梅酒・梅関連商品 [リキュール] (米: 国産米, 精米: 非公開)
    ✨ [新規SKU抽出] ●新酒「城陽　たれくち酒無濾過生原酒」 [普通酒] (米: 国産米, 精米: 非公開)
    ✨ [新規SKU抽出] ●新酒「城陽　にごり酒原酒」 [普通酒] (米: 国産米, 精米: 非公開)
    ✨ [新規SKU抽出] ●数量限定「城陽　純米吟醸55(五百万石)新酒しぼりたて無濾過生原酒」 [純米吟醸酒] (米: 五百万石, 精米: 非公開)
    ✨ [新規SKU抽出] ●数量限定「城陽　純米吟醸55(山田錦)新酒しぼりたて無濾過生原酒」 [純米吟醸酒] (米: 山田錦, 精米: 非公開)
    ✨ [新規SKU抽出] 新酒しぼりたての出荷開始予定 [普通酒] (米: 国産米, 精米: 非公開)
    ✨ [新規SKU抽出] リキュール製造の開始 [リキュール] (米: 国産米, 精米: 非公開)
    ✨ [新規SKU抽出] 梅酒・梅製品 [リキュール] (米: 国産米, 精米: 非公開)
    ✨ [新規SKU抽出] 純米大吟醸30(山田錦) [純米大吟醸酒] (米: 山田錦, 精米: 非公開)
    ✨ [新規SKU抽出] 純米大吟醸40雫酒(山田錦) [純米大吟醸酒] (米: 山田錦, 精米: 非公開)
    ✨ [新規SKU抽出] 純米大吟醸40PREMIUM(五百万石) [純米大吟醸酒] (米: 五百万石, 精米: 非公開)
    ✨ [新規SKU抽出] 純米大吟醸40（山田錦） [純米大吟醸酒] (米: 山田錦, 精米: 非公開)
    ✨ [新規SKU抽出] 純米大吟醸40（五百万石） [純米大吟醸酒] (米: 五百万石, 精米: 非公開)
    ✨ [新規SKU抽出] 吟醸55大辛口(祝) [吟醸酒] (米: 国産米, 精米: 非公開)
    ✨ [新規SKU抽出] 純米吟醸55(契約栽培米山田錦) [純米吟醸酒] (米: 山田錦, 精米: 非公開)
    ✨ [新規SKU抽出] 純米吟醸55(五百万石) [純米吟醸酒] (米: 五百万石, 精米: 非公開)
    ✨ [新規SKU抽出] 特別純米酒60(祝) [特別純米酒] (米: 国産米, 精米: 非公開)
    ✨ [新規SKU抽出] 城陽 純米酒65 [純米酒] (米: 国産米, 精米: 非公開)
    ✨ [新規SKU抽出] 本醸造65（大辛口） [本醸造酒] (米: 国産米, 精米: 非公開)
    ✨ [新規SKU抽出] たれくち酒無濾過生原酒(五百万石) [普通酒] (米: 五百万石, 精米: 非公開)
    ✨ [新規SKU抽出] にごり酒原酒(五百万石) [普通酒] (米: 五百万石, 精米: 非公開)
    ✨ [新規SKU抽出] A)	城陽　純米吟醸55(五百万石)新酒しぼりたて [純米吟醸酒] (米: 五百万石, 精米: 非公開)
    ✨ [新規SKU抽出] B)	城陽　純米吟醸55(山田錦)新酒しぼりたて [純米吟醸酒] (米: 山田錦, 精米: 非公開)
    ✨ [新規SKU抽出] C)	城陽　純米吟醸58(山田錦) [純米吟醸酒] (米: 山田錦, 精米: 非公開)
    ✨ [新規SKU抽出] D)	城陽　純米吟醸55原酒(五百万石) [純米吟醸酒] (米: 五百万石, 精米: 非公開)
    ✨ [新規SKU抽出] にごり酒原酒(五百万石)｜城陽酒造｜京都・山城地域の地酒 [普通酒] (米: 五百万石, 精米: 非公開)
  👉 城陽酒造株式会社: 26 件の新規SKUを深層クローリングにより追加登録
[403/1376] 🏭 ID 1373: 金虎酒造株式会社 (愛知県) - https://kintora.jp/
    ✨ [新規SKU抽出] 純米大吟醸 名古屋城 [純米大吟醸酒] (米: 国産米, 精米: 非公開)
    ✨ [新規SKU抽出] 新米新酒 吟醸 初しぼり [吟醸酒] (米: 国産米, 精米: 非公開)
    ✨ [新規SKU抽出] 新米新酒 吟醸 にごり酒 [吟醸酒] (米: 国産米, 精米: 非公開)
    ✨ [新規SKU抽出] 大吟醸 虎変 [大吟醸酒] (米: 国産米, 精米: 非公開)
    ✨ [新規SKU抽出] ・炭酸割りでスパークリング風に [普通酒] (米: 国産米, 精米: 非公開)
    ✨ [新規SKU抽出] おすすめ商品「純米大吟醸 名古屋城」 [純米大吟醸酒] (米: 国産米, 精米: 非公開)
    ✨ [新規SKU抽出] おすすめ商品「大吟醸 名古屋城本丸御殿」 [大吟醸酒] (米: 国産米, 精米: 非公開)
    ✨ [新規SKU抽出] 大吟醸 名古屋城本丸御殿 [大吟醸酒] (米: 国産米, 精米: 非公開)
    ✨ [新規SKU抽出] おすすめ商品「新米新酒 吟醸 初しぼり」 [吟醸酒] (米: 国産米, 精米: 非公開)
    ✨ [新規SKU抽出] おすすめ商品「新米新酒 吟醸 にごり酒」 [吟醸酒] (米: 国産米, 精米: 非公開)
    ✨ [新規SKU抽出] 日本酒仕込みの梅酒 [リキュール] (米: 国産米, 精米: 非公開)
    ✨ [新規SKU抽出] 大吟醸 虎変｜商品紹介｜金虎酒造 [大吟醸酒] (米: 国産米, 精米: 非公開)
    ✨ [新規SKU抽出] フローラルな百合のように品格のある香りと、バナナのような吟醸香。 [吟醸酒] (米: 国産米, 精米: 非公開)
    ✨ [新規SKU抽出] 純米大吟醸 名古屋城｜商品紹介｜金虎酒造 [純米大吟醸酒] (米: 国産米, 精米: 非公開)
    ✨ [新規SKU抽出] リキュール類 [リキュール] (米: 国産米, 精米: 非公開)
    ✨ [新規SKU抽出] 純米大吟醸 金虎 [純米大吟醸酒] (米: 国産米, 精米: 非公開)
    ✨ [新規SKU抽出] 本醸造 金虎 [本醸造酒] (米: 国産米, 精米: 非公開)
    ✨ [新規SKU抽出] にごり酒 [普通酒] (米: 国産米, 精米: 非公開)
    ✨ [新規SKU抽出] 寒造りしぼりたて純米 [純米酒] (米: 国産米, 精米: 非公開)
    ✨ [新規SKU抽出] にごり酒純米 [純米酒] (米: 国産米, 精米: 非公開)
    ✨ [新規SKU抽出] 純米吟醸 虎変 [純米吟醸酒] (米: 国産米, 精米: 非公開)
    ✨ [新規SKU抽出] 特別純米 虎変 [特別純米酒] (米: 国産米, 精米: 非公開)
    ✨ [新規SKU抽出] 大吟醸 虎変 蔵出し熟成 [大吟醸酒] (米: 国産米, 精米: 非公開)
    ✨ [新規SKU抽出] 純米吟醸 虎変 うすにごり生原酒 [純米吟醸酒] (米: 国産米, 精米: 非公開)
    ✨ [新規SKU抽出] 特別純米 虎変 秋上がり [特別純米酒] (米: 国産米, 精米: 非公開)
    ✨ [新規SKU抽出] 新米新酒 吟醸 初しぼり｜商品紹介｜金虎酒造 [吟醸酒] (米: 国産米, 精米: 非公開)
    ✨ [新規SKU抽出] フルーティな香りとフレッシュな口あたりが心地よい新米新酒の吟醸酒です。 [吟醸酒] (米: 国産米, 精米: 非公開)
    ✨ [新規SKU抽出] 新米新酒 吟醸 にごり酒｜商品紹介｜金虎酒造 [吟醸酒] (米: 国産米, 精米: 非公開)
    ✨ [新規SKU抽出] 地元だからこそ飲める限定にごり酒 [普通酒] (米: 国産米, 精米: 非公開)
    ✨ [新規SKU抽出] フルーティな香りとともに鮮烈な発泡感と米の旨味を感じられる吟醸にごり酒です。 [吟醸酒] (米: 国産米, 精米: 非公開)
  👉 金虎酒造株式会社: 30 件の新規SKUを深層クローリングにより追加登録
[404/1376] 🏭 ID 1374: 東春酒造株式会社 (愛知県) - https://www.azumaryu.co.jp/
    ✨ [新規SKU抽出] 東龍 山廃純米酒 佐藤東兵衛 [純米酒] (米: 国産米, 精米: 非公開)
    ✨ [新規SKU抽出] 東龍 本醸造 舞 [本醸造酒] (米: 国産米, 精米: 非公開)
    ✨ [新規SKU抽出] 東龍 純米大吟醸 玲瓏 生酒 [純米大吟醸酒] (米: 国産米, 精米: 非公開)
    ✨ [新規SKU抽出] 東龍 純米吟醸 龍の舞 [純米吟醸酒] (米: 国産米, 精米: 非公開)
    ✨ [新規SKU抽出] 純米大吟醸 玲瓏 [純米大吟醸酒] (米: 国産米, 精米: 非公開)
    ✨ [新規SKU抽出] 東龍 大吟醸 龍や [大吟醸酒] (米: 国産米, 精米: 非公開)
    ✨ [新規SKU抽出] 東龍 山廃仕込み 生酒 [普通酒] (米: 国産米, 精米: 非公開)
    ✨ [新規SKU抽出] 東龍 吟醸 和な [吟醸酒] (米: 国産米, 精米: 非公開)
    ✨ [新規SKU抽出] 東龍 純米酒 龍瑞 [純米酒] (米: 国産米, 精米: 非公開)
    ✨ [新規SKU抽出] 東龍 山廃仕込み 秘蔵 [普通酒] (米: 国産米, 精米: 非公開)
    ✨ [新規SKU抽出] 東龍 梅酒 [リキュール] (米: 国産米, 精米: 非公開)
    ✨ [新規SKU抽出] 東龍 特別純米酒 龍田屋 [特別純米酒] (米: 国産米, 精米: 非公開)
    ✨ [新規SKU抽出] 東龍 純米吟醸 生酒 [純米吟醸酒] (米: 国産米, 精米: 非公開)
    ✨ [新規SKU抽出] 東龍 本醸造 翔 [本醸造酒] (米: 国産米, 精米: 非公開)
    ✨ [新規SKU抽出] 冬期限定東龍 本醸造 初しぼり 心 [本醸造酒] (米: 国産米, 精米: 非公開)
    ✨ [新規SKU抽出] 冬期限定東龍 本醸造 にごり酒 [本醸造酒] (米: 国産米, 精米: 非公開)
    ✨ [新規SKU抽出] 冬期限定東龍 本醸造 初... [本醸造酒] (米: 国産米, 精米: 非公開)
    ✨ [新規SKU抽出] 新米新酒しぼりたて生のフレッシュさと、原酒ならではの飲みごたえある味わい。 [普通酒] (米: 国産米, 精米: 非公開)
  👉 東春酒造株式会社: 18 件の新規SKUを深層クローリングにより追加登録
[405/1376] 🏭 ID 1375: 清洲桜醸造株式会社 (愛知県) - https://onikoroshi.co.jp/
    ✨ [新規SKU抽出] 鬼ころし 純米酒 [純米酒] (米: 国産米, 精米: 非公開)
    ✨ [新規SKU抽出] 清洲城信長 しぼりたて [普通酒] (米: 国産米, 精米: 非公開)
    ✨ [新規SKU抽出] 純米大吟醸酒 [純米大吟醸酒] (米: 国産米, 精米: 非公開)
    ✨ [新規SKU抽出] 大吟醸酒 [大吟醸酒] (米: 国産米, 精米: 非公開)
    ✨ [新規SKU抽出] 純米吟醸酒 [純米吟醸酒] (米: 国産米, 精米: 非公開)
    ✨ [新規SKU抽出] 本醸造酒 [本醸造酒] (米: 国産米, 精米: 非公開)
    ✨ [新規SKU抽出] 本格麦焼酎 天下泰平 [本格焼酎] (米: 国産米, 精米: 非公開)
    ✨ [新規SKU抽出] 本格米焼酎 天下泰平 [本格焼酎] (米: 国産米, 精米: 非公開)
    ✨ [新規SKU抽出] 愛知クラフト 本格麦焼酎清須35度 [本格焼酎] (米: 国産米, 精米: 非公開)
    ✨ [新規SKU抽出] 愛知クラフト 本格米焼酎清須35度 [本格焼酎] (米: 国産米, 精米: 非公開)
    ✨ [新規SKU抽出] 麦焼酎 ええなも（焼酎乙類甲類混和） [本格焼酎] (米: 国産米, 精米: 非公開)
    ✨ [新規SKU抽出] 米焼酎 ええなも（焼酎乙類甲類混和） [本格焼酎] (米: 国産米, 精米: 非公開)
    ✨ [新規SKU抽出] 芋焼酎 ええなも（焼酎乙類甲類混和） [本格焼酎] (米: 国産米, 精米: 非公開)
    ✨ [新規SKU抽出] リキュール [リキュール] (米: 国産米, 精米: 非公開)
    ✨ [新規SKU抽出] ブランデー梅酒 [リキュール] (米: 国産米, 精米: 非公開)
    ✨ [新規SKU抽出] 新発売純米吟醸58祥鳳 生酒 [純米吟醸酒] (米: 国産米, 精米: 非公開)
    ✨ [新規SKU抽出] 純米大吟醸39祥鳳 [純米大吟醸酒] (米: 国産米, 精米: 非公開)
    ✨ [新規SKU抽出] クラフトコーラ＆梅酒 [リキュール] (米: 国産米, 精米: 非公開)
    ✨ [新規SKU抽出] ②大きめな氷にクラフトコーラ＆梅酒を注ぎ、ロック [リキュール] (米: 国産米, 精米: 非公開)
    ✨ [新規SKU抽出] ③クラフトコーラ＆梅酒：炭酸 [リキュール] (米: 国産米, 精米: 非公開)
    ✨ [新規SKU抽出] 1：1でクラフトコーラ＆梅酒ソーダ [リキュール] (米: 国産米, 精米: 非公開)
    ✨ [新規SKU抽出] クラフトコーラ＆梅酒パック [リキュール] (米: 国産米, 精米: 非公開)
    ✨ [新規SKU抽出] 米焼酎 ええなも 25度 [本格焼酎] (米: 国産米, 精米: 非公開)
    ✨ [新規SKU抽出] 清洲城信長焼酎 米焼酎 ええなも [本格焼酎] (米: 国産米, 精米: 非公開)
    ✨ [新規SKU抽出] 米焼酎 ええなも 12度 [本格焼酎] (米: 国産米, 精米: 非公開)
    ✨ [新規SKU抽出] 純米酒パック [純米酒] (米: 国産米, 精米: 非公開)
    ✨ [新規SKU抽出] 純米酒1.5合パック [純米酒] (米: 国産米, 精米: 非公開)
    ✨ [新規SKU抽出] 本醸造 清洲桜 [本醸造酒] (米: 国産米, 精米: 非公開)
  👉 清洲桜醸造株式会社: 28 件の新規SKUを深層クローリングにより追加登録
[406/1376] 🏭 ID 1376: 神の井酒造株式会社 (愛知県) - http://www.kaminoi.co.jp/
    ✨ [新規SKU抽出] 吟醸酒　酔ってござる [吟醸酒] (米: 国産米, 精米: 非公開)
    ✨ [新規SKU抽出] 山田錦純米吟醸　大高 [純米吟醸酒] (米: 山田錦, 精米: 非公開)
    ✨ [新規SKU抽出] 『限定品 しぼりたて生原酒』 [普通酒] (米: 国産米, 精米: 非公開)
    ✨ [新規SKU抽出] 吟醸ひやおろし販売開始のお知らせ [吟醸酒] (米: 国産米, 精米: 非公開)
    ✨ [新規SKU抽出] 吟醸ひやおろし [吟醸酒] (米: 国産米, 精米: 非公開)
    ✨ [新規SKU抽出] 『限定品しぼりたて生原酒』 [普通酒] (米: 国産米, 精米: 非公開)
    ✨ [新規SKU抽出] 『しぼりたて各種』販売中のお知らせ [普通酒] (米: 国産米, 精米: 非公開)
    ✨ [新規SKU抽出] ・しぼりたて生原酒1.8ℓ/2380円 [普通酒] (米: 国産米, 精米: 非公開)
    ✨ [新規SKU抽出] ・しぼりたて生原酒 [普通酒] (米: 国産米, 精米: 非公開)
    ✨ [新規SKU抽出] ・吟醸しぼりたてのお酒です [吟醸酒] (米: 国産米, 精米: 非公開)
    ✨ [新規SKU抽出] ・純米しぼりたてのお酒です [純米酒] (米: 国産米, 精米: 非公開)
    ✨ [新規SKU抽出] ≪秋季限定≫吟醸　ひやおろし｜神の井尾張名古屋 大高の地酒 [吟醸酒] (米: 国産米, 精米: 非公開)
    ✨ [新規SKU抽出] ≪秋季限定≫吟醸　ひやおろし [吟醸酒] (米: 国産米, 精米: 非公開)
    ✨ [新規SKU抽出] ≪冬季限定≫純米　しぼりたてのお酒です [純米酒] (米: 国産米, 精米: 非公開)
    ✨ [新規SKU抽出] タンクで程よく熟成した辛口の吟醸酒を [吟醸酒] (米: 国産米, 精米: 非公開)
    ✨ [新規SKU抽出] ≪冬季限定≫吟醸　しぼりたてのお酒です｜神の井尾張名古屋 大高の地酒 [吟醸酒] (米: 国産米, 精米: 非公開)
    ✨ [新規SKU抽出] ≪冬季限定≫吟醸　しぼりたてのお酒です [吟醸酒] (米: 国産米, 精米: 非公開)
    ✨ [新規SKU抽出] 冬の時期だけ味わえる、しぼりたての吟醸酒を生のまま瓶詰めしました。 [吟醸酒] (米: 国産米, 精米: 非公開)
    ✨ [新規SKU抽出] 大吟醸　荒ばしり [大吟醸酒] (米: 国産米, 精米: 非公開)
    ✨ [新規SKU抽出] 純米大吟醸　寒九の酒 [純米大吟醸酒] (米: 国産米, 精米: 非公開)
    ✨ [新規SKU抽出] 純米吟醸原酒 [純米吟醸酒] (米: 国産米, 精米: 非公開)
    ✨ [新規SKU抽出] 寒仕込み　吟醸 [吟醸酒] (米: 国産米, 精米: 非公開)
    ✨ [新規SKU抽出] 純金箔入　純米吟醸 [純米吟醸酒] (米: 国産米, 精米: 非公開)
    ✨ [新規SKU抽出] 一つ火　吟醸 [吟醸酒] (米: 国産米, 精米: 非公開)
    ✨ [新規SKU抽出] 純米吟醸　寒九の酒 [純米吟醸酒] (米: 国産米, 精米: 非公開)
    ✨ [新規SKU抽出] 吟醸　酔ってござる [吟醸酒] (米: 国産米, 精米: 非公開)
    ✨ [新規SKU抽出] 特別純米　ん [特別純米酒] (米: 国産米, 精米: 非公開)
    ✨ [新規SKU抽出] 天下布武　那古野城　特別純米 [特別純米酒] (米: 国産米, 精米: 非公開)
    ✨ [新規SKU抽出] 特別純米　ナゴヤクラウド [特別純米酒] (米: 国産米, 精米: 非公開)
    ✨ [新規SKU抽出] 超辛口　本醸造 [本醸造酒] (米: 国産米, 精米: 非公開)
    ✨ [新規SKU抽出] 特別本醸造 [特別本醸造酒] (米: 国産米, 精米: 非公開)
    ✨ [新規SKU抽出] 吟醸　ひやおろし [吟醸酒] (米: 国産米, 精米: 非公開)
    ✨ [新規SKU抽出] ≪冬季限定≫しぼりたて生原酒 [普通酒] (米: 国産米, 精米: 非公開)
    ✨ [新規SKU抽出] しぼりたて生原酒 [普通酒] (米: 国産米, 精米: 非公開)
    ✨ [新規SKU抽出] ≪冬季限定≫限定品　しぼりたて生原酒 [普通酒] (米: 国産米, 精米: 非公開)
    ✨ [新規SKU抽出] 限定品　しぼりたて生原酒 [普通酒] (米: 国産米, 精米: 非公開)
    ✨ [新規SKU抽出] 吟醸　しぼりたてのお酒です [吟醸酒] (米: 国産米, 精米: 非公開)
    ✨ [新規SKU抽出] 純米　しぼりたてのお酒です [純米酒] (米: 国産米, 精米: 非公開)
    ✨ [新規SKU抽出] 天下布武　那古野城　特別純米｜神の井尾張名古屋 大高の地酒 [特別純米酒] (米: 国産米, 精米: 非公開)
    ✨ [新規SKU抽出] 純米吟醸｜神の井尾張名古屋 大高の地酒 [純米吟醸酒] (米: 国産米, 精米: 非公開)
    ✨ [新規SKU抽出] かるい吟醸香とすっきりとした酒質は料理の持ち味を引き立てます。 [吟醸酒] (米: 国産米, 精米: 非公開)
    ✨ [新規SKU抽出] 寒仕込み　吟醸｜神の井尾張名古屋 大高の地酒 [吟醸酒] (米: 国産米, 精米: 非公開)
    ✨ [新規SKU抽出] 酒造好適米を高精白して醸造した吟醸酒。 [吟醸酒] (米: 国産米, 精米: 非公開)
    ✨ [新規SKU抽出] 爽やかな吟醸香が際立つ、なめらかなお酒。 [吟醸酒] (米: 国産米, 精米: 非公開)
    ✨ [新規SKU抽出] 吟醸酒がお好きな方へのご贈答に。 [吟醸酒] (米: 国産米, 精米: 非公開)
  👉 神の井酒造株式会社: 45 件の新規SKUを深層クローリングにより追加登録
[407/1376] 🏭 ID 1377: 山盛酒造株式会社 (愛知県) - http://takanoyume.co.jp/
    ✨ [新規SKU抽出] ◎”鷹の夢　純米酒”のラベルが新しくなります [純米酒] (米: 国産米, 精米: 非公開)
    ✨ [新規SKU抽出] 新酒しぼりたてチラシ [普通酒] (米: 国産米, 精米: 非公開)
    ✨ [新規SKU抽出] 令和4年新酒”しぼりたて”の販売開始です。 [普通酒] (米: 国産米, 精米: 非公開)
    ✨ [新規SKU抽出] »令和4年新酒”しぼりたて”の販売開始です。…の続きを読む [普通酒] (米: 国産米, 精米: 非公開)
    ✨ [新規SKU抽出] 令和3年新酒”しぼりたて”の販売開始です。 [普通酒] (米: 国産米, 精米: 非公開)
    ✨ [新規SKU抽出] »令和3年新酒”しぼりたて”の販売開始です。…の続きを読む [普通酒] (米: 国産米, 精米: 非公開)
    ✨ [新規SKU抽出] 令和2年新酒”しぼりたて”は2020年1月11日から販売開始です。 [普通酒] (米: 国産米, 精米: 非公開)
    ✨ [新規SKU抽出] »令和2年新酒”しぼりたて”は2020年1月11日から販売開始です。…の続きを読む [普通酒] (米: 国産米, 精米: 非公開)
    ✨ [新規SKU抽出] H30BY新酒”しぼりたて”は2019年1月12日から販売開始です。 [普通酒] (米: 国産米, 精米: 非公開)
    ✨ [新規SKU抽出] »H30BY新酒”しぼりたて”は2019年1月12日から販売開始です。…の続きを読む [普通酒] (米: 国産米, 精米: 非公開)
    ✨ [新規SKU抽出] 29BY新酒”しぼりたて”は2018年1月23日から販売開始です。 [普通酒] (米: 国産米, 精米: 非公開)
    ✨ [新規SKU抽出] »29BY新酒”しぼりたて”は2018年1月23日から販売開始です。…の続きを読む [普通酒] (米: 国産米, 精米: 非公開)
    ✨ [新規SKU抽出] 28BY新酒”しぼりたて”・酒粕は2017年1月19日頃から販売開始予定です。 [普通酒] (米: 国産米, 精米: 非公開)
    ✨ [新規SKU抽出] 27BY新酒”しぼりたて”・酒粕は2016年1月13日頃から販売開始予定です。 [普通酒] (米: 国産米, 精米: 非公開)
    ✨ [新規SKU抽出] ＜期間限定＞26BY 鷹の夢 しぼりたて原酒＆酒粕　発売中！ [普通酒] (米: 国産米, 精米: 非公開)
    ✨ [新規SKU抽出] 25BYしぼりたて [普通酒] (米: 国産米, 精米: 非公開)
    ✨ [新規SKU抽出] »＜期間限定＞26BY 鷹の夢 しぼりたて原酒＆酒粕　発売中！…の続きを読む [普通酒] (米: 国産米, 精米: 非公開)
    ✨ [新規SKU抽出] 大吟醸／純米吟醸／純米／本醸造など、多彩な味をご用意しております。 [純米吟醸酒] (米: 国産米, 精米: 非公開)
  👉 山盛酒造株式会社: 18 件の新規SKUを深層クローリングにより追加登録
[408/1376] 🏭 ID 1378: 株式会社萬乗醸造 (愛知県) - https://kuheiji.co.jp/
[409/1376] 🏭 ID 1379: 山星酒造株式会社 (愛知県) - http://www.hoshizakari.co.jp/
[410/1376] 🏭 ID 1381: 勲碧酒造株式会社 (愛知県) - https://www.kunpeki.co.jp/
    ✨ [新規SKU抽出] 勲碧 純米大吟醸 令和８年全国新酒鑑評会｢入賞酒｣ [純米大吟醸酒] (米: 国産米, 精米: 非公開)
    ✨ [新規SKU抽出] 勲碧 純米大吟醸 「至誠」 希少酒 [純米大吟醸酒] (米: 国産米, 精米: 非公開)
    ✨ [新規SKU抽出] 勲碧 大吟醸 斗びんどり 雫酒 [大吟醸酒] (米: 国産米, 精米: 非公開)
    ✨ [新規SKU抽出] 勲碧 純米大吟醸 杜氏渾身ノ酒 2026ミラノ酒チャレンジ金賞二年連続受賞 [純米大吟醸酒] (米: 国産米, 精米: 非公開)
    ✨ [新規SKU抽出] 勲碧 大吟醸 山田錦 [大吟醸酒] (米: 山田錦, 精米: 非公開)
    ✨ [新規SKU抽出] 勲碧 純米大吟醸 山田錦 無濾過原酒 [純米大吟醸酒] (米: 山田錦, 精米: 非公開)
    ✨ [新規SKU抽出] 勲碧 純米吟醸 桜酵母 五条川桜2026バンコク酒チャレンジ金賞受賞 [純米吟醸酒] (米: 国産米, 精米: 非公開)
    ✨ [新規SKU抽出] 勲碧 純米吟醸 無濾過原酒 夢吟香2025美酒コンクール金賞受賞 [純米吟醸酒] (米: 国産米, 精米: 非公開)
    ✨ [新規SKU抽出] 勲碧 純米吟醸原酒 氷温熟成酒 [純米吟醸酒] (米: 国産米, 精米: 非公開)
    ✨ [新規SKU抽出] 勲碧 ははそはの 美し稲穂｢旭｣ 純米酒 [純米酒] (米: 国産米, 精米: 非公開)
    ✨ [新規SKU抽出] 勲碧 手造り純米酒 [純米酒] (米: 国産米, 精米: 非公開)
    ✨ [新規SKU抽出] 愛知県産米を100%使用して醸した純米酒です。40年以上愛されている定番酒です。 [純米酒] (米: 国産米, 精米: 00%)
    ✨ [新規SKU抽出] 勲碧 手造り本醸造 [本醸造酒] (米: 国産米, 精米: 非公開)
    ✨ [新規SKU抽出] 勲碧 本醸造 秀撰　製造中止 [本醸造酒] (米: 国産米, 精米: 非公開)
    ✨ [新規SKU抽出] 勲碧 ひや原酒ー本醸造ー　製造中止 [本醸造酒] (米: 国産米, 精米: 非公開)
    ✨ [新規SKU抽出] 御礼。秋のひやおろし飲み比べ試飲会無事終了しました。 [普通酒] (米: 国産米, 精米: 非公開)
    ✨ [新規SKU抽出] 9/5㈯・6㈰10:00～15:00　秋のひやおろし有料飲み比べ試飲会開催します。 [普通酒] (米: 国産米, 精米: 非公開)
    ✨ [新規SKU抽出] じっくり夏を越えて熟成したひやおろし2種類と生原酒・火入れ酒の２～３種の飲み比べや [普通酒] (米: 国産米, 精米: 非公開)
    ✨ [新規SKU抽出] 御礼。秋のひやおろし飲み比べ試飲販売会は無事終了しました。 [普通酒] (米: 国産米, 精米: 非公開)
  👉 勲碧酒造株式会社: 19 件の新規SKUを深層クローリングにより追加登録
[412/1376] 🏭 ID 1383: 内藤醸造株式会社 (愛知県) - http://www.naitojouzou.com/
    ✨ [新規SKU抽出] 高品質な純米大吟醸を“三段仕込”で醸す独自製法から名付けられました。 [純米大吟醸酒] (米: 国産米, 精米: 非公開)
  👉 内藤醸造株式会社: 1 件の新規SKUを深層クローリングにより追加登録
[414/1376] 🏭 ID 1385: 鶴見酒造株式会社 (愛知県) - https://www.tsurumi-jp.com/
    ✨ [新規SKU抽出] 純米大吟醸 我山 [純米大吟醸酒] (米: 国産米, 精米: 非公開)
    ✨ [新規SKU抽出] 至高の純米大吟醸 [純米大吟醸酒] (米: 国産米, 精米: 非公開)
    ✨ [新規SKU抽出] SAKE COMPETITION 2026 純米大吟醸部門BRONZEを受賞 [純米大吟醸酒] (米: 国産米, 精米: 非公開)
    ✨ [新規SKU抽出] 令和8年 愛知県新種品評会 純米吟醸の部 県組合会長賞受賞 [純米吟醸酒] (米: 国産米, 精米: 非公開)
    ✨ [新規SKU抽出] 純米大吟醸 我山と相性の良い料理 [純米大吟醸酒] (米: 国産米, 精米: 非公開)
    ✨ [新規SKU抽出] 大吟醸 我山 [大吟醸酒] (米: 国産米, 精米: 非公開)
    ✨ [新規SKU抽出] 令和7年酒造年度 全国新酒鑑評会において、大吟醸 我山が金賞受賞 [大吟醸酒] (米: 国産米, 精米: 非公開)
    ✨ [新規SKU抽出] 令和8年 愛知県新種品評会 吟醸の部 県組合会長賞受賞 [吟醸酒] (米: 国産米, 精米: 非公開)
    ✨ [新規SKU抽出] 大吟醸 我山と相性の良い料理 [大吟醸酒] (米: 国産米, 精米: 非公開)
    ✨ [新規SKU抽出] 大吟醸 山荘 [大吟醸酒] (米: 国産米, 精米: 非公開)
    ✨ [新規SKU抽出] 神鶴 千 純米吟醸 [純米吟醸酒] (米: 国産米, 精米: 非公開)
    ✨ [新規SKU抽出] 神鶴 千 純米吟醸 出羽燦々 [純米吟醸酒] (米: 出羽燦々, 精米: 非公開)
    ✨ [新規SKU抽出] 神鶴 紫 吟醸 [吟醸酒] (米: 国産米, 精米: 非公開)
    ✨ [新規SKU抽出] 日本酒仕込みの梅酒 [リキュール] (米: 国産米, 精米: 非公開)
    ✨ [新規SKU抽出] 米（国産）・米麹（国産米）・米焼酎 [本格焼酎] (米: 国産米, 精米: 非公開)
    ✨ [新規SKU抽出] 大吟醸 我山がプラチナ賞、 [大吟醸酒] (米: 国産米, 精米: 非公開)
    ✨ [新規SKU抽出] 純米大吟醸 我山大吟醸 山荘夢乃寒梅古酒2000がダブルゴールド賞を受賞 [純米大吟醸酒] (米: 国産米, 精米: 非公開)
    ✨ [新規SKU抽出] 純米大吟醸 我山が純米大吟醸部門にてBRONZEを受賞いたしました。 [純米大吟醸酒] (米: 国産米, 精米: 非公開)
  👉 鶴見酒造株式会社: 18 件の新規SKUを深層クローリングにより追加登録
[415/1376] 🏭 ID 1386: 水谷酒造株式会社 (愛知県) - https://www.mizutanishuzou.jp/
    ✨ [新規SKU抽出] 千瓢 純米吟醸 あいちのかおり 紺（kon） [純米吟醸酒] (米: 国産米, 精米: 非公開)
    ✨ [新規SKU抽出] 千瓢 純米吟醸 ひだほまれ [純米吟醸酒] (米: 国産米, 精米: 非公開)
  👉 水谷酒造株式会社: 2 件の新規SKUを深層クローリングにより追加登録
[416/1376] 🏭 ID 1387: 渡辺酒造株式会社 (愛知県) - https://sake-kotobuki.com/
    ✨ [新規SKU抽出] は、雑味を一切許さぬ繊細な純米大吟醸。 [純米大吟醸酒] (米: 国産米, 精米: 非公開)
    ✨ [新規SKU抽出] 2026.3.26 掲載　『日本酒の原料は酒米だけなのか？食用米の純米大吟醸誕生』 [純米大吟醸酒] (米: 国産米, 精米: 非公開)
  👉 渡辺酒造株式会社: 2 件の新規SKUを深層クローリングにより追加登録
[417/1376] 🏭 ID 1388: 山忠本家酒造株式会社 (愛知県) - https://gikyo.net/
    ✨ [新規SKU抽出] 純米吟醸酒 [純米吟醸酒] (米: 国産米, 精米: 非公開)
    ✨ [新規SKU抽出] 3年以上冷蔵庫で低温熟成させた40%精米の純米吟醸中汲みのブレンド酒。 [純米吟醸酒] (米: 国産米, 精米: 40%)
    ✨ [新規SKU抽出] 純米吟醸原40％精米の冷蔵熟成酒ブレンド [純米吟醸酒] (米: 国産米, 精米: 非公開)
    ✨ [新規SKU抽出] 義侠　純米吟醸原酒60% [純米吟醸酒] (米: 国産米, 精米: 60%)
    ✨ [新規SKU抽出] 義侠　純米吟醸原酒50% [純米吟醸酒] (米: 国産米, 精米: 50%)
    ✨ [新規SKU抽出] 義侠　純米吟醸原酒40% [純米吟醸酒] (米: 国産米, 精米: 40%)
    ✨ [新規SKU抽出] 義侠　純米吟醸原酒30% [純米吟醸酒] (米: 国産米, 精米: 30%)
    ✨ [新規SKU抽出] 純米吟醸　滓酒 [純米吟醸酒] (米: 国産米, 精米: 非公開)
    ✨ [新規SKU抽出] 五百万石特別純米酒 [特別純米酒] (米: 五百万石, 精米: 非公開)
  👉 山忠本家酒造株式会社: 9 件の新規SKUを深層クローリングにより追加登録
[418/1376] 🏭 ID 1389: 青木酒造株式会社 (愛知県) - https://yamahai.co.jp/
    ✨ [新規SKU抽出] 手汲み酒　生酛　特A山田錦純米大吟醸酒 [純米大吟醸酒] (米: 山田錦, 精米: 非公開)
    ✨ [新規SKU抽出] 手汲み酒　生酛　特A山田錦特別純米酒 [特別純米酒] (米: 山田錦, 精米: 非公開)
    ✨ [新規SKU抽出] 手汲み酒　生酛　夢吟香純米酒 [純米酒] (米: 国産米, 精米: 非公開)
    ✨ [新規SKU抽出] 手汲み酒　山廃酛　美山錦純米吟醸酒 [純米吟醸酒] (米: 美山錦, 精米: 非公開)
    ✨ [新規SKU抽出] 手汲み酒　山廃酛　山田錦若水純米酒 [純米酒] (米: 山田錦, 精米: 非公開)
    ✨ [新規SKU抽出] 手汲み酒　速醸酛　美山錦純米吟醸酒 [純米吟醸酒] (米: 美山錦, 精米: 非公開)
    ✨ [新規SKU抽出] 手汲み酒　本醸造酒 [本醸造酒] (米: 国産米, 精米: 非公開)
    ✨ [新規SKU抽出] 無濾過生原酒　生酛　特A山田錦純米大吟醸酒 [純米大吟醸酒] (米: 山田錦, 精米: 非公開)
    ✨ [新規SKU抽出] 無濾過生原酒　生酛　特A山田錦特別純米酒 [特別純米酒] (米: 山田錦, 精米: 非公開)
    ✨ [新規SKU抽出] 無濾過生原酒　生酛　夢吟香純米酒 [純米酒] (米: 国産米, 精米: 非公開)
    ✨ [新規SKU抽出] 無濾過生原酒　山廃酛　特A山田錦特別純米酒 [特別純米酒] (米: 山田錦, 精米: 非公開)
    ✨ [新規SKU抽出] 無濾過生原酒　山廃酛　美山錦純米吟醸酒 [純米吟醸酒] (米: 美山錦, 精米: 非公開)
    ✨ [新規SKU抽出] 無濾過生原酒　山廃酛　山田錦若水純米酒 [純米酒] (米: 山田錦, 精米: 非公開)
    ✨ [新規SKU抽出] 無濾過生原酒　速醸酛　美山錦純米吟醸酒 [純米吟醸酒] (米: 美山錦, 精米: 非公開)
    ✨ [新規SKU抽出] 無濾過生原酒　速醸酛　若水純米酒 [純米酒] (米: 国産米, 精米: 非公開)
    ✨ [新規SKU抽出] 初しぼり　若水しぼりたて [普通酒] (米: 国産米, 精米: 非公開)
    ✨ [新規SKU抽出] 初しぼり　若水完全発酵しぼりたて [普通酒] (米: 国産米, 精米: 非公開)
    ✨ [新規SKU抽出] 本醸造酒　やまはい特別本醸造金 [特別本醸造酒] (米: 国産米, 精米: 非公開)
    ✨ [新規SKU抽出] 速醸酛 美山錦純米吟醸酒 [純米吟醸酒] (米: 美山錦, 精米: 非公開)
    ✨ [新規SKU抽出] 手汲み酒 生酛 特A山田錦特別純米酒 [特別純米酒] (米: 山田錦, 精米: 非公開)
    ✨ [新規SKU抽出] 無濾過生原酒 生酛 夢吟香純米酒 [純米酒] (米: 国産米, 精米: 非公開)
    ✨ [新規SKU抽出] 低精米＋生酛が演出する複雑性かつ深みのある味わい。オール愛知。 [普通酒] (米: 国産米, 精米: 非公開)
  👉 青木酒造株式会社: 22 件の新規SKUを深層クローリングにより追加登録
[419/1376] 🏭 ID 1390: 甘強酒造株式会社 (愛知県) - https://www.kankyo-shuzo.co.jp/
    ✨ [新規SKU抽出] 日本酒四天王・リキュール [リキュール] (米: 国産米, 精米: 非公開)
    ✨ [新規SKU抽出] 大吟醸クラスに なるとより純粋なデンプン質部分まで削る必要があるため、 [大吟醸酒] (米: 国産米, 精米: 非公開)
    ✨ [新規SKU抽出] 紅麹梅酒 [リキュール] (米: 国産米, 精米: 非公開)
    ✨ [新規SKU抽出] 日本酒　四天王・リキュール [リキュール] (米: 国産米, 精米: 非公開)
  👉 甘強酒造株式会社: 4 件の新規SKUを深層クローリングにより追加登録
[420/1376] 🏭 ID 1391: 山田酒造株式会社 (愛知県) - http://yamadashuzo.com/
    ✨ [新規SKU抽出] しぼりたて生酒「醉泉」（冬季限定）1, [普通酒] (米: 国産米, 精米: 非公開)
    ✨ [新規SKU抽出] しぼりたて生酒（季節限定）1, [普通酒] (米: 国産米, 精米: 非公開)
    ✨ [新規SKU抽出] しぼりたて生酒「醉泉」　1, [普通酒] (米: 国産米, 精米: 非公開)
    ✨ [新規SKU抽出] 最愛スパークリング　SAIAI POP SPARKLING [普通酒] (米: 国産米, 精米: 非公開)
    ✨ [新規SKU抽出] 代表銘柄「最愛」のスパークリング日本酒。 [普通酒] (米: 国産米, 精米: 非公開)
    ✨ [新規SKU抽出] スパークリング日本酒/内容量 [普通酒] (米: 国産米, 精米: 非公開)
  👉 山田酒造株式会社: 6 件の新規SKUを深層クローリングにより追加登録
[421/1376] 🏭 ID 1392: 中埜酒造株式会社 (愛知県) - https://www.nakanoshuzou.jp/
    ✨ [新規SKU抽出] リキュール [リキュール] (米: 国産米, 精米: 非公開)
    ✨ [新規SKU抽出] 國盛「ローズ梅酒」「ジャスミン梅酒」「紅茶梅酒」をリニューアルし、新発売しました [リキュール] (米: 国産米, 精米: 非公開)
    ✨ [新規SKU抽出] 「國盛　知多梅酒」が「なごみやげ」に認定されました [リキュール] (米: 国産米, 精米: 非公開)
    ✨ [新規SKU抽出] 中埜酒造 リキュール イメージ [リキュール] (米: 国産米, 精米: 非公開)
    ✨ [新規SKU抽出] 濁酒 純米どぶろく [純米酒] (米: 国産米, 精米: 非公開)
    ✨ [新規SKU抽出] リキュールその他 [リキュール] (米: 国産米, 精米: 非公開)
    ✨ [新規SKU抽出] リキュールラインナップ [リキュール] (米: 国産米, 精米: 非公開)
    ✨ [新規SKU抽出] 國盛　おばあちゃんのゆず酒 [リキュール] (米: 国産米, 精米: 非公開)
    ✨ [新規SKU抽出] 國盛　淡麗ゆず酒パック [リキュール] (米: 国産米, 精米: 非公開)
    ✨ [新規SKU抽出] 國盛　ゆず酒パック [リキュール] (米: 国産米, 精米: 非公開)
    ✨ [新規SKU抽出] 國盛　ノンアルコール梅酒　Ｕ＆Ｍｅ [リキュール] (米: 国産米, 精米: 非公開)
  👉 中埜酒造株式会社: 11 件の新規SKUを深層クローリングにより追加登録
[422/1376] 🏭 ID 1393: 盛田金しゃち酒造株式会社 (愛知県) - https://www.kinshachi.co.jp/
[423/1376] 🏭 ID 1394: 丸一酒造株式会社 (愛知県) - http://sake01.co.jp/
    ✨ [新規SKU抽出] 金賞大吟醸　ほしいずみ [大吟醸酒] (米: 国産米, 精米: 非公開)
    ✨ [新規SKU抽出] 令和３年金賞大吟醸 [大吟醸酒] (米: 国産米, 精米: 非公開)
    ✨ [新規SKU抽出] 華やかな吟醸香があり、上品な味わいと切れがある後味が特徴です。 [吟醸酒] (米: 国産米, 精米: 非公開)
    ✨ [新規SKU抽出] 純米大吟醸　ほしいずみ　滔々 [純米大吟醸酒] (米: 国産米, 精米: 非公開)
    ✨ [新規SKU抽出] 華やかな吟醸香があり、上品な味わいと米の旨みが特徴です。 [吟醸酒] (米: 国産米, 精米: 非公開)
    ✨ [新規SKU抽出] 純米大吟醸　ほしいずみ山田錦 [純米大吟醸酒] (米: 山田錦, 精米: 非公開)
    ✨ [新規SKU抽出] フルーティーな吟醸香があり、濃厚な味わいと米の旨みが特徴です。 [吟醸酒] (米: 国産米, 精米: 非公開)
    ✨ [新規SKU抽出] 純米大吟醸　ほしいずみ夢吟香 [純米大吟醸酒] (米: 国産米, 精米: 非公開)
    ✨ [新規SKU抽出] 穏やかな吟醸香があり、米の旨みと甘みを感じられるお酒です。 [吟醸酒] (米: 国産米, 精米: 非公開)
    ✨ [新規SKU抽出] 純米大吟醸　ほしいずみ五百万石 [純米大吟醸酒] (米: 五百万石, 精米: 非公開)
    ✨ [新規SKU抽出] フルーティーな吟醸香があり、すっきりとした味わいとキレの良い後味が特徴です。 [吟醸酒] (米: 国産米, 精米: 非公開)
    ✨ [新規SKU抽出] 純米吟醸　ほしいずみ　冷やおろし [純米吟醸酒] (米: 国産米, 精米: 非公開)
    ✨ [新規SKU抽出] 華やかな吟醸香があり、すっきりとした味わいとキレの良い後味が特徴です。 [吟醸酒] (米: 国産米, 精米: 非公開)
    ✨ [新規SKU抽出] 純米吟醸　ほしいずみ [純米吟醸酒] (米: 国産米, 精米: 非公開)
    ✨ [新規SKU抽出] 純米吟醸　ほしいずみ無濾過生原酒 [純米吟醸酒] (米: 国産米, 精米: 非公開)
    ✨ [新規SKU抽出] ほしいずみ無濾過生原酒 [普通酒] (米: 国産米, 精米: 非公開)
    ✨ [新規SKU抽出] 純米ほしいずみ　無濾過生原酒 [純米酒] (米: 国産米, 精米: 非公開)
    ✨ [新規SKU抽出] 無濾過生原酒 [普通酒] (米: 国産米, 精米: 非公開)
    ✨ [新規SKU抽出] 本醸造　冠勲 [本醸造酒] (米: 国産米, 精米: 非公開)
    ✨ [新規SKU抽出] ほど良い旨味と後味のすっきりとしたキレの良い辛口本醸造酒です。 [本醸造酒] (米: 国産米, 精米: 非公開)
  👉 丸一酒造株式会社: 20 件の新規SKUを深層クローリングにより追加登録
[424/1376] 🏭 ID 1395: 原田酒造合資会社 (愛知県) - http://www.ikujii.co.jp/
    ✨ [新規SKU抽出] 純米大吟醸　生道井　山田錦 [純米大吟醸酒] (米: 山田錦, 精米: 非公開)
    ✨ [新規SKU抽出] 純米大吟醸　生道井　夢吟香 [純米大吟醸酒] (米: 国産米, 精米: 非公開)
    ✨ [新規SKU抽出] 純米吟醸　於大 [純米吟醸酒] (米: 国産米, 精米: 非公開)
    ✨ [新規SKU抽出] 特別純米酒 [特別純米酒] (米: 国産米, 精米: 非公開)
    ✨ [新規SKU抽出] 大吟醸生道井 [大吟醸酒] (米: 国産米, 精米: 非公開)
    ✨ [新規SKU抽出] 生大吟醸生道井 [大吟醸酒] (米: 国産米, 精米: 非公開)
    ✨ [新規SKU抽出] 『山田錦』の大吟醸を生酒で低温貯蔵。爽やかで果実感のある味わいに仕上がってます。 [大吟醸酒] (米: 山田錦, 精米: 非公開)
    ✨ [新規SKU抽出] 純米大吟醸生道井40％ [純米大吟醸酒] (米: 国産米, 精米: 非公開)
    ✨ [新規SKU抽出] 純米大吟醸生道井50％ [純米大吟醸酒] (米: 国産米, 精米: 非公開)
    ✨ [新規SKU抽出] 純米大吟醸を低温熟成。力強く深みのある味わいが特長です。 [純米大吟醸酒] (米: 国産米, 精米: 非公開)
    ✨ [新規SKU抽出] 純米大吟醸夢吟香 [純米大吟醸酒] (米: 国産米, 精米: 非公開)
    ✨ [新規SKU抽出] 純米吟醸衣が浦若水 [純米吟醸酒] (米: 国産米, 精米: 非公開)
    ✨ [新規SKU抽出] 純米吟醸よき出逢を [純米吟醸酒] (米: 国産米, 精米: 非公開)
    ✨ [新規SKU抽出] 純米吟醸於大 [純米吟醸酒] (米: 国産米, 精米: 非公開)
    ✨ [新規SKU抽出] 純米吟醸吟雫 [純米吟醸酒] (米: 国産米, 精米: 非公開)
    ✨ [新規SKU抽出] 純米吟醸生道井 -春限定-〔季節商品〕 [純米吟醸酒] (米: 国産米, 精米: 非公開)
    ✨ [新規SKU抽出] 純米吟醸生道井 -夏限定-〔季節商品〕 [純米吟醸酒] (米: 国産米, 精米: 非公開)
    ✨ [新規SKU抽出] 純米吟醸生道井 -秋限定-〔季節商品〕 [純米吟醸酒] (米: 国産米, 精米: 非公開)
    ✨ [新規SKU抽出] 特別純米酒衣が浦若水 [特別純米酒] (米: 国産米, 精米: 非公開)
    ✨ [新規SKU抽出] 特別純米酒あらばしり [特別純米酒] (米: 国産米, 精米: 非公開)
    ✨ [新規SKU抽出] 特別純米酒衣が浦若水しぼりたて〔季節商品〕 [特別純米酒] (米: 国産米, 精米: 非公開)
    ✨ [新規SKU抽出] その年の新米で造った新酒。ピチピチとしたしぼりたてのフレッシュな味わいが特長です。 [普通酒] (米: 国産米, 精米: 非公開)
    ✨ [新規SKU抽出] 特別純米酒衣が浦若水ひやおろし〔季節商品〕 [特別純米酒] (米: 国産米, 精米: 非公開)
    ✨ [新規SKU抽出] 特別純米酒衣が浦若水原酒 [特別純米酒] (米: 国産米, 精米: 非公開)
    ✨ [新規SKU抽出] 純米酒生道井 生一本 [純米酒] (米: 国産米, 精米: 非公開)
    ✨ [新規SKU抽出] 純米酒於大 [純米酒] (米: 国産米, 精米: 非公開)
    ✨ [新規SKU抽出] 純米酒生道井 夏生貯蔵酒〔季節商品〕 [純米酒] (米: 国産米, 精米: 非公開)
    ✨ [新規SKU抽出] 辛口スッキリタイプの純米酒。清涼感と喉ごしの良さが特長の夏酒です。 [純米酒] (米: 国産米, 精米: 非公開)
    ✨ [新規SKU抽出] 本醸造生道井 [本醸造酒] (米: 国産米, 精米: 非公開)
    ✨ [新規SKU抽出] 本醸造生道井 しぼりたて辛口 [本醸造酒] (米: 国産米, 精米: 非公開)
    ✨ [新規SKU抽出] その年の新米で造った新酒。日本酒度+10を超えたキレ味抜群の辛口無濾過生原酒。 [普通酒] (米: 国産米, 精米: 非公開)
    ✨ [新規SKU抽出] 本醸造生貯蔵酒 [本醸造酒] (米: 国産米, 精米: 非公開)
    ✨ [新規SKU抽出] 純米大吟醸 生道井 山田錦 [純米大吟醸酒] (米: 山田錦, 精米: 非公開)
    ✨ [新規SKU抽出] 純米大吟醸 生道井 夢吟香 [純米大吟醸酒] (米: 国産米, 精米: 非公開)
    ✨ [新規SKU抽出] 純米吟醸 於大 [純米吟醸酒] (米: 国産米, 精米: 非公開)
    ✨ [新規SKU抽出] 華やかで洗練された味わいの純米大吟醸酒。 [純米大吟醸酒] (米: 国産米, 精米: 非公開)
    ✨ [新規SKU抽出] 上品な香りと優しい味わいがお料理を美味しく引き立てる純米大吟醸酒です。 [純米大吟醸酒] (米: 国産米, 精米: 非公開)
    ✨ [新規SKU抽出] 大吟醸酛立 [大吟醸酒] (米: 国産米, 精米: 非公開)
  👉 原田酒造合資会社: 38 件の新規SKUを深層クローリングにより追加登録
[425/1376] 🏭 ID 1396: 澤田酒造株式会社 (愛知県) - https://hakurou.com/
    ✨ [新規SKU抽出] 梅酒・リキュール [リキュール] (米: 国産米, 精米: 非公開)
    ✨ [新規SKU抽出] 白老 夏の純米吟醸 うすにごり生酒 ( [純米吟醸酒] (米: 国産米, 精米: 非公開)
    ✨ [新規SKU抽出] 辛口特別純米酒 白老（ハゼ・カワハギラベル） [特別純米酒] (米: 国産米, 精米: 非公開)
    ✨ [新規SKU抽出] 大人気の梅酒 白老梅の新酒（ヌーボー）。2026年は9月17日販売開始です。 [リキュール] (米: 国産米, 精米: 非公開)
    ✨ [新規SKU抽出] 大人気の梅酒 白老梅の新酒（ヌーボー）。2026年は9月17日より販売開始です。 [リキュール] (米: 国産米, 精米: 非公開)
    ✨ [新規SKU抽出] つなぐ 梅酒Ｔ （ [リキュール] (米: 国産米, 精米: 非公開)
    ✨ [新規SKU抽出] 白老 夢吟香 純米吟醸 しぼりたて生酒 ( [純米吟醸酒] (米: 国産米, 精米: 非公開)
    ✨ [新規SKU抽出] 白老 自然栽培米の酒 無濾過生原酒 ( [普通酒] (米: 国産米, 精米: 非公開)
    ✨ [新規SKU抽出] 白老 あばれ酵母 活性にごり酒 ( [普通酒] (米: 国産米, 精米: 非公開)
    ✨ [新規SKU抽出] 酵母の力がみなぎる活性にごり酒。よく冷やしてお召し上がりください。 [普通酒] (米: 国産米, 精米: 非公開)
    ✨ [新規SKU抽出] 白老 若水 純米 無濾過生原酒 ( [純米酒] (米: 国産米, 精米: 非公開)
    ✨ [新規SKU抽出] 白老 若水純米 無濾過生原酒 ( [純米酒] (米: 国産米, 精米: 非公開)
    ✨ [新規SKU抽出] 白老らしさを味わう若水100%のスタンダード。元気でフレッシュな無濾過生原酒です。 [普通酒] (米: 国産米, 精米: 00%)
    ✨ [新規SKU抽出] 純米大吟醸 白老 知多の花露 ( [純米大吟醸酒] (米: 国産米, 精米: 非公開)
    ✨ [新規SKU抽出] 知多半島産山田錦の3割5分磨き。オール愛知にこだわった最高級の純米大吟醸です。 [純米大吟醸酒] (米: 山田錦, 精米: 非公開)
    ✨ [新規SKU抽出] 純米吟醸 白老 知多の夢風 ( [純米吟醸酒] (米: 国産米, 精米: 非公開)
    ✨ [新規SKU抽出] 酵母の力がみなぎる元気な活性にごり酒です。 [普通酒] (米: 国産米, 精米: 非公開)
    ✨ [新規SKU抽出] 酒蔵開放限定槽口しぼりたての純米生原酒（ [純米酒] (米: 国産米, 精米: 非公開)
    ✨ [新規SKU抽出] 酒蔵開放限定純米吟醸 薫風（くんぷう） [純米吟醸酒] (米: 国産米, 精米: 非公開)
    ✨ [新規SKU抽出] 今年の薫風は千本錦の純米吟醸。フルーティな香りとスッキリした飲み口で人気の一本です。 [純米吟醸酒] (米: 国産米, 精米: 非公開)
    ✨ [新規SKU抽出] 酒蔵開放限定白老 千本錦 純米吟醸 うすにごり生原酒（ [純米吟醸酒] (米: 国産米, 精米: 非公開)
    ✨ [新規SKU抽出] 酒蔵開放限定白老 千本錦 純米吟醸 うすにごり生酒（ [純米吟醸酒] (米: 国産米, 精米: 非公開)
    ✨ [新規SKU抽出] HAKUROU リキュール　グレープフルーツ [リキュール] (米: 国産米, 精米: 非公開)
  👉 澤田酒造株式会社: 23 件の新規SKUを深層クローリングにより追加登録
[426/1376] 🏭 ID 1397: 盛田株式会社 (愛知県) - http://moritakk.com/
    ✨ [新規SKU抽出] - 吟醸酒 [吟醸酒] (米: 国産米, 精米: 非公開)
    ✨ [新規SKU抽出] - 純米酒 [純米酒] (米: 国産米, 精米: 非公開)
    ✨ [新規SKU抽出] - 本醸造酒 [本醸造酒] (米: 国産米, 精米: 非公開)
    ✨ [新規SKU抽出] 盛田　本格梅酒　２０年熟成 [リキュール] (米: 国産米, 精米: 非公開)
  👉 盛田株式会社: 4 件の新規SKUを深層クローリングにより追加登録
[427/1376] 🏭 ID 1398: 伊東株式会社 (愛知県) - https://shikishima-ito.com/
    ✨ [新規SKU抽出] 敷嶋　特別純米　出羽燦々　無濾過生原酒 [特別純米酒] (米: 出羽燦々, 精米: 非公開)
    ✨ [新規SKU抽出] 特別純米 山田錦 無濾過生原酒 8号酵母 [特別純米酒] (米: 山田錦, 精米: 非公開)
    ✨ [新規SKU抽出] 敷嶋　特別純米　五百万石　無濾過生原酒 [特別純米酒] (米: 五百万石, 精米: 非公開)
    ✨ [新規SKU抽出] 敷嶋　知多山田錦　特別純米    7号酵母 [特別純米酒] (米: 山田錦, 精米: 非公開)
    ✨ [新規SKU抽出] 五百万石の無濾過生原酒。五百万石の優しい甘味と苦み。 [普通酒] (米: 五百万石, 精米: 非公開)
  👉 伊東株式会社: 5 件の新規SKUを深層クローリングにより追加登録
[428/1376] 🏭 ID 1399: 永井治一郎 (愛知県) - https://www.nagaisyuzou.com/
    ✨ [新規SKU抽出] 治郎平 | 清酒　曻勢　純米吟醸酒　「治郎平」 [純米吟醸酒] (米: 国産米, 精米: 非公開)
    ✨ [新規SKU抽出] 達吉の里 | 清酒　曻勢　純米酒　「達吉の里」 [純米酒] (米: 国産米, 精米: 非公開)
    ✨ [新規SKU抽出] しぼりたて生酒 | 清酒　曻勢　「しぼりたて生酒」 [普通酒] (米: 国産米, 精米: 非公開)
    ✨ [新規SKU抽出] 三年古酒 | 清酒　曻勢　純米酒「三年古酒」 [純米酒] (米: 国産米, 精米: 非公開)
    ✨ [新規SKU抽出] 純米原酒 | 清酒　曻勢　純米酒「純米原酒」 [純米酒] (米: 国産米, 精米: 非公開)
  👉 永井治一郎: 5 件の新規SKUを深層クローリングにより追加登録
[429/1376] 🏭 ID 1400: 神杉酒造株式会社 (愛知県) - http://www.kamisugi.co.jp/
[430/1376] 🏭 ID 1401: 相生ユニビオ株式会社 (愛知県) - https://unibio.jp/
    ✨ [新規SKU抽出] リキュール ＞ [リキュール] (米: 国産米, 精米: 非公開)
    ✨ [新規SKU抽出] 香り豊かな本格焼酎を原料として、 [本格焼酎] (米: 国産米, 精米: 非公開)
    ✨ [新規SKU抽出] 純米大吟醸　碧の空 [純米大吟醸酒] (米: 国産米, 精米: 非公開)
    ✨ [新規SKU抽出] 純米吟醸　あいおい [純米吟醸酒] (米: 国産米, 精米: 非公開)
    ✨ [新規SKU抽出] 純米吟醸　相生花菖蒲 [純米吟醸酒] (米: 国産米, 精米: 非公開)
    ✨ [新規SKU抽出] 大吟醸　相生乃松 [大吟醸酒] (米: 国産米, 精米: 非公開)
    ✨ [新規SKU抽出] 吟醸　あいおい [吟醸酒] (米: 国産米, 精米: 非公開)
    ✨ [新規SKU抽出] 吟醸古酒　相生古幻 [吟醸酒] (米: 国産米, 精米: 非公開)
    ✨ [新規SKU抽出] 上撰・本醸造　あいおい [本醸造酒] (米: 国産米, 精米: 非公開)
    ✨ [新規SKU抽出] リキュール [リキュール] (米: 国産米, 精米: 非公開)
    ✨ [新規SKU抽出] レインボー　マイルド梅酒 [リキュール] (米: 国産米, 精米: 非公開)
    ✨ [新規SKU抽出] 仕込蔵の愛知県碧南市の花菖蒲をモチーフにし、愛知県産米で仕込んだ純米吟醸酒です。 [純米吟醸酒] (米: 国産米, 精米: 非公開)
  👉 相生ユニビオ株式会社: 12 件の新規SKUを深層クローリングにより追加登録
[431/1376] 🏭 ID 1402: 山﨑合資会社 (愛知県) - https://www.sonnoh.co.jp/
[432/1376] 🏭 ID 1403: 丸石醸造株式会社 (愛知県) - https://014.co.jp/
    ✨ [新規SKU抽出] 徳川家康は丸石が造る全量山田錦使用の大吟醸酒です。 [大吟醸酒] (米: 山田錦, 精米: 非公開)
    ✨ [新規SKU抽出] 純米大吟醸 徳川家康 [純米大吟醸酒] (米: 国産米, 精米: 非公開)
    ✨ [新規SKU抽出] 大吟醸 徳川家康 [大吟醸酒] (米: 国産米, 精米: 非公開)
    ✨ [新規SKU抽出] 純米大吟醸 徳川家康（桐箱入り） [純米大吟醸酒] (米: 国産米, 精米: 非公開)
    ✨ [新規SKU抽出] 大吟醸 徳川家康（化粧箱入） [大吟醸酒] (米: 国産米, 精米: 非公開)
    ✨ [新規SKU抽出] 純米大吟醸 二兎 雄町四十八 [純米大吟醸酒] (米: 雄町, 精米: 非公開)
    ✨ [新規SKU抽出] 純米吟醸 二兎 山田錦五十五 [純米吟醸酒] (米: 山田錦, 精米: 非公開)
    ✨ [新規SKU抽出] 純米大吟醸 二兎 愛山四十八 [純米大吟醸酒] (米: 愛山, 精米: 非公開)
    ✨ [新規SKU抽出] 純米吟醸 二兎 出羽燦々五十五 [純米吟醸酒] (米: 出羽燦々, 精米: 非公開)
    ✨ [新規SKU抽出] 純米大吟醸 二兎 雄町三十三 [純米大吟醸酒] (米: 雄町, 精米: 非公開)
    ✨ [新規SKU抽出] 純米吟醸 二兎 雄町五十五 うすにごり生 スパークリング [純米吟醸酒] (米: 雄町, 精米: 非公開)
    ✨ [新規SKU抽出] 純米吟醸 二兎 雄町五十五 [純米吟醸酒] (米: 雄町, 精米: 非公開)
    ✨ [新規SKU抽出] うすにごり生スパークリング [普通酒] (米: 国産米, 精米: 非公開)
    ✨ [新規SKU抽出] 清酒、日本酒、リキュールの製造・販売 [リキュール] (米: 国産米, 精米: 非公開)
  👉 丸石醸造株式会社: 14 件の新規SKUを深層クローリングにより追加登録
[433/1376] 🏭 ID 1404: 合資会社柴田酒造場 (愛知県) - https://www.shibatabrewery.com/
    ✨ [新規SKU抽出] 生酛造り山廃造りへのこだわり [普通酒] (米: 国産米, 精米: 非公開)
    ✨ [新規SKU抽出] 生酛造り「众」など銘柄も豊富 [普通酒] (米: 国産米, 精米: 非公開)
    ✨ [新規SKU抽出] ・山廃酛 [普通酒] (米: 国産米, 精米: 非公開)
  👉 合資会社柴田酒造場: 3 件の新規SKUを深層クローリングにより追加登録
[434/1376] 🏭 ID 1405: 豊田酒造株式会社 (愛知県) - https://toyota-shuzo.co.jp/
[435/1376] 🏭 ID 1406: 浦野合資会社 (愛知県) - https://www.kikuishi.com/
    ✨ [新規SKU抽出] 清酒菊石大吟醸 [大吟醸酒] (米: 国産米, 精米: 非公開)
    ✨ [新規SKU抽出] 清酒菊石　大吟醸 [大吟醸酒] (米: 国産米, 精米: 非公開)
    ✨ [新規SKU抽出] 清酒菊石五百万石純米吟醸 [純米吟醸酒] (米: 五百万石, 精米: 非公開)
    ✨ [新規SKU抽出] 清酒菊石　純米吟醸 [純米吟醸酒] (米: 国産米, 精米: 非公開)
    ✨ [新規SKU抽出] 清酒菊石山田錦純米酒 [純米酒] (米: 山田錦, 精米: 非公開)
    ✨ [新規SKU抽出] 清酒菊石　山田錦　純米酒 [純米酒] (米: 山田錦, 精米: 非公開)
    ✨ [新規SKU抽出] 清酒菊石純米酒夢ゆたか [純米酒] (米: 国産米, 精米: 非公開)
    ✨ [新規SKU抽出] 清酒菊石　純米酒　夢ゆたか [純米酒] (米: 国産米, 精米: 非公開)
    ✨ [新規SKU抽出] 清酒菊石　本醸造　もと [本醸造酒] (米: 国産米, 精米: 非公開)
    ✨ [新規SKU抽出] 清酒菊石本醸造生貯蔵酒 [本醸造酒] (米: 国産米, 精米: 非公開)
    ✨ [新規SKU抽出] 清酒菊石　本醸造　生貯蔵酒 [本醸造酒] (米: 国産米, 精米: 非公開)
    ✨ [新規SKU抽出] 清酒菊石しぼりたて純米原酒春待ち酒 [純米酒] (米: 国産米, 精米: 非公開)
    ✨ [新規SKU抽出] 清酒菊石　しぼりたて純米原酒　春待ち酒 [純米酒] (米: 国産米, 精米: 非公開)
    ✨ [新規SKU抽出] 清酒菊石　袋濾し純米吟醸生酒 [純米吟醸酒] (米: 国産米, 精米: 非公開)
    ✨ [新規SKU抽出] 清酒菊石　生詰本醸造　薫る風 [本醸造酒] (米: 国産米, 精米: 非公開)
    ✨ [新規SKU抽出] 清酒菊石　純米酒　夢ゆたか生貯蔵酒 [純米酒] (米: 国産米, 精米: 非公開)
    ✨ [新規SKU抽出] 清酒菊石　純米吟醸生貯蔵酒 [純米吟醸酒] (米: 国産米, 精米: 非公開)
    ✨ [新規SKU抽出] 清酒菊石ひやおろし本醸造 [本醸造酒] (米: 国産米, 精米: 非公開)
    ✨ [新規SKU抽出] 清酒菊石　ひやおろし本醸造 [本醸造酒] (米: 国産米, 精米: 非公開)
    ✨ [新規SKU抽出] 清酒菊石　袋濾し純米吟醸　秋酒 [純米吟醸酒] (米: 国産米, 精米: 非公開)
    ✨ [新規SKU抽出] 清酒にごり酒　しろうま菊石原酒生酒 [普通酒] (米: 国産米, 精米: 非公開)
    ✨ [新規SKU抽出] 清酒にごり酒　しろうま菊石 [普通酒] (米: 国産米, 精米: 非公開)
    ✨ [新規SKU抽出] 清酒菊石本醸造もと初しぼり生酒 [本醸造酒] (米: 国産米, 精米: 非公開)
    ✨ [新規SKU抽出] 清酒菊石　本醸造もと　初しぼり生酒 [本醸造酒] (米: 国産米, 精米: 非公開)
    ✨ [新規SKU抽出] 菊石大吟醸 [大吟醸酒] (米: 国産米, 精米: 非公開)
    ✨ [新規SKU抽出] 愛知県新酒品評会　3部門入賞（吟醸酒・純米酒・本醸造酒） [吟醸酒] (米: 国産米, 精米: 非公開)
    ✨ [新規SKU抽出] 愛知県新酒品評会　2部門入賞（本醸造酒・純米酒） [本醸造酒] (米: 国産米, 精米: 非公開)
    ✨ [新規SKU抽出] 吟醸酒の部　名古屋国税局長賞　菊石大吟醸 [大吟醸酒] (米: 国産米, 精米: 非公開)
    ✨ [新規SKU抽出] 純米吟醸酒の部　優等賞　菊石純米大吟醸 [純米大吟醸酒] (米: 国産米, 精米: 非公開)
    ✨ [新規SKU抽出] 燗酒の部　優等賞　菊石ひやおろし本醸造 [本醸造酒] (米: 国産米, 精米: 非公開)
    ✨ [新規SKU抽出] 愛知県酒造組合きき酒研究会　３部門入賞・本醸造の部　県知事賞受賞 [本醸造酒] (米: 国産米, 精米: 非公開)
    ✨ [新規SKU抽出] 名古屋国税局酒類鑑評会　優等賞受賞(吟醸酒、純米吟醸酒、燗酒２種、計４銘柄） [純米吟醸酒] (米: 国産米, 精米: 非公開)
    ✨ [新規SKU抽出] 愛知県酒造組合きき酒研究会　本醸造の部　県知事賞受賞・純米酒の部　優等賞受賞 [本醸造酒] (米: 国産米, 精米: 非公開)
    ✨ [新規SKU抽出] 愛知県酒造組合きき酒研究会　全部門入賞・本醸造の部　県知事賞受賞 [本醸造酒] (米: 国産米, 精米: 非公開)
    ✨ [新規SKU抽出] 本醸造酒・純米酒） [本醸造酒] (米: 国産米, 精米: 非公開)
    ✨ [新規SKU抽出] 愛知県酒造組合きき酒研修会　全部門入賞・本醸造の部　愛知県知事賞受賞 [本醸造酒] (米: 国産米, 精米: 非公開)
  👉 浦野合資会社: 36 件の新規SKUを深層クローリングにより追加登録
[436/1376] 🏭 ID 1407: 中垣酒造株式会社 (愛知県) - https://r.goope.jp/nakagaki-syuzo/
[437/1376] 🏭 ID 1408: 福井酒造株式会社 (愛知県) - https://www.fukui-syuzo.co.jp/
    ✨ [新規SKU抽出] 酒造好適米「夢吟香」を40%まで磨き、低温で醸造した純米大吟醸の中汲みの原酒です。 [純米大吟醸酒] (米: 国産米, 精米: 40%)
    ✨ [新規SKU抽出] IWC：純米吟醸酒部門 2019年推奨賞、2024年推奨賞 [純米吟醸酒] (米: 国産米, 精米: 非公開)
    ✨ [新規SKU抽出] 愛知県産酒造好適米「夢吟香」を100％使用した純米酒です... [純米酒] (米: 国産米, 精米: 非公開)
    ✨ [新規SKU抽出] 特別純米酒 [特別純米酒] (米: 国産米, 精米: 非公開)
    ✨ [新規SKU抽出] 麹米をほぐして、杉の木で出来た箱（大吟醸は蓋使用）に分け品温管理を徹底。 [大吟醸酒] (米: 国産米, 精米: 非公開)
    ✨ [新規SKU抽出] 大吟醸として出来た醪を避け袋に入れて、袋を吊るして搾る。 [大吟醸酒] (米: 国産米, 精米: 非公開)
    ✨ [新規SKU抽出] IWC：大吟醸酒部門 2022年推奨賞、2023年金メダル、2024年推奨賞 [大吟醸酒] (米: 国産米, 精米: 非公開)
    ✨ [新規SKU抽出] 名古屋国税局酒類鑑評会：大吟醸部 2023年優等賞、2021年優等賞、 [大吟醸酒] (米: 国産米, 精米: 非公開)
    ✨ [新規SKU抽出] IWC：大吟醸酒部門 2017年銅メダル [大吟醸酒] (米: 国産米, 精米: 非公開)
    ✨ [新規SKU抽出] IWC：純米大吟醸酒部門 2020年銀メダル、2021年推奨賞、2024年金メダル [純米大吟醸酒] (米: 国産米, 精米: 非公開)
    ✨ [新規SKU抽出] 名古屋国税局酒類鑑評会：純米大吟醸部 2021年優等賞 [純米大吟醸酒] (米: 国産米, 精米: 非公開)
    ✨ [新規SKU抽出] IWC：純米大吟醸酒部門 2022年推奨賞 [純米大吟醸酒] (米: 国産米, 精米: 非公開)
    ✨ [新規SKU抽出] 喉越しスッキリのさっぱりとした純米酒。適度の香りで飲み... [純米酒] (米: 国産米, 精米: 非公開)
    ✨ [新規SKU抽出] 喉越しスッキリのさっぱりとした純米酒。適度の香りで飲み飽きしないお酒です。 [純米酒] (米: 国産米, 精米: 非公開)
    ✨ [新規SKU抽出] 幻の米と呼ばれる無農薬栽培の雄町を100％使用した特別純米酒。スッキリ… [特別純米酒] (米: 雄町, 精米: 非公開)
    ✨ [新規SKU抽出] 幻の米と呼ばれる無農薬栽培米の雄町を100%使用した特別純米酒。 [特別純米酒] (米: 雄町, 精米: 00%)
    ✨ [新規SKU抽出] 愛知県産「コシヒカリ」で仕込んだ寒造り本醸造酒... [本醸造酒] (米: 国産米, 精米: 非公開)
    ✨ [新規SKU抽出] 特別本醸造酒「吟」の生貯蔵酒。出来上がったお酒を濾過したものをそのまま瓶詰めし... [特別本醸造酒] (米: 国産米, 精米: 非公開)
    ✨ [新規SKU抽出] 特別本醸造 [特別本醸造酒] (米: 国産米, 精米: 非公開)
    ✨ [新規SKU抽出] 純米しぼりたて生原酒 [純米酒] (米: 国産米, 精米: 非公開)
    ✨ [新規SKU抽出] 本醸造しぼりたて生原酒 [本醸造酒] (米: 国産米, 精米: 非公開)
    ✨ [新規SKU抽出] 真しぼりたて生原酒 [普通酒] (米: 国産米, 精米: 非公開)
    ✨ [新規SKU抽出] 純米吟醸酒 [純米吟醸酒] (米: 国産米, 精米: 非公開)
    ✨ [新規SKU抽出] 夢山水 しぼりたて生原酒 [普通酒] (米: 国産米, 精米: 非公開)
    ✨ [新規SKU抽出] リキュール [リキュール] (米: 国産米, 精米: 非公開)
    ✨ [新規SKU抽出] 鳳来寺梅酒 [リキュール] (米: 国産米, 精米: 非公開)
  👉 福井酒造株式会社: 26 件の新規SKUを深層クローリングにより追加登録
[438/1376] 🏭 ID 1409: 関谷醸造株式会社 (愛知県) - https://www.houraisen.co.jp/
    ✨ [新規SKU抽出] 生原酒の量り売り [普通酒] (米: 国産米, 精米: 非公開)
    ✨ [新規SKU抽出] 搾った酒（無濾過生原酒）を濾過してオリ等を除去すると「濾過生原酒」になります。 [普通酒] (米: 国産米, 精米: 非公開)
  👉 関谷醸造株式会社: 2 件の新規SKUを深層クローリングにより追加登録
[439/1376] 🏭 ID 1840: 三和酒造株式会社 (静岡県) - http://garyubai.com
[440/1376] 🏭 ID 1841: 浜松酒造株式会社 (静岡県) - http://hamamatsushuzo.com/
    ✨ [新規SKU抽出] 純米大吟醸 部門で出世城 純米大吟醸がSILVER受賞。 [純米大吟醸酒] (米: 国産米, 精米: 非公開)
    ✨ [新規SKU抽出] 蔵出 出世城 大吟醸 愛山数量限定酒 [大吟醸酒] (米: 愛山, 精米: 非公開)
    ✨ [新規SKU抽出] 酒米「愛山」で醸した大吟醸酒。 [大吟醸酒] (米: 愛山, 精米: 非公開)
    ✨ [新規SKU抽出] 出世城 中取り 純米大吟醸・出世城 純米大吟醸 愛山数量限定酒 [純米大吟醸酒] (米: 愛山, 精米: 非公開)
    ✨ [新規SKU抽出] 酒米「山田錦」、「愛山」で醸した純米大吟醸酒。 [純米大吟醸酒] (米: 山田錦, 精米: 非公開)
    ✨ [新規SKU抽出] 令和7年度（第74回）名古屋国税局酒類鑑評会 吟醸酒の部 優等賞入賞 [吟醸酒] (米: 国産米, 精米: 非公開)
  👉 浜松酒造株式会社: 6 件の新規SKUを深層クローリングにより追加登録
[441/1376] 🏭 ID 1842: 花の舞酒造株式会社 (静岡県) - http://www.rakuten.ne.jp/gold/hananomai/
    ✨ [新規SKU抽出] 純米大吟醸・大吟醸 [純米大吟醸酒] (米: 国産米, 精米: 非公開)
    ✨ [新規SKU抽出] 本醸造酒 [本醸造酒] (米: 国産米, 精米: 非公開)
    ✨ [新規SKU抽出] 純米吟醸・吟醸 [純米吟醸酒] (米: 国産米, 精米: 非公開)
    ✨ [新規SKU抽出] 梅酒・焼酎 [リキュール] (米: 国産米, 精米: 非公開)
    ✨ [新規SKU抽出] 花の舞 彩りセット ～純米酒・誉富士・純米梅酒・Abysse・吟醸花ラベル～ [吟醸酒] (米: 国産米, 精米: 非公開)
    ✨ [新規SKU抽出] フルーティーな純米酒日本酒 花の舞 香る純米酒 [純米酒] (米: 国産米, 精米: 非公開)
    ✨ [新規SKU抽出] ジューシーな純米吟醸日本酒 花の舞 山田錦純米吟醸青 [純米吟醸酒] (米: 山田錦, 精米: 非公開)
    ✨ [新規SKU抽出] 日本酒 花の舞 純米酒超辛口 [純米酒] (米: 国産米, 精米: 非公開)
    ✨ [新規SKU抽出] 日本酒 花の舞 山田錦純米吟醸原酒緑 [純米吟醸酒] (米: 山田錦, 精米: 非公開)
    ✨ [新規SKU抽出] 静岡県産米を100%使用日本酒 花の舞 純米酒 [純米酒] (米: 国産米, 精米: 00%)
    ✨ [新規SKU抽出] 日本酒 花の舞 大吟醸 [大吟醸酒] (米: 国産米, 精米: 非公開)
    ✨ [新規SKU抽出] 日本酒 花の舞 極み純米大吟醸 [純米大吟醸酒] (米: 国産米, 精米: 非公開)
    ✨ [新規SKU抽出] 花の舞 純米吟醸徳川家康 [純米吟醸酒] (米: 国産米, 精米: 非公開)
    ✨ [新規SKU抽出] 焼酎 花の舞 米焼酎（25％） 阿茶 [本格焼酎] (米: 国産米, 精米: 非公開)
    ✨ [新規SKU抽出] 日本酒 花の舞 限定純米大吟醸 [純米大吟醸酒] (米: 国産米, 精米: 非公開)
    ✨ [新規SKU抽出] 米焼酎原酒(40%) 花の舞 麁玉(あらたま)の里 [本格焼酎] (米: 国産米, 精米: 40%)
    ✨ [新規SKU抽出] 日本酒 花の舞 純米大吟醸 [純米大吟醸酒] (米: 国産米, 精米: 非公開)
    ✨ [新規SKU抽出] 日本酒 花の舞 純米酒 [純米酒] (米: 国産米, 精米: 非公開)
    ✨ [新規SKU抽出] 日本酒 花の舞 誉富士純米吟醸 [純米吟醸酒] (米: 国産米, 精米: 非公開)
    ✨ [新規SKU抽出] 日本酒 花の舞 本醸造辛口 [本醸造酒] (米: 国産米, 精米: 非公開)
  👉 花の舞酒造株式会社: 20 件の新規SKUを深層クローリングにより追加登録
[442/1376] 🏭 ID 1843: 磯自慢酒造株式会社 (静岡県) - https://www.isojiman-sake.jp/
[443/1376] 🏭 ID 1844: 株式会社神沢川酒造場 (静岡県) - http://kanzawagawa.co.jp/
[444/1376] 🏭 ID 1845: 株式会社志太泉酒造 (静岡県) - http://shidaizumi.com/
    ✨ [新規SKU抽出] 純米愛山純米吟醸風神ラベル　詳細PDFは [純米吟醸酒] (米: 愛山, 精米: 非公開)
    ✨ [新規SKU抽出] 純米吟醸「花」　詳細PDFは詳細PDFは [純米吟醸酒] (米: 国産米, 精米: 非公開)
    ✨ [新規SKU抽出] 「静岡県清酒鑑評会・吟醸の部・入賞酒」 詳細PDFは [吟醸酒] (米: 国産米, 精米: 非公開)
    ✨ [新規SKU抽出] 純米吟醸「辛口・雷神ラベル」詳細は [純米吟醸酒] (米: 国産米, 精米: 非公開)
    ✨ [新規SKU抽出] 純米吟醸「焼津山田錦」 詳細PDFは [純米吟醸酒] (米: 山田錦, 精米: 非公開)
    ✨ [新規SKU抽出] 純米吟醸「藤枝誉富士」 詳細PDFは [純米吟醸酒] (米: 国産米, 精米: 非公開)
    ✨ [新規SKU抽出] 志太泉 辛口 純米吟醸 | Shidaizumi Brewery [純米吟醸酒] (米: 国産米, 精米: 非公開)
    ✨ [新規SKU抽出] 純米吟醸」 [純米吟醸酒] (米: 国産米, 精米: 非公開)
    ✨ [新規SKU抽出] 志太泉らしい辛口純米吟醸とは。 [純米吟醸酒] (米: 国産米, 精米: 非公開)
    ✨ [新規SKU抽出] 大好評！甘口酒全盛期に反旗を翻す「志太泉 辛口 純米吟醸」 [純米吟醸酒] (米: 国産米, 精米: 非公開)
    ✨ [新規SKU抽出] 志太泉 辛口 純米吟醸 ラベル [純米吟醸酒] (米: 国産米, 精米: 非公開)
    ✨ [新規SKU抽出] 志太泉 辛口 純米吟醸 ボトル [純米吟醸酒] (米: 国産米, 精米: 非公開)
    ✨ [新規SKU抽出] 「志太泉 辛口 純米吟醸」はお料理とあわせて [純米吟醸酒] (米: 国産米, 精米: 非公開)
  👉 株式会社志太泉酒造: 13 件の新規SKUを深層クローリングにより追加登録
[445/1376] 🏭 ID 1846: 万大醸造合資会社 (静岡県) - https://izu-bandai.com/
    ✨ [新規SKU抽出] 大吟醸脇田屋 [大吟醸酒] (米: 国産米, 精米: 非公開)
    ✨ [新規SKU抽出] 萬耀 誉富士 純米吟醸 [純米吟醸酒] (米: 国産米, 精米: 非公開)
    ✨ [新規SKU抽出] 萬耀 特別純米原酒 [特別純米酒] (米: 国産米, 精米: 非公開)
    ✨ [新規SKU抽出] 豊楽 純米大吟醸 [純米大吟醸酒] (米: 国産米, 精米: 非公開)
    ✨ [新規SKU抽出] 脇田屋 大吟醸 [大吟醸酒] (米: 国産米, 精米: 非公開)
    ✨ [新規SKU抽出] 脇田屋 特別本醸造 [特別本醸造酒] (米: 国産米, 精米: 非公開)
    ✨ [新規SKU抽出] 大沢里 純米吟醸 [純米吟醸酒] (米: 国産米, 精米: 非公開)
    ✨ [新規SKU抽出] 鶴生 本醸造 [本醸造酒] (米: 国産米, 精米: 非公開)
    ✨ [新規SKU抽出] 鶴生 本醸造生貯蔵 [本醸造酒] (米: 国産米, 精米: 非公開)
    ✨ [新規SKU抽出] リキュール [リキュール] (米: 国産米, 精米: 非公開)
    ✨ [新規SKU抽出] 伊豆のにごり酒 季節限定 [普通酒] (米: 国産米, 精米: 非公開)
    ✨ [新規SKU抽出] 純米大吟醸 豊楽 [純米大吟醸酒] (米: 国産米, 精米: 非公開)
    ✨ [新規SKU抽出] 大吟醸 脇田屋 [大吟醸酒] (米: 国産米, 精米: 非公開)
    ✨ [新規SKU抽出] 特別本醸造 脇田屋 [特別本醸造酒] (米: 国産米, 精米: 非公開)
    ✨ [新規SKU抽出] 特別本醸造 [特別本醸造酒] (米: 国産米, 精米: 非公開)
    ✨ [新規SKU抽出] 純米吟醸 大沢里 [純米吟醸酒] (米: 国産米, 精米: 非公開)
    ✨ [新規SKU抽出] 本醸造 鶴生 [本醸造酒] (米: 国産米, 精米: 非公開)
    ✨ [新規SKU抽出] 本醸造生貯蔵 鶴生 [本醸造酒] (米: 国産米, 精米: 非公開)
    ✨ [新規SKU抽出] 本醸造生貯蔵 [本醸造酒] (米: 国産米, 精米: 非公開)
    ✨ [新規SKU抽出] 純米吟醸 萬燿誉富士 [純米吟醸酒] (米: 国産米, 精米: 非公開)
    ✨ [新規SKU抽出] 萬燿 特別純米原酒 [特別純米酒] (米: 国産米, 精米: 非公開)
    ✨ [新規SKU抽出] 特別純米原酒 [特別純米酒] (米: 国産米, 精米: 非公開)
    ✨ [新規SKU抽出] 東洋醸造の味を受け継いだ、伊豆の夏を凝縮した梅酒。 [リキュール] (米: 国産米, 精米: 非公開)
    ✨ [新規SKU抽出] 復活した名物、幻の希少種「白枇杷」をリキュールに。 [リキュール] (米: 国産米, 精米: 非公開)
    ✨ [新規SKU抽出] 夏にぴったりの爽やか系ニューサマーリキュール! [リキュール] (米: 国産米, 精米: 非公開)
    ✨ [新規SKU抽出] 伊豆の特産品、いちごを使ったリキュール。 [リキュール] (米: 国産米, 精米: 非公開)
    ✨ [新規SKU抽出] 思い切ってわさびをリキュールにしてみました。 [リキュール] (米: 国産米, 精米: 非公開)
    ✨ [新規SKU抽出] すっきりした味わいの深さを特徴とした伊豆の料理に良くあう伊豆の本格焼酎。 [本格焼酎] (米: 国産米, 精米: 非公開)
    ✨ [新規SKU抽出] 伊豆のにごり酒 [普通酒] (米: 国産米, 精米: 非公開)
    ✨ [新規SKU抽出] 冬限定・予約制のにごり酒。のどごし滑らか、甘み爽やか! [普通酒] (米: 国産米, 精米: 非公開)
  👉 万大醸造合資会社: 30 件の新規SKUを深層クローリングにより追加登録
[447/1376] 🏭 ID 1848: 株式会社駿河酒造場 (静岡県) - https://tenkou.base.ec/
    ✨ [新規SKU抽出] すべてのクラスで全量大吟醸造りに用いる袋取り樽しぼりの贅沢仕上げ。 [大吟醸酒] (米: 国産米, 精米: 非公開)
    ✨ [新規SKU抽出] 天虹／純米大吟醸 [純米大吟醸酒] (米: 国産米, 精米: 非公開)
    ✨ [新規SKU抽出] 袋採り大吟醸40 山田錦 [大吟醸酒] (米: 山田錦, 精米: 非公開)
    ✨ [新規SKU抽出] 天虹／特別純米 [特別純米酒] (米: 国産米, 精米: 非公開)
    ✨ [新規SKU抽出] 特別純米／日本晴 [特別純米酒] (米: 国産米, 精米: 非公開)
    ✨ [新規SKU抽出] 特別純米／誉富士 [特別純米酒] (米: 国産米, 精米: 非公開)
    ✨ [新規SKU抽出] 夏季限定  天虹／「涼」特別純米酒 生貯蔵 [特別純米酒] (米: 国産米, 精米: 非公開)
    ✨ [新規SKU抽出] 天虹／「涼」特別純米酒 生貯蔵 [特別純米酒] (米: 国産米, 精米: 非公開)
    ✨ [新規SKU抽出] 天虹／特別純米 60 誉富士 [特別純米酒] (米: 国産米, 精米: 非公開)
    ✨ [新規SKU抽出] 天虹／袋採り 純米大吟醸 40 山田錦 [純米大吟醸酒] (米: 山田錦, 精米: 非公開)
    ✨ [新規SKU抽出] 天虹／純米吟醸 55 酒こまち [純米吟醸酒] (米: 国産米, 精米: 非公開)
    ✨ [新規SKU抽出] 天虹／本醸造 大辛口 +7 [本醸造酒] (米: 国産米, 精米: 非公開)
  👉 株式会社駿河酒造場: 12 件の新規SKUを深層クローリングにより追加登録
[448/1376] 🏭 ID 1849: 静岡平喜酒造株式会社 (静岡県) - http://shizuokahirakishuzo.com/
    ✨ [新規SKU抽出] 純米酒のすゝめ [純米酒] (米: 国産米, 精米: 非公開)
    ✨ [新規SKU抽出] 純米酒で示す、米由来の味わい [純米酒] (米: 国産米, 精米: 非公開)
    ✨ [新規SKU抽出] - アルコール無添加の純米酒 - [純米酒] (米: 国産米, 精米: 非公開)
    ✨ [新規SKU抽出] 純米大吟醸 山田錦 あお [純米大吟醸酒] (米: 山田錦, 精米: 非公開)
    ✨ [新規SKU抽出] 純米大吟醸 山田錦 あか [純米大吟醸酒] (米: 山田錦, 精米: 非公開)
    ✨ [新規SKU抽出] 純米吟醸 山田錦 [純米吟醸酒] (米: 山田錦, 精米: 非公開)
    ✨ [新規SKU抽出] 特別純米酒 [特別純米酒] (米: 国産米, 精米: 非公開)
    ✨ [新規SKU抽出] 特別純米酒 誉富士 [特別純米酒] (米: 国産米, 精米: 非公開)
    ✨ [新規SKU抽出] 純米酒 雄町 [純米酒] (米: 雄町, 精米: 非公開)
    ✨ [新規SKU抽出] 純米 しぼりたて [純米酒] (米: 国産米, 精米: 非公開)
    ✨ [新規SKU抽出] 純米酒 限定謹醸 雄町 [純米酒] (米: 雄町, 精米: 非公開)
    ✨ [新規SKU抽出] 喜平 大吟醸 原酒 雄華 [大吟醸酒] (米: 国産米, 精米: 非公開)
    ✨ [新規SKU抽出] 喜平 特別純米酒 雄町米 [特別純米酒] (米: 雄町, 精米: 非公開)
    ✨ [新規SKU抽出] 純米 ひやおろし [純米酒] (米: 国産米, 精米: 非公開)
  👉 静岡平喜酒造株式会社: 14 件の新規SKUを深層クローリングにより追加登録
[449/1376] 🏭 ID 1850: 富士錦酒造株式会社 (静岡県) - http://www.fujinishiki.com/
    ✨ [新規SKU抽出] 毎月開催生原酒量り売り＆マルシェ イベント [普通酒] (米: 国産米, 精米: 非公開)
    ✨ [新規SKU抽出] 静岡県清酒鑑評会（吟醸の部） [吟醸酒] (米: 国産米, 精米: 非公開)
    ✨ [新規SKU抽出] 純米大吟醸部門「富士錦 純米大吟醸 雄町」 [純米大吟醸酒] (米: 雄町, 精米: 非公開)
    ✨ [新規SKU抽出] 純米酒部門　「特別純米誉富士」 [特別純米酒] (米: 国産米, 精米: 非公開)
    ✨ [新規SKU抽出] 純米酒部門　「純米青ラベル」 [純米酒] (米: 国産米, 精米: 非公開)
    ✨ [新規SKU抽出] お値打ちぬる燗部門　「富士錦　純米酒」 [純米酒] (米: 国産米, 精米: 非公開)
    ✨ [新規SKU抽出] 金賞　特別純米　誉富士 [特別純米酒] (米: 国産米, 精米: 非公開)
    ✨ [新規SKU抽出] 入賞　純米大吟醸　山田錦 [純米大吟醸酒] (米: 山田錦, 精米: 非公開)
    ✨ [新規SKU抽出] 入賞　純米大吟醸　雄町 [純米大吟醸酒] (米: 雄町, 精米: 非公開)
    ✨ [新規SKU抽出] 入賞　純米吟醸 [純米吟醸酒] (米: 国産米, 精米: 非公開)
    ✨ [新規SKU抽出] 入賞　特別純米　誉富士 [特別純米酒] (米: 国産米, 精米: 非公開)
    ✨ [新規SKU抽出] 入賞　純米酒　青ラベル [純米酒] (米: 国産米, 精米: 非公開)
    ✨ [新規SKU抽出] 金賞　純米大吟醸雄町 [純米大吟醸酒] (米: 雄町, 精米: 非公開)
    ✨ [新規SKU抽出] 銀賞　純米吟醸 [純米吟醸酒] (米: 国産米, 精米: 非公開)
    ✨ [新規SKU抽出] 銅メダル　純米酒　青ラベル [純米酒] (米: 国産米, 精米: 非公開)
    ✨ [新規SKU抽出] 吟醸の部　入賞 [吟醸酒] (米: 国産米, 精米: 非公開)
    ✨ [新規SKU抽出] 特別純米　誉富士　金賞 [特別純米酒] (米: 国産米, 精米: 非公開)
    ✨ [新規SKU抽出] 金賞　特別純米誉富士 [特別純米酒] (米: 国産米, 精米: 非公開)
    ✨ [新規SKU抽出] 優等賞　富士錦　純米酒 [純米酒] (米: 国産米, 精米: 非公開)
    ✨ [新規SKU抽出] 優等賞　純米大吟醸　雄町 [純米大吟醸酒] (米: 雄町, 精米: 非公開)
    ✨ [新規SKU抽出] 金賞　　純米酒　青ラベル [純米酒] (米: 国産米, 精米: 非公開)
    ✨ [新規SKU抽出] 優等賞　純米吟醸の部　富士錦　純米大吟醸　山田錦 [純米大吟醸酒] (米: 山田錦, 精米: 非公開)
    ✨ [新規SKU抽出] 優等賞　　大吟醸の部　富士錦　大吟醸(金) [大吟醸酒] (米: 国産米, 精米: 非公開)
    ✨ [新規SKU抽出] 銀メダル　富士錦　純米吟醸 [純米吟醸酒] (米: 国産米, 精米: 非公開)
    ✨ [新規SKU抽出] 入賞　富士錦　純米大吟醸　山田錦 [純米大吟醸酒] (米: 山田錦, 精米: 非公開)
    ✨ [新規SKU抽出] 入賞　富士錦　特別純米　誉富士 [特別純米酒] (米: 国産米, 精米: 非公開)
    ✨ [新規SKU抽出] プラチナ賞　美山錦の部　富士錦　純米吟醸 [純米吟醸酒] (米: 美山錦, 精米: 非公開)
    ✨ [新規SKU抽出] 優等賞　富士錦　純米大吟醸　雄町 [純米大吟醸酒] (米: 雄町, 精米: 非公開)
    ✨ [新規SKU抽出] 優等賞　　純米吟醸の部　富士錦　純米大吟醸　山田錦 [純米大吟醸酒] (米: 山田錦, 精米: 非公開)
    ✨ [新規SKU抽出] 優等賞　　大吟醸の部　富士錦　大吟醸　金 [大吟醸酒] (米: 国産米, 精米: 非公開)
    ✨ [新規SKU抽出] 入賞　富士錦　純米酒 [純米酒] (米: 国産米, 精米: 非公開)
    ✨ [新規SKU抽出] 銀メダル　富士錦　純米酒　青ラベル [純米酒] (米: 国産米, 精米: 非公開)
    ✨ [新規SKU抽出] 入賞　富士錦　純米酒大吟醸　雄町 [大吟醸酒] (米: 雄町, 精米: 非公開)
    ✨ [新規SKU抽出] 入賞　富士錦　純米吟醸 [純米吟醸酒] (米: 国産米, 精米: 非公開)
    ✨ [新規SKU抽出] 入賞　富士錦　特別純米　ほまれふじ [特別純米酒] (米: 国産米, 精米: 非公開)
    ✨ [新規SKU抽出] 金賞　富士錦　純米大吟醸　山田錦 [純米大吟醸酒] (米: 山田錦, 精米: 非公開)
    ✨ [新規SKU抽出] 金賞　富士錦　純米吟醸 [純米吟醸酒] (米: 国産米, 精米: 非公開)
    ✨ [新規SKU抽出] 金賞　富士錦　特別純米　ほまれふじ [特別純米酒] (米: 国産米, 精米: 非公開)
    ✨ [新規SKU抽出] 静岡県清酒鑑評会	優等賞　　純米吟醸の部　富士錦　純米大吟醸　山田錦 [純米大吟醸酒] (米: 山田錦, 精米: 非公開)
    ✨ [新規SKU抽出] 優等賞　　大吟醸の部　　富士錦　大吟醸　金 [大吟醸酒] (米: 国産米, 精米: 非公開)
    ✨ [新規SKU抽出] 清酒鑑評会	優等賞　　純米の部　　　富士錦　純米酒 [純米酒] (米: 国産米, 精米: 非公開)
    ✨ [新規SKU抽出] チャレンジ	金メダル　富士錦　純米大吟醸　雄町 [純米大吟醸酒] (米: 雄町, 精米: 非公開)
    ✨ [新規SKU抽出] KURA Master	金賞　　　富士錦　純米酒 [純米酒] (米: 国産米, 精米: 非公開)
    ✨ [新規SKU抽出] 銅メダル　富士錦　純米酒　青ラベル [純米酒] (米: 国産米, 精米: 非公開)
    ✨ [新規SKU抽出] 富士錦　純米吟醸 [純米吟醸酒] (米: 国産米, 精米: 非公開)
    ✨ [新規SKU抽出] 入賞　　　富士錦　特別純米　ほまれふじ [特別純米酒] (米: 国産米, 精米: 非公開)
    ✨ [新規SKU抽出] 全米日本酒歓評会2018	銀メダル　富士錦　純米大吟醸　雄町 [純米大吟醸酒] (米: 雄町, 精米: 非公開)
    ✨ [新規SKU抽出] 酒類鑑評会	純米部門　優等賞　富士錦純米酒（代表表彰） [純米酒] (米: 国産米, 精米: 非公開)
    ✨ [新規SKU抽出] 全国燗酒コンテスト2017	お値打ち熱燗部門　金賞　富士錦本醸造寒造り [本醸造酒] (米: 国産米, 精米: 非公開)
    ✨ [新規SKU抽出] 吟醸の部　富士錦 純米大吟醸 雄町 [純米大吟醸酒] (米: 雄町, 精米: 非公開)
    ✨ [新規SKU抽出] 純米の部　富士錦　特別純米　雄町 [特別純米酒] (米: 雄町, 精米: 非公開)
    ✨ [新規SKU抽出] 自醸清酒鑑評会	優等賞受賞　富士錦　大吟醸 [大吟醸酒] (米: 国産米, 精米: 非公開)
    ✨ [新規SKU抽出] ワインチャレンジ)	入賞　純米大吟醸・大吟醸・純米吟醸・特別純米・純米 [純米大吟醸酒] (米: 国産米, 精米: 非公開)
    ✨ [新規SKU抽出] 平成29年静岡県清酒鑑評会	吟醸部門　優等賞 [吟醸酒] (米: 国産米, 精米: 非公開)
    ✨ [新規SKU抽出] 純米吟醸部門　優等賞 [純米吟醸酒] (米: 国産米, 精米: 非公開)
    ✨ [新規SKU抽出] ワインチャレンジ)　	入賞　純米大吟醸・大吟醸・純米吟醸・特別純米・純米 [純米大吟醸酒] (米: 国産米, 精米: 非公開)
    ✨ [新規SKU抽出] モンドセレクション2016	最高金賞　富士錦大吟醸金 [大吟醸酒] (米: 国産米, 精米: 非公開)
    ✨ [新規SKU抽出] 純米酒大賞2016	金賞（純米大吟醸 雄町） [純米大吟醸酒] (米: 雄町, 精米: 非公開)
    ✨ [新規SKU抽出] 平成28年名古屋国税局主催酒類鑑評会	吟醸部門　優等賞　富士錦大吟醸[金] [大吟醸酒] (米: 国産米, 精米: 非公開)
    ✨ [新規SKU抽出] 本醸造部門　優等賞　富士錦本醸造寒造り [本醸造酒] (米: 国産米, 精米: 非公開)
    ✨ [新規SKU抽出] 全国燗酒コンテスト2016	ぬる燗部門　金賞　富士錦純米酒 [純米酒] (米: 国産米, 精米: 非公開)
    ✨ [新規SKU抽出] お値打ち熱燗部門　金賞　富士錦本醸造寒造り [本醸造酒] (米: 国産米, 精米: 非公開)
    ✨ [新規SKU抽出] 第8回雄町(おまち)サミット歓評会	優等賞受賞（富士錦 純米大吟醸 雄町 中汲み） [純米大吟醸酒] (米: 雄町, 精米: 非公開)
    ✨ [新規SKU抽出] 平成28年静岡県清酒鑑評会	純米吟醸の部　第一席 静岡県知事賞　受賞 [純米吟醸酒] (米: 国産米, 精米: 非公開)
    ✨ [新規SKU抽出] 平成27年静岡県清酒鑑評会	吟醸部門　優等賞受賞 [吟醸酒] (米: 国産米, 精米: 非公開)
    ✨ [新規SKU抽出] 純米吟醸部門　優等賞受賞 [純米吟醸酒] (米: 国産米, 精米: 非公開)
    ✨ [新規SKU抽出] モンドセレクション2015	最高金賞受賞　富士錦　大吟醸 金 [大吟醸酒] (米: 国産米, 精米: 非公開)
    ✨ [新規SKU抽出] インターナショナルワインチャレンジ	純米大吟醸・大吟醸・吟醸・純米酒　入賞 [純米大吟醸酒] (米: 国産米, 精米: 非公開)
    ✨ [新規SKU抽出] 純米酒大賞2014	最高金賞受賞　富士錦特別純米ほまれふじ [特別純米酒] (米: 国産米, 精米: 非公開)
    ✨ [新規SKU抽出] スローフードジャパン 燗酒コンテスト2014	金賞受賞　富士錦純米酒 [純米酒] (米: 国産米, 精米: 非公開)
    ✨ [新規SKU抽出] 平成26年名古屋国税局酒類鑑評会	吟醸部門　優等賞受賞 [吟醸酒] (米: 国産米, 精米: 非公開)
    ✨ [新規SKU抽出] モンドセレクション2014	最高金賞受賞　富士錦　大吟醸 金 [大吟醸酒] (米: 国産米, 精米: 非公開)
    ✨ [新規SKU抽出] 金賞受賞　富士錦　純米酒 [純米酒] (米: 国産米, 精米: 非公開)
    ✨ [新規SKU抽出] 二ツ星受賞　富士錦　純米酒 [純米酒] (米: 国産米, 精米: 非公開)
    ✨ [新規SKU抽出] 吟醸部門　優等賞受賞 [吟醸酒] (米: 国産米, 精米: 非公開)
    ✨ [新規SKU抽出] モンドセレクション2013	最高金賞受賞　富士錦 大吟醸 金 [大吟醸酒] (米: 国産米, 精米: 非公開)
    ✨ [新規SKU抽出] 金賞受賞　富士錦 純米酒 [純米酒] (米: 国産米, 精米: 非公開)
    ✨ [新規SKU抽出] ITQI 2013	三ツ星受賞　富士錦 大吟醸 金 [大吟醸酒] (米: 国産米, 精米: 非公開)
    ✨ [新規SKU抽出] 二ツ星受賞　富士錦 純米酒 [純米酒] (米: 国産米, 精米: 非公開)
    ✨ [新規SKU抽出] SSI地酒大show2013秋	ブロンズ賞受賞　純米酒 [純米酒] (米: 国産米, 精米: 非公開)
    ✨ [新規SKU抽出] 富士錦純米ひやおろし [純米酒] (米: 国産米, 精米: 非公開)
    ✨ [新規SKU抽出] モンドセレクション2012	最高金賞受賞　富士錦 大吟醸 金 [大吟醸酒] (米: 国産米, 精米: 非公開)
    ✨ [新規SKU抽出] ITQI2012	三ツ星受賞　富士錦 大吟醸 金 [大吟醸酒] (米: 国産米, 精米: 非公開)
    ✨ [新規SKU抽出] 平成23年静岡県清酒鑑評会	吟醸部門　優等賞受賞 [吟醸酒] (米: 国産米, 精米: 非公開)
    ✨ [新規SKU抽出] モンドセレクション2011	最高金賞受賞　富士錦 大吟醸(金)　4年連続 [大吟醸酒] (米: 国産米, 精米: 非公開)
    ✨ [新規SKU抽出] 金賞受賞　　富士錦 純米酒　4年連続 [純米酒] (米: 国産米, 精米: 非公開)
    ✨ [新規SKU抽出] 全米日本酒歓評会	金賞受賞　富士錦 特別純米ほまれふじ [特別純米酒] (米: 国産米, 精米: 非公開)
    ✨ [新規SKU抽出] 平成23年度名古屋国税局酒類鑑評会	吟醸部門　優等賞受賞 大吟醸あらばしり [大吟醸酒] (米: 国産米, 精米: 非公開)
    ✨ [新規SKU抽出] 純米部門　優等賞受賞 特別純米ほまれふじ [特別純米酒] (米: 国産米, 精米: 非公開)
    ✨ [新規SKU抽出] 本醸造部門　優等賞受賞 富士錦 本醸造 [本醸造酒] (米: 国産米, 精米: 非公開)
    ✨ [新規SKU抽出] 吟醸部門　優等賞　「酒造組合会長賞」受賞 [吟醸酒] (米: 国産米, 精米: 非公開)
    ✨ [新規SKU抽出] モンドセレクション2010	最高金賞受賞　富士錦 大吟醸（金）3年連続 [大吟醸酒] (米: 国産米, 精米: 非公開)
    ✨ [新規SKU抽出] 金賞受賞　　　富士錦 純米酒　3年連続 [純米酒] (米: 国産米, 精米: 非公開)
    ✨ [新規SKU抽出] 平成21年度名古屋国税局酒類鑑評会	純米酒部門　優等賞 [純米酒] (米: 国産米, 精米: 非公開)
    ✨ [新規SKU抽出] 本醸造部門　優等賞 [本醸造酒] (米: 国産米, 精米: 非公開)
    ✨ [新規SKU抽出] モンドセレクション2009	最高金賞　富士錦 大吟醸（金） [大吟醸酒] (米: 国産米, 精米: 非公開)
    ✨ [新規SKU抽出] 金賞　富士錦 純米酒 [純米酒] (米: 国産米, 精米: 非公開)
    ✨ [新規SKU抽出] コンペティション in LONDON)	金賞受賞　富士錦 大吟醸(金) [大吟醸酒] (米: 国産米, 精米: 非公開)
    ✨ [新規SKU抽出] 平成20年静岡県清酒鑑評会	吟醸部門　優等賞　「酒造組合会長賞」受賞 [吟醸酒] (米: 国産米, 精米: 非公開)
    ✨ [新規SKU抽出] 第55回名古屋国税局　春の鑑評会　　吟醸の部　優等賞受賞 [吟醸酒] (米: 国産米, 精米: 非公開)
    ✨ [新規SKU抽出] 吟醸部門　第一位　「静岡県知事賞」受賞 [吟醸酒] (米: 国産米, 精米: 非公開)
    ✨ [新規SKU抽出] 吟醸酒・大吟醸酒 [大吟醸酒] (米: 国産米, 精米: 非公開)
    ✨ [新規SKU抽出] 本醸造酒 [本醸造酒] (米: 国産米, 精米: 非公開)
    ✨ [新規SKU抽出] 富士錦　大吟醸 （金） [大吟醸酒] (米: 国産米, 精米: 非公開)
    ✨ [新規SKU抽出] 富士錦　大吟醸（銀） [大吟醸酒] (米: 国産米, 精米: 非公開)
    ✨ [新規SKU抽出] 富士錦　大吟醸あらばしり [大吟醸酒] (米: 国産米, 精米: 非公開)
    ✨ [新規SKU抽出] 吟醸　富士錦 [吟醸酒] (米: 国産米, 精米: 非公開)
    ✨ [新規SKU抽出] 富士錦　純米酒 [純米酒] (米: 国産米, 精米: 非公開)
    ✨ [新規SKU抽出] 富士錦 純米酒　青ラベル [純米酒] (米: 国産米, 精米: 非公開)
    ✨ [新規SKU抽出] 純米吟醸稲穂酒 [純米吟醸酒] (米: 国産米, 精米: 非公開)
    ✨ [新規SKU抽出] 富士錦　本醸造 [本醸造酒] (米: 国産米, 精米: 非公開)
    ✨ [新規SKU抽出] 富士錦　しぼりたて原酒 [普通酒] (米: 国産米, 精米: 非公開)
    ✨ [新規SKU抽出] 特別本醸造　雪の富士 [特別本醸造酒] (米: 国産米, 精米: 非公開)
    ✨ [新規SKU抽出] 本格米焼酎 富士のしずく [本格焼酎] (米: 国産米, 精米: 非公開)
    ✨ [新規SKU抽出] 米焼酎 富士のしずく　金箔入り [本格焼酎] (米: 国産米, 精米: 非公開)
    ✨ [新規SKU抽出] 本格麦焼酎　かぐや姫のささやき [本格焼酎] (米: 国産米, 精米: 非公開)
    ✨ [新規SKU抽出] 芋焼酎　いもにい [本格焼酎] (米: 国産米, 精米: 非公開)
    ✨ [新規SKU抽出] 黒糖梅酒 [リキュール] (米: 国産米, 精米: 非公開)
    ✨ [新規SKU抽出] 大吟醸酒ケーキ [大吟醸酒] (米: 国産米, 精米: 非公開)
    ✨ [新規SKU抽出] 富士錦　特別純米原酒 [特別純米酒] (米: 国産米, 精米: 非公開)
    ✨ [新規SKU抽出] 富士錦　特別純米酒　誉富士 [特別純米酒] (米: 国産米, 精米: 非公開)
    ✨ [新規SKU抽出] 富士錦　純米大吟醸　限定品 [純米大吟醸酒] (米: 国産米, 精米: 非公開)
    ✨ [新規SKU抽出] 海の音 深海熟成特別純米 富士錦 [特別純米酒] (米: 国産米, 精米: 非公開)
  👉 富士錦酒造株式会社: 123 件の新規SKUを深層クローリングにより追加登録
[451/1376] 🏭 ID 1852: 御殿場石川酒造株式会社 (静岡県) - https://www.gotembaishikawashuzo.com/
    ✨ [新規SKU抽出] 吟醸香と呼ばれる [吟醸酒] (米: 国産米, 精米: 非公開)
  👉 御殿場石川酒造株式会社: 1 件の新規SKUを深層クローリングにより追加登録
[452/1376] 🏭 ID 1853: 株式会社土井酒造場 (静岡県) - https://kaiun-sake.com/
[453/1376] 🏭 ID 1854: 遠州山中酒造株式会社 (静岡県) - https://aoitenka.jp
    ✨ [新規SKU抽出] 葵天下 純米吟醸55%～誉富士～ [純米吟醸酒] (米: 国産米, 精米: 55%)
    ✨ [新規SKU抽出] ・葵天下　特別本醸造 [特別本醸造酒] (米: 国産米, 精米: 非公開)
    ✨ [新規SKU抽出] 葵天下　BLACKLABEL　純米大吟醸　GOLD [純米大吟醸酒] (米: 国産米, 精米: 非公開)
    ✨ [新規SKU抽出] 葵天下　55%純米吟醸　愛山　無濾過原酒 [純米吟醸酒] (米: 愛山, 精米: 55%)
    ✨ [新規SKU抽出] BLUE LABEL 純米大吟醸 AOI～ [純米大吟醸酒] (米: 国産米, 精米: 非公開)
    ✨ [新規SKU抽出] 純米吟醸55%～誉富士～ [純米吟醸酒] (米: 国産米, 精米: 55%)
    ✨ [新規SKU抽出] 35%純米大吟醸～特A山田錦（桐箱入り）～ [純米大吟醸酒] (米: 山田錦, 精米: 35%)
    ✨ [新規SKU抽出] 山田錦で造った静岡のおいしい純米大吟醸 [純米大吟醸酒] (米: 山田錦, 精米: 非公開)
    ✨ [新規SKU抽出] BLACK LABEL 純米大吟醸 BLACK（桐箱入り）～ [純米大吟醸酒] (米: 国産米, 精米: 非公開)
    ✨ [新規SKU抽出] 山田錦で造った斗瓶囲い純米大吟醸、おいしい日本酒 [純米大吟醸酒] (米: 山田錦, 精米: 非公開)
    ✨ [新規SKU抽出] 斗瓶囲い 純米大吟醸 AOI(桐箱入り)～ [純米大吟醸酒] (米: 国産米, 精米: 非公開)
    ✨ [新規SKU抽出] 斗瓶囲い 純米大吟醸 BLACK(桐箱入り)～ [純米大吟醸酒] (米: 国産米, 精米: 非公開)
    ✨ [新規SKU抽出] 斗瓶囲い 大吟醸 WHITE(桐箱入り)～ [大吟醸酒] (米: 国産米, 精米: 非公開)
    ✨ [新規SKU抽出] 静岡のおいしい純米大吟醸の日本酒 [純米大吟醸酒] (米: 国産米, 精米: 非公開)
    ✨ [新規SKU抽出] BLACK LABEL 純米大吟醸 AOI（桐箱入り）～ [純米大吟醸酒] (米: 国産米, 精米: 非公開)
    ✨ [新規SKU抽出] 愛山で造った珍しい大吟醸酒静岡の珍しいお酒です [大吟醸酒] (米: 愛山, 精米: 非公開)
    ✨ [新規SKU抽出] BLACK LABEL 大吟醸 WHITE(桐箱入り)～ [大吟醸酒] (米: 国産米, 精米: 非公開)
    ✨ [新規SKU抽出] 山田錦で造った純米大吟醸、静岡のおいしい日本酒 [純米大吟醸酒] (米: 山田錦, 精米: 非公開)
    ✨ [新規SKU抽出] BLUE LABEL 純米大吟醸 BLACK～ [純米大吟醸酒] (米: 国産米, 精米: 非公開)
    ✨ [新規SKU抽出] めずらしい愛山で造った静岡のおいしい大吟醸 [大吟醸酒] (米: 愛山, 精米: 非公開)
    ✨ [新規SKU抽出] BLUE LABEL 大吟醸 WHITE～ [大吟醸酒] (米: 国産米, 精米: 非公開)
    ✨ [新規SKU抽出] だもんで～55%純米吟醸～令和誉富士～1, [純米吟醸酒] (米: 国産米, 精米: 55%)
    ✨ [新規SKU抽出] だもんで～55%純米吟醸～令和誉富士～ [純米吟醸酒] (米: 国産米, 精米: 55%)
    ✨ [新規SKU抽出] 純米吟醸55%～山田錦～ [純米吟醸酒] (米: 山田錦, 精米: 55%)
    ✨ [新規SKU抽出] 純米吟醸55%～雄町～ [純米吟醸酒] (米: 雄町, 精米: 55%)
    ✨ [新規SKU抽出] 葵天下 純米吟醸 千代の富士 [純米吟醸酒] (米: 国産米, 精米: 非公開)
    ✨ [新規SKU抽出] 葵天下 純米吟醸 千代の富士「心技体」 [純米吟醸酒] (米: 国産米, 精米: 非公開)
    ✨ [新規SKU抽出] 純米吟醸60%～山田錦～ [純米吟醸酒] (米: 山田錦, 精米: 60%)
    ✨ [新規SKU抽出] 純米吟醸60%熟成～愛山～ [純米吟醸酒] (米: 愛山, 精米: 60%)
    ✨ [新規SKU抽出] 純米吟醸60%～吟ぎんが～熟成～ [純米吟醸酒] (米: 吟ぎんが, 精米: 60%)
    ✨ [新規SKU抽出] 特別本醸造～ [特別本醸造酒] (米: 国産米, 精米: 非公開)
    ✨ [新規SKU抽出] 特別純米酒～ [特別純米酒] (米: 国産米, 精米: 非公開)
  👉 遠州山中酒造株式会社: 32 件の新規SKUを深層クローリングにより追加登録
[454/1376] 🏭 ID 1855: 初亀醸造株式会社 (静岡県) - https://www.hatsukame.jp/
    ✨ [新規SKU抽出] 秘蔵純米大吟醸 亀 [純米大吟醸酒] (米: 国産米, 精米: 非公開)
    ✨ [新規SKU抽出] 大吟醸純米 瓢月 [大吟醸酒] (米: 国産米, 精米: 非公開)
    ✨ [新規SKU抽出] 純米大吟醸 東条山田錦 田尻農園作 [純米大吟醸酒] (米: 山田錦, 精米: 非公開)
    ✨ [新規SKU抽出] 純米大吟醸 東条愛山 田尻農園作 [純米大吟醸酒] (米: 愛山, 精米: 非公開)
    ✨ [新規SKU抽出] 大吟醸 愛 [大吟醸酒] (米: 国産米, 精米: 非公開)
    ✨ [新規SKU抽出] 純米吟醸 東条山田錦 [純米吟醸酒] (米: 山田錦, 精米: 非公開)
    ✨ [新規SKU抽出] 純米吟醸 からからべっぴん [純米吟醸酒] (米: 国産米, 精米: 非公開)
    ✨ [新規SKU抽出] 純米酒 岡部丸 [純米酒] (米: 国産米, 精米: 非公開)
    ✨ [新規SKU抽出] 秘蔵純米大吟醸 亀 | 初亀醸造 [純米大吟醸酒] (米: 国産米, 精米: 非公開)
    ✨ [新規SKU抽出] IWC2022 SAKE部門 純米大吟醸TROPHY受賞 [純米大吟醸酒] (米: 国産米, 精米: 非公開)
    ✨ [新規SKU抽出] 純米酒 岡部丸 | 初亀醸造 [純米酒] (米: 国産米, 精米: 非公開)
    ✨ [新規SKU抽出] 特別純米 | 初亀醸造 [特別純米酒] (米: 国産米, 精米: 非公開)
  👉 初亀醸造株式会社: 12 件の新規SKUを深層クローリングにより追加登録
[455/1376] 🏭 ID 1856: 杉井酒造 (静岡県) - http://suginishiki.com/
    ✨ [新規SKU抽出] 生酛（生もと）・山廃・菩提酛（菩提もと）に特化した酒蔵 [普通酒] (米: 国産米, 精米: 非公開)
    ✨ [新規SKU抽出] 純米みりん、米・芋焼酎も造る [純米酒] (米: 国産米, 精米: 非公開)
    ✨ [新規SKU抽出] 生もと・山廃仕込み [普通酒] (米: 国産米, 精米: 非公開)
    ✨ [新規SKU抽出] 杉錦のにごり酒 [普通酒] (米: 国産米, 精米: 非公開)
    ✨ [新規SKU抽出] 夏の純米吟醸 [純米吟醸酒] (米: 国産米, 精米: 非公開)
    ✨ [新規SKU抽出] 味醂　飛鳥山　梅酒 [リキュール] (米: 国産米, 精米: 非公開)
    ✨ [新規SKU抽出] おそらく日本初⁉コーラ風味の味醂リキュールです。 [リキュール] (米: 国産米, 精米: 非公開)
    ✨ [新規SKU抽出] 上部”CATEGORY”の”味醂 飛鳥山 梅酒”からご予約ください。 [リキュール] (米: 国産米, 精米: 非公開)
    ✨ [新規SKU抽出] 杉錦　純米大吟醸 しずく取り (速醸) [純米大吟醸酒] (米: 国産米, 精米: 非公開)
    ✨ [新規SKU抽出] 杉錦　純米大吟醸(速醸) [純米大吟醸酒] (米: 国産米, 精米: 非公開)
    ✨ [新規SKU抽出] 杉錦　生酛純米大吟醸 [純米大吟醸酒] (米: 国産米, 精米: 非公開)
    ✨ [新規SKU抽出] 杉錦　菩提酛 純米吟醸 [純米吟醸酒] (米: 国産米, 精米: 非公開)
    ✨ [新規SKU抽出] 杉錦　生酛 特別純米酒 [特別純米酒] (米: 国産米, 精米: 非公開)
    ✨ [新規SKU抽出] 杉錦　特別本醸造 [特別本醸造酒] (米: 国産米, 精米: 非公開)
    ✨ [新規SKU抽出] 杉錦　生酛純米　天保十三年 [純米酒] (米: 国産米, 精米: 非公開)
    ✨ [新規SKU抽出] 杉錦　生酛中取原酒きんの介 [普通酒] (米: 国産米, 精米: 非公開)
    ✨ [新規SKU抽出] 杉錦　70%生酛純米 初しぼり [純米酒] (米: 国産米, 精米: 70%)
    ✨ [新規SKU抽出] 杉錦　山廃純米 誉富士 [純米酒] (米: 国産米, 精米: 非公開)
    ✨ [新規SKU抽出] 杉錦　山廃純米　玉栄 [純米酒] (米: 国産米, 精米: 非公開)
    ✨ [新規SKU抽出] 杉錦　生酛純米酒90 [純米酒] (米: 国産米, 精米: 非公開)
    ✨ [新規SKU抽出] いも焼酎　米焼酎 [本格焼酎] (米: 国産米, 精米: 非公開)
    ✨ [新規SKU抽出] 芋焼酎　才助製造工程 [本格焼酎] (米: 国産米, 精米: 非公開)
  👉 杉井酒造: 22 件の新規SKUを深層クローリングにより追加登録
[456/1376] 🏭 ID 1858: 牧野酒造合資会社 (静岡県) - http://makino-shuzo.com/
[457/1376] 🏭 ID 1859: 富士高砂酒造株式会社 (静岡県) - http://fuji-takasago.com/
    ✨ [新規SKU抽出] 山廃仕込 [普通酒] (米: 国産米, 精米: 非公開)
    ✨ [新規SKU抽出] 純米大吟醸酒 [純米大吟醸酒] (米: 国産米, 精米: 非公開)
    ✨ [新規SKU抽出] 大吟醸酒 [大吟醸酒] (米: 国産米, 精米: 非公開)
    ✨ [新規SKU抽出] 純米吟醸酒 [純米吟醸酒] (米: 国産米, 精米: 非公開)
    ✨ [新規SKU抽出] 本醸造酒 [本醸造酒] (米: 国産米, 精米: 非公開)
    ✨ [新規SKU抽出] スパークリング酒 [普通酒] (米: 国産米, 精米: 非公開)
    ✨ [新規SKU抽出] リキュール [リキュール] (米: 国産米, 精米: 非公開)
    ✨ [新規SKU抽出] 高砂 山廃純米吟醸 あらばしり [純米吟醸酒] (米: 国産米, 精米: 非公開)
    ✨ [新規SKU抽出] 高砂 純米吟醸 無濾過生原酒 [純米吟醸酒] (米: 国産米, 精米: 非公開)
    ✨ [新規SKU抽出] 本醸造活性酒 [本醸造酒] (米: 国産米, 精米: 非公開)
    ✨ [新規SKU抽出] 高砂 お多福 しぼりたて [普通酒] (米: 国産米, 精米: 非公開)
    ✨ [新規SKU抽出] 高砂 純米大吟醸 [純米大吟醸酒] (米: 国産米, 精米: 非公開)
    ✨ [新規SKU抽出] 高砂 大吟醸 [大吟醸酒] (米: 国産米, 精米: 非公開)
    ✨ [新規SKU抽出] 高砂　吟醸飲み比べ [吟醸酒] (米: 国産米, 精米: 非公開)
    ✨ [新規SKU抽出] 山廃仕込純米辛口・山廃仕込純米吟醸 [純米吟醸酒] (米: 国産米, 精米: 非公開)
    ✨ [新規SKU抽出] 日本酒度マイナス3の甘口の山廃純米吟醸と、ふくよかな味わいの辛口の山廃純米辛口です。 [純米吟醸酒] (米: 国産米, 精米: 非公開)
    ✨ [新規SKU抽出] 純米辛口：静岡酵母HD-101、純米吟醸：静岡酵母New-5 [純米吟醸酒] (米: 国産米, 精米: 非公開)
    ✨ [新規SKU抽出] ●山廃純米辛口 [純米酒] (米: 国産米, 精米: 非公開)
    ✨ [新規SKU抽出] ●山廃純米吟醸 [純米吟醸酒] (米: 国産米, 精米: 非公開)
    ✨ [新規SKU抽出] 日本酒度-3の山廃酒 [普通酒] (米: 国産米, 精米: 非公開)
    ✨ [新規SKU抽出] 高砂 山廃純米辛口 [純米酒] (米: 国産米, 精米: 非公開)
    ✨ [新規SKU抽出] 高砂 山廃大吟醸 [大吟醸酒] (米: 国産米, 精米: 非公開)
    ✨ [新規SKU抽出] 高砂 吟醸 [吟醸酒] (米: 国産米, 精米: 非公開)
    ✨ [新規SKU抽出] 高砂 大吟醸 ソレイユ [大吟醸酒] (米: 国産米, 精米: 非公開)
    ✨ [新規SKU抽出] 高砂 特別純米辛口 [特別純米酒] (米: 国産米, 精米: 非公開)
    ✨ [新規SKU抽出] 高砂 山廃純米吟醸 [純米吟醸酒] (米: 国産米, 精米: 非公開)
    ✨ [新規SKU抽出] 高砂　純米大吟醸雄町原酒 [純米大吟醸酒] (米: 雄町, 精米: 非公開)
    ✨ [新規SKU抽出] 高砂　山廃本醸造 [本醸造酒] (米: 国産米, 精米: 非公開)
    ✨ [新規SKU抽出] 山廃本醸造 [本醸造酒] (米: 国産米, 精米: 非公開)
    ✨ [新規SKU抽出] 高砂 山廃純米 雄町 [純米酒] (米: 雄町, 精米: 非公開)
    ✨ [新規SKU抽出] 山廃純米辛口 [純米酒] (米: 国産米, 精米: 非公開)
    ✨ [新規SKU抽出] 山廃仕込純米辛口 [純米酒] (米: 国産米, 精米: 非公開)
    ✨ [新規SKU抽出] 高砂　山廃純米大吟醸　愛山 [純米大吟醸酒] (米: 愛山, 精米: 非公開)
    ✨ [新規SKU抽出] 山廃純米大吟醸 [純米大吟醸酒] (米: 国産米, 精米: 非公開)
    ✨ [新規SKU抽出] 高砂 スパークリング梅酒 [リキュール] (米: 国産米, 精米: 非公開)
    ✨ [新規SKU抽出] 日本酒(山廃本醸造)・ヨーグルト・糖類・蜂蜜・クエン酸 [本醸造酒] (米: 国産米, 精米: 非公開)
    ✨ [新規SKU抽出] 高砂 山廃ゆず酒 [リキュール] (米: 国産米, 精米: 非公開)
    ✨ [新規SKU抽出] 日本酒(山廃本醸造)・ゆず果汁・糖類・蜂蜜 [本醸造酒] (米: 国産米, 精米: 非公開)
    ✨ [新規SKU抽出] 高砂 本醸造 [本醸造酒] (米: 国産米, 精米: 非公開)
    ✨ [新規SKU抽出] 高砂 本醸造 だいびんじょう [本醸造酒] (米: 国産米, 精米: 非公開)
  👉 富士高砂酒造株式会社: 40 件の新規SKUを深層クローリングにより追加登録
[458/1376] 🏭 ID 1860: 富士正酒造株式会社 (静岡県) - http://www.fujimasa-sake.com/
    ✨ [新規SKU抽出] リキュール [リキュール] (米: 国産米, 精米: 非公開)
    ✨ [新規SKU抽出] 吟醸の部　会長賞 [吟醸酒] (米: 国産米, 精米: 非公開)
    ✨ [新規SKU抽出] 吟醸の部、純米吟醸の部　会長賞 [純米吟醸酒] (米: 国産米, 精米: 非公開)
    ✨ [新規SKU抽出] 純米吟醸の部　会長賞 [純米吟醸酒] (米: 国産米, 精米: 非公開)
    ✨ [新規SKU抽出] 純米吟醸の部　優等賞 [純米吟醸酒] (米: 国産米, 精米: 非公開)
    ✨ [新規SKU抽出] 本醸造の部　入賞 [本醸造酒] (米: 国産米, 精米: 非公開)
    ✨ [新規SKU抽出] 純米吟醸の部　入賞 [純米吟醸酒] (米: 国産米, 精米: 非公開)
    ✨ [新規SKU抽出] 吟醸の部　入賞 [吟醸酒] (米: 国産米, 精米: 非公開)
    ✨ [新規SKU抽出] 「米焼酎FujimasaRock」 銀賞 [本格焼酎] (米: 国産米, 精米: 非公開)
    ✨ [新規SKU抽出] 「ワタシの芋焼酎」銀賞 [本格焼酎] (米: 国産米, 精米: 非公開)
    ✨ [新規SKU抽出] シンガポール酒チャレンジ「純米大吟醸48」プラチナ賞／「ワタシの柚子酒」プラチナ賞 [純米大吟醸酒] (米: 国産米, 精米: 非公開)
    ✨ [新規SKU抽出] ミラノ酒チャレンジ「純米大吟醸48」銀賞 [純米大吟醸酒] (米: 国産米, 精米: 非公開)
    ✨ [新規SKU抽出] インターナショナル・ワイン・チャレンジ「純米吟醸令和誉富士」大会推奨酒 [純米吟醸酒] (米: 国産米, 精米: 非公開)
    ✨ [新規SKU抽出] シンガポール酒チャレンジ「純米大吟醸48」最高賞／「ワタシの柚子酒」最高賞 [純米大吟醸酒] (米: 国産米, 精米: 非公開)
    ✨ [新規SKU抽出] インターナショナル・ワイン・チャレンジ「純米大吟醸48」大会推奨酒 [純米大吟醸酒] (米: 国産米, 精米: 非公開)
    ✨ [新規SKU抽出] 朝霧蔵出　純米大吟醸 [純米大吟醸酒] (米: 国産米, 精米: 非公開)
    ✨ [新規SKU抽出] 朝霧蔵出 純米大吟醸 [純米大吟醸酒] (米: 国産米, 精米: 非公開)
    ✨ [新規SKU抽出] 純米大吟醸48％ [純米大吟醸酒] (米: 国産米, 精米: 非公開)
    ✨ [新規SKU抽出] 辛口本醸造 [本醸造酒] (米: 国産米, 精米: 非公開)
    ✨ [新規SKU抽出] ワタシの芋焼酎 [本格焼酎] (米: 国産米, 精米: 非公開)
    ✨ [新規SKU抽出] 富士正　梅酒 [リキュール] (米: 国産米, 精米: 非公開)
    ✨ [新規SKU抽出] 富士正 梅酒 [リキュール] (米: 国産米, 精米: 非公開)
    ✨ [新規SKU抽出] 純米大吟醸は、酒造りに最適とされる酒米「山田錦」を使用。 [純米大吟醸酒] (米: 山田錦, 精米: 非公開)
  👉 富士正酒造株式会社: 23 件の新規SKUを深層クローリングにより追加登録
[459/1376] 🏭 ID 1861: 英君酒造株式会社 (静岡県) - http://eikun.co.jp
    ✨ [新規SKU抽出] 吟醸香をまとった食中酒 [吟醸酒] (米: 国産米, 精米: 非公開)
    ✨ [新規SKU抽出] 新たな静岡吟醸を醸す [吟醸酒] (米: 国産米, 精米: 非公開)
    ✨ [新規SKU抽出] 保護中: 橙の英君 純米吟醸備前雄町 無濾過生原酒 [純米吟醸酒] (米: 雄町, 精米: 非公開)
    ✨ [新規SKU抽出] 保護中: 紫の英君 純米吟醸山田錦 無濾過生原酒 [純米吟醸酒] (米: 山田錦, 精米: 非公開)
    ✨ [新規SKU抽出] 保護中: 英君 特別純米 誉富士（ほまれふじ） [特別純米酒] (米: 国産米, 精米: 非公開)
    ✨ [新規SKU抽出] 大吟醸いろは [大吟醸酒] (米: 国産米, 精米: 非公開)
    ✨ [新規SKU抽出] 大吟醸 英君 [大吟醸酒] (米: 国産米, 精米: 非公開)
    ✨ [新規SKU抽出] 英君 純米大吟醸 [純米大吟醸酒] (米: 国産米, 精米: 非公開)
    ✨ [新規SKU抽出] 紫の英君 純米吟醸 山田錦 [純米吟醸酒] (米: 山田錦, 精米: 非公開)
    ✨ [新規SKU抽出] 味わいは甘旨口。華やかでフルーティーな吟醸香は決してしつこくなく、キレがよい後口。 [吟醸酒] (米: 国産米, 精米: 非公開)
    ✨ [新規SKU抽出] 橙の英君 純米吟醸 雄町 [純米吟醸酒] (米: 雄町, 精米: 非公開)
    ✨ [新規SKU抽出] 緑の英君 純米吟醸 五百万石 [純米吟醸酒] (米: 五百万石, 精米: 非公開)
    ✨ [新規SKU抽出] 純米吟醸 生酒 [純米吟醸酒] (米: 国産米, 精米: 非公開)
    ✨ [新規SKU抽出] 厳選された国産米を60%精米し、静岡酵母「NEW-5」を使用した純米吟醸酒。 [純米吟醸酒] (米: 国産米, 精米: 60%)
    ✨ [新規SKU抽出] 特別純米酒誉富士 [特別純米酒] (米: 国産米, 精米: 非公開)
    ✨ [新規SKU抽出] 純米酒ながら静岡型吟醸造りを用いた純米吟醸規格の特別純米酒。 [純米吟醸酒] (米: 国産米, 精米: 非公開)
    ✨ [新規SKU抽出] 辛口純米酒（限定流通品） [純米酒] (米: 国産米, 精米: 非公開)
    ✨ [新規SKU抽出] 厳選された国産米を60%精米し(酵母に)静岡酵母「NEW-5」を使用した定番純米酒。 [純米酒] (米: 国産米, 精米: 60%)
    ✨ [新規SKU抽出] 特別本醸造 [特別本醸造酒] (米: 国産米, 精米: 非公開)
    ✨ [新規SKU抽出] 静岡酵母「HD-101」を使用した吟醸造りの特別本醸造酒。 [吟醸酒] (米: 国産米, 精米: 非公開)
    ✨ [新規SKU抽出] 辛口本醸造（限定流通品） [本醸造酒] (米: 国産米, 精米: 非公開)
    ✨ [新規SKU抽出] 厳選された国産米を60%精米し(酵母に)静岡酵母「NEW-5」を使用した定番本醸造。 [本醸造酒] (米: 国産米, 精米: 60%)
    ✨ [新規SKU抽出] 特別本醸造生酒 [特別本醸造酒] (米: 国産米, 精米: 非公開)
    ✨ [新規SKU抽出] 特別本醸造 | 英君酒造 [特別本醸造酒] (米: 国産米, 精米: 非公開)
    ✨ [新規SKU抽出] 橙の英君 純米吟醸 雄町 | 英君酒造 [純米吟醸酒] (米: 雄町, 精米: 非公開)
    ✨ [新規SKU抽出] 酵母に静岡酵母「CA-50」を使用し長期低温発酵の静岡型吟醸造りを用いて醸す。 [吟醸酒] (米: 国産米, 精米: 非公開)
    ✨ [新規SKU抽出] 特別純米酒誉富士 | 英君酒造 [特別純米酒] (米: 国産米, 精米: 非公開)
    ✨ [新規SKU抽出] 英君 純米大吟醸 | 英君酒造 [純米大吟醸酒] (米: 国産米, 精米: 非公開)
    ✨ [新規SKU抽出] 大吟醸 英君 | 英君酒造 [大吟醸酒] (米: 国産米, 精米: 非公開)
  👉 英君酒造株式会社: 29 件の新規SKUを深層クローリングにより追加登録
[460/1376] 🏭 ID 1862: 萩錦酒造株式会社 (静岡県) - https://www.instagram.com/haginishiki/
[461/1376] 🏭 ID 1863: 森本酒造合資会社 (静岡県) - http://sayogoromo.jimdo.com/
[462/1376] 🏭 ID 1864: 千寿酒造株式会社 (静岡県) - http://www.e-senju.co.jp/
[463/1376] 🏭 ID 1866: 髙嶋酒造株式会社 (静岡県) - http://www.hakuinmasamune.com/
    ✨ [新規SKU抽出] 白隠正宗 純米大吟醸 [純米大吟醸酒] (米: 国産米, 精米: 非公開)
    ✨ [新規SKU抽出] 白隠正宗 純米大吟醸生酛誉富士 [純米大吟醸酒] (米: 国産米, 精米: 非公開)
    ✨ [新規SKU抽出] 白隠正宗 純米吟醸 [純米吟醸酒] (米: 国産米, 精米: 非公開)
    ✨ [新規SKU抽出] 白隠正宗 純米酒生酛 誉富士 [純米酒] (米: 国産米, 精米: 非公開)
    ✨ [新規SKU抽出] 中伊豆産山田錦純米酒 [純米酒] (米: 山田錦, 精米: 非公開)
    ✨ [新規SKU抽出] 白隠正宗 誉富士純米酒 [純米酒] (米: 国産米, 精米: 非公開)
    ✨ [新規SKU抽出] 白隠正宗 誉富士特別純米酒 [特別純米酒] (米: 国産米, 精米: 非公開)
    ✨ [新規SKU抽出] 白隠正宗 辛口純米酒 [純米酒] (米: 国産米, 精米: 非公開)
    ✨ [新規SKU抽出] 本格焼酎 第壱峰 [本格焼酎] (米: 国産米, 精米: 非公開)
    ✨ [新規SKU抽出] 本格焼酎 en [本格焼酎] (米: 国産米, 精米: 非公開)
    ✨ [新規SKU抽出] 白隠正宗 氷温熟成梅酒 [リキュール] (米: 国産米, 精米: 非公開)
    ✨ [新規SKU抽出] ヤエガキ式 純米酒粕 [純米酒] (米: 国産米, 精米: 非公開)
    ✨ [新規SKU抽出] 誉富士純米生原酒 [純米酒] (米: 国産米, 精米: 非公開)
    ✨ [新規SKU抽出] 白隠正宗 誉富士純米酒　夏 [純米酒] (米: 国産米, 精米: 非公開)
    ✨ [新規SKU抽出] 生酛純米酒 [純米酒] (米: 国産米, 精米: 非公開)
    ✨ [新規SKU抽出] 中伊豆産山田錦純米生原酒 [純米酒] (米: 山田錦, 精米: 非公開)
  👉 髙嶋酒造株式会社: 16 件の新規SKUを深層クローリングにより追加登録
[464/1376] 🏭 ID 1913: 株式会社山縣本店 (山口県) - http://www.yamagt.jp/
    ✨ [新規SKU抽出] 限定蔵出し 防長鶴 純米吟醸 雄町（新聞紙包み）新発売です！ [純米吟醸酒] (米: 雄町, 精米: 非公開)
    ✨ [新規SKU抽出] 梅酒用米焼酎かほり鶴　新発売です！ [リキュール] (米: 国産米, 精米: 非公開)
    ✨ [新規SKU抽出] 芋焼酎「要助」　米焼酎「かほり鶴」　梅酒「梅のかほり」 [リキュール] (米: 国産米, 精米: 非公開)
    ✨ [新規SKU抽出] 1985年(昭和60年)米焼酎「かほり鶴」発売 [本格焼酎] (米: 国産米, 精米: 非公開)
    ✨ [新規SKU抽出] 1998年(平成10年)梅酒「梅のかほり」発売 [リキュール] (米: 国産米, 精米: 非公開)
    ✨ [新規SKU抽出] 2005年(平成17年)芋焼酎「要助」発売 [本格焼酎] (米: 国産米, 精米: 非公開)
    ✨ [新規SKU抽出] 2014年(平成26年)純米大吟醸「松陰」を発売 [純米大吟醸酒] (米: 国産米, 精米: 非公開)
    ✨ [新規SKU抽出] 「超特撰大吟醸毛利公」 [大吟醸酒] (米: 国産米, 精米: 非公開)
    ✨ [新規SKU抽出] IWC（インターナショナル・ワイン・チャレンジ）大吟醸酒部門 [大吟醸酒] (米: 国産米, 精米: 非公開)
    ✨ [新規SKU抽出] 全米日本酒歓評会 2017 大吟醸 A部門 金賞、 [大吟醸酒] (米: 国産米, 精米: 非公開)
    ✨ [新規SKU抽出] 「本醸造毛利公」 [本醸造酒] (米: 国産米, 精米: 非公開)
    ✨ [新規SKU抽出] 「防長鶴（赤）純米酒」 [純米酒] (米: 国産米, 精米: 非公開)
    ✨ [新規SKU抽出] 純米酒部門　ブロンズメダル [純米酒] (米: 国産米, 精米: 非公開)
    ✨ [新規SKU抽出] 「防長鶴（赤）純米無濾過生原酒」 [純米酒] (米: 国産米, 精米: 非公開)
    ✨ [新規SKU抽出] 純米酒部門 シルバーメダル [純米酒] (米: 国産米, 精米: 非公開)
    ✨ [新規SKU抽出] 純米酒部門 シルバー賞 [純米酒] (米: 国産米, 精米: 非公開)
    ✨ [新規SKU抽出] 純米酒部門 ブロンズメダル [純米酒] (米: 国産米, 精米: 非公開)
    ✨ [新規SKU抽出] 「防長鶴（青）純米吟醸無濾過原酒」 [純米吟醸酒] (米: 国産米, 精米: 非公開)
    ✨ [新規SKU抽出] 純米吟醸酒部門 ブロンズメダル [純米吟醸酒] (米: 国産米, 精米: 非公開)
    ✨ [新規SKU抽出] 「防長鶴（青）純米吟醸」 [純米吟醸酒] (米: 国産米, 精米: 非公開)
    ✨ [新規SKU抽出] 「防長鶴（青）純米吟醸無濾過生原酒」 [純米吟醸酒] (米: 国産米, 精米: 非公開)
    ✨ [新規SKU抽出] 純米吟醸酒部門 シルバーメダル [純米吟醸酒] (米: 国産米, 精米: 非公開)
    ✨ [新規SKU抽出] 「防長鶴（紫）純米大吟醸　西都の雫」 [純米大吟醸酒] (米: 国産米, 精米: 非公開)
    ✨ [新規SKU抽出] 純米大吟醸酒部門 シルバーメダル [純米大吟醸酒] (米: 国産米, 精米: 非公開)
    ✨ [新規SKU抽出] 平成30酒造年度山口県新酒鑑評会 吟醸酒の部　優等賞 [吟醸酒] (米: 国産米, 精米: 非公開)
    ✨ [新規SKU抽出] 「防長鶴（金）純米大吟醸　山田錦」 [純米大吟醸酒] (米: 山田錦, 精米: 非公開)
    ✨ [新規SKU抽出] ｢SAKE部門｣純米大吟醸酒部門 ゴールドメダル、2020シルバーメダル [純米大吟醸酒] (米: 国産米, 精米: 非公開)
    ✨ [新規SKU抽出] KuraMaster2019 純米大吟醸酒部門　金賞 [純米大吟醸酒] (米: 国産米, 精米: 非公開)
    ✨ [新規SKU抽出] 全米日本酒歓評会2020　大吟醸A部門　銀賞 [大吟醸酒] (米: 国産米, 精米: 非公開)
    ✨ [新規SKU抽出] 令和2酒造年度山口県新酒鑑評会 吟醸酒の部　優等賞 [吟醸酒] (米: 国産米, 精米: 非公開)
    ✨ [新規SKU抽出] 純米吟醸無濾過原酒 [純米吟醸酒] (米: 国産米, 精米: 非公開)
    ✨ [新規SKU抽出] 純米吟醸無濾過生原酒 [純米吟醸酒] (米: 国産米, 精米: 非公開)
    ✨ [新規SKU抽出] また、山口県で唯一の芋焼酎 [本格焼酎] (米: 国産米, 精米: 非公開)
    ✨ [新規SKU抽出] 蔵でじっくり熟成した米焼酎に [本格焼酎] (米: 国産米, 精米: 非公開)
    ✨ [新規SKU抽出] 梅酒「梅のかほり」など [リキュール] (米: 国産米, 精米: 非公開)
    ✨ [新規SKU抽出] 大吟醸毛利公 [大吟醸酒] (米: 国産米, 精米: 非公開)
    ✨ [新規SKU抽出] 本醸造毛利公 [本醸造酒] (米: 国産米, 精米: 非公開)
    ✨ [新規SKU抽出] 純米吟醸かほり [純米吟醸酒] (米: 国産米, 精米: 非公開)
    ✨ [新規SKU抽出] 吟醸かほり辛口 [吟醸酒] (米: 国産米, 精米: 非公開)
    ✨ [新規SKU抽出] 芋焼酎 要助 [本格焼酎] (米: 国産米, 精米: 非公開)
    ✨ [新規SKU抽出] 山口県唯一の芋焼酎 [本格焼酎] (米: 国産米, 精米: 非公開)
    ✨ [新規SKU抽出] 十年貯蔵米焼酎 [本格焼酎] (米: 国産米, 精米: 非公開)
    ✨ [新規SKU抽出] 10年熟成した米焼酎 [本格焼酎] (米: 国産米, 精米: 非公開)
    ✨ [新規SKU抽出] シンプルな梅酒 [リキュール] (米: 国産米, 精米: 非公開)
    ✨ [新規SKU抽出] 贅沢に全量使用した米焼酎と [本格焼酎] (米: 国産米, 精米: 非公開)
    ✨ [新規SKU抽出] 酒蔵で長期熟成した自家製米焼酎に、 [本格焼酎] (米: 国産米, 精米: 非公開)
    ✨ [新規SKU抽出] 素材をいかしたシンプルな梅酒。 [リキュール] (米: 国産米, 精米: 非公開)
    ✨ [新規SKU抽出] うっとりとする豊かな香りの梅酒です。 [リキュール] (米: 国産米, 精米: 非公開)
    ✨ [新規SKU抽出] 応用して製造した、こだわりの芋焼酎です。 [本格焼酎] (米: 国産米, 精米: 非公開)
    ✨ [新規SKU抽出] 十年貯蔵米焼酎かほり鶴 [本格焼酎] (米: 国産米, 精米: 非公開)
    ✨ [新規SKU抽出] いつくしみ育てた米焼酎。 [本格焼酎] (米: 国産米, 精米: 非公開)
    ✨ [新規SKU抽出] 純米酒です。 [純米酒] (米: 国産米, 精米: 非公開)
    ✨ [新規SKU抽出] 純米吟醸 花かほり [純米吟醸酒] (米: 国産米, 精米: 非公開)
    ✨ [新規SKU抽出] 純米大吟醸松陰 [純米大吟醸酒] (米: 国産米, 精米: 非公開)
    ✨ [新規SKU抽出] 十年貯蔵米焼酎 かほり鶴 [本格焼酎] (米: 国産米, 精米: 非公開)
    ✨ [新規SKU抽出] 超特撰大吟醸 毛利公 [大吟醸酒] (米: 国産米, 精米: 非公開)
    ✨ [新規SKU抽出] 山口県限定 大吟醸毛利公 [大吟醸酒] (米: 国産米, 精米: 非公開)
  👉 株式会社山縣本店: 57 件の新規SKUを深層クローリングにより追加登録
[465/1376] 🏭 ID 1914: 中村酒造株式会社 (山口県) - http://shirouo.jp/
    ✨ [新規SKU抽出] にごり酒 [普通酒] (米: 国産米, 精米: 非公開)
  👉 中村酒造株式会社: 1 件の新規SKUを深層クローリングにより追加登録
[466/1376] 🏭 ID 1915: 金光酒造株式会社 (山口県) - http://www.santouka.com/
    ✨ [新規SKU抽出] 山頭火純米大吟醸　1, [純米大吟醸酒] (米: 国産米, 精米: 非公開)
    ✨ [新規SKU抽出] 山頭火純米大吟醸 [純米大吟醸酒] (米: 国産米, 精米: 非公開)
    ✨ [新規SKU抽出] ご贈答用セット山-30S吟醸原酒・純米吟醸 [純米吟醸酒] (米: 国産米, 精米: 非公開)
    ✨ [新規SKU抽出] 山頭火吟醸原酒　1, [吟醸酒] (米: 国産米, 精米: 非公開)
  👉 金光酒造株式会社: 4 件の新規SKUを深層クローリングにより追加登録
[467/1376] 🏭 ID 1917: 株式会社中島屋酒造場 (山口県) - https://nakashimaya1823.jp/
    ✨ [新規SKU抽出] 受賞情報寿　純米大吟醸 [純米大吟醸酒] (米: 国産米, 精米: 非公開)
    ✨ [新規SKU抽出] 受賞情報中島屋　純米吟醸 [純米吟醸酒] (米: 国産米, 精米: 非公開)
    ✨ [新規SKU抽出] きもと純米大吟醸 [純米大吟醸酒] (米: 国産米, 精米: 非公開)
    ✨ [新規SKU抽出] 熟成から生まれる深みのある香りと生酛特有の酸味と旨みが絡み合うしっかりした味わい。 [普通酒] (米: 国産米, 精米: 非公開)
    ✨ [新規SKU抽出] 生酒固有な香り、旨味たっぷりなザ・生原酒です。 [普通酒] (米: 国産米, 精米: 非公開)
    ✨ [新規SKU抽出] 純米大吟醸（箱付き） [純米大吟醸酒] (米: 国産米, 精米: 非公開)
    ✨ [新規SKU抽出] 弊社最高峰の純米大吟醸です。華やかで果実香が特徴です。ご贈答に。 [純米大吟醸酒] (米: 国産米, 精米: 非公開)
    ✨ [新規SKU抽出] 定番の純米酒。素朴で飲むとホットするお酒です。 [純米酒] (米: 国産米, 精米: 非公開)
    ✨ [新規SKU抽出] 純米吟醸　西都の雫 [純米吟醸酒] (米: 国産米, 精米: 非公開)
  👉 株式会社中島屋酒造場: 9 件の新規SKUを深層クローリングにより追加登録
[468/1376] 🏭 ID 1918: 株式会社はつもみぢ (山口県) - http://www.hatsumomidi.co.jp/
    ✨ [新規SKU抽出] 純米大吟醸 イセヒカリ [純米大吟醸酒] (米: 国産米, 精米: 非公開)
    ✨ [新規SKU抽出] 原田 純米大吟醸原酒40 自然米雄町 [純米大吟醸酒] (米: 雄町, 精米: 非公開)
    ✨ [新規SKU抽出] 特別純米酒 西都の雫 ひやおろし 発売開始 [特別純米酒] (米: 国産米, 精米: 非公開)
    ✨ [新規SKU抽出] 「原田 純米大吟醸40 自然米雄町」再販開始 [純米大吟醸酒] (米: 雄町, 精米: 非公開)
    ✨ [新規SKU抽出] 新商品純米酒イセヒカリ発売開始 [純米酒] (米: 国産米, 精米: 非公開)
    ✨ [新規SKU抽出] 原田 特別純米にごり酒「フユ」発売開始 [特別純米酒] (米: 国産米, 精米: 非公開)
    ✨ [新規SKU抽出] 純米吟醸ひやおろし 発売開始 [純米吟醸酒] (米: 国産米, 精米: 非公開)
    ✨ [新規SKU抽出] 原田 純米吟醸ひやおろし ご予約受付中 [純米吟醸酒] (米: 国産米, 精米: 非公開)
    ✨ [新規SKU抽出] 特別純米酒 自然米雄町発売開始 [特別純米酒] (米: 雄町, 精米: 非公開)
    ✨ [新規SKU抽出] 「原田 純米大吟醸 イセヒカリ」予約開始 [純米大吟醸酒] (米: 国産米, 精米: 非公開)
    ✨ [新規SKU抽出] 純米大吟醸原酒35予約開始 [純米大吟醸酒] (米: 国産米, 精米: 非公開)
    ✨ [新規SKU抽出] 原田 特別純米酒 ひやおろし「アキ」出荷開始 [特別純米酒] (米: 国産米, 精米: 非公開)
    ✨ [新規SKU抽出] 原田 純米吟醸  品切れのお詫び [純米吟醸酒] (米: 国産米, 精米: 非公開)
    ✨ [新規SKU抽出] 原田 特別純米酒 ひやおろし「アキ」予約開始 [特別純米酒] (米: 国産米, 精米: 非公開)
    ✨ [新規SKU抽出] 「原田 純米大吟醸原酒35」が金賞を受賞 [純米大吟醸酒] (米: 国産米, 精米: 非公開)
    ✨ [新規SKU抽出] IWC（インターナショナル ワイン チャレンジ）「原田 特別純米酒」金賞受賞!! [特別純米酒] (米: 国産米, 精米: 非公開)
    ✨ [新規SKU抽出] 「原田 純米大吟醸35山田錦」が優等賞を受賞。 [純米大吟醸酒] (米: 山田錦, 精米: 非公開)
    ✨ [新規SKU抽出] 原田 特別純米にごり酒「フユ」 | はつもみぢ [特別純米酒] (米: 国産米, 精米: 非公開)
    ✨ [新規SKU抽出] 原田 特別純米にごり酒「フユ」 [特別純米酒] (米: 国産米, 精米: 非公開)
    ✨ [新規SKU抽出] 米の旨味、香りを存分に味わえる辛口の特別純米にごり酒。 [特別純米酒] (米: 国産米, 精米: 非公開)
  👉 株式会社はつもみぢ: 20 件の新規SKUを深層クローリングにより追加登録
[469/1376] 🏭 ID 1919: 株式会社竹内酒造場 (山口県) - https://peraichi.com/landing_pages/view/takeuchishuzou/
    ✨ [新規SKU抽出] しぼりたて生原酒｜穀良都 [普通酒] (米: 国産米, 精米: 非公開)
    ✨ [新規SKU抽出] 火入れ、加水をしていないしぼりたての生原酒です。 [普通酒] (米: 国産米, 精米: 非公開)
    ✨ [新規SKU抽出] にごり酒｜穀良都 [普通酒] (米: 国産米, 精米: 非公開)
    ✨ [新規SKU抽出] 後味がすっきりとした飲みやすいにごり酒です。 [普通酒] (米: 国産米, 精米: 非公開)
    ✨ [新規SKU抽出] にごり酒を初めて飲まれる方にも好評で、 [普通酒] (米: 国産米, 精米: 非公開)
    ✨ [新規SKU抽出] 純米吟醸｜穀良都 [純米吟醸酒] (米: 国産米, 精米: 非公開)
    ✨ [新規SKU抽出] 特別純米｜穀良都 [特別純米酒] (米: 国産米, 精米: 非公開)
  👉 株式会社竹内酒造場: 7 件の新規SKUを深層クローリングにより追加登録
[470/1376] 🏭 ID 1920: 大嶺酒造株式会社 (山口県) - http://www.ohmine.jp/
[471/1376] 🏭 ID 1921: 旭酒造株式会社 (山口県) - https://www.dassai.co.jp/
[472/1376] 🏭 ID 1922: 有限会社堀江酒場 (山口県) - http://horiesakaba.com
    ✨ [新規SKU抽出] 「自然が生んだ、新たな感動を。」有機 純米大吟醸酒の国内リリースを開始しました。 [純米大吟醸酒] (米: 国産米, 精米: 非公開)
    ✨ [新規SKU抽出] 極上ぷりぷりの『吟醸海老』出来ました。 [吟醸酒] (米: 国産米, 精米: 非公開)
    ✨ [新規SKU抽出] 金雀大吟醸 [大吟醸酒] (米: 国産米, 精米: 非公開)
    ✨ [新規SKU抽出] 金雀 大吟醸 [大吟醸酒] (米: 国産米, 精米: 非公開)
    ✨ [新規SKU抽出] 純米大吟醸酒　内容量： [純米大吟醸酒] (米: 国産米, 精米: 非公開)
    ✨ [新規SKU抽出] 有機 純米大吟醸酒　内容量： [純米大吟醸酒] (米: 国産米, 精米: 非公開)
    ✨ [新規SKU抽出] 金雀 純米大吟醸 [純米大吟醸酒] (米: 国産米, 精米: 非公開)
    ✨ [新規SKU抽出] 堀江酒場 | 金雀 純米大吟醸 [純米大吟醸酒] (米: 国産米, 精米: 非公開)
    ✨ [新規SKU抽出] >　金雀 純米大吟醸 [純米大吟醸酒] (米: 国産米, 精米: 非公開)
    ✨ [新規SKU抽出] 特定名称：有機 純米大吟醸酒 [純米大吟醸酒] (米: 国産米, 精米: 非公開)
    ✨ [新規SKU抽出] 『世界に誇れる優れた日本酒』がテーマの純米大吟醸酒です。 [純米大吟醸酒] (米: 国産米, 精米: 非公開)
    ✨ [新規SKU抽出] 特定名称：純米大吟醸酒 [純米大吟醸酒] (米: 国産米, 精米: 非公開)
    ✨ [新規SKU抽出] ・IWC2017日本酒部門 純米大吟醸部 最高位トロフィー受賞 世界1位 [純米大吟醸酒] (米: 国産米, 精米: 非公開)
  👉 有限会社堀江酒場: 13 件の新規SKUを深層クローリングにより追加登録
[473/1376] 🏭 ID 1923: 新谷酒造株式会社 (山口県) - http://wakamusume.com/
    ✨ [新規SKU抽出] 純米大吟醸　新姫－Cinderella－ [純米大吟醸酒] (米: 国産米, 精米: 非公開)
    ✨ [新規SKU抽出] 純米大吟醸酒 [純米大吟醸酒] (米: 国産米, 精米: 非公開)
    ✨ [新規SKU抽出] この度、令和4酒造年度山口県新酒鑑評会の大吟醸酒の部におきまして、わかむすめ燕子… [大吟醸酒] (米: 国産米, 精米: 非公開)
    ✨ [新規SKU抽出] 純米大吟醸わかむすめ燕子花の抽選販売へのご応募は、8月10日をもって締め切りまし… [純米大吟醸酒] (米: 国産米, 精米: 非公開)
    ✨ [新規SKU抽出] 純米大吟醸酒の部にてわかむすめ燕子花がリージョナルトロフィーを受賞致しました… [純米大吟醸酒] (米: 国産米, 精米: 非公開)
    ✨ [新規SKU抽出] 授賞式 わかむすめ燕子花が吟醸酒の部で優等賞に輝きました。 4月の話。。 気… [吟醸酒] (米: 国産米, 精米: 非公開)
  👉 新谷酒造株式会社: 6 件の新規SKUを深層クローリングにより追加登録
[474/1376] 🏭 ID 1924: 永山酒造合名会社 (山口県) - http://www.yamanosake.com/
    ✨ [新規SKU抽出] 大吟醸・純米大吟醸 [純米大吟醸酒] (米: 国産米, 精米: 非公開)
    ✨ [新規SKU抽出] 特別純米酒・純米酒 [特別純米酒] (米: 国産米, 精米: 非公開)
    ✨ [新規SKU抽出] 本醸造・普通酒・ふぐひれ酒 [本醸造酒] (米: 国産米, 精米: 非公開)
  👉 永山酒造合名会社: 3 件の新規SKUを深層クローリングにより追加登録
[475/1376] 🏭 ID 1926: 村重酒造株式会社 (山口県) - https://www.murashige-sake.co.jp/
[476/1376] 🏭 ID 1927: 山城屋酒造株式会社 (山口県) - http://www.sugihime.jp/
    ✨ [新規SKU抽出] 純米大吟醸 Princess [純米大吟醸酒] (米: 国産米, 精米: 非公開)
    ✨ [新規SKU抽出] スギヒメ 純米酒 [純米酒] (米: 国産米, 精米: 非公開)
    ✨ [新規SKU抽出] 鴻城乃誉　純米吟醸 [純米吟醸酒] (米: 国産米, 精米: 非公開)
    ✨ [新規SKU抽出] スギヒメ純米酒 無濾過生 [純米酒] (米: 国産米, 精米: 非公開)
    ✨ [新規SKU抽出] 杉姫　純米吟醸 [純米吟醸酒] (米: 国産米, 精米: 非公開)
    ✨ [新規SKU抽出] 純米大吟醸Princess 無濾過原酒 [純米大吟醸酒] (米: 国産米, 精米: 非公開)
    ✨ [新規SKU抽出] 鴻城乃誉 純米吟醸 ・スギヒメ 純米酒 ・Princessの３本セット [純米吟醸酒] (米: 国産米, 精米: 非公開)
    ✨ [新規SKU抽出] 鴻城乃誉 純米吟醸 無濾過生原酒 5年熟成 [純米吟醸酒] (米: 国産米, 精米: 非公開)
    ✨ [新規SKU抽出] 鴻城乃誉 純米吟醸・スギヒメ 純米酒  2本セット [純米吟醸酒] (米: 国産米, 精米: 非公開)
    ✨ [新規SKU抽出] 純米大吟醸 Princess
 – 山城屋酒造 [純米大吟醸酒] (米: 国産米, 精米: 非公開)
    ✨ [新規SKU抽出] 純米大吟醸 Princessの数量を減らす [純米大吟醸酒] (米: 国産米, 精米: 非公開)
    ✨ [新規SKU抽出] 純米大吟醸 Princessの数量を増やす [純米大吟醸酒] (米: 国産米, 精米: 非公開)
    ✨ [新規SKU抽出] スギヒメ純米酒 無濾過生
 – 山城屋酒造 [純米酒] (米: 国産米, 精米: 非公開)
    ✨ [新規SKU抽出] スギヒメ純米酒 無濾過生の数量を減らす [純米酒] (米: 国産米, 精米: 非公開)
    ✨ [新規SKU抽出] スギヒメ純米酒 無濾過生の数量を増やす [純米酒] (米: 国産米, 精米: 非公開)
    ✨ [新規SKU抽出] 鴻城乃誉 純米吟醸・スギヒメ 純米酒 2本セット
 – 山城屋酒造 [純米吟醸酒] (米: 国産米, 精米: 非公開)
    ✨ [新規SKU抽出] 鴻城乃誉 純米吟醸・スギヒメ 純米酒  2本セットの数量を減らす [純米吟醸酒] (米: 国産米, 精米: 非公開)
    ✨ [新規SKU抽出] 鴻城乃誉 純米吟醸・スギヒメ 純米酒  2本セットの数量を増やす [純米吟醸酒] (米: 国産米, 精米: 非公開)
    ✨ [新規SKU抽出] ●スギヒメ　純米酒 [純米酒] (米: 国産米, 精米: 非公開)
    ✨ [新規SKU抽出] ●鴻城乃誉　純米吟醸 [純米吟醸酒] (米: 国産米, 精米: 非公開)
  👉 山城屋酒造株式会社: 20 件の新規SKUを深層クローリングにより追加登録
[477/1376] 🏭 ID 1928: 八百新酒造株式会社 (山口県) - http://www.yaoshin.co.jp/
    ✨ [新規SKU抽出] 雁木 純米大吟醸 [純米大吟醸酒] (米: 国産米, 精米: 非公開)
    ✨ [新規SKU抽出] 雁木 純米大吟醸 鶺鴒 Kura Master2025 プレジデント賞 受賞 [純米大吟醸酒] (米: 国産米, 精米: 非公開)
    ✨ [新規SKU抽出] ひやおろし 純米 [純米酒] (米: 国産米, 精米: 非公開)
    ✨ [新規SKU抽出] ひやおろし [普通酒] (米: 国産米, 精米: 非公開)
    ✨ [新規SKU抽出] ひやおろし 純米吟醸 [純米吟醸酒] (米: 国産米, 精米: 非公開)
    ✨ [新規SKU抽出] スパークリング [普通酒] (米: 国産米, 精米: 非公開)
    ✨ [新規SKU抽出] 雁木　純米大吟醸 [純米大吟醸酒] (米: 国産米, 精米: 非公開)
    ✨ [新規SKU抽出] 雁木　純米吟醸 [純米吟醸酒] (米: 国産米, 精米: 非公開)
    ✨ [新規SKU抽出] 雁木　純米無濾過生原酒 [純米酒] (米: 国産米, 精米: 非公開)
    ✨ [新規SKU抽出] 雁木　純米吟醸無濾過生原酒 [純米吟醸酒] (米: 国産米, 精米: 非公開)
  👉 八百新酒造株式会社: 10 件の新規SKUを深層クローリングにより追加登録
[478/1376] 🏭 ID 1929: 酒井酒造株式会社 (山口県) - http://www.gokyo-sake.co.jp/
[479/1376] 🏭 ID 1930: 株式会社澄川酒造場 (山口県) - https://toyobijin.jp/
[480/1376] 🏭 ID 1931: 八千代酒造合名会社 (山口県) - https://ec.yachiyo-sake.com/
    ✨ [新規SKU抽出] 八千代　純米大吟醸（箱入り） [純米大吟醸酒] (米: 国産米, 精米: 非公開)
    ✨ [新規SKU抽出] 八千代　純米吟醸 [純米吟醸酒] (米: 国産米, 精米: 非公開)
    ✨ [新規SKU抽出] 八千代　純米吟醸（ひやおろし） [純米吟醸酒] (米: 国産米, 精米: 非公開)
    ✨ [新規SKU抽出] Ｂｄ－１４純米酒 [純米酒] (米: 国産米, 精米: 非公開)
    ✨ [新規SKU抽出] KABAラベル　活性純米にごり酒（生） [純米酒] (米: 国産米, 精米: 非公開)
    ✨ [新規SKU抽出] にごり酒 [普通酒] (米: 国産米, 精米: 非公開)
    ✨ [新規SKU抽出] 四段仕込みで造った少し甘みのある純米酒。香りは控えめで、スッキリと優しい飲み心地。 [純米酒] (米: 国産米, 精米: 非公開)
    ✨ [新規SKU抽出] 八千代　活性にごり酒（生） [普通酒] (米: 国産米, 精米: 非公開)
  👉 八千代酒造合名会社: 8 件の新規SKUを深層クローリングにより追加登録
[481/1376] 🏭 ID 1933: 株式会社永山本家酒造場 (山口県) - http://www.domainetaka.com/
    ✨ [新規SKU抽出] 山廃雄町 [普通酒] (米: 雄町, 精米: 非公開)
    ✨ [新規SKU抽出] 特別純米60 [特別純米酒] (米: 国産米, 精米: 非公開)
  👉 株式会社永山本家酒造場: 2 件の新規SKUを深層クローリングにより追加登録
[482/1376] 🏭 ID 1934: 有限会社岡崎酒造場 (山口県) - http://www.chomonkyo.com/
    ✨ [新規SKU抽出] あらばしり 特別純米酒 [特別純米酒] (米: 国産米, 精米: 非公開)
    ✨ [新規SKU抽出] 斗瓶囲い大吟醸 生楽 [大吟醸酒] (米: 国産米, 精米: 非公開)
    ✨ [新規SKU抽出] 長門峡 大吟醸 [大吟醸酒] (米: 国産米, 精米: 非公開)
    ✨ [新規SKU抽出] 長門峡 吟醸酒 [吟醸酒] (米: 国産米, 精米: 非公開)
    ✨ [新規SKU抽出] 吟醸酒 萩の風 [吟醸酒] (米: 国産米, 精米: 非公開)
    ✨ [新規SKU抽出] 長門峡 純米吟醸 [純米吟醸酒] (米: 国産米, 精米: 非公開)
    ✨ [新規SKU抽出] 純米吟醸 福良雀 [純米吟醸酒] (米: 国産米, 精米: 非公開)
    ✨ [新規SKU抽出] 長門峡 辛口特別純米 [特別純米酒] (米: 国産米, 精米: 非公開)
    ✨ [新規SKU抽出] 長門峡 純米酒 [純米酒] (米: 国産米, 精米: 非公開)
    ✨ [新規SKU抽出] 純米酒 城下町 [純米酒] (米: 国産米, 精米: 非公開)
    ✨ [新規SKU抽出] 純米酒　無濾過 [純米酒] (米: 国産米, 精米: 非公開)
    ✨ [新規SKU抽出] 長門峡 純米酒（イセヒカリ） [純米酒] (米: 国産米, 精米: 非公開)
    ✨ [新規SKU抽出] 長門峡 本醸造 [本醸造酒] (米: 国産米, 精米: 非公開)
    ✨ [新規SKU抽出] 吟醸 生貯蔵 [吟醸酒] (米: 国産米, 精米: 非公開)
    ✨ [新規SKU抽出] リキュール酒 [リキュール] (米: 国産米, 精米: 非公開)
    ✨ [新規SKU抽出] 柚子リキュール [リキュール] (米: 国産米, 精米: 非公開)
    ✨ [新規SKU抽出] だいだいリキュール白小花 [リキュール] (米: 国産米, 精米: 非公開)
    ✨ [新規SKU抽出] 柔らかな味わいでお米の旨みを最大に引き出したなめらかで、軽快な風味の純米酒です。 [純米酒] (米: 国産米, 精米: 非公開)
    ✨ [新規SKU抽出] 暑い夏に飲みたくなるスッキリとした味わいの吟醸酒です。 [吟醸酒] (米: 国産米, 精米: 非公開)
  👉 有限会社岡崎酒造場: 19 件の新規SKUを深層クローリングにより追加登録
[483/1376] 🏭 ID 1935: 阿武の鶴酒造合資会社 (山口県) - https://linktr.ee/abunotsuru
    ✨ [新規SKU抽出] セブン‐イレブン山口県限定「みよし 純米大吟醸 生酒 」 [純米大吟醸酒] (米: 国産米, 精米: 非公開)
  👉 阿武の鶴酒造合資会社: 1 件の新規SKUを深層クローリングにより追加登録
[484/1376] 🏭 ID 1936: 岩崎酒造株式会社 (山口県) - https://iwasakishuzou.com
    ✨ [新規SKU抽出] 山田錦純米酒ライト微発泡生 [純米酒] (米: 山田錦, 精米: 非公開)
    ✨ [新規SKU抽出] 山田錦純米大吟醸 [純米大吟醸酒] (米: 山田錦, 精米: 非公開)
    ✨ [新規SKU抽出] 山田錦純米大吟醸 木製化粧箱入り [純米大吟醸酒] (米: 山田錦, 精米: 非公開)
    ✨ [新規SKU抽出] 山田錦大吟醸 [大吟醸酒] (米: 山田錦, 精米: 非公開)
    ✨ [新規SKU抽出] 山田錦辛口純米酒 [純米酒] (米: 山田錦, 精米: 非公開)
    ✨ [新規SKU抽出] 純米大吟醸・大吟醸 [純米大吟醸酒] (米: 国産米, 精米: 非公開)
  👉 岩崎酒造株式会社: 6 件の新規SKUを深層クローリングにより追加登録
[485/1376] 🏭 ID 2128: 日本泉酒造株式会社 (岐阜県) - http://www.nihonizumi.co.jp/
    ✨ [新規SKU抽出] 純米酒、大吟醸、吟醸酒に本醸造酒…… [大吟醸酒] (米: 国産米, 精米: 非公開)
    ✨ [新規SKU抽出] 純米吟醸 豊臣秀吉® [純米吟醸酒] (米: 国産米, 精米: 非公開)
    ✨ [新規SKU抽出] 純米吟醸特有の芳醇な味わいが特徴です。※こちらの商品は箱は付属しておりません。 [純米吟醸酒] (米: 国産米, 精米: 非公開)
    ✨ [新規SKU抽出] 純米吟醸　豊臣秀吉　菰樽 [純米吟醸酒] (米: 国産米, 精米: 非公開)
    ✨ [新規SKU抽出] 純米吟醸　豊臣秀吉　Boasorte [純米吟醸酒] (米: 国産米, 精米: 非公開)
    ✨ [新規SKU抽出] 純米大吟醸　北政所　寧　720 [純米大吟醸酒] (米: 国産米, 精米: 非公開)
    ✨ [新規SKU抽出] 純米大吟醸 織田信長® [純米大吟醸酒] (米: 国産米, 精米: 非公開)
    ✨ [新規SKU抽出] 純米吟醸 ざる濾しにごり酒 生 [純米吟醸酒] (米: 国産米, 精米: 非公開)
    ✨ [新規SKU抽出] 純米吟醸 ざる濾しにごり酒 生　1.8l [純米吟醸酒] (米: 国産米, 精米: 非公開)
    ✨ [新規SKU抽出] 日本泉　純米吟醸　フローズン300ML　6本セット　送料込み [純米吟醸酒] (米: 国産米, 精米: 非公開)
    ✨ [新規SKU抽出] 木槽でゆっくり搾ったしぼりたての純米吟醸を生のままビンに詰めて、 [純米吟醸酒] (米: 国産米, 精米: 非公開)
    ✨ [新規SKU抽出] 星涼し　夏のしぼりたて 純米吟醸　生酒　720ｍl [純米吟醸酒] (米: 国産米, 精米: 非公開)
    ✨ [新規SKU抽出] 星涼し　夏のしぼりたて 純米吟醸　生酒 [純米吟醸酒] (米: 国産米, 精米: 非公開)
    ✨ [新規SKU抽出] 純米吟醸無濾過生原酒ふなくちとり　720ｍl [純米吟醸酒] (米: 国産米, 精米: 非公開)
    ✨ [新規SKU抽出] 純米吟醸無濾過生原酒ふなくちとり　1.8l [純米吟醸酒] (米: 国産米, 精米: 非公開)
    ✨ [新規SKU抽出] 純米大吟醸 無濾過生原酒 ふなくちとり  50％精白 [純米大吟醸酒] (米: 国産米, 精米: 非公開)
    ✨ [新規SKU抽出] 純米大吟醸 無濾過生原酒 ふなくちとり  50％精白1.8l [純米大吟醸酒] (米: 国産米, 精米: 非公開)
    ✨ [新規SKU抽出] 純米大吟醸無濾過生原酒 ふなくちとり [純米大吟醸酒] (米: 国産米, 精米: 40%)
    ✨ [新規SKU抽出] 大吟醸無濾過生原酒 ふなくちとり磨き3割5分 [大吟醸酒] (米: 国産米, 精米: 非公開)
    ✨ [新規SKU抽出] 純米吟醸　豊臣秀吉Boasorte [純米吟醸酒] (米: 国産米, 精米: 非公開)
    ✨ [新規SKU抽出] 大吟醸 織田信長®（木箱入り） [大吟醸酒] (米: 国産米, 精米: 非公開)
    ✨ [新規SKU抽出] 大吟醸 織田信長®（木箱入り） 1.8l [大吟醸酒] (米: 国産米, 精米: 非公開)
    ✨ [新規SKU抽出] 純米大吟醸 濃姫®（木箱入り） [純米大吟醸酒] (米: 国産米, 精米: 非公開)
  👉 日本泉酒造株式会社: 23 件の新規SKUを深層クローリングにより追加登録
[486/1376] 🏭 ID 2129: 菊川株式会社 (岐阜県) - http://www.sake-kikukawa.co.jp/
[487/1376] 🏭 ID 2130: 小町酒造株式会社 (岐阜県) - http://www.nagaragawa.co.jp/
    ✨ [新規SKU抽出] リキュール [リキュール] (米: 国産米, 精米: 非公開)
    ✨ [新規SKU抽出] 本格焼酎-かかみ野 [本格焼酎] (米: 国産米, 精米: 非公開)
    ✨ [新規SKU抽出] 天河 大吟醸 [大吟醸酒] (米: 国産米, 精米: 非公開)
    ✨ [新規SKU抽出] 受福無疆 純米大吟醸 [純米大吟醸酒] (米: 国産米, 精米: 非公開)
    ✨ [新規SKU抽出] 純米大吟醸　1,800ｍｌ [純米大吟醸酒] (米: 国産米, 精米: 非公開)
    ✨ [新規SKU抽出] 純米大吟醸　720ｍｌ [純米大吟醸酒] (米: 国産米, 精米: 非公開)
    ✨ [新規SKU抽出] 大吟醸「天河」1800ML [大吟醸酒] (米: 国産米, 精米: 非公開)
    ✨ [新規SKU抽出] 大吟醸「天河」720ML [大吟醸酒] (米: 国産米, 精米: 非公開)
    ✨ [新規SKU抽出] 純米吟醸 １,８００ML [純米吟醸酒] (米: 国産米, 精米: 非公開)
    ✨ [新規SKU抽出] 純米吟醸 ７２０ML [純米吟醸酒] (米: 国産米, 精米: 非公開)
    ✨ [新規SKU抽出] 吟醸酒　１,８００ML [吟醸酒] (米: 国産米, 精米: 非公開)
    ✨ [新規SKU抽出] 吟醸酒　７２０ML [吟醸酒] (米: 国産米, 精米: 非公開)
    ✨ [新規SKU抽出] 清流吟醸　７２０ＭＬ [吟醸酒] (米: 国産米, 精米: 非公開)
    ✨ [新規SKU抽出] 吟醸冷酒　720ML [吟醸酒] (米: 国産米, 精米: 非公開)
    ✨ [新規SKU抽出] 吟醸冷酒　300ML [吟醸酒] (米: 国産米, 精米: 非公開)
    ✨ [新規SKU抽出] 純米酒　１,８００ML [純米酒] (米: 国産米, 精米: 非公開)
    ✨ [新規SKU抽出] 純米酒　７２０ＭＬ [純米酒] (米: 国産米, 精米: 非公開)
    ✨ [新規SKU抽出] バラエティ豊かな純米酒 [純米酒] (米: 国産米, 精米: 非公開)
    ✨ [新規SKU抽出] 本醸造生酒 300ML [本醸造酒] (米: 国産米, 精米: 非公開)
    ✨ [新規SKU抽出] 本醸造生貯蔵酒 [本醸造酒] (米: 国産米, 精米: 非公開)
    ✨ [新規SKU抽出] 新酒しぼりたて発売開始（できあがりました！） [普通酒] (米: 国産米, 精米: 非公開)
    ✨ [新規SKU抽出] 梅酒-日本酒仕込ﾌﾟﾚﾐｱﾑ [リキュール] (米: 国産米, 精米: 非公開)
    ✨ [新規SKU抽出] 食べる梅酒 [リキュール] (米: 国産米, 精米: 非公開)
    ✨ [新規SKU抽出] 梅酒：日本酒仕込 [リキュール] (米: 国産米, 精米: 非公開)
    ✨ [新規SKU抽出] 本格焼酎－人参焼酎 [本格焼酎] (米: 国産米, 精米: 非公開)
    ✨ [新規SKU抽出] 零戦のつばさ 純米吟醸 [純米吟醸酒] (米: 国産米, 精米: 非公開)
    ✨ [新規SKU抽出] 清流吟醸長良川 [吟醸酒] (米: 国産米, 精米: 非公開)
    ✨ [新規SKU抽出] スパークリングにごり生 [普通酒] (米: 国産米, 精米: 非公開)
    ✨ [新規SKU抽出] 吟醸冷酒 [吟醸酒] (米: 国産米, 精米: 非公開)
    ✨ [新規SKU抽出] 別囲い純米吟醸 [純米吟醸酒] (米: 国産米, 精米: 非公開)
    ✨ [新規SKU抽出] 天河　大吟醸　1, [大吟醸酒] (米: 国産米, 精米: 非公開)
    ✨ [新規SKU抽出] 長良川蔵元で人気の大吟醸「天河（てんかわ）」。 [大吟醸酒] (米: 国産米, 精米: 非公開)
    ✨ [新規SKU抽出] 酒蔵に響く自然音楽との縁と歴史を語る逸品大吟醸であります。 [大吟醸酒] (米: 国産米, 精米: 非公開)
    ✨ [新規SKU抽出] Ｎ・扇NAGARA-GAWA限定生原酒-扇-純米吟醸生原酒 [純米吟醸酒] (米: 国産米, 精米: 非公開)
    ✨ [新規SKU抽出] Ｎ・七宝NAGARA-GAWA-七宝-限定冷温熟成　純米吟醸 [純米吟醸酒] (米: 国産米, 精米: 非公開)
    ✨ [新規SKU抽出] Ｎ・麻の葉NAGARA-GAWA-麻の葉-冷温生貯蔵　純米吟醸 [純米吟醸酒] (米: 国産米, 精米: 非公開)
    ✨ [新規SKU抽出] 長良川　純米吟醸　1, [純米吟醸酒] (米: 国産米, 精米: 非公開)
    ✨ [新規SKU抽出] 長良川本流の旨みをお届けする飛騨ほまれ酒米仕込みの純米吟醸酒。 [純米吟醸酒] (米: 国産米, 精米: 非公開)
    ✨ [新規SKU抽出] ふくらみのある旨みとスッとキレる喉ごしが心地よい岐阜酒米で醸す純米吟醸です。 [純米吟醸酒] (米: 国産米, 精米: 非公開)
  👉 小町酒造株式会社: 39 件の新規SKUを深層クローリングにより追加登録
[488/1376] 🏭 ID 2131: 千代菊株式会社 (岐阜県) - http://www.chiyogiku.co.jp/
    ✨ [新規SKU抽出] リキュール [リキュール] (米: 国産米, 精米: 非公開)
    ✨ [新規SKU抽出] 無濾過原酒    純米吟醸 （う） [純米吟醸酒] (米: 国産米, 精米: 非公開)
    ✨ [新規SKU抽出] 純米吟醸 原酒 [純米吟醸酒] (米: 国産米, 精米: 非公開)
    ✨ [新規SKU抽出] 純米吟醸無濾過生原酒 光琳 彗星仕込み [純米吟醸酒] (米: 国産米, 精米: 非公開)
    ✨ [新規SKU抽出] 純米吟醸無濾過生原酒 [純米吟醸酒] (米: 国産米, 精米: 非公開)
    ✨ [新規SKU抽出] 純米吟醸無濾過生原酒 光琳 ひだほまれ仕込み [純米吟醸酒] (米: 国産米, 精米: 非公開)
  👉 千代菊株式会社: 6 件の新規SKUを深層クローリングにより追加登録
[489/1376] 🏭 ID 2132: 株式会社三輪酒造 (岐阜県) - http://www.miwashuzo.co.jp/
    ✨ [新規SKU抽出] にごり酒のいろんな飲み方や当蔵の最新情報を蔵元自らお届けします♬ [普通酒] (米: 国産米, 精米: 非公開)
    ✨ [新規SKU抽出] にごり酒白川郷 [普通酒] (米: 国産米, 精米: 非公開)
    ✨ [新規SKU抽出] 皆さまの楽しいにごり酒白川郷ライフをご覧ください。 [普通酒] (米: 国産米, 精米: 非公開)
    ✨ [新規SKU抽出] Instagramで「＃にごり酒白川郷」「＃にご活」で投稿してくださいね。 [普通酒] (米: 国産米, 精米: 非公開)
    ✨ [新規SKU抽出] 白川郷 純米にごり酒 [純米酒] (米: 国産米, 精米: 非公開)
    ✨ [新規SKU抽出] 白川郷 純米吟醸「ささにごり酒」 [純米吟醸酒] (米: 国産米, 精米: 非公開)
    ✨ [新規SKU抽出] 白川郷 純米酒「上澄み」 [純米酒] (米: 国産米, 精米: 非公開)
    ✨ [新規SKU抽出] 白川郷 純米にごり酒「出来たて生」 [純米酒] (米: 国産米, 精米: 非公開)
    ✨ [新規SKU抽出] 白川郷 純米にごり「冷凍生原酒」 [純米酒] (米: 国産米, 精米: 非公開)
    ✨ [新規SKU抽出] 白川郷 純米酒「生の上澄み」 [純米酒] (米: 国産米, 精米: 非公開)
    ✨ [新規SKU抽出] 白川郷 炭酸純米「泡にごり酒」 [純米酒] (米: 国産米, 精米: 非公開)
    ✨ [新規SKU抽出] 白川郷 純米生「どぶろく仕込み」 [純米酒] (米: 国産米, 精米: 非公開)
    ✨ [新規SKU抽出] 白川郷 純米生「どぶろく仕込み」冷蔵 [純米酒] (米: 国産米, 精米: 非公開)
    ✨ [新規SKU抽出] 大吟醸 道三 吟雪花 [大吟醸酒] (米: 国産米, 精米: 非公開)
    ✨ [新規SKU抽出] 純米吟醸 道三 吟雪花 [純米吟醸酒] (米: 国産米, 精米: 非公開)
    ✨ [新規SKU抽出] 美濃乃地酒 道三 本醸造 [本醸造酒] (米: 国産米, 精米: 非公開)
    ✨ [新規SKU抽出] 大吟醸 デューク鉄心 [大吟醸酒] (米: 国産米, 精米: 非公開)
    ✨ [新規SKU抽出] 特別本醸造 バロン鉄心 [特別本醸造酒] (米: 国産米, 精米: 非公開)
    ✨ [新規SKU抽出] 白川郷純米生「どぶろく仕込み」 [純米酒] (米: 国産米, 精米: 非公開)
    ✨ [新規SKU抽出] 炭酸純米白川郷「泡にごり酒」セット [純米酒] (米: 国産米, 精米: 非公開)
    ✨ [新規SKU抽出] 名入れラベル大吟醸「尚子の夢」 [大吟醸酒] (米: 国産米, 精米: 非公開)
    ✨ [新規SKU抽出] 大吟醸道三吟雪花「干支ラベル」 [大吟醸酒] (米: 国産米, 精米: 非公開)
    ✨ [新規SKU抽出] にごり酒 オリジナル前掛け [普通酒] (米: 国産米, 精米: 非公開)
    ✨ [新規SKU抽出] にごり酒オリジナル甚吉袋 [普通酒] (米: 国産米, 精米: 非公開)
    ✨ [新規SKU抽出] 白川郷　純米吟醸 [純米吟醸酒] (米: 国産米, 精米: 非公開)
    ✨ [新規SKU抽出] ささにごり酒 [普通酒] (米: 国産米, 精米: 非公開)
    ✨ [新規SKU抽出] 白川郷　純米酒 [純米酒] (米: 国産米, 精米: 非公開)
    ✨ [新規SKU抽出] 白川郷　純米にごり酒 [純米酒] (米: 国産米, 精米: 非公開)
    ✨ [新規SKU抽出] 冷凍生原酒 [普通酒] (米: 国産米, 精米: 非公開)
    ✨ [新規SKU抽出] 泡にごり酒 [普通酒] (米: 国産米, 精米: 非公開)
    ✨ [新規SKU抽出] どぶろく仕込み [どぶろく] (米: 国産米, 精米: 非公開)
    ✨ [新規SKU抽出] どぶろく仕込み冷蔵 [どぶろく] (米: 国産米, 精米: 非公開)
  👉 株式会社三輪酒造: 32 件の新規SKUを深層クローリングにより追加登録
[490/1376] 🏭 ID 2133: 武内合資会社 (岐阜県) - http://www.takeuchi-shuzo.jp/
[491/1376] 🏭 ID 2134: 渡辺酒造醸 (岐阜県) - http://www.minonishiki.com/
[492/1376] 🏭 ID 2137: 所酒造合資会社 (岐阜県) - http://www.ibi.or.jp/~bojimaya/
[493/1376] 🏭 ID 2138: 杉原酒造株式会社 (岐阜県) - http://www.sugiharasake.jp/
    ✨ [新規SKU抽出] 純米吟醸酒 射美 [純米吟醸酒] (米: 国産米, 精米: 非公開)
    ✨ [新規SKU抽出] 純米吟醸酒 [純米吟醸酒] (米: 国産米, 精米: 非公開)
    ✨ [新規SKU抽出] 特別純米酒 射美 BLUE [特別純米酒] (米: 国産米, 精米: 非公開)
    ✨ [新規SKU抽出] 特別純米酒 [特別純米酒] (米: 国産米, 精米: 非公開)
    ✨ [新規SKU抽出] 特別純米酒 射美 PINK [特別純米酒] (米: 国産米, 精米: 非公開)
    ✨ [新規SKU抽出] 特別純米酒 射美 [特別純米酒] (米: 国産米, 精米: 非公開)
    ✨ [新規SKU抽出] 吟醸酒 射美 [吟醸酒] (米: 国産米, 精米: 非公開)
    ✨ [新規SKU抽出] 特別純米酒15号 射美 [特別純米酒] (米: 国産米, 精米: 非公開)
    ✨ [新規SKU抽出] 特別純米酒15号 [特別純米酒] (米: 国産米, 精米: 非公開)
    ✨ [新規SKU抽出] しぼりたてご予約の方は、ご来店下さいませ。送りの方は、順番に対応させて頂きます。 [普通酒] (米: 国産米, 精米: 非公開)
    ✨ [新規SKU抽出] 付加価値の高い吟醸酒、大吟醸酒の地域ブランド酒製造に対し、 [大吟醸酒] (米: 国産米, 精米: 非公開)
    ✨ [新規SKU抽出] 本醸造、特別本醸造、純米酒、大吟醸、純米大吟醸など、 [純米大吟醸酒] (米: 国産米, 精米: 非公開)
    ✨ [新規SKU抽出] 特別純米酒 揖斐川 [特別純米酒] (米: 国産米, 精米: 非公開)
    ✨ [新規SKU抽出] 特別本醸造 揖斐川 [特別本醸造酒] (米: 国産米, 精米: 非公開)
    ✨ [新規SKU抽出] 千代乃花 しぼりたて 特別純米酒 [特別純米酒] (米: 国産米, 精米: 非公開)
    ✨ [新規SKU抽出] 千代乃花 しぼりたて [普通酒] (米: 国産米, 精米: 非公開)
    ✨ [新規SKU抽出] 特別本醸造 [特別本醸造酒] (米: 国産米, 精米: 非公開)
    ✨ [新規SKU抽出] ちよのはな しぼりたて とくべつほんじょうぞう [普通酒] (米: 国産米, 精米: 非公開)
    ✨ [新規SKU抽出] 千代乃花 しぼりたて 純米吟醸酒 [純米吟醸酒] (米: 国産米, 精米: 非公開)
    ✨ [新規SKU抽出] ちよのはな しぼりたて じゅんまいぎんじょうしゅ [普通酒] (米: 国産米, 精米: 非公開)
    ✨ [新規SKU抽出] 千代乃花 しぼりたて 吟醸酒 [吟醸酒] (米: 国産米, 精米: 非公開)
    ✨ [新規SKU抽出] ちよのはな しぼりたて ぎんじょうしゅ [普通酒] (米: 国産米, 精米: 非公開)
    ✨ [新規SKU抽出] 千代乃花 しぼりたて 特別本醸造 [特別本醸造酒] (米: 国産米, 精米: 非公開)
    ✨ [新規SKU抽出] ちよのはな しぼりたて とくべつじゅんまいしゅ [普通酒] (米: 国産米, 精米: 非公開)
  👉 杉原酒造株式会社: 24 件の新規SKUを深層クローリングにより追加登録
[494/1376] 🏭 ID 2139: 玉泉堂酒造株式会社 (岐阜県) - https://www.gyokusendo.jp/
    ✨ [新規SKU抽出] 安定した品質と吟醸酒のきれいな味を実現 [吟醸酒] (米: 国産米, 精米: 非公開)
    ✨ [新規SKU抽出] 純米大吟醸 玉　ルクセンブルク酒チャレンジ プラチナ賞受賞のお知らせ [純米大吟醸酒] (米: 国産米, 精米: 非公開)
    ✨ [新規SKU抽出] 焼酎＆リキュール類 [リキュール] (米: 国産米, 精米: 非公開)
  👉 玉泉堂酒造株式会社: 3 件の新規SKUを深層クローリングにより追加登録
[495/1376] 🏭 ID 2140: 株式会社小坂酒造場 (岐阜県) - http://www.kuramoto-kosaka.com/
    ✨ [新規SKU抽出] 純米酒の [純米酒] (米: 国産米, 精米: 非公開)
    ✨ [新規SKU抽出] 百春「純米吟醸」無ろ過生原酒カラフルフルーティ生 [純米吟醸酒] (米: 国産米, 精米: 非公開)
    ✨ [新規SKU抽出] 百春「純米吟醸」無ろ過生原酒カラフルトラディショナル生 [純米吟醸酒] (米: 国産米, 精米: 非公開)
    ✨ [新規SKU抽出] 純米中汲みしぼりたて「新酒」 [純米酒] (米: 国産米, 精米: 非公開)
    ✨ [新規SKU抽出] 純米吟醸酒「さんやほう」 [純米吟醸酒] (米: 国産米, 精米: 非公開)
    ✨ [新規SKU抽出] 百春「純米吟醸」 [純米吟醸酒] (米: 国産米, 精米: 非公開)
    ✨ [新規SKU抽出] 純米大吟醸「梲（うだつ）」 [純米大吟醸酒] (米: 国産米, 精米: 非公開)
    ✨ [新規SKU抽出] 吟醸酒の [吟醸酒] (米: 国産米, 精米: 非公開)
    ✨ [新規SKU抽出] 本醸造酒、その他のお酒 [本醸造酒] (米: 国産米, 精米: 非公開)
    ✨ [新規SKU抽出] 本醸造酒、その他のお酒の [本醸造酒] (米: 国産米, 精米: 非公開)
    ✨ [新規SKU抽出] 百春「新酒しぼりたて　蔵出し原酒」 [普通酒] (米: 国産米, 精米: 非公開)
    ✨ [新規SKU抽出] 特別本醸造「花みこし」 [特別本醸造酒] (米: 国産米, 精米: 非公開)
    ✨ [新規SKU抽出] 60％に精米して醸す純米吟醸を－５℃の低温で貯蔵います。 [純米吟醸酒] (米: 国産米, 精米: 非公開)
    ✨ [新規SKU抽出] 無ろ過生原酒ですので、酵母の出す天然の炭酸ガスのチリチリとした味わいもたまりません。 [普通酒] (米: 国産米, 精米: 非公開)
    ✨ [新規SKU抽出] 「新酒」ピリッと辛口の純米しぼりたてです。 [純米酒] (米: 国産米, 精米: 非公開)
    ✨ [新規SKU抽出] 百春「吟」 | 吟醸酒 | 酒「百春」「さんやほう」蔵元の小坂酒造：岐阜県美濃市 [吟醸酒] (米: 国産米, 精米: 非公開)
    ✨ [新規SKU抽出] 本格派の吟醸酒 [吟醸酒] (米: 国産米, 精米: 非公開)
    ✨ [新規SKU抽出] 国産米を50%精米して醸した本格派の吟醸酒。 [吟醸酒] (米: 国産米, 精米: 50%)
    ✨ [新規SKU抽出] 「特選」百春 | 吟醸酒 | 酒「百春」「さんやほう」蔵元の小坂酒造：岐阜県美濃市 [吟醸酒] (米: 国産米, 精米: 非公開)
    ✨ [新規SKU抽出] 岐阜県産のお米を60%精米して醸した本醸造酒。 [本醸造酒] (米: 国産米, 精米: 60%)
    ✨ [新規SKU抽出] 吟醸酒 | 酒「百春」「さんやほう」蔵元の小坂酒造：岐阜県美濃市 [吟醸酒] (米: 国産米, 精米: 非公開)
    ✨ [新規SKU抽出] 大好評！朝しぼりたてが買える！「百春　蔵開き」1月24日(土)、25日(日) [普通酒] (米: 国産米, 精米: 非公開)
  👉 株式会社小坂酒造場: 22 件の新規SKUを深層クローリングにより追加登録
[496/1376] 🏭 ID 2141: 御代桜醸造株式会社 (岐阜県) - http://www.miyozakura.co.jp/
    ✨ [新規SKU抽出] 2024年度の梅酒の仕込を行いました [リキュール] (米: 国産米, 精米: 非公開)
  👉 御代桜醸造株式会社: 1 件の新規SKUを深層クローリングにより追加登録
[497/1376] 🏭 ID 2142: 白扇酒造株式会社 (岐阜県) - http://www.hakusenshuzou.jp/
    ✨ [新規SKU抽出] リキュール：ほっと一息、酔い心地 [リキュール] (米: 国産米, 精米: 非公開)
    ✨ [新規SKU抽出] 焼酎・リキュール [リキュール] (米: 国産米, 精米: 非公開)
    ✨ [新規SKU抽出] リキュールのおもしろさ [リキュール] (米: 国産米, 精米: 非公開)
    ✨ [新規SKU抽出] 純米大吟醸酒・純米吟醸酒・純米酒 [純米大吟醸酒] (米: 国産米, 精米: 非公開)
    ✨ [新規SKU抽出] 本醸造酒・一般酒 [本醸造酒] (米: 国産米, 精米: 非公開)
    ✨ [新規SKU抽出] ワイン・リキュール [リキュール] (米: 国産米, 精米: 非公開)
    ✨ [新規SKU抽出] リキュールの想い [リキュール] (米: 国産米, 精米: 非公開)
    ✨ [新規SKU抽出] 🍓新企画！リキュール祭り6/6㈯・7㈰の２日間開催～生酒も登場♪～ [リキュール] (米: 国産米, 精米: 非公開)
    ✨ [新規SKU抽出] 秋のひやおろしを皆さまへ [普通酒] (米: 国産米, 精米: 非公開)
    ✨ [新規SKU抽出] 知ってた！？本みりんのヒミツ福来純本みりんのために本格焼酎を造っています！ [本格焼酎] (米: 国産米, 精米: 非公開)
  👉 白扇酒造株式会社: 10 件の新規SKUを深層クローリングにより追加登録
[498/1376] 🏭 ID 2143: 平和錦酒造株式会社 (岐阜県) - http://www.kinsen.pu.shopserve.jp
[499/1376] 🏭 ID 2144: 合資会社山田商店 (岐阜県) - http://www.kura-yamada.com/
    ✨ [新規SKU抽出] 新春しぼりたて純米原酒玉柏 [純米酒] (米: 国産米, 精米: 非公開)
    ✨ [新規SKU抽出] ひやおろし [普通酒] (米: 国産米, 精米: 非公開)
    ✨ [新規SKU抽出] 純米吟醸　龍吟「忍者」 [純米吟醸酒] (米: 国産米, 精米: 非公開)
    ✨ [新規SKU抽出] リキュール・焼酎 [リキュール] (米: 国産米, 精米: 非公開)
    ✨ [新規SKU抽出] 純米吟醸　龍吟 [純米吟醸酒] (米: 国産米, 精米: 非公開)
    ✨ [新規SKU抽出] 純米酒「開」（かい）は岐阜県で開発した酵母を使用して、 [純米酒] (米: 国産米, 精米: 非公開)
    ✨ [新規SKU抽出] 搾ったばかりのしぼりたて原酒（初恵比寿）を [普通酒] (米: 国産米, 精米: 非公開)
    ✨ [新規SKU抽出] しぼりたてなので香り高くまろやか、芳醇と言う表現がびったりです。 [普通酒] (米: 国産米, 精米: 非公開)
    ✨ [新規SKU抽出] しぼりたて原酒 [普通酒] (米: 国産米, 精米: 非公開)
  👉 合資会社山田商店: 9 件の新規SKUを深層クローリングにより追加登録
[500/1376] 🏭 ID 2145: 花盛酒造株式会社 (岐阜県) - http://www.hanazakari.co.jp/
[501/1376] 🏭 ID 2146: 平野醸造合資会社 (岐阜県) - http://www.bojo.jp
    ✨ [新規SKU抽出] リキュール [リキュール] (米: 国産米, 精米: 非公開)
    ✨ [新規SKU抽出] B.として復活した純米大吟醸。 [純米大吟醸酒] (米: 国産米, 精米: 非公開)
    ✨ [新規SKU抽出] 大吟醸 雫 [大吟醸酒] (米: 国産米, 精米: 非公開)
    ✨ [新規SKU抽出] 令和6年度名古屋国税局 酒類鑑評会  吟醸の部  優等賞受賞 [吟醸酒] (米: 国産米, 精米: 非公開)
    ✨ [新規SKU抽出] 酒造好適米・山田錦を使用した大吟醸酒です。 [大吟醸酒] (米: 山田錦, 精米: 非公開)
    ✨ [新規SKU抽出] 大吟醸ならではのフルーティーな味と華やかな香りをお楽しみください。 [大吟醸酒] (米: 国産米, 精米: 非公開)
    ✨ [新規SKU抽出] 生大吟醸 [大吟醸酒] (米: 国産米, 精米: 非公開)
    ✨ [新規SKU抽出] 酒造好適米・山田錦を使用した大吟醸の生酒。 [大吟醸酒] (米: 山田錦, 精米: 非公開)
    ✨ [新規SKU抽出] 濃醇で上品な甘い口当たりが特徴で、まるで上質などぶろくの様な、昔ながらの白にごり。 [どぶろく] (米: 国産米, 精米: 非公開)
    ✨ [新規SKU抽出] しぼりたて [普通酒] (米: 国産米, 精米: 非公開)
    ✨ [新規SKU抽出] 生大吟醸 郡上踊りラベル [大吟醸酒] (米: 国産米, 精米: 非公開)
    ✨ [新規SKU抽出] 純米酒 郡上踊りラベル [純米酒] (米: 国産米, 精米: 非公開)
    ✨ [新規SKU抽出] 酒造好適米・山田錦を使用した大吟醸の生酒です。 [大吟醸酒] (米: 山田錦, 精米: 非公開)
    ✨ [新規SKU抽出] 生大吟醸 郡上踊りラベルの数量を減らす [大吟醸酒] (米: 国産米, 精米: 非公開)
    ✨ [新規SKU抽出] 生大吟醸 郡上踊りラベルの数量を増やす [大吟醸酒] (米: 国産米, 精米: 非公開)
    ✨ [新規SKU抽出] 「純米大吟醸」「大吟醸」 ··· 無料 [純米大吟醸酒] (米: 国産米, 精米: 非公開)
    ✨ [新規SKU抽出] 「生大吟醸 6本セット」 ··· 440円（税込） [大吟醸酒] (米: 国産米, 精米: 非公開)
    ✨ [新規SKU抽出] Limited Edition 純米吟醸 ( 郡上産五百万石 ) [純米吟醸酒] (米: 五百万石, 精米: 非公開)
    ✨ [新規SKU抽出] 純米吟醸 ( 郡上産五百万石 ) [純米吟醸酒] (米: 五百万石, 精米: 非公開)
  👉 平野醸造合資会社: 19 件の新規SKUを深層クローリングにより追加登録
[502/1376] 🏭 ID 2147: 原酒造場 (岐阜県) - http://genbun.sakura.ne.jp
[503/1376] 🏭 ID 2148: 中島醸造株式会社 (岐阜県) - http://www.kozaemon.jp/
    ✨ [新規SKU抽出] 小左衛門　純米大吟醸 瑞ノ盞～MIZUNOUKI～　新登場 [純米大吟醸酒] (米: 国産米, 精米: 非公開)
    ✨ [新規SKU抽出] 純米吟醸 酒粕 [純米吟醸酒] (米: 国産米, 精米: 非公開)
    ✨ [新規SKU抽出] 岐阜県産“はつしも”で仕込む 　岐阜県限定の純米吟醸　を発売 [純米吟醸酒] (米: 国産米, 精米: 非公開)
    ✨ [新規SKU抽出] 中島醸造の新鮮な酒粕をひとつひとつ丁寧に袋詰めされた純米吟醸の酒粕です。 [純米吟醸酒] (米: 国産米, 精米: 非公開)
  👉 中島醸造株式会社: 4 件の新規SKUを深層クローリングにより追加登録
[504/1376] 🏭 ID 2149: 若葉株式会社 (岐阜県) - http://www.wakaba-sake.com/
    ✨ [新規SKU抽出] 特別本醸造若葉 [特別本醸造酒] (米: 国産米, 精米: 非公開)
    ✨ [新規SKU抽出] 梅酒の漬込みです。 [リキュール] (米: 国産米, 精米: 非公開)
    ✨ [新規SKU抽出] 若葉 特別本醸造 [特別本醸造酒] (米: 国産米, 精米: 非公開)
    ✨ [新規SKU抽出] 若葉 純米吟醸 [純米吟醸酒] (米: 国産米, 精米: 非公開)
    ✨ [新規SKU抽出] 純米酒本来の力強い飲み口、香り、コク [純米酒] (米: 国産米, 精米: 非公開)
  👉 若葉株式会社: 5 件の新規SKUを深層クローリングにより追加登録
[505/1376] 🏭 ID 2150: 千古乃岩酒造株式会社 (岐阜県) - http://www.chigonoiwa.com/
[506/1376] 🏭 ID 2151: 株式会社三千盛 (岐阜県) - http://www.michisakari.com/
    ✨ [新規SKU抽出] 夏季限定香るすずみさけ・アクティブスパークリング発売のご案内 [普通酒] (米: 国産米, 精米: 非公開)
    ✨ [新規SKU抽出] 春季限定香るしぼりたて発売のご案内 [普通酒] (米: 国産米, 精米: 非公開)
    ✨ [新規SKU抽出] 夏季限定三千盛 アクティブスパークリング [普通酒] (米: 国産米, 精米: 非公開)
    ✨ [新規SKU抽出] 華やかな香りと澄み切った味わい。後口には強いキレも感じられる純米大吟醸酒。 [純米大吟醸酒] (米: 国産米, 精米: 非公開)
    ✨ [新規SKU抽出] 三千盛　香すずみさけ　純米大吟醸酒 [純米大吟醸酒] (米: 国産米, 精米: 非公開)
    ✨ [新規SKU抽出] 三千盛 アクティブスパークリング [普通酒] (米: 国産米, 精米: 非公開)
    ✨ [新規SKU抽出] 醗酵により発生した炭酸ガスを瓶内に閉じ込めたスパークリング清酒 [普通酒] (米: 国産米, 精米: 非公開)
    ✨ [新規SKU抽出] シュワシュワ感とキレのある後口が楽しめる、からくちにごり酒です [普通酒] (米: 国産米, 精米: 非公開)
    ✨ [新規SKU抽出] 三千盛　アクティブスパークリング [普通酒] (米: 国産米, 精米: 非公開)
    ✨ [新規SKU抽出] 三千盛　アクティブスパークリング　純米大吟醸生酒 [純米大吟醸酒] (米: 国産米, 精米: 非公開)
    ✨ [新規SKU抽出] 三千盛　香るしぼりたて [普通酒] (米: 国産米, 精米: 非公開)
    ✨ [新規SKU抽出] しぼりたての旨みそのままに　とてもフレッシュな新酒 [普通酒] (米: 国産米, 精米: 非公開)
    ✨ [新規SKU抽出] 三千盛 純米大吟しぼりたて」をリニューアルしました。 [純米酒] (米: 国産米, 精米: 非公開)
    ✨ [新規SKU抽出] 純米大吟醸酒です。 [純米大吟醸酒] (米: 国産米, 精米: 非公開)
    ✨ [新規SKU抽出] 三千盛　酔むすび　純米大吟醸酒 [純米大吟醸酒] (米: 国産米, 精米: 非公開)
    ✨ [新規SKU抽出] 三千盛　純米大吟醸　最上神業物／Saijo-kamiwazamono [純米大吟醸酒] (米: 国産米, 精米: 非公開)
    ✨ [新規SKU抽出] 三千盛　純米大吟醸　最上大業物／Saijo-ohwazamono [純米大吟醸酒] (米: 国産米, 精米: 非公開)
    ✨ [新規SKU抽出] 三千盛　純米大吟醸　大業物／Ohwazamono [純米大吟醸酒] (米: 国産米, 精米: 非公開)
    ✨ [新規SKU抽出] 三千盛　純米大吟醸　業物/wazamono [純米大吟醸酒] (米: 国産米, 精米: 非公開)
    ✨ [新規SKU抽出] 三千盛　純米大吟醸古酒 [純米大吟醸酒] (米: 国産米, 精米: 非公開)
    ✨ [新規SKU抽出] 寒づくりの真っ最中に出来上がった風味豊かな純米大吟醸 [純米大吟醸酒] (米: 国産米, 精米: 非公開)
    ✨ [新規SKU抽出] しぼりたて生酒の豊かな香りとフレッシュ感が楽しめる [普通酒] (米: 国産米, 精米: 非公開)
    ✨ [新規SKU抽出] 燗で際立つ香りとからくち　キレのあるクリアな後口の吟醸酒 [吟醸酒] (米: 国産米, 精米: 非公開)
  👉 株式会社三千盛: 23 件の新規SKUを深層クローリングにより追加登録
[507/1376] 🏭 ID 2152: 林酒造株式会社 (岐阜県) - http://www.minotengu.co.jp/
    ✨ [新規SKU抽出] 美濃天狗　純米酒 [純米酒] (米: 国産米, 精米: 非公開)
    ✨ [新規SKU抽出] 美濃天狗　純米酒　1.8l×1 [純米酒] (米: 国産米, 精米: 非公開)
    ✨ [新規SKU抽出] 美濃天狗　純米吟醸　ひやおろし [純米吟醸酒] (米: 国産米, 精米: 非公開)
    ✨ [新規SKU抽出] 美濃天狗　純米大吟醸　羽崎(はざき-リストレット) [純米大吟醸酒] (米: 国産米, 精米: 非公開)
    ✨ [新規SKU抽出] プレミアム純米大吟醸 [純米大吟醸酒] (米: 国産米, 精米: 非公開)
    ✨ [新規SKU抽出] 美濃天狗　純米大吟醸　いひょうゑ(アルティメット28)斗瓶囲い [純米大吟醸酒] (米: 国産米, 精米: 非公開)
    ✨ [新規SKU抽出] 美濃天狗　大吟醸　かくれ里 [大吟醸酒] (米: 国産米, 精米: 非公開)
    ✨ [新規SKU抽出] 美濃天狗　純米大吟醸　大棟梁 [純米大吟醸酒] (米: 国産米, 精米: 非公開)
    ✨ [新規SKU抽出] 美濃天狗　吟醸・富輿　150年の歴史 [吟醸酒] (米: 国産米, 精米: 非公開)
    ✨ [新規SKU抽出] 美濃天狗　本醸造・富輿　林酒造150年の歴史 [本醸造酒] (米: 国産米, 精米: 非公開)
    ✨ [新規SKU抽出] 美濃天狗　大吟醸　鼻高々 [大吟醸酒] (米: 国産米, 精米: 非公開)
    ✨ [新規SKU抽出] 美濃天狗　夏酒　純米にごり酒　夏氷・白麹純米　祐(you) [純米酒] (米: 国産米, 精米: 非公開)
    ✨ [新規SKU抽出] 純米大吟醸「大棟梁」 [純米大吟醸酒] (米: 国産米, 精米: 非公開)
    ✨ [新規SKU抽出] 純米大吟醸酒。 [純米大吟醸酒] (米: 国産米, 精米: 非公開)
    ✨ [新規SKU抽出] と鼻に抜ける華やかな吟醸香。良いお酒です。 [吟醸酒] (米: 国産米, 精米: 非公開)
    ✨ [新規SKU抽出] 純米大吟醸「大棟梁」 → [純米大吟醸酒] (米: 国産米, 精米: 非公開)
    ✨ [新規SKU抽出] 大吟醸「鼻高々」 [大吟醸酒] (米: 国産米, 精米: 非公開)
    ✨ [新規SKU抽出] 贅沢だけど、合わせたのは「山田錦を35%まで精米した大吟醸酒 [大吟醸酒] (米: 山田錦, 精米: 35%)
    ✨ [新規SKU抽出] 甘辛い具に華やかな吟醸香はよく合います。 [吟醸酒] (米: 国産米, 精米: 非公開)
    ✨ [新規SKU抽出] 大吟醸「鼻高々」 → [大吟醸酒] (米: 国産米, 精米: 非公開)
    ✨ [新規SKU抽出] 美濃天狗　本醸造 [本醸造酒] (米: 国産米, 精米: 非公開)
    ✨ [新規SKU抽出] 美濃天狗　純米吟醸 [純米吟醸酒] (米: 国産米, 精米: 非公開)
  👉 林酒造株式会社: 22 件の新規SKUを深層クローリングにより追加登録
[508/1376] 🏭 ID 2154: はざま酒造株式会社 (岐阜県) - http://www.enasan.jp/
    ✨ [新規SKU抽出] 恵那山は穏やかに香るフルーツのような吟醸香。 [吟醸酒] (米: 国産米, 精米: 非公開)
    ✨ [新規SKU抽出] 恵那山 純米吟醸 [純米吟醸酒] (米: 国産米, 精米: 非公開)
    ✨ [新規SKU抽出] 恵那山 純米 吟醸 ひだほまれ [吟醸酒] (米: 国産米, 精米: 非公開)
    ✨ [新規SKU抽出] 恵那山 純米大吟醸 [純米大吟醸酒] (米: 国産米, 精米: 非公開)
  👉 はざま酒造株式会社: 4 件の新規SKUを深層クローリングにより追加登録
[509/1376] 🏭 ID 2155: 山内酒造株式会社 (岐阜県) - https://yamauchisyuzou.com/
    ✨ [新規SKU抽出] 春一番地 純米吟醸 [純米吟醸酒] (米: 国産米, 精米: 非公開)
    ✨ [新規SKU抽出] 小野櫻 特別純米酒 [特別純米酒] (米: 国産米, 精米: 非公開)
    ✨ [新規SKU抽出] しぼりたて無濾過生原酒 [普通酒] (米: 国産米, 精米: 非公開)
    ✨ [新規SKU抽出] ふかもり 純米吟醸 [純米吟醸酒] (米: 国産米, 精米: 非公開)
    ✨ [新規SKU抽出] 無濾過生原酒 [普通酒] (米: 国産米, 精米: 非公開)
  👉 山内酒造株式会社: 5 件の新規SKUを深層クローリングにより追加登録
[510/1376] 🏭 ID 2156: 有限会社大橋酒造 (岐阜県) - http://k-tsuru.com/
    ✨ [新規SKU抽出] 対象商品は、 [吟醸酒] (米: 国産米, 精米: 非公開)
    ✨ [新規SKU抽出] 秘伝の酒。含み香が高く、ふくらみのある『味吟醸』タイプ。 [吟醸酒] (米: 国産米, 精米: 非公開)
    ✨ [新規SKU抽出] 生酒 本醸造 [本醸造酒] (米: 国産米, 精米: 非公開)
    ✨ [新規SKU抽出] 本醸造生酒 [本醸造酒] (米: 国産米, 精米: 非公開)
    ✨ [新規SKU抽出] 笠置鶴　吟醸 [吟醸酒] (米: 国産米, 精米: 非公開)
    ✨ [新規SKU抽出] 笠置鶴 吟醸 [吟醸酒] (米: 国産米, 精米: 非公開)
    ✨ [新規SKU抽出] 笠置鶴 本醸造 [本醸造酒] (米: 国産米, 精米: 非公開)
    ✨ [新規SKU抽出] 酔むすび 純米吟醸 [純米吟醸酒] (米: 国産米, 精米: 非公開)
    ✨ [新規SKU抽出] 笠置鶴 本醸造 辛口 [本醸造酒] (米: 国産米, 精米: 非公開)
    ✨ [新規SKU抽出] 生酒 大吟醸 [大吟醸酒] (米: 国産米, 精米: 非公開)
    ✨ [新規SKU抽出] 生酒 本醸造 辛口 [本醸造酒] (米: 国産米, 精米: 非公開)
    ✨ [新規SKU抽出] 吟ひやおろし [普通酒] (米: 国産米, 精米: 非公開)
    ✨ [新規SKU抽出] 笠置鶴 初花（吟醸） [吟醸酒] (米: 国産米, 精米: 非公開)
    ✨ [新規SKU抽出] 笠置鶴 初花（本醸造） [本醸造酒] (米: 国産米, 精米: 非公開)
    ✨ [新規SKU抽出] 含み香が高く、ふくらみのある｢味吟醸」タイプ。 [吟醸酒] (米: 国産米, 精米: 非公開)
    ✨ [新規SKU抽出] 酒の芸術品。吟醸酒を味・香りとバランス良く配合。冷でも燗でも美味しいです。 [吟醸酒] (米: 国産米, 精米: 非公開)
    ✨ [新規SKU抽出] 笠置鶴　本醸造 [本醸造酒] (米: 国産米, 精米: 非公開)
    ✨ [新規SKU抽出] 酔むすび　純米吟醸 [純米吟醸酒] (米: 国産米, 精米: 非公開)
    ✨ [新規SKU抽出] 春から夏はよく冷えた生酒、秋は熟成されたひやおろし、冬は搾りたての新酒... [普通酒] (米: 国産米, 精米: 非公開)
    ✨ [新規SKU抽出] 生酒 大吟醸 ６本セット [大吟醸酒] (米: 国産米, 精米: 非公開)
    ✨ [新規SKU抽出] 生酒 本醸造 ６本セット [本醸造酒] (米: 国産米, 精米: 非公開)
    ✨ [新規SKU抽出] 生酒本醸造辛口６本セット [本醸造酒] (米: 国産米, 精米: 非公開)
    ✨ [新規SKU抽出] しゅわわせ気分（吟醸） [吟醸酒] (米: 国産米, 精米: 非公開)
    ✨ [新規SKU抽出] しゅわっと弾ける微発泡にごり吟醸酒をお楽しみください。 [吟醸酒] (米: 国産米, 精米: 非公開)
    ✨ [新規SKU抽出] 笠置鶴　初花（本醸造） [本醸造酒] (米: 国産米, 精米: 非公開)
    ✨ [新規SKU抽出] 笠置鶴　初花（ 吟醸 ） [吟醸酒] (米: 国産米, 精米: 非公開)
    ✨ [新規SKU抽出] 新米ひだほまれを吟醸仕込みししぼったままろ過せず瓶詰めした生酒。 [吟醸酒] (米: 国産米, 精米: 非公開)
  👉 有限会社大橋酒造: 27 件の新規SKUを深層クローリングにより追加登録
[511/1376] 🏭 ID 2157: 岩村醸造株式会社 (岐阜県) - http://www.torokko.co.jp/
    ✨ [新規SKU抽出] ��城主　辛口純米酒 1,800mL [純米酒] (米: 国産米, 精米: 非公開)
    ✨ [新規SKU抽出] 女城主 純米酒 [純米酒] (米: 国産米, 精米: 非公開)
    ✨ [新規SKU抽出] ��米大吟醸 酔むすび [大吟醸酒] (米: 国産米, 精米: 非公開)
    ✨ [新規SKU抽出] m幻の城 大吟醸 [大吟醸酒] (米: 国産米, 精米: 非公開)
    ✨ [新規SKU抽出] 幻の城 大吟醸 [大吟醸酒] (米: 国産米, 精米: 非公開)
    ✨ [新規SKU抽出] 幻の城 特別大吟醸 [大吟醸酒] (米: 国産米, 精米: 非公開)
    ✨ [新規SKU抽出] ゑなのほまれ 特別本醸造 [特別本醸造酒] (米: 国産米, 精米: 非公開)
    ✨ [新規SKU抽出] ゑなのほまれ 本醸造Light [本醸造酒] (米: 国産米, 精米: 非公開)
    ✨ [新規SKU抽出] 2025年11月30日販売開始ゑなのほまれ しぼりたて原酒 [普通酒] (米: 国産米, 精米: 非公開)
    ✨ [新規SKU抽出] リキュール／ノンアルコール [リキュール] (米: 国産米, 精米: 非公開)
    ✨ [新規SKU抽出] 女城主 梅酒 [リキュール] (米: 国産米, 精米: 非公開)
    ✨ [新規SKU抽出] > リキュール／ノンアルコールのご紹介 [リキュール] (米: 国産米, 精米: 非公開)
    ✨ [新規SKU抽出] 爽やかな柚子酒のリキュールをカップに詰めました。 [リキュール] (米: 国産米, 精米: 非公開)
    ✨ [新規SKU抽出] m幻の城 大吟醸 1800mL - 岩村醸造 [大吟醸酒] (米: 国産米, 精米: 非公開)
    ✨ [新規SKU抽出] 幻の城 特別大吟醸 希庵 1800mL - 岩村醸造 [大吟醸酒] (米: 国産米, 精米: 非公開)
    ✨ [新規SKU抽出] 幻の城 特別大吟醸 希庵 [大吟醸酒] (米: 国産米, 精米: 非公開)
    ✨ [新規SKU抽出] 女城主 純米酒 1800mL - 岩村醸造 [純米酒] (米: 国産米, 精米: 非公開)
    ✨ [新規SKU抽出] 優しく柔らかい味。香り穏やかな毎日の定番純米酒。 [純米酒] (米: 国産米, 精米: 非公開)
    ✨ [新規SKU抽出] ゑなのほまれ 本醸造Light 720mL - 岩村醸造 [本醸造酒] (米: 国産米, 精米: 非公開)
    ✨ [新規SKU抽出] ゑなのほまれ 本醸造 Light [本醸造酒] (米: 国産米, 精米: 非公開)
  👉 岩村醸造株式会社: 20 件の新規SKUを深層クローリングにより追加登録
[512/1376] 🏭 ID 2159: 恵那醸造株式会社福岡工場 (岐阜県) - http://www.kujiranami.jp/
[513/1376] 🏭 ID 2160: 川尻酒造場 (岐阜県) - http://www.hidamasamune.com/
    ✨ [新規SKU抽出] マサムネくんの梅酒 [リキュール] (米: 国産米, 精米: 非公開)
    ✨ [新規SKU抽出] おり酒 0.72ℓ、1.8ℓ完売御礼　→　おり酒特別純米0.72ℓ　販売中 [特別純米酒] (米: 国産米, 精米: 非公開)
    ✨ [新規SKU抽出] 特別純米酒山ひだ2024　販売中　　　特別純米酒山ひだ2017完売御礼 [特別純米酒] (米: 国産米, 精米: 非公開)
    ✨ [新規SKU抽出] 純米大吟醸2025年度新酒　販売中 [純米大吟醸酒] (米: 国産米, 精米: 非公開)
    ✨ [新規SKU抽出] マサムネくんの絶品!!!梅酒2023発売 [リキュール] (米: 国産米, 精米: 非公開)
  👉 川尻酒造場: 5 件の新規SKUを深層クローリングにより追加登録
[514/1376] 🏭 ID 2161: 二木酒造株式会社 (岐阜県) - http://www.niki-sake.com/
[515/1376] 🏭 ID 2162: 有限会社平瀬酒造店 (岐阜県) - http://www.kusudama.co.jp/
[516/1376] 🏭 ID 2163: 株式会社老田酒造店 (岐阜県) - http://www.onikorosi.com/
    ✨ [新規SKU抽出] 2025　飛騨自慢鬼ころし しぼりたて生酒 [普通酒] (米: 国産米, 精米: 非公開)
    ✨ [新規SKU抽出] 新発売‼「龍の瞳　純米酒」 [純米酒] (米: 国産米, 精米: 非公開)
    ✨ [新規SKU抽出] 純米大吟醸（無濾過生原酒） [純米大吟醸酒] (米: 国産米, 精米: 非公開)
    ✨ [新規SKU抽出] 飛騨自慢鬼ころし　しぼりたて生酒 [普通酒] (米: 国産米, 精米: 非公開)
    ✨ [新規SKU抽出] 本醸造（生酒） [本醸造酒] (米: 国産米, 精米: 非公開)
    ✨ [新規SKU抽出] 飛騨自慢鬼ころし  しぼりたて生酒 [普通酒] (米: 国産米, 精米: 非公開)
    ✨ [新規SKU抽出] 鬼ころし初しぼり生原酒 [普通酒] (米: 国産米, 精米: 非公開)
    ✨ [新規SKU抽出] 本醸造（生原酒） [本醸造酒] (米: 国産米, 精米: 非公開)
  👉 株式会社老田酒造店: 8 件の新規SKUを深層クローリングにより追加登録
[517/1376] 🏭 ID 2164: 有限会社舩坂酒造店 (岐阜県) - http://www.funasaka-shuzo.co.jp/
    ✨ [新規SKU抽出] しぼりたて生酒　純米吟醸深山菊　無濾過生原酒 [純米吟醸酒] (米: 国産米, 精米: 非公開)
    ✨ [新規SKU抽出] 深山菊 しぼりたて熟成酒 [普通酒] (米: 国産米, 精米: 非公開)
    ✨ [新規SKU抽出] ゆず酒 ゆず兵衛 [リキュール] (米: 国産米, 精米: 非公開)
    ✨ [新規SKU抽出] 大吟醸四ッ星 飛空高 -フェイクゥガォ- [大吟醸酒] (米: 国産米, 精米: 非公開)
    ✨ [新規SKU抽出] 大吟醸四ッ星 天-あま- [大吟醸酒] (米: 国産米, 精米: 非公開)
    ✨ [新規SKU抽出] 洗米 (吟醸) [吟醸酒] (米: 国産米, 精米: 非公開)
    ✨ [新規SKU抽出] 大吟醸酒 [大吟醸酒] (米: 国産米, 精米: 非公開)
    ✨ [新規SKU抽出] 一番の理由は、大吟醸酒や吟醸酒が秘めている [大吟醸酒] (米: 国産米, 精米: 非公開)
    ✨ [新規SKU抽出] 「フルーティーで華やかな香り（吟醸香）」を最大限に堪能できるから [吟醸酒] (米: 国産米, 精米: 非公開)
    ✨ [新規SKU抽出] 当蔵人気No.1「大吟醸 四ッ星」の美味しさの秘密とこだわり [大吟醸酒] (米: 国産米, 精米: 非公開)
    ✨ [新規SKU抽出] 「大吟醸 四ッ星（よつぼし）」 [大吟醸酒] (米: 国産米, 精米: 非公開)
    ✨ [新規SKU抽出] 1. 大吟醸 四ッ星 [大吟醸酒] (米: 国産米, 精米: 非公開)
    ✨ [新規SKU抽出] 大吟醸 四ッ星 商品ページへ [大吟醸酒] (米: 国産米, 精米: 非公開)
    ✨ [新規SKU抽出] 2. 純米大吟醸 杜氏平岡誠治 [純米大吟醸酒] (米: 国産米, 精米: 非公開)
    ✨ [新規SKU抽出] 純米大吟醸 杜氏平岡誠治 商品ページへ [純米大吟醸酒] (米: 国産米, 精米: 非公開)
    ✨ [新規SKU抽出] 3. 大吟醸 深山菊 [大吟醸酒] (米: 国産米, 精米: 非公開)
    ✨ [新規SKU抽出] 大吟醸 深山菊 商品ページへ [大吟醸酒] (米: 国産米, 精米: 非公開)
    ✨ [新規SKU抽出] 4. 純米吟醸 深山菊 [純米吟醸酒] (米: 国産米, 精米: 非公開)
    ✨ [新規SKU抽出] 純米吟醸 深山菊 [純米吟醸酒] (米: 国産米, 精米: 非公開)
    ✨ [新規SKU抽出] 5. 大吟醸 四ッ星 天（あま） [大吟醸酒] (米: 国産米, 精米: 非公開)
    ✨ [新規SKU抽出] 大吟醸 四ッ星 天 商品ページへ [大吟醸酒] (米: 国産米, 精米: 非公開)
    ✨ [新規SKU抽出] 大吟醸四ッ星 天 [大吟醸酒] (米: 国産米, 精米: 非公開)
    ✨ [新規SKU抽出] 2013･2016年　岐阜県新酒鑑評会　吟醸の部　岐阜県知事賞 [吟醸酒] (米: 国産米, 精米: 非公開)
    ✨ [新規SKU抽出] 2017年　岐阜県新酒鑑評会 吟醸酒部門　岐阜県議会議長賞 [吟醸酒] (米: 国産米, 精米: 非公開)
    ✨ [新規SKU抽出] 2017年　全国酒類コンクール　春季　大吟醸部門　第二位 [大吟醸酒] (米: 国産米, 精米: 非公開)
    ✨ [新規SKU抽出] 2018年　岐阜県新酒鑑評会　吟醸の部　岐阜県知事賞＆連合会長賞 [吟醸酒] (米: 国産米, 精米: 非公開)
    ✨ [新規SKU抽出] 2018年　名古屋国税局酒類鑑評会　吟醸酒の部　優等賞 [吟醸酒] (米: 国産米, 精米: 非公開)
    ✨ [新規SKU抽出] 2019年　ﾜｲﾝｸﾞﾗｽでおいしい日本酒ｱﾜｰﾄﾞ2019　大吟醸部門　金賞 [大吟醸酒] (米: 国産米, 精米: 非公開)
    ✨ [新規SKU抽出] 2017年　全国酒類コンクール　秋季　大吟醸部門　第二位 [大吟醸酒] (米: 国産米, 精米: 非公開)
    ✨ [新規SKU抽出] 2020年　岐阜県新酒鑑評会　吟醸の部　岐阜県議会議長賞＆連合会長賞 [吟醸酒] (米: 国産米, 精米: 非公開)
    ✨ [新規SKU抽出] 2020年　第69回名古屋国税局酒類鑑評会　吟醸酒部門　優等賞受賞 [吟醸酒] (米: 国産米, 精米: 非公開)
    ✨ [新規SKU抽出] 2021年　岐阜県新酒鑑評会　吟醸の部　連合会長賞 [吟醸酒] (米: 国産米, 精米: 非公開)
    ✨ [新規SKU抽出] 2022年　岐阜県新酒鑑評会　吟醸の部　岐阜県知事賞＆連合会長賞 [吟醸酒] (米: 国産米, 精米: 非公開)
    ✨ [新規SKU抽出] 2023年　岐阜県新酒鑑評会　吟醸の部　連合会長賞受賞 [吟醸酒] (米: 国産米, 精米: 非公開)
    ✨ [新規SKU抽出] 2023年　名古屋国税局酒類鑑評会　吟醸酒の部	優等賞 [吟醸酒] (米: 国産米, 精米: 非公開)
    ✨ [新規SKU抽出] 2024年　第31回 岐阜県新酒鑑評会 吟醸の部 岐阜県議会議長賞＆連合会長賞受賞 [吟醸酒] (米: 国産米, 精米: 非公開)
    ✨ [新規SKU抽出] 2024年　名古屋国税局酒類鑑評会　吟醸酒の部 優等賞 [吟醸酒] (米: 国産米, 精米: 非公開)
    ✨ [新規SKU抽出] しぼりたて生酒　深山菊 [普通酒] (米: 国産米, 精米: 非公開)
    ✨ [新規SKU抽出] 深山菊秘蔵 特別純米 [特別純米酒] (米: 国産米, 精米: 非公開)
    ✨ [新規SKU抽出] 本醸造 飛騨の甚五郎 爽酒 [本醸造酒] (米: 国産米, 精米: 非公開)
    ✨ [新規SKU抽出] 熱燗で美味しい純米酒 [純米酒] (米: 国産米, 精米: 非公開)
    ✨ [新規SKU抽出] ›
				吟醸 [吟醸酒] (米: 国産米, 精米: 非公開)
    ✨ [新規SKU抽出] 大吟醸四ッ星 宙-そら- [大吟醸酒] (米: 国産米, 精米: 非公開)
    ✨ [新規SKU抽出] 大吟醸四ッ星を中取りかつ、無濾過原酒にて瓶詰めした極めて生産本数が少ない一品。 [大吟醸酒] (米: 国産米, 精米: 非公開)
    ✨ [新規SKU抽出] 大吟醸 四ッ星 [大吟醸酒] (米: 国産米, 精米: 非公開)
    ✨ [新規SKU抽出] 夢を追い求め実現した理想の大吟醸酒。口当たりの良さ・濃厚さ・キレ・吟醸香の四重奏。 [大吟醸酒] (米: 国産米, 精米: 非公開)
    ✨ [新規SKU抽出] 純米大吟醸 杜氏平岡誠治 別誂 [純米大吟醸酒] (米: 国産米, 精米: 非公開)
    ✨ [新規SKU抽出] 純米大吟醸 杜氏平岡誠治 [純米大吟醸酒] (米: 国産米, 精米: 非公開)
    ✨ [新規SKU抽出] 大吟醸怜悧-れいり- [大吟醸酒] (米: 国産米, 精米: 非公開)
    ✨ [新規SKU抽出] 大吟醸 深山菊 [大吟醸酒] (米: 国産米, 精米: 非公開)
    ✨ [新規SKU抽出] 当店代表銘柄「深山菊」の大吟醸。華やかな味わい・喉越しスッキリ・キレの良い辛口。 [大吟醸酒] (米: 国産米, 精米: 非公開)
    ✨ [新規SKU抽出] 純金箔入り 大吟醸 [大吟醸酒] (米: 国産米, 精米: 非公開)
    ✨ [新規SKU抽出] 辛口大吟醸に純金箔を舞わせ、桐箱に納めたお祝いに贈りたい大吟醸。 [大吟醸酒] (米: 国産米, 精米: 非公開)
    ✨ [新規SKU抽出] しぼりたて生酒 純米吟醸深山菊 [純米吟醸酒] (米: 国産米, 精米: 非公開)
    ✨ [新規SKU抽出] しぼりたて生酒 純米吟醸深山菊 無濾過生原酒 [純米吟醸酒] (米: 国産米, 精米: 非公開)
    ✨ [新規SKU抽出] 中部国際空港免税店 限定酒「空乃酒蔵　大吟醸四ッ星」限定販売開始！！いたします [大吟醸酒] (米: 国産米, 精米: 非公開)
    ✨ [新規SKU抽出] 本醸造 飛騨の甚五郎 [本醸造酒] (米: 国産米, 精米: 非公開)
    ✨ [新規SKU抽出] しぼりたて生酒 深山菊 [普通酒] (米: 国産米, 精米: 非公開)
    ✨ [新規SKU抽出] ひやおろし [普通酒] (米: 国産米, 精米: 非公開)
  👉 有限会社舩坂酒造店: 59 件の新規SKUを深層クローリングにより追加登録
[518/1376] 🏭 ID 2165: 株式会社平田酒造場 (岐阜県) - http://hidanohana.com
[519/1376] 🏭 ID 2166: 有限会社原田酒造場 (岐阜県) - http://www.sansya.co.jp/
    ✨ [新規SKU抽出] 夏吟醸蔵出し一番 [吟醸酒] (米: 国産米, 精米: 非公開)
    ✨ [新規SKU抽出] 夏吟醸 蔵出し一番 [吟醸酒] (米: 国産米, 精米: 非公開)
    ✨ [新規SKU抽出] 純米吟醸超辛口 雷吟 [純米吟醸酒] (米: 国産米, 精米: 非公開)
    ✨ [新規SKU抽出] 無ろ過純米酒 純米上澄 [純米酒] (米: 国産米, 精米: 非公開)
    ✨ [新規SKU抽出] 爽やかフルーティーの「夏吟醸 蔵出し一番」 [吟醸酒] (米: 国産米, 精米: 非公開)
    ✨ [新規SKU抽出] 日本酒度+15のキレとスッキリした味わいのの「純米吟醸原酒 極み雷吟」 [純米吟醸酒] (米: 国産米, 精米: 非公開)
    ✨ [新規SKU抽出] 超激レア杜氏スペシャルブレンド純米大吟醸ベースの「Masters sake 夏」 [純米大吟醸酒] (米: 国産米, 精米: 非公開)
    ✨ [新規SKU抽出] 山車 純米大吟醸 花酵母造り [純米大吟醸酒] (米: 国産米, 精米: 非公開)
    ✨ [新規SKU抽出] 山車 純米吟醸 花酵母造り [純米吟醸酒] (米: 国産米, 精米: 非公開)
    ✨ [新規SKU抽出] 山車 最高峰セット（大吟醸 [純米大吟醸酒] (米: 国産米, 精米: 非公開)
    ✨ [新規SKU抽出] 純吟のみくらべセット（純米吟醸 [純米吟醸酒] (米: 国産米, 精米: 非公開)
    ✨ [新規SKU抽出] 純吟華やかセット（純米吟醸 [純米大吟醸酒] (米: 国産米, 精米: 非公開)
    ✨ [新規SKU抽出] 山車 特別本醸造 極天 [特別本醸造酒] (米: 国産米, 精米: 非公開)
    ✨ [新規SKU抽出] 山車 無ろ過純米酒 純米上澄 [純米酒] (米: 国産米, 精米: 非公開)
    ✨ [新規SKU抽出] 大吟醸クラスは袋搾りを行っています。 [大吟醸酒] (米: 国産米, 精米: 非公開)
    ✨ [新規SKU抽出] 特別純米セット（純米上澄 [特別純米酒] (米: 国産米, 精米: 非公開)
    ✨ [新規SKU抽出] 特別本醸造 極天 [特別本醸造酒] (米: 国産米, 精米: 非公開)
    ✨ [新規SKU抽出] 特別純米酒 手造り純米 [特別純米酒] (米: 国産米, 精米: 非公開)
    ✨ [新規SKU抽出] 純米吟醸 花酵母造り [純米吟醸酒] (米: 国産米, 精米: 非公開)
    ✨ [新規SKU抽出] 純米吟醸 花酵母造りの受賞歴 [純米吟醸酒] (米: 国産米, 精米: 非公開)
    ✨ [新規SKU抽出] 2017年 IWC（ｲﾝﾅｼｮﾅﾙﾜｲﾝﾁｬﾚﾝｼﾞ）純米大吟醸の部　大会推奨酒 [純米大吟醸酒] (米: 国産米, 精米: 非公開)
    ✨ [新規SKU抽出] 2017年 IWC（ｲﾝﾅｼｮﾅﾙﾜｲﾝﾁｬﾚﾝｼﾞ）純米吟醸の部 ブロンズメダル [純米吟醸酒] (米: 国産米, 精米: 非公開)
    ✨ [新規SKU抽出] 2016年 IWC（ｲﾝﾅｼｮﾅﾙﾜｲﾝﾁｬﾚﾝｼﾞ）純米吟醸の部 大会推奨酒 [純米吟醸酒] (米: 国産米, 精米: 非公開)
    ✨ [新規SKU抽出] 2014年 秋季全国酒類コンクール　純米吟醸の部　第1位 [純米吟醸酒] (米: 国産米, 精米: 非公開)
    ✨ [新規SKU抽出] 2013年 秋季全国酒類コンクール　純米吟醸の部　第2位 [純米吟醸酒] (米: 国産米, 精米: 非公開)
    ✨ [新規SKU抽出] 2012年 秋季全国酒類コンクール　純米吟醸の部　第1位 [純米吟醸酒] (米: 国産米, 精米: 非公開)
    ✨ [新規SKU抽出] 2011年 秋季全国酒類コンクール 純米吟醸＆大吟醸の部 第1位 [純米吟醸酒] (米: 国産米, 精米: 非公開)
    ✨ [新規SKU抽出] 2008年 秋季全国酒類コンクール 純米酒の部 優等賞 [純米酒] (米: 国産米, 精米: 非公開)
    ✨ [新規SKU抽出] 純米大吟醸 花酵母造り | 地酒通販│飛騨酒蔵 山車 [純米大吟醸酒] (米: 国産米, 精米: 非公開)
    ✨ [新規SKU抽出] 純米大吟醸 花酵母造り [純米大吟醸酒] (米: 国産米, 精米: 非公開)
    ✨ [新規SKU抽出] 厳選辛口セット（金印辛くち [純米吟醸酒] (米: 国産米, 精米: 非公開)
    ✨ [新規SKU抽出] 無ろ過吟醸原酒 飛騨の薫風 [吟醸酒] (米: 国産米, 精米: 非公開)
    ✨ [新規SKU抽出] 純米大吟醸生酒 花山車 [純米大吟醸酒] (米: 国産米, 精米: 非公開)
    ✨ [新規SKU抽出] 特別純米酒 蔵元秘蔵酒 [特別純米酒] (米: 国産米, 精米: 非公開)
    ✨ [新規SKU抽出] 超辛口純米吟醸原酒 極み雷吟 [純米吟醸酒] (米: 国産米, 精米: 非公開)
    ✨ [新規SKU抽出] 吟醸ひやおろし 花酵母造り [吟醸酒] (米: 国産米, 精米: 非公開)
    ✨ [新規SKU抽出] 無ろ過熟成吟醸原酒 熟吟 [吟醸酒] (米: 国産米, 精米: 非公開)
    ✨ [新規SKU抽出] 無ろ過生貯蔵吟醸原酒 瑞吟 [吟醸酒] (米: 国産米, 精米: 非公開)
    ✨ [新規SKU抽出] しぼりたて 花酵母造り [普通酒] (米: 国産米, 精米: 非公開)
    ✨ [新規SKU抽出] 大吟醸あべりあ [大吟醸酒] (米: 国産米, 精米: 非公開)
    ✨ [新規SKU抽出] 純米大吟醸生酒 花山車さくら [純米大吟醸酒] (米: 国産米, 精米: 非公開)
    ✨ [新規SKU抽出] 本格麦焼酎 山乃麦・山乃芋 [本格焼酎] (米: 国産米, 精米: 非公開)
  👉 有限会社原田酒造場: 42 件の新規SKUを深層クローリングにより追加登録
[520/1376] 🏭 ID 2167: 奥飛騨酒造株式会社 (岐阜県) - http://www.okuhida.co.jp/
    ✨ [新規SKU抽出] リキュール柚子・梅・林檎 [リキュール] (米: 国産米, 精米: 非公開)
    ✨ [新規SKU抽出] リキュールギフト [リキュール] (米: 国産米, 精米: 非公開)
    ✨ [新規SKU抽出] リキュール [リキュール] (米: 国産米, 精米: 非公開)
    ✨ [新規SKU抽出] 初緑  無濾過生原酒セット [普通酒] (米: 国産米, 精米: 非公開)
    ✨ [新規SKU抽出] 人気の緑ラベル・白ラベルの＜生原酒＞セット [普通酒] (米: 国産米, 精米: 非公開)
    ✨ [新規SKU抽出] 淡麗＆ゆず酒・ゆず胡椒セット [リキュール] (米: 国産米, 精米: 非公開)
    ✨ [新規SKU抽出] 夏にぴったり！すっきり淡麗辛口とゆず果汁たっぷりのゆず酒・ゆず胡椒をセットにしました [リキュール] (米: 国産米, 精米: 非公開)
    ✨ [新規SKU抽出] 毎年人気の麦焼酎徳利やその他贈り物にピッタリの商品を揃えております。 [本格焼酎] (米: 国産米, 精米: 非公開)
    ✨ [新規SKU抽出] 蔵元特製の酒粕ピザや甘酒、人気のリキュールセットもおすすめです [リキュール] (米: 国産米, 精米: 非公開)
    ✨ [新規SKU抽出] ”しぼりたて生酒”と”新酒純吟”の予約を開始しました！ [普通酒] (米: 国産米, 精米: 非公開)
    ✨ [新規SKU抽出] 吟醸香と米の旨味を感じて頂ける日本酒です。 [吟醸酒] (米: 国産米, 精米: 非公開)
    ✨ [新規SKU抽出] 奥飛騨酒造のリキュールの仲間にりんご酒が加わります♪ [リキュール] (米: 国産米, 精米: 非公開)
    ✨ [新規SKU抽出] 新酒初緑スパークリング [普通酒] (米: 国産米, 精米: 非公開)
    ✨ [新規SKU抽出] 〇スパークリング [普通酒] (米: 国産米, 精米: 非公開)
    ✨ [新規SKU抽出] 秋あがり純米吟醸 [純米吟醸酒] (米: 国産米, 精米: 非公開)
    ✨ [新規SKU抽出] 奥飛騨酒造の「吟醸PIZZA 酒粕チーズ」が” [吟醸酒] (米: 国産米, 精米: 非公開)
    ✨ [新規SKU抽出] 吟醸PIZZA [吟醸酒] (米: 国産米, 精米: 非公開)
    ✨ [新規SKU抽出] 今年新発売のゆず酒やうめ酒とチョコレートのセットや甘酒のセットなどをご用意しました！ [リキュール] (米: 国産米, 精米: 非公開)
    ✨ [新規SKU抽出] ＜予約開始＞新発売！！奥飛騨酒造初のリキュールが出来ました！。 [リキュール] (米: 国産米, 精米: 非公開)
    ✨ [新規SKU抽出] 柚子の名産地”岐阜県関市上之保産”の柚子を使用した「奥飛騨ゆず酒500ｍｌ」と [リキュール] (米: 国産米, 精米: 非公開)
    ✨ [新規SKU抽出] 「初緑 純米大吟醸」と「初緑 純米吟醸 美山錦」が金賞を受賞いたしました！ [純米大吟醸酒] (米: 美山錦, 精米: 非公開)
    ✨ [新規SKU抽出] 初緑 純米大吟醸 [純米大吟醸酒] (米: 国産米, 精米: 非公開)
    ✨ [新規SKU抽出] 「特撰 大吟醸 奥飛騨 [大吟醸酒] (米: 国産米, 精米: 非公開)
    ✨ [新規SKU抽出] 特撰 大吟醸 奥飛騨 [大吟醸酒] (米: 国産米, 精米: 非公開)
    ✨ [新規SKU抽出] 初緑スパークリング第一造り、好評につき完売しておりますが、4月上旬には [普通酒] (米: 国産米, 精米: 非公開)
    ✨ [新規SKU抽出] 初緑スパークリング [普通酒] (米: 国産米, 精米: 非公開)
    ✨ [新規SKU抽出] 大人気「初緑」の生原酒2種類の新酒が発売となりましたので、お知らせいたします！ [普通酒] (米: 国産米, 精米: 非公開)
    ✨ [新規SKU抽出] ・初緑 純米吟醸 無濾過生原酒（緑ラベル） [純米吟醸酒] (米: 国産米, 精米: 非公開)
    ✨ [新規SKU抽出] ・初緑 特別吟醸 無濾過生原酒（白ラベル） [吟醸酒] (米: 国産米, 精米: 非公開)
    ✨ [新規SKU抽出] 奥飛騨酒造でできた吟醸酒粕を使用したピザ2種類が発売となりました！ [吟醸酒] (米: 国産米, 精米: 非公開)
    ✨ [新規SKU抽出] 特撰純米大吟醸 奥飛騨 [純米大吟醸酒] (米: 国産米, 精米: 非公開)
    ✨ [新規SKU抽出] 大吟醸酒粕クリームチーズ [大吟醸酒] (米: 国産米, 精米: 非公開)
    ✨ [新規SKU抽出] 初緑斗瓶囲い大吟醸 [大吟醸酒] (米: 国産米, 精米: 非公開)
    ✨ [新規SKU抽出] 初緑 純米山廃仕込 [純米酒] (米: 国産米, 精米: 非公開)
    ✨ [新規SKU抽出] 特撰 純米大吟醸 奥飛騨 [純米大吟醸酒] (米: 国産米, 精米: 非公開)
    ✨ [新規SKU抽出] 吟醸酒粕ピザ [吟醸酒] (米: 国産米, 精米: 非公開)
    ✨ [新規SKU抽出] スパークリング [普通酒] (米: 国産米, 精米: 非公開)
    ✨ [新規SKU抽出] 初緑 純米吟醸 無濾過生原酒＜要冷蔵＞ [純米吟醸酒] (米: 国産米, 精米: 非公開)
    ✨ [新規SKU抽出] 奥飛騨　長期貯蔵麦焼酎 [本格焼酎] (米: 国産米, 精米: 非公開)
    ✨ [新規SKU抽出] 奥飛騨 特撰 純米吟醸 [純米吟醸酒] (米: 国産米, 精米: 非公開)
    ✨ [新規SKU抽出] 初緑 純米吟醸 無濾過生原酒 ＜要冷蔵＞ [純米吟醸酒] (米: 国産米, 精米: 非公開)
    ✨ [新規SKU抽出] 奥飛騨 ゆず酒 [リキュール] (米: 国産米, 精米: 非公開)
    ✨ [新規SKU抽出] 初緑 純米吟醸 無濾過原酒 ＜火入れ＞ [純米吟醸酒] (米: 国産米, 精米: 非公開)
    ✨ [新規SKU抽出] コラボ限定品SILENT HILL f x 奥飛騨 純米吟醸 [純米吟醸酒] (米: 国産米, 精米: 非公開)
    ✨ [新規SKU抽出] 夏季限定初緑 純米吟醸「夏」 [純米吟醸酒] (米: 国産米, 精米: 非公開)
  👉 奥飛騨酒造株式会社: 45 件の新規SKUを深層クローリングにより追加登録
[521/1376] 🏭 ID 2168: 天領酒造株式会社 (岐阜県) - http://www.tenryou.com/
    ✨ [新規SKU抽出] スパークリング [普通酒] (米: 国産米, 精米: 非公開)
    ✨ [新規SKU抽出] 大吟醸酒 [大吟醸酒] (米: 国産米, 精米: 非公開)
    ✨ [新規SKU抽出] 純米大吟醸酒 [純米大吟醸酒] (米: 国産米, 精米: 非公開)
    ✨ [新規SKU抽出] 純米吟醸酒 [純米吟醸酒] (米: 国産米, 精米: 非公開)
    ✨ [新規SKU抽出] 本醸造酒・普通酒 [本醸造酒] (米: 国産米, 精米: 非公開)
    ✨ [新規SKU抽出] スパークリング日本酒 [普通酒] (米: 国産米, 精米: 非公開)
    ✨ [新規SKU抽出] どぶろく [どぶろく] (米: 国産米, 精米: 非公開)
    ✨ [新規SKU抽出] リキュール・その他 [リキュール] (米: 国産米, 精米: 非公開)
    ✨ [新規SKU抽出] リキュール [リキュール] (米: 国産米, 精米: 非公開)
    ✨ [新規SKU抽出] どぶろく体験 [どぶろく] (米: 国産米, 精米: 非公開)
    ✨ [新規SKU抽出] 純米酒、飛騨の酒がコンセプトでした。 [純米酒] (米: 国産米, 精米: 非公開)
    ✨ [新規SKU抽出] 吟醸香のような華やかな香りはありませんが、食中酒として最適な酒質と言えます。 [吟醸酒] (米: 国産米, 精米: 非公開)
    ✨ [新規SKU抽出] 特別純米酒『飛切り』は字のごとく「飛切り上等」の意味。 [特別純米酒] (米: 国産米, 精米: 非公開)
    ✨ [新規SKU抽出] わが社では、吟醸系の香り豊かなお酒の醸造に使用しています。 [吟醸酒] (米: 国産米, 精米: 非公開)
    ✨ [新規SKU抽出] 平成 14 年 ： 優等賞（吟醸酒部門） [吟醸酒] (米: 国産米, 精米: 非公開)
    ✨ [新規SKU抽出] 平成 18 年 ： 優等賞（市販酒部門） 「飛切り」「本醸造 天領」 [本醸造酒] (米: 国産米, 精米: 非公開)
    ✨ [新規SKU抽出] 平成 19 年 ： 優等賞（市販酒部門） 「本醸造 天領」 [本醸造酒] (米: 国産米, 精米: 非公開)
    ✨ [新規SKU抽出] 平成 21 年 ： 優等賞（市販酒部門） 「大吟醸 天領」 [大吟醸酒] (米: 国産米, 精米: 非公開)
    ✨ [新規SKU抽出] 平成 22 年 ： 優等賞（市販酒部門） 「大吟醸 天領」「特選 天領」 [大吟醸酒] (米: 国産米, 精米: 非公開)
    ✨ [新規SKU抽出] 平成 23 年 ： 優等賞（市販酒部門） 「大吟醸 天領」「飛切り」 [大吟醸酒] (米: 国産米, 精米: 非公開)
    ✨ [新規SKU抽出] 平成 24 年 ： 優等賞（市販酒部門） 「大吟醸 天領」「本醸造 天領」 [大吟醸酒] (米: 国産米, 精米: 非公開)
    ✨ [新規SKU抽出] 平成 25 年 ： 優等賞（市販酒部門） 「大吟醸 天禄拝領」「本醸造 天領」 [大吟醸酒] (米: 国産米, 精米: 非公開)
    ✨ [新規SKU抽出] 平成 26 年 ： 優等賞（市販酒部門） 「大吟醸 天禄拝領」 [大吟醸酒] (米: 国産米, 精米: 非公開)
    ✨ [新規SKU抽出] 平成 27 年 ： 優等賞（市販酒部門） 「純米酒 天領」「本醸造 天領」 [本醸造酒] (米: 国産米, 精米: 非公開)
    ✨ [新規SKU抽出] 平成 28 年 ： 優等賞（市販酒部門） 「大吟醸 天禄拝領」「純米酒 天領」 [大吟醸酒] (米: 国産米, 精米: 非公開)
    ✨ [新規SKU抽出] 平成 29 年 ： 優等賞（市販酒部門） 「大吟醸 天禄拝領」「本醸造 天領」 [大吟醸酒] (米: 国産米, 精米: 非公開)
    ✨ [新規SKU抽出] 平成 30 年 ： 優等賞（市販酒部門） 「大吟醸 天禄拝領」「純米酒 天領」 [大吟醸酒] (米: 国産米, 精米: 非公開)
    ✨ [新規SKU抽出] 令和  元 年 ： 優等賞（市販酒部門） 「大吟醸 天禄拝領」 [大吟醸酒] (米: 国産米, 精米: 非公開)
    ✨ [新規SKU抽出] 令和   2 年 ： 優等賞（市販酒部門） 「純米大吟醸 天禄拝領」「本醸造 天領」 [純米大吟醸酒] (米: 国産米, 精米: 非公開)
    ✨ [新規SKU抽出] 平成 14 年 第   9 回 ： 岐阜県知事賞受賞（本醸造酒の部） [本醸造酒] (米: 国産米, 精米: 非公開)
    ✨ [新規SKU抽出] 平成 15 年 第 10 回 ： 岐阜県知事賞受賞（本醸造酒の部） [本醸造酒] (米: 国産米, 精米: 非公開)
    ✨ [新規SKU抽出] 平成 21 年 第 16 回 ： 岐阜県議会議長賞受賞（本醸造酒の部） [本醸造酒] (米: 国産米, 精米: 非公開)
    ✨ [新規SKU抽出] 平成 22 年 第 17 回 ： 岐阜県議会議長賞受賞（本醸造酒の部） [本醸造酒] (米: 国産米, 精米: 非公開)
    ✨ [新規SKU抽出] 平成 25 年 第 20 回 ： 岐阜県知事賞受賞（本醸造酒の部） [本醸造酒] (米: 国産米, 精米: 非公開)
    ✨ [新規SKU抽出] 平成 29 年 第 24 回 ： 岐阜県議会議長賞（純米酒の部） [純米酒] (米: 国産米, 精米: 非公開)
    ✨ [新規SKU抽出] 平成 30 年 第 25 回 ： 岐阜県議会議長賞（純米酒の部） [純米酒] (米: 国産米, 精米: 非公開)
    ✨ [新規SKU抽出] 令和   2 年 第 27 回 ： 岐阜県知事賞（本醸造酒の部） [本醸造酒] (米: 国産米, 精米: 非公開)
    ✨ [新規SKU抽出] 令和   3 年 第 28 回 ： 岐阜県議会議長賞（大吟醸の部） [大吟醸酒] (米: 国産米, 精米: 非公開)
    ✨ [新規SKU抽出] 令和   6 年 第 31 回 ： 岐阜県議会議長賞 本醸造　天涼 [本醸造酒] (米: 国産米, 精米: 非公開)
    ✨ [新規SKU抽出] 令和   6 年 第 31 回 ： 連合会長賞（純米吟醸酒の部、本醸造の部） [純米吟醸酒] (米: 国産米, 精米: 非公開)
    ✨ [新規SKU抽出] 2011年　金賞受賞「大吟醸 天禄拝領」 [大吟醸酒] (米: 国産米, 精米: 非公開)
    ✨ [新規SKU抽出] 2012年　金賞受賞「純米吟醸 ひだほまれ 天領」「大吟醸 天禄拝領」 [純米吟醸酒] (米: 国産米, 精米: 非公開)
    ✨ [新規SKU抽出] 2015年　最高金賞受賞「大吟醸 天禄拝領」 [大吟醸酒] (米: 国産米, 精米: 非公開)
    ✨ [新規SKU抽出] 2015年　金賞受賞「大吟醸 ひだほまれ天領」「大吟醸 吟」「純米大吟醸 天禄拝領」 [純米大吟醸酒] (米: 国産米, 精米: 非公開)
    ✨ [新規SKU抽出] 2018年　金賞受賞「純米吟醸 ひだほまれ天領」 [純米吟醸酒] (米: 国産米, 精米: 非公開)
    ✨ [新規SKU抽出] 2019年　金賞受賞「スパークリング日本酒 すますま」 [普通酒] (米: 国産米, 精米: 非公開)
    ✨ [新規SKU抽出] 2021年　金賞受賞「純米大吟醸 天禄拝領」 [純米大吟醸酒] (米: 国産米, 精米: 非公開)
    ✨ [新規SKU抽出] 2024年　金賞受賞「純米大吟醸 天禄拝領」 [純米大吟醸酒] (米: 国産米, 精米: 非公開)
    ✨ [新規SKU抽出] 2025年　最高金賞受賞「日野屋 ささにごり 純米吟醸無濾過生原酒」 [純米吟醸酒] (米: 国産米, 精米: 非公開)
    ✨ [新規SKU抽出] 2025年　金賞受賞「天領 斗瓶取り 大吟醸 H18」 [大吟醸酒] (米: 国産米, 精米: 非公開)
    ✨ [新規SKU抽出] 2026年　金賞受賞「純米大吟醸　天禄拝領」 [純米大吟醸酒] (米: 国産米, 精米: 非公開)
    ✨ [新規SKU抽出] 2011年　金賞受賞　「特別純米酒 飛切り」「純米酒 天領」 [特別純米酒] (米: 国産米, 精米: 非公開)
    ✨ [新規SKU抽出] 2019年　最高金賞　「特別純米酒 飛切り」 [特別純米酒] (米: 国産米, 精米: 非公開)
    ✨ [新規SKU抽出] 2020年　金賞受賞　「特別純米酒 飛切り」「純米吟醸 ひだほまれ 55」 [純米吟醸酒] (米: 国産米, 精米: 非公開)
    ✨ [新規SKU抽出] 2024年　金賞受賞　「特別純米酒 飛切り」 [特別純米酒] (米: 国産米, 精米: 非公開)
    ✨ [新規SKU抽出] 金賞「天禄拝領」クリスタルグラス賞「純米吟醸ひだほまれ天領」 [純米吟醸酒] (米: 国産米, 精米: 非公開)
    ✨ [新規SKU抽出] --最高賞--「純米大吟醸天領古酒」 [純米大吟醸酒] (米: 国産米, 精米: 非公開)
    ✨ [新規SKU抽出] --2賞同時受賞--「純米吟醸　ひだほまれ天領」 [純米吟醸酒] (米: 国産米, 精米: 非公開)
    ✨ [新規SKU抽出] 銅メダル 「スパークリング日本酒すますま」 [普通酒] (米: 国産米, 精米: 非公開)
    ✨ [新規SKU抽出] 2021 ： KURA MASTER2021 米焼酎部門　金賞受賞 「飛騨 米焼酎」 [本格焼酎] (米: 国産米, 精米: 非公開)
    ✨ [新規SKU抽出] 2011.9 ： 国内線ファーストクラスで「大吟醸 天領」が使用されました。 [大吟醸酒] (米: 国産米, 精米: 非公開)
    ✨ [新規SKU抽出] 2012.1 ： 国内線ファーストクラスで「大吟醸 天領」が使用されました。 [大吟醸酒] (米: 国産米, 精米: 非公開)
    ✨ [新規SKU抽出] 清酒（日本酒）・焼酎・リキュール・その他酒類の製造販売 [リキュール] (米: 国産米, 精米: 非公開)
  👉 天領酒造株式会社: 63 件の新規SKUを深層クローリングにより追加登録
[522/1376] 🏭 ID 2169: 有限会社渡辺酒造店 (岐阜県) - https://www.sake-hourai.co.jp/
    ✨ [新規SKU抽出] 蓬莱　生々　吟醸　伝統辛口 [吟醸酒] (米: 国産米, 精米: 非公開)
    ✨ [新規SKU抽出] 純米酒大賞金賞受賞 [純米酒] (米: 国産米, 精米: 非公開)
    ✨ [新規SKU抽出] 全国酒類コンクール本醸造部門　第1位グランプリ受賞 [本醸造酒] (米: 国産米, 精米: 非公開)
    ✨ [新規SKU抽出] 全国酒類コンクール純米吟醸部門　第1位グランプリ受賞 [純米吟醸酒] (米: 国産米, 精米: 非公開)
    ✨ [新規SKU抽出] 全国酒類コンクール純米大吟醸部門　第1位グランプリ受賞 [純米大吟醸酒] (米: 国産米, 精米: 非公開)
    ✨ [新規SKU抽出] 発酵完了直前のもろみをそのまま練りひいた蔵出し一番にごり酒。 [普通酒] (米: 国産米, 精米: 非公開)
    ✨ [新規SKU抽出] 夏のにごり酒 おんざろっく [普通酒] (米: 国産米, 精米: 非公開)
    ✨ [新規SKU抽出] 秋のにごり酒 とろとろとろ [普通酒] (米: 国産米, 精米: 非公開)
  👉 有限会社渡辺酒造店: 8 件の新規SKUを深層クローリングにより追加登録
[523/1376] 🏭 ID 2170: 有限会社蒲酒造場 (岐阜県) - https://www.yancha.com/
    ✨ [新規SKU抽出] 純米吟醸 飛騨の涼風 [純米吟醸酒] (米: 国産米, 精米: 非公開)
    ✨ [新規SKU抽出] 白真弓 純米吟醸 ひだほまれ [純米吟醸酒] (米: 国産米, 精米: 非公開)
    ✨ [新規SKU抽出] 純米吟醸生ひだほまれ中取り [純米吟醸酒] (米: 国産米, 精米: 非公開)
    ✨ [新規SKU抽出] スパークリング清酒 Janpan [普通酒] (米: 国産米, 精米: 非公開)
    ✨ [新規SKU抽出] 白真弓 特別純米ひだほまれ [特別純米酒] (米: 国産米, 精米: 非公開)
    ✨ [新規SKU抽出] 季節に合わせ冷やから燗で食中酒としてお楽しみいただける純米酒です。 [純米酒] (米: 国産米, 精米: 非公開)
    ✨ [新規SKU抽出] ほのかな吟醸香。しっかり厚みがあるのに軽く洗練された味わいについつい盃がすすみます。 [吟醸酒] (米: 国産米, 精米: 非公開)
  👉 有限会社蒲酒造場: 7 件の新規SKUを深層クローリングにより追加登録
[524/1376] 🏭 ID 2171: 有限会社大坪酒造店 (岐阜県) - http://www.hida-ootsubo.com
    ✨ [新規SKU抽出] 「大吟醸神代上澄」「にごり酒 冬ごもり」ほか、様々な季節限定のお酒を紹介します。 [大吟醸酒] (米: 国産米, 精米: 非公開)
    ✨ [新規SKU抽出] 大吟醸 神代 上澄 [大吟醸酒] (米: 国産米, 精米: 非公開)
    ✨ [新規SKU抽出] 本醸造 にごり酒 冬ごもり [本醸造酒] (米: 国産米, 精米: 非公開)
    ✨ [新規SKU抽出] まろやかで甘みのある、濃醇甘口のにごり酒です。 [普通酒] (米: 国産米, 精米: 非公開)
    ✨ [新規SKU抽出] 本醸造 大寒しぼり 生酒 [本醸造酒] (米: 国産米, 精米: 非公開)
    ✨ [新規SKU抽出] すっきりと芳醇な甘味特徴的なにごり酒。 [普通酒] (米: 国産米, 精米: 非公開)
    ✨ [新規SKU抽出] 大吟醸 神代 上澄 生酒 [大吟醸酒] (米: 国産米, 精米: 非公開)
    ✨ [新規SKU抽出] また、梅酒作りなどに使用することもでき、日本酒の旨さも楽しめる上質な梅酒ができます。 [リキュール] (米: 国産米, 精米: 非公開)
  👉 有限会社大坪酒造店: 8 件の新規SKUを深層クローリングにより追加登録
[525/1376] 🏭 ID 2240: 株式会社久世酒造店 (石川県) - http://www.choseimai.co.jp/
    ✨ [新規SKU抽出] 長生舞特別純米酒 [特別純米酒] (米: 国産米, 精米: 非公開)
    ✨ [新規SKU抽出] 長生舞石川門純米吟醸 [純米吟醸酒] (米: 国産米, 精米: 非公開)
    ✨ [新規SKU抽出] 能登路特別純米酒 [特別純米酒] (米: 国産米, 精米: 非公開)
    ✨ [新規SKU抽出] 能登路大吟醸 [大吟醸酒] (米: 国産米, 精米: 非公開)
    ✨ [新規SKU抽出] 能登路純米吟醸 [純米吟醸酒] (米: 国産米, 精米: 非公開)
    ✨ [新規SKU抽出] 能登路純米吟醸三年古酒 [純米吟醸酒] (米: 国産米, 精米: 非公開)
    ✨ [新規SKU抽出] 長生舞・能登路特別純米酒飲み比べセット　720mL　E [特別純米酒] (米: 国産米, 精米: 非公開)
    ✨ [新規SKU抽出] 秋の限定酒ひやおろし販売はじまりました。 [普通酒] (米: 国産米, 精米: 非公開)
    ✨ [新規SKU抽出] ひやおろしページは、こちら [普通酒] (米: 国産米, 精米: 非公開)
  👉 株式会社久世酒造店: 9 件の新規SKUを深層クローリングにより追加登録
[526/1376] 🏭 ID 2242: 株式会社福光屋 (石川県) - http://www.fukumitsuya.co.jp
    ✨ [新規SKU抽出] 純米酒ができるまで [純米酒] (米: 国産米, 精米: 非公開)
    ✨ [新規SKU抽出] 「優等賞 加賀鳶 純米大吟醸46 百万石乃白」6月10日(水)新発売のお知らせ [純米大吟醸酒] (米: 百万石乃白, 精米: 非公開)
    ✨ [新規SKU抽出] 優等賞 加賀鳶 純米大吟醸46 百万石乃白 [純米大吟醸酒] (米: 百万石乃白, 精米: 非公開)
    ✨ [新規SKU抽出] 飄々 古々酒 純米吟醸 [純米吟醸酒] (米: 国産米, 精米: 非公開)
    ✨ [新規SKU抽出] 堂々 山廃純米 [純米酒] (米: 国産米, 精米: 非公開)
    ✨ [新規SKU抽出] IWC2022 SAKE部門 純米酒の部 ゴールドメダル受賞 [純米酒] (米: 国産米, 精米: 非公開)
    ✨ [新規SKU抽出] 2021年度 Kura Master 日本酒コンクール 純米酒部門 プラチナ賞受賞 [純米酒] (米: 国産米, 精米: 非公開)
    ✨ [新規SKU抽出] 悠々 特別純米 [特別純米酒] (米: 国産米, 精米: 非公開)
    ✨ [新規SKU抽出] 2019年度 Kura Master 日本酒コンクール 純米酒部門 金賞受賞 [純米酒] (米: 国産米, 精米: 非公開)
    ✨ [新規SKU抽出] GOLD 純米吟醸 純金箔入 [純米吟醸酒] (米: 国産米, 精米: 非公開)
    ✨ [新規SKU抽出] DRY 純米吟醸 [純米吟醸酒] (米: 国産米, 精米: 非公開)
  👉 株式会社福光屋: 11 件の新規SKUを深層クローリングにより追加登録
[527/1376] 🏭 ID 2243: 中村酒造株式会社 (石川県) - http://www.nakamura-shuzou.co.jp
    ✨ [新規SKU抽出] 「金澤中村屋 夏の生酒 純米吟醸 生原酒」 発売のお知らせ　（2026年5月21日） [純米吟醸酒] (米: 国産米, 精米: 非公開)
    ✨ [新規SKU抽出] 有機純米酒AKIRA 画像 [純米酒] (米: 国産米, 精米: 非公開)
    ✨ [新規SKU抽出] 金沢梅酒 梅里 画像 [リキュール] (米: 国産米, 精米: 非公開)
    ✨ [新規SKU抽出] 金沢梅酒 梅里 [リキュール] (米: 国産米, 精米: 非公開)
    ✨ [新規SKU抽出] また、有機純米酒AKIRAは世界各地で有機認証されている日本酒です。 [純米酒] (米: 国産米, 精米: 非公開)
    ✨ [新規SKU抽出] 純米大吟醸酒 [純米大吟醸酒] (米: 国産米, 精米: 非公開)
    ✨ [新規SKU抽出] 大吟醸酒 [大吟醸酒] (米: 国産米, 精米: 非公開)
    ✨ [新規SKU抽出] 純米吟醸酒 [純米吟醸酒] (米: 国産米, 精米: 非公開)
    ✨ [新規SKU抽出] 本醸造酒 [本醸造酒] (米: 国産米, 精米: 非公開)
    ✨ [新規SKU抽出] 大吟醸 日榮歳盛 [大吟醸酒] (米: 国産米, 精米: 非公開)
    ✨ [新規SKU抽出] 日榮 純米大吟醸 [純米大吟醸酒] (米: 国産米, 精米: 非公開)
    ✨ [新規SKU抽出] 日榮 加賀金箔入 金彩 純米酒 [純米酒] (米: 国産米, 精米: 非公開)
    ✨ [新規SKU抽出] 日榮 純米吟醸 石川門 [純米吟醸酒] (米: 国産米, 精米: 非公開)
    ✨ [新規SKU抽出] 日榮 吟醸生貯蔵酒 [吟醸酒] (米: 国産米, 精米: 非公開)
    ✨ [新規SKU抽出] 日榮 本醸造 榮 [本醸造酒] (米: 国産米, 精米: 非公開)
    ✨ [新規SKU抽出] 加賀大吟醸セット [大吟醸酒] (米: 国産米, 精米: 非公開)
    ✨ [新規SKU抽出] 2/12発売兼六桜 純米にごり酒 [純米酒] (米: 国産米, 精米: 非公開)
    ✨ [新規SKU抽出] 1/21発売数量限定金澤中村屋しぼりたてセット [普通酒] (米: 国産米, 精米: 非公開)
    ✨ [新規SKU抽出] 猩々 純米酒 [純米酒] (米: 国産米, 精米: 非公開)
    ✨ [新規SKU抽出] 猩々 純米酒 ひやおろし [純米酒] (米: 国産米, 精米: 非公開)
  👉 中村酒造株式会社: 20 件の新規SKUを深層クローリングにより追加登録
[528/1376] 🏭 ID 2244: やちや酒造株式会社 (石川県) - http://www.yachiya-sake.co.jp/
    ✨ [新規SKU抽出] リキュール [リキュール] (米: 国産米, 精米: 非公開)
    ✨ [新規SKU抽出] 2013 吟醸酒部門　第一位 [吟醸酒] (米: 国産米, 精米: 非公開)
    ✨ [新規SKU抽出] 「前田利家公　特別純米」がプレミアム熱燗部門で最高金賞を受賞 [特別純米酒] (米: 国産米, 精米: 非公開)
    ✨ [新規SKU抽出] で、「前田利家公　特別純米」がプレミアム熱燗部門で最高金賞を受賞しました。 [特別純米酒] (米: 国産米, 精米: 非公開)
    ✨ [新規SKU抽出] ・加賀鶴　梅酒　日本酒仕込 [リキュール] (米: 国産米, 精米: 非公開)
    ✨ [新規SKU抽出] ・ＫＡＧＡ鶴　純米吟醸 [純米吟醸酒] (米: 国産米, 精米: 非公開)
    ✨ [新規SKU抽出] ネットショップ本醸造 [本醸造酒] (米: 国産米, 精米: 非公開)
    ✨ [新規SKU抽出] 加賀鶴 純米酒「石川門」 [純米酒] (米: 国産米, 精米: 非公開)
    ✨ [新規SKU抽出] 加賀鶴 「純米吟醸 金沢」 [純米吟醸酒] (米: 国産米, 精米: 非公開)
    ✨ [新規SKU抽出] 加賀鶴 特別純米酒「前田利家公」 [特別純米酒] (米: 国産米, 精米: 非公開)
    ✨ [新規SKU抽出] 加賀鶴「梅酒」 [リキュール] (米: 国産米, 精米: 非公開)
    ✨ [新規SKU抽出] 加賀百万石の城下町「金沢」で育まれた地酒蔵が、日本酒で造った梅酒 [リキュール] (米: 国産米, 精米: 非公開)
    ✨ [新規SKU抽出] 加賀鶴　純米酒　上撰 [純米酒] (米: 国産米, 精米: 非公開)
    ✨ [新規SKU抽出] 酒米の持つ旨味を活かしたマイルドな口当たりのお酒です。お燗でも美味しい純米酒です。 [純米酒] (米: 国産米, 精米: 非公開)
    ✨ [新規SKU抽出] ネットショップ純米酒 [純米酒] (米: 国産米, 精米: 非公開)
    ✨ [新規SKU抽出] 加賀鶴「純米酒 上撰」 [純米酒] (米: 国産米, 精米: 非公開)
    ✨ [新規SKU抽出] 加賀鶴「純金の舞」（金箔入純米酒） [純米酒] (米: 国産米, 精米: 非公開)
    ✨ [新規SKU抽出] 米の旨みを生きた純米酒に、金沢名産の純金箔が入ったお酒です。 [純米酒] (米: 国産米, 精米: 非公開)
    ✨ [新規SKU抽出] 加賀鶴　純米酒「石川門」 [純米酒] (米: 国産米, 精米: 非公開)
    ✨ [新規SKU抽出] （1）特別純米 [特別純米酒] (米: 国産米, 精米: 非公開)
    ✨ [新規SKU抽出] （2）純米吟醸 [純米吟醸酒] (米: 国産米, 精米: 非公開)
    ✨ [新規SKU抽出] （3）吟醸酒 [吟醸酒] (米: 国産米, 精米: 非公開)
    ✨ [新規SKU抽出] （4）大吟醸 [大吟醸酒] (米: 国産米, 精米: 非公開)
    ✨ [新規SKU抽出] （5）特別本醸造 [特別本醸造酒] (米: 国産米, 精米: 非公開)
    ✨ [新規SKU抽出] ネットショップ純米吟醸 [純米吟醸酒] (米: 国産米, 精米: 非公開)
    ✨ [新規SKU抽出] 加賀百万石の城下町「金沢」で育まれた地酒蔵が、日本酒で造った梅酒です。 [リキュール] (米: 国産米, 精米: 非公開)
    ✨ [新規SKU抽出] 加賀鶴「純米吟醸」 [純米吟醸酒] (米: 国産米, 精米: 非公開)
    ✨ [新規SKU抽出] 加賀鶴「純米吟醸 金沢」 [純米吟醸酒] (米: 国産米, 精米: 非公開)
    ✨ [新規SKU抽出] 加賀鶴「利家とまつ 吟醸純米」 [吟醸酒] (米: 国産米, 精米: 非公開)
    ✨ [新規SKU抽出] ほのかな吟醸香と酒米の旨みが調和したコクのあるお酒です。 [吟醸酒] (米: 国産米, 精米: 非公開)
  👉 やちや酒造株式会社: 30 件の新規SKUを深層クローリングにより追加登録
[529/1376] 🏭 ID 2245: 株式会社金谷酒造店 (石川県) - http://www.hakusan-takasago.jp/
    ✨ [新規SKU抽出] 本醸造高砂 [本醸造酒] (米: 国産米, 精米: 非公開)
  👉 株式会社金谷酒造店: 1 件の新規SKUを深層クローリングにより追加登録
[530/1376] 🏭 ID 2246: 菊姫合資会社 (石川県) - http://www.kikuhime.co.jp
    ✨ [新規SKU抽出] ■大吟醸 [大吟醸酒] (米: 国産米, 精米: 非公開)
    ✨ [新規SKU抽出] ■Ｂ・Ｙ大吟醸 [大吟醸酒] (米: 国産米, 精米: 非公開)
    ✨ [新規SKU抽出] ■山廃吟醸原酒 [吟醸酒] (米: 国産米, 精米: 非公開)
    ✨ [新規SKU抽出] ■山廃吟醸 [吟醸酒] (米: 国産米, 精米: 非公開)
    ✨ [新規SKU抽出] ■山廃純米 [純米酒] (米: 国産米, 精米: 非公開)
    ✨ [新規SKU抽出] ■にごり酒 [普通酒] (米: 国産米, 精米: 非公開)
    ✨ [新規SKU抽出] ■菊姫吟醸　※冷酒のみ [吟醸酒] (米: 国産米, 精米: 非公開)
    ✨ [新規SKU抽出] ■山廃純米 呑切原酒　※冷酒のみ、夏季限定 [純米酒] (米: 国産米, 精米: 非公開)
    ✨ [新規SKU抽出] 米焼酎（菊姫酒造） [本格焼酎] (米: 国産米, 精米: 非公開)
    ✨ [新規SKU抽出] ◇菊姫吟醸 [吟醸酒] (米: 国産米, 精米: 非公開)
    ✨ [新規SKU抽出] ◇山廃純米 [純米酒] (米: 国産米, 精米: 非公開)
    ✨ [新規SKU抽出] 菊姫の純米酒三種類を飲み比べるセット。 [純米酒] (米: 国産米, 精米: 非公開)
    ✨ [新規SKU抽出] 純米酒のよさを、比べながら楽しんでみられませんか。 [純米酒] (米: 国産米, 精米: 非公開)
    ✨ [新規SKU抽出] 吟醸酒 | 酒亭 菊姫 [吟醸酒] (米: 国産米, 精米: 非公開)
    ✨ [新規SKU抽出] 吟醸酒を洗練させていくこと心血を注ぎ込んだ、これ以上は無いと言えるお酒です。 [吟醸酒] (米: 国産米, 精米: 非公開)
    ✨ [新規SKU抽出] 菊姫を代表する吟醸酒。 [吟醸酒] (米: 国産米, 精米: 非公開)
    ✨ [新規SKU抽出] B-Y 大吟醸 [大吟醸酒] (米: 国産米, 精米: 非公開)
    ✨ [新規SKU抽出] その年に造られた大吟醸で、香り、味に若々しさがあります。 [大吟醸酒] (米: 国産米, 精米: 非公開)
    ✨ [新規SKU抽出] その年ごとの新しい大吟醸がお楽しみ頂けます [大吟醸酒] (米: 国産米, 精米: 非公開)
    ✨ [新規SKU抽出] 山廃吟醸原酒 [吟醸酒] (米: 国産米, 精米: 非公開)
    ✨ [新規SKU抽出] 山廃吟醸 [吟醸酒] (米: 国産米, 精米: 非公開)
    ✨ [新規SKU抽出] 優しい味わいの中に隠された深い味わい、大吟醸同様に仕込まれたまろやかな吟醸酒です。 [大吟醸酒] (米: 国産米, 精米: 非公開)
    ✨ [新規SKU抽出] 純米酒 | 酒亭 菊姫 [純米酒] (米: 国産米, 精米: 非公開)
    ✨ [新規SKU抽出] 菊姫純米酒の最高峰に位置するお酒です。 [純米酒] (米: 国産米, 精米: 非公開)
    ✨ [新規SKU抽出] 山廃純米 [純米酒] (米: 国産米, 精米: 非公開)
    ✨ [新規SKU抽出] 戦後、初めて菊姫が蘇らせた、伝統の手法（山廃酒母）による純米酒。 [純米酒] (米: 国産米, 精米: 非公開)
    ✨ [新規SKU抽出] 柔らかな米の旨み・甘味を持った、優しい味わいが魅力の純米酒です。 [純米酒] (米: 国産米, 精米: 非公開)
    ✨ [新規SKU抽出] 「夏だけの特別な一本。「山廃純米 呑切原酒」本日蔵出し！ [純米酒] (米: 国産米, 精米: 非公開)
    ✨ [新規SKU抽出] 菊姫吟醸 [吟醸酒] (米: 国産米, 精米: 非公開)
    ✨ [新規SKU抽出] 山廃純米呑切原酒 [純米酒] (米: 国産米, 精米: 非公開)
  👉 菊姫合資会社: 30 件の新規SKUを深層クローリングにより追加登録
[531/1376] 🏭 ID 2247: 株式会社小堀酒造店 (石川県) - http://www.manzairaku.co.jp
    ✨ [新規SKU抽出] 石川県で日本酒・地酒・梅酒なら萬歳楽 [リキュール] (米: 国産米, 精米: 非公開)
    ✨ [新規SKU抽出] 百万石乃白　純米大吟醸 [純米大吟醸酒] (米: 百万石乃白, 精米: 非公開)
    ✨ [新規SKU抽出] 大吟醸 隠し酒 [大吟醸酒] (米: 国産米, 精米: 非公開)
    ✨ [新規SKU抽出] 加賀梅酒 スパークリング [リキュール] (米: 国産米, 精米: 非公開)
    ✨ [新規SKU抽出] 日本酒はもちろん人気の加賀梅酒まで、 [リキュール] (米: 国産米, 精米: 非公開)
  👉 株式会社小堀酒造店: 5 件の新規SKUを深層クローリングにより追加登録
[532/1376] 🏭 ID 2248: 株式会社車多酒造 (石川県) - http://www.tengumai.co.jp
    ✨ [新規SKU抽出] 梅酒・焼酎・その他の醸造酒 [リキュール] (米: 国産米, 精米: 非公開)
    ✨ [新規SKU抽出] 伝統の山廃仕込 [普通酒] (米: 国産米, 精米: 非公開)
    ✨ [新規SKU抽出] 天狗舞では、多くの日本酒を山廃仕込(山卸し廃止酒母)で醸しています。 [普通酒] (米: 国産米, 精米: 非公開)
    ✨ [新規SKU抽出] 山廃仕込純米酒 [純米酒] (米: 国産米, 精米: 非公開)
    ✨ [新規SKU抽出] COMON(コモン)特別純米 [特別純米酒] (米: 国産米, 精米: 非公開)
    ✨ [新規SKU抽出] 石蔵仕込 山廃仕込純米酒（ＧＩ醸す白山） [純米酒] (米: 国産米, 精米: 非公開)
    ✨ [新規SKU抽出] 純米大吟醸50 [純米大吟醸酒] (米: 国産米, 精米: 非公開)
    ✨ [新規SKU抽出] 純米吟醸　文政六年（ＧＩ白山） [純米吟醸酒] (米: 国産米, 精米: 非公開)
    ✨ [新規SKU抽出] 金沢酵母仕込 純米大吟醸 [純米大吟醸酒] (米: 国産米, 精米: 非公開)
    ✨ [新規SKU抽出] COMON(コモン)特別純米 | 天狗舞ができるまで 日本酒といえば地酒 天狗舞 [特別純米酒] (米: 国産米, 精米: 非公開)
    ✨ [新規SKU抽出] 古古酒純米大吟醸 [純米大吟醸酒] (米: 国産米, 精米: 非公開)
    ✨ [新規SKU抽出] 山廃純米にごり [純米酒] (米: 国産米, 精米: 非公開)
    ✨ [新規SKU抽出] 梅酒・焼酎・その他の醸造酒 | 天狗舞ができるまで 日本酒といえば地酒 天狗舞 [リキュール] (米: 国産米, 精米: 非公開)
    ✨ [新規SKU抽出] GRAND-LUXE UMESHU<br />（グランリュクス 梅酒） [リキュール] (米: 国産米, 精米: 非公開)
    ✨ [新規SKU抽出] （グランリュクス 梅酒） [リキュール] (米: 国産米, 精米: 非公開)
    ✨ [新規SKU抽出] 次郎冠者（じろうかじゃ）本格焼酎 [本格焼酎] (米: 国産米, 精米: 非公開)
  👉 株式会社車多酒造: 16 件の新規SKUを深層クローリングにより追加登録
[533/1376] 🏭 ID 2249: 株式会社吉田酒造店 (石川県) - https://tedorigawa.com/
    ✨ [新規SKU抽出] 手取川 純米大吟醸 万華鏡 [純米大吟醸酒] (米: 国産米, 精米: 非公開)
    ✨ [新規SKU抽出] 手取川 大吟醸 名流 [大吟醸酒] (米: 国産米, 精米: 非公開)
    ✨ [新規SKU抽出] 麹、掛米共に山田錦使用。低温で半年以上熟成させた大吟醸。 [大吟醸酒] (米: 山田錦, 精米: 非公開)
    ✨ [新規SKU抽出] 手取川 純米大吟醸 [純米大吟醸酒] (米: 国産米, 精米: 非公開)
    ✨ [新規SKU抽出] 手取川 純米大吟醸 本流 [純米大吟醸酒] (米: 国産米, 精米: 非公開)
    ✨ [新規SKU抽出] 手取川 山廃純米吟醸 石川県内限定 [純米吟醸酒] (米: 国産米, 精米: 非公開)
    ✨ [新規SKU抽出] 手取川 山廃仕込 純米酒 [純米酒] (米: 国産米, 精米: 非公開)
    ✨ [新規SKU抽出] 手取川 純米酒 名流 大辛口 [純米酒] (米: 国産米, 精米: 非公開)
    ✨ [新規SKU抽出] 手取川 純米酒  niji [純米酒] (米: 国産米, 精米: 非公開)
    ✨ [新規SKU抽出] 手取川 大吟醸生酒 あらばしり [大吟醸酒] (米: 国産米, 精米: 非公開)
    ✨ [新規SKU抽出] 手取川 大吟醸  hoshi [大吟醸酒] (米: 国産米, 精米: 非公開)
    ✨ [新規SKU抽出] 吟醸香と爽やかさ、フレッシュさがお楽しみ頂ける、一切火入れしない「生酒」です。 [吟醸酒] (米: 国産米, 精米: 非公開)
    ✨ [新規SKU抽出] 手取川 純米吟醸 [純米吟醸酒] (米: 国産米, 精米: 非公開)
    ✨ [新規SKU抽出] 手取川 純米吟醸 生原酒 石川門 [純米吟醸酒] (米: 国産米, 精米: 非公開)
    ✨ [新規SKU抽出] 手取川 純米大吟醸 生原酒 [純米大吟醸酒] (米: 国産米, 精米: 非公開)
    ✨ [新規SKU抽出] 手取川 山廃仕込純米酒ひやおろし [純米酒] (米: 国産米, 精米: 非公開)
    ✨ [新規SKU抽出] 手取川 純米大吟醸 ひやおろし [純米大吟醸酒] (米: 国産米, 精米: 非公開)
    ✨ [新規SKU抽出] 一夏を超え、低温の熟成を経た秋上がりのひやおろし。 [普通酒] (米: 国産米, 精米: 非公開)
    ✨ [新規SKU抽出] 手取川 山廃純米 ひやおろし [純米酒] (米: 国産米, 精米: 非公開)
    ✨ [新規SKU抽出] 自然界の乳酸菌の力を借りて醸す山廃仕込みのひやおろし。 [普通酒] (米: 国産米, 精米: 非公開)
    ✨ [新規SKU抽出] 手取川 純米大吟醸 原酒 [純米大吟醸酒] (米: 国産米, 精米: 非公開)
    ✨ [新規SKU抽出] 春限定の「手取川 純米大吟醸 生原酒 百万石乃白」の火入れタイプ。 [純米大吟醸酒] (米: 百万石乃白, 精米: 非公開)
    ✨ [新規SKU抽出] にごり酒 白寿 [普通酒] (米: 国産米, 精米: 非公開)
    ✨ [新規SKU抽出] 手取川 純米生原酒 [純米酒] (米: 国産米, 精米: 非公開)
    ✨ [新規SKU抽出] 手取川 純米にごり酒 白寿 [純米酒] (米: 国産米, 精米: 非公開)
    ✨ [新規SKU抽出] 手取川 純米生原酒 しぼりたて [純米酒] (米: 国産米, 精米: 非公開)
    ✨ [新規SKU抽出] シーズンの中で一番初めに出来がある「しぼりたて」。 [普通酒] (米: 国産米, 精米: 非公開)
  👉 株式会社吉田酒造店: 27 件の新規SKUを深層クローリングにより追加登録
[534/1376] 🏭 ID 2250: 株式会社加越 (石川県) - http://www.kanpaku.co.jp/
    ✨ [新規SKU抽出] 山田錦　大吟醸原酒（雫取） [大吟醸酒] (米: 山田錦, 精米: 非公開)
    ✨ [新規SKU抽出] 山田錦　大吟醸 [大吟醸酒] (米: 山田錦, 精米: 非公開)
    ✨ [新規SKU抽出] 加賀ノ月 月光 純米大吟醸 [純米大吟醸酒] (米: 国産米, 精米: 非公開)
    ✨ [新規SKU抽出] 加賀ノ月 琥珀月 山廃純米吟醸 [純米吟醸酒] (米: 国産米, 精米: 非公開)
    ✨ [新規SKU抽出] 山廃純米吟醸古酒 [純米吟醸酒] (米: 国産米, 精米: 非公開)
    ✨ [新規SKU抽出] 加賀ノ月 満月 純米吟醸 [純米吟醸酒] (米: 国産米, 精米: 非公開)
    ✨ [新規SKU抽出] 加賀ノ月 半月 純米酒 [純米酒] (米: 国産米, 精米: 非公開)
    ✨ [新規SKU抽出] 加賀ノ月 三日月 本醸造 [本醸造酒] (米: 国産米, 精米: 非公開)
    ✨ [新規SKU抽出] 加賀ノ月　百万石乃白　純米大吟醸 [純米大吟醸酒] (米: 百万石乃白, 精米: 非公開)
    ✨ [新規SKU抽出] 純米大吟醸　原酒 [純米大吟醸酒] (米: 国産米, 精米: 非公開)
    ✨ [新規SKU抽出] 純米大吟醸　生原酒 [純米大吟醸酒] (米: 国産米, 精米: 非公開)
    ✨ [新規SKU抽出] 純米大吟醸　無濾過生原酒 [純米大吟醸酒] (米: 国産米, 精米: 非公開)
    ✨ [新規SKU抽出] 加賀ノ月 ひやおろし [普通酒] (米: 国産米, 精米: 非公開)
    ✨ [新規SKU抽出] 純米吟醸　原酒 [純米吟醸酒] (米: 国産米, 精米: 非公開)
  👉 株式会社加越: 14 件の新規SKUを深層クローリングにより追加登録
[535/1376] 🏭 ID 2251: 鹿野酒造株式会社 (石川県) - http://www.jokigen.co.jp
    ✨ [新規SKU抽出] 山廃仕込 [普通酒] (米: 国産米, 精米: 非公開)
    ✨ [新規SKU抽出] 山廃仕込のこだわり [普通酒] (米: 国産米, 精米: 非公開)
    ✨ [新規SKU抽出] 山廃純米生原酒発売！ [純米酒] (米: 国産米, 精米: 非公開)
    ✨ [新規SKU抽出] しぼりたて新酒発売！ [普通酒] (米: 国産米, 精米: 非公開)
    ✨ [新規SKU抽出] 山廃純米原酒　秋上がり　豊純　発売！ [純米酒] (米: 国産米, 精米: 非公開)
  👉 鹿野酒造株式会社: 5 件の新規SKUを深層クローリングにより追加登録
[536/1376] 🏭 ID 2252: 合同会社西出酒造 (石川県) - https://nishidesake.com/
    ✨ [新規SKU抽出] 「春心」 純米酒 [純米酒] (米: 国産米, 精米: 非公開)
    ✨ [新規SKU抽出] 原料や環境を活かすことができる百年前の生酛製法によって真冬に醸造した酒。 [普通酒] (米: 国産米, 精米: 非公開)
    ✨ [新規SKU抽出] 「春心」 本醸造 山廃つくり [本醸造酒] (米: 国産米, 精米: 非公開)
    ✨ [新規SKU抽出] 「裕恒」 純米大吟醸 [純米大吟醸酒] (米: 国産米, 精米: 非公開)
    ✨ [新規SKU抽出] 「裕恒」 純米吟醸 [純米吟醸酒] (米: 国産米, 精米: 非公開)
    ✨ [新規SKU抽出] 「裕恒」純米大吟醸を仕込む前に造るお酒。 [純米大吟醸酒] (米: 国産米, 精米: 非公開)
    ✨ [新規SKU抽出] 「裕恒」大吟醸　鑑 KAGAMI [大吟醸酒] (米: 国産米, 精米: 非公開)
    ✨ [新規SKU抽出] 純米大吟醸と同時期に造る酒。 [純米大吟醸酒] (米: 国産米, 精米: 非公開)
    ✨ [新規SKU抽出] 「兼六桜」 昼(甘口) 純米吟醸 [純米吟醸酒] (米: 国産米, 精米: 非公開)
    ✨ [新規SKU抽出] 「兼六桜」 夜(辛口)  純米吟醸 [純米吟醸酒] (米: 国産米, 精米: 非公開)
    ✨ [新規SKU抽出] 「シラヤマフウロ」 本醸造 [本醸造酒] (米: 国産米, 精米: 非公開)
  👉 合同会社西出酒造: 11 件の新規SKUを深層クローリングにより追加登録
[537/1376] 🏭 ID 2254: 東酒造株式会社 (石川県) - http://www.sake-sinsen.co.jp/
    ✨ [新規SKU抽出] 大吟醸、純米吟醸など [純米吟醸酒] (米: 国産米, 精米: 非公開)
    ✨ [新規SKU抽出] 純米大吟醸ブランがクラマスターで金賞を受賞しました [純米大吟醸酒] (米: 国産米, 精米: 非公開)
    ✨ [新規SKU抽出] 太初と神泉大吟醸が優等賞受賞しました [大吟醸酒] (米: 国産米, 精米: 非公開)
    ✨ [新規SKU抽出] 純米吟醸旨口がフェミナリーズで金賞受賞しました [純米吟醸酒] (米: 国産米, 精米: 非公開)
    ✨ [新規SKU抽出] 蛍舞ポップスパークリングがワイングラスでおいしい日本酒アワードで最高金賞受賞しました [普通酒] (米: 国産米, 精米: 非公開)
    ✨ [新規SKU抽出] >　純米大吟醸BLANC [純米大吟醸酒] (米: 国産米, 精米: 非公開)
    ✨ [新規SKU抽出] 純米大吟醸BLANC（ブラン） [純米大吟醸酒] (米: 国産米, 精米: 非公開)
    ✨ [新規SKU抽出] KURAMASTER2026 純米大吟醸酒部門 [純米大吟醸酒] (米: 国産米, 精米: 非公開)
    ✨ [新規SKU抽出] 大吟醸・純米大吟醸 [純米大吟醸酒] (米: 国産米, 精米: 非公開)
    ✨ [新規SKU抽出] 吟醸・純米・本醸造 [吟醸酒] (米: 国産米, 精米: 非公開)
    ✨ [新規SKU抽出] 大吟醸古酒 [大吟醸酒] (米: 国産米, 精米: 非公開)
    ✨ [新規SKU抽出] 特別大吟醸 太初 [大吟醸酒] (米: 国産米, 精米: 非公開)
    ✨ [新規SKU抽出] 神泉大吟醸 古酒 [大吟醸酒] (米: 国産米, 精米: 非公開)
    ✨ [新規SKU抽出] 神泉大吟醸 [大吟醸酒] (米: 国産米, 精米: 非公開)
    ✨ [新規SKU抽出] 純米大吟醸ブラン [純米大吟醸酒] (米: 国産米, 精米: 非公開)
    ✨ [新規SKU抽出] 純米大吟醸アザレ [純米大吟醸酒] (米: 国産米, 精米: 非公開)
    ✨ [新規SKU抽出] 純米吟醸 旨口 [純米吟醸酒] (米: 国産米, 精米: 非公開)
    ✨ [新規SKU抽出] 純米吟醸 ブルーラベル [純米吟醸酒] (米: 国産米, 精米: 非公開)
    ✨ [新規SKU抽出] 吟醸・純米・本醸 [吟醸酒] (米: 国産米, 精米: 非公開)
    ✨ [新規SKU抽出] 長期熟成神泉大吟醸 [大吟醸酒] (米: 国産米, 精米: 非公開)
    ✨ [新規SKU抽出] >　純米酒 [純米酒] (米: 国産米, 精米: 非公開)
    ✨ [新規SKU抽出] 純米酒らしい豊かな味わい、芳醇な辛口です。冷でも燗でも美味しくいただけます。 [純米酒] (米: 国産米, 精米: 非公開)
  👉 東酒造株式会社: 22 件の新規SKUを深層クローリングにより追加登録
[538/1376] 🏭 ID 2255: 松浦酒造有限会社 (石川県) - http://www.shishinosato.com
[539/1376] 🏭 ID 2256: 株式会社宮本酒造店 (石川県) - http://www.mujou.co.jp/
    ✨ [新規SKU抽出] 本格加賀丸芋焼酎　のみよし [本格焼酎] (米: 国産米, 精米: 非公開)
    ✨ [新規SKU抽出] 夢醸　純米酒 [純米酒] (米: 国産米, 精米: 非公開)
    ✨ [新規SKU抽出] 燗よし冷やよし｡根強い人気の純米酒 [純米酒] (米: 国産米, 精米: 非公開)
    ✨ [新規SKU抽出] 夢醸　純米吟醸 [純米吟醸酒] (米: 国産米, 精米: 非公開)
    ✨ [新規SKU抽出] 果実のような芳醇な吟醸香が魅力。 [吟醸酒] (米: 国産米, 精米: 非公開)
    ✨ [新規SKU抽出] ◆大吟醸◆ [大吟醸酒] (米: 国産米, 精米: 非公開)
    ✨ [新規SKU抽出] ◆純米吟醸◆ [純米吟醸酒] (米: 国産米, 精米: 非公開)
    ✨ [新規SKU抽出] 福-金箔入り純米吟醸 [純米吟醸酒] (米: 国産米, 精米: 非公開)
    ✨ [新規SKU抽出] 純米大吟醸-gold- [純米大吟醸酒] (米: 国産米, 精米: 非公開)
    ✨ [新規SKU抽出] 純米吟醸-silver- [純米吟醸酒] (米: 国産米, 精米: 非公開)
    ✨ [新規SKU抽出] 先端純米吟醸酒 [純米吟醸酒] (米: 国産米, 精米: 非公開)
    ✨ [新規SKU抽出] ◆純米酒◆ [純米酒] (米: 国産米, 精米: 非公開)
    ✨ [新規SKU抽出] 本格加賀丸芋焼酎 [本格焼酎] (米: 国産米, 精米: 非公開)
    ✨ [新規SKU抽出] 新商品Agrodolcemela純米吟醸 [純米吟醸酒] (米: 国産米, 精米: 非公開)
    ✨ [新規SKU抽出] 夢醸に新しい仲間、夢醸 Agrodolcemela 純米吟醸発売開始！ [純米吟醸酒] (米: 国産米, 精米: 非公開)
    ✨ [新規SKU抽出] 夢醸 Agrodolcemela 純米吟醸 [純米吟醸酒] (米: 国産米, 精米: 非公開)
    ✨ [新規SKU抽出] ORIGIN純米酒解禁 [純米酒] (米: 国産米, 精米: 非公開)
    ✨ [新規SKU抽出] ひやおろし純米酒 [純米酒] (米: 国産米, 精米: 非公開)
    ✨ [新規SKU抽出] 無濾過生原酒　発売 [普通酒] (米: 国産米, 精米: 非公開)
    ✨ [新規SKU抽出] 限定 無濾過生原酒 [普通酒] (米: 国産米, 精米: 非公開)
    ✨ [新規SKU抽出] 日本酒の濃厚な味わいを堪能できると言われる無濾過生原酒。 [普通酒] (米: 国産米, 精米: 非公開)
    ✨ [新規SKU抽出] のみよしかぼちゃ焼酎＆はと麦焼酎 [本格焼酎] (米: 国産米, 精米: 非公開)
    ✨ [新規SKU抽出] かぼちゃ焼酎＆はと麦焼酎！ [本格焼酎] (米: 国産米, 精米: 非公開)
    ✨ [新規SKU抽出] 中のお酒は夢醸　純米酒です。 [純米酒] (米: 国産米, 精米: 非公開)
    ✨ [新規SKU抽出] しぼりたてシリーズ [普通酒] (米: 国産米, 精米: 非公開)
    ✨ [新規SKU抽出] 毎年好評のしぼりたて純米生酒うすにごり微発泡 [純米酒] (米: 国産米, 精米: 非公開)
    ✨ [新規SKU抽出] 先端ラベルの純米吟醸酒 [純米吟醸酒] (米: 国産米, 精米: 非公開)
    ✨ [新規SKU抽出] 話題のプレミア焼酎、本格加賀丸芋焼酎のみよしを俳優の [本格焼酎] (米: 国産米, 精米: 非公開)
    ✨ [新規SKU抽出] 本格加賀丸芋焼酎「のみよし」 [本格焼酎] (米: 国産米, 精米: 非公開)
    ✨ [新規SKU抽出] 特別な日本酒　金箔入り純米吟醸酒「福」 [純米吟醸酒] (米: 国産米, 精米: 非公開)
    ✨ [新規SKU抽出] 晴れの場を彩る、金箔入り純米吟醸酒「福」 [純米吟醸酒] (米: 国産米, 精米: 非公開)
    ✨ [新規SKU抽出] プレミア本格加賀丸芋焼酎のみよし [本格焼酎] (米: 国産米, 精米: 非公開)
    ✨ [新規SKU抽出] 夢醸　純米吟醸　宮本酒造店 [純米吟醸酒] (米: 国産米, 精米: 非公開)
    ✨ [新規SKU抽出] ＞　夢醸　先端純米吟醸酒 [純米吟醸酒] (米: 国産米, 精米: 非公開)
    ✨ [新規SKU抽出] 最上級の香りと味わい　大吟醸雫 [大吟醸酒] (米: 国産米, 精米: 非公開)
    ✨ [新規SKU抽出] 夢醸　先端純米吟醸酒 [純米吟醸酒] (米: 国産米, 精米: 非公開)
    ✨ [新規SKU抽出] 純米吟醸の吟醸香をお楽しみ下さい。 [純米吟醸酒] (米: 国産米, 精米: 非公開)
    ✨ [新規SKU抽出] ・男はだまって純米吟醸！　　　　　　　（30代　男性） [純米吟醸酒] (米: 国産米, 精米: 非公開)
    ✨ [新規SKU抽出] 『福』 金箔入り純米吟醸　夢醸・宮本酒造店 [純米吟醸酒] (米: 国産米, 精米: 非公開)
    ✨ [新規SKU抽出] ＞　『福』 金箔入り純米吟醸 [純米吟醸酒] (米: 国産米, 精米: 非公開)
    ✨ [新規SKU抽出] 『福』 金箔入り純米吟醸 [純米吟醸酒] (米: 国産米, 精米: 非公開)
    ✨ [新規SKU抽出] 夢醸 純米大吟醸 gold　宮本酒造店 [純米大吟醸酒] (米: 国産米, 精米: 非公開)
    ✨ [新規SKU抽出] ＞　Agrodolcemela 純米吟醸 [純米吟醸酒] (米: 国産米, 精米: 非公開)
    ✨ [新規SKU抽出] 夢醸　Agrodolcemela　純米吟醸 [純米吟醸酒] (米: 国産米, 精米: 非公開)
  👉 株式会社宮本酒造店: 44 件の新規SKUを深層クローリングにより追加登録
[540/1376] 🏭 ID 2261: 櫻田酒造株式会社 (石川県) - http://www.sakurada.biz
    ✨ [新規SKU抽出] 本醸造原酒と純米酒をベースにして作った３種類のリキュール酒です。 [本醸造酒] (米: 国産米, 精米: 非公開)
  👉 櫻田酒造株式会社: 1 件の新規SKUを深層クローリングにより追加登録
[541/1376] 🏭 ID 2262: 宗玄酒造株式会社 (石川県) - http://www.sougen-shuzou.com
[542/1376] 🏭 ID 2263: 松波酒造株式会社 (石川県) - http://www.o-eyama.com/
[543/1376] 🏭 ID 2264: 数馬酒造株式会社 (石川県) - http://chikuha.co.jp
    ✨ [新規SKU抽出] 「竹葉 能登純米」「竹葉 純米吟醸」商品案内書を更新 [純米吟醸酒] (米: 国産米, 精米: 非公開)
    ✨ [新規SKU抽出] 季節限定品「竹葉 純米吟醸 生貯蔵酒」発売 [純米吟醸酒] (米: 国産米, 精米: 非公開)
    ✨ [新規SKU抽出] 社内きき酒勉強会｜竹葉 百万石乃白 大吟醸 [大吟醸酒] (米: 百万石乃白, 精米: 非公開)
    ✨ [新規SKU抽出] 竹葉 純米吟醸 [純米吟醸酒] (米: 国産米, 精米: 非公開)
    ✨ [新規SKU抽出] 竹葉 純米大吟醸 [純米大吟醸酒] (米: 国産米, 精米: 非公開)
    ✨ [新規SKU抽出] 全国梅酒品評会2023 金賞受賞 [リキュール] (米: 国産米, 精米: 非公開)
    ✨ [新規SKU抽出] 全国梅酒品評会2022 銀賞受賞 [リキュール] (米: 国産米, 精米: 非公開)
    ✨ [新規SKU抽出] Kura Master 2021 純米酒部門 金賞 受賞 [純米酒] (米: 国産米, 精米: 非公開)
    ✨ [新規SKU抽出] 大吟醸酒 [大吟醸酒] (米: 国産米, 精米: 非公開)
    ✨ [新規SKU抽出] 梅酒・ゆず酒・リキュール [リキュール] (米: 国産米, 精米: 非公開)
    ✨ [新規SKU抽出] 竹葉　純米吟醸　－　７２０ｍｌ [純米吟醸酒] (米: 国産米, 精米: 非公開)
    ✨ [新規SKU抽出] 竹葉 純米吟醸 - [純米吟醸酒] (米: 国産米, 精米: 非公開)
    ✨ [新規SKU抽出] 竹葉　百万石乃白　大吟醸　－　７２０ｍｌ [大吟醸酒] (米: 百万石乃白, 精米: 非公開)
    ✨ [新規SKU抽出] 竹葉　百万石乃白　大吟醸　－　７２０ｍｌ（数馬酒造） [大吟醸酒] (米: 百万石乃白, 精米: 非公開)
    ✨ [新規SKU抽出] 竹葉 百万石乃白 大吟醸 - [大吟醸酒] (米: 百万石乃白, 精米: 非公開)
    ✨ [新規SKU抽出] 竹葉　純米大吟醸４０%　－７２０ｍｌ [純米大吟醸酒] (米: 国産米, 精米: ４０%)
    ✨ [新規SKU抽出] 竹葉　純米大吟醸－７２０ｍｌ（数馬酒造） [純米大吟醸酒] (米: 国産米, 精米: 非公開)
    ✨ [新規SKU抽出] 竹葉 純米大吟醸40% - [純米大吟醸酒] (米: 国産米, 精米: 40%)
    ✨ [新規SKU抽出] 竹葉　能登の梅酒　－　７２０ｍｌ [リキュール] (米: 国産米, 精米: 非公開)
    ✨ [新規SKU抽出] 全国梅酒品評会2023金賞受賞竹葉　能登の梅酒　－　７２０ｍｌ（数馬酒造） [リキュール] (米: 国産米, 精米: 非公開)
    ✨ [新規SKU抽出] 全国梅酒品評会2023金賞竹葉 能登の梅酒 - [リキュール] (米: 国産米, 精米: 非公開)
    ✨ [新規SKU抽出] 竹葉　大吟醸 [大吟醸酒] (米: 百万石乃白, 精米: 非公開)
    ✨ [新規SKU抽出] 竹葉 大吟醸セット（能登大吟・百万石乃白大吟醸） [大吟醸酒] (米: 百万石乃白, 精米: 非公開)
    ✨ [新規SKU抽出] 竹葉　一升瓶2本入りセット（能登純米 [純米吟醸酒] (米: 国産米, 精米: 非公開)
    ✨ [新規SKU抽出] 竹葉　一升瓶2本入りセット（能登純米1800・純米吟醸1800）数馬酒造 [純米吟醸酒] (米: 国産米, 精米: 非公開)
    ✨ [新規SKU抽出] 竹葉 一升瓶2本入りセット（能登純米 [純米吟醸酒] (米: 国産米, 精米: 非公開)
    ✨ [新規SKU抽出] 梅酒・ゆず酒・日本酒リキュール [リキュール] (米: 国産米, 精米: 非公開)
    ✨ [新規SKU抽出] 食の時を彩るリキュール [リキュール] (米: 国産米, 精米: 非公開)
    ✨ [新規SKU抽出] IWC2020 SAKE部門 純米酒カテゴリ 金賞／リージョナルトロフィー受賞 [純米酒] (米: 国産米, 精米: 非公開)
    ✨ [新規SKU抽出] Kura Master 2020 純米酒部門 金賞 受賞 [純米酒] (米: 国産米, 精米: 非公開)
  👉 数馬酒造株式会社: 30 件の新規SKUを深層クローリングにより追加登録
[544/1376] 🏭 ID 2265: 株式会社清水酒造店 (石川県) - http://notohomare.com
    ✨ [新規SKU抽出] 当店の標準酒で、醸造アルコールの添加量が少ない本醸造規格。 [本醸造酒] (米: 国産米, 精米: 非公開)
    ✨ [新規SKU抽出] 能登の地酒　能登誉　純米吟醸 [純米吟醸酒] (米: 国産米, 精米: 非公開)
    ✨ [新規SKU抽出] 純米大吟醸規格の、ちょっとぜいたくな純米吟醸酒です。 [純米大吟醸酒] (米: 国産米, 精米: 非公開)
    ✨ [新規SKU抽出] 当店の看板酒で、醸造アルコールをいっさい添加していない純米酒規格です。 [純米酒] (米: 国産米, 精米: 非公開)
    ✨ [新規SKU抽出] 純米酒としては軽快な酒質で、すっきした旨味と切れのよい喉越しが好評です。 [純米酒] (米: 国産米, 精米: 非公開)
  👉 株式会社清水酒造店: 5 件の新規SKUを深層クローリングにより追加登録
[545/1376] 🏭 ID 2266: 株式会社鶴野酒造店 (石川県) - http:www.taniizumi.jp
[546/1376] 🏭 ID 2267: 合名会社中島酒造店 (石川県) - http://www.notosuehiro.com
    ✨ [新規SKU抽出] 大吟醸酒 [大吟醸酒] (米: 国産米, 精米: 非公開)
    ✨ [新規SKU抽出] 純米大吟醸酒 [純米大吟醸酒] (米: 国産米, 精米: 非公開)
    ✨ [新規SKU抽出] 純米吟醸酒 [純米吟醸酒] (米: 国産米, 精米: 非公開)
    ✨ [新規SKU抽出] 本醸造酒 [本醸造酒] (米: 国産米, 精米: 非公開)
    ✨ [新規SKU抽出] 夢追い吟醸 杜夢（とむ） [吟醸酒] (米: 国産米, 精米: 非公開)
    ✨ [新規SKU抽出] 能登末廣 大吟醸 [大吟醸酒] (米: 国産米, 精米: 非公開)
    ✨ [新規SKU抽出] 大吟醸 能登國 [大吟醸酒] (米: 国産米, 精米: 非公開)
    ✨ [新規SKU抽出] 純米大吟醸 和の絆 [純米大吟醸酒] (米: 国産米, 精米: 非公開)
    ✨ [新規SKU抽出] 能登末廣 純米吟醸 生貯蔵 [純米吟醸酒] (米: 国産米, 精米: 非公開)
    ✨ [新規SKU抽出] 純米吟醸 超古酒 幽玄 [純米吟醸酒] (米: 国産米, 精米: 非公開)
    ✨ [新規SKU抽出] 能登末廣 純米酒 遼 [純米酒] (米: 国産米, 精米: 非公開)
    ✨ [新規SKU抽出] 能登末廣 純米酒 遼 原酒 [純米酒] (米: 国産米, 精米: 非公開)
    ✨ [新規SKU抽出] 純米 桃色にごり酒 花おぼろ [純米酒] (米: 国産米, 精米: 非公開)
    ✨ [新規SKU抽出] 純米 紅色にごり酒 紅い花 [純米酒] (米: 国産米, 精米: 非公開)
    ✨ [新規SKU抽出] 本醸造 うるしの里 [本醸造酒] (米: 国産米, 精米: 非公開)
    ✨ [新規SKU抽出] 百万石乃白の旨みが感じられる、お食事に合わせやすい純米酒に仕上げました。 [純米酒] (米: 百万石乃白, 精米: 非公開)
    ✨ [新規SKU抽出] 純米大吟醸 和の絆  –  能登末廣｜中島酒造店 [純米大吟醸酒] (米: 国産米, 精米: 非公開)
    ✨ [新規SKU抽出] 能登末廣 純米酒 遼 原酒  –  能登末廣｜中島酒造店 [純米酒] (米: 国産米, 精米: 非公開)
    ✨ [新規SKU抽出] 純米酒「遼」の原酒です。より豊かな米由来の甘みと香りがあります。 [純米酒] (米: 国産米, 精米: 非公開)
  👉 合名会社中島酒造店: 19 件の新規SKUを深層クローリングにより追加登録
[547/1376] 🏭 ID 2270: 株式会社白藤酒造店 (石川県) - http://www.hakutousyuzou.jp
    ✨ [新規SKU抽出] 2018年全米日本酒歓評会にて”奥能登の白菊純米吟醸”がシルバー賞を受賞しました [純米吟醸酒] (米: 国産米, 精米: 非公開)
    ✨ [新規SKU抽出] 年末限定”奥能登の白菊　活性にごり酒”完売致しました。 [普通酒] (米: 国産米, 精米: 非公開)
    ✨ [新規SKU抽出] 特別純米酒 八反錦 [特別純米酒] (米: 八反錦, 精米: 非公開)
    ✨ [新規SKU抽出] 純米酒 輪島物語 [純米酒] (米: 国産米, 精米: 非公開)
    ✨ [新規SKU抽出] 純米酒 寧音（ねね） [純米酒] (米: 国産米, 精米: 非公開)
    ✨ [新規SKU抽出] 純米酒 寧音 [純米酒] (米: 国産米, 精米: 非公開)
  👉 株式会社白藤酒造店: 6 件の新規SKUを深層クローリングにより追加登録
[548/1376] 🏭 ID 2481: 松岡醸造株式会社 (埼玉県) - https://www.mikadomatsu.com/
    ✨ [新規SKU抽出] 全国新酒鑑評会 吉川町産山田錦特A 帝松 超特撰 大吟醸原酒 [大吟醸酒] (米: 山田錦, 精米: 非公開)
    ✨ [新規SKU抽出] R1BYプレミアム 純米吟醸生原酒 『MIKADOMATSU』 [純米吟醸酒] (米: 国産米, 精米: 非公開)
    ✨ [新規SKU抽出] 帝松 龍躍 さけ武蔵 純米大吟醸 [純米大吟醸酒] (米: 国産米, 精米: 非公開)
    ✨ [新規SKU抽出] 帝松 こだわり梅酒 [リキュール] (米: 国産米, 精米: 非公開)
    ✨ [新規SKU抽出] 大吟醸アイスや甘酒も販売しております。 [大吟醸酒] (米: 国産米, 精米: 非公開)
    ✨ [新規SKU抽出] 帝松　龍躍 さけ武蔵 純米大吟醸 [純米大吟醸酒] (米: 国産米, 精米: 非公開)
    ✨ [新規SKU抽出] 帝松 備前雄町 38％精白純米大吟醸 『鳳翔』 [純米大吟醸酒] (米: 雄町, 精米: 非公開)
    ✨ [新規SKU抽出] 帝松 吟醸出世酒 『社長の酒』 [吟醸酒] (米: 国産米, 精米: 非公開)
    ✨ [新規SKU抽出] 帝松定番の吟醸出世酒『社長の酒』。 [吟醸酒] (米: 国産米, 精米: 非公開)
    ✨ [新規SKU抽出] 上品な香りと酸と旨みのバランスが良く調和した吟醸酒の傑作です。 [吟醸酒] (米: 国産米, 精米: 非公開)
    ✨ [新規SKU抽出] 南部杜氏の技で、杜氏が全身全霊を込めて醸す究極の大吟醸。 [大吟醸酒] (米: 国産米, 精米: 非公開)
    ✨ [新規SKU抽出] 帝松 　純米吟醸 和紙ラベル [純米吟醸酒] (米: 国産米, 精米: 非公開)
    ✨ [新規SKU抽出] 帝松 土蔵五年熟成吟醸 バーボン樽追熟 [吟醸酒] (米: 国産米, 精米: 非公開)
    ✨ [新規SKU抽出] 帝松 PREMIUM(ﾌﾟﾚﾐｱﾑ) 純米吟醸生原酒 [純米吟醸酒] (米: 国産米, 精米: 非公開)
    ✨ [新規SKU抽出] 帝松 本醸造 樽酒 －たるざけ－ [本醸造酒] (米: 国産米, 精米: 非公開)
    ✨ [新規SKU抽出] 帝松 本醸造酒 『逸品』 [本醸造酒] (米: 国産米, 精米: 非公開)
    ✨ [新規SKU抽出] 帝松 玉苗純米吟醸 金箔入り 『純』 [純米吟醸酒] (米: 国産米, 精米: 非公開)
    ✨ [新規SKU抽出] 帝松 PREMIUM（プレミアム） 天然美発泡純米にごり酒 [純米酒] (米: 国産米, 精米: 非公開)
    ✨ [新規SKU抽出] 帝松 純米酒 和紙ラベル [純米酒] (米: 国産米, 精米: 非公開)
    ✨ [新規SKU抽出] 焼酎を吟醸酒で仕上げることで、大変口当たりが良く癖のないお酒となっております。 [吟醸酒] (米: 国産米, 精米: 非公開)
    ✨ [新規SKU抽出] 関東で人気の紅あずまを100％使用して、蒸留した本格芋焼酎を吟醸酒で仕上げました。 [吟醸酒] (米: 国産米, 精米: 非公開)
    ✨ [新規SKU抽出] まろやかな口当たりと柔らかな芋焼酎の香りをお楽しみいただけます。 [本格焼酎] (米: 国産米, 精米: 非公開)
    ✨ [新規SKU抽出] 香料等無添加無使用の梅酒です。 [リキュール] (米: 国産米, 精米: 非公開)
    ✨ [新規SKU抽出] 帝松 こだわりゆず酒 [リキュール] (米: 国産米, 精米: 非公開)
    ✨ [新規SKU抽出] 毛呂山町のゆず果汁を使用した、爽やかな香りと品のある甘みのゆず酒です。 [リキュール] (米: 国産米, 精米: 非公開)
    ✨ [新規SKU抽出] MIKADOMATSU チョコリキュール [リキュール] (米: 国産米, 精米: 非公開)
    ✨ [新規SKU抽出] アミノ酸の宝庫である日本酒には、帝松純米吟醸「櫻のとき」を使用しております。 [純米吟醸酒] (米: 国産米, 精米: 非公開)
    ✨ [新規SKU抽出] アミノ酸の宝庫である日本酒には帝松純米吟醸「櫻のとき」を使用しております。 [純米吟醸酒] (米: 国産米, 精米: 非公開)
  👉 松岡醸造株式会社: 28 件の新規SKUを深層クローリングにより追加登録
[549/1376] 🏭 ID 2482: 株式会社横関酒造店 (埼玉県) - https://www.yokozeki-syuzo.jp/
    ✨ [新規SKU抽出] 『純米大吟醸原酒　あらばしり』新酒販売開始のおしらせ｜横関酒造店｜美里町 [純米大吟醸酒] (米: 国産米, 精米: 非公開)
    ✨ [新規SKU抽出] 『純米大吟醸原酒　あらばしり』新酒販売開始のおしらせ [純米大吟醸酒] (米: 国産米, 精米: 非公開)
    ✨ [新規SKU抽出] 『純米大吟醸原酒　あらばしり』の新酒が本日販売開始しました。 [純米大吟醸酒] (米: 国産米, 精米: 非公開)
    ✨ [新規SKU抽出] ・にごり酒 [普通酒] (米: 国産米, 精米: 非公開)
    ✨ [新規SKU抽出] 横関酒造店のお酒です。原酒・生酒・無濾過・純米大吟醸等。 [純米大吟醸酒] (米: 国産米, 精米: 非公開)
    ✨ [新規SKU抽出] 『純米大吟醸原酒　あらばしり』（限定発売） [純米大吟醸酒] (米: 国産米, 精米: 非公開)
    ✨ [新規SKU抽出] 『大吟醸』 [大吟醸酒] (米: 国産米, 精米: 非公開)
    ✨ [新規SKU抽出] 『特別純米酒』 [特別純米酒] (米: 国産米, 精米: 非公開)
    ✨ [新規SKU抽出] 原酒・生酒・無濾過・純米大吟醸 [純米大吟醸酒] (米: 国産米, 精米: 非公開)
    ✨ [新規SKU抽出] 『天仁』大吟醸 [大吟醸酒] (米: 国産米, 精米: 非公開)
    ✨ [新規SKU抽出] 『天仁』にごり酒 [普通酒] (米: 国産米, 精米: 非公開)
    ✨ [新規SKU抽出] 『純米大吟醸原酒あらばしり』新酒販売開始のおしらせ [純米大吟醸酒] (米: 国産米, 精米: 非公開)
  👉 株式会社横関酒造店: 12 件の新規SKUを深層クローリングにより追加登録
[550/1376] 🏭 ID 2483: 権田酒造株式会社 (埼玉県) - https://www.gondasyuzou.com/
    ✨ [新規SKU抽出] 直実　吟醸 [吟醸酒] (米: 国産米, 精米: 非公開)
    ✨ [新規SKU抽出] 直実　特別純米 [特別純米酒] (米: 国産米, 精米: 非公開)
    ✨ [新規SKU抽出] 直実　特別本醸造 [特別本醸造酒] (米: 国産米, 精米: 非公開)
    ✨ [新規SKU抽出] 直実　純米大吟醸 [純米大吟醸酒] (米: 国産米, 精米: 非公開)
    ✨ [新規SKU抽出] 「酸×旨×甘」のいい関係　特別純米直実　迷ったら、まずはこの1本 [特別純米酒] (米: 国産米, 精米: 非公開)
  👉 権田酒造株式会社: 5 件の新規SKUを深層クローリングにより追加登録
[551/1376] 🏭 ID 2484: 長澤酒造株式会社 (埼玉県) - http://nagasawasyuzou.com
    ✨ [新規SKU抽出] 君が旗 大吟醸 [大吟醸酒] (米: 国産米, 精米: 非公開)
    ✨ [新規SKU抽出] 芳醇な香りと滑らかな喉ごしの辛口大吟醸。 [大吟醸酒] (米: 国産米, 精米: 非公開)
    ✨ [新規SKU抽出] 長澤屋 大吟醸 [大吟醸酒] (米: 国産米, 精米: 非公開)
    ✨ [新規SKU抽出] 高麗王　吟醸酒 [吟醸酒] (米: 国産米, 精米: 非公開)
    ✨ [新規SKU抽出] 高麗王　純米吟醸 [純米吟醸酒] (米: 国産米, 精米: 非公開)
    ✨ [新規SKU抽出] 高麗王　純米酒 [純米酒] (米: 国産米, 精米: 非公開)
    ✨ [新規SKU抽出] 本醸造 おかん専科 [本醸造酒] (米: 国産米, 精米: 非公開)
    ✨ [新規SKU抽出] かわせみの里　特別本醸造 [特別本醸造酒] (米: 国産米, 精米: 非公開)
    ✨ [新規SKU抽出] 初しぼり〈生酒・本醸造〉 [本醸造酒] (米: 国産米, 精米: 非公開)
    ✨ [新規SKU抽出] しぼりたての生酒。華やかな香りと濃厚な口当たりで飲みごたえのある酒。 [普通酒] (米: 国産米, 精米: 非公開)
    ✨ [新規SKU抽出] 秋の詩〈純米ひやおろし〉 [純米酒] (米: 国産米, 精米: 非公開)
  👉 長澤酒造株式会社: 11 件の新規SKUを深層クローリングにより追加登録
[552/1376] 🏭 ID 2485: 南陽醸造株式会社 (埼玉県) - http://www.nanyo-jozo.com/
[553/1376] 🏭 ID 2486: 神亀酒造株式会社 (埼玉県) - http://shinkame.co.jp/
    ✨ [新規SKU抽出] ｢無量寿｣純米吟醸 / Muryoju [純米吟醸酒] (米: 国産米, 精米: 非公開)
    ✨ [新規SKU抽出] ひこ孫 凡愚 純米吟醸 / Hikomago Bongu [純米吟醸酒] (米: 国産米, 精米: 非公開)
    ✨ [新規SKU抽出] 純米大吟醸生酒 / Junmai Daiginjo Namazake [純米大吟醸酒] (米: 国産米, 精米: 非公開)
  👉 神亀酒造株式会社: 3 件の新規SKUを深層クローリングにより追加登録
[554/1376] 🏭 ID 2487: 武甲酒造株式会社 (埼玉県) - https://www.bukou.co.jp/
    ✨ [新規SKU抽出] しぼりたて [普通酒] (米: 国産米, 精米: 非公開)
    ✨ [新規SKU抽出] リキュール [リキュール] (米: 国産米, 精米: 非公開)
    ✨ [新規SKU抽出] うめ酒・ゆず酒 [リキュール] (米: 国産米, 精米: 非公開)
    ✨ [新規SKU抽出] ALL秩父　純米大吟醸 [純米大吟醸酒] (米: 国産米, 精米: 非公開)
    ✨ [新規SKU抽出] 純米大吟醸 吟嶺 [純米大吟醸酒] (米: 国産米, 精米: 非公開)
    ✨ [新規SKU抽出] 秩父いわざくら(金箔入り 焼酎タイプリキュール) [リキュール] (米: 国産米, 精米: 非公開)
    ✨ [新規SKU抽出] 秩父ゆず酒 [リキュール] (米: 国産米, 精米: 非公開)
  👉 武甲酒造株式会社: 7 件の新規SKUを深層クローリングにより追加登録
[555/1376] 🏭 ID 2488: 株式会社タイセー秩父菊水酒造所 (埼玉県) - https://www.chichibu-kikusui.com/
[556/1376] 🏭 ID 2489: 丸山酒造株式会社 (埼玉県) - https://www.maruyamasz.com/
    ✨ [新規SKU抽出] 瞬喜道 特別純米酒 “シュンキドウ” [特別純米酒] (米: 国産米, 精米: 非公開)
  👉 丸山酒造株式会社: 1 件の新規SKUを深層クローリングにより追加登録
[557/1376] 🏭 ID 2490: 北西酒造株式会社 (埼玉県) - https://www.kitanishishuzo.co.jp/
    ✨ [新規SKU抽出] リキュール [リキュール] (米: 国産米, 精米: 非公開)
    ✨ [新規SKU抽出] AGEO 生もと純米大吟醸 無ろ過生原酒 [純米大吟醸酒] (米: 国産米, 精米: 非公開)
    ✨ [新規SKU抽出] AGEO 純米大吟醸 無ろ過生原酒 [純米大吟醸酒] (米: 国産米, 精米: 非公開)
    ✨ [新規SKU抽出] 生酛純米 [純米酒] (米: 国産米, 精米: 非公開)
    ✨ [新規SKU抽出] 季節限定 文楽 冴雪 純米吟醸 無ろ過生原酒 おりがらみ [純米吟醸酒] (米: 国産米, 精米: 非公開)
    ✨ [新規SKU抽出] 季節限定 文楽 茜月 純米吟醸生詰 [純米吟醸酒] (米: 国産米, 精米: 非公開)
    ✨ [新規SKU抽出] 季節限定 文楽 涼凪 純米吟醸生詰 [純米吟醸酒] (米: 国産米, 精米: 非公開)
    ✨ [新規SKU抽出] 季節限定 文楽 花篝 純米吟醸 無ろ過生原酒 [純米吟醸酒] (米: 国産米, 精米: 非公開)
    ✨ [新規SKU抽出] 文楽 茜月 純米吟醸 無ろ過原酒が発売になりました [純米吟醸酒] (米: 国産米, 精米: 非公開)
    ✨ [新規SKU抽出] 文楽 涼凪 純米吟醸 無ろ過原酒が発売になりました [純米吟醸酒] (米: 国産米, 精米: 非公開)
    ✨ [新規SKU抽出] 文楽 花篝 純米吟醸 無ろ過生原酒が発売になりました [純米吟醸酒] (米: 国産米, 精米: 非公開)
    ✨ [新規SKU抽出] 文楽 冴雪 純米吟醸 無ろ過生原酒 おりがらみが発売になりました [純米吟醸酒] (米: 国産米, 精米: 非公開)
    ✨ [新規SKU抽出] 文楽 茜月 純米吟醸 無ろ過原酒生詰が発売になりました [純米吟醸酒] (米: 国産米, 精米: 非公開)
    ✨ [新規SKU抽出] 第95回関東信越国税局酒類鑑評会 吟醸酒の部において「文楽」が優秀賞を受賞しました [吟醸酒] (米: 国産米, 精米: 非公開)
    ✨ [新規SKU抽出] 文楽 茜月 純米吟醸 無濾過原酒生詰が発売になりました [純米吟醸酒] (米: 国産米, 精米: 非公開)
    ✨ [新規SKU抽出] 文楽　花篝（はなかがり）純米吟醸　無濾過生原酒が発売になりました [純米吟醸酒] (米: 国産米, 精米: 非公開)
    ✨ [新規SKU抽出] 文楽 にごり酒生原酒 [普通酒] (米: 国産米, 精米: 非公開)
    ✨ [新規SKU抽出] 第94回関東信越国税局酒類鑑評会 吟醸酒の部において「文楽」が優秀賞を受賞しました [吟醸酒] (米: 国産米, 精米: 非公開)
    ✨ [新規SKU抽出] 2023 IWC 日本酒部門 純米大吟醸カテゴリーにてゴールドを受賞しました [純米大吟醸酒] (米: 国産米, 精米: 非公開)
    ✨ [新規SKU抽出] 北西酒造 純米大吟醸 Pearl 赤磐雄町50　を発売しました [純米大吟醸酒] (米: 雄町, 精米: 非公開)
    ✨ [新規SKU抽出] 文楽 特別純米酒 が発売になりました [特別純米酒] (米: 国産米, 精米: 非公開)
    ✨ [新規SKU抽出] 愛山45％磨き 純米大吟醸Pearl を発売しました [純米大吟醸酒] (米: 愛山, 精米: 非公開)
    ✨ [新規SKU抽出] 文楽 純米吟醸 無ろ過原酒 が発売になりました [純米吟醸酒] (米: 国産米, 精米: 非公開)
    ✨ [新規SKU抽出] Bunraku Reborn 特別純米 無ろ過生原酒 が発売になりました [特別純米酒] (米: 国産米, 精米: 非公開)
    ✨ [新規SKU抽出] Bunraku Reborn 純米吟醸 が発売になりました [純米吟醸酒] (米: 国産米, 精米: 非公開)
    ✨ [新規SKU抽出] 文楽 純米吟醸 無ろ過生原酒　を発売しました [純米吟醸酒] (米: 国産米, 精米: 非公開)
    ✨ [新規SKU抽出] 2021 IWC 日本酒部門 大吟醸カテゴリーにてトロフィーを受賞しました [大吟醸酒] (米: 国産米, 精米: 非公開)
    ✨ [新規SKU抽出] 純米大吟醸 Pearl を発売しました [純米大吟醸酒] (米: 国産米, 精米: 非公開)
  👉 北西酒造株式会社: 28 件の新規SKUを深層クローリングにより追加登録
[558/1376] 🏭 ID 2491: 寒梅酒造株式会社 (埼玉県) - https://www.kanbai.co.jp/
[559/1376] 🏭 ID 2492: 麻原酒造株式会社 (埼玉県) - http://www.musashino-asahara.jp
    ✨ [新規SKU抽出] 純米吟醸酒 [純米吟醸酒] (米: 国産米, 精米: 非公開)
    ✨ [新規SKU抽出] リキュール [リキュール] (米: 国産米, 精米: 非公開)
    ✨ [新規SKU抽出] 梅酒ワイン [リキュール] (米: 国産米, 精米: 非公開)
    ✨ [新規SKU抽出] すてきなゆず酒 [リキュール] (米: 国産米, 精米: 非公開)
    ✨ [新規SKU抽出] 琵琶のささ浪　純米酒 [純米酒] (米: 国産米, 精米: 非公開)
    ✨ [新規SKU抽出] 琵琶のささ浪　純米酒　大辛口 [純米酒] (米: 国産米, 精米: 非公開)
    ✨ [新規SKU抽出] 琵琶のささ浪　純米吟醸 [純米吟醸酒] (米: 国産米, 精米: 非公開)
    ✨ [新規SKU抽出] 琵琶のさざ浪　純米酒　梅 [純米酒] (米: 国産米, 精米: 非公開)
    ✨ [新規SKU抽出] 琵琶のささ浪　純米吟醸　竹 [純米吟醸酒] (米: 国産米, 精米: 非公開)
    ✨ [新規SKU抽出] 琵琶のささ浪　純米大吟醸　松 [純米大吟醸酒] (米: 国産米, 精米: 非公開)
    ✨ [新規SKU抽出] 純米大吟醸　大天授 [純米大吟醸酒] (米: 国産米, 精米: 非公開)
    ✨ [新規SKU抽出] 純米吟醸　無限醸道 [純米吟醸酒] (米: 国産米, 精米: 非公開)
    ✨ [新規SKU抽出] 純米吟醸　武蔵野ホワイト [純米吟醸酒] (米: 国産米, 精米: 非公開)
    ✨ [新規SKU抽出] フルーティーでまろやかな口当たりと豊かな吟醸香をお楽しみください。 [吟醸酒] (米: 国産米, 精米: 非公開)
    ✨ [新規SKU抽出] 風呂上がりの一杯梅酒 [リキュール] (米: 国産米, 精米: 非公開)
  👉 麻原酒造株式会社: 15 件の新規SKUを深層クローリングにより追加登録
[560/1376] 🏭 ID 2493: 株式会社 藤﨑摠兵衛商店 (埼玉県) - https://nagatorogura.co.jp
    ✨ [新規SKU抽出] 長瀞　純米大吟醸 [純米大吟醸酒] (米: 国産米, 精米: 非公開)
    ✨ [新規SKU抽出] 贅沢に精米歩合40％まで磨き、低温長期発酵させた純米大吟醸。 [純米大吟醸酒] (米: 国産米, 精米: 非公開)
    ✨ [新規SKU抽出] 長瀞　純米吟醸 [純米吟醸酒] (米: 国産米, 精米: 非公開)
    ✨ [新規SKU抽出] オール埼玉の長瀞蔵のベースとなる純米吟醸酒。 [純米吟醸酒] (米: 国産米, 精米: 非公開)
    ✨ [新規SKU抽出] 長瀞　純米酒 [純米酒] (米: 国産米, 精米: 非公開)
    ✨ [新規SKU抽出] 味が多くなりやすい「さけ武蔵」の特性を最大限に活かした純米酒。 [純米酒] (米: 国産米, 精米: 非公開)
    ✨ [新規SKU抽出] オール埼玉の長瀞蔵のベースとなる純米酒です。 [純米酒] (米: 国産米, 精米: 非公開)
  👉 株式会社 藤﨑摠兵衛商店: 7 件の新規SKUを深層クローリングにより追加登録
[561/1376] 🏭 ID 2494: キング醸造株式会社 (埼玉県) - https://hinode-mirin.co.jp/
    ✨ [新規SKU抽出] リキュール - 日の出みりん [リキュール] (米: 国産米, 精米: 非公開)
    ✨ [新規SKU抽出] フルーツリキュール [リキュール] (米: 国産米, 精米: 非公開)
  👉 キング醸造株式会社: 2 件の新規SKUを深層クローリングにより追加登録
[562/1376] 🏭 ID 2495: 株式会社 釜屋 (埼玉県) - https://www.rikishi.co.jp/
    ✨ [新規SKU抽出] 力士 大吟醸 全国新酒鑑評会 金賞受賞酒 [大吟醸酒] (米: 国産米, 精米: 非公開)
    ✨ [新規SKU抽出] 力士 金撰 本醸造 [本醸造酒] (米: 国産米, 精米: 非公開)
    ✨ [新規SKU抽出] 発泡純米酒　ゆきあわ [純米酒] (米: 国産米, 精米: 非公開)
    ✨ [新規SKU抽出] スパークリング純米酒 [純米酒] (米: 国産米, 精米: 非公開)
    ✨ [新規SKU抽出] ワイン酵母仕込み純米酒 ARROZ-アロス- [純米酒] (米: 国産米, 精米: 非公開)
    ✨ [新規SKU抽出] 白ワインのような、甘くて酸味のある新感覚の純米酒。 [純米酒] (米: 国産米, 精米: 非公開)
    ✨ [新規SKU抽出] 純米吟醸酒　釜屋　雫滴 [純米吟醸酒] (米: 国産米, 精米: 非公開)
    ✨ [新規SKU抽出] ひと夏越えの丸みを帯びた純米吟醸酒 [純米吟醸酒] (米: 国産米, 精米: 非公開)
    ✨ [新規SKU抽出] 力士 純米大吟醸 [純米大吟醸酒] (米: 国産米, 精米: 非公開)
    ✨ [新規SKU抽出] 上品でキレの良い純米大吟醸。 [純米大吟醸酒] (米: 国産米, 精米: 非公開)
    ✨ [新規SKU抽出] 芳醇な甘みと華やかな果実を想わせる吟醸香。 [吟醸酒] (米: 国産米, 精米: 非公開)
    ✨ [新規SKU抽出] 力士　大吟醸 [大吟醸酒] (米: 国産米, 精米: 非公開)
    ✨ [新規SKU抽出] 山田錦38％磨きの華やかな大吟醸。 [大吟醸酒] (米: 山田錦, 精米: 非公開)
    ✨ [新規SKU抽出] 純米大吟醸　加須の舞　スパークリング [純米大吟醸酒] (米: 国産米, 精米: 非公開)
    ✨ [新規SKU抽出] 純米大吟醸　加須の舞 [純米大吟醸酒] (米: 国産米, 精米: 非公開)
    ✨ [新規SKU抽出] 純米吟醸　加須の舞 [純米吟醸酒] (米: 国産米, 精米: 非公開)
    ✨ [新規SKU抽出] 純米大吟醸 明軽 [純米大吟醸酒] (米: 国産米, 精米: 非公開)
    ✨ [新規SKU抽出] 力士　純米酒 [純米酒] (米: 国産米, 精米: 非公開)
    ✨ [新規SKU抽出] 力士 純米酒 搾りたて生酒 [純米酒] (米: 国産米, 精米: 非公開)
    ✨ [新規SKU抽出] 純米酒 搾りたて生酒！！ [純米酒] (米: 国産米, 精米: 非公開)
    ✨ [新規SKU抽出] 釜屋 1994年醸造 特別本醸造 [特別本醸造酒] (米: 国産米, 精米: 非公開)
    ✨ [新規SKU抽出] 加須産の「山田錦」を50％まで磨いて醸した純米大吟醸のスパークリング。 [純米大吟醸酒] (米: 山田錦, 精米: 非公開)
    ✨ [新規SKU抽出] 米の甘みをしっかりと残し、甘みと酸味のバランスが絶妙で、純米大吟醸なら [純米大吟醸酒] (米: 国産米, 精米: 非公開)
    ✨ [新規SKU抽出] その山田錦を使用し、日本酒の分類では最高級といわれる純米大吟醸を仕込みました。 [純米大吟醸酒] (米: 山田錦, 精米: 非公開)
    ✨ [新規SKU抽出] 華やかな吟醸香。優しい口当たりの芳醇旨口酒。 [吟醸酒] (米: 国産米, 精米: 非公開)
  👉 株式会社 釜屋: 25 件の新規SKUを深層クローリングにより追加登録
[563/1376] 🏭 ID 2496: 石井酒造株式会社 (埼玉県) - https://www.ishii-syuzo.jp/home.html
[564/1376] 🏭 ID 2497: 滝澤酒造株式会社 (埼玉県) - https://kikuizumi.jp/
    ✨ [新規SKU抽出] 〈菊泉 吟醸酒〉ができるまでをご紹介します [吟醸酒] (米: 国産米, 精米: 非公開)
    ✨ [新規SKU抽出] 大吟醸 升田屋 [大吟醸酒] (米: 国産米, 精米: 非公開)
    ✨ [新規SKU抽出] 大吟醸 三年古酒 [大吟醸酒] (米: 国産米, 精米: 非公開)
    ✨ [新規SKU抽出] 菊泉 大吟醸秘蔵酒 [大吟醸酒] (米: 国産米, 精米: 非公開)
    ✨ [新規SKU抽出] 純米・吟醸 [吟醸酒] (米: 国産米, 精米: 非公開)
    ✨ [新規SKU抽出] 菊泉 吟醸酒 [吟醸酒] (米: 国産米, 精米: 非公開)
    ✨ [新規SKU抽出] 本醸造ふっかちゃんカップ [本醸造酒] (米: 国産米, 精米: 非公開)
    ✨ [新規SKU抽出] 菊泉 さけ武蔵吟醸生原酒 [吟醸酒] (米: 国産米, 精米: 非公開)
    ✨ [新規SKU抽出] さけ武蔵吟醸生原酒 [吟醸酒] (米: 国産米, 精米: 非公開)
    ✨ [新規SKU抽出] 2014年IWC金メダル受賞　菊泉　大吟醸秘蔵酒 [大吟醸酒] (米: 国産米, 精米: 非公開)
    ✨ [新規SKU抽出] 冷蔵庫で5年以上熟成させた大吟醸。 [大吟醸酒] (米: 国産米, 精米: 非公開)
    ✨ [新規SKU抽出] スパークリング純米酒。 [純米酒] (米: 国産米, 精米: 非公開)
  👉 滝澤酒造株式会社: 12 件の新規SKUを深層クローリングにより追加登録
[565/1376] 🏭 ID 2498: 大瀧酒造株式会社 (埼玉県) - https://otakisake.com/
[566/1376] 🏭 ID 2499: 清龍酒造株式会社 (埼玉県) - https://www.seiryu-syuzou.co.jp/syuzou/
[567/1376] 🏭 ID 2500: 晴雲酒造株式会社 (埼玉県) - https://seiun-sake.co.jp/
[568/1376] 🏭 ID 2501: 鈴木酒造株式会社 (埼玉県) - https://www.sakekura.net/
    ✨ [新規SKU抽出] 大手門生吟醸セット [吟醸酒] (米: 国産米, 精米: 非公開)
    ✨ [新規SKU抽出] 吟醸岩槻・原酒セット [吟醸酒] (米: 国産米, 精米: 非公開)
    ✨ [新規SKU抽出] 岩槻万両本醸造セット [本醸造酒] (米: 国産米, 精米: 非公開)
    ✨ [新規SKU抽出] 特別本醸造 [特別本醸造酒] (米: 国産米, 精米: 非公開)
    ✨ [新規SKU抽出] 吟醸生貯蔵 [吟醸酒] (米: 国産米, 精米: 非公開)
    ✨ [新規SKU抽出] 岩槻 吟醸 [吟醸酒] (米: 国産米, 精米: 非公開)
    ✨ [新規SKU抽出] 大手門　大吟醸 [大吟醸酒] (米: 国産米, 精米: 非公開)
    ✨ [新規SKU抽出] 吟醸の香りとふくいくとした味わいが特徴で香りと味のバランスの良さが絶妙です。 [吟醸酒] (米: 国産米, 精米: 非公開)
    ✨ [新規SKU抽出] 吟醸酒岩槻 [吟醸酒] (米: 国産米, 精米: 非公開)
    ✨ [新規SKU抽出] 大手門　純米酒 [純米酒] (米: 国産米, 精米: 非公開)
    ✨ [新規SKU抽出] 「まるい酒 π」純米吟醸 [純米吟醸酒] (米: 国産米, 精米: 非公開)
    ✨ [新規SKU抽出] 「まるい酒 π」純米大吟醸 [純米大吟醸酒] (米: 国産米, 精米: 非公開)
    ✨ [新規SKU抽出] 穏やかな吟醸香があり、くせがなくするすると飲み続けられる洗練された味わい。 [吟醸酒] (米: 国産米, 精米: 非公開)
    ✨ [新規SKU抽出] 吟の輝き純米大吟醸 [純米大吟醸酒] (米: 国産米, 精米: 非公開)
    ✨ [新規SKU抽出] 瑞薰大吟醸超特選 [大吟醸酒] (米: 国産米, 精米: 非公開)
    ✨ [新規SKU抽出] 白鶴城吟醸純米 [吟醸酒] (米: 国産米, 精米: 非公開)
    ✨ [新規SKU抽出] 大手門生吟醸セット / 日本酒の蔵元 埼玉の地酒｜酒蔵 鈴木酒造 [吟醸酒] (米: 国産米, 精米: 非公開)
    ✨ [新規SKU抽出] 大手門生吟醸セット各 [吟醸酒] (米: 国産米, 精米: 非公開)
    ✨ [新規SKU抽出] 大手門生吟醸6本入りセット各 [吟醸酒] (米: 国産米, 精米: 非公開)
    ✨ [新規SKU抽出] 大手門生吟醸3本セット各 [吟醸酒] (米: 国産米, 精米: 非公開)
    ✨ [新規SKU抽出] 万両カップ　本醸造辛口 [本醸造酒] (米: 国産米, 精米: 非公開)
    ✨ [新規SKU抽出] ひなの舞特撰本醸造 [本醸造酒] (米: 国産米, 精米: 非公開)
    ✨ [新規SKU抽出] 初しぼり・にごり酒セット各 [普通酒] (米: 国産米, 精米: 非公開)
  👉 鈴木酒造株式会社: 23 件の新規SKUを深層クローリングにより追加登録
[569/1376] 🏭 ID 2503: 五十嵐酒造株式会社 (埼玉県) - https://www.snw.co.jp/~iga_s/
[570/1376] 🏭 ID 2504: 有限会社 藤橋藤三郎商店 (埼玉県) - https://azuma.backnumber.shop/
    ✨ [新規SKU抽出] にごり酒フレッシュな新酒絞りました [普通酒] (米: 国産米, 精米: 非公開)
    ✨ [新規SKU抽出] 毎年恒例、1発目の新酒「生原酒にごり酒」ができました。 [普通酒] (米: 国産米, 精米: 非公開)
    ✨ [新規SKU抽出] 「ひやおろし」はじめました [普通酒] (米: 国産米, 精米: 非公開)
    ✨ [新規SKU抽出] 当蔵最高品質、大吟醸生原酒「煌」販売開始です [大吟醸酒] (米: 国産米, 精米: 非公開)
    ✨ [新規SKU抽出] 待望の新酒「生原酒にごり酒」販売開始しました！ [普通酒] (米: 国産米, 精米: 非公開)
    ✨ [新規SKU抽出] 当蔵最高品質 大吟醸原酒「雫」の新酒生酒 大吟醸生原酒「煌」できました [大吟醸酒] (米: 国産米, 精米: 非公開)
    ✨ [新規SKU抽出] 毎年大人気の純米大吟醸無濾過生原酒「手汲酒」新酒出来ました✨ [純米大吟醸酒] (米: 国産米, 精米: 非公開)
    ✨ [新規SKU抽出] 「大吟醸オリジナル一万円札ラベル」が新しく、よりリアルになりました！ [大吟醸酒] (米: 国産米, 精米: 非公開)
    ✨ [新規SKU抽出] 新酒　第５弾　「特別純米　しぼりたて」販売開始 [特別純米酒] (米: 国産米, 精米: 非公開)
    ✨ [新規SKU抽出] 新酒　第４弾　「特別本醸造　蔵出し新酒」販売開始 [特別本醸造酒] (米: 国産米, 精米: 非公開)
    ✨ [新規SKU抽出] 新酒　第３弾　「特別純米　生原酒　あらばしり」販売開始 [特別純米酒] (米: 国産米, 精米: 非公開)
    ✨ [新規SKU抽出] 新酒　第２弾　「純米吟醸　生原酒　手汲酒」販売開始 [純米吟醸酒] (米: 国産米, 精米: 非公開)
    ✨ [新規SKU抽出] 新酒　第１弾　「にごり酒」販売開始 [普通酒] (米: 国産米, 精米: 非公開)
    ✨ [新規SKU抽出] 特別純米酒「畠山重忠」のラベルは巴御前との一騎打ち！ [特別純米酒] (米: 国産米, 精米: 非公開)
    ✨ [新規SKU抽出] 毎年大人気の新酒、無濾過生原酒「手汲酒」の販売開始です [普通酒] (米: 国産米, 精米: 非公開)
    ✨ [新規SKU抽出] 幻の「にごり酒」 販売開始しました！ [普通酒] (米: 国産米, 精米: 非公開)
    ✨ [新規SKU抽出] 秋の風物詩「ひやおろし」販売始まりました [普通酒] (米: 国産米, 精米: 非公開)
    ✨ [新規SKU抽出] 純米大吟醸生原酒にごり微発砲「かすみ」出荷開始！ [純米大吟醸酒] (米: 国産米, 精米: 非公開)
    ✨ [新規SKU抽出] 2021年大河ドラマ「青天を衝け（つけ）」公認ラベルの特別純米酒登場！ [特別純米酒] (米: 国産米, 精米: 非公開)
    ✨ [新規SKU抽出] 純米大吟醸　無濾過生原酒「かすみ」完売のお知らせ [純米大吟醸酒] (米: 国産米, 精米: 非公開)
    ✨ [新規SKU抽出] にごり酒　純米大吟醸の辛口スパークリング「かすみ」が登場！ [純米大吟醸酒] (米: 国産米, 精米: 非公開)
    ✨ [新規SKU抽出] ふるさと納税でお得にお酒をGET！③深谷の地酒豪華大吟醸3本セット [大吟醸酒] (米: 国産米, 精米: 非公開)
    ✨ [新規SKU抽出] 純米大吟醸 「栄一翁」 素敵なラベルで登場！ [純米大吟醸酒] (米: 国産米, 精米: 非公開)
    ✨ [新規SKU抽出] 新酒　3種　「醇（じゅん）・粋（すい）・吟醸生貯蔵酒」販売開始 [吟醸酒] (米: 国産米, 精米: 非公開)
    ✨ [新規SKU抽出] ご好評につきテレビ放送されたにごり酒今季分は完売致しました [普通酒] (米: 国産米, 精米: 非公開)
    ✨ [新規SKU抽出] 純米大吟醸無濾過生原酒 手汲酒 [純米大吟醸酒] (米: 国産米, 精米: 非公開)
    ✨ [新規SKU抽出] 人気商品の純米大吟醸「栄一翁」の無濾過、生原酒のタイプのお酒です。 [純米大吟醸酒] (米: 国産米, 精米: 非公開)
    ✨ [新規SKU抽出] 大吟醸　渋沢栄一（オリジナル壱万円札肖像ラベル） [大吟醸酒] (米: 国産米, 精米: 非公開)
    ✨ [新規SKU抽出] 大吟醸　原酒　雫 [大吟醸酒] (米: 国産米, 精米: 非公開)
    ✨ [新規SKU抽出] 純米大吟醸　栄一翁 [純米大吟醸酒] (米: 国産米, 精米: 非公開)
    ✨ [新規SKU抽出] 深谷の地酒 東白菊 / 特別本醸造 [特別本醸造酒] (米: 国産米, 精米: 非公開)
    ✨ [新規SKU抽出] 特別本醸造　岡部六弥太 [特別本醸造酒] (米: 国産米, 精米: 非公開)
    ✨ [新規SKU抽出] 純米大吟醸無濾過原酒生貯蔵　手汲酒 [純米大吟醸酒] (米: 国産米, 精米: 非公開)
    ✨ [新規SKU抽出] 純米大吟醸 中山道 深谷宿 [純米大吟醸酒] (米: 国産米, 精米: 非公開)
    ✨ [新規SKU抽出] 特別純米　生原酒　あらばしり [特別純米酒] (米: 国産米, 精米: 非公開)
    ✨ [新規SKU抽出] 特別純米　畠山重忠 [特別純米酒] (米: 国産米, 精米: 非公開)
    ✨ [新規SKU抽出] 特別本醸造 平九郎(へいくろう) [特別本醸造酒] (米: 国産米, 精米: 非公開)
    ✨ [新規SKU抽出] 特別純米酒 東白菊 渋沢栄一(青天を衝け) [特別純米酒] (米: 国産米, 精米: 非公開)
    ✨ [新規SKU抽出] 大吟醸　忠恕 [大吟醸酒] (米: 国産米, 精米: 非公開)
    ✨ [新規SKU抽出] 本醸造原酒　蔵元原酒 [本醸造酒] (米: 国産米, 精米: 非公開)
    ✨ [新規SKU抽出] 特別本醸造 深谷の地酒 [特別本醸造酒] (米: 国産米, 精米: 非公開)
    ✨ [新規SKU抽出] 大吟醸原酒　生原酒　煌(きらめき) [大吟醸酒] (米: 国産米, 精米: 非公開)
    ✨ [新規SKU抽出] 特別純米酒　城祉宴 [特別純米酒] (米: 国産米, 精米: 非公開)
    ✨ [新規SKU抽出] リーズナブルだけど旨い純米酒 [純米酒] (米: 国産米, 精米: 非公開)
  👉 有限会社 藤橋藤三郎商店: 44 件の新規SKUを深層クローリングにより追加登録
[571/1376] 🏭 ID 2505: 内木酒造株式会社 (埼玉県) - https://uchiki-s.wixsite.com/uchikisake
    ✨ [新規SKU抽出] 旭正宗 大吟醸 [大吟醸酒] (米: 国産米, 精米: 非公開)
    ✨ [新規SKU抽出] ●旭正宗 純米吟醸​ [純米吟醸酒] (米: 国産米, 精米: 非公開)
    ✨ [新規SKU抽出] ​●旭正宗 特別純米酒 [特別純米酒] (米: 国産米, 精米: 非公開)
    ✨ [新規SKU抽出] 純（純米酒） [純米酒] (米: 国産米, 精米: 非公開)
    ✨ [新規SKU抽出] うらら　（本醸造） [本醸造酒] (米: 国産米, 精米: 非公開)
    ✨ [新規SKU抽出] 旭正宗 本醸造 [本醸造酒] (米: 国産米, 精米: 非公開)
    ✨ [新規SKU抽出] 旭正宗 吟醸生酒 [吟醸酒] (米: 国産米, 精米: 非公開)
  👉 内木酒造株式会社: 7 件の新規SKUを深層クローリングにより追加登録
[572/1376] 🏭 ID 2506: 有限会社 佐藤酒造店 (埼玉県) - http://www.satoshuzou.co.jp
    ✨ [新規SKU抽出] 佐藤酒造店が造る香梅・大吟醸・吟醸などといった、通常商品のご紹介です。 [大吟醸酒] (米: 国産米, 精米: 非公開)
    ✨ [新規SKU抽出] 日本酒をベースとしたリキュール類のご紹介です。 [リキュール] (米: 国産米, 精米: 非公開)
    ✨ [新規SKU抽出] 越生梅林　大吟醸 [大吟醸酒] (米: 国産米, 精米: 非公開)
    ✨ [新規SKU抽出] 越生梅林大吟醸　味マップ [大吟醸酒] (米: 国産米, 精米: 非公開)
    ✨ [新規SKU抽出] 越生梅林　特別純米酒 [特別純米酒] (米: 国産米, 精米: 非公開)
    ✨ [新規SKU抽出] 越生梅林　純米大吟醸 [純米大吟醸酒] (米: 国産米, 精米: 非公開)
    ✨ [新規SKU抽出] 越生梅林純米大吟醸　味マップ [純米大吟醸酒] (米: 国産米, 精米: 非公開)
    ✨ [新規SKU抽出] 越生梅林　純米大吟醸（雄町） [純米大吟醸酒] (米: 雄町, 精米: 非公開)
    ✨ [新規SKU抽出] 越生梅林純米大吟醸（雄町）　味マップ [純米大吟醸酒] (米: 雄町, 精米: 非公開)
    ✨ [新規SKU抽出] 越生梅林　純米吟醸 [純米吟醸酒] (米: 国産米, 精米: 非公開)
    ✨ [新規SKU抽出] 口に含むと、米の旨みと穏やかな吟醸香。 [吟醸酒] (米: 国産米, 精米: 非公開)
    ✨ [新規SKU抽出] まりこの酒　純米吟醸 [純米吟醸酒] (米: 国産米, 精米: 非公開)
    ✨ [新規SKU抽出] 越生梅林 山廃純米酒 [純米酒] (米: 国産米, 精米: 非公開)
    ✨ [新規SKU抽出] 越生梅林特別純米酒　味マップ [特別純米酒] (米: 国産米, 精米: 非公開)
    ✨ [新規SKU抽出] 越生梅林　特別本醸造 [特別本醸造酒] (米: 国産米, 精米: 非公開)
    ✨ [新規SKU抽出] 越生梅林特別本醸造　味マップ [特別本醸造酒] (米: 国産米, 精米: 非公開)
    ✨ [新規SKU抽出] 中吟醸タイプの本醸造。 [吟醸酒] (米: 国産米, 精米: 非公開)
    ✨ [新規SKU抽出] 越生梅林　純米酒 [純米酒] (米: 国産米, 精米: 非公開)
    ✨ [新規SKU抽出] 越生梅林純米酒　味マップ [純米酒] (米: 国産米, 精米: 非公開)
    ✨ [新規SKU抽出] 越生梅林　山廃辛口 [普通酒] (米: 国産米, 精米: 非公開)
    ✨ [新規SKU抽出] 越生梅林山廃辛口　味マップ [普通酒] (米: 国産米, 精米: 非公開)
    ✨ [新規SKU抽出] 🍶純米吟醸生原酒 青ラベル [純米吟醸酒] (米: 国産米, 精米: 非公開)
    ✨ [新規SKU抽出] 越生梅林　本醸造生酒 [本醸造酒] (米: 国産米, 精米: 非公開)
    ✨ [新規SKU抽出] 越生梅林　本醸造生貯蔵酒 [本醸造酒] (米: 国産米, 精米: 非公開)
    ✨ [新規SKU抽出] 越生梅林本醸造生酒　味マップ [本醸造酒] (米: 国産米, 精米: 非公開)
    ✨ [新規SKU抽出] まりこのさけ（純米吟醸原酒） 第12弾 [純米吟醸酒] (米: 国産米, 精米: 非公開)
    ✨ [新規SKU抽出] まりこのさけ純米吟醸　味マップ [純米吟醸酒] (米: 国産米, 精米: 非公開)
    ✨ [新規SKU抽出] 山廃純米原酒 -熟成酒- [純米酒] (米: 国産米, 精米: 非公開)
    ✨ [新規SKU抽出] 山廃純米原酒 -熟成酒-　味マップ [純米酒] (米: 国産米, 精米: 非公開)
  👉 有限会社 佐藤酒造店: 29 件の新規SKUを深層クローリングにより追加登録
[573/1376] 🏭 ID 2507: 小江戸鏡山酒造株式会社 (埼玉県) - https://www.kagamiyama.jp/
    ✨ [新規SKU抽出] 大吟醸（山田錦） [大吟醸酒] (米: 山田錦, 精米: 非公開)
    ✨ [新規SKU抽出] さけ武蔵大吟醸 [大吟醸酒] (米: 国産米, 精米: 非公開)
    ✨ [新規SKU抽出] ミニ菰樽 純米酒 [純米酒] (米: 国産米, 精米: 非公開)
    ✨ [新規SKU抽出] 純米吟醸新酒搾りたて [純米吟醸酒] (米: 国産米, 精米: 非公開)
    ✨ [新規SKU抽出] 純米吟醸おりがらみ [純米吟醸酒] (米: 国産米, 精米: 非公開)
    ✨ [新規SKU抽出] 鏡山 特別純米無濾過生原酒(雄町） [特別純米酒] (米: 雄町, 精米: 非公開)
    ✨ [新規SKU抽出] 純米吟醸生酒 [純米吟醸酒] (米: 国産米, 精米: 非公開)
    ✨ [新規SKU抽出] 純米生酛無垢 [純米酒] (米: 国産米, 精米: 非公開)
    ✨ [新規SKU抽出] 純米熟成生酛原酒 [純米酒] (米: 国産米, 精米: 非公開)
  👉 小江戸鏡山酒造株式会社: 9 件の新規SKUを深層クローリングにより追加登録
[574/1376] 🏭 ID 2508: 株式会社東亜酒造 (埼玉県) - https://www.toashuzo.com/
    ✨ [新規SKU抽出] 神の泉　純米酒 [純米酒] (米: 国産米, 精米: 非公開)
    ✨ [新規SKU抽出] 晴菊特別純米酒メイン写真 [特別純米酒] (米: 国産米, 精米: 非公開)
    ✨ [新規SKU抽出] 晴菊特別純米酒ラベル [特別純米酒] (米: 国産米, 精米: 非公開)
    ✨ [新規SKU抽出] 晴菊大吟醸メイン写真 [大吟醸酒] (米: 国産米, 精米: 非公開)
    ✨ [新規SKU抽出] 晴菊大吟醸ラベル [大吟醸酒] (米: 国産米, 精米: 非公開)
    ✨ [新規SKU抽出] 神の泉純米酒メイン写真 [純米酒] (米: 国産米, 精米: 非公開)
    ✨ [新規SKU抽出] 神の泉純米酒ラべル [純米酒] (米: 国産米, 精米: 非公開)
  👉 株式会社東亜酒造: 7 件の新規SKUを深層クローリングにより追加登録
[575/1376] 🏭 ID 2509: 川端酒造株式会社 (埼玉県) - https://www.kawabatashuzou.co.jp/
    ✨ [新規SKU抽出] No13 しぼりたて純米原酒,No.14 しぼりたて純米酒 [純米酒] (米: 国産米, 精米: 非公開)
    ✨ [新規SKU抽出] しぼりたて生酒 [普通酒] (米: 国産米, 精米: 非公開)
    ✨ [新規SKU抽出] しぼりたて生純米原酒・しぼりたて生純米酒 [純米酒] (米: 国産米, 精米: 非公開)
    ✨ [新規SKU抽出] No,1 大吟醸 [大吟醸酒] (米: 国産米, 精米: 非公開)
    ✨ [新規SKU抽出] しぼりたて純米酒 [純米酒] (米: 国産米, 精米: 非公開)
    ✨ [新規SKU抽出] No,8本醸造辛口 [本醸造酒] (米: 国産米, 精米: 非公開)
    ✨ [新規SKU抽出] H29 1月26日　今シーズンの28年度の純米酒が出来ました。 [純米酒] (米: 国産米, 精米: 非公開)
    ✨ [新規SKU抽出] しぼりたて純米生酒 [純米酒] (米: 国産米, 精米: 非公開)
    ✨ [新規SKU抽出] のしぼりたて生酒の販売を始めました。 [普通酒] (米: 国産米, 精米: 非公開)
  👉 川端酒造株式会社: 9 件の新規SKUを深層クローリングにより追加登録
[576/1376] 🏭 ID 2510: 横田酒造株式会社 (埼玉県) - https://yokota-shuzou.co.jp
    ✨ [新規SKU抽出] 日本橋 大吟醸 [大吟醸酒] (米: 国産米, 精米: 非公開)
    ✨ [新規SKU抽出] 日本橋 本醸造 [本醸造酒] (米: 国産米, 精米: 非公開)
    ✨ [新規SKU抽出] 日本橋 濃醇純米酒 江戸の宴 – [純米酒] (米: 国産米, 精米: 非公開)
    ✨ [新規SKU抽出] 日本橋 純米酒 [純米酒] (米: 国産米, 精米: 非公開)
    ✨ [新規SKU抽出] 日本橋大吟醸しずく – [大吟醸酒] (米: 国産米, 精米: 非公開)
    ✨ [新規SKU抽出] 浮城 本醸造辛口 – [本醸造酒] (米: 国産米, 精米: 非公開)
    ✨ [新規SKU抽出] 浮城 純米吟醸 姫の舞 [純米吟醸酒] (米: 国産米, 精米: 非公開)
    ✨ [新規SKU抽出] リキュール [リキュール] (米: 国産米, 精米: 非公開)
    ✨ [新規SKU抽出] 酒蔵の梅酒 [リキュール] (米: 国産米, 精米: 非公開)
    ✨ [新規SKU抽出] 日本橋 本醸造 | 横田酒造 [本醸造酒] (米: 国産米, 精米: 非公開)
    ✨ [新規SKU抽出] 日本橋 本醸造個 [本醸造酒] (米: 国産米, 精米: 非公開)
    ✨ [新規SKU抽出] 日本橋 大吟醸 | 横田酒造 [大吟醸酒] (米: 国産米, 精米: 非公開)
    ✨ [新規SKU抽出] 日本橋 大吟醸個 [大吟醸酒] (米: 国産米, 精米: 非公開)
    ✨ [新規SKU抽出] 純米酒 | 横田酒造 [純米酒] (米: 国産米, 精米: 非公開)
    ✨ [新規SKU抽出] 日本橋 大吟醸 金賞受賞酒 [大吟醸酒] (米: 国産米, 精米: 非公開)
  👉 横田酒造株式会社: 15 件の新規SKUを深層クローリングにより追加登録
[577/1376] 🏭 ID 2511: 株式会社矢尾本店 (埼玉県) - https://chichibunishiki.com/
    ✨ [新規SKU抽出] ブランデー梅酒　秩父葡萄火酒 [リキュール] (米: 国産米, 精米: 非公開)
    ✨ [新規SKU抽出] 秩父錦　純米吟醸 [純米吟醸酒] (米: 国産米, 精米: 非公開)
    ✨ [新規SKU抽出] 秩父錦　特選大吟醸 [大吟醸酒] (米: 国産米, 精米: 非公開)
    ✨ [新規SKU抽出] 秩父錦　大吟醸 [大吟醸酒] (米: 国産米, 精米: 非公開)
    ✨ [新規SKU抽出] 秩父錦　純米大吟醸 [純米大吟醸酒] (米: 国産米, 精米: 非公開)
    ✨ [新規SKU抽出] 全国燗酒コンテスト2017 金賞受賞秩父錦　特別純米酒 [特別純米酒] (米: 国産米, 精米: 非公開)
    ✨ [新規SKU抽出] 秩父錦　特別純米酒 [特別純米酒] (米: 国産米, 精米: 非公開)
    ✨ [新規SKU抽出] 秩父錦　特別本醸造 [特別本醸造酒] (米: 国産米, 精米: 非公開)
    ✨ [新規SKU抽出] 秩父錦　吟醸酒 [吟醸酒] (米: 国産米, 精米: 非公開)
  👉 株式会社矢尾本店: 9 件の新規SKUを深層クローリングにより追加登録
[578/1376] 🏭 ID 2512: 株式会社 小山本家酒造 (埼玉県) - https://www.koyamahonke.co.jp/
    ✨ [新規SKU抽出] 「おいしい大吟醸」がITI優秀味覚賞2026 三ツ星受賞 [大吟醸酒] (米: 国産米, 精米: 非公開)
    ✨ [新規SKU抽出] 金紋世界鷹純米吟醸 [純米吟醸酒] (米: 国産米, 精米: 非公開)
    ✨ [新規SKU抽出] 純米大吟醸酒・純米吟醸酒 [純米大吟醸酒] (米: 国産米, 精米: 非公開)
    ✨ [新規SKU抽出] 大吟醸酒・吟醸酒 [大吟醸酒] (米: 国産米, 精米: 非公開)
    ✨ [新規SKU抽出] ｢おいしい大吟醸｣ブランドサイト [大吟醸酒] (米: 国産米, 精米: 非公開)
    ✨ [新規SKU抽出] 世かい鷹 純米大吟醸 [純米大吟醸酒] (米: 国産米, 精米: 非公開)
    ✨ [新規SKU抽出] 金紋世界鷹吟醸50 [吟醸酒] (米: 国産米, 精米: 非公開)
    ✨ [新規SKU抽出] にごり酒ボール酒場 [普通酒] (米: 国産米, 精米: 非公開)
    ✨ [新規SKU抽出] 純米酒 米一途 [純米酒] (米: 国産米, 精米: 非公開)
    ✨ [新規SKU抽出] 東京盛 純米大吟醸 [純米大吟醸酒] (米: 国産米, 精米: 非公開)
    ✨ [新規SKU抽出] 東京盛 純米吟醸 [純米吟醸酒] (米: 国産米, 精米: 非公開)
    ✨ [新規SKU抽出] ｢おいしい大吟醸｣ [大吟醸酒] (米: 国産米, 精米: 非公開)
    ✨ [新規SKU抽出] 大吟醸 越後桜 [大吟醸酒] (米: 国産米, 精米: 非公開)
    ✨ [新規SKU抽出] 越乃雪椿 純米吟醸｢花｣ [純米吟醸酒] (米: 国産米, 精米: 非公開)
    ✨ [新規SKU抽出] 山田錦大吟醸 匠 [大吟醸酒] (米: 山田錦, 精米: 非公開)
    ✨ [新規SKU抽出] 浜福鶴 備前雄町大吟醸 [大吟醸酒] (米: 雄町, 精米: 非公開)
    ✨ [新規SKU抽出] 金紋世界鷹純米吟醸 | 小山本家酒造 [純米吟醸酒] (米: 国産米, 精米: 非公開)
    ✨ [新規SKU抽出] 世かい鷹 純米大吟醸 | 小山本家酒造 [純米大吟醸酒] (米: 国産米, 精米: 非公開)
    ✨ [新規SKU抽出] 金紋世界鷹吟醸50 | 小山本家酒造 [吟醸酒] (米: 国産米, 精米: 非公開)
  👉 株式会社 小山本家酒造: 19 件の新規SKUを深層クローリングにより追加登録
[579/1376] 🏭 ID 2681: 梅錦山川株式会社 (愛媛県) - https://www.umenishiki.com/
    ✨ [新規SKU抽出] SAKASO!純米吟醸酒 [純米吟醸酒] (米: 国産米, 精米: 非公開)
    ✨ [新規SKU抽出] 純米大吟醸酒 [純米大吟醸酒] (米: 国産米, 精米: 非公開)
    ✨ [新規SKU抽出] 大吟醸酒 [大吟醸酒] (米: 国産米, 精米: 非公開)
    ✨ [新規SKU抽出] 純米吟醸酒 [純米吟醸酒] (米: 国産米, 精米: 非公開)
    ✨ [新規SKU抽出] 本醸造酒 [本醸造酒] (米: 国産米, 精米: 非公開)
    ✨ [新規SKU抽出] リキュール [リキュール] (米: 国産米, 精米: 非公開)
    ✨ [新規SKU抽出] 純米大吟醸生酒3本セット [純米大吟醸酒] (米: 国産米, 精米: 非公開)
    ✨ [新規SKU抽出] 純米大吟醸生酒2本セット [純米大吟醸酒] (米: 国産米, 精米: 非公開)
    ✨ [新規SKU抽出] 純米大吟醸・白鶴錦 [純米大吟醸酒] (米: 白鶴錦, 精米: 非公開)
    ✨ [新規SKU抽出] 大吟醸辛口 [大吟醸酒] (米: 国産米, 精米: 非公開)
    ✨ [新規SKU抽出] 純米大吟醸生酒 [純米大吟醸酒] (米: 国産米, 精米: 非公開)
  👉 梅錦山川株式会社: 11 件の新規SKUを深層クローリングにより追加登録
[580/1376] 🏭 ID 2682: 近藤酒造株式会社 (愛媛県) - http://www.kondousyuzou.com/
    ✨ [新規SKU抽出] 「吟醸酒の部」優等賞 /平成21年～25年、平成27年 [吟醸酒] (米: 国産米, 精米: 非公開)
    ✨ [新規SKU抽出] 華姫桜 純米酒 [純米酒] (米: 国産米, 精米: 非公開)
    ✨ [新規SKU抽出] 華姫桜 純米大吟醸無濾過原酒 （桐箱入） [純米大吟醸酒] (米: 国産米, 精米: 非公開)
    ✨ [新規SKU抽出] 『愛あるリキュール』 愛媛みかんde酒 [リキュール] (米: 国産米, 精米: 非公開)
    ✨ [新規SKU抽出] 華姫桜 純米大吟醸無濾過原酒（桐箱入） [純米大吟醸酒] (米: 国産米, 精米: 非公開)
    ✨ [新規SKU抽出] 華姫桜　大吟醸酒　1, [大吟醸酒] (米: 国産米, 精米: 非公開)
    ✨ [新規SKU抽出] 華姫桜 無濾過純米大吟醸 煌き [純米大吟醸酒] (米: 国産米, 精米: 非公開)
    ✨ [新規SKU抽出] 華姫桜 しずく媛 無濾過純米吟醸原酒 [純米吟醸酒] (米: 国産米, 精米: 非公開)
    ✨ [新規SKU抽出] 華姫桜 吟醸酒 [吟醸酒] (米: 国産米, 精米: 非公開)
    ✨ [新規SKU抽出] 華姫桜　純米酒 [純米酒] (米: 国産米, 精米: 非公開)
    ✨ [新規SKU抽出] 本醸造酒 [本醸造酒] (米: 国産米, 精米: 非公開)
    ✨ [新規SKU抽出] 純米吟醸酒 [純米吟醸酒] (米: 国産米, 精米: 非公開)
    ✨ [新規SKU抽出] 大吟醸酒 [大吟醸酒] (米: 国産米, 精米: 非公開)
    ✨ [新規SKU抽出] 純米大吟醸酒 [純米大吟醸酒] (米: 国産米, 精米: 非公開)
    ✨ [新規SKU抽出] 梅酒・リキュール [リキュール] (米: 国産米, 精米: 非公開)
  👉 近藤酒造株式会社: 15 件の新規SKUを深層クローリングにより追加登録
[581/1376] 🏭 ID 2684: 石鎚酒造株式会社 (愛媛県) - https://ishizuchi.co.jp/
    ✨ [新規SKU抽出] Kura Master2026 純米酒51-65％部門で金賞を受賞 [純米酒] (米: 国産米, 精米: 非公開)
    ✨ [新規SKU抽出] 夏季限定商品「石鎚　吟醸酒　夏吟」 [吟醸酒] (米: 国産米, 精米: 非公開)
  👉 石鎚酒造株式会社: 2 件の新規SKUを深層クローリングにより追加登録
[582/1376] 🏭 ID 2685: 首藤酒造株式会社 (愛媛県) - http://sukigokoro.co.jp/
    ✨ [新規SKU抽出] 山田錦35％ 純米大吟醸 [純米大吟醸酒] (米: 山田錦, 精米: 非公開)
    ✨ [新規SKU抽出] 山田錦 大吟醸 [大吟醸酒] (米: 山田錦, 精米: 非公開)
    ✨ [新規SKU抽出] 大吟醸は全国新酒品評会で [大吟醸酒] (米: 国産米, 精米: 非公開)
    ✨ [新規SKU抽出] 山田錦50% 純米大吟醸 [純米大吟醸酒] (米: 山田錦, 精米: 50%)
    ✨ [新規SKU抽出] しずく媛 純米大吟醸 [純米大吟醸酒] (米: 国産米, 精米: 非公開)
    ✨ [新規SKU抽出] ニコマル 純米大吟醸 [純米大吟醸酒] (米: 国産米, 精米: 非公開)
    ✨ [新規SKU抽出] コシヒカリ 純米大吟醸 [純米大吟醸酒] (米: 国産米, 精米: 非公開)
    ✨ [新規SKU抽出] 山田錦 純米吟醸 [純米吟醸酒] (米: 山田錦, 精米: 非公開)
    ✨ [新規SKU抽出] しずく媛 純米吟醸 [純米吟醸酒] (米: 国産米, 精米: 非公開)
    ✨ [新規SKU抽出] 松山三井 純米吟醸 [純米吟醸酒] (米: 国産米, 精米: 非公開)
    ✨ [新規SKU抽出] 雄町 純米吟醸 [純米吟醸酒] (米: 雄町, 精米: 非公開)
    ✨ [新規SKU抽出] 五百万石 純米吟醸 [純米吟醸酒] (米: 五百万石, 精米: 非公開)
    ✨ [新規SKU抽出] 山田錦 純米酒 [純米酒] (米: 山田錦, 精米: 非公開)
    ✨ [新規SKU抽出] 松山三井 純米酒 [純米酒] (米: 国産米, 精米: 非公開)
    ✨ [新規SKU抽出] ニコマル 純米酒 [純米酒] (米: 国産米, 精米: 非公開)
  👉 首藤酒造株式会社: 15 件の新規SKUを深層クローリングにより追加登録
[583/1376] 🏭 ID 2686: 武田酒造株式会社 (愛媛県) - http://www.yamatogokoro.co.jp
    ✨ [新規SKU抽出] 媛一会　夏酒　純米吟醸　一度火入出荷開始！ [純米吟醸酒] (米: 国産米, 精米: 非公開)
    ✨ [新規SKU抽出] 令和７年　限定　大吟醸熟成酒　武田熟　販売開始！ [大吟醸酒] (米: 国産米, 精米: 非公開)
    ✨ [新規SKU抽出] 媛一会流　五百万石で醸す純米吟醸　登場！ [純米吟醸酒] (米: 五百万石, 精米: 非公開)
    ✨ [新規SKU抽出] 媛一会　田打ち　純米吟醸 [純米吟醸酒] (米: 国産米, 精米: 非公開)
    ✨ [新規SKU抽出] 媛一会　泉水仕込　純米吟醸　UK-７ [純米吟醸酒] (米: 国産米, 精米: 非公開)
    ✨ [新規SKU抽出] 米本来の心地よい香りとサラリとした喉ごしが特徴の純米酒。 愛媛県が開 [純米酒] (米: 国産米, 精米: 非公開)
    ✨ [新規SKU抽出] 媛一会　吟風　純米吟醸　火入原酒 [純米吟醸酒] (米: 国産米, 精米: 非公開)
    ✨ [新規SKU抽出] 北海道産吟風が草花のような吟醸香と繊細で心地良い余韻を演出。 [吟醸酒] (米: 国産米, 精米: 非公開)
    ✨ [新規SKU抽出] 媛一会　五百万石　純米吟醸　火入原酒 [純米吟醸酒] (米: 五百万石, 精米: 非公開)
    ✨ [新規SKU抽出] 福井県産五百万石を使った純米吟醸。軽快で爽やかな香りが自慢。 福井県 [純米吟醸酒] (米: 五百万石, 精米: 非公開)
    ✨ [新規SKU抽出] 媛一会　無濾過　純米吟醸　燗酒（冬季限定） [純米吟醸酒] (米: 国産米, 精米: 非公開)
    ✨ [新規SKU抽出] 米の旨味と香りを燗で楽しんでいただくために開発した生酒。 純米吟醸が [純米吟醸酒] (米: 国産米, 精米: 非公開)
    ✨ [新規SKU抽出] 媛一会　九號　純米吟醸　一度火入 [純米吟醸酒] (米: 国産米, 精米: 非公開)
    ✨ [新規SKU抽出] バナナ系の香りが上品な九號酵母を使い、低温発酵させた純米吟醸。 バナ [純米吟醸酒] (米: 国産米, 精米: 非公開)
    ✨ [新規SKU抽出] 媛一会　純米吟醸　無濾過瓶火入　夏越酒（秋季限定） [純米吟醸酒] (米: 国産米, 精米: 非公開)
    ✨ [新規SKU抽出] 媛一会　小槽搾り（こぶねしぼり）純米吟醸 [純米吟醸酒] (米: 国産米, 精米: 非公開)
    ✨ [新規SKU抽出] 媛一会　山廃仕込　純米吟醸　無濾過生原酒 [純米吟醸酒] (米: 国産米, 精米: 非公開)
    ✨ [新規SKU抽出] 山廃仕込で醸した純米吟醸を無垢な状態のまま瓶に詰めました。 蔵の味で [純米吟醸酒] (米: 国産米, 精米: 非公開)
    ✨ [新規SKU抽出] 媛一会　おりがらみ　純米吟醸　生酒（本数限定） [純米吟醸酒] (米: 国産米, 精米: 非公開)
    ✨ [新規SKU抽出] 酒袋で４日間かけ丸一本をゆっくり搾ったうすにごりの純米吟醸。 酒袋で [純米吟醸酒] (米: 国産米, 精米: 非公開)
    ✨ [新規SKU抽出] 媛一会　純米吟醸　生原酒（本数限定） [純米吟醸酒] (米: 国産米, 精米: 非公開)
    ✨ [新規SKU抽出] 媛一会　夏酒　純米吟醸　一度火入（夏季限定） [純米吟醸酒] (米: 国産米, 精米: 非公開)
    ✨ [新規SKU抽出] 媛一会　純米吟醸　円月（えんげつ）一度火入 [純米吟醸酒] (米: 国産米, 精米: 非公開)
    ✨ [新規SKU抽出] 日本心　道　純米大吟醸 [純米大吟醸酒] (米: 国産米, 精米: 非公開)
    ✨ [新規SKU抽出] 武士道のごとく、酒造りに一本の筋を通した至高の純米大吟醸。 日本の心 [純米大吟醸酒] (米: 国産米, 精米: 非公開)
    ✨ [新規SKU抽出] 日本心 しずく酒 純米大吟醸 [純米大吟醸酒] (米: 国産米, 精米: 非公開)
    ✨ [新規SKU抽出] 日本心　瑠璃　純米大吟醸 [純米大吟醸酒] (米: 国産米, 精米: 非公開)
    ✨ [新規SKU抽出] 美しい瑠璃色の瓶が印象的な純米大吟醸。ご贈答にも最適です。 美しい瑠 [純米大吟醸酒] (米: 国産米, 精米: 非公開)
    ✨ [新規SKU抽出] 日本心　大吟醸 [大吟醸酒] (米: 国産米, 精米: 非公開)
    ✨ [新規SKU抽出] 山田錦を4 0％まで磨き、低温でじっくり発酵させた大吟醸。 兵庫県産 [大吟醸酒] (米: 山田錦, 精米: 非公開)
    ✨ [新規SKU抽出] 日本心　純米大吟醸 [純米大吟醸酒] (米: 国産米, 精米: 非公開)
    ✨ [新規SKU抽出] ゆっくり、じっくり醸した純米大吟醸。日本心を代表する銘酒。 兵庫県産 [純米大吟醸酒] (米: 国産米, 精米: 非公開)
    ✨ [新規SKU抽出] 日本心　道　純米吟醸 [純米吟醸酒] (米: 国産米, 精米: 非公開)
    ✨ [新規SKU抽出] 武士道のごとく、一本の筋を通した繊細かつキレのある純米吟醸。 日本の [純米吟醸酒] (米: 国産米, 精米: 非公開)
    ✨ [新規SKU抽出] 日本心　純米大吟醸　生酒 [純米大吟醸酒] (米: 国産米, 精米: 非公開)
    ✨ [新規SKU抽出] 松山三井使用の純米大吟醸生酒。香りと味わいのバランスが絶妙。 愛媛県 [純米大吟醸酒] (米: 国産米, 精米: 非公開)
    ✨ [新規SKU抽出] 日本心　袋搾り　純米大吟醸　生酒 [純米大吟醸酒] (米: 国産米, 精米: 非公開)
    ✨ [新規SKU抽出] 低温発酵させた後、酒袋でゆっくり搾った無濾過の純米大吟醸。 低温でじ [純米大吟醸酒] (米: 国産米, 精米: 非公開)
    ✨ [新規SKU抽出] 日本心　道　純米吟醸｜武田酒造｜yamatogokoro.co.jp [純米吟醸酒] (米: 国産米, 精米: 非公開)
    ✨ [新規SKU抽出] 武士道のごとく、一本の筋を通した繊細かつキレのある純米吟醸。 [純米吟醸酒] (米: 国産米, 精米: 非公開)
    ✨ [新規SKU抽出] 日本心　吟醸 [吟醸酒] (米: 国産米, 精米: 非公開)
    ✨ [新規SKU抽出] 日本心　袋搾り　辛口　大吟醸　いぶし銀 [大吟醸酒] (米: 国産米, 精米: 非公開)
    ✨ [新規SKU抽出] 日本心　生詰瓶囲　吟醸　茄子（なす） [吟醸酒] (米: 国産米, 精米: 非公開)
    ✨ [新規SKU抽出] 日本心　吟醸　生酒 [吟醸酒] (米: 国産米, 精米: 非公開)
    ✨ [新規SKU抽出] ジューシーな味わいと落ち着きのある吟醸香が特徴の吟醸生酒。 愛媛県産 [吟醸酒] (米: 国産米, 精米: 非公開)
    ✨ [新規SKU抽出] 日本心　純米吟醸 [純米吟醸酒] (米: 国産米, 精米: 非公開)
    ✨ [新規SKU抽出] 噛めば噛むほど旨味を増す松山三井の特徴を引き出した純米吟醸。 愛媛県 [純米吟醸酒] (米: 国産米, 精米: 非公開)
    ✨ [新規SKU抽出] 日本心　山廃仕込　純米吟醸 [純米吟醸酒] (米: 国産米, 精米: 非公開)
    ✨ [新規SKU抽出] 約50日の手間暇をかけ、山廃仕込で日本心の味を引き出しました。 仕込 [普通酒] (米: 国産米, 精米: 非公開)
    ✨ [新規SKU抽出] 日本心　生詰瓶囲　純米吟醸　黒（くろ） [純米吟醸酒] (米: 国産米, 精米: 非公開)
    ✨ [新規SKU抽出] 日本心　特別純米　蒲（がま） [特別純米酒] (米: 国産米, 精米: 非公開)
    ✨ [新規SKU抽出] 味の幅があり、昔から親しまれてきた酸の効いた特別純米酒。 味の幅があ [特別純米酒] (米: 国産米, 精米: 非公開)
    ✨ [新規SKU抽出] 日本心　純米酒　蔵人（くらびと） [純米酒] (米: 国産米, 精米: 非公開)
    ✨ [新規SKU抽出] 日本心の中でも歴史ある純米酒。飲み方により味わいが変わる。 日本心の [純米酒] (米: 国産米, 精米: 非公開)
    ✨ [新規SKU抽出] 糖類を使わず米だけで甘口に仕上げた、後口爽やかなにごり酒。 糖類を一 [普通酒] (米: 国産米, 精米: 非公開)
    ✨ [新規SKU抽出] シュワシュワとした酵母由来の天然の炭酸ガスを含んだにごり酒。 シュワ [普通酒] (米: 国産米, 精米: 非公開)
    ✨ [新規SKU抽出] 日本心　袋搾り　純米吟醸　無濾過生酒　白（しろ） [純米吟醸酒] (米: 国産米, 精米: 非公開)
    ✨ [新規SKU抽出] フレッシュさと柔らかな口当たりを同時に感じる純米吟醸の生酒。 酒袋を [純米吟醸酒] (米: 国産米, 精米: 非公開)
    ✨ [新規SKU抽出] 日本心　もち米四段仕込み　純米生原酒　緑（ろく） [純米酒] (米: 国産米, 精米: 非公開)
    ✨ [新規SKU抽出] 日本心　純米大吟醸｜武田酒造｜yamatogokoro.co.jp [純米大吟醸酒] (米: 国産米, 精米: 非公開)
    ✨ [新規SKU抽出] ゆっくり、じっくり醸した純米大吟醸。日本心を代表する銘酒。 [純米大吟醸酒] (米: 国産米, 精米: 非公開)
  👉 武田酒造株式会社: 61 件の新規SKUを深層クローリングにより追加登録
[584/1376] 🏭 ID 2687: 成龍酒造株式会社 (愛媛県) - http://www.seiryosyuzo.com/
    ✨ [新規SKU抽出] 準定番／責任仕込 Toshi’s 純米吟醸 火入 [純米吟醸酒] (米: 国産米, 精米: 非公開)
    ✨ [新規SKU抽出] ”プラチナ賞”受賞、純米吟醸黒ラベル。 フランスパリで開催された日本酒… [純米吟醸酒] (米: 国産米, 精米: 非公開)
    ✨ [新規SKU抽出] 純米吟醸酒粕 [純米吟醸酒] (米: 国産米, 精米: 非公開)
    ✨ [新規SKU抽出] 伊予賀儀屋の定番品「純米吟醸黒ラベル」から生まれた酒粕。 [純米吟醸酒] (米: 国産米, 精米: 非公開)
    ✨ [新規SKU抽出] 通年品成龍然　特別純米酒　The Plains [特別純米酒] (米: 国産米, 精米: 非公開)
    ✨ [新規SKU抽出] 春限定成龍然　特別純米酒 　うららか／麗（REI） [特別純米酒] (米: 国産米, 精米: 非公開)
    ✨ [新規SKU抽出] 夏限定成龍然　特別純米酒　すずかぜ／涼（RYO） [特別純米酒] (米: 国産米, 精米: 非公開)
    ✨ [新規SKU抽出] 秋限定成龍然　特別純米酒　あきふかし／穣（ＪＯ） [特別純米酒] (米: 国産米, 精米: 非公開)
    ✨ [新規SKU抽出] 冬限定成龍然　特別純米　ぎんせかい／凛（RIN） [特別純米酒] (米: 国産米, 精米: 非公開)
    ✨ [新規SKU抽出] US限定成龍然　特別純米　SURF／大海 [特別純米酒] (米: 国産米, 精米: 非公開)
    ✨ [新規SKU抽出] US限定成龍然　特別純米　TURF／大地 [特別純米酒] (米: 国産米, 精米: 非公開)
    ✨ [新規SKU抽出] 特別限定品成龍然　特別純米酒　自然栽培米 [特別純米酒] (米: 国産米, 精米: 非公開)
    ✨ [新規SKU抽出] 入荷情報／大吟醸酒かすぷりん [大吟醸酒] (米: 国産米, 精米: 非公開)
    ✨ [新規SKU抽出] 西条完熟梅酒 [リキュール] (米: 国産米, 精米: 非公開)
    ✨ [新規SKU抽出] 「伊予賀儀屋に梅酒があったんですか？」 最近、よく聞かれます。そうなん… [リキュール] (米: 国産米, 精米: 非公開)
  👉 成龍酒造株式会社: 15 件の新規SKUを深層クローリングにより追加登録
[585/1376] 🏭 ID 2688: 株式会社八木酒造部 (愛媛県) - https://www.yamatan.jp
    ✨ [新規SKU抽出] 夏空 純米吟醸 [純米吟醸酒] (米: 国産米, 精米: 非公開)
    ✨ [新規SKU抽出] 有機JAS認定取得の自然派純米酒 [純米酒] (米: 国産米, 精米: 非公開)
    ✨ [新規SKU抽出] 水もと製法で造った辛口純米酒 [純米酒] (米: 国産米, 精米: 非公開)
    ✨ [新規SKU抽出] 雫取り純米大吟醸 [純米大吟醸酒] (米: 国産米, 精米: 非公開)
    ✨ [新規SKU抽出] 最高の素材と伝承の技で醸した、究極の大吟醸原酒。 [大吟醸酒] (米: 国産米, 精米: 非公開)
    ✨ [新規SKU抽出] 刀 純米大吟醸 [純米大吟醸酒] (米: 国産米, 精米: 非公開)
    ✨ [新規SKU抽出] 刀をモチーフにした、切れの良い純米大吟醸。 [純米大吟醸酒] (米: 国産米, 精米: 非公開)
    ✨ [新規SKU抽出] 純米酒 松山三井 [純米酒] (米: 国産米, 精米: 非公開)
    ✨ [新規SKU抽出] 旨味と酸味のバランスが抜群の定番純米酒。 [純米酒] (米: 国産米, 精米: 非公開)
    ✨ [新規SKU抽出] 愛媛産米と愛媛県酵母で仕込んだ、フルーティかつドライな純米吟醸。 [純米吟醸酒] (米: 国産米, 精米: 非公開)
    ✨ [新規SKU抽出] 純米大吟醸 松山三井 [純米大吟醸酒] (米: 国産米, 精米: 非公開)
    ✨ [新規SKU抽出] とてもフルーティかつ軽やかな酸味の純米大吟醸。 [純米大吟醸酒] (米: 国産米, 精米: 非公開)
    ✨ [新規SKU抽出] 吟醸酒 [吟醸酒] (米: 国産米, 精米: 非公開)
    ✨ [新規SKU抽出] 花酵母と水もと製法の純米大吟醸 [純米大吟醸酒] (米: 国産米, 精米: 非公開)
    ✨ [新規SKU抽出] 最高級山田錦を35%まで磨きぬいた、贅沢な大吟醸酒。 [大吟醸酒] (米: 山田錦, 精米: 35%)
    ✨ [新規SKU抽出] 吟醸酒 1.8Ｌ [吟醸酒] (米: 国産米, 精米: 非公開)
  👉 株式会社八木酒造部: 16 件の新規SKUを深層クローリングにより追加登録
[586/1376] 🏭 ID 2689: 雪雀酒造株式会社 (愛媛県) - https://www.yukisuzume.com/
    ✨ [新規SKU抽出] 受賞酒が発表され、純米大吟醸部門で [純米大吟醸酒] (米: 国産米, 精米: 非公開)
    ✨ [新規SKU抽出] 「雪雀 純米大吟醸 宵い媛」がBRONZEを [純米大吟醸酒] (米: 国産米, 精米: 非公開)
    ✨ [新規SKU抽出] そして、杜氏の技が三位一体となって醸しだされた雪雀至高の純米大吟醸酒。 [純米大吟醸酒] (米: 国産米, 精米: 非公開)
  👉 雪雀酒造株式会社: 3 件の新規SKUを深層クローリングにより追加登録
[587/1376] 🏭 ID 2690: 桜うづまき酒造株式会社 (愛媛県) - https://www.sakurauzumaki.com
    ✨ [新規SKU抽出] リニューアル新発売岩城島のレモンリキュール　とろっとスウィート [リキュール] (米: 国産米, 精米: 非公開)
    ✨ [新規SKU抽出] リキュール [リキュール] (米: 国産米, 精米: 非公開)
    ✨ [新規SKU抽出] 凛然　純米大吟醸1800ｍｌ [純米大吟醸酒] (米: 国産米, 精米: 非公開)
    ✨ [新規SKU抽出] 純米大吟醸 1800 [純米大吟醸酒] (米: 国産米, 精米: 非公開)
    ✨ [新規SKU抽出] 凛然　純米大吟醸 [純米大吟醸酒] (米: 国産米, 精米: 非公開)
    ✨ [新規SKU抽出] 純米大吟醸 720 [純米大吟醸酒] (米: 国産米, 精米: 非公開)
    ✨ [新規SKU抽出] 凛然　純米吟醸 [純米吟醸酒] (米: 国産米, 精米: 非公開)
    ✨ [新規SKU抽出] 純米吟醸 1800 [純米吟醸酒] (米: 国産米, 精米: 非公開)
    ✨ [新規SKU抽出] 純米吟醸 720 [純米吟醸酒] (米: 国産米, 精米: 非公開)
    ✨ [新規SKU抽出] 純米酒 1800 [純米酒] (米: 国産米, 精米: 非公開)
    ✨ [新規SKU抽出] 純米酒 720 [純米酒] (米: 国産米, 精米: 非公開)
  👉 桜うづまき酒造株式会社: 11 件の新規SKUを深層クローリングにより追加登録
[588/1376] 🏭 ID 2691: 水口酒造株式会社 (愛媛県) - https://minakuchi-shuzo.jp/
    ✨ [新規SKU抽出] NIKITATSU 仁喜多津 純米大吟醸酒 [純米大吟醸酒] (米: 国産米, 精米: 非公開)
    ✨ [新規SKU抽出] NIKITATSU 仁喜多津 大吟醸酒 [大吟醸酒] (米: 国産米, 精米: 非公開)
    ✨ [新規SKU抽出] NIKITATSU 仁喜多津 純米吟醸酒 [純米吟醸酒] (米: 国産米, 精米: 非公開)
    ✨ [新規SKU抽出] NIKITATSU 仁喜多津 純米酒 [純米酒] (米: 国産米, 精米: 非公開)
    ✨ [新規SKU抽出] NIKITATSU2025 仁喜多津 純米大吟醸酒 [純米大吟醸酒] (米: 国産米, 精米: 非公開)
    ✨ [新規SKU抽出] NIKITATSU2024 仁喜多津 純米大吟醸酒 [純米大吟醸酒] (米: 国産米, 精米: 非公開)
    ✨ [新規SKU抽出] NIKITATSU2025 仁喜多津 純米大吟醸酒の数量を減らす [純米大吟醸酒] (米: 国産米, 精米: 非公開)
    ✨ [新規SKU抽出] NIKITATSU2025 仁喜多津 純米大吟醸酒の数量を増やす [純米大吟醸酒] (米: 国産米, 精米: 非公開)
    ✨ [新規SKU抽出] お米のふくよかな味わい・香り・甘さを感じられる純米大吟醸酒です。 [純米大吟醸酒] (米: 国産米, 精米: 非公開)
    ✨ [新規SKU抽出] 純米大吟醸酒 [純米大吟醸酒] (米: 国産米, 精米: 非公開)
    ✨ [新規SKU抽出] NIKITATSU2024 仁喜多津 純米大吟醸酒の数量を減らす [純米大吟醸酒] (米: 国産米, 精米: 非公開)
    ✨ [新規SKU抽出] NIKITATSU2024 仁喜多津 純米大吟醸酒の数量を増やす [純米大吟醸酒] (米: 国産米, 精米: 非公開)
    ✨ [新規SKU抽出] ワイングラスでおいしい日本酒アワード2025　プレミアム大吟醸部門　金賞受賞 [大吟醸酒] (米: 国産米, 精米: 非公開)
    ✨ [新規SKU抽出] SAKE COMPETITION　純米大吟醸酒部門　ブロンズ賞受賞 [純米大吟醸酒] (米: 国産米, 精米: 非公開)
    ✨ [新規SKU抽出] NIKITATSU 仁喜多津 大吟醸酒の数量を減らす [大吟醸酒] (米: 国産米, 精米: 非公開)
    ✨ [新規SKU抽出] NIKITATSU 仁喜多津 大吟醸酒の数量を増やす [大吟醸酒] (米: 国産米, 精米: 非公開)
    ✨ [新規SKU抽出] 大吟醸酒 [大吟醸酒] (米: 国産米, 精米: 非公開)
    ✨ [新規SKU抽出] NIKITATSU 仁喜多津 純米吟醸酒の数量を減らす [純米吟醸酒] (米: 国産米, 精米: 非公開)
    ✨ [新規SKU抽出] NIKITATSU 仁喜多津 純米吟醸酒の数量を増やす [純米吟醸酒] (米: 国産米, 精米: 非公開)
    ✨ [新規SKU抽出] 純米吟醸酒 [純米吟醸酒] (米: 国産米, 精米: 非公開)
  👉 水口酒造株式会社: 20 件の新規SKUを深層クローリングにより追加登録
[589/1376] 🏭 ID 2692: 栄光酒造株式会社 (愛媛県) - http://www.eikoo.com/
    ✨ [新規SKU抽出] 日本酒・焼酎・梅酒・リキュール製造蔵元 栄光酒造 愛媛県松山市 [リキュール] (米: 国産米, 精米: 非公開)
    ✨ [新規SKU抽出] 酒仙栄光　Laugh With Sake 大吟醸 [大吟醸酒] (米: 国産米, 精米: 非公開)
    ✨ [新規SKU抽出] リキュール [リキュール] (米: 国産米, 精米: 非公開)
    ✨ [新規SKU抽出] 新酒　純米大吟醸初しぼり　１月２２日(木)発売！！ [純米大吟醸酒] (米: 国産米, 精米: 非公開)
    ✨ [新規SKU抽出] 大吟醸 栄光 [大吟醸酒] (米: 国産米, 精米: 非公開)
    ✨ [新規SKU抽出] 純米吟醸活性にごり酒　火の口 [純米吟醸酒] (米: 国産米, 精米: 非公開)
    ✨ [新規SKU抽出] 梅酒商品の価格改定のご案内 [リキュール] (米: 国産米, 精米: 非公開)
    ✨ [新規SKU抽出] 純米大吟醸「夢月夜」 [純米大吟醸酒] (米: 国産米, 精米: 非公開)
    ✨ [新規SKU抽出] 純米酒極辛口(ごくからくち) [純米酒] (米: 国産米, 精米: 非公開)
    ✨ [新規SKU抽出] 純米吟醸 活性にごり酒 ｢火の口｣ [純米吟醸酒] (米: 国産米, 精米: 非公開)
    ✨ [新規SKU抽出] 爽やかなやや甘口が特徴の活性にごり酒です。 [普通酒] (米: 国産米, 精米: 非公開)
    ✨ [新規SKU抽出] 七折小梅梅酒 [リキュール] (米: 国産米, 精米: 非公開)
    ✨ [新規SKU抽出] 極上の梅酒だよ♡ [リキュール] (米: 国産米, 精米: 非公開)
    ✨ [新規SKU抽出] 純米大吟醸ささおり（生酒） [純米大吟醸酒] (米: 国産米, 精米: 非公開)
    ✨ [新規SKU抽出] 蔵元の梅酒｜栄光酒造 [リキュール] (米: 国産米, 精米: 非公開)
    ✨ [新規SKU抽出] 梅実入りカップ [リキュール] (米: 国産米, 精米: 非公開)
    ✨ [新規SKU抽出] 甘さ控えめのスッキリとした梅酒です [リキュール] (米: 国産米, 精米: 非公開)
    ✨ [新規SKU抽出] 愛媛県産の南高梅を本格米焼酎と、高縄山系湧ヶ淵の名水で仕込んだ本格梅酒です。 [リキュール] (米: 国産米, 精米: 非公開)
    ✨ [新規SKU抽出] 原材料：愛媛産南高梅、本格米焼酎、砂糖 [本格焼酎] (米: 国産米, 精米: 非公開)
    ✨ [新規SKU抽出] 蔵元の梅酒　吟撰原酒 [リキュール] (米: 国産米, 精米: 非公開)
    ✨ [新規SKU抽出] 蔵元のにごり梅酒 [リキュール] (米: 国産米, 精米: 非公開)
    ✨ [新規SKU抽出] 蔵元の梅酒　スパークリング [リキュール] (米: 国産米, 精米: 非公開)
    ✨ [新規SKU抽出] 栄光梅酒　常圧麦焼酎仕込み [リキュール] (米: 国産米, 精米: 非公開)
    ✨ [新規SKU抽出] 純米吟醸 活性にごり酒 ｢火の口｣  ※クール便対象｜栄光酒造 [純米吟醸酒] (米: 国産米, 精米: 非公開)
    ✨ [新規SKU抽出] 純米吟醸 活性にごり酒 ｢火の口｣  ※クール便対象 [純米吟醸酒] (米: 国産米, 精米: 非公開)
    ✨ [新規SKU抽出] 「2007年度全米日本酒歓評会」大吟醸酒部門Bに於て＜銀賞＞受賞 [大吟醸酒] (米: 国産米, 精米: 非公開)
    ✨ [新規SKU抽出] 2011年度全米日本酒歓評会吟醸部門に於て＜金賞＞受賞 [吟醸酒] (米: 国産米, 精米: 非公開)
    ✨ [新規SKU抽出] ロンドン酒チャレンジ2013に於て最高位＜金賞＞受賞「純米吟醸　松山三井」 [純米吟醸酒] (米: 国産米, 精米: 非公開)
    ✨ [新規SKU抽出] ワイングラスで美味しい日本酒アワード2015に於て＜金賞＞受賞「特別大吟醸　瑞雲」 [大吟醸酒] (米: 国産米, 精米: 非公開)
    ✨ [新規SKU抽出] ロンドン酒チャレンジ2015に於て最高位＜金賞＞受賞「純米大吟醸　夢月夜」 [純米大吟醸酒] (米: 国産米, 精米: 非公開)
    ✨ [新規SKU抽出] ｢酒仙栄光　純米吟醸　松山三井無濾過生｣ [純米吟醸酒] (米: 国産米, 精米: 非公開)
    ✨ [新規SKU抽出] ｢栄光　純米大吟醸　夢月夜｣ [純米大吟醸酒] (米: 国産米, 精米: 非公開)
    ✨ [新規SKU抽出] 全米日本酒歓評会に於て＜金賞＞受賞「Laugh with SAKE 大吟醸ゴールド」 [大吟醸酒] (米: 国産米, 精米: 非公開)
    ✨ [新規SKU抽出] 全国酒類コンクールに於て全国第一位受賞「純米吟醸　松山三井」 [純米吟醸酒] (米: 国産米, 精米: 非公開)
    ✨ [新規SKU抽出] 全米日本酒鑑評会に於て＜金賞＞受賞「Laugh with SAKE 大吟醸ゴールド」 [大吟醸酒] (米: 国産米, 精米: 非公開)
    ✨ [新規SKU抽出] 純米大吟醸　夢月夜｜栄光酒造 [純米大吟醸酒] (米: 国産米, 精米: 非公開)
    ✨ [新規SKU抽出] 純米大吟醸　夢月夜 [純米大吟醸酒] (米: 国産米, 精米: 非公開)
    ✨ [新規SKU抽出] 純米大吟醸　夢月夜の主な受賞歴 [純米大吟醸酒] (米: 国産米, 精米: 非公開)
    ✨ [新規SKU抽出] 大吟醸酒部門　金賞受賞 [大吟醸酒] (米: 国産米, 精米: 非公開)
    ✨ [新規SKU抽出] 大吟醸酒部門B　銀賞受賞。 [大吟醸酒] (米: 国産米, 精米: 非公開)
    ✨ [新規SKU抽出] 大吟醸酒部門B　金賞受賞。 [大吟醸酒] (米: 国産米, 精米: 非公開)
    ✨ [新規SKU抽出] 吟醸酒部門全国第2位受賞 [吟醸酒] (米: 国産米, 精米: 非公開)
    ✨ [新規SKU抽出] 純米大吟醸「ささおり」 生酒　※クール便対象※ [純米大吟醸酒] (米: 国産米, 精米: 非公開)
    ✨ [新規SKU抽出] 酒仙栄光　Laugh With Sake　純米大吟醸40 [純米大吟醸酒] (米: 国産米, 精米: 非公開)
    ✨ [新規SKU抽出] 酒仙栄光　Laugh With Sake　純米吟醸　伊予しずく媛 [純米吟醸酒] (米: 国産米, 精米: 非公開)
  👉 栄光酒造株式会社: 45 件の新規SKUを深層クローリングにより追加登録
[590/1376] 🏭 ID 2695: かち鶴酒造株式会社 (愛媛県) - http://www.kachizuru.com/
[591/1376] 🏭 ID 2696: 協和酒造株式会社 (愛媛県) - https://www.hatsuyukihai.jp/
    ✨ [新規SKU抽出] 2025BY 「春月夜」純米吟醸 2月21日発売のお知らせ [純米吟醸酒] (米: 国産米, 精米: 非公開)
    ✨ [新規SKU抽出] 2025BY おりがらみしずく媛純米吟醸生原酒 販売開始のお知らせ [純米吟醸酒] (米: 国産米, 精米: 非公開)
    ✨ [新規SKU抽出] 清酒、リキュール類、初雪盃関連グッズ、砥部焼、その他 [リキュール] (米: 国産米, 精米: 非公開)
    ✨ [新規SKU抽出] リキュール [リキュール] (米: 国産米, 精米: 非公開)
    ✨ [新規SKU抽出] 35％純米大吟醸 [純米大吟醸酒] (米: 国産米, 精米: 非公開)
    ✨ [新規SKU抽出] 35％大吟醸 [大吟醸酒] (米: 国産米, 精米: 非公開)
    ✨ [新規SKU抽出] 40％純米大吟醸 [純米大吟醸酒] (米: 国産米, 精米: 非公開)
    ✨ [新規SKU抽出] 40％大吟醸 [大吟醸酒] (米: 国産米, 精米: 非公開)
    ✨ [新規SKU抽出] 50％純米大吟醸 [純米大吟醸酒] (米: 国産米, 精米: 非公開)
    ✨ [新規SKU抽出] 50％大吟醸原酒 [大吟醸酒] (米: 国産米, 精米: 非公開)
    ✨ [新規SKU抽出] 50％大吟醸 [大吟醸酒] (米: 国産米, 精米: 非公開)
    ✨ [新規SKU抽出] しずく媛純米吟醸原酒 [純米吟醸酒] (米: 国産米, 精米: 非公開)
    ✨ [新規SKU抽出] にごり酒 [普通酒] (米: 国産米, 精米: 非公開)
    ✨ [新規SKU抽出] おりがらみ しずく媛 純米吟醸生原酒 [純米吟醸酒] (米: 国産米, 精米: 非公開)
    ✨ [新規SKU抽出] おりがらみ 本醸造 生原酒 [本醸造酒] (米: 国産米, 精米: 非公開)
    ✨ [新規SKU抽出] おりがらみ 特別純米 生原酒 [特別純米酒] (米: 国産米, 精米: 非公開)
    ✨ [新規SKU抽出] おりがらみ 五百万石 純米吟醸生原酒 [純米吟醸酒] (米: 五百万石, 精米: 非公開)
    ✨ [新規SKU抽出] おりがらみ 純米吟醸 生原酒 [純米吟醸酒] (米: 国産米, 精米: 非公開)
    ✨ [新規SKU抽出] おりがらみ 媛育純米 生原酒 [純米酒] (米: 国産米, 精米: 非公開)
    ✨ [新規SKU抽出] 袋吊り斗瓶取り40％大吟醸 [大吟醸酒] (米: 国産米, 精米: 非公開)
    ✨ [新規SKU抽出] 無濾過生原酒 2019年 本数限定品 [普通酒] (米: 国産米, 精米: 非公開)
    ✨ [新規SKU抽出] 袋吊り斗瓶取り50％純米大吟醸 [純米大吟醸酒] (米: 国産米, 精米: 非公開)
    ✨ [新規SKU抽出] 袋吊り斗瓶取り 50％吟醸 [吟醸酒] (米: 国産米, 精米: 非公開)
    ✨ [新規SKU抽出] 無濾過生原酒 2015年 本数限定品 [普通酒] (米: 国産米, 精米: 非公開)
    ✨ [新規SKU抽出] 秘蔵梅酒 [リキュール] (米: 国産米, 精米: 非公開)
    ✨ [新規SKU抽出] 純米吟醸酒 [純米吟醸酒] (米: 国産米, 精米: 非公開)
    ✨ [新規SKU抽出] 純米大吟醸酒 [純米大吟醸酒] (米: 国産米, 精米: 非公開)
    ✨ [新規SKU抽出] 大吟醸酒 [大吟醸酒] (米: 国産米, 精米: 非公開)
    ✨ [新規SKU抽出] 特別純米酒 [特別純米酒] (米: 国産米, 精米: 非公開)
    ✨ [新規SKU抽出] 本醸造酒 [本醸造酒] (米: 国産米, 精米: 非公開)
    ✨ [新規SKU抽出] やさしくすっきりとした甘味と酸味がある純米酒。米・米麹・酵母全て愛媛県産。 [純米酒] (米: 国産米, 精米: 非公開)
    ✨ [新規SKU抽出] 日本酒ベースの梅酒。すっきりとした大人の味わいです。香料・着色料・保存料不使用 [リキュール] (米: 国産米, 精米: 非公開)
    ✨ [新規SKU抽出] 砥部町七折産七折小梅を使用した贅沢な梅酒。甘酸っぱい梅の味とシャリシャリ感がマッチ。 [リキュール] (米: 国産米, 精米: 非公開)
    ✨ [新規SKU抽出] 2025BY 初搾りおりがらみ媛育純米生原酒　販売開始のお知らせ [純米酒] (米: 国産米, 精米: 非公開)
    ✨ [新規SKU抽出] 冬期限定酒『寒燗歓　純米酒・本醸造酒』販売開始のお知らせ [本醸造酒] (米: 国産米, 精米: 非公開)
    ✨ [新規SKU抽出] 2022BY 新酒おりがらみ50％純米大吟醸生原酒 出荷開始 [純米大吟醸酒] (米: 国産米, 精米: 非公開)
    ✨ [新規SKU抽出] 夏の酒吟醸・吟醸生原酒　完売致しました [吟醸酒] (米: 国産米, 精米: 非公開)
    ✨ [新規SKU抽出] 2025BY おりがらみ五百万石純米吟醸生原酒　販売開始のお知らせ [純米吟醸酒] (米: 五百万石, 精米: 非公開)
    ✨ [新規SKU抽出] 2025BY おりがらみ媛育純米生原酒　販売開始のお知らせ [純米酒] (米: 国産米, 精米: 非公開)
    ✨ [新規SKU抽出] 2025BY おりがらみ五百万石純米吟醸生原酒　販売開始 [純米吟醸酒] (米: 五百万石, 精米: 非公開)
    ✨ [新規SKU抽出] 2025BY　新酒　「おりがらみ五百万石純米吟醸生原酒」販売開始致しました。 [純米吟醸酒] (米: 五百万石, 精米: 非公開)
    ✨ [新規SKU抽出] 冬期限定酒『寒燗歓　純米酒・本醸造酒』を11月3日より販売開始いたしました。 [本醸造酒] (米: 国産米, 精米: 非公開)
    ✨ [新規SKU抽出] ◎純米酒　濃醇旨口 [純米酒] (米: 国産米, 精米: 非公開)
    ✨ [新規SKU抽出] ◎本醸造　濃醇辛 [本醸造酒] (米: 国産米, 精米: 非公開)
  👉 協和酒造株式会社: 44 件の新規SKUを深層クローリングにより追加登録
[592/1376] 🏭 ID 2698: 酒六酒造株式会社 (愛媛県) - http://www.sakaroku-syuzo.co.jp/
    ✨ [新規SKU抽出] 大吟醸生、幸三郎 中汲み火入れ、純米吟醸 内子座、 [純米吟醸酒] (米: 国産米, 精米: 非公開)
    ✨ [新規SKU抽出] 純米吟醸 中汲み火入れ、深山 直汲み生原酒 [純米吟醸酒] (米: 国産米, 精米: 非公開)
    ✨ [新規SKU抽出] 純米吟醸 内子座、きらめきの吟、 [純米吟醸酒] (米: 国産米, 精米: 非公開)
  👉 酒六酒造株式会社: 3 件の新規SKUを深層クローリングにより追加登録
[593/1376] 🏭 ID 2699: 千代の亀酒造株式会社 (愛媛県) - https://chiyonokame.com/
[594/1376] 🏭 ID 2700: 養老酒造株式会社 (愛媛県) - https://yoroshuzo.jp/
    ✨ [新規SKU抽出] 純米大吟醸。 [純米大吟醸酒] (米: 国産米, 精米: 非公開)
    ✨ [新規SKU抽出] 純米大吟醸　鵜洲 [純米大吟醸酒] (米: 国産米, 精米: 非公開)
    ✨ [新規SKU抽出] 特別純米　叶川 [特別純米酒] (米: 国産米, 精米: 非公開)
    ✨ [新規SKU抽出] 吟醸酒ができるまで [吟醸酒] (米: 国産米, 精米: 非公開)
    ✨ [新規SKU抽出] 特別純米にごり酒をベースにした、ちょっと贅沢、甘さ控えめの大人のゼリーです。 [特別純米酒] (米: 国産米, 精米: 非公開)
    ✨ [新規SKU抽出] 風の里　本醸造酒 [本醸造酒] (米: 国産米, 精米: 非公開)
    ✨ [新規SKU抽出] 風の里　純米酒 [純米酒] (米: 国産米, 精米: 非公開)
    ✨ [新規SKU抽出] 風の里　純米吟醸酒 [純米吟醸酒] (米: 国産米, 精米: 非公開)
    ✨ [新規SKU抽出] 風の里　特別純米にごり酒 [特別純米酒] (米: 国産米, 精米: 非公開)
    ✨ [新規SKU抽出] 純米大吟醸「共」〜袋しぼり〜 [純米大吟醸酒] (米: 国産米, 精米: 非公開)
    ✨ [新規SKU抽出] 純米大吟醸「 [純米大吟醸酒] (米: 国産米, 精米: 非公開)
    ✨ [新規SKU抽出] 純米吟醸酒　風の里 Sakura hime [純米吟醸酒] (米: 国産米, 精米: 非公開)
    ✨ [新規SKU抽出] 純米吟醸酒　風の里 [純米吟醸酒] (米: 国産米, 精米: 非公開)
    ✨ [新規SKU抽出] 特別純米酒　叶川 [特別純米酒] (米: 国産米, 精米: 非公開)
    ✨ [新規SKU抽出] 特別純米酒 [特別純米酒] (米: 国産米, 精米: 非公開)
    ✨ [新規SKU抽出] 風の里　にごり酒ゼリー [普通酒] (米: 国産米, 精米: 非公開)
    ✨ [新規SKU抽出] ほどよい吟醸香が食欲をそそる酒粕 [吟醸酒] (米: 国産米, 精米: 非公開)
    ✨ [新規SKU抽出] 風の里　にごり酒ゼリー - 商品案内｜養老酒造 [普通酒] (米: 国産米, 精米: 非公開)
  👉 養老酒造株式会社: 18 件の新規SKUを深層クローリングにより追加登録
[596/1376] 🏭 ID 2702: 梅美人酒造株式会社 (愛媛県) - https://www.umebijin.com/
    ✨ [新規SKU抽出] 今では日本酒、リキュール、焼酎、ジン、ウイスキーなど幅広く製造販売してます [リキュール] (米: 国産米, 精米: 非公開)
  👉 梅美人酒造株式会社: 1 件の新規SKUを深層クローリングにより追加登録
[598/1376] 🏭 ID 2704: 株式会社元見屋酒店 (愛媛県) - http://www.motomiya.jp/
    ✨ [新規SKU抽出] □純米吟醸酒　開明 [純米吟醸酒] (米: 国産米, 精米: 非公開)
    ✨ [新規SKU抽出] フルーティで甘辛の味わい、純米吟醸の食中酒 [純米吟醸酒] (米: 国産米, 精米: 非公開)
    ✨ [新規SKU抽出] ・本醸造 開明　　　2017年受賞 [本醸造酒] (米: 国産米, 精米: 非公開)
    ✨ [新規SKU抽出] ・熟成純米酒 開明　2018、20、22、23、24年受賞 [純米酒] (米: 国産米, 精米: 非公開)
    ✨ [新規SKU抽出] ・純米吟醸酒 開明　 　　　　　 2026年受賞 [純米吟醸酒] (米: 国産米, 精米: 非公開)
    ✨ [新規SKU抽出] 春搾り、無濾過生原酒の予約を開始しました。 [普通酒] (米: 国産米, 精米: 非公開)
    ✨ [新規SKU抽出] 純米酒 開明 伊予のこいごころ　リニューアル [純米酒] (米: 国産米, 精米: 非公開)
    ✨ [新規SKU抽出] B-1：生大吟・吟醸飲み比べ [吟醸酒] (米: 国産米, 精米: 非公開)
    ✨ [新規SKU抽出] 生酒純米大吟醸 開明 [純米大吟醸酒] (米: 国産米, 精米: 非公開)
    ✨ [新規SKU抽出] 生酒純米吟醸 開明 [純米吟醸酒] (米: 国産米, 精米: 非公開)
    ✨ [新規SKU抽出] 純米酒 | 弐百年蔵　㈱元見屋酒店 [純米酒] (米: 国産米, 精米: 非公開)
    ✨ [新規SKU抽出] 合鴨純米酒 開明 自然派 [純米酒] (米: 国産米, 精米: 非公開)
    ✨ [新規SKU抽出] 熟成純米酒 開明 [純米酒] (米: 国産米, 精米: 非公開)
    ✨ [新規SKU抽出] 純米酒 開明 伊予のこいごころ さくらひめ [純米酒] (米: 国産米, 精米: 非公開)
  👉 株式会社元見屋酒店: 14 件の新規SKUを深層クローリングにより追加登録
[599/1376] 🏭 ID 2705: 最進酒造合名会社 (愛媛県) - http://www.uwaikedaya.com
[600/1376] 🏭 ID 2707: 西本酒造株式会社 (愛媛県) - http://toranoo.com/
    ✨ [新規SKU抽出] 大吟醸　虎の尾 [大吟醸酒] (米: 国産米, 精米: 非公開)
    ✨ [新規SKU抽出] 純米大吟醸　虎の尾 [純米大吟醸酒] (米: 国産米, 精米: 非公開)
    ✨ [新規SKU抽出] 大吟醸　大番 [大吟醸酒] (米: 国産米, 精米: 非公開)
    ✨ [新規SKU抽出] 純米大吟醸　大番　しずく媛 [純米大吟醸酒] (米: 国産米, 精米: 非公開)
    ✨ [新規SKU抽出] 純米吟醸　大番　しずく媛 [純米吟醸酒] (米: 国産米, 精米: 非公開)
    ✨ [新規SKU抽出] 吟醸　大番 [吟醸酒] (米: 国産米, 精米: 非公開)
    ✨ [新規SKU抽出] 純米吟醸原酒　大番　みまの穂 [純米吟醸酒] (米: 国産米, 精米: 非公開)
    ✨ [新規SKU抽出] 大吟醸酒 [大吟醸酒] (米: 国産米, 精米: 非公開)
    ✨ [新規SKU抽出] 純米大吟醸酒 [純米大吟醸酒] (米: 国産米, 精米: 非公開)
    ✨ [新規SKU抽出] 純米吟醸酒 [純米吟醸酒] (米: 国産米, 精米: 非公開)
    ✨ [新規SKU抽出] その他の本醸造酒 [本醸造酒] (米: 国産米, 精米: 非公開)
    ✨ [新規SKU抽出] > 大番　みまの穂純米吟醸　原酒 [純米吟醸酒] (米: 国産米, 精米: 非公開)
    ✨ [新規SKU抽出] 大番　みまの穂純米吟醸　原酒 [純米吟醸酒] (米: 国産米, 精米: 非公開)
    ✨ [新規SKU抽出] 純米吟醸原酒　720㎖ [純米吟醸酒] (米: 国産米, 精米: 非公開)
    ✨ [新規SKU抽出] 純米吟醸生原酒　720㎖ [純米吟醸酒] (米: 国産米, 精米: 非公開)
    ✨ [新規SKU抽出] > 純米吟醸　大番　しずく媛 [純米吟醸酒] (米: 国産米, 精米: 非公開)
    ✨ [新規SKU抽出] 生原酒　1.8ℓ [普通酒] (米: 国産米, 精米: 非公開)
    ✨ [新規SKU抽出] 生原酒　720㎖ [普通酒] (米: 国産米, 精米: 非公開)
    ✨ [新規SKU抽出] > 純米大吟醸酒 [純米大吟醸酒] (米: 国産米, 精米: 非公開)
    ✨ [新規SKU抽出] > 純米大吟醸　大番　しずく媛 [純米大吟醸酒] (米: 国産米, 精米: 非公開)
    ✨ [新規SKU抽出] > 大吟醸　虎の尾 [大吟醸酒] (米: 国産米, 精米: 非公開)
  👉 西本酒造株式会社: 21 件の新規SKUを深層クローリングにより追加登録
[601/1376] 🏭 ID 2708: 株式会社媛囃子 (愛媛県) - http://www.himebayashi.jp/
    ✨ [新規SKU抽出] 梅酒『凛』3年熟成 [リキュール] (米: 国産米, 精米: 非公開)
    ✨ [新規SKU抽出] 原材料：本格焼酎(米(国産), 米麹(国産)), 南高梅(愛媛県産), 砂糖 [本格焼酎] (米: 国産米, 精米: 非公開)
    ✨ [新規SKU抽出] 原材料：米焼酎、ゆず果汁(愛媛県製造) [リキュール] (米: 国産米, 精米: 非公開)
    ✨ [新規SKU抽出] 梅酒　凛　shirokawa PLUM WINE [リキュール] (米: 国産米, 精米: 非公開)
    ✨ [新規SKU抽出] じっくりと30年間瓶熟成させた米焼酎。 [本格焼酎] (米: 国産米, 精米: 非公開)
    ✨ [新規SKU抽出] これまで数%ブレンドして樽香を加えるために少しずつ大切に使ってきた琥珀色の麦焼酎。 [本格焼酎] (米: 国産米, 精米: 非公開)
  👉 株式会社媛囃子: 6 件の新規SKUを深層クローリングにより追加登録
[602/1376] 🏭 ID 2709: 名門サカイ株式会社 (愛媛県) - http://www.meimon.co.jp/
    ✨ [新規SKU抽出] ブラッドオレンジ梅酒・瀬戸内レモン梅酒・奥伊予ゆず梅酒　梅酒3種セット [リキュール] (米: 国産米, 精米: 非公開)
    ✨ [新規SKU抽出] 奥伊予ゆず梅酒 [リキュール] (米: 国産米, 精米: 非公開)
    ✨ [新規SKU抽出] 芳醸 春山-SHUNZAN- 純米吟醸 [純米吟醸酒] (米: 国産米, 精米: 非公開)
    ✨ [新規SKU抽出] ブラッドオレンジ梅酒 [リキュール] (米: 国産米, 精米: 非公開)
    ✨ [新規SKU抽出] 瀬戸内レモン梅酒 [リキュール] (米: 国産米, 精米: 非公開)
    ✨ [新規SKU抽出] 海底熟成本格焼酎　海すずめ [本格焼酎] (米: 国産米, 精米: 非公開)
    ✨ [新規SKU抽出] 純米酒 真珠のときめき 720ｍｌ [純米酒] (米: 国産米, 精米: 非公開)
    ✨ [新規SKU抽出] リキュール・スピリッツ [リキュール] (米: 国産米, 精米: 非公開)
    ✨ [新規SKU抽出] ‐全国梅酒品評会2021金賞（最高位）受賞‐ [リキュール] (米: 国産米, 精米: 非公開)
    ✨ [新規SKU抽出] ‐消費者が決める日本一の梅酒大会『UOG2024』最高位「金賞」受賞‐ [リキュール] (米: 国産米, 精米: 非公開)
    ✨ [新規SKU抽出] ③ビールに割ると美味しいです！（ブラッドオレンジ梅酒：ビール　２：８） [リキュール] (米: 国産米, 精米: 非公開)
    ✨ [新規SKU抽出] リキュール [リキュール] (米: 国産米, 精米: 非公開)
    ✨ [新規SKU抽出] 瀬戸内レモン梅酒 1, [リキュール] (米: 国産米, 精米: 非公開)
    ✨ [新規SKU抽出] ブラッドオレンジ梅酒 1, [リキュール] (米: 国産米, 精米: 非公開)
    ✨ [新規SKU抽出] 人気商品の『ブラッドオレンジ梅酒』と『瀬戸内レモン梅酒』の飲み比べセットです！ [リキュール] (米: 国産米, 精米: 非公開)
    ✨ [新規SKU抽出] 『ブラッドオレンジ梅酒』 [リキュール] (米: 国産米, 精米: 非公開)
    ✨ [新規SKU抽出] ■ブラッドオレンジ梅酒 [リキュール] (米: 国産米, 精米: 非公開)
    ✨ [新規SKU抽出] 3.ビールに割ると美味しいです！（ブラッドオレンジ梅酒：ビール　２：８） [リキュール] (米: 国産米, 精米: 非公開)
    ✨ [新規SKU抽出] 品目：リキュール [リキュール] (米: 国産米, 精米: 非公開)
    ✨ [新規SKU抽出] ■瀬戸内レモン梅酒 [リキュール] (米: 国産米, 精米: 非公開)
    ✨ [新規SKU抽出] ●原材料：梅酒（愛媛県製造）、レモン果汁（宇和島製造） [リキュール] (米: 国産米, 精米: 非公開)
  👉 名門サカイ株式会社: 21 件の新規SKUを深層クローリングにより追加登録
[603/1376] 🏭 ID 2712: 合資会社小西酒造場 (愛媛県) - https://www.nishi-shuzo.co.jp/
    ✨ [新規SKU抽出] 日本芋焼酎 [本格焼酎] (米: 国産米, 精米: 非公開)
    ✨ [新規SKU抽出] 天賦純米吟醸 羽前酒未来　完成！ [純米吟醸酒] (米: 国産米, 精米: 非公開)
    ✨ [新規SKU抽出] 天賦純米吟醸 羽前酒未来　完成！♪ [純米吟醸酒] (米: 国産米, 精米: 非公開)
    ✨ [新規SKU抽出] ”酒未来” を100％使用した「天賦 純米吟醸 羽前酒未来」が完成しました。 [純米吟醸酒] (米: 国産米, 精米: 非公開)
    ✨ [新規SKU抽出] 天賦 純米吟醸 播州愛山が出荷スタート🍶 [純米吟醸酒] (米: 愛山, 精米: 非公開)
    ✨ [新規SKU抽出] 天賦 純米大吟醸 生しぼりもご用意いたします🍶😆 [純米大吟醸酒] (米: 国産米, 精米: 非公開)
  👉 合資会社小西酒造場: 6 件の新規SKUを深層クローリングにより追加登録
[604/1376] 🏭 ID 2713: 宇都宮酒造株式会社 (愛媛県) - https://uwanosake.com/
    ✨ [新規SKU抽出] 弊社の純米酒「花神」とその桃色酒粕につきまして [純米酒] (米: 国産米, 精米: 非公開)
    ✨ [新規SKU抽出] 純米酒 花神 [純米酒] (米: 国産米, 精米: 非公開)
    ✨ [新規SKU抽出] 千鳥 純米酒 あらばしり [純米酒] (米: 国産米, 精米: 非公開)
    ✨ [新規SKU抽出] 千鳥 純米酒 清酒 [純米酒] (米: 国産米, 精米: 非公開)
  👉 宇都宮酒造株式会社: 4 件の新規SKUを深層クローリングにより追加登録
[605/1376] 🏭 ID 3188: 宮下酒造 (岡山県) - http://www.msb.co.jp/
    ✨ [新規SKU抽出] 極聖 純米大吟醸 天下至聖 [純米大吟醸酒] (米: 国産米, 精米: 非公開)
    ✨ [新規SKU抽出] 創立75周年記念ラベル 純米大吟醸 おお岡大 [純米大吟醸酒] (米: 国産米, 精米: 非公開)
    ✨ [新規SKU抽出] 本格焼酎 麦じゃがぁ・芋じゃがぁ [本格焼酎] (米: 国産米, 精米: 非公開)
    ✨ [新規SKU抽出] 新酒極聖 純米吟醸山田錦 しぼりたて生原酒 [純米吟醸酒] (米: 山田錦, 精米: 非公開)
    ✨ [新規SKU抽出] 極聖 純米吟醸 愛山 [純米吟醸酒] (米: 愛山, 精米: 非公開)
    ✨ [新規SKU抽出] 新酒極聖 大吟醸山田錦 しぼりたて生原酒 [大吟醸酒] (米: 山田錦, 精米: 非公開)
    ✨ [新規SKU抽出] 極聖 純米大吟醸 天下至聖 昔搾り 斗瓶どり [純米大吟醸酒] (米: 国産米, 精米: 非公開)
    ✨ [新規SKU抽出] 新酒極聖 雄町・朝日純米吟醸 しぼりたて生原酒 2本セット [純米吟醸酒] (米: 雄町, 精米: 非公開)
    ✨ [新規SKU抽出] 新酒極聖 雄町純米吟醸 しぼりたて生原酒 [純米吟醸酒] (米: 雄町, 精米: 非公開)
    ✨ [新規SKU抽出] 新酒極聖 朝日純米吟醸 しぼりたて生原酒 [純米吟醸酒] (米: 国産米, 精米: 非公開)
    ✨ [新規SKU抽出] 岡山の酒米 純米吟醸飲み比べセット JGSK-30 [純米吟醸酒] (米: 国産米, 精米: 非公開)
    ✨ [新規SKU抽出] 純米大吟醸 MIYASHITA ESTATE Aji [純米大吟醸酒] (米: 国産米, 精米: 非公開)
    ✨ [新規SKU抽出] 木村式自然栽培米 朝日 純米大吟醸 天地のかなで [純米大吟醸酒] (米: 国産米, 精米: 非公開)
    ✨ [新規SKU抽出] 名入れラベル 極聖 雄町 純米大吟醸 [純米大吟醸酒] (米: 雄町, 精米: 非公開)
    ✨ [新規SKU抽出] 大吟醸極聖 昔搾り斗瓶どり [大吟醸酒] (米: 国産米, 精米: 非公開)
    ✨ [新規SKU抽出] 本格麦焼酎 いつも感謝 甕 [本格焼酎] (米: 国産米, 精米: 非公開)
    ✨ [新規SKU抽出] 父の日に地ビール・本格焼酎・日本酒をプレゼントしよう！メッセージカード付き [本格焼酎] (米: 国産米, 精米: 非公開)
    ✨ [新規SKU抽出] お歳暮ギフトで地酒・日本酒、地ビール、本格焼酎を贈り物に贈ろう！ [本格焼酎] (米: 国産米, 精米: 非公開)
    ✨ [新規SKU抽出] 大吟醸酒 [大吟醸酒] (米: 国産米, 精米: 非公開)
    ✨ [新規SKU抽出] 純米大吟醸酒 [純米大吟醸酒] (米: 国産米, 精米: 非公開)
    ✨ [新規SKU抽出] 純米吟醸酒 [純米吟醸酒] (米: 国産米, 精米: 非公開)
    ✨ [新規SKU抽出] 特別本醸造酒 [特別本醸造酒] (米: 国産米, 精米: 非公開)
    ✨ [新規SKU抽出] 本醸造酒 [本醸造酒] (米: 国産米, 精米: 非公開)
    ✨ [新規SKU抽出] 特別純米酒 [特別純米酒] (米: 国産米, 精米: 非公開)
    ✨ [新規SKU抽出] にごり酒 [普通酒] (米: 国産米, 精米: 非公開)
    ✨ [新規SKU抽出] リキュール [リキュール] (米: 国産米, 精米: 非公開)
    ✨ [新規SKU抽出] 岡山特産の酒造好適米「雄町米」を精米歩合20％まで極限精米した純米大吟醸酒です。 [純米大吟醸酒] (米: 雄町, 精米: 非公開)
    ✨ [新規SKU抽出] 令和7年広島国税局清酒鑑評会 「吟醸酒」部門 優等賞受賞 [吟醸酒] (米: 国産米, 精米: 非公開)
    ✨ [新規SKU抽出] 純米大吟醸 楽聖 雄町米 一割五分磨き [純米大吟醸酒] (米: 雄町, 精米: 非公開)
    ✨ [新規SKU抽出] 純米大吟醸 MIYASHITA ESTATE Kaori [純米大吟醸酒] (米: 国産米, 精米: 非公開)
    ✨ [新規SKU抽出] 大吟醸 極聖・高島雄町 飲み比べ2本セット MK-TO [大吟醸酒] (米: 雄町, 精米: 非公開)
    ✨ [新規SKU抽出] 極聖 純米しぼりたて原酒 [純米酒] (米: 国産米, 精米: 非公開)
    ✨ [新規SKU抽出] 極聖 純米酒 [純米酒] (米: 国産米, 精米: 非公開)
    ✨ [新規SKU抽出] 極聖 純米雄町生原酒 [純米酒] (米: 雄町, 精米: 非公開)
    ✨ [新規SKU抽出] 極聖 純米吟醸 RENCONTRE（ランコントル） [純米吟醸酒] (米: 国産米, 精米: 非公開)
    ✨ [新規SKU抽出] 極聖 純米吟醸 山田錦 球形精米 [純米吟醸酒] (米: 山田錦, 精米: 非公開)
    ✨ [新規SKU抽出] 純米吟醸 雄町米 桃太郎ラベル [純米吟醸酒] (米: 雄町, 精米: 非公開)
    ✨ [新規SKU抽出] 極聖 純米吟醸原酒 荒走り [純米吟醸酒] (米: 国産米, 精米: 非公開)
    ✨ [新規SKU抽出] こだわりの希少酒米 純米吟醸飲み比べセット AYTO-3C [純米吟醸酒] (米: 国産米, 精米: 非公開)
    ✨ [新規SKU抽出] （きわみひじり だいぎんじょうやまだにしき しぼりたてなまげんしゅ） [普通酒] (米: 国産米, 精米: 非公開)
    ✨ [新規SKU抽出] 極聖 大吟醸山田錦 しぼりたて生原酒 [大吟醸酒] (米: 山田錦, 精米: 非公開)
    ✨ [新規SKU抽出] 極聖 大吟醸雄町米 [大吟醸酒] (米: 雄町, 精米: 非公開)
    ✨ [新規SKU抽出] 極聖 大吟醸山田錦 [大吟醸酒] (米: 山田錦, 精米: 非公開)
    ✨ [新規SKU抽出] 極聖 大吟醸山田錦・大吟醸雄町米2本セット M100 [大吟醸酒] (米: 山田錦, 精米: 非公開)
    ✨ [新規SKU抽出] 極聖 大吟醸山田錦・大吟醸雄町米2本セット MYO70 [大吟醸酒] (米: 山田錦, 精米: 非公開)
    ✨ [新規SKU抽出] 父の日ギフト 地ビール・地酒・本格焼酎10本セット（送料込み、クール便指定） [本格焼酎] (米: 国産米, 精米: 非公開)
    ✨ [新規SKU抽出] 大吟醸山田錦・雄町純米大吟醸2本セット JDO-MY [純米大吟醸酒] (米: 山田錦, 精米: 非公開)
    ✨ [新規SKU抽出] 極聖 本醸造 無濾過原酒・特別純米 高島雄町2本セット MTO-30 [特別純米酒] (米: 雄町, 精米: 非公開)
  👉 宮下酒造: 48 件の新規SKUを深層クローリングにより追加登録
[606/1376] 🏭 ID 3189: 萬歳酒造 (岡山県) - http://homepage2.nifty.com/manzai-syuzo/
[607/1376] 🏭 ID 3190: 板野酒造場 (岡山県) - http://www.ginpoo.co.jp/
    ✨ [新規SKU抽出] 純米ひやおろし [純米酒] (米: 国産米, 精米: 非公開)
    ✨ [新規SKU抽出] しぼりたて新酒 [普通酒] (米: 国産米, 精米: 非公開)
    ✨ [新規SKU抽出] ▼「しぼりたて」残り僅か！ [普通酒] (米: 国産米, 精米: 非公開)
    ✨ [新規SKU抽出] 日本酒通販・酒蔵グルメショップ　吟風 岡山地酒のうまさを味わえる新酒しぼりたて [普通酒] (米: 国産米, 精米: 非公開)
    ✨ [新規SKU抽出] 岡山県産備前雄町米純米吟醸バナー [純米吟醸酒] (米: 雄町, 精米: 非公開)
    ✨ [新規SKU抽出] 大吟醸センターバナー [大吟醸酒] (米: 国産米, 精米: 非公開)
    ✨ [新規SKU抽出] 岡山の米で造ったきびの吟風純米酒 [純米酒] (米: 国産米, 精米: 非公開)
    ✨ [新規SKU抽出] 2024.09.20 秋の酒　ひやおろし発売開始しました。 [普通酒] (米: 国産米, 精米: 非公開)
    ✨ [新規SKU抽出] 2024年しぼりたて新酒頒布会ご予約を2月20日まで延長しました。 [普通酒] (米: 国産米, 精米: 非公開)
    ✨ [新規SKU抽出] 2024年しぼりたて新酒ご予約を開始いたしました [普通酒] (米: 国産米, 精米: 非公開)
    ✨ [新規SKU抽出] 2023.09.06　2023年　ひやおろしいよいよ発売です。（お彼岸頃） [普通酒] (米: 国産米, 精米: 非公開)
    ✨ [新規SKU抽出] 2023.1.28. しぼりたて予約絶賛開催中！！ [普通酒] (米: 国産米, 精米: 非公開)
    ✨ [新規SKU抽出] 2022.09.21. ひやおろし販売開始しました。 [普通酒] (米: 国産米, 精米: 非公開)
    ✨ [新規SKU抽出] 牡丹鶴　にごり酒　火入れ　2022年新酒発売いたしました [普通酒] (米: 国産米, 精米: 非公開)
    ✨ [新規SKU抽出] 2022年しぼりたて新酒ご予約を開始いたしました [普通酒] (米: 国産米, 精米: 非公開)
    ✨ [新規SKU抽出] 杜氏の嫁を燗酒好きにした純米酒！　ぬる燗のこのお酒に合う　お鍋です。 [純米酒] (米: 国産米, 精米: 非公開)
    ✨ [新規SKU抽出] 秋の限定酒　朝日米　純米酒　冷おろしの販売が開始されました。 [純米酒] (米: 国産米, 精米: 非公開)
    ✨ [新規SKU抽出] 2021.05.20　リキュールに「岡山トマト」が新登場いたしました！ [リキュール] (米: 国産米, 精米: 非公開)
    ✨ [新規SKU抽出] 2021.04.20　普段呑みに　「牡丹鶴　にごり酒　火入れ」　を追加いたしました [普通酒] (米: 国産米, 精米: 非公開)
    ✨ [新規SKU抽出] 2020.1.29　ただいま　仕込み中です。しぼりたてご予約受付中です。 [普通酒] (米: 国産米, 精米: 非公開)
    ✨ [新規SKU抽出] 2019.1.24　しぼりたて新酒予約開始 [普通酒] (米: 国産米, 精米: 非公開)
    ✨ [新規SKU抽出] 花束ラッピング　名入れラベル酒　送料込み　きびの吟風　大吟醸　寿福 [大吟醸酒] (米: 国産米, 精米: 非公開)
    ✨ [新規SKU抽出] 名入りオリジナルラベル酒　大吟醸 [大吟醸酒] (米: 国産米, 精米: 非公開)
    ✨ [新規SKU抽出] プレゼント・お祝い　名入れラベル酒　大吟醸　寿福 [大吟醸酒] (米: 国産米, 精米: 非公開)
    ✨ [新規SKU抽出] 父の日　大吟醸　甘酒　おつまみ　セット [大吟醸酒] (米: 国産米, 精米: 非公開)
    ✨ [新規SKU抽出] 父の日　名入れオリジナルラベル酒　雄町米　純米酒 [純米酒] (米: 雄町, 精米: 非公開)
    ✨ [新規SKU抽出] 父の日　名前入りオリジナルラベル酒　雄町米　純米酒 [純米酒] (米: 雄町, 精米: 非公開)
    ✨ [新規SKU抽出] 父の日　名前入りオリジナルラベル酒 雄町米　純米酒 [純米酒] (米: 雄町, 精米: 非公開)
    ✨ [新規SKU抽出] 父の日　花束ラッピング　名前入りラベル　送料込み　純米吟醸 [純米吟醸酒] (米: 国産米, 精米: 非公開)
    ✨ [新規SKU抽出] 父の日　花束ラッピング　名入れラベル　送料込み　大吟醸 [大吟醸酒] (米: 国産米, 精米: 非公開)
    ✨ [新規SKU抽出] きびの吟風　雄町米　純米吟醸　夏の夕涼み [純米吟醸酒] (米: 雄町, 精米: 非公開)
    ✨ [新規SKU抽出] お中元,食品・地酒ギフト　きびの吟風　雄町米　純米吟醸　 夏の夕涼み [純米吟醸酒] (米: 雄町, 精米: 非公開)
    ✨ [新規SKU抽出] きびの吟風　雄町米純米吟醸　夏の夕涼み・蔵出し　純米原酒 [純米吟醸酒] (米: 雄町, 精米: 非公開)
    ✨ [新規SKU抽出] きびの吟風　雄町米純米吟醸　夏の夕涼み・山田錦　大吟醸 [純米吟醸酒] (米: 山田錦, 精米: 非公開)
    ✨ [新規SKU抽出] きびの吟風　雄町米　純米吟醸　夏の夕涼み・夏の超ロック酒 [純米吟醸酒] (米: 雄町, 精米: 非公開)
    ✨ [新規SKU抽出] 雄町米　純米吟醸 [純米吟醸酒] (米: 雄町, 精米: 非公開)
    ✨ [新規SKU抽出] 春のしぼりたて新酒 [普通酒] (米: 国産米, 精米: 非公開)
    ✨ [新規SKU抽出] リキュール [リキュール] (米: 国産米, 精米: 非公開)
    ✨ [新規SKU抽出] 吟醸酒練り込みうどん [吟醸酒] (米: 国産米, 精米: 非公開)
    ✨ [新規SKU抽出] 岡山の地酒,きびの吟風吟醸酒練りこみうどん [吟醸酒] (米: 国産米, 精米: 非公開)
    ✨ [新規SKU抽出] 手延べうどんに吟醸酒を練り込みました。 [吟醸酒] (米: 国産米, 精米: 非公開)
    ✨ [新規SKU抽出] ご贈答として喜ばれる人気の「吟醸酒練り込みうどん」
ぜひ、ご利用ください。 [吟醸酒] (米: 国産米, 精米: 非公開)
    ✨ [新規SKU抽出] 岡山の地酒,きびの吟風吟醸酒練りこみうどん ,つやつや！ [吟醸酒] (米: 国産米, 精米: 非公開)
    ✨ [新規SKU抽出] 食品・地酒ギフトきびの吟風　特製　吟醸酒練り込みうどん　250g×1束(2人前) [吟醸酒] (米: 国産米, 精米: 非公開)
    ✨ [新規SKU抽出] きびの吟風　吟醸酒練り込みうどん　つゆ付ギフトセット [吟醸酒] (米: 国産米, 精米: 非公開)
    ✨ [新規SKU抽出] 母の日　花束ラッピング　名入れラベル　ピンクカーネーション　純米吟醸 [純米吟醸酒] (米: 国産米, 精米: 非公開)
    ✨ [新規SKU抽出] 母の日　名入れオリジナルラベル酒　雄町米　純米酒 [純米酒] (米: 雄町, 精米: 非公開)
    ✨ [新規SKU抽出] 母の日　名入れオリジナルラベル酒　金化粧箱　吟醸酒 [吟醸酒] (米: 国産米, 精米: 非公開)
    ✨ [新規SKU抽出] 母の日　名前入りオリジナルラベル酒　純米吟醸 [純米吟醸酒] (米: 国産米, 精米: 非公開)
    ✨ [新規SKU抽出] 母の日　名前入りオリジナルラベル酒　大吟醸 [大吟醸酒] (米: 国産米, 精米: 非公開)
    ✨ [新規SKU抽出] 母の日　名入れオリジナルラベル酒　大吟醸　雫酒 [大吟醸酒] (米: 国産米, 精米: 非公開)
    ✨ [新規SKU抽出] 母の日　名前入りオリジナルラベル酒　大吟醸　雫酒 [大吟醸酒] (米: 国産米, 精米: 非公開)
    ✨ [新規SKU抽出] きびの吟風　純米　にごり酒　とろとろ [純米酒] (米: 国産米, 精米: 非公開)
    ✨ [新規SKU抽出] きびの吟風　山田錦　大吟醸 [大吟醸酒] (米: 山田錦, 精米: 非公開)
    ✨ [新規SKU抽出] 名入りオリジナルラベル酒　雄町　純米酒 [純米酒] (米: 雄町, 精米: 非公開)
    ✨ [新規SKU抽出] プレゼント・お祝いに　名入れラベル酒　雄町米純米酒　寿福 [純米酒] (米: 雄町, 精米: 非公開)
    ✨ [新規SKU抽出] 名入れラベル酒　雄町米　純米吟醸 [純米吟醸酒] (米: 雄町, 精米: 非公開)
    ✨ [新規SKU抽出] プレゼント・お祝い　名入れラベル酒　純米吟醸　寿福 [純米吟醸酒] (米: 国産米, 精米: 非公開)
    ✨ [新規SKU抽出] 敬老の日　名入れオリジナルラベル　雄町米　純米酒 [純米酒] (米: 雄町, 精米: 非公開)
    ✨ [新規SKU抽出] 敬老の日　名前入りオリジナルラベル酒　雄町米　純米酒 [純米酒] (米: 雄町, 精米: 非公開)
    ✨ [新規SKU抽出] 父の日　名入れオリジナルラベル酒　純米吟醸 [純米吟醸酒] (米: 国産米, 精米: 非公開)
    ✨ [新規SKU抽出] 父の日　名入りオリジナルラベル酒　純米吟醸 [純米吟醸酒] (米: 国産米, 精米: 非公開)
    ✨ [新規SKU抽出] 元祖　鬼滅と言えば・・・　山田錦　山廃純米酒　桃太郎鬼退治 [純米酒] (米: 山田錦, 精米: 非公開)
    ✨ [新規SKU抽出] 敬老の日　名入れオリジナルラベル　雄町米　純米吟醸 [純米吟醸酒] (米: 雄町, 精米: 非公開)
    ✨ [新規SKU抽出] 敬老の日　名前入りオリジナルラベル酒　雄町米　純米吟醸 [純米吟醸酒] (米: 雄町, 精米: 非公開)
    ✨ [新規SKU抽出] きびの吟風　しぼりたて　無濾過　生酒原酒 [普通酒] (米: 国産米, 精米: 非公開)
    ✨ [新規SKU抽出] しぼりたて無濾過生原酒　きびの吟風　生酒原酒 [普通酒] (米: 国産米, 精米: 非公開)
    ✨ [新規SKU抽出] しぼりたて　無濾過　朝日米純米酒 [純米酒] (米: 国産米, 精米: 非公開)
    ✨ [新規SKU抽出] しぼりたて無濾過生原酒　きびの吟風　朝日米純米酒　1.8Ｌ　☆限定品☆ [純米酒] (米: 国産米, 精米: 非公開)
    ✨ [新規SKU抽出] しぼりたて無濾過生原酒　きびの吟風　純米吟醸原酒 [純米吟醸酒] (米: 国産米, 精米: 非公開)
    ✨ [新規SKU抽出] きびの吟風　吉備津蔵　純米酒 [純米酒] (米: 国産米, 精米: 非公開)
    ✨ [新規SKU抽出] 山廃　純米酒　清濁併呑 [純米酒] (米: 国産米, 精米: 非公開)
    ✨ [新規SKU抽出] きびの吟風　清濁併呑　合鴨農法　山廃　純米酒 [純米酒] (米: 国産米, 精米: 非公開)
    ✨ [新規SKU抽出] きびの吟風　雄町米　純米酒 [純米酒] (米: 雄町, 精米: 非公開)
    ✨ [新規SKU抽出] きびの吟風　雄町米　純米大吟醸720 [純米大吟醸酒] (米: 雄町, 精米: 非公開)
    ✨ [新規SKU抽出] きびの吟風　雄町米　純米大吟醸 [純米大吟醸酒] (米: 雄町, 精米: 非公開)
    ✨ [新規SKU抽出] きびの吟風　極純米吟醸・隠し酒 [純米吟醸酒] (米: 国産米, 精米: 非公開)
    ✨ [新規SKU抽出] お歳暮・お年賀・地酒ギフト　極純米吟醸・隠し酒 [純米吟醸酒] (米: 国産米, 精米: 非公開)
    ✨ [新規SKU抽出] きびの吟風　山廃純米酒飲み比べセット [純米酒] (米: 国産米, 精米: 非公開)
  👉 板野酒造場: 79 件の新規SKUを深層クローリングにより追加登録
[608/1376] 🏭 ID 3193: 赤磐酒造 (岡山県) - http://www.akaiwa.co.jp/
    ✨ [新規SKU抽出] 大吟醸　桃の里　一期一会 [大吟醸酒] (米: 国産米, 精米: 非公開)
    ✨ [新規SKU抽出] 大吟醸　桃の里 [大吟醸酒] (米: 国産米, 精米: 非公開)
    ✨ [新規SKU抽出] 純米吟醸　山桃花 [純米吟醸酒] (米: 国産米, 精米: 非公開)
    ✨ [新規SKU抽出] 大吟醸酒 [大吟醸酒] (米: 国産米, 精米: 非公開)
    ✨ [新規SKU抽出] 純米吟醸酒 [純米吟醸酒] (米: 国産米, 精米: 非公開)
    ✨ [新規SKU抽出] 本醸造酒 [本醸造酒] (米: 国産米, 精米: 非公開)
    ✨ [新規SKU抽出] リキュール [リキュール] (米: 国産米, 精米: 非公開)
    ✨ [新規SKU抽出] 純米酒 | 赤磐酒造 [純米酒] (米: 国産米, 精米: 非公開)
    ✨ [新規SKU抽出] 桃の里純米酒 [純米酒] (米: 国産米, 精米: 非公開)
    ✨ [新規SKU抽出] 桃の里ひやおろし [普通酒] (米: 国産米, 精米: 非公開)
    ✨ [新規SKU抽出] 赤磐酒造　大吟醸　桃の里　一期一会 | 赤磐酒造 [大吟醸酒] (米: 国産米, 精米: 非公開)
    ✨ [新規SKU抽出] 桃の里 大吟醸 一期一会 [大吟醸酒] (米: 国産米, 精米: 非公開)
    ✨ [新規SKU抽出] 赤磐酒造　大吟醸　桃の里 | 赤磐酒造 [大吟醸酒] (米: 国産米, 精米: 非公開)
    ✨ [新規SKU抽出] 大吟醸 桃の里 [大吟醸酒] (米: 国産米, 精米: 非公開)
  👉 赤磐酒造: 14 件の新規SKUを深層クローリングにより追加登録
[609/1376] 🏭 ID 3194: 室町酒造 (岡山県) - http://www.sakuramuromachi.co.jp/
    ✨ [新規SKU抽出] 極大吟醸　室町時代 [大吟醸酒] (米: 国産米, 精米: 非公開)
    ✨ [新規SKU抽出] リキュール [リキュール] (米: 国産米, 精米: 非公開)
    ✨ [新規SKU抽出] こだわりだけを詰め込んだリキュール [リキュール] (米: 国産米, 精米: 非公開)
    ✨ [新規SKU抽出] 大吟醸酒 [大吟醸酒] (米: 国産米, 精米: 非公開)
    ✨ [新規SKU抽出] 純米大吟醸酒 [純米大吟醸酒] (米: 国産米, 精米: 非公開)
    ✨ [新規SKU抽出] 純米吟醸酒 [純米吟醸酒] (米: 国産米, 精米: 非公開)
    ✨ [新規SKU抽出] 本醸造酒 [本醸造酒] (米: 国産米, 精米: 非公開)
    ✨ [新規SKU抽出] 極大吟醸 原酒 室町時代 [大吟醸酒] (米: 国産米, 精米: 非公開)
    ✨ [新規SKU抽出] 大吟醸 備前幻 [大吟醸酒] (米: 国産米, 精米: 非公開)
    ✨ [新規SKU抽出] IWSC(イギリス）国際酒類コンテストでトロフィに輝いた大吟醸酒。 [大吟醸酒] (米: 国産米, 精米: 非公開)
    ✨ [新規SKU抽出] 純米吟醸 備前幻 [純米吟醸酒] (米: 国産米, 精米: 非公開)
    ✨ [新規SKU抽出] 純米大吟醸 ゴールド雄町米の里 [純米大吟醸酒] (米: 雄町, 精米: 非公開)
    ✨ [新規SKU抽出] 純米吟醸 佐近レアル [純米吟醸酒] (米: 国産米, 精米: 非公開)
    ✨ [新規SKU抽出] 瀬戸契約栽培米 純米酒 瀬戸雄町 [純米酒] (米: 雄町, 精米: 非公開)
    ✨ [新規SKU抽出] 本格米焼酎 吟香  室町 25度 [本格焼酎] (米: 国産米, 精米: 非公開)
    ✨ [新規SKU抽出] 本格米焼酎 岡山の焼酎 ぼっけえ武蔵 25度 [本格焼酎] (米: 国産米, 精米: 非公開)
    ✨ [新規SKU抽出] vol. 2 ぎゅっと手搾りゆず酒 [リキュール] (米: 国産米, 精米: 非公開)
  👉 室町酒造: 17 件の新規SKUを深層クローリングにより追加登録
[610/1376] 🏭 ID 3195: 利守酒造 (岡山県) - http://www.sakehitosuji.co.jp
    ✨ [新規SKU抽出] 新酒・純米吟醸しぼりたて [純米吟醸酒] (米: 国産米, 精米: 非公開)
    ✨ [新規SKU抽出] 《新酒・純米吟醸しぼりたて・》 [純米吟醸酒] (米: 国産米, 精米: 非公開)
    ✨ [新規SKU抽出] 《純米大吟醸》 [純米大吟醸酒] (米: 国産米, 精米: 非公開)
    ✨ [新規SKU抽出] 純米しぼりたて [純米酒] (米: 国産米, 精米: 非公開)
    ✨ [新規SKU抽出] 《純米しぼりたて・無濾過生》 [純米酒] (米: 国産米, 精米: 非公開)
    ✨ [新規SKU抽出] 純米吟醸　金麗 [純米吟醸酒] (米: 国産米, 精米: 非公開)
    ✨ [新規SKU抽出] 赤磐雄町　純米吟醸 [純米吟醸酒] (米: 雄町, 精米: 非公開)
    ✨ [新規SKU抽出] 「雄町」で醸す純米吟醸酒。 [純米吟醸酒] (米: 雄町, 精米: 非公開)
    ✨ [新規SKU抽出] 大吟醸酒 [大吟醸酒] (米: 国産米, 精米: 非公開)
  👉 利守酒造: 9 件の新規SKUを深層クローリングにより追加登録
[611/1376] 🏭 ID 3197: 高祖酒造 (岡山県) - http://www.kouso-senju.co.jp/
    ✨ [新規SKU抽出] 純米吟醸ひやおろし発売のお知らせ [純米吟醸酒] (米: 国産米, 精米: 非公開)
    ✨ [新規SKU抽出] 特選辛口（特別本醸造）1.8リットル [特別本醸造酒] (米: 国産米, 精米: 非公開)
    ✨ [新規SKU抽出] 純米吟醸酒1.8リットル [純米吟醸酒] (米: 国産米, 精米: 非公開)
    ✨ [新規SKU抽出] 純米酒1.8リットル [純米酒] (米: 国産米, 精米: 非公開)
    ✨ [新規SKU抽出] 吟醸生詰原酒 [吟醸酒] (米: 国産米, 精米: 非公開)
    ✨ [新規SKU抽出] 純米吟醸（唐子踊） [純米吟醸酒] (米: 国産米, 精米: 非公開)
    ✨ [新規SKU抽出] 純米吟醸酒（唐子踊り） [純米吟醸酒] (米: 国産米, 精米: 非公開)
    ✨ [新規SKU抽出] 純米酒（日本の夕陽百選） [純米酒] (米: 国産米, 精米: 非公開)
    ✨ [新規SKU抽出] 千寿・うしまど-特別本醸造原酒 [特別本醸造酒] (米: 国産米, 精米: 非公開)
    ✨ [新規SKU抽出] 特別本醸造原酒 [特別本醸造酒] (米: 国産米, 精米: 非公開)
    ✨ [新規SKU抽出] 純米吟醸原酒 [純米吟醸酒] (米: 国産米, 精米: 非公開)
    ✨ [新規SKU抽出] 特撰（特別本醸造）原酒 [特別本醸造酒] (米: 国産米, 精米: 非公開)
    ✨ [新規SKU抽出] 白桃酒-清酒リキュール [リキュール] (米: 国産米, 精米: 非公開)
    ✨ [新規SKU抽出] マスカット酒-清酒リキュール [リキュール] (米: 国産米, 精米: 非公開)
    ✨ [新規SKU抽出] 純米吟醸 山鳥毛 [純米吟醸酒] (米: 国産米, 精米: 非公開)
  👉 高祖酒造: 15 件の新規SKUを深層クローリングにより追加登録
[612/1376] 🏭 ID 3199: 十八盛酒造 (岡山県) - http://www.juhachi.jp
    ✨ [新規SKU抽出] 十八盛 山田錦純米大吟醸 [純米大吟醸酒] (米: 山田錦, 精米: 非公開)
    ✨ [新規SKU抽出] 低温長期発酵で丁寧に醸した大吟醸です。 [大吟醸酒] (米: 国産米, 精米: 非公開)
    ✨ [新規SKU抽出] 十八盛 朝日純米大吟醸 [純米大吟醸酒] (米: 国産米, 精米: 非公開)
    ✨ [新規SKU抽出] 十八盛 山廃純米雄町 [純米酒] (米: 雄町, 精米: 非公開)
    ✨ [新規SKU抽出] 備前産雄町米を１００％使用し、瀬戸内の風土の中で自然と共に醸しだされた純米酒です。 [純米酒] (米: 雄町, 精米: 非公開)
    ✨ [新規SKU抽出] 特別純米　ことのわ [特別純米酒] (米: 国産米, 精米: 非公開)
    ✨ [新規SKU抽出] 特別純米 ことのわ [特別純米酒] (米: 国産米, 精米: 非公開)
    ✨ [新規SKU抽出] 本格米焼酎　時次郎 43° [本格焼酎] (米: 国産米, 精米: 非公開)
    ✨ [新規SKU抽出] 本格米焼酎 時次郎 43° [本格焼酎] (米: 国産米, 精米: 非公開)
    ✨ [新規SKU抽出] リキュール [リキュール] (米: 国産米, 精米: 非公開)
    ✨ [新規SKU抽出] 吟醸・純米・レギュラー・焼酎・リキュールなど様々なお酒を造っております。 [吟醸酒] (米: 国産米, 精米: 非公開)
  👉 十八盛酒造: 11 件の新規SKUを深層クローリングにより追加登録
[613/1376] 🏭 ID 3200: 熊屋酒造 (岡山県) - https://kumaya.jp/
[614/1376] 🏭 ID 3201: 森田酒造 (岡山県) - http://www.moritasyuzou.co.jp/
    ✨ [新規SKU抽出] 萬年雪　本醸造　佳撰 [本醸造酒] (米: 国産米, 精米: 非公開)
    ✨ [新規SKU抽出] 萬年雪　激辛　本醸造超辛口酒 [本醸造酒] (米: 国産米, 精米: 非公開)
    ✨ [新規SKU抽出] 萬年雪　純米酒 純米酒 [純米酒] (米: 国産米, 精米: 非公開)
    ✨ [新規SKU抽出] 萬年雪　森田大吟醸　大吟醸原酒 [大吟醸酒] (米: 国産米, 精米: 非公開)
    ✨ [新規SKU抽出] 萬年雪　翡翠大吟醸　大吟醸原酒 [大吟醸酒] (米: 国産米, 精米: 非公開)
    ✨ [新規SKU抽出] 萬年雪　荒走り　本醸造未搾り原酒 [本醸造酒] (米: 国産米, 精米: 非公開)
    ✨ [新規SKU抽出] 萬年雪　本醸造辛口酒　辛萬 [本醸造酒] (米: 国産米, 精米: 非公開)
    ✨ [新規SKU抽出] 萬年雪　辛口　本醸造辛口酒 [本醸造酒] (米: 国産米, 精米: 非公開)
  👉 森田酒造: 8 件の新規SKUを深層クローリングにより追加登録
[615/1376] 🏭 ID 3204: ヨイキゲン (岡山県) - http://www.yoikigen.co.jp
[616/1376] 🏭 ID 3205: 菊池酒造 (岡山県) - http://kikuchishuzo.co.jp/
    ✨ [新規SKU抽出] 燦然 斗瓶どりしずく大吟醸 [大吟醸酒] (米: 国産米, 精米: 非公開)
    ✨ [新規SKU抽出] 大吟醸・純米大吟醸 [純米大吟醸酒] (米: 国産米, 精米: 非公開)
    ✨ [新規SKU抽出] 斗瓶どりしずく大吟醸 [大吟醸酒] (米: 国産米, 精米: 非公開)
    ✨ [新規SKU抽出] 燦然 大吟醸・純米大吟醸 [純米大吟醸酒] (米: 国産米, 精米: 非公開)
    ✨ [新規SKU抽出] 大吟醸　45磨 [大吟醸酒] (米: 国産米, 精米: 非公開)
    ✨ [新規SKU抽出] 純米大吟醸　40磨 [純米大吟醸酒] (米: 国産米, 精米: 非公開)
    ✨ [新規SKU抽出] 純米吟醸　朝日 [純米吟醸酒] (米: 国産米, 精米: 非公開)
    ✨ [新規SKU抽出] 『酒音』山廃純米 雄町< [純米酒] (米: 雄町, 精米: 非公開)
    ✨ [新規SKU抽出] 山廃純米 [純米酒] (米: 国産米, 精米: 非公開)
    ✨ [新規SKU抽出] 山廃純米 雄町 [純米酒] (米: 雄町, 精米: 非公開)
    ✨ [新規SKU抽出] 『酒音』純米大吟醸 山田錦< [純米大吟醸酒] (米: 山田錦, 精米: 非公開)
    ✨ [新規SKU抽出] 純米大吟醸 山田錦 [純米大吟醸酒] (米: 山田錦, 精米: 非公開)
    ✨ [新規SKU抽出] 受賞結果🇺🇸全米日本酒歓評会にて「燦然 純米大吟醸 雄町」が金賞！ [純米大吟醸酒] (米: 雄町, 精米: 非公開)
    ✨ [新規SKU抽出] 2025新酒第一号&二号！しぼりたて燦然&奇跡のお酒 フレッシュな生酒 [普通酒] (米: 国産米, 精米: 非公開)
  👉 菊池酒造: 14 件の新規SKUを深層クローリングにより追加登録
[617/1376] 🏭 ID 3207: 神露酒造 (岡山県) - http://www.sinro.co.jp
[618/1376] 🏭 ID 3208: 平喜酒造 (岡山県) - http://www.hirakishuzo.co.jp
[619/1376] 🏭 ID 3209: 丸本酒造 (岡山県) - http://www.kamomidori.co.jp/
[620/1376] 🏭 ID 3210: 嘉美心酒造株式会社 (岡山県) - http://www.kamikokoro.co.jp/
    ✨ [新規SKU抽出] 純米大吟醸・大吟醸 [純米大吟醸酒] (米: 国産米, 精米: 非公開)
    ✨ [新規SKU抽出] 純米吟醸・吟醸 [純米吟醸酒] (米: 国産米, 精米: 非公開)
    ✨ [新規SKU抽出] 特別純米・純米 [特別純米酒] (米: 国産米, 精米: 非公開)
    ✨ [新規SKU抽出] 特別本醸造・本醸造 [特別本醸造酒] (米: 国産米, 精米: 非公開)
    ✨ [新規SKU抽出] リキュール [リキュール] (米: 国産米, 精米: 非公開)
    ✨ [新規SKU抽出] 純米大吟醸酒ケーキ [純米大吟醸酒] (米: 国産米, 精米: 非公開)
    ✨ [新規SKU抽出] 「我町醺　純米大吟醸」が中国で大好評発売中です！ [純米大吟醸酒] (米: 国産米, 精米: 非公開)
    ✨ [新規SKU抽出] 嘉美心夏の純米吟醸生酒、純米吟醸生貯蔵酒販売開始しました。 [純米吟醸酒] (米: 国産米, 精米: 非公開)
  👉 嘉美心酒造株式会社: 8 件の新規SKUを深層クローリングにより追加登録
[621/1376] 🏭 ID 3211: 妹尾酒造本店 (岡山県) - http://岡山白桃ワイン.jp
[622/1376] 🏭 ID 3215: 山成酒造 (岡山県) - http://yamanari.jp
    ✨ [新規SKU抽出] 大吟醸40%磨き [大吟醸酒] (米: 国産米, 精米: 40%)
    ✨ [新規SKU抽出] 朗廬の里 大吟醸原酒 [大吟醸酒] (米: 国産米, 精米: 非公開)
    ✨ [新規SKU抽出] 大吟醸原酒 [大吟醸酒] (米: 国産米, 精米: 非公開)
    ✨ [新規SKU抽出] 純米吟醸原酒 [純米吟醸酒] (米: 国産米, 精米: 非公開)
    ✨ [新規SKU抽出] で大吟醸40%磨き「蘭の誉」が入賞しました。 [大吟醸酒] (米: 国産米, 精米: 40%)
    ✨ [新規SKU抽出] （第二部）で「純米酒」が1位を受賞しました。 [純米酒] (米: 国産米, 精米: 非公開)
    ✨ [新規SKU抽出] 大吟醸ビネガー（飲む健康お酢） [大吟醸酒] (米: 国産米, 精米: 非公開)
    ✨ [新規SKU抽出] 大吟醸原酒 朗盧の里 [大吟醸酒] (米: 国産米, 精米: 非公開)
    ✨ [新規SKU抽出] 純米吟醸 桜渓 [純米吟醸酒] (米: 国産米, 精米: 非公開)
    ✨ [新規SKU抽出] 純米酒 蘭の誉 [純米酒] (米: 国産米, 精米: 非公開)
    ✨ [新規SKU抽出] 大吟醸40%磨き　蘭の誉 [大吟醸酒] (米: 国産米, 精米: 40%)
    ✨ [新規SKU抽出] 大吟醸酒 [大吟醸酒] (米: 国産米, 精米: 非公開)
    ✨ [新規SKU抽出] 全国の酒蔵で吟醸酒などの高級酒造りに用いられています。 [吟醸酒] (米: 国産米, 精米: 非公開)
    ✨ [新規SKU抽出] 爽やかで華やかな吟醸香が楽しめる日本酒に仕上がっています。 [吟醸酒] (米: 国産米, 精米: 非公開)
    ✨ [新規SKU抽出] 純米吟醸酒 [純米吟醸酒] (米: 国産米, 精米: 非公開)
    ✨ [新規SKU抽出] 本醸造酒 [本醸造酒] (米: 国産米, 精米: 非公開)
    ✨ [新規SKU抽出] （大吟醸40%磨き・朗廬の里・桜渓・純米酒・えんぺい） [大吟醸酒] (米: 国産米, 精米: 40%)
    ✨ [新規SKU抽出] しぼりたて [普通酒] (米: 国産米, 精米: 非公開)
    ✨ [新規SKU抽出] （大吟醸40%磨き・朗廬の里） [大吟醸酒] (米: 国産米, 精米: 40%)
    ✨ [新規SKU抽出] にごり酒 [普通酒] (米: 国産米, 精米: 非公開)
    ✨ [新規SKU抽出] にごり酒（えんぺい） [普通酒] (米: 国産米, 精米: 非公開)
    ✨ [新規SKU抽出] にごり酒とは・・・ [普通酒] (米: 国産米, 精米: 非公開)
    ✨ [新規SKU抽出] 大吟醸ビネガー（飲む健康酢） [大吟醸酒] (米: 国産米, 精米: 非公開)
    ✨ [新規SKU抽出] 大吟醸原酒を使った、贅沢な味わいの「米酢」です。 [大吟醸酒] (米: 国産米, 精米: 非公開)
    ✨ [新規SKU抽出] 特に大吟醸の酒粕はご指名でお求めになる方も多く、毎年心待ちにされている人気商品です。 [大吟醸酒] (米: 国産米, 精米: 非公開)
  👉 山成酒造: 25 件の新規SKUを深層クローリングにより追加登録
[623/1376] 🏭 ID 3218: 白菊酒造株式会社 (岡山県) - http://www.shiragiku.com
    ✨ [新規SKU抽出] 大吟醸 斗瓶採りしずく酒 [大吟醸酒] (米: 国産米, 精米: 非公開)
    ✨ [新規SKU抽出] 純米大吟醸 雄町 [純米大吟醸酒] (米: 雄町, 精米: 非公開)
    ✨ [新規SKU抽出] 純米吟醸 備州 [純米吟醸酒] (米: 国産米, 精米: 非公開)
    ✨ [新規SKU抽出] 純米酒 造酒錦 [純米酒] (米: 国産米, 精米: 非公開)
    ✨ [新規SKU抽出] 純米酒 白菊米 [純米酒] (米: 国産米, 精米: 非公開)
    ✨ [新規SKU抽出] 生酛純米 [純米酒] (米: 国産米, 精米: 非公開)
    ✨ [新規SKU抽出] 生酛純米 雄町七十 [純米酒] (米: 雄町, 精米: 非公開)
    ✨ [新規SKU抽出] 特別本醸造 [特別本醸造酒] (米: 国産米, 精米: 非公開)
    ✨ [新規SKU抽出] 特別本醸造 白い瀬 [特別本醸造酒] (米: 国産米, 精米: 非公開)
    ✨ [新規SKU抽出] 本醸造 超辛 [本醸造酒] (米: 国産米, 精米: 非公開)
    ✨ [新規SKU抽出] 米焼酎 ＤＡＮ十年古酒 [本格焼酎] (米: 国産米, 精米: 非公開)
    ✨ [新規SKU抽出] 日本酒仕込梅酒 [リキュール] (米: 国産米, 精米: 非公開)
    ✨ [新規SKU抽出] 日本酒仕込梅酒 香春梅 [リキュール] (米: 国産米, 精米: 非公開)
  👉 白菊酒造株式会社: 13 件の新規SKUを深層クローリングにより追加登録
[624/1376] 🏭 ID 3220: 三光正宗 (岡山県) - http://www.sake-sanko.co.jp
    ✨ [新規SKU抽出] 吟醸酒の部　　金賞 [吟醸酒] (米: 国産米, 精米: 非公開)
    ✨ [新規SKU抽出] 純米酒の部　　金賞 [純米酒] (米: 国産米, 精米: 非公開)
    ✨ [新規SKU抽出] 吟醸酒の部金賞　三光正宗大吟醸 [大吟醸酒] (米: 国産米, 精米: 非公開)
    ✨ [新規SKU抽出] 純米酒の部金賞　三光正宗山廃 [純米酒] (米: 国産米, 精米: 非公開)
    ✨ [新規SKU抽出] 純米酒の部　成績優秀(優等賞相当) [純米酒] (米: 国産米, 精米: 非公開)
    ✨ [新規SKU抽出] 純米酒の部　優等賞 [純米酒] (米: 国産米, 精米: 非公開)
    ✨ [新規SKU抽出] 純米酒の部　農林水産部長賞 [純米酒] (米: 国産米, 精米: 非公開)
    ✨ [新規SKU抽出] 但馬杜氏組合長賞(優等賞) 吟醸 [吟醸酒] (米: 国産米, 精米: 非公開)
    ✨ [新規SKU抽出] 吟醸酒部門　金賞 [吟醸酒] (米: 国産米, 精米: 非公開)
    ✨ [新規SKU抽出] 純米酒部門　金賞 [純米酒] (米: 国産米, 精米: 非公開)
  👉 三光正宗: 10 件の新規SKUを深層クローリングにより追加登録
[625/1376] 🏭 ID 3221: 辻本店 (岡山県) - http://www.gozenshu.co.jp/
[626/1376] 🏭 ID 3222: 難波酒造 (岡山県) - http://musashi-sake.jp
    ✨ [新規SKU抽出] にごり酒新酒出荷開始! [普通酒] (米: 国産米, 精米: 非公開)
    ✨ [新規SKU抽出] 第８回雄町サミット 歓評会 純米酒部門 優等賞・和心特別純米 [特別純米酒] (米: 雄町, 精米: 非公開)
    ✨ [新規SKU抽出] 27年岡山県清酒品評会　純米酒部門　県知事賞(第一位)受賞 [純米酒] (米: 国産米, 精米: 非公開)
    ✨ [新規SKU抽出] 23ＢＹ岡山県清酒品評会　純米酒部門　県知事賞(第一位)受賞 [純米酒] (米: 国産米, 精米: 非公開)
    ✨ [新規SKU抽出] 純米酒部門 [純米酒] (米: 国産米, 精米: 非公開)
  👉 難波酒造: 5 件の新規SKUを深層クローリングにより追加登録
[627/1376] 🏭 ID 3223: 多胡本家酒造場 (岡山県) - https://tagobrewery.co.jp/
    ✨ [新規SKU抽出] 焼酎・リキュール [リキュール] (米: 国産米, 精米: 非公開)
    ✨ [新規SKU抽出] 果実リキュール [リキュール] (米: 国産米, 精米: 非公開)
    ✨ [新規SKU抽出] 夏季限定加茂五葉　夏酒 純米無濾過生原酒 [純米酒] (米: 国産米, 精米: 非公開)
    ✨ [新規SKU抽出] 焼酎・果実リキュール [リキュール] (米: 国産米, 精米: 非公開)
    ✨ [新規SKU抽出] 数量限定加茂五葉　木箱大吟醸  斗びん囲い [大吟醸酒] (米: 国産米, 精米: 非公開)
    ✨ [新規SKU抽出] －焼酎・リキュール [リキュール] (米: 国産米, 精米: 非公開)
    ✨ [新規SKU抽出] 夏季限定加茂五葉　夏酒 純米生原酒 [純米酒] (米: 国産米, 精米: 非公開)
    ✨ [新規SKU抽出] 加茂五葉　大吟醸 [大吟醸酒] (米: 国産米, 精米: 非公開)
    ✨ [新規SKU抽出] 加茂五葉 純米吟醸 [純米吟醸酒] (米: 国産米, 精米: 非公開)
    ✨ [新規SKU抽出] 加茂五葉 純米酒 [純米酒] (米: 国産米, 精米: 非公開)
    ✨ [新規SKU抽出] ギフト加茂五葉　吟醸酒セット（大吟醸・純米吟醸） [純米吟醸酒] (米: 国産米, 精米: 非公開)
    ✨ [新規SKU抽出] 夏ギフト加茂五葉 定番3種セット（上撰・純米酒・生貯蔵なま） [純米酒] (米: 国産米, 精米: 非公開)
    ✨ [新規SKU抽出] 加茂五葉 別格純米吟醸 [純米吟醸酒] (米: 国産米, 精米: 非公開)
    ✨ [新規SKU抽出] 数量限定加茂五葉 大吟醸  斗びん囲い [大吟醸酒] (米: 国産米, 精米: 非公開)
    ✨ [新規SKU抽出] 夏ギフト加茂五葉　大吟醸・純米セット [大吟醸酒] (米: 国産米, 精米: 非公開)
    ✨ [新規SKU抽出] 加茂五葉 純米酒
– 多胡本家酒造場 [純米酒] (米: 国産米, 精米: 非公開)
    ✨ [新規SKU抽出] 夏ギフト加茂五葉 定番3種セット（上撰・純米酒・生貯蔵なま）... [純米酒] (米: 国産米, 精米: 非公開)
    ✨ [新規SKU抽出] 造り酒屋の吟醸焼酎 五年貯蔵 [吟醸酒] (米: 国産米, 精米: 非公開)
    ✨ [新規SKU抽出] 山の芋焼酎 銀沫（ぎんしぶき） [本格焼酎] (米: 国産米, 精米: 非公開)
    ✨ [新規SKU抽出] 米焼酎 三年貯蔵 イツハ 25度　1.8Ｌ [本格焼酎] (米: 国産米, 精米: 非公開)
    ✨ [新規SKU抽出] 夏ギフト造り酒屋の吟醸焼酎 五年貯蔵 [吟醸酒] (米: 国産米, 精米: 非公開)
    ✨ [新規SKU抽出] 米焼酎 三年貯蔵 武蔵（25度） [本格焼酎] (米: 国産米, 精米: 非公開)
    ✨ [新規SKU抽出] 米焼酎 三年貯蔵 イツハ 34度　1.8Ｌ [本格焼酎] (米: 国産米, 精米: 非公開)
    ✨ [新規SKU抽出] 夏ギフト山の芋焼酎＆三年貯蔵米焼酎セット [本格焼酎] (米: 国産米, 精米: 非公開)
    ✨ [新規SKU抽出] 清酒 加茂五葉
– Tagged "清酒_吟醸酒"– 多胡本家酒造場 [吟醸酒] (米: 国産米, 精米: 非公開)
    ✨ [新規SKU抽出] ・大吟醸 [大吟醸酒] (米: 国産米, 精米: 非公開)
    ✨ [新規SKU抽出] ・純米吟醸 [純米吟醸酒] (米: 国産米, 精米: 非公開)
  👉 多胡本家酒造場: 27 件の新規SKUを深層クローリングにより追加登録
[628/1376] 🏭 ID 3224: 田中酒造場 (岡山県) - http://www.musashinosato.com/
    ✨ [新規SKU抽出] 作州の地酒『武蔵の里』純米酒『宙狐』 [純米酒] (米: 国産米, 精米: 非公開)
    ✨ [新規SKU抽出] 季節の純米酒『宙狐』 [純米酒] (米: 国産米, 精米: 非公開)
    ✨ [新規SKU抽出] 純米酒『宙狐』紹介 [純米酒] (米: 国産米, 精米: 非公開)
    ✨ [新規SKU抽出] 新酒・にごり酒予約受付 [普通酒] (米: 国産米, 精米: 非公開)
    ✨ [新規SKU抽出] 武蔵の里『山廃純米酒』 [純米酒] (米: 国産米, 精米: 非公開)
    ✨ [新規SKU抽出] 山廃純米酒 [純米酒] (米: 国産米, 精米: 非公開)
    ✨ [新規SKU抽出] 純米酒『宙狐』 [純米酒] (米: 国産米, 精米: 非公開)
    ✨ [新規SKU抽出] 純米酒『山王』 [純米酒] (米: 国産米, 精米: 非公開)
  👉 田中酒造場: 8 件の新規SKUを深層クローリングにより追加登録
[630/1376] 🏭 ID 3229: 寿酒造株式会社 (大阪府) - https://www.kuninocho.jp
    ✨ [新規SKU抽出] 國乃長　カエルラベル純米吟醸生原酒 [純米吟醸酒] (米: 国産米, 精米: 非公開)
    ✨ [新規SKU抽出] とんださけ特別純米 ヒヤオロシ [特別純米酒] (米: 国産米, 精米: 非公開)
    ✨ [新規SKU抽出] 國乃長 本醸造酒 [本醸造酒] (米: 国産米, 精米: 非公開)
    ✨ [新規SKU抽出] 國乃長 純米酒 [純米酒] (米: 国産米, 精米: 非公開)
    ✨ [新規SKU抽出] 國乃長 純米吟醸 [純米吟醸酒] (米: 国産米, 精米: 非公開)
    ✨ [新規SKU抽出] 國乃長 大吟醸 [大吟醸酒] (米: 国産米, 精米: 非公開)
    ✨ [新規SKU抽出] とんださけ特別純米酒 [特別純米酒] (米: 国産米, 精米: 非公開)
    ✨ [新規SKU抽出] 國乃長 吟醸生貯蔵酒 [吟醸酒] (米: 国産米, 精米: 非公開)
  👉 寿酒造株式会社: 8 件の新規SKUを深層クローリングにより追加登録
[631/1376] 🏭 ID 3230: 清鶴酒造株式会社 (大阪府) - http://www.kiyotsuru.jp
[632/1376] 🏭 ID 3231: 山野酒造株式会社 (大阪府) - https://www.katanosakura.com
[633/1376] 🏭 ID 3232: 大門酒造株式会社 (大阪府) - https://www.daimonbrewery.com/
    ✨ [新規SKU抽出] DAIMON 35 〈 純米大吟醸 〉 [純米大吟醸酒] (米: 国産米, 精米: 非公開)
    ✨ [新規SKU抽出] DAIMON 45 〈 純米大吟醸 〉 [純米大吟醸酒] (米: 国産米, 精米: 非公開)
    ✨ [新規SKU抽出] DAIMON 55 〈 純米吟醸 〉 [純米吟醸酒] (米: 国産米, 精米: 非公開)
    ✨ [新規SKU抽出] 利休梅酵母仕込　花影 〈 純米吟醸 〉 [純米吟醸酒] (米: 国産米, 精米: 非公開)
    ✨ [新規SKU抽出] 利休梅　半左衛門〈純米大吟醸〉 [純米大吟醸酒] (米: 国産米, 精米: 非公開)
    ✨ [新規SKU抽出] 利休梅　静香〈純米吟醸〉 [純米吟醸酒] (米: 国産米, 精米: 非公開)
    ✨ [新規SKU抽出] 利休梅　青山緑水〈特別純米〉 [特別純米酒] (米: 国産米, 精米: 非公開)
    ✨ [新規SKU抽出] 利休梅　青山緑水〈 特別純米 〉 [特別純米酒] (米: 国産米, 精米: 非公開)
    ✨ [新規SKU抽出] 利休梅　磐船〈 特別本醸造 〉 [特別本醸造酒] (米: 国産米, 精米: 非公開)
    ✨ [新規SKU抽出] 利休梅　交野ヶ原〈 純米大吟醸〉 [純米大吟醸酒] (米: 国産米, 精米: 非公開)
    ✨ [新規SKU抽出] 利休梅　交野ヶ原〈 純米大吟醸 生原酒〉 [純米大吟醸酒] (米: 国産米, 精米: 非公開)
    ✨ [新規SKU抽出] “利休梅　半左衛門〈純米大吟醸〉 [純米大吟醸酒] (米: 国産米, 精米: 非公開)
    ✨ [新規SKU抽出] “利休梅　磐船〈 特別本醸造 〉 [特別本醸造酒] (米: 国産米, 精米: 非公開)
    ✨ [新規SKU抽出] “DAIMON 35 〈 純米大吟醸 〉 [純米大吟醸酒] (米: 国産米, 精米: 非公開)
    ✨ [新規SKU抽出] 大門 35 純米大吟醸酒 [純米大吟醸酒] (米: 国産米, 精米: 非公開)
    ✨ [新規SKU抽出] 大門 45 純米大吟醸酒 [純米大吟醸酒] (米: 国産米, 精米: 非公開)
    ✨ [新規SKU抽出] 大門 55 純米吟醸酒 [純米吟醸酒] (米: 国産米, 精米: 非公開)
    ✨ [新規SKU抽出] 大門 純米大吟醸 半左衛門_720mL_0194 [純米大吟醸酒] (米: 国産米, 精米: 非公開)
    ✨ [新規SKU抽出] 大門 純米吟醸 靜香_720mL_0187 (1) [純米吟醸酒] (米: 国産米, 精米: 非公開)
    ✨ [新規SKU抽出] 大門 特別純米 青山緑水_720mL_0184 [特別純米酒] (米: 国産米, 精米: 非公開)
    ✨ [新規SKU抽出] 大門 特別本醸造 磐舩_720mL_0192 [特別本醸造酒] (米: 国産米, 精米: 非公開)
    ✨ [新規SKU抽出] 純米大吟醸酒　半左衛門（はんざえもん） [純米大吟醸酒] (米: 国産米, 精米: 非公開)
    ✨ [新規SKU抽出] 純米吟醸酒　静香（しずか） [純米吟醸酒] (米: 国産米, 精米: 非公開)
    ✨ [新規SKU抽出] すっきりとした味わいの中に香る柔らかな吟醸香。様々な場面にマッチする定番酒です。 [吟醸酒] (米: 国産米, 精米: 非公開)
    ✨ [新規SKU抽出] 特別純米酒　青山緑水（せいざんりょくすい） [特別純米酒] (米: 国産米, 精米: 非公開)
    ✨ [新規SKU抽出] 米の持つ旨味をたっぷりと感じる純米酒。日常の食卓に寄り添う、柔らかなお酒です。 [純米酒] (米: 国産米, 精米: 非公開)
    ✨ [新規SKU抽出] 特別本醸造酒　磐船（いわふね） [特別本醸造酒] (米: 国産米, 精米: 非公開)
    ✨ [新規SKU抽出] 純米吟醸生酒　春しぼり [純米吟醸酒] (米: 国産米, 精米: 非公開)
    ✨ [新規SKU抽出] 純米吟醸生酒　夏吟醸 [純米吟醸酒] (米: 国産米, 精米: 非公開)
    ✨ [新規SKU抽出] 純米吟醸　ひやおろし [純米吟醸酒] (米: 国産米, 精米: 非公開)
    ✨ [新規SKU抽出] 純米吟醸生酒　しぼりたて [純米吟醸酒] (米: 国産米, 精米: 非公開)
    ✨ [新規SKU抽出] 純米吟醸生原酒　うすにごり [純米吟醸酒] (米: 国産米, 精米: 非公開)
  👉 大門酒造株式会社: 32 件の新規SKUを深層クローリングにより追加登録
[634/1376] 🏭 ID 3233: 長龍酒造株式会社 (大阪府) - http://www.choryo.jp
    ✨ [新規SKU抽出] 特別純米酒シリーズ [特別純米酒] (米: 国産米, 精米: 非公開)
  👉 長龍酒造株式会社: 1 件の新規SKUを深層クローリングにより追加登録
[635/1376] 🏭 ID 3234: 西條合資会社 (大阪府) - http://www.amanosake.com
[636/1376] 🏭 ID 3235: 寺田酒造有限会社 (大阪府) - http://www.gancho.net
[637/1376] 🏭 ID 3237: 有限会社北庄司酒造店 (大阪府) - http://www.kitashouji.jp
    ✨ [新規SKU抽出] 荘の郷　大吟醸　雫酒 [大吟醸酒] (米: 国産米, 精米: 非公開)
    ✨ [新規SKU抽出] 荘の郷　大吟醸 [大吟醸酒] (米: 国産米, 精米: 非公開)
    ✨ [新規SKU抽出] 精米歩合35％の山田錦特等米100％で仕込んだ当蔵自慢の大吟醸です。 [大吟醸酒] (米: 山田錦, 精米: 非公開)
    ✨ [新規SKU抽出] 荘の郷　純米大吟醸 [純米大吟醸酒] (米: 国産米, 精米: 非公開)
    ✨ [新規SKU抽出] 精米歩合35％の山田錦特等米100％で仕込んだ当蔵自慢の純米大吟醸です。 [純米大吟醸酒] (米: 山田錦, 精米: 非公開)
    ✨ [新規SKU抽出] 荘の郷　純米吟醸 [純米吟醸酒] (米: 国産米, 精米: 非公開)
    ✨ [新規SKU抽出] 精米歩合55％の山田錦100％で仕込んだ純米吟醸です。 [純米吟醸酒] (米: 山田錦, 精米: 非公開)
    ✨ [新規SKU抽出] 荘の郷　吟醸　花穂 [吟醸酒] (米: 国産米, 精米: 非公開)
    ✨ [新規SKU抽出] 精米歩合55％の五百万石100％で仕込んだスッキリ辛口の吟醸酒です。 [吟醸酒] (米: 五百万石, 精米: 非公開)
    ✨ [新規SKU抽出] 荘の郷　純米酒 [純米酒] (米: 国産米, 精米: 非公開)
    ✨ [新規SKU抽出] 新酒　荘の郷　大吟醸　無濾過生原酒　初走り [大吟醸酒] (米: 国産米, 精米: 非公開)
    ✨ [新規SKU抽出] 新酒　荘の郷　純米吟醸　無濾過生原酒　初走り [純米吟醸酒] (米: 国産米, 精米: 非公開)
    ✨ [新規SKU抽出] 第一号記念新酒　荘の郷　くみたて生原酒 [普通酒] (米: 国産米, 精米: 非公開)
    ✨ [新規SKU抽出] 新酒　荘の郷　生にごり酒　雪香 [普通酒] (米: 国産米, 精米: 非公開)
    ✨ [新規SKU抽出] 精米歩合65％の山田錦100％仕込みの醪を特別に搾った生きたにごり酒です。 [普通酒] (米: 山田錦, 精米: 非公開)
    ✨ [新規SKU抽出] 新酒　荘の郷　しぼりたて原酒 [普通酒] (米: 国産米, 精米: 非公開)
    ✨ [新規SKU抽出] 精米歩合65％の山田錦100％仕込みの秋一番のしぼりたて新酒の原酒です。 [普通酒] (米: 山田錦, 精米: 非公開)
    ✨ [新規SKU抽出] 新酒　荘の郷　しぼりたて清淳 [普通酒] (米: 国産米, 精米: 非公開)
    ✨ [新規SKU抽出] しょうのさと　北シリーズ　辛口純米酒　大阪産山田錦　火入れ急冷タイプ [純米酒] (米: 山田錦, 精米: 非公開)
    ✨ [新規SKU抽出] しょうのさと　北シリーズ　特別純米酒　大阪産山田錦　火入れ急冷タイプ [特別純米酒] (米: 山田錦, 精米: 非公開)
    ✨ [新規SKU抽出] しょうのさと　北シリーズ　特別純米酒　大阪産雄町　火入れ急冷タイプ [特別純米酒] (米: 雄町, 精米: 非公開)
    ✨ [新規SKU抽出] 上神谷　純米大吟醸 [純米大吟醸酒] (米: 国産米, 精米: 非公開)
    ✨ [新規SKU抽出] 上神谷　純米吟醸酒 [純米吟醸酒] (米: 国産米, 精米: 非公開)
    ✨ [新規SKU抽出] 上神谷　純米酒 [純米酒] (米: 国産米, 精米: 非公開)
    ✨ [新規SKU抽出] 燗酒で美味しい純米酒 [純米酒] (米: 国産米, 精米: 非公開)
  👉 有限会社北庄司酒造店: 25 件の新規SKUを深層クローリングにより追加登録
[638/1376] 🏭 ID 3238: 浪花酒造有限会社 (大阪府) - http://www.naniwamasamune.com
    ✨ [新規SKU抽出] 技術の結晶浪花正宗 金賞受賞酒 大吟醸 [大吟醸酒] (米: 国産米, 精米: 非公開)
    ✨ [新規SKU抽出] 低アル善酔さくらスパークリング 2nd Editionクール便 [普通酒] (米: 国産米, 精米: 非公開)
    ✨ [新規SKU抽出] 至高の一滴浪花正宗　純米大吟醸 [純米大吟醸酒] (米: 国産米, 精米: 非公開)
    ✨ [新規SKU抽出] 南部杜氏優等賞浪花正宗　大吟醸 [大吟醸酒] (米: 国産米, 精米: 非公開)
    ✨ [新規SKU抽出] 大阪土産吉村知事の酒　純米酒 [純米酒] (米: 国産米, 精米: 非公開)
    ✨ [新規SKU抽出] 酒ディプロマ(SAKE DIPLOMA)二次試験論述対策⑳～琉球泡盛編 [泡盛] (米: 国産米, 精米: 非公開)
    ✨ [新規SKU抽出] 琉球泡盛 [泡盛] (米: 国産米, 精米: 非公開)
    ✨ [新規SKU抽出] 初回の泡盛はどこで造られているかを考えることが第一ステップです。 [泡盛] (米: 国産米, 精米: 非公開)
  👉 浪花酒造有限会社: 8 件の新規SKUを深層クローリングにより追加登録
[639/1376] 🏭 ID 3240: 有限会社利休蔵 (大阪府) - https://sennorikyu-nihonshu.jp/
[640/1376] 🏭 ID 3440: 有限会社関乃井酒造 (青森県) - https://www.sekinoi.co.jp/
    ✨ [新規SKU抽出] 吟醸酒 [吟醸酒] (米: 国産米, 精米: 非公開)
    ✨ [新規SKU抽出] 北勇本醸造 [本醸造酒] (米: 国産米, 精米: 非公開)
    ✨ [新規SKU抽出] 北勇 至誠吟醸五年酒 [吟醸酒] (米: 国産米, 精米: 非公開)
    ✨ [新規SKU抽出] 山田錦50％精米で仕込んだ吟醸酒を [吟醸酒] (米: 山田錦, 精米: 非公開)
    ✨ [新規SKU抽出] 北勇 至情純米吟醸 [純米吟醸酒] (米: 国産米, 精米: 非公開)
    ✨ [新規SKU抽出] 北勇 至華大吟醸 [大吟醸酒] (米: 国産米, 精米: 非公開)
    ✨ [新規SKU抽出] 北勇 至心吟醸 [吟醸酒] (米: 国産米, 精米: 非公開)
    ✨ [新規SKU抽出] 山田錦50％精米で仕込んだ吟醸酒 [吟醸酒] (米: 山田錦, 精米: 非公開)
    ✨ [新規SKU抽出] 北勇 至純純米酒 [純米酒] (米: 国産米, 精米: 非公開)
    ✨ [新規SKU抽出] 北勇 純純米酒 [純米酒] (米: 国産米, 精米: 非公開)
    ✨ [新規SKU抽出] 北勇 本醸造 [本醸造酒] (米: 国産米, 精米: 非公開)
    ✨ [新規SKU抽出] 大吟醸　北勇   of sekinoi.co.jp [大吟醸酒] (米: 国産米, 精米: 非公開)
    ✨ [新規SKU抽出] 酒造好適米の王様といわれる山田錦を全量使用した大吟醸酒 [大吟醸酒] (米: 山田錦, 精米: 非公開)
  👉 有限会社関乃井酒造: 13 件の新規SKUを深層クローリングにより追加登録
[641/1376] 🏭 ID 3441: 株式会社盛田庄兵衛 (青森県) - https://www.morishou.co.jp/
    ✨ [新規SKU抽出] 純米吟醸『朔田』はじまりの朔田 新月 [純米吟醸酒] (米: 国産米, 精米: 非公開)
    ✨ [新規SKU抽出] 純米吟醸 朔田 [純米吟醸酒] (米: 国産米, 精米: 非公開)
    ✨ [新規SKU抽出] 純米吟醸『朔田』こううんの朔田 三日月 [純米吟醸酒] (米: 国産米, 精米: 非公開)
    ✨ [新規SKU抽出] 純米大吟醸『朔田』とくべつの朔田 月ノ雫 [純米大吟醸酒] (米: 国産米, 精米: 非公開)
    ✨ [新規SKU抽出] 純米大吟醸 朔田 [純米大吟醸酒] (米: 国産米, 精米: 非公開)
    ✨ [新規SKU抽出] 純米吟醸『朔田』よろこびの朔田 月朧 [純米吟醸酒] (米: 国産米, 精米: 非公開)
    ✨ [新規SKU抽出] 季節限定／純米吟醸 朔田 [純米吟醸酒] (米: 国産米, 精米: 非公開)
    ✨ [新規SKU抽出] 純米吟醸『朔田』そのままの朔田 無濾過生原酒 [純米吟醸酒] (米: 国産米, 精米: 非公開)
    ✨ [新規SKU抽出] 季節限定／純米吟醸 さく田 [純米吟醸酒] (米: 国産米, 精米: 非公開)
    ✨ [新規SKU抽出] 大吟醸純米『駒泉』真心 黒ラベル [大吟醸酒] (米: 国産米, 精米: 非公開)
    ✨ [新規SKU抽出] 大吟醸純米 駒泉 [大吟醸酒] (米: 国産米, 精米: 非公開)
    ✨ [新規SKU抽出] 味吟醸『駒泉』真心 白ラベル [吟醸酒] (米: 国産米, 精米: 非公開)
    ✨ [新規SKU抽出] 味大吟醸 駒泉 [大吟醸酒] (米: 国産米, 精米: 非公開)
    ✨ [新規SKU抽出] 純米吟醸『駒泉』山廃 [純米吟醸酒] (米: 国産米, 精米: 非公開)
    ✨ [新規SKU抽出] 純米吟醸 駒泉 [純米吟醸酒] (米: 国産米, 精米: 非公開)
    ✨ [新規SKU抽出] 特別本醸造『駒泉』辛口赤ラベル [特別本醸造酒] (米: 国産米, 精米: 非公開)
    ✨ [新規SKU抽出] 特別本醸造 駒泉 [特別本醸造酒] (米: 国産米, 精米: 非公開)
    ✨ [新規SKU抽出] 吟醸生貯蔵酒 駒泉 [吟醸酒] (米: 国産米, 精米: 非公開)
    ✨ [新規SKU抽出] 吟醸かすみにごり酒 駒泉 [吟醸酒] (米: 国産米, 精米: 非公開)
    ✨ [新規SKU抽出] 吟醸『駒泉』鯖 [吟醸酒] (米: 国産米, 精米: 非公開)
    ✨ [新規SKU抽出] 純米大吟醸生貯蔵酒 駒泉 [純米大吟醸酒] (米: 国産米, 精米: 非公開)
    ✨ [新規SKU抽出] 純米吟醸『駒泉』穆王八駿 奔霄 [純米吟醸酒] (米: 国産米, 精米: 非公開)
    ✨ [新規SKU抽出] 季節限定／純米吟醸 駒泉 [純米吟醸酒] (米: 国産米, 精米: 非公開)
    ✨ [新規SKU抽出] 純米吟醸『駒泉』サーモン [純米吟醸酒] (米: 国産米, 精米: 非公開)
    ✨ [新規SKU抽出] 吟醸『駒泉』マグロ [吟醸酒] (米: 国産米, 精米: 非公開)
    ✨ [新規SKU抽出] 吟醸原酒『駒泉』八甲田牛 [吟醸酒] (米: 国産米, 精米: 非公開)
    ✨ [新規SKU抽出] 盛田庄兵衛の特別純米酒 [特別純米酒] (米: 国産米, 精米: 非公開)
    ✨ [新規SKU抽出] この軽さとコクの調和により幅広い料理と相性良好なのが、特別純米酒『作田』です。 [特別純米酒] (米: 国産米, 精米: 非公開)
    ✨ [新規SKU抽出] 特別純米酒 作田 [特別純米酒] (米: 国産米, 精米: 非公開)
    ✨ [新規SKU抽出] 特別純米酒 作田 旨口 [特別純米酒] (米: 国産米, 精米: 非公開)
    ✨ [新規SKU抽出] 季節限定／特別純米酒 [特別純米酒] (米: 国産米, 精米: 非公開)
    ✨ [新規SKU抽出] 特別純米酒 作田 辛口 [特別純米酒] (米: 国産米, 精米: 非公開)
    ✨ [新規SKU抽出] 特別純米酒 作田 爽口 [特別純米酒] (米: 国産米, 精米: 非公開)
    ✨ [新規SKU抽出] 特別純米酒 作田 生酛 [特別純米酒] (米: 国産米, 精米: 非公開)
    ✨ [新規SKU抽出] 作田 生酛 [普通酒] (米: 国産米, 精米: 非公開)
    ✨ [新規SKU抽出] 特別純米酒 作田 ひやおろし [特別純米酒] (米: 国産米, 精米: 非公開)
    ✨ [新規SKU抽出] 作田 ひやおろし [普通酒] (米: 国産米, 精米: 非公開)
    ✨ [新規SKU抽出] 定番 純米吟醸 七力 [純米吟醸酒] (米: 国産米, 精米: 非公開)
    ✨ [新規SKU抽出] 純米吟醸 七力 [純米吟醸酒] (米: 国産米, 精米: 非公開)
    ✨ [新規SKU抽出] 大吟醸純米 七力 [大吟醸酒] (米: 国産米, 精米: 非公開)
    ✨ [新規SKU抽出] 季節限定／純米吟醸 七力 山廃 [純米吟醸酒] (米: 国産米, 精米: 非公開)
    ✨ [新規SKU抽出] 実感と手間をかけ造られる山廃。酸もあり、シャープでキレある飲みやすい山廃仕込み。 [普通酒] (米: 国産米, 精米: 非公開)
    ✨ [新規SKU抽出] 季節限定／純米吟醸 七力 無濾過原酒 [純米吟醸酒] (米: 国産米, 精米: 非公開)
    ✨ [新規SKU抽出] 季節限定／純米吟醸 七力 >春しぼり 無濾過生原酒 [純米吟醸酒] (米: 国産米, 精米: 非公開)
    ✨ [新規SKU抽出] 春しぼり 無濾過生原酒 [普通酒] (米: 国産米, 精米: 非公開)
    ✨ [新規SKU抽出] しぼりたて生 ねぶた七力 [普通酒] (米: 国産米, 精米: 非公開)
    ✨ [新規SKU抽出] 純米大吟醸 雫取り [純米大吟醸酒] (米: 国産米, 精米: 非公開)
  👉 株式会社盛田庄兵衛: 47 件の新規SKUを深層クローリングにより追加登録
[642/1376] 🏭 ID 3442: 鳩正宗株式会社 (青森県) - https://www.hatomasa.jp/
    ✨ [新規SKU抽出] 天祈り 純米大吟醸 生酒 其ノ十四 出荷開始のお知らせ [純米大吟醸酒] (米: 国産米, 精米: 非公開)
    ✨ [新規SKU抽出] 鳩正宗 純米酒 りんご酸酵母 生酒 出荷開始のお知らせ [純米酒] (米: 国産米, 精米: 非公開)
    ✨ [新規SKU抽出] 青森県産の酒造好適米「華吹雪」使用の長期低温発酵の特別純米酒・純米酒です。 [特別純米酒] (米: 華吹雪, 精米: 非公開)
    ✨ [新規SKU抽出] 青森県産の酒造好適米「華吹雪」使用の長期低温発酵の大吟醸・吟撰吟造り（吟醸酒）です。 [大吟醸酒] (米: 華吹雪, 精米: 非公開)
  👉 鳩正宗株式会社: 4 件の新規SKUを深層クローリングにより追加登録
[643/1376] 🏭 ID 3443: 八戸酒類株式会社五戸工場 (青森県) - https://hachinohe-syurui.com/
    ✨ [新規SKU抽出] 如空　特別純米金ラベル [特別純米酒] (米: 国産米, 精米: 非公開)
    ✨ [新規SKU抽出] 八鶴　大吟醸 [大吟醸酒] (米: 国産米, 精米: 非公開)
    ✨ [新規SKU抽出] 如空　純米大吟醸　華想い [純米大吟醸酒] (米: 華想い, 精米: 非公開)
    ✨ [新規SKU抽出] 八鶴　濃醇超辛純米酒　剛酒 [純米酒] (米: 国産米, 精米: 非公開)
    ✨ [新規SKU抽出] 如空　大吟醸 [大吟醸酒] (米: 国産米, 精米: 非公開)
    ✨ [新規SKU抽出] 如空　大吟醸　華想い [大吟醸酒] (米: 華想い, 精米: 非公開)
    ✨ [新規SKU抽出] 如空　純米吟醸 [純米吟醸酒] (米: 国産米, 精米: 非公開)
    ✨ [新規SKU抽出] ＃MUROKA純米吟醸酒 [純米吟醸酒] (米: 国産米, 精米: 非公開)
    ✨ [新規SKU抽出] 如空　純米吟醸無濾過生 [純米吟醸酒] (米: 国産米, 精米: 非公開)
    ✨ [新規SKU抽出] 如空　想　純米吟醸生酒 [純米吟醸酒] (米: 国産米, 精米: 非公開)
    ✨ [新規SKU抽出] 如空　特別純米酒　金ラベル [特別純米酒] (米: 国産米, 精米: 非公開)
    ✨ [新規SKU抽出] 如空　純米酒　銀ラベル [純米酒] (米: 国産米, 精米: 非公開)
    ✨ [新規SKU抽出] ＃MUROKA純米酒 [純米酒] (米: 国産米, 精米: 非公開)
    ✨ [新規SKU抽出] 如空　特別純米生貯蔵酒 [特別純米酒] (米: 国産米, 精米: 非公開)
    ✨ [新規SKU抽出] ふくよか純米酒 生酛造り [純米酒] (米: 国産米, 精米: 非公開)
    ✨ [新規SKU抽出] 如空　本醸造　山廃仕込 [本醸造酒] (米: 国産米, 精米: 非公開)
    ✨ [新規SKU抽出] 如空　本醸造酒 [本醸造酒] (米: 国産米, 精米: 非公開)
    ✨ [新規SKU抽出] 如空　本醸造 [本醸造酒] (米: 国産米, 精米: 非公開)
    ✨ [新規SKU抽出] 如空　ピンクのどんべり　純米にごり酒 [純米酒] (米: 国産米, 精米: 非公開)
    ✨ [新規SKU抽出] 如空　初搾り　特別純米原酒 [特別純米酒] (米: 国産米, 精米: 非公開)
    ✨ [新規SKU抽出] 如空　しろうま 純米吟醸生酒かすみにごり [純米吟醸酒] (米: 国産米, 精米: 非公開)
    ✨ [新規SKU抽出] 如空 Buveur 純米吟醸生貯蔵酒 [純米吟醸酒] (米: 国産米, 精米: 非公開)
    ✨ [新規SKU抽出] 純米吟醸　White bear [純米吟醸酒] (米: 国産米, 精米: 非公開)
    ✨ [新規SKU抽出] 如空　純米吟醸　吟烏帽子 [純米吟醸酒] (米: 国産米, 精米: 非公開)
    ✨ [新規SKU抽出] 如空　秋あがり純米吟醸 [純米吟醸酒] (米: 国産米, 精米: 非公開)
    ✨ [新規SKU抽出] 如空　純米吟醸　雄町 [純米吟醸酒] (米: 雄町, 精米: 非公開)
    ✨ [新規SKU抽出] 五醸　純米吟醸 [純米吟醸酒] (米: 国産米, 精米: 非公開)
    ✨ [新規SKU抽出] 春鳳　純米酒 [純米酒] (米: 国産米, 精米: 非公開)
    ✨ [新規SKU抽出] 特奨　五醸　大吟醸 [大吟醸酒] (米: 国産米, 精米: 非公開)
    ✨ [新規SKU抽出] 寒霞　純米にごり酒 [純米酒] (米: 国産米, 精米: 非公開)
    ✨ [新規SKU抽出] 如空　完熟梅酒 [リキュール] (米: 国産米, 精米: 非公開)
    ✨ [新規SKU抽出] 八鶴　純米吟醸 [純米吟醸酒] (米: 国産米, 精米: 非公開)
    ✨ [新規SKU抽出] 八鶴　純米吟醸無ろ過生 [純米吟醸酒] (米: 国産米, 精米: 非公開)
    ✨ [新規SKU抽出] 八鶴　華想い　純米大吟醸 [純米大吟醸酒] (米: 華想い, 精米: 非公開)
    ✨ [新規SKU抽出] 八鶴　純米酒 [純米酒] (米: 国産米, 精米: 非公開)
    ✨ [新規SKU抽出] 八鶴　超辛純米酒 剛酒 [純米酒] (米: 国産米, 精米: 非公開)
    ✨ [新規SKU抽出] 八鶴　本醸造 [本醸造酒] (米: 国産米, 精米: 非公開)
    ✨ [新規SKU抽出] 八鶴　ひやおろし　特別純米酒 [特別純米酒] (米: 国産米, 精米: 非公開)
    ✨ [新規SKU抽出] 三戸のどんべり 純米にごり酒 [純米酒] (米: 国産米, 精米: 非公開)
    ✨ [新規SKU抽出] 八鶴　あらばしり　特別純米生酒 [特別純米酒] (米: 国産米, 精米: 非公開)
    ✨ [新規SKU抽出] TSURUラベル純米吟醸 華吹雪 [純米吟醸酒] (米: 華吹雪, 精米: 非公開)
    ✨ [新規SKU抽出] TSURUラベル純米吟醸華想い [純米吟醸酒] (米: 華想い, 精米: 非公開)
    ✨ [新規SKU抽出] TSURUラベル純米吟醸 吟烏帽子 [純米吟醸酒] (米: 国産米, 精米: 非公開)
    ✨ [新規SKU抽出] TSURUラベル純米吟醸 雄町 [純米吟醸酒] (米: 雄町, 精米: 非公開)
    ✨ [新規SKU抽出] 八鶴　んめー梅酒 リキュール [リキュール] (米: 国産米, 精米: 非公開)
    ✨ [新規SKU抽出] 一酔百招福　華想い純米大吟醸 [純米大吟醸酒] (米: 華想い, 精米: 非公開)
    ✨ [新規SKU抽出] 一酔百招福　純米酒 [純米酒] (米: 国産米, 精米: 非公開)
    ✨ [新規SKU抽出] 八鶴　超辛純米酒　剛酒 [純米酒] (米: 国産米, 精米: 非公開)
    ✨ [新規SKU抽出] ネーミングも粋な純米吟醸生酒「想」 [純米吟醸酒] (米: 国産米, 精米: 非公開)
    ✨ [新規SKU抽出] 「山廃仕込」で醸し出した本格辛口本醸酒。 [普通酒] (米: 国産米, 精米: 非公開)
    ✨ [新規SKU抽出] 八鶴　んめー梅酒 [リキュール] (米: 国産米, 精米: 非公開)
    ✨ [新規SKU抽出] 濃厚なエキスが十分に抽出された「ご当地梅酒」です。 [リキュール] (米: 国産米, 精米: 非公開)
    ✨ [新規SKU抽出] お米を味わう純米酒 [純米酒] (米: 国産米, 精米: 非公開)
    ✨ [新規SKU抽出] セット/リキュール [リキュール] (米: 国産米, 精米: 非公開)
    ✨ [新規SKU抽出] リキュール [リキュール] (米: 国産米, 精米: 非公開)
  👉 八戸酒類株式会社五戸工場: 55 件の新規SKUを深層クローリングにより追加登録
[644/1376] 🏭 ID 3444: 桃川株式会社 (青森県) - https://www.momokawa.co.jp/
    ✨ [新規SKU抽出] リキュール [リキュール] (米: 国産米, 精米: 非公開)
    ✨ [新規SKU抽出] ねぶた淡麗純米酒 [純米酒] (米: 国産米, 精米: 非公開)
    ✨ [新規SKU抽出] 大吟醸純米五年古酒　輝龍 [大吟醸酒] (米: 国産米, 精米: 非公開)
    ✨ [新規SKU抽出] 桃川　王松（大吟醸純米酒） [大吟醸酒] (米: 国産米, 精米: 非公開)
    ✨ [新規SKU抽出] 桃川　大吟醸純米　華想い [大吟醸酒] (米: 華想い, 精米: 非公開)
    ✨ [新規SKU抽出] 大吟醸雫酒　桃川 [大吟醸酒] (米: 国産米, 精米: 非公開)
    ✨ [新規SKU抽出] 優等賞受賞酒大吟醸雫酒　桃川 [大吟醸酒] (米: 国産米, 精米: 非公開)
    ✨ [新規SKU抽出] 大吟醸　山田錦　桃川 [大吟醸酒] (米: 山田錦, 精米: 非公開)
    ✨ [新規SKU抽出] 桃川　大吟醸　山田錦　磨き三割五分 [大吟醸酒] (米: 山田錦, 精米: 非公開)
    ✨ [新規SKU抽出] 桃川　大吟醸 [大吟醸酒] (米: 国産米, 精米: 非公開)
    ✨ [新規SKU抽出] 桃川　吟烏帽子　大吟醸純米酒 [大吟醸酒] (米: 国産米, 精米: 非公開)
    ✨ [新規SKU抽出] 桃川　吟醸純米酒 [吟醸酒] (米: 国産米, 精米: 非公開)
    ✨ [新規SKU抽出] おいらせ流　純米吟醸酒 [純米吟醸酒] (米: 国産米, 精米: 非公開)
    ✨ [新規SKU抽出] 桃川　おいらせ流　純米吟醸酒 [純米吟醸酒] (米: 国産米, 精米: 非公開)
    ✨ [新規SKU抽出] 桃川　大吟醸純米 「源義経」 [大吟醸酒] (米: 国産米, 精米: 非公開)
    ✨ [新規SKU抽出] 桃川　吟烏帽子　特別純米酒 [特別純米酒] (米: 国産米, 精米: 非公開)
    ✨ [新規SKU抽出] おいらせ流大吟醸純米酒 [大吟醸酒] (米: 国産米, 精米: 非公開)
    ✨ [新規SKU抽出] 桃川　おいらせ流純米大吟醸酒 [純米大吟醸酒] (米: 国産米, 精米: 非公開)
    ✨ [新規SKU抽出] 桃川　ワイン酵母仕込み吟醸純米酒 [吟醸酒] (米: 国産米, 精米: 非公開)
    ✨ [新規SKU抽出] 青天の霹靂　桃川　大吟醸純米酒 [大吟醸酒] (米: 国産米, 精米: 非公開)
    ✨ [新規SKU抽出] 青天の霹靂　桃川　大吟醸純米酒300ｍｌ [大吟醸酒] (米: 国産米, 精米: 非公開)
    ✨ [新規SKU抽出] 青天の霹靂　桃川　大吟醸純米酒300ｍl [大吟醸酒] (米: 国産米, 精米: 非公開)
    ✨ [新規SKU抽出] 桃川　純米酒 [純米酒] (米: 国産米, 精米: 非公開)
    ✨ [新規SKU抽出] 桃川辛口本醸造 [本醸造酒] (米: 国産米, 精米: 非公開)
    ✨ [新規SKU抽出] 桃川　辛口本醸造 [本醸造酒] (米: 国産米, 精米: 非公開)
    ✨ [新規SKU抽出] 金賞受賞酒優等賞受賞酒「大吟醸雫酒 [大吟醸酒] (米: 国産米, 精米: 非公開)
    ✨ [新規SKU抽出] 大吟醸純米酒「桃川 青天の霹靂」　✕　津軽焼「酔いどれて青天なり」 [大吟醸酒] (米: 国産米, 精米: 非公開)
    ✨ [新規SKU抽出] 大吟醸純米酒「桃川 青天の霹靂」 [大吟醸酒] (米: 国産米, 精米: 非公開)
    ✨ [新規SKU抽出] 青天の霹靂大吟醸純米酒 [大吟醸酒] (米: 国産米, 精米: 非公開)
    ✨ [新規SKU抽出] 大吟醸純米 [大吟醸酒] (米: 国産米, 精米: 非公開)
  👉 桃川株式会社: 30 件の新規SKUを深層クローリングにより追加登録
[645/1376] 🏭 ID 3445: 八戸酒類株式会社八鶴工場 (青森県) - https://hachinohe-syurui.com/
[646/1376] 🏭 ID 3446: 八戸酒造株式会社 (青森県) - https://mutsu8000.com/
    ✨ [新規SKU抽出] リキュール [リキュール] (米: 国産米, 精米: 非公開)
    ✨ [新規SKU抽出] 陸奥八仙 裏八仙 純米大吟醸 生原酒 [純米大吟醸酒] (米: 国産米, 精米: 非公開)
    ✨ [新規SKU抽出] 陸奥八仙　夏吟醸 [吟醸酒] (米: 国産米, 精米: 非公開)
    ✨ [新規SKU抽出] まっしぐら40 純米大吟醸 [純米大吟醸酒] (米: 国産米, 精米: 非公開)
  👉 八戸酒造株式会社: 4 件の新規SKUを深層クローリングにより追加登録
[647/1376] 🏭 ID 3447: 株式会社西田酒造店 (青森県) - http://www.densyu.co.jp/
    ✨ [新規SKU抽出] 鑑評会出品用の吊り下げ雫酒。華やかな吟醸香と、上品な味わいが特徴。 [吟醸酒] (米: 国産米, 精米: 非公開)
    ✨ [新規SKU抽出] 気品のある吟醸香と、山廃らしい厚みのある味のバランスの良さが際立つ銘品。 [吟醸酒] (米: 国産米, 精米: 非公開)
    ✨ [新規SKU抽出] 山廃らしく味に厚みがありながら、すっきりと仕上がった酒。飲むほどに極みが感じられる。 [普通酒] (米: 国産米, 精米: 非公開)
    ✨ [新規SKU抽出] 県産新酒造好適米「華想い」による大吟醸。上品な吟醸香と洗練された深い味わいが特徴。 [大吟醸酒] (米: 華想い, 精米: 非公開)
  👉 株式会社西田酒造店: 4 件の新規SKUを深層クローリングにより追加登録
[648/1376] 🏭 ID 3448: 株式会社鳴海醸造店 (青森県) - https://narumijozoten.com/
    ✨ [新規SKU抽出] 菊乃井華さやか生原酒　蔵元限定発売 [普通酒] (米: 国産米, 精米: 非公開)
    ✨ [新規SKU抽出] 吟醸酒の部 優等賞受賞 [吟醸酒] (米: 国産米, 精米: 非公開)
    ✨ [新規SKU抽出] 純米酒の部 優等賞受賞 [純米酒] (米: 国産米, 精米: 非公開)
    ✨ [新規SKU抽出] 吟醸酒の部 評価員特別賞受賞 [吟醸酒] (米: 国産米, 精米: 非公開)
    ✨ [新規SKU抽出] 純米酒の部 優等賞 [純米酒] (米: 国産米, 精米: 非公開)
    ✨ [新規SKU抽出] 吟醸の部 優等賞受賞 [吟醸酒] (米: 国産米, 精米: 非公開)
    ✨ [新規SKU抽出] 吟醸の部 県知事賞受賞（第一席） [吟醸酒] (米: 国産米, 精米: 非公開)
    ✨ [新規SKU抽出] 吟醸の部 優等賞受賞（第二席） [吟醸酒] (米: 国産米, 精米: 非公開)
    ✨ [新規SKU抽出] 吟醸の部 産業技術センター理事長賞（県産米使用分 第一位） [吟醸酒] (米: 国産米, 精米: 非公開)
    ✨ [新規SKU抽出] 稲村屋純米吟醸と工藤安裕美さんのコラボ [純米吟醸酒] (米: 国産米, 精米: 非公開)
    ✨ [新規SKU抽出] 2022（令４）菊乃井大吟醸押粕発売中 [大吟醸酒] (米: 国産米, 精米: 非公開)
    ✨ [新規SKU抽出] 2019　グラフ青森423号　大吟醸稲村屋文四郎 [大吟醸酒] (米: 国産米, 精米: 非公開)
  👉 株式会社鳴海醸造店: 12 件の新規SKUを深層クローリングにより追加登録
[649/1376] 🏭 ID 3451: 三浦酒造株式会社 (青森県) - https://houhai.co.jp/
    ✨ [新規SKU抽出] 豊盃　純米大吟醸　つるし酒 [純米大吟醸酒] (米: 国産米, 精米: 非公開)
    ✨ [新規SKU抽出] 豊盃 純米大吟醸 こぎん刺し模様 [純米大吟醸酒] (米: 国産米, 精米: 非公開)
    ✨ [新規SKU抽出] 純米大吟醸 こぎん刺し模様 [純米大吟醸酒] (米: 国産米, 精米: 非公開)
    ✨ [新規SKU抽出] 豊盃 純米大吟醸 緑ななこ塗模様 [純米大吟醸酒] (米: 国産米, 精米: 非公開)
    ✨ [新規SKU抽出] 純米大吟醸 緑ななこ塗模様 [純米大吟醸酒] (米: 国産米, 精米: 非公開)
    ✨ [新規SKU抽出] 豊盃 純米大吟醸 山田穂 [純米大吟醸酒] (米: 国産米, 精米: 非公開)
    ✨ [新規SKU抽出] 純米大吟醸 山田穂 [純米大吟醸酒] (米: 国産米, 精米: 非公開)
    ✨ [新規SKU抽出] 豊盃 純米吟醸 豊盃米 [純米吟醸酒] (米: 国産米, 精米: 非公開)
    ✨ [新規SKU抽出] 純米吟醸 豊盃米 [純米吟醸酒] (米: 国産米, 精米: 非公開)
    ✨ [新規SKU抽出] 豊盃 純米吟醸 花筏 [純米吟醸酒] (米: 国産米, 精米: 非公開)
    ✨ [新規SKU抽出] 純米吟醸 花筏 [純米吟醸酒] (米: 国産米, 精米: 非公開)
    ✨ [新規SKU抽出] 豊盃 純米吟醸 月秋 [純米吟醸酒] (米: 国産米, 精米: 非公開)
    ✨ [新規SKU抽出] 純米吟醸 月秋 [純米吟醸酒] (米: 国産米, 精米: 非公開)
    ✨ [新規SKU抽出] 豊盃 純米吟醸 夏ブルー [純米吟醸酒] (米: 国産米, 精米: 非公開)
    ✨ [新規SKU抽出] 純米吟醸 夏ブルー [純米吟醸酒] (米: 国産米, 精米: 非公開)
    ✨ [新規SKU抽出] 純米大吟醸 豊盃米生酒（レインボー） [純米大吟醸酒] (米: 国産米, 精米: 非公開)
    ✨ [新規SKU抽出] 純米大吟醸 豊盃米生酒 [純米大吟醸酒] (米: 国産米, 精米: 非公開)
    ✨ [新規SKU抽出] 豊盃 特別純米酒 [特別純米酒] (米: 国産米, 精米: 非公開)
    ✨ [新規SKU抽出] 特別純米酒 [特別純米酒] (米: 国産米, 精米: 非公開)
    ✨ [新規SKU抽出] 豊盃 純米しぼりたて （生酒） [純米酒] (米: 国産米, 精米: 非公開)
    ✨ [新規SKU抽出] 純米しぼりたて [純米酒] (米: 国産米, 精米: 非公開)
    ✨ [新規SKU抽出] ん　純米酒 [純米酒] (米: 国産米, 精米: 非公開)
  👉 三浦酒造株式会社: 22 件の新規SKUを深層クローリングにより追加登録
[650/1376] 🏭 ID 3452: 六花酒造株式会社 (青森県) - https://www.rokkashuzo.com/
    ✨ [新規SKU抽出] 地酒本格焼酎専門店KONISHI [本格焼酎] (米: 国産米, 精米: 非公開)
  👉 六花酒造株式会社: 1 件の新規SKUを深層クローリングにより追加登録
[651/1376] 🏭 ID 3453: 株式会社松緑酒造 (青森県) - https://matsu-midori.com/
    ✨ [新規SKU抽出] ほど良い吟醸香控え目な米の香。柔らかい甘さは後を引かず、 [吟醸酒] (米: 国産米, 精米: 非公開)
  👉 株式会社松緑酒造: 1 件の新規SKUを深層クローリングにより追加登録
[652/1376] 🏭 ID 3454: 白神酒造株式会社 (青森県) - https://www.sirakami-sake.co.jp/
[653/1376] 🏭 ID 3455: 尾崎酒造株式会社 (青森県) - https://ozakishuzo.jp/
    ✨ [新規SKU抽出] 安東水軍　特別純米酒　しぼりたて [特別純米酒] (米: 国産米, 精米: 非公開)
    ✨ [新規SKU抽出] 安東水軍　純米吟醸　しぼりたて [純米吟醸酒] (米: 国産米, 精米: 非公開)
    ✨ [新規SKU抽出] 安東水軍　特別純米酒 [特別純米酒] (米: 国産米, 精米: 非公開)
    ✨ [新規SKU抽出] 安東水軍　大吟醸 [大吟醸酒] (米: 国産米, 精米: 非公開)
    ✨ [新規SKU抽出] 安東水軍　特別純米酒　1, [特別純米酒] (米: 国産米, 精米: 非公開)
    ✨ [新規SKU抽出] 安東水軍　大吟醸　1, [大吟醸酒] (米: 国産米, 精米: 非公開)
    ✨ [新規SKU抽出] 安東水軍　本醸造・辛口 [本醸造酒] (米: 国産米, 精米: 非公開)
    ✨ [新規SKU抽出] 白神のしずく　純米大吟醸 [純米大吟醸酒] (米: 国産米, 精米: 非公開)
  👉 尾崎酒造株式会社: 8 件の新規SKUを深層クローリングにより追加登録
[654/1376] 🏭 ID 3456: 六ヶ所地域振興開発株式会社 (青森県) - https://rokushu.com/
    ✨ [新規SKU抽出] その結果、口当たりがよく濃厚な味わいの本格焼酎「六趣」が誕生。 [本格焼酎] (米: 国産米, 精米: 非公開)
    ✨ [新規SKU抽出] 長芋焼酎 [本格焼酎] (米: 国産米, 精米: 非公開)
    ✨ [新規SKU抽出] 本格長芋焼酎 [本格焼酎] (米: 国産米, 精米: 非公開)
  👉 六ヶ所地域振興開発株式会社: 3 件の新規SKUを深層クローリングにより追加登録
[655/1376] 🏭 ID 3798: 寒紅梅酒造株式会社 (三重県) - http://www.kankoubai.com
[656/1376] 🏭 ID 3800: 合資会社後藤酒造場 (三重県) - http://www.sake-seiun.com/
    ✨ [新規SKU抽出] 颯　純米吟醸　山田錦 [純米吟醸酒] (米: 山田錦, 精米: 非公開)
    ✨ [新規SKU抽出] 三重県産山田錦で醸した純米吟醸。 [純米吟醸酒] (米: 山田錦, 精米: 非公開)
    ✨ [新規SKU抽出] 颯　純米吟醸　神の穂 [純米吟醸酒] (米: 国産米, 精米: 非公開)
    ✨ [新規SKU抽出] 三重県で開発された酒造好適米「神の穂」で醸した純米吟醸。 [純米吟醸酒] (米: 国産米, 精米: 非公開)
    ✨ [新規SKU抽出] 三重県で開発された酒造好適米「神の穂」で醸した純米酒。 [純米酒] (米: 国産米, 精米: 非公開)
    ✨ [新規SKU抽出] 颯　山廃純米　山田錦 [純米酒] (米: 山田錦, 精米: 非公開)
    ✨ [新規SKU抽出] 三重県産山田錦を山廃仕込みで醸した純米酒。 [純米酒] (米: 山田錦, 精米: 非公開)
    ✨ [新規SKU抽出] 颯　本醸造 [本醸造酒] (米: 国産米, 精米: 非公開)
    ✨ [新規SKU抽出] 富山県南砺産五百万石で醸した本醸造。 [本醸造酒] (米: 五百万石, 精米: 非公開)
  👉 合資会社後藤酒造場: 9 件の新規SKUを深層クローリングにより追加登録
[657/1376] 🏭 ID 3801: 細川酒造株式会社 (三重県) - http://www.ji-beer.co.jp/
[658/1376] 🏭 ID 3802: 神楽酒造株式会社 (三重県) - http://kagura1858.com/
[659/1376] 🏭 ID 3803: 石川酒造株式会社 (三重県) - http://e-sakagura.co.jp
    ✨ [新規SKU抽出] 大吟醸・吟醸 [大吟醸酒] (米: 国産米, 精米: 非公開)
    ✨ [新規SKU抽出] 噴井 大吟醸 斗瓶取り [大吟醸酒] (米: 国産米, 精米: 非公開)
    ✨ [新規SKU抽出] 噴井 大吟醸 [大吟醸酒] (米: 国産米, 精米: 非公開)
    ✨ [新規SKU抽出] 噴井 吟醸 [吟醸酒] (米: 国産米, 精米: 非公開)
    ✨ [新規SKU抽出] 純米大吟醸・純米吟醸・純米酒 [純米大吟醸酒] (米: 国産米, 精米: 非公開)
    ✨ [新規SKU抽出] 噴井 純米大吟醸 [純米大吟醸酒] (米: 国産米, 精米: 非公開)
    ✨ [新規SKU抽出] 噴井 純米大吟醸 茜色 [純米大吟醸酒] (米: 国産米, 精米: 非公開)
    ✨ [新規SKU抽出] 噴井 純米吟醸 [純米吟醸酒] (米: 国産米, 精米: 非公開)
    ✨ [新規SKU抽出] 本醸造酒・その他商品 [本醸造酒] (米: 国産米, 精米: 非公開)
    ✨ [新規SKU抽出] 噴井 本醸造酒 [本醸造酒] (米: 国産米, 精米: 非公開)
    ✨ [新規SKU抽出] 噴井 しぼりたて [普通酒] (米: 国産米, 精米: 非公開)
    ✨ [新規SKU抽出] (純米吟醸) [純米吟醸酒] (米: 国産米, 精米: 非公開)
    ✨ [新規SKU抽出] (純米大吟醸) [純米大吟醸酒] (米: 国産米, 精米: 非公開)
    ✨ [新規SKU抽出] 噴井 純米吟醸 花火ボトル [純米吟醸酒] (米: 国産米, 精米: 非公開)
    ✨ [新規SKU抽出] 噴井 純米吟醸 寿ボトル [純米吟醸酒] (米: 国産米, 精米: 非公開)
    ✨ [新規SKU抽出] 噴井 純米大吟醸 純米 [純米大吟醸酒] (米: 国産米, 精米: 非公開)
    ✨ [新規SKU抽出] 純米吟醸 蒼石 [純米吟醸酒] (米: 国産米, 精米: 非公開)
    ✨ [新規SKU抽出] 特別純米 蔵付酵母 [特別純米酒] (米: 国産米, 精米: 非公開)
    ✨ [新規SKU抽出] 製造された吟醸酒を対象に、 [吟醸酒] (米: 国産米, 精米: 非公開)
    ✨ [新規SKU抽出] 2020年　噴井 大吟醸が入賞 [大吟醸酒] (米: 国産米, 精米: 非公開)
    ✨ [新規SKU抽出] 2024年　噴井 大吟醸が金賞 [大吟醸酒] (米: 国産米, 精米: 非公開)
    ✨ [新規SKU抽出] 2017年 純米大吟醸が金賞 [純米大吟醸酒] (米: 国産米, 精米: 非公開)
    ✨ [新規SKU抽出] 2021年 純米酒が金賞 [純米酒] (米: 国産米, 精米: 非公開)
    ✨ [新規SKU抽出] 2017年 大吟醸酒がシルバー賞 [大吟醸酒] (米: 国産米, 精米: 非公開)
    ✨ [新規SKU抽出] 2018年 本醸造酒がシルバー賞 [本醸造酒] (米: 国産米, 精米: 非公開)
    ✨ [新規SKU抽出] 2018年 純米吟醸酒がブロンズ賞 [純米吟醸酒] (米: 国産米, 精米: 非公開)
    ✨ [新規SKU抽出] 2019年 純米吟醸酒・純米酒がブロンズ賞 [純米吟醸酒] (米: 国産米, 精米: 非公開)
    ✨ [新規SKU抽出] 純米大吟醸酒・純米酒がブロンズ賞 [純米大吟醸酒] (米: 国産米, 精米: 非公開)
    ✨ [新規SKU抽出] 2021年 純米酒がブロンズ賞 [純米酒] (米: 国産米, 精米: 非公開)
    ✨ [新規SKU抽出] 2022年 大吟醸酒がブロンズ賞 [大吟醸酒] (米: 国産米, 精米: 非公開)
    ✨ [新規SKU抽出] 2023年 純米吟醸酒がシルバー賞 [純米吟醸酒] (米: 国産米, 精米: 非公開)
    ✨ [新規SKU抽出] お値打ちぬる燗部門で「噴井 純米酒」 [純米酒] (米: 国産米, 精米: 非公開)
    ✨ [新規SKU抽出] お値打ち熱燗部門で「噴井 本醸造酒」 [本醸造酒] (米: 国産米, 精米: 非公開)
  👉 石川酒造株式会社: 33 件の新規SKUを深層クローリングにより追加登録
[660/1376] 🏭 ID 3804: 伊藤酒造株式会社 (三重県) - http://www.suzukasanroku.com/
    ✨ [新規SKU抽出] 良質な日本酒と純米大吟醸の低温熟成酒粕を贅沢に使い、 [純米大吟醸酒] (米: 国産米, 精米: 非公開)
    ✨ [新規SKU抽出] 吟醸　鈿女 [吟醸酒] (米: 国産米, 精米: 非公開)
    ✨ [新規SKU抽出] 無濾過　生原酒 [普通酒] (米: 国産米, 精米: 非公開)
    ✨ [新規SKU抽出] 活性にごり酒 [普通酒] (米: 国産米, 精米: 非公開)
    ✨ [新規SKU抽出] 純米大吟醸 袋搾り [純米大吟醸酒] (米: 国産米, 精米: 非公開)
    ✨ [新規SKU抽出] 大吟醸 袋搾り [大吟醸酒] (米: 国産米, 精米: 非公開)
    ✨ [新規SKU抽出] 純米大吟醸 袋搾り 雫生酒 [純米大吟醸酒] (米: 国産米, 精米: 非公開)
    ✨ [新規SKU抽出] 大吟醸 袋搾り 雫生酒 [大吟醸酒] (米: 国産米, 精米: 非公開)
    ✨ [新規SKU抽出] 最高級の純米大吟醸酒を 瓶に詰めた状態で、10年以上低温で長期熟成させた秘蔵酒です。 [純米大吟醸酒] (米: 国産米, 精米: 非公開)
    ✨ [新規SKU抽出] 20℃のとき、ガス圧が3.5バール以上ある スパークリング酒です。 [普通酒] (米: 国産米, 精米: 非公開)
    ✨ [新規SKU抽出] Yokkaichi スパークリング 12マイル酒米プロジェクトのお酒です。 [普通酒] (米: 国産米, 精米: 非公開)
    ✨ [新規SKU抽出] Elegant　純米大吟醸 [純米大吟醸酒] (米: 国産米, 精米: 非公開)
    ✨ [新規SKU抽出] Traditional YAMAHAI　特別純米 [特別純米酒] (米: 国産米, 精米: 非公開)
    ✨ [新規SKU抽出] 山廃仕込みらしい酸と旨味、甘みのバランスの良さが特徴のコク旨口のお酒です。 [普通酒] (米: 国産米, 精米: 非公開)
    ✨ [新規SKU抽出] 特別本醸造 [特別本醸造酒] (米: 国産米, 精米: 非公開)
    ✨ [新規SKU抽出] for Relaxation Level 5 純米大吟醸 [純米大吟醸酒] (米: 国産米, 精米: 非公開)
    ✨ [新規SKU抽出] for Relaxation Level 3 純米大吟醸 [純米大吟醸酒] (米: 国産米, 精米: 非公開)
    ✨ [新規SKU抽出] for Relaxation Level 2 純米吟醸 [純米吟醸酒] (米: 国産米, 精米: 非公開)
    ✨ [新規SKU抽出] 純米吟醸　天女の舞 [純米吟醸酒] (米: 国産米, 精米: 非公開)
    ✨ [新規SKU抽出] 山廃純米　豊穣の舞 [純米酒] (米: 国産米, 精米: 非公開)
    ✨ [新規SKU抽出] 熱燗向きの昔ながらの山廃酒 [普通酒] (米: 国産米, 精米: 非公開)
    ✨ [新規SKU抽出] 特別本醸造　岩戸の舞 [特別本醸造酒] (米: 国産米, 精米: 非公開)
    ✨ [新規SKU抽出] 普段飲みに最適な昔ながらの本醸造 晩酌酒 [本醸造酒] (米: 国産米, 精米: 非公開)
    ✨ [新規SKU抽出] 無濾過生原酒 [普通酒] (米: 国産米, 精米: 非公開)
    ✨ [新規SKU抽出] 『搾りたて』をそのまま瓶に詰めた酵母が活きたままの味わいの無濾過生原酒 [普通酒] (米: 国産米, 精米: 非公開)
    ✨ [新規SKU抽出] 山廃純米 [純米酒] (米: 国産米, 精米: 非公開)
    ✨ [新規SKU抽出] よっかいちスパークリング [普通酒] (米: 国産米, 精米: 非公開)
    ✨ [新規SKU抽出] 純米吟醸 にごり生酒 [純米吟醸酒] (米: 国産米, 精米: 非公開)
    ✨ [新規SKU抽出] 大吟醸　栄福の舞 [大吟醸酒] (米: 国産米, 精米: 非公開)
    ✨ [新規SKU抽出] 贈り物にもぴったりな スッキリした大吟醸酒 [大吟醸酒] (米: 国産米, 精米: 非公開)
    ✨ [新規SKU抽出] 吟醸　太平の舞 [吟醸酒] (米: 国産米, 精米: 非公開)
    ✨ [新規SKU抽出] すっきり軽めの吟醸酒　料理を邪魔しない控えめな香り [吟醸酒] (米: 国産米, 精米: 非公開)
    ✨ [新規SKU抽出] 吟醸らしいすっきりした味わいと軽めののどごし [吟醸酒] (米: 国産米, 精米: 非公開)
    ✨ [新規SKU抽出] 純米吟醸 天女の舞 [純米吟醸酒] (米: 国産米, 精米: 非公開)
    ✨ [新規SKU抽出] 山廃純米 豊穣の舞 [純米酒] (米: 国産米, 精米: 非公開)
    ✨ [新規SKU抽出] 特別本醸造 岩戸の舞 [特別本醸造酒] (米: 国産米, 精米: 非公開)
    ✨ [新規SKU抽出] Elegant 純米大吟醸 [純米大吟醸酒] (米: 国産米, 精米: 非公開)
    ✨ [新規SKU抽出] Traditional 特別純米 山廃 [特別純米酒] (米: 国産米, 精米: 非公開)
    ✨ [新規SKU抽出] Relaxation Lv.3 純米大吟醸 [純米大吟醸酒] (米: 国産米, 精米: 非公開)
    ✨ [新規SKU抽出] Relaxation Lv.5 純米大吟醸 [純米大吟醸酒] (米: 国産米, 精米: 非公開)
    ✨ [新規SKU抽出] 軽やかに輝く純米大吟醸酒粕 [純米大吟醸酒] (米: 国産米, 精米: 非公開)
    ✨ [新規SKU抽出] 最も軽やかな純米吟醸 [純米吟醸酒] (米: 国産米, 精米: 非公開)
    ✨ [新規SKU抽出] 青パパイヤ酒粕漬の純米大吟醸酒粕あえ [純米大吟醸酒] (米: 国産米, 精米: 非公開)
  👉 伊藤酒造株式会社: 43 件の新規SKUを深層クローリングにより追加登録
[661/1376] 🏭 ID 3805: 合名会社早川酒造 (三重県) - http://www.hayakawa-syuzo.com
    ✨ [新規SKU抽出] 特別純米酒 [特別純米酒] (米: 国産米, 精米: 非公開)
  👉 合名会社早川酒造: 1 件の新規SKUを深層クローリングにより追加登録
[662/1376] 🏭 ID 3806: 合資会社早川酒造部 (三重県) - http://www.sam.hi-ho.ne.jp/hayakawakeisuke/
[663/1376] 🏭 ID 3808: 丸彦酒造株式会社 (三重県) - http://www.mienokanbai.jp/
    ✨ [新規SKU抽出] にごり酒 [普通酒] (米: 国産米, 精米: 非公開)
    ✨ [新規SKU抽出] ゴジラ70th 激闘の軌跡 純米大吟醸 [純米大吟醸酒] (米: 国産米, 精米: 非公開)
    ✨ [新規SKU抽出] 大寒の日にしぼった　純米吟醸 三重の寒梅 大寒しぼり　販売始まりました [純米吟醸酒] (米: 国産米, 精米: 非公開)
    ✨ [新規SKU抽出] 「新酒 樋乃口生原酒」、及び本年度「三重の寒梅 新酒 初しぼり」販売開始！ [普通酒] (米: 国産米, 精米: 非公開)
    ✨ [新規SKU抽出] 三重の寒梅　元帥　大吟醸　販売再開につきまして [大吟醸酒] (米: 国産米, 精米: 非公開)
    ✨ [新規SKU抽出] 冬季限定商品　しぼりたて新酒「三重の寒梅 初しぼり」の販売スタート [普通酒] (米: 国産米, 精米: 非公開)
    ✨ [新規SKU抽出] 期間限定販売！本醸造生貯蔵酒　三重の寒梅　Jr.が販売開始 [本醸造酒] (米: 国産米, 精米: 非公開)
    ✨ [新規SKU抽出] 大寒の日にしぼりあげた逸品　純米吟醸 三重の寒梅 大寒しぼり販売スタートしました [純米吟醸酒] (米: 国産米, 精米: 非公開)
    ✨ [新規SKU抽出] 冬季限定商品　しぼりたて新酒「三重の寒梅 初しぼり720mℓ」販売開始 [普通酒] (米: 国産米, 精米: 非公開)
    ✨ [新規SKU抽出] 本数限定販売の期間限定のお酒「樋乃口　純米生原酒」 [純米酒] (米: 国産米, 精米: 非公開)
    ✨ [新規SKU抽出] 400本限定！秋季限定商品！純米吟醸 三重の寒梅 ひやおろし販売スタート [純米吟醸酒] (米: 国産米, 精米: 非公開)
    ✨ [新規SKU抽出] ゴジラ 「黒き咆哮酒」 吟醸原酒 [吟醸酒] (米: 国産米, 精米: 非公開)
    ✨ [新規SKU抽出] やや辛口　さっぱりとした味わい　喉ごしと切れ味が良い　にごり酒「ゆき」 [普通酒] (米: 国産米, 精米: 非公開)
    ✨ [新規SKU抽出] 三重の酒　飲み飽きしない酒質　晩酌にお勧め　吟醸「三重の寒梅」 [吟醸酒] (米: 国産米, 精米: 非公開)
    ✨ [新規SKU抽出] 「巫舞の舞」を表現した白いにごり酒 [普通酒] (米: 国産米, 精米: 非公開)
    ✨ [新規SKU抽出] コクと深い味わいのお米の旨みを堪能できる特別純米酒　純米吟醸「穂波」 [純米吟醸酒] (米: 国産米, 精米: 非公開)
  👉 丸彦酒造株式会社: 16 件の新規SKUを深層クローリングにより追加登録
[664/1376] 🏭 ID 3810: 株式会社宮﨑本店 (三重県) - http://www.miyanoyuki.co.jp/
    ✨ [新規SKU抽出] 本格焼酎・ウイスキー [本格焼酎] (米: 国産米, 精米: 非公開)
    ✨ [新規SKU抽出] 純米吟醸「宮の雪 純米吟醸「山田錦」 [純米吟醸酒] (米: 山田錦, 精米: 非公開)
    ✨ [新規SKU抽出] 純米吟醸「宮の雪 純米吟醸生原酒 神の穂」 [純米吟醸酒] (米: 国産米, 精米: 非公開)
    ✨ [新規SKU抽出] 大吟醸「宮の雪 大吟醸「山田錦」 [大吟醸酒] (米: 山田錦, 精米: 非公開)
    ✨ [新規SKU抽出] 特別純米「宮の雪 山廃仕込 特別純米酒」 [特別純米酒] (米: 国産米, 精米: 非公開)
    ✨ [新規SKU抽出] 純米「宮の雪 純米酒」 [純米酒] (米: 国産米, 精米: 非公開)
    ✨ [新規SKU抽出] 本醸造「極上 宮の雪」 [本醸造酒] (米: 国産米, 精米: 非公開)
  👉 株式会社宮﨑本店: 7 件の新規SKUを深層クローリングにより追加登録
[665/1376] 🏭 ID 3811: 清水清三郎商店株式会社 (三重県) - https://www.zaku.co.jp/
[666/1376] 🏭 ID 3813: 中山酒造株式会社 (三重県) - https://hakumaijoh.com/
    ✨ [新規SKU抽出] 白米城の「しぼりたて」をお届け！ [普通酒] (米: 国産米, 精米: 非公開)
    ✨ [新規SKU抽出] ぜひみなさま、奇跡の味を、そしてしぼりたての白米城をご堪能ください。 [普通酒] (米: 国産米, 精米: 非公開)
    ✨ [新規SKU抽出] （おかげさまで、12月31日、新酒「しぼりたて」は完売いたしました。） [普通酒] (米: 国産米, 精米: 非公開)
    ✨ [新規SKU抽出] 特別純米酒 [特別純米酒] (米: 国産米, 精米: 非公開)
    ✨ [新規SKU抽出] 純米吟醸　時代を彩る千両役者 [純米吟醸酒] (米: 国産米, 精米: 非公開)
    ✨ [新規SKU抽出] 純米吟醸　伊勢海老 [純米吟醸酒] (米: 国産米, 精米: 非公開)
    ✨ [新規SKU抽出] 特別純米酒　松阪牛 [特別純米酒] (米: 国産米, 精米: 非公開)
    ✨ [新規SKU抽出] 特別純米酒　白米城　“アール・ブリュット”オリジナルボトル [特別純米酒] (米: 国産米, 精米: 非公開)
    ✨ [新規SKU抽出] 白米城　純米大吟醸　伊勢光 [純米大吟醸酒] (米: 国産米, 精米: 非公開)
    ✨ [新規SKU抽出] 新商品「白米城純米大吟醸伊勢光」を追加しました [純米大吟醸酒] (米: 国産米, 精米: 非公開)
    ✨ [新規SKU抽出] 新商品「純米吟醸　時代を彩る千両役者」を追加しました [純米吟醸酒] (米: 国産米, 精米: 非公開)
    ✨ [新規SKU抽出] 新商品「純米吟醸 おにあい」を追加しました [純米吟醸酒] (米: 国産米, 精米: 非公開)
    ✨ [新規SKU抽出] 「特別純米酒　松阪牛」リニューアルしました [特別純米酒] (米: 国産米, 精米: 非公開)
    ✨ [新規SKU抽出] 特別純米酒　白米城　×　NPO法人　希望の園 [特別純米酒] (米: 国産米, 精米: 非公開)
  👉 中山酒造株式会社: 14 件の新規SKUを深層クローリングにより追加登録
[667/1376] 🏭 ID 3814: 河武醸造株式会社 (三重県) - http://www.hokosugi.com
[668/1376] 🏭 ID 3815: 元坂酒造株式会社 (三重県) - http://www.gensaka.com/
[669/1376] 🏭 ID 3816: 株式会社伊勢萬 (三重県) - http://www.iseman.co.jp/
    ✨ [新規SKU抽出] 斗瓶取り純米大吟醸酒『おかげさま　-重浪 SIKINAMI-』販売開始 [純米大吟醸酒] (米: 国産米, 精米: 非公開)
    ✨ [新規SKU抽出] ★IWC2022 SAKE部門 「おかげさま純米大吟醸」 トロフィー賞受賞！ [純米大吟醸酒] (米: 国産米, 精米: 非公開)
    ✨ [新規SKU抽出] 伊勢市にある本社工場では、焼酎やリキュールなどの蒸留酒を中心に製造しております。 [リキュール] (米: 国産米, 精米: 非公開)
    ✨ [新規SKU抽出] おかげさま　大吟醸 [大吟醸酒] (米: 国産米, 精米: 非公開)
    ✨ [新規SKU抽出] 16%　おかげさま純米大吟醸山田錦 [純米大吟醸酒] (米: 山田錦, 精米: 16%)
    ✨ [新規SKU抽出] 斗瓶取り純米大吟醸酒　おかげさま　-重浪 SIKINAMI- [純米大吟醸酒] (米: 国産米, 精米: 非公開)
    ✨ [新規SKU抽出] 純米大吟醸酒　おかげさま　-浪穂 NAMIHO- [純米大吟醸酒] (米: 国産米, 精米: 非公開)
    ✨ [新規SKU抽出] おかげさま　大吟醸斗瓶取り雫酒 [大吟醸酒] (米: 国産米, 精米: 非公開)
    ✨ [新規SKU抽出] おかげさま　特別純米酒山田錦 [特別純米酒] (米: 山田錦, 精米: 非公開)
    ✨ [新規SKU抽出] おかげさま　純米吟醸神の穂 [純米吟醸酒] (米: 国産米, 精米: 非公開)
    ✨ [新規SKU抽出] 吟醸　おかげさま [吟醸酒] (米: 国産米, 精米: 非公開)
    ✨ [新規SKU抽出] おかげさま　しぼりたて生原酒 [普通酒] (米: 国産米, 精米: 非公開)
    ✨ [新規SKU抽出] おかげさま　純米焼酎 [純米酒] (米: 国産米, 精米: 非公開)
    ✨ [新規SKU抽出] 伊勢梅酒　ウメノミコト [リキュール] (米: 国産米, 精米: 非公開)
    ✨ [新規SKU抽出] 清酒　金箔入り純米酒 [純米酒] (米: 国産米, 精米: 非公開)
  👉 株式会社伊勢萬: 15 件の新規SKUを深層クローリングにより追加登録
[670/1376] 🏭 ID 3817: 旭酒造株式会社 (三重県) - http://www.asahisyuzou.jp/
[671/1376] 🏭 ID 3818: 井村屋株式会社 (三重県) - https://www.fukuwagura.jp
    ✨ [新規SKU抽出] 一例：02 お試しセット（純米吟醸） [純米吟醸酒] (米: 国産米, 精米: 非公開)
    ✨ [新規SKU抽出] 一例：04 ほろ酔いセット（純米吟醸） [純米吟醸酒] (米: 国産米, 精米: 非公開)
    ✨ [新規SKU抽出] 一例：06 堪能セット（純米吟醸） [純米吟醸酒] (米: 国産米, 精米: 非公開)
    ✨ [新規SKU抽出] 純米酒（生酒） 45㎖ [純米酒] (米: 国産米, 精米: 非公開)
    ✨ [新規SKU抽出] お試しセット（純米吟醸） [純米吟醸酒] (米: 国産米, 精米: 非公開)
    ✨ [新規SKU抽出] 純米吟醸（生酒） 45㎖ [純米吟醸酒] (米: 国産米, 精米: 非公開)
    ✨ [新規SKU抽出] 純米酒（生酒） [純米酒] (米: 国産米, 精米: 非公開)
    ✨ [新規SKU抽出] ほろ酔いセット（純米吟醸） [純米吟醸酒] (米: 国産米, 精米: 非公開)
    ✨ [新規SKU抽出] 純米吟醸（生酒） [純米吟醸酒] (米: 国産米, 精米: 非公開)
    ✨ [新規SKU抽出] 堪能セット（純米吟醸） [純米吟醸酒] (米: 国産米, 精米: 非公開)
    ✨ [新規SKU抽出] 炭酸割り純米吟醸 [純米吟醸酒] (米: 国産米, 精米: 非公開)
    ✨ [新規SKU抽出] 福和蔵 純米酒 生酒のイメージ [純米酒] (米: 国産米, 精米: 非公開)
    ✨ [新規SKU抽出] 福和蔵 純米酒 生酒 [純米酒] (米: 国産米, 精米: 非公開)
    ✨ [新規SKU抽出] 福和蔵 純米酒のイメージ [純米酒] (米: 国産米, 精米: 非公開)
    ✨ [新規SKU抽出] 福和蔵 純米酒 [純米酒] (米: 国産米, 精米: 非公開)
    ✨ [新規SKU抽出] 福和蔵 純米吟醸 生酒のイメージ [純米吟醸酒] (米: 国産米, 精米: 非公開)
    ✨ [新規SKU抽出] 福和蔵 純米吟醸 生酒 [純米吟醸酒] (米: 国産米, 精米: 非公開)
    ✨ [新規SKU抽出] 福和蔵 純米吟醸のイメージ [純米吟醸酒] (米: 国産米, 精米: 非公開)
    ✨ [新規SKU抽出] 福和蔵 純米吟醸 [純米吟醸酒] (米: 国産米, 精米: 非公開)
    ✨ [新規SKU抽出] 福和蔵　純米大吟醸　生酒/火入れのイメージ [純米大吟醸酒] (米: 国産米, 精米: 非公開)
    ✨ [新規SKU抽出] 福和蔵　純米大吟醸　生酒/火入れ [純米大吟醸酒] (米: 国産米, 精米: 非公開)
    ✨ [新規SKU抽出] 福和蔵　純米酒　生酒 [純米酒] (米: 国産米, 精米: 非公開)
    ✨ [新規SKU抽出] 福和蔵　純米酒 [純米酒] (米: 国産米, 精米: 非公開)
    ✨ [新規SKU抽出] 福和蔵　純米酒のイメージ [純米酒] (米: 国産米, 精米: 非公開)
    ✨ [新規SKU抽出] 福和蔵　純米吟醸　生酒 [純米吟醸酒] (米: 国産米, 精米: 非公開)
    ✨ [新規SKU抽出] 福和蔵　純米吟醸 [純米吟醸酒] (米: 国産米, 精米: 非公開)
    ✨ [新規SKU抽出] 福和蔵　純米吟醸のイメージ [純米吟醸酒] (米: 国産米, 精米: 非公開)
  👉 井村屋株式会社: 27 件の新規SKUを深層クローリングにより追加登録
[672/1376] 🏭 ID 3820: 森喜酒造株式会社 (三重県) - https://www.morikishuzo.co.jp
    ✨ [新規SKU抽出] 全量純米酒蔵 [純米酒] (米: 国産米, 精米: 非公開)
    ✨ [新規SKU抽出] 純米酒は真っ正直な酒。 [純米酒] (米: 国産米, 精米: 非公開)
    ✨ [新規SKU抽出] 酵母無添加の生酛、山廃酛 [普通酒] (米: 国産米, 精米: 非公開)
    ✨ [新規SKU抽出] 生酛、山廃酛 [普通酒] (米: 国産米, 精米: 非公開)
    ✨ [新規SKU抽出] 米と麹、水だけで醸す全量純米酒蔵 [純米酒] (米: 国産米, 精米: 非公開)
    ✨ [新規SKU抽出] 「生酛系酒母」 [普通酒] (米: 国産米, 精米: 非公開)
    ✨ [新規SKU抽出] また、山廃酛は「山卸し」を「廃止」したため、「山廃」と呼ばれています。 [普通酒] (米: 国産米, 精米: 非公開)
    ✨ [新規SKU抽出] （参照）
              「増補改訂　最新酒造講本」（財）日本醸造協会 [本醸造酒] (米: 国産米, 精米: 非公開)
  👉 森喜酒造株式会社: 8 件の新規SKUを深層クローリングにより追加登録
[673/1376] 🏭 ID 3821: 株式会社大田酒造 (三重県) - http://www.hanzo-sake.com/
    ✨ [新規SKU抽出] 半蔵 純米大吟醸 磨き40 サミット乾杯酒 [純米大吟醸酒] (米: 国産米, 精米: 非公開)
    ✨ [新規SKU抽出] 半蔵 純米大吟醸 有儘 [純米大吟醸酒] (米: 国産米, 精米: 非公開)
    ✨ [新規SKU抽出] 希少な雫取り純米大吟醸を [純米大吟醸酒] (米: 国産米, 精米: 非公開)
    ✨ [新規SKU抽出] 純米大吟醸 半蔵 ＆　愛山 [純米大吟醸酒] (米: 愛山, 精米: 非公開)
    ✨ [新規SKU抽出] 純米大吟醸 半蔵 ＆　雄町 [純米大吟醸酒] (米: 雄町, 精米: 非公開)
    ✨ [新規SKU抽出] 純米吟醸 半蔵 ＆　吟風 [純米吟醸酒] (米: 国産米, 精米: 非公開)
    ✨ [新規SKU抽出] 純米酒 半蔵 ＆　八反錦 [純米酒] (米: 八反錦, 精米: 非公開)
    ✨ [新規SKU抽出] 半蔵　大吟醸　雫酒 [大吟醸酒] (米: 国産米, 精米: 非公開)
    ✨ [新規SKU抽出] 半蔵　大吟醸　伊賀山田錦 [大吟醸酒] (米: 山田錦, 精米: 非公開)
    ✨ [新規SKU抽出] 半蔵　純米大吟醸　赤ラベル [純米大吟醸酒] (米: 国産米, 精米: 非公開)
    ✨ [新規SKU抽出] 半蔵　純米大吟醸　神の穂 [純米大吟醸酒] (米: 国産米, 精米: 非公開)
    ✨ [新規SKU抽出] 半蔵　特別純米酒　伊賀産うこん錦 [特別純米酒] (米: 国産米, 精米: 非公開)
    ✨ [新規SKU抽出] 半蔵 初空 純米大吟醸 [純米大吟醸酒] (米: 国産米, 精米: 非公開)
    ✨ [新規SKU抽出] 純米大吟醸 神の穂 [純米大吟醸酒] (米: 国産米, 精米: 非公開)
    ✨ [新規SKU抽出] 特別純米酒 神の穂 [特別純米酒] (米: 国産米, 精米: 非公開)
    ✨ [新規SKU抽出] 特別純米酒 辛口 [特別純米酒] (米: 国産米, 精米: 非公開)
    ✨ [新規SKU抽出] ・特別純米酒 ささにごり生原酒 [特別純米酒] (米: 国産米, 精米: 非公開)
    ✨ [新規SKU抽出] ・特別純米酒 金魚ラベル（夏の定番酒♪） [特別純米酒] (米: 国産米, 精米: 非公開)
    ✨ [新規SKU抽出] 半蔵　特別純米酒　神の穂 [特別純米酒] (米: 国産米, 精米: 非公開)
    ✨ [新規SKU抽出] 半蔵　特別純米酒　辛口 [特別純米酒] (米: 国産米, 精米: 非公開)
    ✨ [新規SKU抽出] 純米酒　辛口　半蔵 [純米酒] (米: 国産米, 精米: 非公開)
    ✨ [新規SKU抽出] 半蔵 本醸造 [本醸造酒] (米: 国産米, 精米: 非公開)
    ✨ [新規SKU抽出] 半蔵の梅酒 [リキュール] (米: 国産米, 精米: 非公開)
  👉 株式会社大田酒造: 23 件の新規SKUを深層クローリングにより追加登録
[674/1376] 🏭 ID 3822: 橋本酒造場 (三重県) - http://www.ict.ne.jp/~h-bashou
    ✨ [新規SKU抽出] 大吟醸・純米大吟醸 [純米大吟醸酒] (米: 国産米, 精米: 非公開)
    ✨ [新規SKU抽出] ＊大吟醸＊ [大吟醸酒] (米: 国産米, 精米: 非公開)
    ✨ [新規SKU抽出] ＊純米大吟醸＊ [純米大吟醸酒] (米: 国産米, 精米: 非公開)
    ✨ [新規SKU抽出] 特別純米酒 [特別純米酒] (米: 国産米, 精米: 非公開)
    ✨ [新規SKU抽出] 2026年6月10日　2025年度 大吟醸・純米大吟醸の予約が始まりました [純米大吟醸酒] (米: 国産米, 精米: 非公開)
    ✨ [新規SKU抽出] 2026年2月5日　　　しぼりたて原酒発売中！！ [普通酒] (米: 国産米, 精米: 非公開)
    ✨ [新規SKU抽出] 2024年度新酒『しぼりたて原酒』が発売となりました。 [普通酒] (米: 国産米, 精米: 非公開)
    ✨ [新規SKU抽出] 2023年度　大吟醸・純米大吟醸が発売となりました。 [純米大吟醸酒] (米: 国産米, 精米: 非公開)
    ✨ [新規SKU抽出] 2023年度 新酒 “しぼりたて原酒” は完売 [普通酒] (米: 国産米, 精米: 非公開)
    ✨ [新規SKU抽出] 新酒 “しぼりたて原酒” [普通酒] (米: 国産米, 精米: 非公開)
    ✨ [新規SKU抽出] 2023年度 大吟醸・純米大吟醸の発売が、6月17日より開始します。 [純米大吟醸酒] (米: 国産米, 精米: 非公開)
    ✨ [新規SKU抽出] 2022年度 新酒 “しぼりたて原酒” は完売しました。 [普通酒] (米: 国産米, 精米: 非公開)
    ✨ [新規SKU抽出] 2022年度 新酒 “しぼりたて原酒” 12月18日発売予定。予約受付致します [普通酒] (米: 国産米, 精米: 非公開)
    ✨ [新規SKU抽出] 年度 大吟醸・純米大吟醸の発売が、6月17日より開始します。 [純米大吟醸酒] (米: 国産米, 精米: 非公開)
    ✨ [新規SKU抽出] 2021年度 新酒 “しぼりたて原酒” は完売しました。 [普通酒] (米: 国産米, 精米: 非公開)
    ✨ [新規SKU抽出] 2022年1月29日・30日は大吟醸の仕込みの為、臨時休業致します。 [大吟醸酒] (米: 国産米, 精米: 非公開)
    ✨ [新規SKU抽出] 2021年度 新酒 “しぼりたて原酒” 12月18日発売予定。予約受付致します。 [普通酒] (米: 国産米, 精米: 非公開)
    ✨ [新規SKU抽出] 2021年度 大吟醸・純米大吟醸の発売が、6月13日より開始します。 [純米大吟醸酒] (米: 国産米, 精米: 非公開)
    ✨ [新規SKU抽出] 2020年度 新酒 “しぼりたて原酒” は完売しました。 [普通酒] (米: 国産米, 精米: 非公開)
    ✨ [新規SKU抽出] 1月29日・30日は大吟醸の仕込みの為、臨時休業致します。 [大吟醸酒] (米: 国産米, 精米: 非公開)
    ✨ [新規SKU抽出] 2020年度 新酒 “しぼりたて原酒” 12月18日発売予定。予約受付致します。 [普通酒] (米: 国産米, 精米: 非公開)
    ✨ [新規SKU抽出] 2020年度 大吟醸・純米大吟醸の発売が、7月1日頃より開始します。 [純米大吟醸酒] (米: 国産米, 精米: 非公開)
    ✨ [新規SKU抽出] 1月27日・28日は大吟醸の仕込みの為、臨時休業致します。 [大吟醸酒] (米: 国産米, 精米: 非公開)
    ✨ [新規SKU抽出] 2019年度 新酒 “しぼりたて原酒” の発売が開始しました。 [普通酒] (米: 国産米, 精米: 非公開)
    ✨ [新規SKU抽出] 2019年度 新酒 “しぼりたて原酒” 12月18日発売予定。予約受付致します。 [普通酒] (米: 国産米, 精米: 非公開)
    ✨ [新規SKU抽出] 2019年度 大吟醸・純米大吟醸の発売が、6月15日頃より開始します。 [純米大吟醸酒] (米: 国産米, 精米: 非公開)
    ✨ [新規SKU抽出] 30年度 新酒 “しぼりたて原酒” は完売しました。 [普通酒] (米: 国産米, 精米: 非公開)
    ✨ [新規SKU抽出] 30年度 新酒 “しぼりたて原酒” の発売が開始しました。 [普通酒] (米: 国産米, 精米: 非公開)
    ✨ [新規SKU抽出] 30年度 新酒 “しぼりたて原酒” 12月18日発売予定。予約受付致します。 [普通酒] (米: 国産米, 精米: 非公開)
    ✨ [新規SKU抽出] 30年度 大吟醸・純米大吟醸の発売が、本日より開始します。 [純米大吟醸酒] (米: 国産米, 精米: 非公開)
    ✨ [新規SKU抽出] 29年度 新酒 “しぼりたて原酒” は完売しました。 [普通酒] (米: 国産米, 精米: 非公開)
    ✨ [新規SKU抽出] 29年度 新酒 “しぼりたて原酒” の発売が開始しました。 [普通酒] (米: 国産米, 精米: 非公開)
    ✨ [新規SKU抽出] 29年度 新酒 “しぼりたて原酒” の予約受付を開始しました。 [普通酒] (米: 国産米, 精米: 非公開)
    ✨ [新規SKU抽出] 29年度 大吟醸・純米大吟醸の発売が、6月15日より開始します。 [純米大吟醸酒] (米: 国産米, 精米: 非公開)
    ✨ [新規SKU抽出] 平成29年 三重県新酒品評会 純米酒の部 首位賞 受賞しました。 [純米酒] (米: 国産米, 精米: 非公開)
    ✨ [新規SKU抽出] 28年度 新酒 “しぼりたて原酒” は完売しました。 [普通酒] (米: 国産米, 精米: 非公開)
    ✨ [新規SKU抽出] 28年度 新酒 “しぼりたて原酒” の発売が開始しました。 [普通酒] (米: 国産米, 精米: 非公開)
    ✨ [新規SKU抽出] 28年度 新酒 “しぼりたて原酒” の予約受付を開始しました。 [普通酒] (米: 国産米, 精米: 非公開)
  👉 橋本酒造場: 38 件の新規SKUを深層クローリングにより追加登録
[675/1376] 🏭 ID 3823: 木屋正酒造株式会社 (三重県) - https://kiyashow.com/
    ✨ [新規SKU抽出] 純米大吟醸特上雄町 火入 [純米大吟醸酒] (米: 雄町, 精米: 非公開)
    ✨ [新規SKU抽出] 純米大吟醸特上雄町 [純米大吟醸酒] (米: 雄町, 精米: 非公開)
    ✨ [新規SKU抽出] 純米大吟醸特等雄町 火入 [純米大吟醸酒] (米: 雄町, 精米: 非公開)
    ✨ [新規SKU抽出] 純米大吟醸特等雄町 [純米大吟醸酒] (米: 雄町, 精米: 非公開)
    ✨ [新規SKU抽出] 純米大吟醸 名張 火入 [純米大吟醸酒] (米: 国産米, 精米: 非公開)
    ✨ [新規SKU抽出] 純米大吟醸 名張 [純米大吟醸酒] (米: 国産米, 精米: 非公開)
    ✨ [新規SKU抽出] 大吟醸 簗瀬 火入 [大吟醸酒] (米: 国産米, 精米: 非公開)
    ✨ [新規SKU抽出] 大吟醸 簗瀬 [大吟醸酒] (米: 国産米, 精米: 非公開)
    ✨ [新規SKU抽出] 大吟醸 白鶴錦 火入 [大吟醸酒] (米: 白鶴錦, 精米: 非公開)
    ✨ [新規SKU抽出] 大吟醸 白鶴錦 [大吟醸酒] (米: 白鶴錦, 精米: 非公開)
    ✨ [新規SKU抽出] 活性酒 純米大吟醸 [純米大吟醸酒] (米: 国産米, 精米: 非公開)
    ✨ [新規SKU抽出] 純米大吟醸 活性酒 [純米大吟醸酒] (米: 国産米, 精米: 非公開)
    ✨ [新規SKU抽出] 特別純米 生 [特別純米酒] (米: 国産米, 精米: 非公開)
    ✨ [新規SKU抽出] 特別純米 火入 [特別純米酒] (米: 国産米, 精米: 非公開)
    ✨ [新規SKU抽出] 蔵元初となる生酛造りに挑戦し、 [普通酒] (米: 国産米, 精米: 非公開)
    ✨ [新規SKU抽出] 純米大吟醸 松喰鶴 生 [純米大吟醸酒] (米: 国産米, 精米: 非公開)
    ✨ [新規SKU抽出] 純米大吟醸 松喰鶴 火入 [純米大吟醸酒] (米: 国産米, 精米: 非公開)
    ✨ [新規SKU抽出] 純米大吟醸 松喰鶴 生酛 火入 [純米大吟醸酒] (米: 国産米, 精米: 非公開)
    ✨ [新規SKU抽出] 松喰鶴 生酛 [普通酒] (米: 国産米, 精米: 非公開)
  👉 木屋正酒造株式会社: 19 件の新規SKUを深層クローリングにより追加登録
[677/1376] 🏭 ID 3825: 瀧自慢酒造株式会社 (三重県) - http://www.takijiman.jp/
    ✨ [新規SKU抽出] 純米吟醸　吟風　発売 [純米吟醸酒] (米: 国産米, 精米: 非公開)
    ✨ [新規SKU抽出] 純米吟醸　北雫　発売 [純米吟醸酒] (米: 国産米, 精米: 非公開)
    ✨ [新規SKU抽出] 瑞々しい風味のさわやかな純米吟醸です。 [純米吟醸酒] (米: 国産米, 精米: 非公開)
    ✨ [新規SKU抽出] 純米吟醸　備前雄町　無濾過生酒 発売 [純米吟醸酒] (米: 雄町, 精米: 非公開)
    ✨ [新規SKU抽出] 夏吟醸　発売 [吟醸酒] (米: 国産米, 精米: 非公開)
    ✨ [新規SKU抽出] 純米大吟醸　匠35 [純米大吟醸酒] (米: 国産米, 精米: 非公開)
    ✨ [新規SKU抽出] 契約栽培された伊賀産三重山田錦を35％まで精米した純米大吟醸。 [純米大吟醸酒] (米: 山田錦, 精米: 非公開)
  👉 瀧自慢酒造株式会社: 7 件の新規SKUを深層クローリングにより追加登録
[678/1376] 🏭 ID 3826: 若戎酒造株式会社 (三重県) - http://www.wakaebis.co.jp/
    ✨ [新規SKU抽出] 若戎吟醸館（資料館）見学 [吟醸酒] (米: 国産米, 精米: 非公開)
  👉 若戎酒造株式会社: 1 件の新規SKUを深層クローリングにより追加登録
[679/1376] 🏭 ID 4108: 小澤酒造株式会社 (東京都) - https://www.sawanoi-sake.com/
[680/1376] 🏭 ID 4109: 石川酒造株式会社 (東京都) - https://www.tamajiman.com/
    ✨ [新規SKU抽出] 純米大吟醸・大吟醸 [純米大吟醸酒] (米: 国産米, 精米: 非公開)
    ✨ [新規SKU抽出] 純米酒・吟醸・本醸造 [吟醸酒] (米: 国産米, 精米: 非公開)
    ✨ [新規SKU抽出] 梅酒・リキュール [リキュール] (米: 国産米, 精米: 非公開)
    ✨ [新規SKU抽出] 多満自慢「熟成純米生原酒」 [純米酒] (米: 国産米, 精米: 非公開)
    ✨ [新規SKU抽出] 多満自慢　純米大吟醸生原酒　「ささにごり慶」 [純米大吟醸酒] (米: 国産米, 精米: 非公開)
    ✨ [新規SKU抽出] 多満自慢　純米吟醸「華吟醸」（化粧箱入り） [純米吟醸酒] (米: 国産米, 精米: 非公開)
    ✨ [新規SKU抽出] ◆新酒◆多満自慢　純米生原酒「あらばしり」 [純米酒] (米: 国産米, 精米: 非公開)
    ✨ [新規SKU抽出] 多満自慢「大吟醸しずく」 [大吟醸酒] (米: 国産米, 精米: 非公開)
    ✨ [新規SKU抽出] 「純米大吟醸」と「大吟醸」ギフト [純米大吟醸酒] (米: 国産米, 精米: 非公開)
    ✨ [新規SKU抽出] 雄町 純米吟醸 飲み比べギフト [純米吟醸酒] (米: 雄町, 精米: 非公開)
    ✨ [新規SKU抽出] 「雄町 生原酒」「八重菊 生酒」セット（ [普通酒] (米: 雄町, 精米: 非公開)
    ✨ [新規SKU抽出] 味わいもパッケージも華やかな純米吟醸！ [純米吟醸酒] (米: 国産米, 精米: 非公開)
    ✨ [新規SKU抽出] 多満自慢 純米吟醸 [純米吟醸酒] (米: 国産米, 精米: 非公開)
    ✨ [新規SKU抽出] 多満自慢 辛口吟醸 [吟醸酒] (米: 国産米, 精米: 非公開)
  👉 石川酒造株式会社: 14 件の新規SKUを深層クローリングにより追加登録
[681/1376] 🏭 ID 4110: 田村酒造場 (東京都) - https://www.seishu-kasen.com/
[682/1376] 🏭 ID 4111: 野﨑酒造株式会社 (東京都) - http://www.kisho-sake.jp/
    ✨ [新規SKU抽出] 商品紹介/純米酒・本醸造 [本醸造酒] (米: 国産米, 精米: 非公開)
    ✨ [新規SKU抽出] 商品紹介/大吟醸・吟醸酒 [大吟醸酒] (米: 国産米, 精米: 非公開)
    ✨ [新規SKU抽出] 夏にふさわしい程よい酸味の純米酒です。 [純米酒] (米: 国産米, 精米: 非公開)
    ✨ [新規SKU抽出] しろやま桜 吟醸酒 [吟醸酒] (米: 国産米, 精米: 非公開)
  👉 野﨑酒造株式会社: 4 件の新規SKUを深層クローリングにより追加登録
[683/1376] 🏭 ID 4112: 中村酒造 (東京都) - https://chiyotsuru.com/
    ✨ [新規SKU抽出] 焼酎・リキュール [リキュール] (米: 国産米, 精米: 非公開)
    ✨ [新規SKU抽出] 高尾山 特別純米 [特別純米酒] (米: 国産米, 精米: 非公開)
    ✨ [新規SKU抽出] 高尾山 本醸造 [本醸造酒] (米: 国産米, 精米: 非公開)
    ✨ [新規SKU抽出] ひやおろし [普通酒] (米: 国産米, 精米: 非公開)
    ✨ [新規SKU抽出] 千代鶴 しぼりたて純米生原酒 [純米酒] (米: 国産米, 精米: 非公開)
    ✨ [新規SKU抽出] 千代鶴 特別純米 [特別純米酒] (米: 国産米, 精米: 非公開)
    ✨ [新規SKU抽出] 千代鶴 特別純米 奥多摩 [特別純米酒] (米: 国産米, 精米: 非公開)
    ✨ [新規SKU抽出] 千代鶴 特別純米 ひやおろし [特別純米酒] (米: 国産米, 精米: 非公開)
    ✨ [新規SKU抽出] 千代鶴 上撰本醸造 あきる野 [本醸造酒] (米: 国産米, 精米: 非公開)
    ✨ [新規SKU抽出] 千代鶴 本醸造 樽酒 [本醸造酒] (米: 国産米, 精米: 非公開)
    ✨ [新規SKU抽出] 千代鶴 特別本醸造 慶祝 [特別本醸造酒] (米: 国産米, 精米: 非公開)
    ✨ [新規SKU抽出] 千代鶴 上撰 本醸造 [本醸造酒] (米: 国産米, 精米: 非公開)
    ✨ [新規SKU抽出] 千代鶴 上撰 本醸造辛口 [本醸造酒] (米: 国産米, 精米: 非公開)
  👉 中村酒造: 13 件の新規SKUを深層クローリングにより追加登録
[684/1376] 🏭 ID 4113: 有限会社小澤酒造場 (東京都) - https://www.sawanoi-sake.com/
    ✨ [新規SKU抽出] 純米吟醸／吟醸 [純米吟醸酒] (米: 国産米, 精米: 非公開)
    ✨ [新規SKU抽出] 特別純米／純米 [特別純米酒] (米: 国産米, 精米: 非公開)
    ✨ [新規SKU抽出] リキュール／焼酎 [リキュール] (米: 国産米, 精米: 非公開)
    ✨ [新規SKU抽出] 大吟醸 凰（こう） [大吟醸酒] (米: 国産米, 精米: 非公開)
    ✨ [新規SKU抽出] 純米吟醸　蒼天（そうてん） [純米吟醸酒] (米: 国産米, 精米: 非公開)
    ✨ [新規SKU抽出] 本醸造大辛口 [本醸造酒] (米: 国産米, 精米: 非公開)
    ✨ [新規SKU抽出] １月吟醸新しぼり [吟醸酒] (米: 国産米, 精米: 非公開)
    ✨ [新規SKU抽出] ３月蒼天無濾過生原酒 [普通酒] (米: 国産米, 精米: 非公開)
    ✨ [新規SKU抽出] ３月無濾過生原酒 [普通酒] (米: 国産米, 精米: 非公開)
    ✨ [新規SKU抽出] ５月梅酒にしたらおいしい原酒 [リキュール] (米: 国産米, 精米: 非公開)
    ✨ [新規SKU抽出] ６月純米生原酒 [純米酒] (米: 国産米, 精米: 非公開)
    ✨ [新規SKU抽出] ９月純米ひやおろし [純米酒] (米: 国産米, 精米: 非公開)
    ✨ [新規SKU抽出] 冬季しぼりたて [普通酒] (米: 国産米, 精米: 非公開)
    ✨ [新規SKU抽出] 10月純米生原酒しぼりたて [純米酒] (米: 国産米, 精米: 非公開)
    ✨ [新規SKU抽出] 11月辛口にごり酒 [普通酒] (米: 国産米, 精米: 非公開)
    ✨ [新規SKU抽出] 11月木桶仕込生原酒 [普通酒] (米: 国産米, 精米: 非公開)
    ✨ [新規SKU抽出] 蔵守　2001年醸造純米大吟醸 [純米大吟醸酒] (米: 国産米, 精米: 非公開)
    ✨ [新規SKU抽出] 蔵守　2017年醸造生酛純米吟醸 [純米吟醸酒] (米: 国産米, 精米: 非公開)
  👉 有限会社小澤酒造場: 18 件の新規SKUを深層クローリングにより追加登録
[685/1376] 🏭 ID 4114: 豊島屋酒造株式会社 (東京都) - http://www.toshimayasyuzou.co.jp/
    ✨ [新規SKU抽出] 「屋守（おくのかみ） 純米中取」が、純米酒部門において高い評価をいただきました。 [純米酒] (米: 国産米, 精米: 非公開)
    ✨ [新規SKU抽出] 純米大吟醸TOSHIMAYA発売！ [純米大吟醸酒] (米: 国産米, 精米: 非公開)
  👉 豊島屋酒造株式会社: 2 件の新規SKUを深層クローリングにより追加登録
[686/1376] 🏭 ID 4115: 合名会社野口酒造店 (東京都) - https://www.noguchi-brewery.co.jp/
[687/1376] 🏭 ID 4116: 東京港醸造 (東京都) - http://tokyoportbrewery.wkmty.com/
    ✨ [新規SKU抽出] 精米歩合60%の純米吟醸酒。 [純米吟醸酒] (米: 国産米, 精米: 60%)
    ✨ [新規SKU抽出] どぶろく [どぶろく] (米: 国産米, 精米: 非公開)
    ✨ [新規SKU抽出] 米・糀・水のみを使用した無添加のどぶろく。 [どぶろく] (米: 国産米, 精米: 非公開)
    ✨ [新規SKU抽出] リキュール [リキュール] (米: 国産米, 精米: 非公開)
    ✨ [新規SKU抽出] 江戸開城の清酒をベースにした梅酒や、 [リキュール] (米: 国産米, 精米: 非公開)
    ✨ [新規SKU抽出] どぶろくをベースにした梅リキュールなど。 [リキュール] (米: 国産米, 精米: 非公開)
  👉 東京港醸造: 6 件の新規SKUを深層クローリングにより追加登録
[688/1376] 🏭 ID 4117: 東京八王子酒造 (東京都) - https://www.tokyo-hachioji-shuzo.jp/
[689/1376] 🏭 ID 4276: 飯沼本家 (千葉県) - https://www.iinumahonke.co.jp/
    ✨ [新規SKU抽出] 純米吟醸生酒 きのえねアップル [純米吟醸酒] (米: 国産米, 精米: 非公開)
    ✨ [新規SKU抽出] 純米吟醸生酒 [純米吟醸酒] (米: 国産米, 精米: 非公開)
    ✨ [新規SKU抽出] フレッシュで贅沢なレモンリキュールが完成しました [リキュール] (米: 国産米, 精米: 非公開)
    ✨ [新規SKU抽出] 生ゆず酒 [リキュール] (米: 国産米, 精米: 非公開)
    ✨ [新規SKU抽出] 完熟 純米吟醸 きのえねアップル [純米吟醸酒] (米: 国産米, 精米: 非公開)
    ✨ [新規SKU抽出] 甲子ギフト　純米酒セット [純米酒] (米: 国産米, 精米: 非公開)
    ✨ [新規SKU抽出] お手軽に甲子の飲み比べができる、清酒と梅酒 [リキュール] (米: 国産米, 精米: 非公開)
    ✨ [新規SKU抽出] 甲子 純米生原酒 すのまま 無ろ過直汲み [純米酒] (米: 国産米, 精米: 非公開)
    ✨ [新規SKU抽出] 甲子 純米生原酒 すのまま [純米酒] (米: 国産米, 精米: 非公開)
    ✨ [新規SKU抽出] 千葉県産の五百万石を使用。純米酒のしぼりたてを濾過せずそのまま瓶詰しました。 [純米酒] (米: 五百万石, 精米: 非公開)
    ✨ [新規SKU抽出] 純米吟醸 はなやか 匠の香 [純米吟醸酒] (米: 国産米, 精米: 非公開)
    ✨ [新規SKU抽出] 梅酒紀行 [リキュール] (米: 国産米, 精米: 非公開)
    ✨ [新規SKU抽出] 甲子 純米大吟醸 山田錦50 [純米大吟醸酒] (米: 山田錦, 精米: 非公開)
    ✨ [新規SKU抽出] 厳選された酒造好適米「山田錦」を使用。じっくりと醸した純米大吟醸酒です。 [純米大吟醸酒] (米: 山田錦, 精米: 非公開)
    ✨ [新規SKU抽出] すっきりと洗練された味わいの本醸造入りカップ酒です。 [本醸造酒] (米: 国産米, 精米: 非公開)
    ✨ [新規SKU抽出] 蔵元の梅酒 梅吉 [リキュール] (米: 国産米, 精米: 非公開)
    ✨ [新規SKU抽出] ちょっとお洒落な梅酒です。 [リキュール] (米: 国産米, 精米: 非公開)
    ✨ [新規SKU抽出] 本格焼酎 天泉 [本格焼酎] (米: 国産米, 精米: 非公開)
    ✨ [新規SKU抽出] ゆあがり にごり梅酒 [リキュール] (米: 国産米, 精米: 非公開)
    ✨ [新規SKU抽出] ゆあがりにオススメの濃厚梅酒 [リキュール] (米: 国産米, 精米: 非公開)
    ✨ [新規SKU抽出] 純米吟醸酒、純米酒を詰合せました。 [純米吟醸酒] (米: 国産米, 精米: 非公開)
    ✨ [新規SKU抽出] ●甲子 純米吟醸 はなやか 匠の香 [純米吟醸酒] (米: 国産米, 精米: 非公開)
    ✨ [新規SKU抽出] 純米吟醸生酒 きのえねアップル | 飯沼本家 [純米吟醸酒] (米: 国産米, 精米: 非公開)
    ✨ [新規SKU抽出] 大人気の生リキュール「生ゆず酒」に続き、国産のレモンを使用した [リキュール] (米: 国産米, 精米: 非公開)
    ✨ [新規SKU抽出] フレッシュで贅沢なレモンリキュールが完成しました。 [リキュール] (米: 国産米, 精米: 非公開)
    ✨ [新規SKU抽出] 生リキュールのため、みずみずしくジューシーなレモンの風味が広がります。 [リキュール] (米: 国産米, 精米: 非公開)
    ✨ [新規SKU抽出] 甲子大吟醸山田錦40、山田錦50 [大吟醸酒] (米: 山田錦, 精米: 非公開)
    ✨ [新規SKU抽出] 杜氏による最高の技術が注がれた極上の逸品『大吟醸きのえね』 [大吟醸酒] (米: 国産米, 精米: 非公開)
    ✨ [新規SKU抽出] 蔵人の技と情熱の粋を集結させて丁寧に仕込んだ『純米大吟醸きのえね』 [純米大吟醸酒] (米: 国産米, 精米: 非公開)
    ✨ [新規SKU抽出] ●甲子　大吟醸　山田錦40 [大吟醸酒] (米: 山田錦, 精米: 非公開)
    ✨ [新規SKU抽出] ●甲子　純米大吟醸　山田錦50 [純米大吟醸酒] (米: 山田錦, 精米: 非公開)
  👉 飯沼本家: 31 件の新規SKUを深層クローリングにより追加登録
[690/1376] 🏭 ID 4277: 滝沢本店 (千葉県) - https://takizawahonten.jp/
    ✨ [新規SKU抽出] 純米大吟醸一度火入 [純米大吟醸酒] (米: 国産米, 精米: 非公開)
    ✨ [新規SKU抽出] 吟醸純米 [吟醸酒] (米: 国産米, 精米: 非公開)
    ✨ [新規SKU抽出] 吟醸辛口 [吟醸酒] (米: 国産米, 精米: 非公開)
    ✨ [新規SKU抽出] 吟醸辛口成田ラベル [吟醸酒] (米: 国産米, 精米: 非公開)
    ✨ [新規SKU抽出] 大吟醸一度火入 [大吟醸酒] (米: 国産米, 精米: 非公開)
    ✨ [新規SKU抽出] 中取り大吟醸 [大吟醸酒] (米: 国産米, 精米: 非公開)
  👉 滝沢本店: 6 件の新規SKUを深層クローリングにより追加登録
[691/1376] 🏭 ID 4278: 旭鶴 (千葉県) - https://asahiduru.com/
    ✨ [新規SKU抽出] 旭鶴 純米吟醸 [純米吟醸酒] (米: 国産米, 精米: 非公開)
    ✨ [新規SKU抽出] 旭鶴 大吟醸 [大吟醸酒] (米: 国産米, 精米: 非公開)
    ✨ [新規SKU抽出] 大吟醸酒「結」 [大吟醸酒] (米: 国産米, 精米: 非公開)
  👉 旭鶴: 3 件の新規SKUを深層クローリングにより追加登録
[692/1376] 🏭 ID 4280: 宝酒造株式会社 (千葉県) - https://www.takarashuzo.co.jp/
    ✨ [新規SKU抽出] ホームメイドリキュールの作り方 [リキュール] (米: 国産米, 精米: 非公開)
  👉 宝酒造株式会社: 1 件の新規SKUを深層クローリングにより追加登録
[693/1376] 🏭 ID 4281: 合同酒精株式会社 (千葉県) - https://www.oenon.jp/product/sake/
    ✨ [新規SKU抽出] 焼酎・泡盛 [泡盛] (米: 国産米, 精米: 非公開)
    ✨ [新規SKU抽出] リキュール・スピリッツ [リキュール] (米: 国産米, 精米: 非公開)
    ✨ [新規SKU抽出] 手作り梅酒の作り方&レシピ [リキュール] (米: 国産米, 精米: 非公開)
    ✨ [新規SKU抽出] 大吟醸・吟醸 [大吟醸酒] (米: 国産米, 精米: 非公開)
    ✨ [新規SKU抽出] 純米・純米吟醸 [純米吟醸酒] (米: 国産米, 精米: 非公開)
    ✨ [新規SKU抽出] にごり酒 [普通酒] (米: 国産米, 精米: 非公開)
    ✨ [新規SKU抽出] リキュール [リキュール] (米: 国産米, 精米: 非公開)
    ✨ [新規SKU抽出] 飲み心地は夢心地！にごり酒 [普通酒] (米: 国産米, 精米: 非公開)
    ✨ [新規SKU抽出] シャトー 大雪乃蔵 純米大吟醸 彗星30 [純米大吟醸酒] (米: 国産米, 精米: 非公開)
    ✨ [新規SKU抽出] 純米吟醸　大雪乃蔵　雪渓 [純米吟醸酒] (米: 国産米, 精米: 非公開)
    ✨ [新規SKU抽出] 純米吟醸生貯蔵原酒 大雪乃蔵 涼しぼり（季節限定） [純米吟醸酒] (米: 国産米, 精米: 非公開)
    ✨ [新規SKU抽出] シャトー 大雪乃蔵 純米大吟醸 きたしずく50 [純米大吟醸酒] (米: 国産米, 精米: 非公開)
    ✨ [新規SKU抽出] シャトー 大雪乃蔵 大吟醸 彗星40 [大吟醸酒] (米: 国産米, 精米: 非公開)
    ✨ [新規SKU抽出] シャトー 大雪乃蔵 純米大吟醸 吟風50 [純米大吟醸酒] (米: 国産米, 精米: 非公開)
    ✨ [新規SKU抽出] 純米 大雪乃蔵 ひやおろし（季節限定） [純米酒] (米: 国産米, 精米: 非公開)
    ✨ [新規SKU抽出] 純米生酒 大雪乃蔵 新米しぼりたて（季節限定） [純米酒] (米: 国産米, 精米: 非公開)
    ✨ [新規SKU抽出] 大吟醸 大雪乃蔵 鳳雪 [大吟醸酒] (米: 国産米, 精米: 非公開)
    ✨ [新規SKU抽出] 純米吟醸 大雪乃蔵 絹雪 [純米吟醸酒] (米: 国産米, 精米: 非公開)
    ✨ [新規SKU抽出] 特別純米 大雪乃蔵 [特別純米酒] (米: 国産米, 精米: 非公開)
    ✨ [新規SKU抽出] 本醸造大雪乃蔵 [本醸造酒] (米: 国産米, 精米: 非公開)
    ✨ [新規SKU抽出] 本醸造 大雪乃蔵 辛々麗 [本醸造酒] (米: 国産米, 精米: 非公開)
    ✨ [新規SKU抽出] 純米吟醸 大雪乃蔵 生貯蔵酒 [純米吟醸酒] (米: 国産米, 精米: 非公開)
    ✨ [新規SKU抽出] 本醸造 大雪乃蔵 生貯蔵酒 [本醸造酒] (米: 国産米, 精米: 非公開)
    ✨ [新規SKU抽出] にごり酒 親玉 北の誉 [普通酒] (米: 国産米, 精米: 非公開)
    ✨ [新規SKU抽出] 手作り梅酒の作り方＆レシピ｜オエノングループ [リキュール] (米: 国産米, 精米: 非公開)
    ✨ [新規SKU抽出] 手作り梅酒の作り方＆レシピ [リキュール] (米: 国産米, 精米: 非公開)
    ✨ [新規SKU抽出] 手作り梅酒の [リキュール] (米: 国産米, 精米: 非公開)
    ✨ [新規SKU抽出] 簡単で美味しい、手作り梅酒のレシピ。 [リキュール] (米: 国産米, 精米: 非公開)
    ✨ [新規SKU抽出] オエノングループの焼酎・ホワイトリカーなどを使って、手作り梅酒をお楽しみください。 [リキュール] (米: 国産米, 精米: 非公開)
    ✨ [新規SKU抽出] ひと手間でもっとおいしく 梅酒づくりのポイント [リキュール] (米: 国産米, 精米: 非公開)
    ✨ [新規SKU抽出] 自宅でかんたん！梅酒のレシピ [リキュール] (米: 国産米, 精米: 非公開)
    ✨ [新規SKU抽出] お酒に関する知識・雑学 下町オエノン物語 「披露宴の新定番、梅酒づくり」の巻 [リキュール] (米: 国産米, 精米: 非公開)
    ✨ [新規SKU抽出] 第3回 飲み心地は夢心地！にごり酒｜日本酒（清酒）の楽しみ方｜オエノングループ [普通酒] (米: 国産米, 精米: 非公開)
    ✨ [新規SKU抽出] 第3回 飲み心地は夢心地！にごり酒 [普通酒] (米: 国産米, 精米: 非公開)
    ✨ [新規SKU抽出] ～にごり酒には、自然な旨みがいっぱい～ [普通酒] (米: 国産米, 精米: 非公開)
    ✨ [新規SKU抽出] ひと口に“にごり酒”と言っても、豊富な種類があり、さまざまな飲み方があります。 [普通酒] (米: 国産米, 精米: 非公開)
    ✨ [新規SKU抽出] いろいろなにごり酒の独特な風味を楽しんでみませんか？ [普通酒] (米: 国産米, 精米: 非公開)
    ✨ [新規SKU抽出] にごり酒とは・・ [普通酒] (米: 国産米, 精米: 非公開)
    ✨ [新規SKU抽出] にごり酒は、豊富な種類がいっぱい！ [普通酒] (米: 国産米, 精米: 非公開)
    ✨ [新規SKU抽出] にごり酒は、大きく分けると2つの種類があります。 [普通酒] (米: 国産米, 精米: 非公開)
    ✨ [新規SKU抽出] 自分好みのにごり酒を探してみませんか？ [普通酒] (米: 国産米, 精米: 非公開)
    ✨ [新規SKU抽出] にごり酒の飲み方 [普通酒] (米: 国産米, 精米: 非公開)
    ✨ [新規SKU抽出] にごり酒は、冷やして、またはそのままで、お楽しみいただくのが一般的です。 [普通酒] (米: 国産米, 精米: 非公開)
    ✨ [新規SKU抽出] にごり酒でアレンジ！～　＊発泡していない濃醇甘口タイプの場合 [普通酒] (米: 国産米, 精米: 非公開)
    ✨ [新規SKU抽出] にごり酒ロック [普通酒] (米: 国産米, 精米: 非公開)
    ✨ [新規SKU抽出] 氷を入れたロックグラスににごり酒を入れます。 [普通酒] (米: 国産米, 精米: 非公開)
    ✨ [新規SKU抽出] にごり酒サワー [普通酒] (米: 国産米, 精米: 非公開)
    ✨ [新規SKU抽出] にごり酒と炭酸をお好みの割合で。 [普通酒] (米: 国産米, 精米: 非公開)
    ✨ [新規SKU抽出] にごり酒のヨーグルト風味 [普通酒] (米: 国産米, 精米: 非公開)
    ✨ [新規SKU抽出] にごり酒と飲むヨーグルトを1：1で。 [普通酒] (米: 国産米, 精米: 非公開)
    ✨ [新規SKU抽出] ホットなにごり酒 [普通酒] (米: 国産米, 精米: 非公開)
    ✨ [新規SKU抽出] にごり酒のジュース割り [普通酒] (米: 国産米, 精米: 非公開)
    ✨ [新規SKU抽出] にごり酒とフルーツ系のジュースをお好みの割合で。 [普通酒] (米: 国産米, 精米: 非公開)
    ✨ [新規SKU抽出] にごり酒に合う料理 [普通酒] (米: 国産米, 精米: 非公開)
    ✨ [新規SKU抽出] 料理と合わせて、にごり酒を楽しんでみましょう！ [普通酒] (米: 国産米, 精米: 非公開)
    ✨ [新規SKU抽出] 今宵の一献！おすすめのにごり酒 [普通酒] (米: 国産米, 精米: 非公開)
    ✨ [新規SKU抽出] 純米・純米吟醸｜日本酒（清酒）｜オエノングループ [純米吟醸酒] (米: 国産米, 精米: 非公開)
    ✨ [新規SKU抽出] 純米酒ならではの、米本来の味わいが楽しめます。 [純米酒] (米: 国産米, 精米: 非公開)
    ✨ [新規SKU抽出] 零れ桜～セノビ～純米大吟醸 [純米大吟醸酒] (米: 国産米, 精米: 非公開)
    ✨ [新規SKU抽出] 一滴千両 純米大吟醸 [純米大吟醸酒] (米: 国産米, 精米: 非公開)
    ✨ [新規SKU抽出] 新米新酒「旬シリーズ2026 一滴千両 純米大吟醸 無濾過しぼりたて原酒」 [純米大吟醸酒] (米: 国産米, 精米: 非公開)
    ✨ [新規SKU抽出] 旬シリーズ2026 一滴千両 純米大吟醸 生貯蔵酒 [純米大吟醸酒] (米: 国産米, 精米: 非公開)
    ✨ [新規SKU抽出] 秋田 一滴千両 純米大吟醸 [純米大吟醸酒] (米: 国産米, 精米: 非公開)
    ✨ [新規SKU抽出] 福徳長 米だけのす～っと飲めてやさしいお酒 しぼりたて無濾過 純米酒 [純米酒] (米: 国産米, 精米: 非公開)
    ✨ [新規SKU抽出] 小野こまち 純米大吟醸 [純米大吟醸酒] (米: 国産米, 精米: 非公開)
    ✨ [新規SKU抽出] 小野こまち 大吟醸 [大吟醸酒] (米: 国産米, 精米: 非公開)
    ✨ [新規SKU抽出] 福徳長 伊勢屋嘉右衛門 純米吟醸 [純米吟醸酒] (米: 国産米, 精米: 非公開)
    ✨ [新規SKU抽出] 一滴千両 純米大吟醸 ブルーラベル [純米大吟醸酒] (米: 国産米, 精米: 非公開)
    ✨ [新規SKU抽出] 福徳長 米だけのす～っと飲めてやさしいお酒 純米吟醸酒 [純米吟醸酒] (米: 国産米, 精米: 非公開)
    ✨ [新規SKU抽出] 福徳長 米だけのす～っと飲めてやさしいお酒 純米酒 [純米酒] (米: 国産米, 精米: 非公開)
    ✨ [新規SKU抽出] 福徳長 生一本 純米酒 [純米酒] (米: 国産米, 精米: 非公開)
    ✨ [新規SKU抽出] 一滴千両 純米酒 [純米酒] (米: 国産米, 精米: 非公開)
    ✨ [新規SKU抽出] 小野こまち 特別純米酒 [特別純米酒] (米: 国産米, 精米: 非公開)
  👉 合同酒精株式会社: 73 件の新規SKUを深層クローリングにより追加登録
[694/1376] 🏭 ID 4282: 流山キッコーマン株式会社 (千葉県) - https://www.kikkoman.com/jp/nkc
[695/1376] 🏭 ID 4283: ニッカウヰスキー株式会社 (千葉県) - https://www.nikka.com/
[696/1376] 🏭 ID 4284: 宮崎酒造店 (千葉県) - https://minenosei.jp/
    ✨ [新規SKU抽出] 純米大吟醸酒 [純米大吟醸酒] (米: 国産米, 精米: 非公開)
    ✨ [新規SKU抽出] 峯の精 01 純米大吟醸（吟の舞） [純米大吟醸酒] (米: 国産米, 精米: 非公開)
    ✨ [新規SKU抽出] 峯の精 02 大吟醸 [大吟醸酒] (米: 国産米, 精米: 非公開)
    ✨ [新規SKU抽出] 大吟醸酒 [大吟醸酒] (米: 国産米, 精米: 非公開)
    ✨ [新規SKU抽出] 峯の精 03 旨辛吟醸酒（ぎんから） [吟醸酒] (米: 国産米, 精米: 非公開)
  👉 宮崎酒造店: 5 件の新規SKUを深層クローリングにより追加登録
[697/1376] 🏭 ID 4285: 須藤本家 (千葉県) - https://www.sudouhonke.co.jp/
    ✨ [新規SKU抽出] 須藤本家 天乃原 純米酒 [純米酒] (米: 国産米, 精米: 非公開)
    ✨ [新規SKU抽出] 須藤本家 天乃原 純米大吟醸 [純米大吟醸酒] (米: 国産米, 精米: 非公開)
    ✨ [新規SKU抽出] 須藤本家 本格芋焼酎 紅小町 [本格焼酎] (米: 国産米, 精米: 非公開)
    ✨ [新規SKU抽出] 純千葉県産、久留里の名水、すっきりしたのみ口の本格芋焼酎。 [本格焼酎] (米: 国産米, 精米: 非公開)
    ✨ [新規SKU抽出] 須藤本家 天乃原 大吟醸 [大吟醸酒] (米: 国産米, 精米: 非公開)
    ✨ [新規SKU抽出] 須藤本家 天乃原 吟醸 [吟醸酒] (米: 国産米, 精米: 非公開)
    ✨ [新規SKU抽出] 須藤本家 天乃原 純米吟醸 [純米吟醸酒] (米: 国産米, 精米: 非公開)
    ✨ [新規SKU抽出] 須藤本家 天乃原 大吟醸斗瓶取り生酒 [大吟醸酒] (米: 国産米, 精米: 非公開)
    ✨ [新規SKU抽出] 須藤本家 天乃原 純米吟醸 生原酒 [純米吟醸酒] (米: 国産米, 精米: 非公開)
    ✨ [新規SKU抽出] 須藤本家 天乃原 純米吟醸 にごり生酒 [純米吟醸酒] (米: 国産米, 精米: 非公開)
    ✨ [新規SKU抽出] 須藤本家 芋焼酎 よゐこ 熟成甕囲い [本格焼酎] (米: 国産米, 精米: 非公開)
    ✨ [新規SKU抽出] 須藤本家 長南町産麦焼酎 埴生の恵 [本格焼酎] (米: 国産米, 精米: 非公開)
  👉 須藤本家: 12 件の新規SKUを深層クローリングにより追加登録
[698/1376] 🏭 ID 4286: 吉崎酒造 (千葉県) - https://kichiju-gekka.com/
    ✨ [新規SKU抽出] ふしぎな竹酒 青竹 [本醸造酒] (米: 国産米, 精米: 非公開)
    ✨ [新規SKU抽出] ふしぎな竹酒 焼竹 [本醸造酒] (米: 国産米, 精米: 非公開)
    ✨ [新規SKU抽出] 純米大吟醸 月華 山田錦 精米歩合40％ [純米大吟醸酒] (米: 山田錦, 精米: 非公開)
    ✨ [新規SKU抽出] 吉壽 本醸造酒 [本醸造酒] (米: 国産米, 精米: 非公開)
    ✨ [新規SKU抽出] 吉壽 吟醸酒 [吟醸酒] (米: 国産米, 精米: 非公開)
    ✨ [新規SKU抽出] 吉壽 純米吟醸 [純米吟醸酒] (米: 国産米, 精米: 非公開)
    ✨ [新規SKU抽出] 吉壽 本醸造原酒 [本醸造酒] (米: 国産米, 精米: 非公開)
    ✨ [新規SKU抽出] 吉壽 純米吟醸 かずさ名水仕込み辛口 [純米吟醸酒] (米: 国産米, 精米: 非公開)
    ✨ [新規SKU抽出] 吉壽 純米吟醸 かずさ名水仕込み甘口 [純米吟醸酒] (米: 国産米, 精米: 非公開)
    ✨ [新規SKU抽出] 吉壽 純米吟醸無濾過しぼりたて [純米吟醸酒] (米: 国産米, 精米: 非公開)
    ✨ [新規SKU抽出] 大吟醸 月華アンティークボトル 山田錦 精米歩合40％ [大吟醸酒] (米: 山田錦, 精米: 非公開)
    ✨ [新規SKU抽出] 吉壽 純米吟醸冷やおろし [純米吟醸酒] (米: 国産米, 精米: 非公開)
    ✨ [新規SKU抽出] 大吟醸 月華 山田錦 精米歩合50％ [大吟醸酒] (米: 山田錦, 精米: 非公開)
  👉 吉崎酒造: 13 件の新規SKUを深層クローリングにより追加登録
[699/1376] 🏭 ID 4287: 藤平酒造 (千葉県) - https://fukuiwai.com/
    ✨ [新規SKU抽出] 福祝 彗星29％磨き純米大吟醸 [純米大吟醸酒] (米: 国産米, 精米: 非公開)
    ✨ [新規SKU抽出] 特A山田錦29％磨き純米大吟醸 [純米大吟醸酒] (米: 山田錦, 精米: 非公開)
    ✨ [新規SKU抽出] 山田錦50％磨き純米吟醸 [純米吟醸酒] (米: 山田錦, 精米: 非公開)
    ✨ [新規SKU抽出] 焼酎・リキュール [リキュール] (米: 国産米, 精米: 非公開)
    ✨ [新規SKU抽出] 福祝 純米しぼりたて生酒 [純米酒] (米: 国産米, 精米: 非公開)
    ✨ [新規SKU抽出] 福祝 直汲み純米大吟醸山田錦 [純米大吟醸酒] (米: 山田錦, 精米: 非公開)
    ✨ [新規SKU抽出] 福祝 初搾り彗星純吟生原酒 [普通酒] (米: 国産米, 精米: 非公開)
    ✨ [新規SKU抽出] 福祝 直汲み純米吟醸彗星 [純米吟醸酒] (米: 国産米, 精米: 非公開)
    ✨ [新規SKU抽出] 福祝 ゆず酒 [リキュール] (米: 国産米, 精米: 非公開)
    ✨ [新規SKU抽出] 濃厚なゆず酒 [リキュール] (米: 国産米, 精米: 非公開)
    ✨ [新規SKU抽出] 北海度産砂川地区の彗星を29％まで磨いた純米大吟醸 [純米大吟醸酒] (米: 国産米, 精米: 非公開)
    ✨ [新規SKU抽出] 福祝「盤洲干潟」純米吟醸 [純米吟醸酒] (米: 国産米, 精米: 非公開)
    ✨ [新規SKU抽出] 福祝 八反錦55％磨き純米吟醸 無濾過一度火入れ [純米吟醸酒] (米: 八反錦, 精米: 非公開)
    ✨ [新規SKU抽出] 福祝 藤崎屋久左衛門純米大吟醸 [純米大吟醸酒] (米: 国産米, 精米: 非公開)
    ✨ [新規SKU抽出] 福祝 山田錦55％磨き特別純米酒 [特別純米酒] (米: 山田錦, 精米: 非公開)
    ✨ [新規SKU抽出] 魚に合う純米酒 [純米酒] (米: 国産米, 精米: 非公開)
    ✨ [新規SKU抽出] 福祝 山田錦50％磨き純米吟醸 [純米吟醸酒] (米: 山田錦, 精米: 非公開)
    ✨ [新規SKU抽出] 福祝 雄町50％磨き純米大吟醸 [純米大吟醸酒] (米: 雄町, 精米: 非公開)
    ✨ [新規SKU抽出] 福祝 特A山田錦29％磨き純米大吟醸 [純米大吟醸酒] (米: 山田錦, 精米: 非公開)
    ✨ [新規SKU抽出] 純米吟醸 | 千葉の地酒「福祝」 by 藤平酒造 [純米吟醸酒] (米: 国産米, 精米: 非公開)
    ✨ [新規SKU抽出] 福祝 彗星55％磨き純米吟醸 [純米吟醸酒] (米: 国産米, 精米: 非公開)
    ✨ [新規SKU抽出] 福祝 APPLESAKE純米吟醸 [純米吟醸酒] (米: 国産米, 精米: 非公開)
    ✨ [新規SKU抽出] 福祝 中汲み純米無濾過生原酒 [純米酒] (米: 国産米, 精米: 非公開)
    ✨ [新規SKU抽出] 福祝 特別純米かすみ酒生原酒 [特別純米酒] (米: 国産米, 精米: 非公開)
  👉 藤平酒造: 24 件の新規SKUを深層クローリングにより追加登録
[700/1376] 🏭 ID 4288: 森酒造店 (千葉県) - https://www7b.biglobe.ne.jp/~tobitsuru/
[701/1376] 🏭 ID 4289: 和蔵酒造貞元蔵 (千葉県) - https://wakura-sake.jp/
    ✨ [新規SKU抽出] 季節限定の日本酒や、貞元蔵で醸造している芋焼酎や麦焼酎、 [本格焼酎] (米: 国産米, 精米: 非公開)
    ✨ [新規SKU抽出] 女性に大人気の柚子リキュールなどの試飲が出来るスペースをご用意しております。 [リキュール] (米: 国産米, 精米: 非公開)
  👉 和蔵酒造貞元蔵: 2 件の新規SKUを深層クローリングにより追加登録
[702/1376] 🏭 ID 4290: 小泉酒造 (千葉県) - https://www.sommelier.co.jp/
    ✨ [新規SKU抽出] 本醸造・普通酒 [本醸造酒] (米: 国産米, 精米: 非公開)
    ✨ [新規SKU抽出] リキュール（フルーツ類） [リキュール] (米: 国産米, 精米: 非公開)
    ✨ [新規SKU抽出] 東魁盛 スパークリング [普通酒] (米: 国産米, 精米: 非公開)
    ✨ [新規SKU抽出] 東魁盛 スパークリング　販売開始！ [普通酒] (米: 国産米, 精米: 非公開)
    ✨ [新規SKU抽出] 『東魁盛スパークリング』はフルーティーで上品な味わいが [普通酒] (米: 国産米, 精米: 非公開)
    ✨ [新規SKU抽出] 東魁盛　純米吟醸　なのはな [純米吟醸酒] (米: 国産米, 精米: 非公開)
    ✨ [新規SKU抽出] 』が純米吟醸部門で [純米吟醸酒] (米: 国産米, 精米: 非公開)
    ✨ [新規SKU抽出] 令和7酒造年度　純米吟醸 東魁 夏 [純米吟醸酒] (米: 国産米, 精米: 非公開)
    ✨ [新規SKU抽出] 夏限定の純米吟醸酒です。 [純米吟醸酒] (米: 国産米, 精米: 非公開)
    ✨ [新規SKU抽出] 「大吟醸　東魁盛」 [大吟醸酒] (米: 国産米, 精米: 非公開)
    ✨ [新規SKU抽出] 吟醸酒の部では [吟醸酒] (米: 国産米, 精米: 非公開)
    ✨ [新規SKU抽出] 純米酒の部では [純米酒] (米: 国産米, 精米: 非公開)
    ✨ [新規SKU抽出] 「純米大吟醸　紫紺」 [純米大吟醸酒] (米: 国産米, 精米: 非公開)
    ✨ [新規SKU抽出] 令和7酒造年度　大吟醸 東魁盛 しぼりたて生原酒 [大吟醸酒] (米: 国産米, 精米: 非公開)
    ✨ [新規SKU抽出] 大吟醸 東魁盛 しぼりたて生原酒 販売開始！ [大吟醸酒] (米: 国産米, 精米: 非公開)
    ✨ [新規SKU抽出] 大吟醸 東魁盛 しぼりたて生原酒 [大吟醸酒] (米: 国産米, 精米: 非公開)
  👉 小泉酒造: 16 件の新規SKUを深層クローリングにより追加登録
[703/1376] 🏭 ID 4291: 和蔵酒造竹岡蔵 (千葉県) - https://wakura-sake.jp/
[704/1376] 🏭 ID 4292: 亀田酒造 (千葉県) - https://jumangame.com/
    ✨ [新規SKU抽出] 令和六年東京国税局酒類鑑評会清酒吟醸酒部門優等賞受賞 [吟醸酒] (米: 国産米, 精米: 非公開)
    ✨ [新規SKU抽出] モンドセレクション2024超特撰大吟醸が優秀品質最高金賞受賞 [大吟醸酒] (米: 国産米, 精米: 非公開)
    ✨ [新規SKU抽出] モンドセレクション2024で大吟醸　寿が優秀品質金賞を受賞 [大吟醸酒] (米: 国産米, 精米: 非公開)
    ✨ [新規SKU抽出] 斗瓶採り純米大吟醸本生原酒 [純米大吟醸酒] (米: 国産米, 精米: 非公開)
    ✨ [新規SKU抽出] 純米大吟醸　愛山原酒 [純米大吟醸酒] (米: 愛山, 精米: 非公開)
    ✨ [新規SKU抽出] 特別純米酒　極甘 [特別純米酒] (米: 国産米, 精米: 非公開)
    ✨ [新規SKU抽出] 純米大吟醸原酒　磨き三割三分 [純米大吟醸酒] (米: 国産米, 精米: 非公開)
    ✨ [新規SKU抽出] 限定品　純米大吟醸本生原酒　山田錦40本生 [純米大吟醸酒] (米: 山田錦, 精米: 非公開)
    ✨ [新規SKU抽出] 2025 純米吟醸　見返り美人 [純米吟醸酒] (米: 国産米, 精米: 非公開)
    ✨ [新規SKU抽出] 超特撰純米大吟醸 寿萬亀 [純米大吟醸酒] (米: 国産米, 精米: 非公開)
    ✨ [新規SKU抽出] 純米大吟醸寿萬亀　愛山 あいやま [純米大吟醸酒] (米: 愛山, 精米: 非公開)
    ✨ [新規SKU抽出] 大吟醸 寿萬亀　寿　　 ことぶき [大吟醸酒] (米: 国産米, 精米: 非公開)
    ✨ [新規SKU抽出] 大吟醸 寿萬亀　寿　　　ことぶき [大吟醸酒] (米: 国産米, 精米: 非公開)
    ✨ [新規SKU抽出] 純米大吟醸 亀田 [純米大吟醸酒] (米: 国産米, 精米: 非公開)
    ✨ [新規SKU抽出] 大吟醸 亀田伝承仕込み 寿萬亀 [大吟醸酒] (米: 国産米, 精米: 非公開)
    ✨ [新規SKU抽出] 大吟醸 見返り美人 [大吟醸酒] (米: 国産米, 精米: 非公開)
    ✨ [新規SKU抽出] 大吟醸四割磨き　寿萬亀 [大吟醸酒] (米: 国産米, 精米: 非公開)
    ✨ [新規SKU抽出] 戦国のアルカディア名将銘酒47撰 犬塚信乃と浜路　純米大吟醸 [純米大吟醸酒] (米: 国産米, 精米: 非公開)
    ✨ [新規SKU抽出] 本格焼酎　桑萬寿 [本格焼酎] (米: 国産米, 精米: 非公開)
    ✨ [新規SKU抽出] 大吟醸　桑萬寿 [大吟醸酒] (米: 国産米, 精米: 非公開)
    ✨ [新規SKU抽出] 純米吟醸 中汲み限定品　無濾過本生原酒 寿萬亀 [純米吟醸酒] (米: 国産米, 精米: 非公開)
    ✨ [新規SKU抽出] 純米吟醸 寿萬亀 [純米吟醸酒] (米: 国産米, 精米: 非公開)
    ✨ [新規SKU抽出] 特別本醸造 [特別本醸造酒] (米: 国産米, 精米: 非公開)
    ✨ [新規SKU抽出] 特別純米酒 [特別純米酒] (米: 国産米, 精米: 非公開)
    ✨ [新規SKU抽出] リキュール [リキュール] (米: 国産米, 精米: 非公開)
    ✨ [新規SKU抽出] 特別純米酒 | 寿萬亀日本酒 通販亀田酒造オンラインショプ [特別純米酒] (米: 国産米, 精米: 非公開)
    ✨ [新規SKU抽出] 特別純米酒 寿萬亀 [特別純米酒] (米: 国産米, 精米: 非公開)
    ✨ [新規SKU抽出] 純米酒 寿萬亀 [純米酒] (米: 国産米, 精米: 非公開)
    ✨ [新規SKU抽出] 純米吟醸  大山千枚田 [純米吟醸酒] (米: 国産米, 精米: 非公開)
    ✨ [新規SKU抽出] 純米大吟醸 寿萬亀 [純米大吟醸酒] (米: 国産米, 精米: 非公開)
    ✨ [新規SKU抽出] 純米大吟醸四割磨き　寿萬亀 [純米大吟醸酒] (米: 国産米, 精米: 非公開)
    ✨ [新規SKU抽出] 純米大吟醸　愛山 [純米大吟醸酒] (米: 愛山, 精米: 非公開)
    ✨ [新規SKU抽出] 純米吟醸原酒 寿萬亀（限定品） [純米吟醸酒] (米: 国産米, 精米: 非公開)
    ✨ [新規SKU抽出] リキュール | 寿萬亀日本酒 通販亀田酒造オンラインショプ [リキュール] (米: 国産米, 精米: 非公開)
    ✨ [新規SKU抽出] 蔵元の大吟醸仕込み　梅酒 [大吟醸酒] (米: 国産米, 精米: 非公開)
    ✨ [新規SKU抽出] 国産梅使用　梅酒 [リキュール] (米: 国産米, 精米: 非公開)
  👉 亀田酒造: 36 件の新規SKUを深層クローリングにより追加登録
[705/1376] 🏭 ID 4293: 秀楽酒造 (千葉県) - https://sites.google.com/view/shurakushuzo/
    ✨ [新規SKU抽出] 極から 本醸造 [本醸造酒] (米: 国産米, 精米: 非公開)
  👉 秀楽酒造: 1 件の新規SKUを深層クローリングにより追加登録
[706/1376] 🏭 ID 4294: 稲花酒造 (千葉県) - https://inahana.co.jp/
    ✨ [新規SKU抽出] 稲花 しろあん にごり酒｜数量限定 [普通酒] (米: 国産米, 精米: 非公開)
    ✨ [新規SKU抽出] 稲花 桃色にごり酒 春 桜咲き染めし頃に [普通酒] (米: 国産米, 精米: 非公開)
    ✨ [新規SKU抽出] 稲花 1787 息吹｜ 厳選槽場汲み 無濾過生原酒 2026 [普通酒] (米: 国産米, 精米: 非公開)
    ✨ [新規SKU抽出] 稲花 備前雄町｜厳選槽場汲み 無濾過生原酒 2026 [普通酒] (米: 雄町, 精米: 非公開)
    ✨ [新規SKU抽出] 本醸造｜稲花酒造 千葉の地酒 [本醸造酒] (米: 国産米, 精米: 非公開)
    ✨ [新規SKU抽出] 稲花 Butterfly Effects｜かすみ酒（純米吟醸・無濾過生原酒） [純米吟醸酒] (米: 国産米, 精米: 非公開)
    ✨ [新規SKU抽出] 稲花 金龍稲花｜無濾過生原酒 蔵元限定 [普通酒] (米: 国産米, 精米: 非公開)
    ✨ [新規SKU抽出] 稲花 上総の国一の宮｜無濾過生原酒 [普通酒] (米: 国産米, 精米: 非公開)
    ✨ [新規SKU抽出] 稲花 純米かもし酒｜定番の純米酒 [純米酒] (米: 国産米, 精米: 非公開)
    ✨ [新規SKU抽出] 純米吟醸｜稲花酒造 千葉の地酒 [純米吟醸酒] (米: 国産米, 精米: 非公開)
  👉 稲花酒造: 10 件の新規SKUを深層クローリングにより追加登録
[707/1376] 🏭 ID 4295: 吉野酒造 (千葉県) - https://www.koshigoi.com/
[708/1376] 🏭 ID 4296: 東灘醸造 (千葉県) - https://azumanada.net/
    ✨ [新規SKU抽出] 鳴海 純米 夏の活性うすにごり生原酒青発売 [純米酒] (米: 国産米, 精米: 非公開)
    ✨ [新規SKU抽出] 鳴海 純米吟醸 直詰め生 総の舞60 発売 [純米吟醸酒] (米: 国産米, 精米: 非公開)
    ✨ [新規SKU抽出] 鳴海 純米大吟 総の舞50うすにごり生原酒 [純米酒] (米: 国産米, 精米: 非公開)
    ✨ [新規SKU抽出] 鳴海 純米大吟醸 [純米大吟醸酒] (米: 国産米, 精米: 非公開)
    ✨ [新規SKU抽出] 総の舞50うすにごり生原酒 [普通酒] (米: 国産米, 精米: 非公開)
    ✨ [新規SKU抽出] 鳴海 純米 夏の活性うすにごり生原酒青 [純米酒] (米: 国産米, 精米: 非公開)
    ✨ [新規SKU抽出] 夏の活性うすにごり生原酒青 [普通酒] (米: 国産米, 精米: 非公開)
    ✨ [新規SKU抽出] 鳴海 純米大吟醸ＹＫ33 [純米大吟醸酒] (米: 国産米, 精米: 非公開)
    ✨ [新規SKU抽出] 純米大吟醸YK33 [純米大吟醸酒] (米: 国産米, 精米: 非公開)
    ✨ [新規SKU抽出] 鳴海 純米大吟醸総の舞50直詰瓶燗火入れ [純米大吟醸酒] (米: 国産米, 精米: 非公開)
    ✨ [新規SKU抽出] 鳴海 純米吟醸 直詰め生 総の舞60 [純米吟醸酒] (米: 国産米, 精米: 非公開)
    ✨ [新規SKU抽出] 鳴海 純米吟醸 [純米吟醸酒] (米: 国産米, 精米: 非公開)
    ✨ [新規SKU抽出] 鳴海 まめ農園雄町 純米90生原酒 [純米酒] (米: 雄町, 精米: 非公開)
    ✨ [新規SKU抽出] 純米90生原酒 [純米酒] (米: 国産米, 精米: 非公開)
    ✨ [新規SKU抽出] 鳴海 純米吟醸 直詰め生 YK555 [純米吟醸酒] (米: 国産米, 精米: 非公開)
    ✨ [新規SKU抽出] 純米吟醸 直詰め生 YK555 [純米吟醸酒] (米: 国産米, 精米: 非公開)
    ✨ [新規SKU抽出] 鳴海 純米うすにごり生原酒白 [純米酒] (米: 国産米, 精米: 非公開)
    ✨ [新規SKU抽出] 純米うすにごり生原酒白 [純米酒] (米: 国産米, 精米: 非公開)
    ✨ [新規SKU抽出] 鳴海 純米吟醸 直詰め生赤 [純米吟醸酒] (米: 国産米, 精米: 非公開)
    ✨ [新規SKU抽出] 純米吟醸 直詰め生赤 [純米吟醸酒] (米: 国産米, 精米: 非公開)
    ✨ [新規SKU抽出] 鳴海 純米大吟醸 直詰め生 総の舞50 [純米大吟醸酒] (米: 国産米, 精米: 非公開)
    ✨ [新規SKU抽出] [限定] 鳴海 純米大吟醸 [純米大吟醸酒] (米: 国産米, 精米: 非公開)
    ✨ [新規SKU抽出] にゃるか 純米大吟醸3年熟成酒NECORA [純米大吟醸酒] (米: 国産米, 精米: 非公開)
    ✨ [新規SKU抽出] 純米大吟醸3年熟成酒NECORA [純米大吟醸酒] (米: 国産米, 精米: 非公開)
    ✨ [新規SKU抽出] 鳴海 純米ひやおろし [純米酒] (米: 国産米, 精米: 非公開)
    ✨ [新規SKU抽出] 純米ひやおろし [純米酒] (米: 国産米, 精米: 非公開)
    ✨ [新規SKU抽出] 鳴海 純米大吟醸 YK-33 [純米大吟醸酒] (米: 国産米, 精米: 非公開)
    ✨ [新規SKU抽出] 純米大吟醸 YK-33 [純米大吟醸酒] (米: 国産米, 精米: 非公開)
    ✨ [新規SKU抽出] 純米吟醸 うすにごり生原酒赤 [純米吟醸酒] (米: 国産米, 精米: 非公開)
    ✨ [新規SKU抽出] 鳴海 純米大吟醸 山田錦50 うすにごり生原酒 [純米大吟醸酒] (米: 山田錦, 精米: 非公開)
    ✨ [新規SKU抽出] 山田錦50 うすにごり生原酒 [普通酒] (米: 山田錦, 精米: 非公開)
    ✨ [新規SKU抽出] 鳴海 純米大吟醸 山田錦50 直詰瓶燗火入れ [純米大吟醸酒] (米: 山田錦, 精米: 非公開)
    ✨ [新規SKU抽出] 鳴海 純米吟醸 YK555 直詰瓶燗火入れ [純米吟醸酒] (米: 国産米, 精米: 非公開)
    ✨ [新規SKU抽出] 純米吟醸 YK555 直詰瓶燗火入れ [純米吟醸酒] (米: 国産米, 精米: 非公開)
    ✨ [新規SKU抽出] にゃるか！<br>特別純米にゃせばにゃる [特別純米酒] (米: 国産米, 精米: 非公開)
    ✨ [新規SKU抽出] 特別純米にゃせばにゃる [特別純米酒] (米: 国産米, 精米: 非公開)
    ✨ [新規SKU抽出] にゃるか！<br>純米吟醸にゃんとかにゃる [純米吟醸酒] (米: 国産米, 精米: 非公開)
    ✨ [新規SKU抽出] 純米吟醸にゃんとかにゃる [純米吟醸酒] (米: 国産米, 精米: 非公開)
    ✨ [新規SKU抽出] 鳴海 ヴァージニティ 純米吟醸 白麹 [純米吟醸酒] (米: 国産米, 精米: 非公開)
    ✨ [新規SKU抽出] きもと純米大吟醸 YK-35 [純米大吟醸酒] (米: 国産米, 精米: 非公開)
    ✨ [新規SKU抽出] 東灘 初しぼり 純米90直詰め生原酒 [純米酒] (米: 国産米, 精米: 非公開)
    ✨ [新規SKU抽出] 純米90直詰め生原酒 [純米酒] (米: 国産米, 精米: 非公開)
    ✨ [新規SKU抽出] 東灘 純米大吟醸きもと造り [純米大吟醸酒] (米: 国産米, 精米: 非公開)
    ✨ [新規SKU抽出] 東灘 純米酒 きもと造り [純米酒] (米: 国産米, 精米: 非公開)
    ✨ [新規SKU抽出] 東灘 Actiba きもと純米生原酒 [純米酒] (米: 国産米, 精米: 非公開)
    ✨ [新規SKU抽出] 東灘 アクチバ きもと純米吟醸 [純米吟醸酒] (米: 国産米, 精米: 非公開)
    ✨ [新規SKU抽出] 鰹正宗 辛口純米酒（戻り鰹Ver.） [純米酒] (米: 国産米, 精米: 非公開)
    ✨ [新規SKU抽出] 鰹正宗 辛口純米酒（新酒/初鰹Ver.） [純米酒] (米: 国産米, 精米: 非公開)
    ✨ [新規SKU抽出] 清澄山 純米吟醸 [純米吟醸酒] (米: 国産米, 精米: 非公開)
    ✨ [新規SKU抽出] 朝市娘 純米吟醸 [純米吟醸酒] (米: 国産米, 精米: 非公開)
    ✨ [新規SKU抽出] 朝市娘 純米酒 [純米酒] (米: 国産米, 精米: 非公開)
    ✨ [新規SKU抽出] 東灘 鰹正宗純米酒きもと造り [純米酒] (米: 国産米, 精米: 非公開)
    ✨ [新規SKU抽出] 鰹正宗純米酒きもと造り [純米酒] (米: 国産米, 精米: 非公開)
    ✨ [新規SKU抽出] 房総夢街道 純米吟醸 [純米吟醸酒] (米: 国産米, 精米: 非公開)
    ✨ [新規SKU抽出] 純米吟醸生貯 あじさいの雫 [純米吟醸酒] (米: 国産米, 精米: 非公開)
    ✨ [新規SKU抽出] 純米吟醸生貯 [純米吟醸酒] (米: 国産米, 精米: 非公開)
  👉 東灘醸造: 56 件の新規SKUを深層クローリングにより追加登録
[709/1376] 🏭 ID 4297: 豊乃鶴酒造 (千葉県) - https://www.toyonotsuru.jp/
[710/1376] 🏭 ID 4298: 木戸泉酒造 (千葉県) - https://www.kidoizumi.jp/
    ✨ [新規SKU抽出] 高温山廃、乳酸菌使用、一段仕込み... なにより杜氏の両腕が妙味を生んだ「アフス」。 [普通酒] (米: 国産米, 精米: 非公開)
    ✨ [新規SKU抽出] アフス フライ 木桶仕込み 純米酒 [純米酒] (米: 国産米, 精米: 非公開)
    ✨ [新規SKU抽出] 長期熟成純米酒 古今 [純米酒] (米: 国産米, 精米: 非公開)
    ✨ [新規SKU抽出] 鐡の道 純米酒 [純米酒] (米: 国産米, 精米: 非公開)
    ✨ [新規SKU抽出] 木戸泉 本醸造 [本醸造酒] (米: 国産米, 精米: 非公開)
    ✨ [新規SKU抽出] 大原裸まつり 本醸造 [本醸造酒] (米: 国産米, 精米: 非公開)
  👉 木戸泉酒造: 6 件の新規SKUを深層クローリングにより追加登録
[711/1376] 🏭 ID 4299: 岩瀬酒造 (千葉県) - https://www.iwanoi.com/
    ✨ [新規SKU抽出] 岩瀬酒造では、昭和５年（1930年）より吟醸酒を醸造し、数々の賞を受賞致しました。 [吟醸酒] (米: 国産米, 精米: 非公開)
    ✨ [新規SKU抽出] 純米吟醸・純米大吟醸 [純米大吟醸酒] (米: 国産米, 精米: 非公開)
    ✨ [新規SKU抽出] 山廃純米辛口 [純米酒] (米: 国産米, 精米: 非公開)
  👉 岩瀬酒造: 3 件の新規SKUを深層クローリングにより追加登録
[712/1376] 🏭 ID 4300: 梅一輪酒造 (千葉県) - https://www.umeichirin.com/
    ✨ [新規SKU抽出] 大吟醸・吟醸 [大吟醸酒] (米: 国産米, 精米: 非公開)
    ✨ [新規SKU抽出] 新商品「秋あがり純米酒　風立ちぬ」発売 [純米酒] (米: 国産米, 精米: 非公開)
    ✨ [新規SKU抽出] 梅一輪酒造｜商品案内｜純米酒・純米大吟醸 [純米大吟醸酒] (米: 国産米, 精米: 非公開)
    ✨ [新規SKU抽出] 商品案内（大吟醸・吟醸） [大吟醸酒] (米: 国産米, 精米: 非公開)
    ✨ [新規SKU抽出] ＞ 純米酒 [純米酒] (米: 国産米, 精米: 非公開)
    ✨ [新規SKU抽出] 特別純米酒、純米大吟醸、鑑評品などぜひお好みに合わせてご賞味ください。 [純米大吟醸酒] (米: 国産米, 精米: 非公開)
    ✨ [新規SKU抽出] 秋あがり純米酒　風立ちぬ [純米酒] (米: 国産米, 精米: 非公開)
    ✨ [新規SKU抽出] 秋あがり純米酒　風立ちぬ（秋季数量限定商品） [純米酒] (米: 国産米, 精米: 非公開)
    ✨ [新規SKU抽出] 旨口純米酒　梅一輪 [純米酒] (米: 国産米, 精米: 非公開)
    ✨ [新規SKU抽出] 八〇精米（はちまるせいまい）　旨口純米酒　梅一輪 [純米酒] (米: 国産米, 精米: 非公開)
    ✨ [新規SKU抽出] 純米大吟醸　冬の月と梅の花 [純米大吟醸酒] (米: 国産米, 精米: 非公開)
    ✨ [新規SKU抽出] 上品で慎ましやかな香りが特徴の純米大吟醸酒です。 [純米大吟醸酒] (米: 国産米, 精米: 非公開)
    ✨ [新規SKU抽出] 純米大吟醸　虚心坦懐 [純米大吟醸酒] (米: 国産米, 精米: 非公開)
    ✨ [新規SKU抽出] 純米大吟醸　虚心坦懐〈きょしんたんかい〉 [純米大吟醸酒] (米: 国産米, 精米: 非公開)
    ✨ [新規SKU抽出] 純米大吟醸　梅一輪 [純米大吟醸酒] (米: 国産米, 精米: 非公開)
    ✨ [新規SKU抽出] 純米吟醸　稲魂一滴 [純米吟醸酒] (米: 国産米, 精米: 非公開)
    ✨ [新規SKU抽出] 純米吟醸　稲魂一滴〈とうこんいってき〉 [純米吟醸酒] (米: 国産米, 精米: 非公開)
    ✨ [新規SKU抽出] 吟醸純米　梅一輪 [吟醸酒] (米: 国産米, 精米: 非公開)
    ✨ [新規SKU抽出] 特別純米酒　梅一輪 [特別純米酒] (米: 国産米, 精米: 非公開)
    ✨ [新規SKU抽出] 純米酒　梅一輪 [純米酒] (米: 国産米, 精米: 非公開)
    ✨ [新規SKU抽出] 純米酒らしい濃厚な味は40℃～45℃の燗にすることで酸と調和します。 [純米酒] (米: 国産米, 精米: 非公開)
    ✨ [新規SKU抽出] お米のうまみをしっかり楽しめる辛口の純米酒。 [純米酒] (米: 国産米, 精米: 非公開)
    ✨ [新規SKU抽出] 吟醸　生原酒　梅一輪 [吟醸酒] (米: 国産米, 精米: 非公開)
    ✨ [新規SKU抽出] 吟醸　生原酒　梅一輪（冬季数量限定商品） [吟醸酒] (米: 国産米, 精米: 非公開)
    ✨ [新規SKU抽出] 吟醸　しぼりたて生酒　梅一輪 [吟醸酒] (米: 国産米, 精米: 非公開)
    ✨ [新規SKU抽出] 吟醸　しぼりたて生酒　梅一輪（冬季数量限定商品） [吟醸酒] (米: 国産米, 精米: 非公開)
    ✨ [新規SKU抽出] 特別本醸造　にごり原酒　梅一輪 [特別本醸造酒] (米: 国産米, 精米: 非公開)
    ✨ [新規SKU抽出] 特別本醸造　にごり原酒　梅一輪（冬季数量限定商品） [特別本醸造酒] (米: 国産米, 精米: 非公開)
    ✨ [新規SKU抽出] 特別本醸造　発泡にごり酒　梅一輪 [特別本醸造酒] (米: 国産米, 精米: 非公開)
    ✨ [新規SKU抽出] 特別本醸造　発泡にごり酒　梅一輪（冬季数量限定商品） [特別本醸造酒] (米: 国産米, 精米: 非公開)
    ✨ [新規SKU抽出] 梅一輪酒造｜商品案内｜大吟醸・吟醸酒 [大吟醸酒] (米: 国産米, 精米: 非公開)
    ✨ [新規SKU抽出] ＞ 商品案内（大吟醸・吟醸） [大吟醸酒] (米: 国産米, 精米: 非公開)
    ✨ [新規SKU抽出] 鑑評品大吟醸　梅一輪 [大吟醸酒] (米: 国産米, 精米: 非公開)
    ✨ [新規SKU抽出] 鑑評会出品酒　大吟醸　梅一輪 [大吟醸酒] (米: 国産米, 精米: 非公開)
    ✨ [新規SKU抽出] 大吟醸　梅一輪 [大吟醸酒] (米: 国産米, 精米: 非公開)
    ✨ [新規SKU抽出] 大吟醸　九十九里 [大吟醸酒] (米: 国産米, 精米: 非公開)
    ✨ [新規SKU抽出] 九十九里産米で仕込んだ大吟醸酒。 [大吟醸酒] (米: 国産米, 精米: 非公開)
    ✨ [新規SKU抽出] 吟醸辛口　梅一輪 [吟醸酒] (米: 国産米, 精米: 非公開)
    ✨ [新規SKU抽出] 吟醸生貯蔵酒　梅一輪 [吟醸酒] (米: 国産米, 精米: 非公開)
    ✨ [新規SKU抽出] 大吟醸セット [大吟醸酒] (米: 国産米, 精米: 非公開)
    ✨ [新規SKU抽出] タイプの違う大吟醸酒のセットです。 [大吟醸酒] (米: 国産米, 精米: 非公開)
    ✨ [新規SKU抽出] 純米大吟醸／大吟醸 [純米大吟醸酒] (米: 国産米, 精米: 非公開)
    ✨ [新規SKU抽出] 大吟醸　競演セット [大吟醸酒] (米: 国産米, 精米: 非公開)
    ✨ [新規SKU抽出] 淡麗タイプの大吟醸 九十九里と、ふくらみのある旨味が特徴の大吟醸。 [大吟醸酒] (米: 国産米, 精米: 非公開)
    ✨ [新規SKU抽出] 個性の異なる大吟醸酒の味わいが楽しめます。 [大吟醸酒] (米: 国産米, 精米: 非公開)
    ✨ [新規SKU抽出] 大吟醸／大吟醸 九十九里 [大吟醸酒] (米: 国産米, 精米: 非公開)
    ✨ [新規SKU抽出] 吟醸酒セット [吟醸酒] (米: 国産米, 精米: 非公開)
    ✨ [新規SKU抽出] 人気の吟醸酒二品種（大吟醸と吟醸純米）の詰め合わせ。 [大吟醸酒] (米: 国産米, 精米: 非公開)
    ✨ [新規SKU抽出] 個性の異なる二種類の吟醸酒をお楽しみいただけます。 [吟醸酒] (米: 国産米, 精米: 非公開)
    ✨ [新規SKU抽出] 大吟醸／吟醸純米 [大吟醸酒] (米: 国産米, 精米: 非公開)
    ✨ [新規SKU抽出] べっぴん純米酒セット [純米酒] (米: 国産米, 精米: 非公開)
    ✨ [新規SKU抽出] 千葉の酒米　総の舞使用の純米大吟醸酒と、ふさこがね使用の辛口の純米酒のセットです。 [純米大吟醸酒] (米: 国産米, 精米: 非公開)
    ✨ [新規SKU抽出] 純米辛口・純米酒セット [純米酒] (米: 国産米, 精米: 非公開)
    ✨ [新規SKU抽出] 日本酒度＋10の純米辛口と日本酒度＋5の純米酒の詰め合わせ。 [純米酒] (米: 国産米, 精米: 非公開)
    ✨ [新規SKU抽出] 純米酒／純米辛口 [純米酒] (米: 国産米, 精米: 非公開)
    ✨ [新規SKU抽出] こだわり純米酒セット [純米酒] (米: 国産米, 精米: 非公開)
    ✨ [新規SKU抽出] 特別純米酒／八〇精米旨口純米酒 [特別純米酒] (米: 国産米, 精米: 非公開)
    ✨ [新規SKU抽出] 鑑評会に出品している大吟醸の入ったギフトです。 [大吟醸酒] (米: 国産米, 精米: 非公開)
    ✨ [新規SKU抽出] 鑑評会出品酒／吟醸純米／生貯蔵酒 [吟醸酒] (米: 国産米, 精米: 非公開)
    ✨ [新規SKU抽出] 吟醸辛口／純米酒／生貯蔵酒 [吟醸酒] (米: 国産米, 精米: 非公開)
    ✨ [新規SKU抽出] 純米大吟醸／大吟醸／吟醸辛口 [純米大吟醸酒] (米: 国産米, 精米: 非公開)
    ✨ [新規SKU抽出] 鑑評会出品酒／大吟醸／吟醸純米／吟醸辛口／純米酒 [大吟醸酒] (米: 国産米, 精米: 非公開)
    ✨ [新規SKU抽出] お米のうまみを味わえる純米酒３種類の詰合せです。 [純米酒] (米: 国産米, 精米: 非公開)
    ✨ [新規SKU抽出] 純米大吟醸×１本／吟醸純米×２本／純米酒×２本 [純米大吟醸酒] (米: 国産米, 精米: 非公開)
    ✨ [新規SKU抽出] 大吟醸／吟醸純米／吟醸辛口／吟醸生貯蔵酒／生貯蔵酒 [大吟醸酒] (米: 国産米, 精米: 非公開)
    ✨ [新規SKU抽出] 吟醸生貯蔵酒／生貯蔵酒 [吟醸酒] (米: 国産米, 精米: 非公開)
    ✨ [新規SKU抽出] 吟醸生貯蔵酒×１本／生貯蔵酒×２本／辛口如水×２本 [吟醸酒] (米: 国産米, 精米: 非公開)
    ✨ [新規SKU抽出] ／大吟醸 [大吟醸酒] (米: 国産米, 精米: 非公開)
  👉 梅一輪酒造: 68 件の新規SKUを深層クローリングにより追加登録
[713/1376] 🏭 ID 4301: 守屋酒造 (千葉県) - https://maizakura.com/
    ✨ [新規SKU抽出] ◎リキュール　舞桜 [リキュール] (米: 国産米, 精米: 非公開)
    ✨ [新規SKU抽出] 千葉県産の本格焼酎 [本格焼酎] (米: 国産米, 精米: 非公開)
    ✨ [新規SKU抽出] 千葉のリキュール　舞桜 [リキュール] (米: 国産米, 精米: 非公開)
    ✨ [新規SKU抽出] リキュールの加工、 [リキュール] (米: 国産米, 精米: 非公開)
    ✨ [新規SKU抽出] #どぶろく [どぶろく] (米: 国産米, 精米: 非公開)
    ✨ [新規SKU抽出] おすすめ　千葉のリキュール　舞桜 [リキュール] (米: 国産米, 精米: 非公開)
    ✨ [新規SKU抽出] 日本酒、焼酎、リキュール等のアルコール飲料の表示があります。 [リキュール] (米: 国産米, 精米: 非公開)
    ✨ [新規SKU抽出] そごう千葉店　千葉の酒　純米大吟醸　舞桜　販売会 [純米大吟醸酒] (米: 国産米, 精米: 非公開)
    ✨ [新規SKU抽出] 酒蔵が仕上げた千葉の純米酒どぶろく 舞桜　純米どぶろく [純米酒] (米: 国産米, 精米: 非公開)
    ✨ [新規SKU抽出] どぶろく [どぶろく] (米: 国産米, 精米: 非公開)
  👉 守屋酒造: 10 件の新規SKUを深層クローリングにより追加登録
[714/1376] 🏭 ID 4302: 寒菊銘醸 (千葉県) - https://kankiku.com/
    ✨ [新規SKU抽出] しぼりたての旨味を1本１本に込めて、日本酒をお届けします。 [普通酒] (米: 国産米, 精米: 非公開)
  👉 寒菊銘醸: 1 件の新規SKUを深層クローリングにより追加登録
[715/1376] 🏭 ID 4303: 花の友 (千葉県) - https://hananotomo.com/
    ✨ [新規SKU抽出] 純米吟醸酒『大堤』 [純米吟醸酒] (米: 国産米, 精米: 非公開)
    ✨ [新規SKU抽出] 吟醸酒 / 特別純米酒 / 本醸造原酒　　７２０ｍｌ [特別純米酒] (米: 国産米, 精米: 非公開)
    ✨ [新規SKU抽出] すっきりドライタイプ　吟醸酒 [吟醸酒] (米: 国産米, 精米: 非公開)
    ✨ [新規SKU抽出] 純米吟醸　大堤 [純米吟醸酒] (米: 国産米, 精米: 非公開)
    ✨ [新規SKU抽出] 純米吟醸『大堤』 [純米吟醸酒] (米: 国産米, 精米: 非公開)
    ✨ [新規SKU抽出] 本醸造原酒 [本醸造酒] (米: 国産米, 精米: 非公開)
    ✨ [新規SKU抽出] 本醸造原酒　しぼり酒 [本醸造酒] (米: 国産米, 精米: 非公開)
    ✨ [新規SKU抽出] 特別純米酒　花いちもんめ [特別純米酒] (米: 国産米, 精米: 非公開)
    ✨ [新規SKU抽出] 吟醸　花いちもんめ [吟醸酒] (米: 国産米, 精米: 非公開)
    ✨ [新規SKU抽出] 大吟醸酒 [大吟醸酒] (米: 国産米, 精米: 非公開)
    ✨ [新規SKU抽出] 特別純米酒・純米吟醸 [純米吟醸酒] (米: 国産米, 精米: 非公開)
    ✨ [新規SKU抽出] 本醸造原酒・生原酒 [本醸造酒] (米: 国産米, 精米: 非公開)
    ✨ [新規SKU抽出] にごり酒 [普通酒] (米: 国産米, 精米: 非公開)
    ✨ [新規SKU抽出] 新商品　純米吟醸酒『大堤』 [純米吟醸酒] (米: 国産米, 精米: 非公開)
  👉 花の友: 14 件の新規SKUを深層クローリングにより追加登録
[716/1376] 🏭 ID 4304: 石上酒造 (千葉県) - http://www.isbc.co.jp/
    ✨ [新規SKU抽出] 大吟醸　宵待草 [大吟醸酒] (米: 国産米, 精米: 非公開)
    ✨ [新規SKU抽出] 純米酒　浮玉 [純米酒] (米: 国産米, 精米: 非公開)
    ✨ [新規SKU抽出] 本醸造　原酒 [本醸造酒] (米: 国産米, 精米: 非公開)
    ✨ [新規SKU抽出] 本醸造　寒造り新酒 [本醸造酒] (米: 国産米, 精米: 非公開)
    ✨ [新規SKU抽出] 本醸造　本生 [本醸造酒] (米: 国産米, 精米: 非公開)
  👉 石上酒造: 5 件の新規SKUを深層クローリングにより追加登録
[717/1376] 🏭 ID 4308: 東薫酒造 (千葉県) - https://www.tokun.co.jp/
[718/1376] 🏭 ID 4309: 馬場本店酒造 (千葉県) - https://www.babahonten.com/
    ✨ [新規SKU抽出] 辛口の大吟醸 [大吟醸酒] (米: 国産米, 精米: 非公開)
    ✨ [新規SKU抽出] 大吟醸　海舟散人　最上級の米を磨きに磨いて醸した馬場本店酒造の技術の結晶 [大吟醸酒] (米: 国産米, 精米: 非公開)
    ✨ [新規SKU抽出] 吟醸酒　糀善 [吟醸酒] (米: 国産米, 精米: 非公開)
    ✨ [新規SKU抽出] 大吟醸よりもやや軽い飲み口でスッキリとしたフルーティーな香り。 [大吟醸酒] (米: 国産米, 精米: 非公開)
    ✨ [新規SKU抽出] 吟醸酒 糀善 [吟醸酒] (米: 国産米, 精米: 非公開)
    ✨ [新規SKU抽出] 本醸造 糀善 [本醸造酒] (米: 国産米, 精米: 非公開)
    ✨ [新規SKU抽出] 本醸造 糀善 金箔入 [本醸造酒] (米: 国産米, 精米: 非公開)
    ✨ [新規SKU抽出] 大吟醸 海舟散人 [大吟醸酒] (米: 国産米, 精米: 非公開)
    ✨ [新規SKU抽出] 純米吟醸 すいごうさかり [純米吟醸酒] (米: 国産米, 精米: 非公開)
    ✨ [新規SKU抽出] 純米酒 すいごうさかり [純米酒] (米: 国産米, 精米: 非公開)
    ✨ [新規SKU抽出] 本醸造 佐原ばやし [本醸造酒] (米: 国産米, 精米: 非公開)
    ✨ [新規SKU抽出] 本醸造 生酒 [本醸造酒] (米: 国産米, 精米: 非公開)
  👉 馬場本店酒造: 12 件の新規SKUを深層クローリングにより追加登録
[719/1376] 🏭 ID 4310: 寺田本家 (千葉県) - https://www.teradahonke.co.jp/
    ✨ [新規SKU抽出] 最初は山廃仕込みで [普通酒] (米: 国産米, 精米: 非公開)
  👉 寺田本家: 1 件の新規SKUを深層クローリングにより追加登録
[720/1376] 🏭 ID 4311: 鍋店 (千葉県) - https://www.nabedana.co.jp/
    ✨ [新規SKU抽出] 仁勇 吟醸酒 [吟醸酒] (米: 国産米, 精米: 非公開)
    ✨ [新規SKU抽出] 仁勇 本醸造酒 [本醸造酒] (米: 国産米, 精米: 非公開)
    ✨ [新規SKU抽出] 仁勇 定番酒・リキュール [リキュール] (米: 国産米, 精米: 非公開)
    ✨ [新規SKU抽出] 不動 吟醸酒 [吟醸酒] (米: 国産米, 精米: 非公開)
    ✨ [新規SKU抽出] 不動 純米酒 [純米酒] (米: 国産米, 精米: 非公開)
    ✨ [新規SKU抽出] 不動 本醸造酒・定番酒・リキュール [本醸造酒] (米: 国産米, 精米: 非公開)
  👉 鍋店: 6 件の新規SKUを深層クローリングにより追加登録
[721/1376] 🏭 ID 4312: 飯田本家 (千葉県) - https://www.iidahonke.com/
    ✨ [新規SKU抽出] 大姫大吟醸 [大吟醸酒] (米: 国産米, 精米: 非公開)
    ✨ [新規SKU抽出] 吟醸辛口惣兵衛 [吟醸酒] (米: 国産米, 精米: 非公開)
    ✨ [新規SKU抽出] 大姫　純米・本醸造・生酒 [本醸造酒] (米: 国産米, 精米: 非公開)
    ✨ [新規SKU抽出] ゆず酒・かぼす酒 [リキュール] (米: 国産米, 精米: 非公開)
    ✨ [新規SKU抽出] 商品は清酒のほかリキュールや焼酎、ワインを製造販売しています。 [リキュール] (米: 国産米, 精米: 非公開)
    ✨ [新規SKU抽出] 大姫大吟醸みずのさと [大吟醸酒] (米: 国産米, 精米: 非公開)
    ✨ [新規SKU抽出] 大姫本醸造 [本醸造酒] (米: 国産米, 精米: 非公開)
    ✨ [新規SKU抽出] 大姫吟醸生酒 [吟醸酒] (米: 国産米, 精米: 非公開)
    ✨ [新規SKU抽出] ＜リキュール＞ [リキュール] (米: 国産米, 精米: 非公開)
    ✨ [新規SKU抽出] 大姫ゆず酒 [リキュール] (米: 国産米, 精米: 非公開)
    ✨ [新規SKU抽出] 吟醸粕使用　名称：イタリア語で米のしずく　
      2020年1月製造免許取得 [吟醸酒] (米: 国産米, 精米: 非公開)
    ✨ [新規SKU抽出] 大吟醸　惣兵衛 [大吟醸酒] (米: 国産米, 精米: 非公開)
    ✨ [新規SKU抽出] リキュール　かぼす酒・ゆず酒 [リキュール] (米: 国産米, 精米: 非公開)
    ✨ [新規SKU抽出] 大姫吟醸　生酒 [吟醸酒] (米: 国産米, 精米: 非公開)
    ✨ [新規SKU抽出] 吟醸辛口　惣兵衛 [吟醸酒] (米: 国産米, 精米: 非公開)
  👉 飯田本家: 15 件の新規SKUを深層クローリングにより追加登録
[722/1376] 🏭 ID 4612: 石井醸造株式会社 (神奈川県) - http://www.ishiijozo.com
    ✨ [新規SKU抽出] 曽我梅林の梅酒 [リキュール] (米: 国産米, 精米: 非公開)
    ✨ [新規SKU抽出] クセになるほどの風味豊かな梅酒。 [リキュール] (米: 国産米, 精米: 非公開)
    ✨ [新規SKU抽出] 全国梅酒品評会2022　日本酒梅酒部門　金賞受賞 [リキュール] (米: 国産米, 精米: 非公開)
    ✨ [新規SKU抽出] 梅酒研究会HP [リキュール] (米: 国産米, 精米: 非公開)
  👉 石井醸造株式会社: 4 件の新規SKUを深層クローリングにより追加登録
[723/1376] 🏭 ID 4613: 井上酒造株式会社 (神奈川県) - http://www.hakoneyama.co.jp/
    ✨ [新規SKU抽出] おひるねみかん酒スパークリング [普通酒] (米: 国産米, 精米: 非公開)
    ✨ [新規SKU抽出] 箱根山 純米しぼりたて [純米酒] (米: 国産米, 精米: 非公開)
    ✨ [新規SKU抽出] 仙鳴郷 ひやおろし（夏季限定商品） [普通酒] (米: 国産米, 精米: 非公開)
    ✨ [新規SKU抽出] 純米大吟醸 箱根山 [純米大吟醸酒] (米: 国産米, 精米: 非公開)
    ✨ [新規SKU抽出] 純米酒 箱根山 [純米酒] (米: 国産米, 精米: 非公開)
    ✨ [新規SKU抽出] 純米酒 夢高尾 [純米酒] (米: 国産米, 精米: 非公開)
    ✨ [新規SKU抽出] 大井町産米100%使用。米の旨味とシャープな酸味が特徴の純米酒です。 [純米酒] (米: 国産米, 精米: 00%)
    ✨ [新規SKU抽出] 特別純米酒 箱根七福神 [特別純米酒] (米: 国産米, 精米: 非公開)
    ✨ [新規SKU抽出] 爽やかな香りと、すっきりした味わいの中にも米の深い味わいが広がる純米酒です。 [純米酒] (米: 国産米, 精米: 非公開)
    ✨ [新規SKU抽出] 吟醸 ぎんから [吟醸酒] (米: 国産米, 精米: 非公開)
    ✨ [新規SKU抽出] 吟醸生貯蔵酒 箱根薔薇 [吟醸酒] (米: 国産米, 精米: 非公開)
  👉 井上酒造株式会社: 11 件の新規SKUを深層クローリングにより追加登録
[724/1376] 🏭 ID 4614: 中沢酒造株式会社 (神奈川県) - http://www.matsumidori.jp
    ✨ [新規SKU抽出] 6/6　夏の純米大吟醸発売 [純米大吟醸酒] (米: 国産米, 精米: 非公開)
    ✨ [新規SKU抽出] 4/25純米吟醸 S.tokyo 2026発売 [純米吟醸酒] (米: 国産米, 精米: 非公開)
    ✨ [新規SKU抽出] 4/11特別純米きたしずく発売 [特別純米酒] (米: 国産米, 精米: 非公開)
    ✨ [新規SKU抽出] 2/14　純米吟醸春うらら無濾過生酒　発売 [純米吟醸酒] (米: 国産米, 精米: 非公開)
    ✨ [新規SKU抽出] にごり酒再販しました。 [普通酒] (米: 国産米, 精米: 非公開)
    ✨ [新規SKU抽出] 1/24　純米しぼりたて発売 [純米酒] (米: 国産米, 精米: 非公開)
  👉 中沢酒造株式会社: 6 件の新規SKUを深層クローリングにより追加登録
[725/1376] 🏭 ID 4615: 合資会社川西屋酒造店 (神奈川県) - http://kawanishiya.wixsite.com/kawanishiya
    ✨ [新規SKU抽出] 純米酒 | 川西屋酒造店 | 日本酒 [純米酒] (米: 国産米, 精米: 非公開)
    ✨ [新規SKU抽出] ​食と酒、お互いの旨さを引き立てあう純米酒を醸す [純米酒] (米: 国産米, 精米: 非公開)
  👉 合資会社川西屋酒造店: 2 件の新規SKUを深層クローリングにより追加登録
[726/1376] 🏭 ID 4616: 吉川醸造株式会社 (神奈川県) - https://kikkawa-jozo.com/
    ✨ [新規SKU抽出] 「雨降 純米大吟醸 成（NARI）」がIWCでゴールドメダルを受賞 [純米大吟醸酒] (米: 国産米, 精米: 非公開)
    ✨ [新規SKU抽出] 硬水で研ぎ澄ます、純米大吟醸の奇跡。 [純米大吟醸酒] (米: 国産米, 精米: 非公開)
    ✨ [新規SKU抽出] 日本醸造協会頒布の天然酵母） [本醸造酒] (米: 国産米, 精米: 非公開)
    ✨ [新規SKU抽出] La Jomon 純米酒専門店 [純米酒] (米: 国産米, 精米: 非公開)
    ✨ [新規SKU抽出] 室町時代から伝わる製法「水酛仕込の純米酒」です。 [純米酒] (米: 国産米, 精米: 非公開)
    ✨ [新規SKU抽出] 純米酒からつくった酒粕 [純米酒] (米: 国産米, 精米: 非公開)
  👉 吉川醸造株式会社: 6 件の新規SKUを深層クローリングにより追加登録
[727/1376] 🏭 ID 4617: 株式会社金井酒造店 (神奈川県) - http://www.kaneishuzo.co.jp/
    ✨ [新規SKU抽出] 足柄茶の粉茶と抹茶を合わせたクラフトリキュール [リキュール] (米: 国産米, 精米: 非公開)
    ✨ [新規SKU抽出] 黒笹 Revive 純米吟醸 2026 [純米吟醸酒] (米: 国産米, 精米: 非公開)
    ✨ [新規SKU抽出] 果実感とキレのある辛口純米吟醸酒。 [純米吟醸酒] (米: 国産米, 精米: 非公開)
    ✨ [新規SKU抽出] スパークリングワインのように楽しむ、 [普通酒] (米: 国産米, 精米: 非公開)
    ✨ [新規SKU抽出] 蔵元が作る日本酒サワーリキュール。 [リキュール] (米: 国産米, 精米: 非公開)
    ✨ [新規SKU抽出] ササノシラベ 春笹うすにごり 純米吟醸生 2026 [純米吟醸酒] (米: 国産米, 精米: 非公開)
    ✨ [新規SKU抽出] ミライザケ奏炎 -2025- 辛口特別純米 [特別純米酒] (米: 国産米, 精米: 非公開)
    ✨ [新規SKU抽出] ミライザケ テロワール純米吟醸 詩歌 2026 [純米吟醸酒] (米: 国産米, 精米: 非公開)
    ✨ [新規SKU抽出] 白笹鼓 純米大吟醸 [純米大吟醸酒] (米: 国産米, 精米: 非公開)
    ✨ [新規SKU抽出] 白笹鼓 大吟醸 [大吟醸酒] (米: 国産米, 精米: 非公開)
    ✨ [新規SKU抽出] 白笹鼓 ウメザケ（梅酒） [リキュール] (米: 国産米, 精米: 非公開)
    ✨ [新規SKU抽出] ミライザケ テロワール純米吟醸 詩歌 2026 - 金井酒造店 [純米吟醸酒] (米: 国産米, 精米: 非公開)
    ✨ [新規SKU抽出] ミライザケ テロワール純米吟醸 詩歌 2026の数量を減らす [純米吟醸酒] (米: 国産米, 精米: 非公開)
    ✨ [新規SKU抽出] ミライザケ テロワール純米吟醸 詩歌 2026の数量を増やす [純米吟醸酒] (米: 国産米, 精米: 非公開)
    ✨ [新規SKU抽出] やさしい旨みとすっきり感のある純米吟醸が好きな方に [純米吟醸酒] (米: 国産米, 精米: 非公開)
    ✨ [新規SKU抽出] 黒笹 Revive 純米吟醸 2026（IWCブロンズ受賞）- 金井酒造店 [純米吟醸酒] (米: 国産米, 精米: 非公開)
    ✨ [新規SKU抽出] 黒笹 Revive 純米吟醸 2026の数量を減らす [純米吟醸酒] (米: 国産米, 精米: 非公開)
    ✨ [新規SKU抽出] 黒笹 Revive 純米吟醸 2026の数量を増やす [純米吟醸酒] (米: 国産米, 精米: 非公開)
    ✨ [新規SKU抽出] 熟成された西洋梨のような果実感と、旨み、酸とキレのバランスが特徴の純米吟醸です。 [純米吟醸酒] (米: 国産米, 精米: 非公開)
    ✨ [新規SKU抽出] リキュール (1個の商品) [リキュール] (米: 国産米, 精米: 非公開)
    ✨ [新規SKU抽出] 特別純米酒／純米酒 [特別純米酒] (米: 国産米, 精米: 非公開)
    ✨ [新規SKU抽出] 特別純米酒／純米酒 (2個の商品) [特別純米酒] (米: 国産米, 精米: 非公開)
    ✨ [新規SKU抽出] 純米吟醸／吟醸 (2個の商品) [純米吟醸酒] (米: 国産米, 精米: 非公開)
    ✨ [新規SKU抽出] 純米大吟醸／大吟醸 (2個の商品) [純米大吟醸酒] (米: 国産米, 精米: 非公開)
    ✨ [新規SKU抽出] 黒笹Classic 特別純米 [特別純米酒] (米: 国産米, 精米: 非公開)
    ✨ [新規SKU抽出] 黒笹 Eden 純米吟醸 2026 [純米吟醸酒] (米: 国産米, 精米: 非公開)
    ✨ [新規SKU抽出] ミライザケ奏炎 -2025- 辛口特別純米 - 金井酒造店 [特別純米酒] (米: 国産米, 精米: 非公開)
    ✨ [新規SKU抽出] ミライザケ奏炎 -2025- 辛口特別純米の数量を減らす [特別純米酒] (米: 国産米, 精米: 非公開)
    ✨ [新規SKU抽出] ミライザケ奏炎 -2025- 辛口特別純米の数量を増やす [特別純米酒] (米: 国産米, 精米: 非公開)
    ✨ [新規SKU抽出] 食材を引き立てる、キレのある辛口のテロワール特別純米酒です。 [特別純米酒] (米: 国産米, 精米: 非公開)
    ✨ [新規SKU抽出] 黒笹Classic 特別純米（純米燗酒部門 優等賞首席）- 金井酒造店 [特別純米酒] (米: 国産米, 精米: 非公開)
    ✨ [新規SKU抽出] 黒笹Classic 特別純米の数量を減らす [特別純米酒] (米: 国産米, 精米: 非公開)
    ✨ [新規SKU抽出] 黒笹Classic 特別純米の数量を増やす [特別純米酒] (米: 国産米, 精米: 非公開)
    ✨ [新規SKU抽出] 香り穏やかで柔らかい口当たりと、旨味の乗った味わいが特徴の特別純米酒です。 [特別純米酒] (米: 国産米, 精米: 非公開)
    ✨ [新規SKU抽出] 白笹鼓　純米大吟醸 - 金井酒造店 ｜秦野の日本酒 [純米大吟醸酒] (米: 国産米, 精米: 非公開)
    ✨ [新規SKU抽出] 白笹鼓 純米大吟醸の数量を減らす [純米大吟醸酒] (米: 国産米, 精米: 非公開)
    ✨ [新規SKU抽出] 白笹鼓 純米大吟醸の数量を増やす [純米大吟醸酒] (米: 国産米, 精米: 非公開)
  👉 株式会社金井酒造店: 37 件の新規SKUを深層クローリングにより追加登録
[728/1376] 🏭 ID 4618: 大矢孝酒造株式会社 (神奈川県) - https://oyatakashi-shuzo.com/shop/
    ✨ [新規SKU抽出] 特別純米 出羽燦々60 槽場直詰生原酒 [特別純米酒] (米: 出羽燦々, 精米: 非公開)
    ✨ [新規SKU抽出] 純米吟醸 おりんごください 槽場直詰生原酒 [純米吟醸酒] (米: 国産米, 精米: 非公開)
    ✨ [新規SKU抽出] 再醸仕込み 濃淳旨口 生原酒 [普通酒] (米: 国産米, 精米: 非公開)
    ✨ [新規SKU抽出] きもと特別純米 [特別純米酒] (米: 国産米, 精米: 非公開)
    ✨ [新規SKU抽出] 純米吟醸 出羽燦々50 槽場直詰生原酒 [純米吟醸酒] (米: 出羽燦々, 精米: 非公開)
    ✨ [新規SKU抽出] 四六式 特別純米 槽場直詰生原酒 [特別純米酒] (米: 国産米, 精米: 非公開)
    ✨ [新規SKU抽出] 純米吟醸 出羽燦々50 [純米吟醸酒] (米: 出羽燦々, 精米: 非公開)
    ✨ [新規SKU抽出] 辛口純米 緑ラベル 槽場直詰生原酒 [純米酒] (米: 国産米, 精米: 非公開)
    ✨ [新規SKU抽出] 純米吟醸 Queeen [純米吟醸酒] (米: 国産米, 精米: 非公開)
  👉 大矢孝酒造株式会社: 9 件の新規SKUを深層クローリングにより追加登録
[729/1376] 🏭 ID 4619: 黄金井酒造株式会社 (神奈川県) - http://www.koganeishuzou.com
    ✨ [新規SKU抽出] プレミアム大吟醸部門 [大吟醸酒] (米: 国産米, 精米: 非公開)
    ✨ [新規SKU抽出] 純米大吟醸 盛升 ４年連続受賞中 [純米大吟醸酒] (米: 国産米, 精米: 非公開)
    ✨ [新規SKU抽出] 純米吟醸 盛升 ２年連続受賞中 [純米吟醸酒] (米: 国産米, 精米: 非公開)
    ✨ [新規SKU抽出] スパークリングSAKE部門 [普通酒] (米: 国産米, 精米: 非公開)
    ✨ [新規SKU抽出] スパークリング清酒しゅしゅる [普通酒] (米: 国産米, 精米: 非公開)
    ✨ [新規SKU抽出] 本格焼酎 [本格焼酎] (米: 国産米, 精米: 非公開)
    ✨ [新規SKU抽出] どぶろく [どぶろく] (米: 国産米, 精米: 非公開)
    ✨ [新規SKU抽出] 清酒、本格焼酎、ビール、スピリッツ、リキュール、濁酒、みりんなどの酒類製造・販売 [リキュール] (米: 国産米, 精米: 非公開)
    ✨ [新規SKU抽出] 清酒「盛升」、粕取り焼酎「旗頭」、米焼酎「弥太郎」、芋焼酎「黄金の露」、 [本格焼酎] (米: 国産米, 精米: 非公開)
  👉 黄金井酒造株式会社: 9 件の新規SKUを深層クローリングにより追加登録
[730/1376] 🏭 ID 4620: 清水酒造株式会社 (神奈川県) - http://www.shimizusyuzo.com/
    ✨ [新規SKU抽出] 清酒、リキュール、酒粕の製造販売 [リキュール] (米: 国産米, 精米: 非公開)
    ✨ [新規SKU抽出] 大吟醸純米酒 [大吟醸酒] (米: 国産米, 精米: 非公開)
    ✨ [新規SKU抽出] 吟醸純米酒 [吟醸酒] (米: 国産米, 精米: 非公開)
    ✨ [新規SKU抽出] 吟醸辛口 [吟醸酒] (米: 国産米, 精米: 非公開)
    ✨ [新規SKU抽出] 原酒（本醸造） [本醸造酒] (米: 国産米, 精米: 非公開)
    ✨ [新規SKU抽出] 彩（本醸造） [本醸造酒] (米: 国産米, 精米: 非公開)
    ✨ [新規SKU抽出] うめ・ゆず酒、神泉・湘山（リキュール） [リキュール] (米: 国産米, 精米: 非公開)
  👉 清水酒造株式会社: 7 件の新規SKUを深層クローリングにより追加登録
[731/1376] 🏭 ID 4621: 久保田酒造株式会社 (神奈川県) - http://www.tsukui.ne.jp/kubota/
    ✨ [新規SKU抽出] 焼酎・梅酒 [リキュール] (米: 国産米, 精米: 非公開)
    ✨ [新規SKU抽出] 特別本醸造 [特別本醸造酒] (米: 国産米, 精米: 非公開)
    ✨ [新規SKU抽出] 活性にごり酒 [普通酒] (米: 国産米, 精米: 非公開)
    ✨ [新規SKU抽出] しぼりたて [普通酒] (米: 国産米, 精米: 非公開)
    ✨ [新規SKU抽出] 純米吟醸　美山錦 [純米吟醸酒] (米: 美山錦, 精米: 非公開)
    ✨ [新規SKU抽出] 純米吟醸　雄町 [純米吟醸酒] (米: 雄町, 精米: 非公開)
    ✨ [新規SKU抽出] 純米吟醸　山田錦 [純米吟醸酒] (米: 山田錦, 精米: 非公開)
    ✨ [新規SKU抽出] ・春以降の生酒、純米大吟醸の発送はクール便にてお送りさせて頂きます [純米大吟醸酒] (米: 国産米, 精米: 非公開)
    ✨ [新規SKU抽出] 相模灘純米大吟醸仕込み [純米大吟醸酒] (米: 国産米, 精米: 非公開)
    ✨ [新規SKU抽出] 梅酒の梅　￥６５０(税込) [リキュール] (米: 国産米, 精米: 非公開)
    ✨ [新規SKU抽出] 梅酒の梅 [リキュール] (米: 国産米, 精米: 非公開)
    ✨ [新規SKU抽出] 相模灘　純米吟醸 美山錦 [純米吟醸酒] (米: 美山錦, 精米: 非公開)
    ✨ [新規SKU抽出] 相模灘　純米吟醸美山錦(無濾過生酒) [純米吟醸酒] (米: 美山錦, 精米: 非公開)
    ✨ [新規SKU抽出] 純米吟醸 美山錦 [純米吟醸酒] (米: 美山錦, 精米: 非公開)
    ✨ [新規SKU抽出] 相模灘　特別本醸造　活性にごり酒 [特別本醸造酒] (米: 国産米, 精米: 非公開)
    ✨ [新規SKU抽出] 相模灘　特別本醸造活性にごり酒 [特別本醸造酒] (米: 国産米, 精米: 非公開)
    ✨ [新規SKU抽出] にごり酒 [普通酒] (米: 国産米, 精米: 非公開)
    ✨ [新規SKU抽出] 相模灘　特別純米 [特別純米酒] (米: 国産米, 精米: 非公開)
  👉 久保田酒造株式会社: 18 件の新規SKUを深層クローリングにより追加登録
[732/1376] 🏭 ID 4622: 泉橋酒造株式会社 (神奈川県) - http://www.izumibashi.com
    ✨ [新規SKU抽出] 酒造りは米作りから　全量純米酒造 [純米酒] (米: 国産米, 精米: 非公開)
    ✨ [新規SKU抽出] 造るのは、すべて純米酒 [純米酒] (米: 国産米, 精米: 非公開)
    ✨ [新規SKU抽出] 米作りにも取り組む泉橋酒造は、純米酒のみを醸造しています。 [純米酒] (米: 国産米, 精米: 非公開)
    ✨ [新規SKU抽出] 昔ながらの製法にこだわり、伝統的な「生酛造り」による自然な味わいを大切にしています。 [普通酒] (米: 国産米, 精米: 非公開)
    ✨ [新規SKU抽出] 「生酛造り」 [普通酒] (米: 国産米, 精米: 非公開)
  👉 泉橋酒造株式会社: 5 件の新規SKUを深層クローリングにより追加登録
[733/1376] 🏭 ID 4623: 熊澤酒造株式会社 (神奈川県) - http://www.kumazawa.jp
    ✨ [新規SKU抽出] 湘南スパークリング [普通酒] (米: 国産米, 精米: 非公開)
    ✨ [新規SKU抽出] 純米スパークリング [純米酒] (米: 国産米, 精米: 非公開)
    ✨ [新規SKU抽出] 蔵元自家製梅酒入り [リキュール] (米: 国産米, 精米: 非公開)
    ✨ [新規SKU抽出] 純米吟醸酒 [純米吟醸酒] (米: 国産米, 精米: 非公開)
    ✨ [新規SKU抽出] 純米吟醸／吟醸酒 [純米吟醸酒] (米: 国産米, 精米: 非公開)
    ✨ [新規SKU抽出] 純米大吟醸／純米吟醸／吟醸酒 [純米大吟醸酒] (米: 国産米, 精米: 非公開)
  👉 熊澤酒造株式会社: 6 件の新規SKUを深層クローリングにより追加登録
[734/1376] 🏭 ID 4695: 仙台伊澤家 勝山酒造 (宮城県) - https://www.katsu-yama.com/
[735/1376] 🏭 ID 4696: 内ヶ崎酒造店 (宮城県) - https://uchigasaki.com/
    ✨ [新規SKU抽出] 本醸造酒 [本醸造酒] (米: 国産米, 精米: 非公開)
    ✨ [新規SKU抽出] 大吟醸鳳陽金賞受賞酒 [大吟醸酒] (米: 国産米, 精米: 非公開)
    ✨ [新規SKU抽出] Kura Master  2026年度 純米大吟醸酒36-50%部門　プラチナ賞受賞 [純米大吟醸酒] (米: 国産米, 精米: 50%)
    ✨ [新規SKU抽出] WC2024蔵の華純米大吟醸鳳陽ゴールド受賞 [純米大吟醸酒] (米: 蔵の華, 精米: 非公開)
    ✨ [新規SKU抽出] 純米酒蓑かくしを見る [純米酒] (米: 国産米, 精米: 非公開)
    ✨ [新規SKU抽出] 特別純米酒 鳳陽 源氏 [特別純米酒] (米: 国産米, 精米: 非公開)
    ✨ [新規SKU抽出] 鳳陽大吟醸桐箱入 [大吟醸酒] (米: 国産米, 精米: 非公開)
    ✨ [新規SKU抽出] 大吟醸鳳陽山田錦 [大吟醸酒] (米: 山田錦, 精米: 非公開)
    ✨ [新規SKU抽出] 大吟醸鳳陽 [大吟醸酒] (米: 国産米, 精米: 非公開)
    ✨ [新規SKU抽出] 純米大吟醸鳳陽 [純米大吟醸酒] (米: 国産米, 精米: 非公開)
    ✨ [新規SKU抽出] 純米大吟醸鳳陽だるま [純米大吟醸酒] (米: 国産米, 精米: 非公開)
    ✨ [新規SKU抽出] 純米吟醸酒鳳陽 [純米吟醸酒] (米: 国産米, 精米: 非公開)
    ✨ [新規SKU抽出] 特別純米酒鳳陽 [特別純米酒] (米: 国産米, 精米: 非公開)
    ✨ [新規SKU抽出] 特別純米酒 鳳陽源氏 [特別純米酒] (米: 国産米, 精米: 非公開)
    ✨ [新規SKU抽出] 純米酒鳳陽 [純米酒] (米: 国産米, 精米: 非公開)
    ✨ [新規SKU抽出] 超辛口純米酒鳳陽 [純米酒] (米: 国産米, 精米: 非公開)
    ✨ [新規SKU抽出] 甘口純米酒鳳陽甘彩 [純米酒] (米: 国産米, 精米: 非公開)
    ✨ [新規SKU抽出] 純米酒鳳陽吟のいろは [純米酒] (米: 国産米, 精米: 非公開)
    ✨ [新規SKU抽出] 純米酒みやぎ萩 [純米酒] (米: 国産米, 精米: 非公開)
    ✨ [新規SKU抽出] 純米酒 蓑かくし [純米酒] (米: 国産米, 精米: 非公開)
    ✨ [新規SKU抽出] 本醸造鳳陽 [本醸造酒] (米: 国産米, 精米: 非公開)
    ✨ [新規SKU抽出] 本醸造みちのく鬼ころし [本醸造酒] (米: 国産米, 精米: 非公開)
    ✨ [新規SKU抽出] 本醸造みちのく [本醸造酒] (米: 国産米, 精米: 非公開)
    ✨ [新規SKU抽出] 本醸造鳳陽 生貯造酒 [本醸造酒] (米: 国産米, 精米: 非公開)
    ✨ [新規SKU抽出] 鳳陽本醸造 菰樽 [本醸造酒] (米: 国産米, 精米: 非公開)
    ✨ [新規SKU抽出] 鳳陽しぼりたて [普通酒] (米: 国産米, 精米: 非公開)
    ✨ [新規SKU抽出] 鳳陽 吟醸の調べ [吟醸酒] (米: 国産米, 精米: 非公開)
    ✨ [新規SKU抽出] 鳳陽 純米酒セット [純米酒] (米: 国産米, 精米: 非公開)
    ✨ [新規SKU抽出] 新商品のお知らせ純米酒鳳陽 吟のいろは🍶 [純米酒] (米: 国産米, 精米: 非公開)
    ✨ [新規SKU抽出] 本醸造酒 – 鳳陽〜内ヶ崎酒造店〜 [本醸造酒] (米: 国産米, 精米: 非公開)
    ✨ [新規SKU抽出] 口当たりの良いやわらかい味は、ひやでも燗でも美味しく飲み飽きしない本醸造酒です。 [本醸造酒] (米: 国産米, 精米: 非公開)
    ✨ [新規SKU抽出] 本醸造 みちのく鬼ころし [本醸造酒] (米: 国産米, 精米: 非公開)
    ✨ [新規SKU抽出] 鳳陽本醸造を菰樽に入れました。 [本醸造酒] (米: 国産米, 精米: 非公開)
    ✨ [新規SKU抽出] R3BY醸造:純米大吟醸鳳陽(蔵の華)(精米歩合45%) [純米大吟醸酒] (米: 蔵の華, 精米: 45%)
    ✨ [新規SKU抽出] 鳳陽大吟醸粕香る 金華サバの味噌煮 [大吟醸酒] (米: 国産米, 精米: 非公開)
    ✨ [新規SKU抽出] 当社の“蔵の華 純米大吟醸鳳陽”がSAKE部門の純米大吟醸酒部門でGoldを受賞 [純米大吟醸酒] (米: 蔵の華, 精米: 非公開)
    ✨ [新規SKU抽出] 当社の“蔵の華 純米大吟醸鳳陽”は、国内では“ [純米大吟醸酒] (米: 蔵の華, 精米: 非公開)
    ✨ [新規SKU抽出] 特別純米酒鳳陽源氏 [特別純米酒] (米: 国産米, 精米: 非公開)
    ✨ [新規SKU抽出] 御祝ありがとうございます🌟大吟醸鳳陽金賞受賞酒発売🌟 [大吟醸酒] (米: 国産米, 精米: 非公開)
    ✨ [新規SKU抽出] 純米酒 – 鳳陽〜内ヶ崎酒造店〜 [純米酒] (米: 国産米, 精米: 非公開)
    ✨ [新規SKU抽出] 純米大吟醸酒 [純米大吟醸酒] (米: 国産米, 精米: 非公開)
    ✨ [新規SKU抽出] 純米大吟醸鳳陽だるま（純米大吟醸酒（36～50％）部門） [純米大吟醸酒] (米: 国産米, 精米: 非公開)
    ✨ [新規SKU抽出] 純米吟醸酒 [純米吟醸酒] (米: 国産米, 精米: 非公開)
    ✨ [新規SKU抽出] 特別純米酒 [特別純米酒] (米: 国産米, 精米: 非公開)
    ✨ [新規SKU抽出] どっしりとしてコクのある、超甘口の純米酒。 [純米酒] (米: 国産米, 精米: 非公開)
    ✨ [新規SKU抽出] ”吟のいろは”を100％使用した純米酒です。 [純米酒] (米: 国産米, 精米: 非公開)
    ✨ [新規SKU抽出] 柔らかな口当たり、甘やかで優しい旨味が広がる後味のきれいな純米酒です。 [純米酒] (米: 国産米, 精米: 非公開)
  👉 内ヶ崎酒造店: 47 件の新規SKUを深層クローリングにより追加登録
[736/1376] 🏭 ID 4697: 大和蔵酒造 (宮城県) - https://taiwagura.co.jp/
    ✨ [新規SKU抽出] SAKE COMPETITION 2023 純米酒部門　第１位！ [純米酒] (米: 国産米, 精米: 非公開)
    ✨ [新規SKU抽出] 雪の松島 大吟醸 [大吟醸酒] (米: 国産米, 精米: 非公開)
    ✨ [新規SKU抽出] 熟した果実香りと芳醇ながらスッキリとした味わいの大吟醸。 [大吟醸酒] (米: 国産米, 精米: 非公開)
    ✨ [新規SKU抽出] 雪の松島 純米大吟醸 木箱入り [純米大吟醸酒] (米: 国産米, 精米: 非公開)
    ✨ [新規SKU抽出] 南部杜氏伝統の技で醸した、日本酒への知恵と情熱を結集した濃醇辛口な純米大吟醸酒です。 [純米大吟醸酒] (米: 国産米, 精米: 非公開)
    ✨ [新規SKU抽出] 伊達之都 純米大吟醸 [純米大吟醸酒] (米: 国産米, 精米: 非公開)
    ✨ [新規SKU抽出] 雪の松島 秀泉 純米大吟醸 [純米大吟醸酒] (米: 国産米, 精米: 非公開)
    ✨ [新規SKU抽出] 雪の松島 山田錦の酒 純米吟醸 [純米吟醸酒] (米: 山田錦, 精米: 非公開)
    ✨ [新規SKU抽出] 甘みと酸味が程よく調和したバランスのよい純米吟醸。 [純米吟醸酒] (米: 国産米, 精米: 非公開)
    ✨ [新規SKU抽出] 大和蔵 蔵の華 純米吟醸 [純米吟醸酒] (米: 蔵の華, 精米: 非公開)
    ✨ [新規SKU抽出] 宮城の酒米「蔵の華」で仕込んだ、柔らかな甘みが特徴の純米吟醸。 [純米吟醸酒] (米: 蔵の華, 精米: 非公開)
    ✨ [新規SKU抽出] 雪の松島 蔵の華 純米吟醸 [純米吟醸酒] (米: 蔵の華, 精米: 非公開)
    ✨ [新規SKU抽出] 雪の松島 秀泉 純米吟醸 [純米吟醸酒] (米: 国産米, 精米: 非公開)
    ✨ [新規SKU抽出] 純米吟醸の旨みを十分意表現したプレミアムな純米吟醸酒。 [純米吟醸酒] (米: 国産米, 精米: 非公開)
    ✨ [新規SKU抽出] 雪の松島 純米吟醸 生酒 [純米吟醸酒] (米: 国産米, 精米: 非公開)
    ✨ [新規SKU抽出] 雪の松島 旨辛純米酒 [純米酒] (米: 国産米, 精米: 非公開)
    ✨ [新規SKU抽出] 爽やかな香りと米本来の旨みがある、キレのある辛口の純米酒 [純米酒] (米: 国産米, 精米: 非公開)
    ✨ [新規SKU抽出] 雪の松島 特別純米酒 [特別純米酒] (米: 国産米, 精米: 非公開)
    ✨ [新規SKU抽出] 宮城県産米の特徴を生かした、しっかりとした旨味のある純米酒。 [純米酒] (米: 国産米, 精米: 非公開)
    ✨ [新規SKU抽出] 雪の松島 特別純米 生貯蔵酒 [特別純米酒] (米: 国産米, 精米: 非公開)
    ✨ [新規SKU抽出] 軽やかな甘さと飲み口の中に、生貯蔵酒ならではの旨さが光る純米酒。 [純米酒] (米: 国産米, 精米: 非公開)
    ✨ [新規SKU抽出] 雪の松島 醸魂純米酒+20 [純米酒] (米: 国産米, 精米: 非公開)
    ✨ [新規SKU抽出] 醸造技術の英知を結集した超辛口の純米酒。 [純米酒] (米: 国産米, 精米: 非公開)
    ✨ [新規SKU抽出] 雪の松島 すっきり甘い純米酒 [純米酒] (米: 国産米, 精米: 非公開)
    ✨ [新規SKU抽出] 雪の松島 本醸造 入魂超辛+20 [本醸造酒] (米: 国産米, 精米: 非公開)
    ✨ [新規SKU抽出] 雪の松島 本醸造 激辛+15 [本醸造酒] (米: 国産米, 精米: 非公開)
    ✨ [新規SKU抽出] 雪の松島 本醸造 辛口 [本醸造酒] (米: 国産米, 精米: 非公開)
    ✨ [新規SKU抽出] 大和蔵 しぼりたて生酒 [普通酒] (米: 国産米, 精米: 非公開)
    ✨ [新規SKU抽出] 雪の松島の定番のお酒、特別純米酒と大吟醸のセットです。 [特別純米酒] (米: 国産米, 精米: 非公開)
    ✨ [新規SKU抽出] 雪の松島 KAI 純米大吟醸原酒 [純米大吟醸酒] (米: 国産米, 精米: 非公開)
    ✨ [新規SKU抽出] ・宮城県の酒造好適米「吟のいろは」を贅沢に50％まで磨いた純米吟醸原酒。 [純米吟醸酒] (米: 国産米, 精米: 非公開)
    ✨ [新規SKU抽出] 夏季限定雪の松島 特別純米無ろ過原酒 夏酒 [特別純米酒] (米: 国産米, 精米: 非公開)
    ✨ [新規SKU抽出] 秋季限定雪の松島 純米ひやおろし [純米酒] (米: 国産米, 精米: 非公開)
    ✨ [新規SKU抽出] 冬季限定雪の松島 搾りたて純米生原酒 [純米酒] (米: 国産米, 精米: 非公開)
    ✨ [新規SKU抽出] 冬季限定あわ雪の松島 うすにごり 純米生原酒 [純米酒] (米: 国産米, 精米: 非公開)
    ✨ [新規SKU抽出] 爽やかな香りと米本来の旨みがある、キレのある辛口の純米酒。 [純米酒] (米: 国産米, 精米: 非公開)
    ✨ [新規SKU抽出] フレッシュで飲み飽きしない淡麗辛口の本醸造生貯蔵酒。 [本醸造酒] (米: 国産米, 精米: 非公開)
    ✨ [新規SKU抽出] 雪の松島 純米大吟醸 [純米大吟醸酒] (米: 国産米, 精米: 非公開)
    ✨ [新規SKU抽出] 雪の松島 本醸造 [本醸造酒] (米: 国産米, 精米: 非公開)
    ✨ [新規SKU抽出] 純米酒部門 第一位（GOLD）受賞した [純米酒] (米: 国産米, 精米: 非公開)
  👉 大和蔵酒造: 40 件の新規SKUを深層クローリングにより追加登録
[737/1376] 🏭 ID 4698: 佐々木酒造店 (宮城県) - https://housen-naminooto.com/
    ✨ [新規SKU抽出] 宝船浪の音 純米大吟醸 [純米大吟醸酒] (米: 国産米, 精米: 非公開)
    ✨ [新規SKU抽出] 宝船浪の音 純米吟醸 [純米吟醸酒] (米: 国産米, 精米: 非公開)
    ✨ [新規SKU抽出] 宝船浪の音 特別純米酒 [特別純米酒] (米: 国産米, 精米: 非公開)
    ✨ [新規SKU抽出] 宝船浪の音 純米酒 [純米酒] (米: 国産米, 精米: 非公開)
    ✨ [新規SKU抽出] 宝船浪の音 純米無濾過生原酒 90% [純米酒] (米: 国産米, 精米: 90%)
    ✨ [新規SKU抽出] 宝船浪の音 本醸造 [本醸造酒] (米: 国産米, 精米: 非公開)
    ✨ [新規SKU抽出] 宝船浪の音 しぼりたての生原酒 [普通酒] (米: 国産米, 精米: 非公開)
  👉 佐々木酒造店: 7 件の新規SKUを深層クローリングにより追加登録
[738/1376] 🏭 ID 4699: 佐浦 (宮城県) - https://www.uragasumi.com/
[739/1376] 🏭 ID 4700: 阿部勘酒造 (宮城県) - http://www.abekan.com/
[740/1376] 🏭 ID 4701: 一ノ蔵 (宮城県) - https://ichinokura.co.jp/
    ✨ [新規SKU抽出] 純米大吟醸　笙鼓（しょうこ） [純米大吟醸酒] (米: 国産米, 精米: 非公開)
    ✨ [新規SKU抽出] 純米大吟醸　笙鼓 [純米大吟醸酒] (米: 国産米, 精米: 非公開)
    ✨ [新規SKU抽出] ・令和7年東北清酒鑑評会「純米酒の部」優等賞 [純米酒] (米: 国産米, 精米: 非公開)
    ✨ [新規SKU抽出] ・令和6年東北清酒鑑評会「吟醸酒の部」評価員特別賞(令和4年に続き2度目の受賞) [吟醸酒] (米: 国産米, 精米: 非公開)
    ✨ [新規SKU抽出] ・令和5年東北清酒鑑評会「吟醸酒の部」優等賞 [吟醸酒] (米: 国産米, 精米: 非公開)
    ✨ [新規SKU抽出] ・令和4酒造年度南部杜氏自醸清酒鑑評会「純米酒の部」優等賞(第10位入賞) [純米酒] (米: 国産米, 精米: 非公開)
    ✨ [新規SKU抽出] ・令和4年東北清酒鑑評会「純米酒の部」評価員特別賞(宮城県初！) [純米酒] (米: 国産米, 精米: 非公開)
    ✨ [新規SKU抽出] ・平成30酒造年度 南部杜氏自醸清酒鑑評会「純米吟醸酒の部」首席 [純米吟醸酒] (米: 国産米, 精米: 非公開)
    ✨ [新規SKU抽出] ・平成25酒造年度 南部杜氏自醸清酒鑑評会「純米吟醸酒の部」首席 [純米吟醸酒] (米: 国産米, 精米: 非公開)
    ✨ [新規SKU抽出] 純米大吟醸　松山天（しょうざんてん） [純米大吟醸酒] (米: 国産米, 精米: 非公開)
    ✨ [新規SKU抽出] 純米大吟醸　松山天 [純米大吟醸酒] (米: 国産米, 精米: 非公開)
    ✨ [新規SKU抽出] 「プレミアム大吟醸部門」金賞 [大吟醸酒] (米: 国産米, 精米: 非公開)
    ✨ [新規SKU抽出] ・IWC2024「純米大吟醸の部」ブロンズ [純米大吟醸酒] (米: 国産米, 精米: 非公開)
    ✨ [新規SKU抽出] ・KURA MASTER2024「純米大吟醸酒部門」金賞 [純米大吟醸酒] (米: 国産米, 精米: 非公開)
    ✨ [新規SKU抽出] 「プレミアム大吟醸部門」最高金賞 [大吟醸酒] (米: 国産米, 精米: 非公開)
    ✨ [新規SKU抽出] 「純米酒の部」優等賞 [純米酒] (米: 国産米, 精米: 非公開)
    ✨ [新規SKU抽出] 「一般純米酒の部」　宮城県酒造組合会長賞（最高賞） [純米酒] (米: 国産米, 精米: 非公開)
    ✨ [新規SKU抽出] （※原料米を県産米に限定しない純米酒の部） [純米酒] (米: 国産米, 精米: 非公開)
    ✨ [新規SKU抽出] ・令和7年東北清酒鑑評会「吟醸酒の部」優等賞 [吟醸酒] (米: 国産米, 精米: 非公開)
    ✨ [新規SKU抽出] ・KURA MASTER2025「大吟醸酒部門」金賞 [大吟醸酒] (米: 国産米, 精米: 非公開)
    ✨ [新規SKU抽出] ・KURA MASTER2024「大吟醸酒部門」プラチナ賞 [大吟醸酒] (米: 国産米, 精米: 非公開)
    ✨ [新規SKU抽出] ・ワイングラスでおいしい日本酒アワード2023「プレミアム大吟醸部門」金賞 [大吟醸酒] (米: 国産米, 精米: 非公開)
    ✨ [新規SKU抽出] ・IWC 2023 「大吟醸酒の部」ブロンズ [大吟醸酒] (米: 国産米, 精米: 非公開)
    ✨ [新規SKU抽出] 純米吟醸 蔵の華（くらのはな） [純米吟醸酒] (米: 蔵の華, 精米: 非公開)
    ✨ [新規SKU抽出] 純米吟醸 蔵の華 [純米吟醸酒] (米: 蔵の華, 精米: 非公開)
    ✨ [新規SKU抽出] ・ロンドンサケチャレンジ2018「純米吟醸酒の部」銀賞 [純米吟醸酒] (米: 国産米, 精米: 非公開)
    ✨ [新規SKU抽出] ・IWC2018「純米吟醸酒の部」ブロンズ [純米吟醸酒] (米: 国産米, 精米: 非公開)
    ✨ [新規SKU抽出] ササニシキ純米大吟醸 [純米大吟醸酒] (米: 国産米, 精米: 非公開)
    ✨ [新規SKU抽出] ・ワイングラスでおいしい日本酒アワード2020「プレミアム大吟醸部門」金賞 [大吟醸酒] (米: 国産米, 精米: 非公開)
    ✨ [新規SKU抽出] ・ワイングラスでおいしい日本酒アワード2017「大吟醸部門」金賞 [大吟醸酒] (米: 国産米, 精米: 非公開)
    ✨ [新規SKU抽出] 一ノ蔵　純米吟醸 [純米吟醸酒] (米: 国産米, 精米: 非公開)
    ✨ [新規SKU抽出] ・IWC 2023 「純米吟醸酒の部」大会推奨酒 [純米吟醸酒] (米: 国産米, 精米: 非公開)
    ✨ [新規SKU抽出] 一ノ蔵 純米吟醸 プリンセス・ミチコ [純米吟醸酒] (米: 国産米, 精米: 非公開)
    ✨ [新規SKU抽出] ・IWC2020「純米吟醸酒の部」ゴールド [純米吟醸酒] (米: 国産米, 精米: 非公開)
    ✨ [新規SKU抽出] イチからはじめるイチノクラ　純米酒 トヨニシキ [純米酒] (米: 国産米, 精米: 非公開)
    ✨ [新規SKU抽出] 特別純米生酒　超辛口(夏の生酒) [特別純米酒] (米: 国産米, 精米: 非公開)
    ✨ [新規SKU抽出] イチからはじめるイチノクラ　特別純米酒　辛口　吟のいろは [特別純米酒] (米: 国産米, 精米: 非公開)
    ✨ [新規SKU抽出] 3.11未来へつなぐバトン 特別純米原酒 [特別純米酒] (米: 国産米, 精米: 非公開)
    ✨ [新規SKU抽出] ・IWC2024「純米酒の部」シルバー [純米酒] (米: 国産米, 精米: 非公開)
    ✨ [新規SKU抽出] ・2018全米日本酒鑑評会「純米酒部門」銀賞 [純米酒] (米: 国産米, 精米: 非公開)
    ✨ [新規SKU抽出] 特別純米酒 超辛口 [特別純米酒] (米: 国産米, 精米: 非公開)
    ✨ [新規SKU抽出] 四段仕込 特別純米酒（よだんじこみ） [特別純米酒] (米: 国産米, 精米: 非公開)
    ✨ [新規SKU抽出] 四段仕込 特別純米酒 [特別純米酒] (米: 国産米, 精米: 非公開)
    ✨ [新規SKU抽出] ・IWC2021「純米酒の部」シルバー [純米酒] (米: 国産米, 精米: 非公開)
    ✨ [新規SKU抽出] 山廃仕込 特別純米酒（やまはいじこみ） [特別純米酒] (米: 国産米, 精米: 非公開)
    ✨ [新規SKU抽出] 山廃仕込 特別純米酒 [特別純米酒] (米: 国産米, 精米: 非公開)
    ✨ [新規SKU抽出] ・IWC 2023 「純米酒の部」シルバー [純米酒] (米: 国産米, 精米: 非公開)
    ✨ [新規SKU抽出] 特別純米 樽酒（たるざけ） [特別純米酒] (米: 国産米, 精米: 非公開)
    ✨ [新規SKU抽出] 特別純米 樽酒 [特別純米酒] (米: 国産米, 精米: 非公開)
    ✨ [新規SKU抽出] ・全米日本酒鑑評会2023「純米酒の部」銀賞 [純米酒] (米: 国産米, 精米: 非公開)
    ✨ [新規SKU抽出] ・KURAMASTER2023「純米酒部門」金賞 [純米酒] (米: 国産米, 精米: 非公開)
    ✨ [新規SKU抽出] ・KURAMASTER2020「純米酒部門」金賞 [純米酒] (米: 国産米, 精米: 非公開)
    ✨ [新規SKU抽出] ・IWC2019「純米酒の部」ブロンズ [純米酒] (米: 国産米, 精米: 非公開)
    ✨ [新規SKU抽出] ・全米日本酒鑑評会2019「純米酒の部」金賞 [純米酒] (米: 国産米, 精米: 非公開)
    ✨ [新規SKU抽出] ・ロンドン酒チャレンジ2019「純米酒の部」金賞 [純米酒] (米: 国産米, 精米: 非公開)
    ✨ [新規SKU抽出] ・KURAMASTER2019「純米酒部門」プラチナ賞 [純米酒] (米: 国産米, 精米: 非公開)
    ✨ [新規SKU抽出] 特別純米酒 大和伝（やまとでん） [特別純米酒] (米: 国産米, 精米: 非公開)
    ✨ [新規SKU抽出] 特別純米酒 大和伝 [特別純米酒] (米: 国産米, 精米: 非公開)
    ✨ [新規SKU抽出] 特別純米生酒 ひゃっこい [特別純米酒] (米: 国産米, 精米: 非公開)
    ✨ [新規SKU抽出] イチからはじめるイチノクラ　吟のいろは　特別純米生原酒　にごりさけ [特別純米酒] (米: 国産米, 精米: 非公開)
    ✨ [新規SKU抽出] 軽やかで上品な香りと、やさしく穏やかな味わいの特別純米酒です。 [特別純米酒] (米: 国産米, 精米: 非公開)
    ✨ [新規SKU抽出] 特別純米酒超辛口 ひやおろし [特別純米酒] (米: 国産米, 精米: 非公開)
    ✨ [新規SKU抽出] 特別純米生酒超辛口しぼりたて [特別純米酒] (米: 国産米, 精米: 非公開)
    ✨ [新規SKU抽出] 純米酒 掌（たなごころ） [純米酒] (米: 国産米, 精米: 非公開)
    ✨ [新規SKU抽出] 純米酒 掌 [純米酒] (米: 国産米, 精米: 非公開)
    ✨ [新規SKU抽出] 熟成酒 招膳(純米酒)（しょうぜん） [純米酒] (米: 国産米, 精米: 非公開)
    ✨ [新規SKU抽出] 熟成酒 招膳(純米酒) [純米酒] (米: 国産米, 精米: 非公開)
    ✨ [新規SKU抽出] こも樽(特別純米酒) [特別純米酒] (米: 国産米, 精米: 非公開)
    ✨ [新規SKU抽出] 無鑑査本醸造 辛口 夏仕立て [本醸造酒] (米: 国産米, 精米: 非公開)
    ✨ [新規SKU抽出] 暑い季節にぴったりの、特別な「一ノ蔵 無鑑査本醸造辛口」です。 [本醸造酒] (米: 国産米, 精米: 非公開)
    ✨ [新規SKU抽出] 無鑑査本醸造 超辛口 [本醸造酒] (米: 国産米, 精米: 非公開)
    ✨ [新規SKU抽出] ・IWC 2022「本醸造酒の部」ブロンズ [本醸造酒] (米: 国産米, 精米: 非公開)
    ✨ [新規SKU抽出] ・ロンドンサケチャレンジ2020「本醸造酒の部」金賞 [本醸造酒] (米: 国産米, 精米: 非公開)
    ✨ [新規SKU抽出] ・IWC 2019「本醸造酒の部」ブロンズ [本醸造酒] (米: 国産米, 精米: 非公開)
    ✨ [新規SKU抽出] ・ロンドンサケチャレンジ2019「本醸造酒の部」銀賞 [本醸造酒] (米: 国産米, 精米: 非公開)
    ✨ [新規SKU抽出] ・IWC 2018「本醸造酒の部」シルバー [本醸造酒] (米: 国産米, 精米: 非公開)
    ✨ [新規SKU抽出] 無鑑査本醸造 辛口 [本醸造酒] (米: 国産米, 精米: 非公開)
    ✨ [新規SKU抽出] ・IWC2018「本醸造酒の部」ゴールド [本醸造酒] (米: 国産米, 精米: 非公開)
    ✨ [新規SKU抽出] 無鑑査本醸造 甘口 [本醸造酒] (米: 国産米, 精米: 非公開)
    ✨ [新規SKU抽出] ・IWC2021「本醸造酒の部」ブロンズ [本醸造酒] (米: 国産米, 精米: 非公開)
    ✨ [新規SKU抽出] ・IWC2017「本醸造酒の部」最高賞トロフィー＆グレートバリューサケ [本醸造酒] (米: 国産米, 精米: 非公開)
    ✨ [新規SKU抽出] 無鑑査本醸造辛口 しぼりたて生酒 [本醸造酒] (米: 国産米, 精米: 非公開)
    ✨ [新規SKU抽出] 本醸造生酒 ひゃっこい [本醸造酒] (米: 国産米, 精米: 非公開)
    ✨ [新規SKU抽出] こも樽(本醸造) [本醸造酒] (米: 国産米, 精米: 非公開)
    ✨ [新規SKU抽出] ・美酒コンクール2024、2023「スパークリング部門」金賞 [普通酒] (米: 国産米, 精米: 非公開)
    ✨ [新規SKU抽出] ・IWC2020「スパークリング清酒部門」ゴールド＆宮城トロフィー [普通酒] (米: 国産米, 精米: 非公開)
    ✨ [新規SKU抽出] ・IWC2019「スパークリング清酒部門」ブロンズ [普通酒] (米: 国産米, 精米: 非公開)
    ✨ [新規SKU抽出] ・IWC2018「スパークリング清酒部門」シルバー [普通酒] (米: 国産米, 精米: 非公開)
    ✨ [新規SKU抽出] ・IWC2017「スパークリング清酒部門」シルバー [普通酒] (米: 国産米, 精米: 非公開)
    ✨ [新規SKU抽出] ・IWC2016「スパークリング清酒部門」シルバー [普通酒] (米: 国産米, 精米: 非公開)
    ✨ [新規SKU抽出] ・IWC2020「スパークリング清酒部門」シルバー [普通酒] (米: 国産米, 精米: 非公開)
    ✨ [新規SKU抽出] ・IWC2019「スパークリング清酒部門」シルバー [普通酒] (米: 国産米, 精米: 非公開)
    ✨ [新規SKU抽出] ・IWC2018「スパークリング清酒部門」ゴールド＆スパークリングトロフィー [普通酒] (米: 国産米, 精米: 非公開)
    ✨ [新規SKU抽出] ・IWC2015「スパークリング清酒部門」ゴールド＆トロフィー [普通酒] (米: 国産米, 精米: 非公開)
    ✨ [新規SKU抽出] ・フェミナリーズ世界ワインコンクール2021「日本酒スパークリング部門」銀賞 [普通酒] (米: 国産米, 精米: 非公開)
    ✨ [新規SKU抽出] ・KURAMASTER2019「スパークリングSoft部門」金賞 [普通酒] (米: 国産米, 精米: 非公開)
    ✨ [新規SKU抽出] ・IWC2015「スパークリング清酒部門」ブロンズ [普通酒] (米: 国産米, 精米: 非公開)
    ✨ [新規SKU抽出] ・ロンドン酒チャレンジ2018「梅酒部門」プラチナ賞 [リキュール] (米: 国産米, 精米: 非公開)
    ✨ [新規SKU抽出] スパークリング純米酒 [純米酒] (米: 国産米, 精米: 非公開)
    ✨ [新規SKU抽出] ・ワイングラスでおいしい日本酒アワード2025「スパークリングSAKE部門」金賞 [普通酒] (米: 国産米, 精米: 非公開)
    ✨ [新規SKU抽出] ・美酒コンクール2024「スパークリング部門」金賞 [普通酒] (米: 国産米, 精米: 非公開)
    ✨ [新規SKU抽出] ・Kura Master 2024「サケスパークリング部門」金賞 [普通酒] (米: 国産米, 精米: 非公開)
    ✨ [新規SKU抽出] ・ワイングラスでおいしい日本酒アワード2024「スパークリングSAKE部門」金賞 [普通酒] (米: 国産米, 精米: 非公開)
    ✨ [新規SKU抽出] ・IWC 2023 「スパークリングの部」ブロンズ [普通酒] (米: 国産米, 精米: 非公開)
    ✨ [新規SKU抽出] ・フェミナリーズ世界ワインコンクール2022「日本酒スパークリング部門」金賞 [普通酒] (米: 国産米, 精米: 非公開)
    ✨ [新規SKU抽出] ・ワイングラスでおいしい日本酒アワード2020「スパークリングSAKE部門」金賞 [普通酒] (米: 国産米, 精米: 非公開)
    ✨ [新規SKU抽出] ・IWC2019「スパークリングの部」ブロンズ [普通酒] (米: 国産米, 精米: 非公開)
    ✨ [新規SKU抽出] ・IWC2018「スパークリングの部」ブロンズ [普通酒] (米: 国産米, 精米: 非公開)
    ✨ [新規SKU抽出] ・グリーンティーリキュール…………ティースプーン2杯 [リキュール] (米: 国産米, 精米: 非公開)
    ✨ [新規SKU抽出] 特別純米酒　辛口　吟のいろは [特別純米酒] (米: 国産米, 精米: 非公開)
    ✨ [新規SKU抽出] イチからはじめるイチノクラ　特別純米酒　辛口　吟のいろは2026年3月19日出荷 [特別純米酒] (米: 国産米, 精米: 非公開)
    ✨ [新規SKU抽出] 一ノ蔵　吟のいろは　特別純米生原酒　にごりさけ [特別純米酒] (米: 国産米, 精米: 非公開)
    ✨ [新規SKU抽出] 一ノ蔵 純米吟醸 プリンセス・ミチコ | 宮城県の伝統的な手づくりの日本酒蔵一ノ蔵 [純米吟醸酒] (米: 国産米, 精米: 非公開)
    ✨ [新規SKU抽出] 一ノ蔵　純米吟醸　プリンセス・ミチコ [純米吟醸酒] (米: 国産米, 精米: 非公開)
    ✨ [新規SKU抽出] 「純米吟醸 プリンセス・ミチコ」は一ノ蔵で唯一、バラの酵母で醸すお酒です。 [純米吟醸酒] (米: 国産米, 精米: 非公開)
  👉 一ノ蔵: 115 件の新規SKUを深層クローリングにより追加登録
[741/1376] 🏭 ID 4702: 新澤醸造店 (宮城県) - https://niizawa-brewery.co.jp/
    ✨ [新規SKU抽出] リキュール [リキュール] (米: 国産米, 精米: 非公開)
    ✨ [新規SKU抽出] スパークリング [普通酒] (米: 国産米, 精米: 非公開)
    ✨ [新規SKU抽出] ・全米日本酒歓評会2025　吟醸B部門金賞 [吟醸酒] (米: 国産米, 精米: 非公開)
    ✨ [新規SKU抽出] ・インターナショナルワインチャレンジ2025 純米吟醸の部銀賞 [純米吟醸酒] (米: 国産米, 精米: 非公開)
    ✨ [新規SKU抽出] ・全米日本酒歓評会2024　吟醸部門金賞 [吟醸酒] (米: 国産米, 精米: 非公開)
    ✨ [新規SKU抽出] ・インターナショナルサケチャレンジ2024 純米吟醸酒部門銅賞 [純米吟醸酒] (米: 国産米, 精米: 非公開)
    ✨ [新規SKU抽出] ・MONACO SAKE AWARD 2023 純米吟醸/吟醸部門金賞 [純米吟醸酒] (米: 国産米, 精米: 非公開)
    ✨ [新規SKU抽出] ・全米日本酒歓評会2023 吟醸部門銀賞 [吟醸酒] (米: 国産米, 精米: 非公開)
    ✨ [新規SKU抽出] ・Kura Master 2026 純米酒（51-65%）部門金賞 [純米酒] (米: 国産米, 精米: 65%)
    ✨ [新規SKU抽出] ・Kura Master 2025 純米酒（51-65％）部門プラチナ賞 [純米酒] (米: 国産米, 精米: 非公開)
    ✨ [新規SKU抽出] ・インターナショナルサケチャレンジ2024 純米酒部門銀賞 [純米酒] (米: 国産米, 精米: 非公開)
    ✨ [新規SKU抽出] ・MONACO SAKE AWARD 2023 純米・本醸造部門金賞 [本醸造酒] (米: 国産米, 精米: 非公開)
    ✨ [新規SKU抽出] はくらくせい とくべつじゅんまい ひやおろし [普通酒] (米: 国産米, 精米: 非公開)
    ✨ [新規SKU抽出] ・インターナショナルワインチャレンジ2026 純米酒の部金賞 [純米酒] (米: 国産米, 精米: 非公開)
    ✨ [新規SKU抽出] ・Kura Master 2024 純米酒部門金賞 [純米酒] (米: 国産米, 精米: 非公開)
    ✨ [新規SKU抽出] ・Oriental Sake Awards2023 純米酒（淡麗）部門銅賞 [純米酒] (米: 国産米, 精米: 非公開)
    ✨ [新規SKU抽出] 愛宕の松シリーズの最高峰にあたる純米大吟醸です。 [純米大吟醸酒] (米: 国産米, 精米: 非公開)
    ✨ [新規SKU抽出] 黒と金のラベルで高級感を表現した、昔から宮城県の地元で愛されている純米大吟醸です。 [純米大吟醸酒] (米: 国産米, 精米: 非公開)
    ✨ [新規SKU抽出] ・Kura Master 2024 純米大吟醸酒部門金賞 [純米大吟醸酒] (米: 国産米, 精米: 非公開)
    ✨ [新規SKU抽出] その他のリキュール・カップ酒 [リキュール] (米: 国産米, 精米: 非公開)
    ✨ [新規SKU抽出] 「大吟醸」だからといって酵母由来の香りを高くせず、米由来の味わいを大切にしています。 [大吟醸酒] (米: 国産米, 精米: 非公開)
    ✨ [新規SKU抽出] ・ワイングラスでおいしい日本酒アワード2025 プレミアム大吟醸部門金賞 [大吟醸酒] (米: 国産米, 精米: 非公開)
    ✨ [新規SKU抽出] ・ワイングラスでおいしい日本酒アワード2024 プレミアム大吟醸部門金賞 [大吟醸酒] (米: 国産米, 精米: 非公開)
    ✨ [新規SKU抽出] ・Kura Master 2024 純米酒部門プラチナ賞 [純米酒] (米: 国産米, 精米: 非公開)
    ✨ [新規SKU抽出] ・アジア・パシフィック・サケ・アワード 2023 純米吟醸部門金賞 [純米吟醸酒] (米: 国産米, 精米: 非公開)
    ✨ [新規SKU抽出] ・全米日本酒歓評会2023 吟醸部門金賞 [吟醸酒] (米: 国産米, 精米: 非公開)
  👉 新澤醸造店: 26 件の新規SKUを深層クローリングにより追加登録
[742/1376] 🏭 ID 4704: 田中酒造店 (宮城県) - http://www.manatsuru.co.jp/
    ✨ [新規SKU抽出] 本醸造酒 [本醸造酒] (米: 国産米, 精米: 非公開)
    ✨ [新規SKU抽出] 真鶴（まなつる）本醸造 [本醸造酒] (米: 国産米, 精米: 非公開)
    ✨ [新規SKU抽出] 純米大吟醸　美山錦28％ [純米大吟醸酒] (米: 美山錦, 精米: 非公開)
    ✨ [新規SKU抽出] 特別純米　美山錦 [特別純米酒] (米: 美山錦, 精米: 非公開)
    ✨ [新規SKU抽出] 穏やかな吟醸香様の香り。スッキリとシャープな味わい。 [吟醸酒] (米: 国産米, 精米: 非公開)
    ✨ [新規SKU抽出] 生酛特別純米 [特別純米酒] (米: 国産米, 精米: 非公開)
    ✨ [新規SKU抽出] 生酛ならではの豊かな風味と程よい酸味は、燗で本領を発揮します。 [普通酒] (米: 国産米, 精米: 非公開)
    ✨ [新規SKU抽出] 超辛口特別純米 [特別純米酒] (米: 国産米, 精米: 非公開)
    ✨ [新規SKU抽出] 山廃仕込み特別純米 [特別純米酒] (米: 国産米, 精米: 非公開)
    ✨ [新規SKU抽出] 辛口ながらも酸が少なく旨味のある本醸造酒。 [本醸造酒] (米: 国産米, 精米: 非公開)
  👉 田中酒造店: 10 件の新規SKUを深層クローリングにより追加登録
[743/1376] 🏭 ID 4705: 山和酒造店 (宮城県) - https://www.yamawa-syuzouten.co.jp/
[744/1376] 🏭 ID 4706: 川敬商店 (宮城県) - https://www.koganesawa.com
    ✨ [新規SKU抽出] 黄金澤大吟醸 [大吟醸酒] (米: 国産米, 精米: 非公開)
    ✨ [新規SKU抽出] 山廃仕込みにかける想い [普通酒] (米: 国産米, 精米: 非公開)
    ✨ [新規SKU抽出] 黄金澤 純米酒 [純米酒] (米: 国産米, 精米: 非公開)
    ✨ [新規SKU抽出] 黄金澤 純米吟醸 [純米吟醸酒] (米: 国産米, 精米: 非公開)
    ✨ [新規SKU抽出] 黄金澤 純米大吟醸 [純米大吟醸酒] (米: 国産米, 精米: 非公開)
    ✨ [新規SKU抽出] 橘屋 純米吟醸 [純米吟醸酒] (米: 国産米, 精米: 非公開)
    ✨ [新規SKU抽出] 橘屋 純米大吟醸 [純米大吟醸酒] (米: 国産米, 精米: 非公開)
    ✨ [新規SKU抽出] 黄金澤 ひやおろし [普通酒] (米: 国産米, 精米: 非公開)
    ✨ [新規SKU抽出] 黄金澤 初しぼり生原酒 [普通酒] (米: 国産米, 精米: 非公開)
    ✨ [新規SKU抽出] 黄金澤 うすにごり生原酒 [普通酒] (米: 国産米, 精米: 非公開)
    ✨ [新規SKU抽出] 川敬商店のお酒造りの特徴の一つに、『生もと系山廃仕込み』があります。 [普通酒] (米: 国産米, 精米: 非公開)
  👉 川敬商店: 11 件の新規SKUを深層クローリングにより追加登録
[745/1376] 🏭 ID 4707: 寒梅酒造 (宮城県) - http://miyakanbai.com/
    ✨ [新規SKU抽出] こころに春をよぶお酒 宮寒梅 | 寒梅酒造 [リキュール] (米: 国産米, 精米: 非公開)
    ✨ [新規SKU抽出] 2026 寒梅酒造×サーカス Special Live 開催決定 [リキュール] (米: 国産米, 精米: 非公開)
    ✨ [新規SKU抽出] 縁結び大学寒梅酒造を掲載していただきました [リキュール] (米: 国産米, 精米: 非公開)
    ✨ [新規SKU抽出] 宮寒梅EXTRACLASS純米大吟醸「三米八旨」7月13日発売開始！ [純米大吟醸酒] (米: 国産米, 精米: 非公開)
    ✨ [新規SKU抽出] 春酒宮寒梅　純米吟醸　SPRINGTIME　発売開始 [純米吟醸酒] (米: 国産米, 精米: 非公開)
    ✨ [新規SKU抽出] ここに春をよぶお酒。合名会社寒梅酒造 [リキュール] (米: 国産米, 精米: 非公開)
    ✨ [新規SKU抽出] 寒梅酒造 [リキュール] (米: 国産米, 精米: 非公開)
    ✨ [新規SKU抽出] 純米吟醸（オータムタイム） [純米吟醸酒] (米: 国産米, 精米: 非公開)
    ✨ [新規SKU抽出] 寄付型商品　純米吟醸 [純米吟醸酒] (米: 国産米, 精米: 非公開)
    ✨ [新規SKU抽出] 純米吟醸（ふゆざきかん） [純米吟醸酒] (米: 国産米, 精米: 非公開)
    ✨ [新規SKU抽出] 純米大吟醸19％ [純米大吟醸酒] (米: 国産米, 精米: 非公開)
    ✨ [新規SKU抽出] 純米大吟醸35% [純米大吟醸酒] (米: 国産米, 精米: 35%)
    ✨ [新規SKU抽出] 特別純米酒 [特別純米酒] (米: 国産米, 精米: 非公開)
    ✨ [新規SKU抽出] リキュール（国内製造）※陽のしずく　ゆず酒、炭酸ガス [リキュール] (米: 国産米, 精米: 非公開)
  👉 寒梅酒造: 14 件の新規SKUを深層クローリングにより追加登録
[746/1376] 🏭 ID 4708: 中勇酒造店 (宮城県) - http://tenjo-mugen.co.jp/
    ✨ [新規SKU抽出] 特別純米酒 [特別純米酒] (米: 国産米, 精米: 非公開)
    ✨ [新規SKU抽出] 純米吟醸酒 [純米吟醸酒] (米: 国産米, 精米: 非公開)
    ✨ [新規SKU抽出] にごり酒 [普通酒] (米: 国産米, 精米: 非公開)
    ✨ [新規SKU抽出] 大吟醸酒 [大吟醸酒] (米: 国産米, 精米: 非公開)
    ✨ [新規SKU抽出] 純米大吟醸酒 [純米大吟醸酒] (米: 国産米, 精米: 非公開)
    ✨ [新規SKU抽出] リキュール [リキュール] (米: 国産米, 精米: 非公開)
    ✨ [新規SKU抽出] 2026冬季限定品天上夢幻 特別純米 生原酒発売開始 [特別純米酒] (米: 国産米, 精米: 非公開)
    ✨ [新規SKU抽出] Sake Competition 2025 純米酒部門 GOLD(第２位)受賞 [純米酒] (米: 国産米, 精米: 非公開)
    ✨ [新規SKU抽出] 新商品天上夢幻 純米吟醸原酒 超辛口 [純米吟醸酒] (米: 国産米, 精米: 非公開)
    ✨ [新規SKU抽出] 秋季限定品天上夢幻 冷卸(ひやおろし) 純米吟醸 [純米吟醸酒] (米: 国産米, 精米: 非公開)
    ✨ [新規SKU抽出] 全国梅酒品評会2024 金賞受賞(柑橘系ブレンド梅酒部門） [リキュール] (米: 国産米, 精米: 非公開)
    ✨ [新規SKU抽出] 数量限定品天上夢幻 純米吟醸 生詰熟成隠し [純米吟醸酒] (米: 国産米, 精米: 非公開)
    ✨ [新規SKU抽出] 夏季限定品天上夢幻 夏限定にごり酒 [普通酒] (米: 国産米, 精米: 非公開)
    ✨ [新規SKU抽出] 夏季限定品天上夢幻 夏吟 純米吟醸 [純米吟醸酒] (米: 国産米, 精米: 非公開)
    ✨ [新規SKU抽出] 冬季限定品天上夢幻 雪だるま にごり酒 [普通酒] (米: 国産米, 精米: 非公開)
    ✨ [新規SKU抽出] 和釜にこだわり普通酒から大吟醸まで全てのお酒を大吟醸と同じ手間暇をかけ醸し、 [大吟醸酒] (米: 国産米, 精米: 非公開)
    ✨ [新規SKU抽出] 和釜にこだわり普通酒から大吟醸まで [大吟醸酒] (米: 国産米, 精米: 非公開)
    ✨ [新規SKU抽出] 全てのお酒を大吟醸と同じ手間暇をかけ醸し、 [大吟醸酒] (米: 国産米, 精米: 非公開)
    ✨ [新規SKU抽出] 天上夢幻 旨口 特別純米 [特別純米酒] (米: 国産米, 精米: 非公開)
    ✨ [新規SKU抽出] 純米酒部門 GOLD(第2位)受賞 [純米酒] (米: 国産米, 精米: 非公開)
    ✨ [新規SKU抽出] 純米酒部門 GOLD(第8位)受賞 [純米酒] (米: 国産米, 精米: 非公開)
    ✨ [新規SKU抽出] 県産米・純米酒の部 宮城県知事賞（最高賞）受賞 [純米酒] (米: 国産米, 精米: 非公開)
    ✨ [新規SKU抽出] 天上夢幻 辛口 特別純米 [特別純米酒] (米: 国産米, 精米: 非公開)
    ✨ [新規SKU抽出] 天上夢幻 純米吟醸 吟のいろは [純米吟醸酒] (米: 国産米, 精米: 非公開)
    ✨ [新規SKU抽出] プレミアム純米酒部門 金賞受賞 [純米酒] (米: 国産米, 精米: 非公開)
    ✨ [新規SKU抽出] 天上夢幻 純米吟醸原酒 超辛口 [純米吟醸酒] (米: 国産米, 精米: 非公開)
    ✨ [新規SKU抽出] シルクのように滑らかな口あたりで飲みやすい純米吟醸酒に仕上げました。 [純米吟醸酒] (米: 国産米, 精米: 非公開)
    ✨ [新規SKU抽出] 天上夢幻 純米吟醸 蔵の華 [純米吟醸酒] (米: 蔵の華, 精米: 非公開)
    ✨ [新規SKU抽出] 穏やかな香りと軽快な口当たりが特徴の純米吟醸酒。 [純米吟醸酒] (米: 国産米, 精米: 非公開)
    ✨ [新規SKU抽出] 天上夢幻 純米吟醸 桐箱 [純米吟醸酒] (米: 国産米, 精米: 非公開)
    ✨ [新規SKU抽出] 天上夢幻 純米吟醸 にごり酒 [純米吟醸酒] (米: 国産米, 精米: 非公開)
    ✨ [新規SKU抽出] SAKE部門 純米吟醸の部 GOLD受賞 [純米吟醸酒] (米: 国産米, 精米: 非公開)
    ✨ [新規SKU抽出] 天上夢幻 大吟醸 山田錦 [大吟醸酒] (米: 山田錦, 精米: 非公開)
    ✨ [新規SKU抽出] 華やかな吟醸香に加え、果実の様な含み香があります。 [吟醸酒] (米: 国産米, 精米: 非公開)
    ✨ [新規SKU抽出] 上品で柔らかく、優しい口当たりでキレの良い大吟醸です。 [大吟醸酒] (米: 国産米, 精米: 非公開)
    ✨ [新規SKU抽出] 吟醸部門 GOLD(第１位)受賞 [吟醸酒] (米: 国産米, 精米: 非公開)
    ✨ [新規SKU抽出] 「吟醸の部」優等賞受賞（6年連続） [吟醸酒] (米: 国産米, 精米: 非公開)
    ✨ [新規SKU抽出] 天上夢幻 純米大吟醸 [純米大吟醸酒] (米: 国産米, 精米: 非公開)
    ✨ [新規SKU抽出] 後味はキレが良く、優しい余韻が心地よい純米大吟醸です。 [純米大吟醸酒] (米: 国産米, 精米: 非公開)
    ✨ [新規SKU抽出] 天上夢幻 純米大吟醸 雫搾り [純米大吟醸酒] (米: 国産米, 精米: 非公開)
    ✨ [新規SKU抽出] '艶のある吟醸香、落ち着いた奥行きのある旨味。両者が見事に調和した極上の味わい。 [吟醸酒] (米: 国産米, 精米: 非公開)
    ✨ [新規SKU抽出] 天上夢幻 純米酒 [純米酒] (米: 国産米, 精米: 非公開)
    ✨ [新規SKU抽出] 軽快な口当たりと米の優しい旨味が特長の純米酒。 [純米酒] (米: 国産米, 精米: 非公開)
    ✨ [新規SKU抽出] 天上夢幻 純米吟醸 [純米吟醸酒] (米: 国産米, 精米: 非公開)
    ✨ [新規SKU抽出] 淡麗中口で程よい香りと旨味のバランスが良い純米吟醸。 [純米吟醸酒] (米: 国産米, 精米: 非公開)
    ✨ [新規SKU抽出] 天上夢幻 ぼのぼの 純米酒 [純米酒] (米: 国産米, 精米: 非公開)
    ✨ [新規SKU抽出] 軽快な口当たりと米の優しい旨味が特長の純米酒です。 [純米酒] (米: 国産米, 精米: 非公開)
    ✨ [新規SKU抽出] 天上夢幻 ぼのぼの 純米吟醸 [純米吟醸酒] (米: 国産米, 精米: 非公開)
    ✨ [新規SKU抽出] 淡麗中口で程よい香りと旨味のバランスが良い純米吟醸です。 [純米吟醸酒] (米: 国産米, 精米: 非公開)
    ✨ [新規SKU抽出] 天上夢幻 蔵人仕込みの伊達なゆず梅酒 [リキュール] (米: 国産米, 精米: 非公開)
    ✨ [新規SKU抽出] ★全国梅酒品評会2024★ [リキュール] (米: 国産米, 精米: 非公開)
    ✨ [新規SKU抽出] 柑橘系ブレンド梅酒部門 金賞(最高位)受賞 [リキュール] (米: 国産米, 精米: 非公開)
    ✨ [新規SKU抽出] 天上夢幻 夏吟（なつぎん）純米吟醸 [純米吟醸酒] (米: 国産米, 精米: 非公開)
    ✨ [新規SKU抽出] 爽やかな香りと軽快な飲み口の純米吟醸。 [純米吟醸酒] (米: 国産米, 精米: 非公開)
    ✨ [新規SKU抽出] 天上夢幻 冷卸（ひやおろし）純米吟醸 [純米吟醸酒] (米: 国産米, 精米: 非公開)
    ✨ [新規SKU抽出] 天上夢幻 特別純米酒 さんまに合うお酒 [特別純米酒] (米: 国産米, 精米: 非公開)
    ✨ [新規SKU抽出] 天上夢幻 特別純米 生原酒 [特別純米酒] (米: 国産米, 精米: 非公開)
    ✨ [新規SKU抽出] 宮城県産「蔵の華」と宮城オリジナル「宮城A酵母」で醸した生原酒。 [普通酒] (米: 蔵の華, 精米: 非公開)
    ✨ [新規SKU抽出] 天上夢幻 大吟醸 120周年記念酒 [大吟醸酒] (米: 国産米, 精米: 非公開)
    ✨ [新規SKU抽出] 天上夢幻 ぼのぼの 純米大吟醸 [純米大吟醸酒] (米: 国産米, 精米: 非公開)
    ✨ [新規SKU抽出] 天上夢幻 純米吟醸 生詰熟成蔵隠し [純米吟醸酒] (米: 国産米, 精米: 非公開)
    ✨ [新規SKU抽出] アルコール分8％で飲みやすく仕上げた、優しい味わいの和風リキュールです。 [リキュール] (米: 国産米, 精米: 非公開)
  👉 中勇酒造店: 62 件の新規SKUを深層クローリングにより追加登録
[747/1376] 🏭 ID 4709: 千田酒造 (宮城県) - https://chidashuzo.co.jp/
    ✨ [新規SKU抽出] 栗駒山純米吟醸　八朔 [純米吟醸酒] (米: 国産米, 精米: 非公開)
    ✨ [新規SKU抽出] 栗駒山辛口特別純米酒　夏酒 [特別純米酒] (米: 国産米, 精米: 非公開)
    ✨ [新規SKU抽出] 栗駒山 特別純米酒 [特別純米酒] (米: 国産米, 精米: 非公開)
    ✨ [新規SKU抽出] 清々しい酸と爽やかな香りが特徴のフレッシュな純米吟醸酒です。 [純米吟醸酒] (米: 国産米, 精米: 非公開)
    ✨ [新規SKU抽出] 大吟醸並みにお米を磨いた軽い口当たりとリンゴのようなおだやかな香りのお酒です。 [大吟醸酒] (米: 国産米, 精米: 非公開)
    ✨ [新規SKU抽出] 栗駒山 大吟醸 [大吟醸酒] (米: 国産米, 精米: 非公開)
    ✨ [新規SKU抽出] 華やかな香りと澄み切った味わいの大吟醸です。 [大吟醸酒] (米: 国産米, 精米: 非公開)
  👉 千田酒造: 7 件の新規SKUを深層クローリングにより追加登録
[748/1376] 🏭 ID 4710: 金の井酒造 (宮城県) - https://www.kanenoi.co.jp/
    ✨ [新規SKU抽出] 特別純米酒 [特別純米酒] (米: 国産米, 精米: 非公開)
    ✨ [新規SKU抽出] 令和8年南部杜氏自醸清酒鑑評会純米酒の部で優等賞を受賞しました。 [純米酒] (米: 国産米, 精米: 非公開)
    ✨ [新規SKU抽出] 綿屋 純米大吟醸酒 千日酒 [純米大吟醸酒] (米: 国産米, 精米: 非公開)
    ✨ [新規SKU抽出] 令和6年南部杜氏自醸清酒鑑評会純米酒の部で優等賞を受賞しました。 [純米酒] (米: 国産米, 精米: 非公開)
    ✨ [新規SKU抽出] 純米酒の部優等賞を受賞しました。 [純米酒] (米: 国産米, 精米: 非公開)
  👉 金の井酒造: 5 件の新規SKUを深層クローリングにより追加登録
[749/1376] 🏭 ID 4711: 萩野酒造 (宮城県) - http://www.hagino-shuzou.co.jp/
    ✨ [新規SKU抽出] 「日輪田 生酛純米酒 ひまわり」発売のお知らせ [純米酒] (米: 国産米, 精米: 非公開)
    ✨ [新規SKU抽出] 大吟醸造りも終盤へ [大吟醸酒] (米: 国産米, 精米: 非公開)
    ✨ [新規SKU抽出] 大吟醸造り [大吟醸酒] (米: 国産米, 精米: 非公開)
  👉 萩野酒造: 3 件の新規SKUを深層クローリングにより追加登録
[750/1376] 🏭 ID 4712: 石越醸造 (宮城県) - http://sawanoizumi.jp/
    ✨ [新規SKU抽出] 特別純米酒 [特別純米酒] (米: 国産米, 精米: 非公開)
    ✨ [新規SKU抽出] 本醸造酒 [本醸造酒] (米: 国産米, 精米: 非公開)
    ✨ [新規SKU抽出] 本格焼酎 [本格焼酎] (米: 国産米, 精米: 非公開)
    ✨ [新規SKU抽出] リキュール [リキュール] (米: 国産米, 精米: 非公開)
    ✨ [新規SKU抽出] 2022年全米日本酒歓評会　純米酒部門　準グランプリ獲得商品 [純米酒] (米: 国産米, 精米: 非公開)
    ✨ [新規SKU抽出] 澤乃泉 特別純米酒 [特別純米酒] (米: 国産米, 精米: 非公開)
    ✨ [新規SKU抽出] 澤乃泉 特別純米酒 双対・耿 [特別純米酒] (米: 国産米, 精米: 非公開)
    ✨ [新規SKU抽出] 澤乃泉 純米大吟醸生原酒 夏涼 [純米大吟醸酒] (米: 国産米, 精米: 非公開)
    ✨ [新規SKU抽出] 澤乃泉 純米吟醸 双対・陰 [純米吟醸酒] (米: 国産米, 精米: 非公開)
    ✨ [新規SKU抽出] 澤乃泉 純米吟醸 亀の尾 [純米吟醸酒] (米: 亀の尾, 精米: 非公開)
    ✨ [新規SKU抽出] 澤乃泉  純米吟醸 武士ボトル（湯目景康） [純米吟醸酒] (米: 国産米, 精米: 非公開)
    ✨ [新規SKU抽出] 澤乃泉 純米吟醸 伊豆沼白鳥 アルミ缶 [純米吟醸酒] (米: 国産米, 精米: 非公開)
    ✨ [新規SKU抽出] 澤乃泉 純米吟醸 伊豆沼白鳥 仙台麩ペアリング5本セット [純米吟醸酒] (米: 国産米, 精米: 非公開)
    ✨ [新規SKU抽出] 澤乃泉 純米吟醸 美山錦 STYLE・M [純米吟醸酒] (米: 美山錦, 精米: 非公開)
    ✨ [新規SKU抽出] 澤乃泉 純米吟醸 美山錦 STYLE・A [純米吟醸酒] (米: 美山錦, 精米: 非公開)
    ✨ [新規SKU抽出] 澤乃泉 大吟醸 山田錦 [大吟醸酒] (米: 山田錦, 精米: 非公開)
    ✨ [新規SKU抽出] 澤乃泉 特別大吟醸 [大吟醸酒] (米: 国産米, 精米: 非公開)
    ✨ [新規SKU抽出] 純米大吟醸 きらめきのしずく [純米大吟醸酒] (米: 国産米, 精米: 非公開)
    ✨ [新規SKU抽出] 澤乃泉 純米大吟醸 蔵の華 [純米大吟醸酒] (米: 蔵の華, 精米: 非公開)
    ✨ [新規SKU抽出] 澤乃泉 純米大吟醸 つや姫 [純米大吟醸酒] (米: 国産米, 精米: 非公開)
    ✨ [新規SKU抽出] 澤乃泉 純米大吟醸 三割五分原酒 [純米大吟醸酒] (米: 国産米, 精米: 非公開)
    ✨ [新規SKU抽出] 澤乃泉 特別純米酒 白夏～びゃっか～ [特別純米酒] (米: 国産米, 精米: 非公開)
    ✨ [新規SKU抽出] 澤乃泉 特別純米酒 ひやおろし [特別純米酒] (米: 国産米, 精米: 非公開)
    ✨ [新規SKU抽出] 澤乃泉 純米辛口 ひやおろし [純米酒] (米: 国産米, 精米: 非公開)
    ✨ [新規SKU抽出] 澤乃泉 特別純米生酒 [特別純米酒] (米: 国産米, 精米: 非公開)
    ✨ [新規SKU抽出] 澤乃泉 純米生原酒 しぼりたて [純米酒] (米: 国産米, 精米: 非公開)
    ✨ [新規SKU抽出] 澤乃泉 純米酒 焔-HOMURA- [純米酒] (米: 国産米, 精米: 非公開)
    ✨ [新規SKU抽出] 澤乃泉 純米酒 吟のいろは [純米酒] (米: 国産米, 精米: 非公開)
    ✨ [新規SKU抽出] 澤乃泉 純米酒 1日分の日本酒 [純米酒] (米: 国産米, 精米: 非公開)
    ✨ [新規SKU抽出] 澤乃泉 本醸造 [本醸造酒] (米: 国産米, 精米: 非公開)
    ✨ [新規SKU抽出] 澤乃泉 本醸造 生貯蔵酒 [本醸造酒] (米: 国産米, 精米: 非公開)
    ✨ [新規SKU抽出] 澤乃泉 本醸造 しぼりたて生 [本醸造酒] (米: 国産米, 精米: 非公開)
    ✨ [新規SKU抽出] 澤乃泉 初しぼり 生原酒 [普通酒] (米: 国産米, 精米: 非公開)
    ✨ [新規SKU抽出] 本格焼酎　喜萬 [本格焼酎] (米: 国産米, 精米: 非公開)
    ✨ [新規SKU抽出] 本格焼酎　長期樽貯蔵　喜萬 [本格焼酎] (米: 国産米, 精米: 非公開)
    ✨ [新規SKU抽出] 蠱惑魔リキュール [リキュール] (米: 国産米, 精米: 非公開)
  👉 石越醸造: 36 件の新規SKUを深層クローリングにより追加登録
[751/1376] 🏭 ID 4713: 角星 (宮城県) - https://kakuboshi.mystrikingly.com/
    ✨ [新規SKU抽出] 気仙沼産米「蔵の華」を55%まで磨き丹精込めて醸造した純米吟醸酒です。 [純米吟醸酒] (米: 蔵の華, 精米: 55%)
  👉 角星: 1 件の新規SKUを深層クローリングにより追加登録
[752/1376] 🏭 ID 4714: 男山本店 (宮城県) - https://www.kesennuma.co.jp/
[753/1376] 🏭 ID 4715: 平孝酒造 (宮城県) - https://www.hirakoushuzou.jp/
[755/1376] 🏭 ID 4717: 大沼酒造店 (宮城県) - https://kenkonichi.com/
    ✨ [新規SKU抽出] 特別純米辛口 [特別純米酒] (米: 国産米, 精米: 非公開)
    ✨ [新規SKU抽出] 純米吟醸原酒 [純米吟醸酒] (米: 国産米, 精米: 非公開)
    ✨ [新規SKU抽出] ひやおろし [普通酒] (米: 国産米, 精米: 非公開)
  👉 大沼酒造店: 3 件の新規SKUを深層クローリングにより追加登録
[756/1376] 🏭 ID 4718: 蔵王酒造 (宮城県) - https://www.zao-sake.com/
[757/1376] 🏭 ID 5239: 常山酒造合資会社 (福井県) - http://www.jozan.co.jp/
    ✨ [新規SKU抽出] 料理に寄り添い、幅広い温度帯でお愉しみいただける、懐の深い純米酒です。 [純米酒] (米: 国産米, 精米: 非公開)
    ✨ [新規SKU抽出] 純米吟醸辛口 〝飛〟 [純米吟醸酒] (米: 国産米, 精米: 非公開)
    ✨ [新規SKU抽出] 純米吟醸辛口 〝飛〟 Junmai Ginjo Karakuchi 〝Tobi〟 [純米吟醸酒] (米: 国産米, 精米: 非公開)
    ✨ [新規SKU抽出] 純米大吟醸 芳醇辛口 〝極〟 [純米大吟醸酒] (米: 国産米, 精米: 非公開)
    ✨ [新規SKU抽出] 純⽶吟醸⾟⼝ 〝⾶〟 直汲⽣ [吟醸酒] (米: 国産米, 精米: 非公開)
  👉 常山酒造合資会社: 5 件の新規SKUを深層クローリングにより追加登録
[758/1376] 🏭 ID 5240: 田嶋酒造株式会社 (福井県) - https://www.fukuchitose.com/
    ✨ [新規SKU抽出] 山廃仕込みとは [普通酒] (米: 国産米, 精米: 非公開)
    ✨ [新規SKU抽出] 本醸造・レギュラー酒 [本醸造酒] (米: 国産米, 精米: 非公開)
    ✨ [新規SKU抽出] 山廃の商品 [普通酒] (米: 国産米, 精米: 非公開)
    ✨ [新規SKU抽出] 純米大吟醸・大吟醸 [純米大吟醸酒] (米: 国産米, 精米: 非公開)
    ✨ [新規SKU抽出] 圓山廃純米酒 [純米酒] (米: 国産米, 精米: 非公開)
    ✨ [新規SKU抽出] 山廃仕込み
      
      (4) [普通酒] (米: 国産米, 精米: 非公開)
    ✨ [新規SKU抽出] ひと肌恋し （山廃純米酒） [純米酒] (米: 国産米, 精米: 非公開)
    ✨ [新規SKU抽出] ひと肌恋し（山廃純米酒） [純米酒] (米: 国産米, 精米: 非公開)
    ✨ [新規SKU抽出] 山廃の日本酒蔵福千歳（ふくちとせ）純米酒 [純米酒] (米: 国産米, 精米: 非公開)
    ✨ [新規SKU抽出] 山廃の日本酒蔵福千歳（ふくちとせ）本みりん・グッズなど [普通酒] (米: 国産米, 精米: 非公開)
    ✨ [新規SKU抽出] 伝統の山廃仕込4本SET至福の食中酒 [普通酒] (米: 国産米, 精米: 非公開)
    ✨ [新規SKU抽出] SAKE × AWAMORI 大吟醸SPECIAL SET [大吟醸酒] (米: 国産米, 精米: 非公開)
    ✨ [新規SKU抽出] 山廃仕込み
      
      (22) [普通酒] (米: 国産米, 精米: 非公開)
    ✨ [新規SKU抽出] 山廃仕込み [普通酒] (米: 国産米, 精米: 非公開)
    ✨ [新規SKU抽出] 純米酒がある日オーク樽と出会うPURE RICE WINE SET [純米酒] (米: 国産米, 精米: 非公開)
    ✨ [新規SKU抽出] 福千歳 國酒山廃純米大吟醸（越前和紙箱) [純米大吟醸酒] (米: 国産米, 精米: 非公開)
    ✨ [新規SKU抽出] 福千歳 國酒 山廃純米大吟醸(木箱) [純米大吟醸酒] (米: 国産米, 精米: 非公開)
    ✨ [新規SKU抽出] 福山廃純米大吟醸 [純米大吟醸酒] (米: 国産米, 精米: 非公開)
    ✨ [新規SKU抽出] 徳山廃純米吟醸 [純米吟醸酒] (米: 国産米, 精米: 非公開)
    ✨ [新規SKU抽出] CUVÉE キュヴェ（純米吟醸） [純米吟醸酒] (米: 国産米, 精米: 非公開)
    ✨ [新規SKU抽出] 福井の山廃酒蔵 [普通酒] (米: 国産米, 精米: 非公開)
    ✨ [新規SKU抽出] 純米大吟醸を見る [純米大吟醸酒] (米: 国産米, 精米: 非公開)
    ✨ [新規SKU抽出] 大吟醸を探す [大吟醸酒] (米: 国産米, 精米: 非公開)
    ✨ [新規SKU抽出] 山廃を、福井から。福千歳 [普通酒] (米: 国産米, 精米: 非公開)
    ✨ [新規SKU抽出] 福井で170年以上。福千歳は、山廃仕込みを軸に、食卓に寄り添う酒を醸す日本酒蔵です。 [普通酒] (米: 国産米, 精米: 非公開)
    ✨ [新規SKU抽出] 山廃を軸に、現代の食卓へ [普通酒] (米: 国産米, 精米: 非公開)
    ✨ [新規SKU抽出] 純米大吟醸のお酒と酒粕から生まれた、福千歳のスキンケア。 [純米大吟醸酒] (米: 国産米, 精米: 非公開)
    ✨ [新規SKU抽出] ひやおろし、味はどう？ [普通酒] (米: 国産米, 精米: 非公開)
    ✨ [新規SKU抽出] 今年のひやおろしのご案内。 [普通酒] (米: 国産米, 精米: 非公開)
    ✨ [新規SKU抽出] 山廃仕込み
      
      (10) [普通酒] (米: 国産米, 精米: 非公開)
    ✨ [新規SKU抽出] 純米酒へ戻る [純米酒] (米: 国産米, 精米: 非公開)
    ✨ [新規SKU抽出] ⒊ビンの中身は純米酒。 [純米酒] (米: 国産米, 精米: 非公開)
    ✨ [新規SKU抽出] やさしい味わいの純米酒を選択しました。 [純米酒] (米: 国産米, 精米: 非公開)
  👉 田嶋酒造株式会社: 33 件の新規SKUを深層クローリングにより追加登録
[759/1376] 🏭 ID 5241: 株式会社越の磯 (福井県) - http://www.j-brewery.com
    ✨ [新規SKU抽出] 福井県産梅の梅酒 [リキュール] (米: 国産米, 精米: 非公開)
    ✨ [新規SKU抽出] 「越前梅酒　純米酒仕込み」 [純米酒] (米: 国産米, 精米: 非公開)
    ✨ [新規SKU抽出] 無の心　大吟醸 [大吟醸酒] (米: 国産米, 精米: 非公開)
    ✨ [新規SKU抽出] 一期一会　純米大吟醸 [純米大吟醸酒] (米: 国産米, 精米: 非公開)
    ✨ [新規SKU抽出] 越廼磯　寒仕込み　本醸造 [本醸造酒] (米: 国産米, 精米: 非公開)
    ✨ [新規SKU抽出] 春夏秋雪　越前　純米吟醸 [純米吟醸酒] (米: 国産米, 精米: 非公開)
    ✨ [新規SKU抽出] 越の磯　純米吟醸無濾過原酒 [純米吟醸酒] (米: 国産米, 精米: 非公開)
    ✨ [新規SKU抽出] 越前梅酒　純米酒仕込 [純米酒] (米: 国産米, 精米: 非公開)
    ✨ [新規SKU抽出] ●　越廼磯　寒仕込み　本醸造のご案内 [本醸造酒] (米: 国産米, 精米: 非公開)
  👉 株式会社越の磯: 9 件の新規SKUを深層クローリングにより追加登録
[760/1376] 🏭 ID 5243: 安本酒造有限会社 (福井県) - https://www.hakugakusen.jp/
    ✨ [新規SKU抽出] 純米吟醸 海松<br>MIRU 2026<br>リリース開始 [純米吟醸酒] (米: 国産米, 精米: 非公開)
    ✨ [新規SKU抽出] 純米吟醸 海松 [純米吟醸酒] (米: 国産米, 精米: 非公開)
    ✨ [新規SKU抽出] 純米吟醸 夏虫 [純米吟醸酒] (米: 国産米, 精米: 非公開)
    ✨ [新規SKU抽出] 純米吟醸 桜鼠 [純米吟醸酒] (米: 国産米, 精米: 非公開)
    ✨ [新規SKU抽出] 純米大吟醸<br>濡烏 [純米大吟醸酒] (米: 国産米, 精米: 非公開)
    ✨ [新規SKU抽出] 純米大吟醸 アッサンブラージュ 路考 [純米大吟醸酒] (米: 国産米, 精米: 非公開)
    ✨ [新規SKU抽出] 純米大吟醸<br>黒鉄 [純米大吟醸酒] (米: 国産米, 精米: 非公開)
    ✨ [新規SKU抽出] 純米吟醸<br>白練 [純米吟醸酒] (米: 国産米, 精米: 非公開)
    ✨ [新規SKU抽出] 純米吟醸<br>荒走 生酒 [純米吟醸酒] (米: 国産米, 精米: 非公開)
    ✨ [新規SKU抽出] 純米吟醸<br>搾立 生酒 [純米吟醸酒] (米: 国産米, 精米: 非公開)
    ✨ [新規SKU抽出] 純米大吟醸<br>黒鉄 生酒 [純米大吟醸酒] (米: 国産米, 精米: 非公開)
    ✨ [新規SKU抽出] 純米大吟醸<br>極走 生酒 [純米大吟醸酒] (米: 国産米, 精米: 非公開)
    ✨ [新規SKU抽出] 純米吟醸<br>桜鼠 生酒 [純米吟醸酒] (米: 国産米, 精米: 非公開)
    ✨ [新規SKU抽出] 純米吟醸<br>夏虫 生酒 [純米吟醸酒] (米: 国産米, 精米: 非公開)
    ✨ [新規SKU抽出] 純米吟醸白練 | 商品 | 白岳仙 | 福井県産酒造好適米十割仕込 | 安本酒造 [純米吟醸酒] (米: 国産米, 精米: 非公開)
    ✨ [新規SKU抽出] 純米大吟醸黒鉄 | 商品 | 白岳仙 | 福井県産酒造好適米十割仕込 | 安本酒造 [純米大吟醸酒] (米: 国産米, 精米: 非公開)
    ✨ [新規SKU抽出] 純米大吟醸濡烏 | 商品 | 白岳仙 | 福井県産酒造好適米十割仕込 | 安本酒造 [純米大吟醸酒] (米: 国産米, 精米: 非公開)
    ✨ [新規SKU抽出] 純米吟醸<br>海松 [純米吟醸酒] (米: 国産米, 精米: 非公開)
    ✨ [新規SKU抽出] 純米大吟醸<br>微発砲 み空 生酒 [純米大吟醸酒] (米: 国産米, 精米: 非公開)
    ✨ [新規SKU抽出] 特別純米<br>冷卸 [特別純米酒] (米: 国産米, 精米: 非公開)
    ✨ [新規SKU抽出] 純米吟醸<br>秋上 [純米吟醸酒] (米: 国産米, 精米: 非公開)
    ✨ [新規SKU抽出] 純米大吟醸<br>微発砲 み空 ”離” [純米大吟醸酒] (米: 国産米, 精米: 非公開)
  👉 安本酒造有限会社: 22 件の新規SKUを深層クローリングにより追加登録
[761/1376] 🏭 ID 5244: 美川酒造場 (福井県) - http://www.maibijin.com/
    ✨ [新規SKU抽出] 純米吟醸酒 [純米吟醸酒] (米: 国産米, 精米: 非公開)
    ✨ [新規SKU抽出] 純米大吟醸酒 [純米大吟醸酒] (米: 国産米, 精米: 非公開)
    ✨ [新規SKU抽出] 山廃純米酒 [純米酒] (米: 国産米, 精米: 非公開)
    ✨ [新規SKU抽出] 生酛純米酒 [純米酒] (米: 国産米, 精米: 非公開)
    ✨ [新規SKU抽出] にごり酒 [普通酒] (米: 国産米, 精米: 非公開)
    ✨ [新規SKU抽出] 山廃純米大吟醸720 [純米大吟醸酒] (米: 国産米, 精米: 非公開)
    ✨ [新規SKU抽出] 山廃純大酒粕150ｇ [普通酒] (米: 国産米, 精米: 非公開)
    ✨ [新規SKU抽出] 火入れ山廃純米720 [純米酒] (米: 国産米, 精米: 非公開)
    ✨ [新規SKU抽出] 火入れ山廃純米 [純米酒] (米: 国産米, 精米: 非公開)
    ✨ [新規SKU抽出] 福井・地酒・純米吟醸・日本酒・清酒・舞美人醸造元美川酒造場 [純米吟醸酒] (米: 国産米, 精米: 非公開)
    ✨ [新規SKU抽出] 福井・地酒・純米大吟醸酒・日本酒・清酒・舞美人醸造元美川酒造場 [純米大吟醸酒] (米: 国産米, 精米: 非公開)
    ✨ [新規SKU抽出] 画像1: 山廃純米大吟醸720 [純米大吟醸酒] (米: 国産米, 精米: 非公開)
    ✨ [新規SKU抽出] 画像2: 山廃純米大吟醸720 [純米大吟醸酒] (米: 国産米, 精米: 非公開)
    ✨ [新規SKU抽出] 画像1: 山廃純米大吟醸720 (1) [純米大吟醸酒] (米: 国産米, 精米: 非公開)
    ✨ [新規SKU抽出] 画像2: 山廃純米大吟醸720 (2) [純米大吟醸酒] (米: 国産米, 精米: 非公開)
    ✨ [新規SKU抽出] 「令和8年度 越前・若狭の地酒 さかほまれ大吟醸・純米大吟醸酒あじわいマップ」 [純米大吟醸酒] (米: さかほまれ, 精米: 非公開)
    ✨ [新規SKU抽出] 福井県の酒米「さかほまれ」で醸した山廃純米大吟醸酒です。 [純米大吟醸酒] (米: さかほまれ, 精米: 非公開)
    ✨ [新規SKU抽出] 商品名：舞美人　純米大吟醸　さかほまれ　 R6BY(2025年醸造) [純米大吟醸酒] (米: さかほまれ, 精米: 非公開)
    ✨ [新規SKU抽出] 福井・地酒・山廃純米・日本酒・清酒・舞美人醸造元美川酒造場 [純米酒] (米: 国産米, 精米: 非公開)
    ✨ [新規SKU抽出] 商品名：舞美人　純米水酛（みずもと）　無濾過生原酒 [純米酒] (米: 国産米, 精米: 非公開)
  👉 美川酒造場: 20 件の新規SKUを深層クローリングにより追加登録
[762/1376] 🏭 ID 5245: 舟木酒造合資会社 (福井県) - http://www.funaki-sake.com/
    ✨ [新規SKU抽出] リキュール [リキュール] (米: 国産米, 精米: 非公開)
    ✨ [新規SKU抽出] 純米大吟醸酒 [純米大吟醸酒] (米: 国産米, 精米: 非公開)
    ✨ [新規SKU抽出] 純米吟醸酒 [純米吟醸酒] (米: 国産米, 精米: 非公開)
    ✨ [新規SKU抽出] 特別純米酒 [特別純米酒] (米: 国産米, 精米: 非公開)
    ✨ [新規SKU抽出] 特別本醸造酒 [特別本醸造酒] (米: 国産米, 精米: 非公開)
    ✨ [新規SKU抽出] 本醸造酒 [本醸造酒] (米: 国産米, 精米: 非公開)
    ✨ [新規SKU抽出] スペック: 純米酒 [純米酒] (米: 国産米, 精米: 非公開)
    ✨ [新規SKU抽出] 北の庄  夏の酒  吟醸酒 [吟醸酒] (米: 国産米, 精米: 非公開)
    ✨ [新規SKU抽出] 暑い夏にひやして呑むとおいしい生貯吟醸酒です。 [吟醸酒] (米: 国産米, 精米: 非公開)
    ✨ [新規SKU抽出] スペック: 吟醸酒 [吟醸酒] (米: 国産米, 精米: 非公開)
    ✨ [新規SKU抽出] 岡の泉 純米吟醸生原酒 [純米吟醸酒] (米: 国産米, 精米: 非公開)
    ✨ [新規SKU抽出] スペック: 純米吟醸酒 [純米吟醸酒] (米: 国産米, 精米: 非公開)
    ✨ [新規SKU抽出] 富成喜 吟ふぶき 純米大吟醸 [純米大吟醸酒] (米: 国産米, 精米: 非公開)
    ✨ [新規SKU抽出] スペック: 純米大吟醸酒 [純米大吟醸酒] (米: 国産米, 精米: 非公開)
    ✨ [新規SKU抽出] キンキンに冷えた生酒、吟醸酒は熱い夏にぴったり！ [吟醸酒] (米: 国産米, 精米: 非公開)
    ✨ [新規SKU抽出] “ひやおろし” [普通酒] (米: 国産米, 精米: 非公開)
    ✨ [新規SKU抽出] 和リキュール  ブルーベリー酒 [リキュール] (米: 国産米, 精米: 非公開)
    ✨ [新規SKU抽出] 北の庄 さかほまれ 純米大吟醸 [純米大吟醸酒] (米: さかほまれ, 精米: 非公開)
    ✨ [新規SKU抽出] 県農場試験場と酒造組合が共同開発した大吟醸用の酒米さかほまれを使用。 [大吟醸酒] (米: さかほまれ, 精米: 非公開)
    ✨ [新規SKU抽出] 富成喜 純米大吟醸 龍飛 [純米大吟醸酒] (米: 国産米, 精米: 非公開)
    ✨ [新規SKU抽出] 北の庄  大吟醸  大吟 匠 [大吟醸酒] (米: 国産米, 精米: 非公開)
    ✨ [新規SKU抽出] 岡の泉 純米吟醸生原酒 | 福井の地酒　舟木酒造合資会社 [純米吟醸酒] (米: 国産米, 精米: 非公開)
    ✨ [新規SKU抽出] 北の庄  純米大吟醸  大吟 望 [純米大吟醸酒] (米: 国産米, 精米: 非公開)
    ✨ [新規SKU抽出] 北の庄 純米吟醸 金箔入り 祝 [純米吟醸酒] (米: 国産米, 精米: 非公開)
    ✨ [新規SKU抽出] 純米吟醸に金箔を入れた贅沢なお酒です。 [純米吟醸酒] (米: 国産米, 精米: 非公開)
    ✨ [新規SKU抽出] 純米大吟醸酒 | 福井の地酒　舟木酒造合資会社 [純米大吟醸酒] (米: 国産米, 精米: 非公開)
    ✨ [新規SKU抽出] 北の庄 純米大吟醸 杜氏大吟「野尻 和徳醸」 [純米大吟醸酒] (米: 国産米, 精米: 非公開)
    ✨ [新規SKU抽出] 富成喜  神力米 純米吟醸 限定二百貫 [純米吟醸酒] (米: 神力, 精米: 非公開)
    ✨ [新規SKU抽出] キンキンに冷えた生酒、吟醸酒 [吟醸酒] (米: 国産米, 精米: 非公開)
    ✨ [新規SKU抽出] 北の庄  吟醸  越前 [吟醸酒] (米: 国産米, 精米: 非公開)
    ✨ [新規SKU抽出] 復活した九頭竜米を小仕込みで仕込んだ純米吟醸 [純米吟醸酒] (米: 国産米, 精米: 非公開)
    ✨ [新規SKU抽出] 北の庄  純米吟醸 [純米吟醸酒] (米: 国産米, 精米: 非公開)
    ✨ [新規SKU抽出] 北の庄 純米吟醸 生酒 [純米吟醸酒] (米: 国産米, 精米: 非公開)
    ✨ [新規SKU抽出] 福井県産米の五百万石を使用。すっきりとした飲みやすい純米吟醸の生酒です。 [純米吟醸酒] (米: 五百万石, 精米: 非公開)
    ✨ [新規SKU抽出] 北の庄  純米酒 [純米酒] (米: 国産米, 精米: 非公開)
    ✨ [新規SKU抽出] 米の旨味がありどっしりとした飲み応えのある純米酒です。 [純米酒] (米: 国産米, 精米: 非公開)
    ✨ [新規SKU抽出] 北の庄物語 純米酒「勝家」 [純米酒] (米: 国産米, 精米: 非公開)
    ✨ [新規SKU抽出] 北の庄  旨口本醸造 [本醸造酒] (米: 国産米, 精米: 非公開)
    ✨ [新規SKU抽出] 北の庄 本醸造 冷酒 [本醸造酒] (米: 国産米, 精米: 非公開)
    ✨ [新規SKU抽出] 福井県産米を使用した本醸造冷酒。食中酒として飲むとおいしいです。 [本醸造酒] (米: 国産米, 精米: 非公開)
    ✨ [新規SKU抽出] 北の庄 本醸造 生酒 [本醸造酒] (米: 国産米, 精米: 非公開)
    ✨ [新規SKU抽出] 福井県産米を使用。辛口本醸造生酒です。 [本醸造酒] (米: 国産米, 精米: 非公開)
    ✨ [新規SKU抽出] 和リキュール しそびより [リキュール] (米: 国産米, 精米: 非公開)
    ✨ [新規SKU抽出] 伝統の技と真心で醸した純米酒を蔵内で長期熟成した秘蔵酒です。 [純米酒] (米: 国産米, 精米: 非公開)
    ✨ [新規SKU抽出] 富成喜  五百万石米使用 かすみ生原酒 [普通酒] (米: 五百万石, 精米: 非公開)
    ✨ [新規SKU抽出] 富成喜 神力米使用 無濾過生原酒 [普通酒] (米: 神力, 精米: 非公開)
    ✨ [新規SKU抽出] 富成喜 吟ふぶき 純米大吟醸 | 福井の地酒　舟木酒造合資会社 [純米大吟醸酒] (米: 国産米, 精米: 非公開)
  👉 舟木酒造合資会社: 47 件の新規SKUを深層クローリングにより追加登録
[763/1376] 🏭 ID 5246: 黒龍酒造株式会社 (福井県) - https://www.kokuryu.co.jp/
[764/1376] 🏭 ID 5247: 田辺酒造有限会社 (福井県) - http://www.echizenmisaki.com/
[765/1376] 🏭 ID 5248: 吉田酒造有限会社 (福井県) - https://www.jizakegura.com/
    ✨ [新規SKU抽出] 薫風-KUMPU生原酒 [普通酒] (米: 国産米, 精米: 非公開)
    ✨ [新規SKU抽出] 純米吟醸生原酒 [純米吟醸酒] (米: 国産米, 精米: 非公開)
    ✨ [新規SKU抽出] 春弾けるフレッシュな生原酒 [普通酒] (米: 国産米, 精米: 非公開)
    ✨ [新規SKU抽出] 無濾過生原酒 [普通酒] (米: 国産米, 精米: 非公開)
    ✨ [新規SKU抽出] 袋吊りの純米大吟醸酒を [純米大吟醸酒] (米: 国産米, 精米: 非公開)
    ✨ [新規SKU抽出] 純米大吟醸雪想い [純米大吟醸酒] (米: 国産米, 精米: 非公開)
    ✨ [新規SKU抽出] 堪能できる純米大吟醸酒 [純米大吟醸酒] (米: 国産米, 精米: 非公開)
    ✨ [新規SKU抽出] 特別な純米大吟醸を [純米大吟醸酒] (米: 国産米, 精米: 非公開)
    ✨ [新規SKU抽出] 白龍梅酒 [リキュール] (米: 国産米, 精米: 非公開)
    ✨ [新規SKU抽出] 純米大吟醸に漬け込んだ [純米大吟醸酒] (米: 国産米, 精米: 非公開)
    ✨ [新規SKU抽出] 香り高い上品な梅酒です。 [リキュール] (米: 国産米, 精米: 非公開)
    ✨ [新規SKU抽出] 純米大吟醸 游 [純米大吟醸酒] (米: 国産米, 精米: 非公開)
    ✨ [新規SKU抽出] 純米吟醸辛口 [純米吟醸酒] (米: 国産米, 精米: 非公開)
    ✨ [新規SKU抽出] 純米吟醸 游 [純米吟醸酒] (米: 国産米, 精米: 非公開)
    ✨ [新規SKU抽出] 特別純米酒 [特別純米酒] (米: 国産米, 精米: 非公開)
    ✨ [新規SKU抽出] 酒通のための純米酒 [純米酒] (米: 国産米, 精米: 非公開)
    ✨ [新規SKU抽出] ひやおろし [普通酒] (米: 国産米, 精米: 非公開)
  👉 吉田酒造有限会社: 17 件の新規SKUを深層クローリングにより追加登録
[766/1376] 🏭 ID 5249: 西岡河村酒造株式会社 (福井県) - http://tsukimaru.com/
    ✨ [新規SKU抽出] 地酒とリキュール、スピリッツ [リキュール] (米: 国産米, 精米: 非公開)
    ✨ [新規SKU抽出] 日本酒＆リキュール、スピリッツ [リキュール] (米: 国産米, 精米: 非公開)
    ✨ [新規SKU抽出] リキュール [リキュール] (米: 国産米, 精米: 非公開)
    ✨ [新規SKU抽出] 梅酒　乳酸菌でまろやか　2013年8月10日福井新聞 [リキュール] (米: 国産米, 精米: 非公開)
  👉 西岡河村酒造株式会社: 4 件の新規SKUを深層クローリングにより追加登録
[767/1376] 🏭 ID 5250: 株式会社吉田金右衛門商店 (福井県) - http://kumonoi.jp
    ✨ [新規SKU抽出] 当社の製品は全て純米酒でございます。 [純米酒] (米: 国産米, 精米: 非公開)
    ✨ [新規SKU抽出] 年末年始に向けて、純米大吟醸を発売予定です。 [純米大吟醸酒] (米: 国産米, 精米: 非公開)
    ✨ [新規SKU抽出] 生一本純米大吟醸 [純米大吟醸酒] (米: 国産米, 精米: 非公開)
    ✨ [新規SKU抽出] 大吟醸酒ならではの醍醐味を、お手頃な価格でご賞味いただきたい。 [大吟醸酒] (米: 国産米, 精米: 非公開)
    ✨ [新規SKU抽出] 東雲純米吟醸 [純米吟醸酒] (米: 国産米, 精米: 非公開)
    ✨ [新規SKU抽出] 白雲純米吟醸 [純米吟醸酒] (米: 国産米, 精米: 非公開)
    ✨ [新規SKU抽出] 越路（にごり酒）純米酒 [純米酒] (米: 国産米, 精米: 非公開)
    ✨ [新規SKU抽出] うららの雲乃井純米酒 [純米酒] (米: 国産米, 精米: 非公開)
    ✨ [新規SKU抽出] 福雲純米酒 [純米酒] (米: 国産米, 精米: 非公開)
    ✨ [新規SKU抽出] その原点回帰の思いを込めて、地元の水と米とで仕込んだ、手造りの純米酒です。 [純米酒] (米: 国産米, 精米: 非公開)
  👉 株式会社吉田金右衛門商店: 10 件の新規SKUを深層クローリングにより追加登録
[768/1376] 🏭 ID 5251: 力泉酒造有限会社 (福井県) - https://rikisen.com/
[769/1376] 🏭 ID 5252: 伊藤酒造合資会社 (福井県) - http://koshinotaka.jp/
    ✨ [新規SKU抽出] 辛口純米吟醸 [純米吟醸酒] (米: 国産米, 精米: 非公開)
  👉 伊藤酒造合資会社: 1 件の新規SKUを深層クローリングにより追加登録
[770/1376] 🏭 ID 5253: 久保田酒造合資会社 (福井県) - http://www.fukukoma.co.jp/
[771/1376] 🏭 ID 5255: 真名鶴酒造合資会社 (福井県) - http://www.manaturu.com/
[772/1376] 🏭 ID 5256: 株式会社南部酒造場 (福井県) - https://www.hanagaki.co.jp/
    ✨ [新規SKU抽出] 画像を読み込み中: 花垣 純米吟醸55% [純米吟醸酒] (米: 国産米, 精米: 55%)
    ✨ [新規SKU抽出] 花垣 純米吟醸55% [純米吟醸酒] (米: 国産米, 精米: 55%)
    ✨ [新規SKU抽出] 画像を読み込み中: 花垣 純米大吟醸 [純米大吟醸酒] (米: 国産米, 精米: 非公開)
    ✨ [新規SKU抽出] 花垣 純米大吟醸 [純米大吟醸酒] (米: 国産米, 精米: 非公開)
    ✨ [新規SKU抽出] 8月25日発売花垣 山廃本醸造生詰 秋あがり ~豊嬢のいろけ~ [本醸造酒] (米: 国産米, 精米: 非公開)
    ✨ [新規SKU抽出] 画像を読み込み中: 花垣 特撰大吟醸 [大吟醸酒] (米: 国産米, 精米: 非公開)
    ✨ [新規SKU抽出] 花垣 特撰大吟醸 [大吟醸酒] (米: 国産米, 精米: 非公開)
    ✨ [新規SKU抽出] 画像を読み込み中: 純米の梅酒 feel [純米酒] (米: 国産米, 精米: 非公開)
    ✨ [新規SKU抽出] 純米の梅酒 feel [純米酒] (米: 国産米, 精米: 非公開)
    ✨ [新規SKU抽出] 季節限定旨みあふれる生原酒2商品！ [普通酒] (米: 国産米, 精米: 非公開)
    ✨ [新規SKU抽出] 「Kura Master 2021」純米酒部門　プラチナ賞受賞酒！ [純米酒] (米: 国産米, 精米: 非公開)
  👉 株式会社南部酒造場: 11 件の新規SKUを深層クローリングにより追加登録
[773/1376] 🏭 ID 5257: 株式会社宇野酒造場 (福井県) - http://itinotani.co.jp
    ✨ [新規SKU抽出] 本醸造／普通酒 [本醸造酒] (米: 国産米, 精米: 非公開)
    ✨ [新規SKU抽出] 一乃谷 大吟醸 さかほまれ [大吟醸酒] (米: さかほまれ, 精米: 非公開)
    ✨ [新規SKU抽出] 限定大吟醸 二十代目 仁兵衛 [大吟醸酒] (米: 国産米, 精米: 非公開)
    ✨ [新規SKU抽出] 一乃谷 大吟醸 薫（かおり） [大吟醸酒] (米: 国産米, 精米: 非公開)
    ✨ [新規SKU抽出] 北陸の鑑評会用に丁寧にしぼった大吟醸酒。 [大吟醸酒] (米: 国産米, 精米: 非公開)
    ✨ [新規SKU抽出] 一乃谷 大吟醸 暁（あかつき） [大吟醸酒] (米: 国産米, 精米: 非公開)
    ✨ [新規SKU抽出] 本醸造　勝鬼 [本醸造酒] (米: 国産米, 精米: 非公開)
    ✨ [新規SKU抽出] 本醸造　にごり酒 [本醸造酒] (米: 国産米, 精米: 非公開)
    ✨ [新規SKU抽出] 純米酒　純 [純米酒] (米: 国産米, 精米: 非公開)
    ✨ [新規SKU抽出] 山廃仕込特別純米酒 [特別純米酒] (米: 国産米, 精米: 非公開)
    ✨ [新規SKU抽出] 純米大吟醸　稀覯（きこう） [純米大吟醸酒] (米: 国産米, 精米: 非公開)
    ✨ [新規SKU抽出] 大辛口純米酒 ＋10 [純米酒] (米: 国産米, 精米: 非公開)
    ✨ [新規SKU抽出] 斗瓶中取り 大吟醸 暁 生原酒 [大吟醸酒] (米: 国産米, 精米: 非公開)
    ✨ [新規SKU抽出] 本醸造しぼりたて [本醸造酒] (米: 国産米, 精米: 非公開)
    ✨ [新規SKU抽出] 別誂　山廃仕込特別純米生原酒 [特別純米酒] (米: 国産米, 精米: 非公開)
    ✨ [新規SKU抽出] 秋あがり　山廃仕込特別純米酒 [特別純米酒] (米: 国産米, 精米: 非公開)
    ✨ [新規SKU抽出] 2026.04.20　2026 金沢国税局酒類鑑評会 吟醸の部 優等賞受賞 [吟醸酒] (米: 国産米, 精米: 非公開)
    ✨ [新規SKU抽出] 大吟醸を造るに適した、最高級酒造好適米・山田錦を使いはじめて30数年。 [大吟醸酒] (米: 山田錦, 精米: 非公開)
  👉 株式会社宇野酒造場: 18 件の新規SKUを深層クローリングにより追加登録
[774/1376] 🏭 ID 5258: 源平酒造株式会社 (福井県) - https://www.genpeishuzo.com/
[775/1376] 🏭 ID 5259: 株式会社一本義久保本店 (福井県) - http://www.ippongi.co.jp
    ✨ [新規SKU抽出] 焼酎｜梅酒 [リキュール] (米: 国産米, 精米: 非公開)
    ✨ [新規SKU抽出] 辛爽系 純米吟醸 [純米吟醸酒] (米: 国産米, 精米: 非公開)
    ✨ [新規SKU抽出] 辛口 純米酒 [純米酒] (米: 国産米, 精米: 非公開)
    ✨ [新規SKU抽出] 限定仕込 純米大吟醸 [純米大吟醸酒] (米: 国産米, 精米: 非公開)
    ✨ [新規SKU抽出] 冬のにごり酒 [普通酒] (米: 国産米, 精米: 非公開)
    ✨ [新規SKU抽出] 凜 純米大吟醸 [純米大吟醸酒] (米: 国産米, 精米: 非公開)
    ✨ [新規SKU抽出] 雪 純米吟醸 [純米吟醸酒] (米: 国産米, 精米: 非公開)
    ✨ [新規SKU抽出] 稲 純米酒 [純米酒] (米: 国産米, 精米: 非公開)
    ✨ [新規SKU抽出] 冬 しぼりたて生酒 [普通酒] (米: 国産米, 精米: 非公開)
    ✨ [新規SKU抽出] こだわりの焼酎とリキュール。 [リキュール] (米: 国産米, 精米: 非公開)
    ✨ [新規SKU抽出] 純米吟醸酒（無濾過・一度火） [純米吟醸酒] (米: 国産米, 精米: 非公開)
    ✨ [新規SKU抽出] Kura Master大吟醸部門　金賞2回 [大吟醸酒] (米: 国産米, 精米: 非公開)
    ✨ [新規SKU抽出] 純米大吟醸（生酒） [純米大吟醸酒] (米: 国産米, 精米: 非公開)
    ✨ [新規SKU抽出] 特別純米酒（長期熟成酒） [特別純米酒] (米: 国産米, 精米: 非公開)
    ✨ [新規SKU抽出] 原材料　「越の雫」を使用した純米大吟醸酒粕100％使用 [純米大吟醸酒] (米: 国産米, 精米: 非公開)
  👉 株式会社一本義久保本店: 15 件の新規SKUを深層クローリングにより追加登録
[776/1376] 🏭 ID 5260: 片山酒造株式会社 (福井県) - http://sake-kansai.com/
[777/1376] 🏭 ID 5262: 畠山酒造株式会社 (福井県) - http://yukikirara.co.jp
    ✨ [新規SKU抽出] 大吟醸・純米大吟醸 [純米大吟醸酒] (米: 国産米, 精米: 非公開)
    ✨ [新規SKU抽出] 純米大吟醸 さかほまれ [純米大吟醸酒] (米: さかほまれ, 精米: 非公開)
    ✨ [新規SKU抽出] 大吟醸　雪きらら [大吟醸酒] (米: 国産米, 精米: 非公開)
    ✨ [新規SKU抽出] 大吟醸　雪のしずく [大吟醸酒] (米: 国産米, 精米: 非公開)
    ✨ [新規SKU抽出] 純米大吟醸無濾過原酒智慧の水 [純米大吟醸酒] (米: 国産米, 精米: 非公開)
    ✨ [新規SKU抽出] 純米大吟醸 智慧の水 [純米大吟醸酒] (米: 国産米, 精米: 非公開)
    ✨ [新規SKU抽出] 純米・純米吟醸 [純米吟醸酒] (米: 国産米, 精米: 非公開)
    ✨ [新規SKU抽出] 山廃純米 辛口 [純米酒] (米: 国産米, 精米: 非公開)
    ✨ [新規SKU抽出] 普通酒・リキュール [リキュール] (米: 国産米, 精米: 非公開)
    ✨ [新規SKU抽出] リキュール 梅酒 [リキュール] (米: 国産米, 精米: 非公開)
    ✨ [新規SKU抽出] 河野の梅を使用した梅酒。ほどよい甘さで後味すっきりの人気商品です。 [リキュール] (米: 国産米, 精米: 非公開)
    ✨ [新規SKU抽出] 冬季限定 純米大吟醸無濾過生原酒 斗瓶囲いさかほまれ [純米大吟醸酒] (米: さかほまれ, 精米: 非公開)
    ✨ [新規SKU抽出] 夏季限定夏の純米吟醸 [純米吟醸酒] (米: 国産米, 精米: 非公開)
    ✨ [新規SKU抽出] 純米酒に夏らしい軽やかさをプラスした暑い夏にぴったりの一本です。 [純米酒] (米: 国産米, 精米: 非公開)
    ✨ [新規SKU抽出] 秋季限定ひやおろし [普通酒] (米: 国産米, 精米: 非公開)
    ✨ [新規SKU抽出] 寒中に珠玉の雫酒。コクがありほんのり甘いにごり酒です。 [普通酒] (米: 国産米, 精米: 非公開)
  👉 畠山酒造株式会社: 16 件の新規SKUを深層クローリングにより追加登録
[778/1376] 🏭 ID 5263: 合資会社加藤吉平商店 (福井県) - https://www.born.jp/
[779/1376] 🏭 ID 5264: 豊酒造株式会社 (福井県) - https://www.yutaka-shuzou.com/
[780/1376] 🏭 ID 5265: 朝日酒造株式会社 (福井県) - https://www.asahi-shuzo.co.jp/
[781/1376] 🏭 ID 5266: 丹生酒造株式会社 (福井県) - https://www.asukai1716.com/
    ✨ [新規SKU抽出] 飛鳥井　純米大吟醸 [純米大吟醸酒] (米: 国産米, 精米: 非公開)
    ✨ [新規SKU抽出] 飛鳥井 さかほまれ大吟醸 [大吟醸酒] (米: さかほまれ, 精米: 非公開)
    ✨ [新規SKU抽出] 飛鳥井　純米吟醸 [純米吟醸酒] (米: 国産米, 精米: 非公開)
    ✨ [新規SKU抽出] 飛鳥井　特別純米 [特別純米酒] (米: 国産米, 精米: 非公開)
    ✨ [新規SKU抽出] 飛鳥井　本醸造 [本醸造酒] (米: 国産米, 精米: 非公開)
    ✨ [新規SKU抽出] 杜氏自ら酒米九頭竜を栽培し酒蔵に持ち込み、昔ながらの生酛づくりにて醸しました。 [普通酒] (米: 国産米, 精米: 非公開)
    ✨ [新規SKU抽出] 約半年蔵内タンク貯蔵により、熟成され旨みののったひやおろし。 [普通酒] (米: 国産米, 精米: 非公開)
    ✨ [新規SKU抽出] 本醸造しぼりたて [本醸造酒] (米: 国産米, 精米: 非公開)
    ✨ [新規SKU抽出] 無濾過生原酒 [普通酒] (米: 国産米, 精米: 非公開)
    ✨ [新規SKU抽出] 純米大吟醸酒 [純米大吟醸酒] (米: 国産米, 精米: 非公開)
    ✨ [新規SKU抽出] 精米歩合 40%　無濾過生原酒は45％ [普通酒] (米: 国産米, 精米: 40%)
    ✨ [新規SKU抽出] アルコール分 無濾過生原酒(白瓶)　16度以上17度未満 [普通酒] (米: 国産米, 精米: 非公開)
    ✨ [新規SKU抽出] 日本酒度 火入れ酒＋1　無濾過生原酒+3 [普通酒] (米: 国産米, 精米: 非公開)
    ✨ [新規SKU抽出] 純米大吟醸 さくら鞠子(まりこ) [純米大吟醸酒] (米: 国産米, 精米: 非公開)
    ✨ [新規SKU抽出] 精米歩合 40%  しぼりたて無濾過生原酒は45％ [普通酒] (米: 国産米, 精米: 40%)
    ✨ [新規SKU抽出] アルコール分 無濾過生原酒(白瓶)16度以上17度未満 [普通酒] (米: 国産米, 精米: 非公開)
    ✨ [新規SKU抽出] 純米大吟醸 さくら鞠子(まりこ) 箱入ギフト [純米大吟醸酒] (米: 国産米, 精米: 非公開)
    ✨ [新規SKU抽出] R５BY　　　　　　　　　　純米大吟醸　　　　　　　無濾過原酒 [純米大吟醸酒] (米: 国産米, 精米: 非公開)
    ✨ [新規SKU抽出] 純米大吟醸化粧箱入1800ｍl    ￥7,400 [純米大吟醸酒] (米: 国産米, 精米: 非公開)
    ✨ [新規SKU抽出] R６BY　　　　　　　　　さかほまれ大吟醸　　　　　無濾過原酒 [大吟醸酒] (米: さかほまれ, 精米: 非公開)
    ✨ [新規SKU抽出] 大吟醸化粧箱入 [大吟醸酒] (米: 国産米, 精米: 非公開)
    ✨ [新規SKU抽出] 大吟醸オリジナル化粧箱入720㎖    ￥3,700 [大吟醸酒] (米: 国産米, 精米: 非公開)
    ✨ [新規SKU抽出] R６BY　　　　　　　　純米吟醸 　五百万石 [純米吟醸酒] (米: 五百万石, 精米: 非公開)
    ✨ [新規SKU抽出] 純米吟醸化粧箱入 [純米吟醸酒] (米: 国産米, 精米: 非公開)
    ✨ [新規SKU抽出] R7BY　　　　　　　純米酒 [純米酒] (米: 国産米, 精米: 非公開)
    ✨ [新規SKU抽出] 特別純米酒は終売となりました。令和７年度より純米酒として提供いたします。 [特別純米酒] (米: 国産米, 精米: 非公開)
    ✨ [新規SKU抽出] R６BY　　　　　　　本醸造 [本醸造酒] (米: 国産米, 精米: 非公開)
    ✨ [新規SKU抽出] 酵母の気のむくまま自然にまかせて醸した特別な純米酒です。 [純米酒] (米: 国産米, 精米: 非公開)
    ✨ [新規SKU抽出] Ｒ７ＢＹ　しぼりたて [普通酒] (米: 国産米, 精米: 非公開)
    ✨ [新規SKU抽出] 穏やかな吟醸香とすっきりとした [吟醸酒] (米: 国産米, 精米: 非公開)
    ✨ [新規SKU抽出] 特別純米生酒セット [特別純米酒] (米: 国産米, 精米: 非公開)
    ✨ [新規SKU抽出] 気楽にたっぷりセット(純米・本醸造)1800ｍl×2    ￥5,730 [本醸造酒] (米: 国産米, 精米: 非公開)
    ✨ [新規SKU抽出] 酔いくらべセット(純米大・純米・本醸造)720ｍl×3    ￥6,950 [本醸造酒] (米: 国産米, 精米: 非公開)
    ✨ [新規SKU抽出] 酔いくらべセット(さかほまれ大吟醸・純米・本醸造)720ｍl×3    ￥6,400 [大吟醸酒] (米: さかほまれ, 精米: 非公開)
    ✨ [新規SKU抽出] 純米吟醸・本醸造セット720ｍl×2    ￥3,270 [純米吟醸酒] (米: 国産米, 精米: 非公開)
    ✨ [新規SKU抽出] 越前焼徳利入純米酒 [純米酒] (米: 国産米, 精米: 非公開)
    ✨ [新規SKU抽出] 越前焼徳利入純米酒250ｍl　茶色    ￥2,200 [純米酒] (米: 国産米, 精米: 非公開)
    ✨ [新規SKU抽出] 越前焼徳利入純米酒250mi　青    ￥2,200 [純米酒] (米: 国産米, 精米: 非公開)
  👉 丹生酒造株式会社: 38 件の新規SKUを深層クローリングにより追加登録
[782/1376] 🏭 ID 5267: 鳥浜酒造株式会社 (福井県) - http://www.torihama.jp/
    ✨ [新規SKU抽出] 瓶の色がグリーンに変わりました！令和8年の生原酒発売！ [普通酒] (米: 国産米, 精米: 非公開)
    ✨ [新規SKU抽出] 鳥浜純米吟醸720 [純米吟醸酒] (米: 国産米, 精米: 非公開)
    ✨ [新規SKU抽出] 絞りたて生原酒 [普通酒] (米: 国産米, 精米: 非公開)
    ✨ [新規SKU抽出] 鳥浜大吟醸 [大吟醸酒] (米: 国産米, 精米: 非公開)
    ✨ [新規SKU抽出] 鳥浜純米吟醸 [純米吟醸酒] (米: 国産米, 精米: 非公開)
    ✨ [新規SKU抽出] 鳥浜純米酒 [純米酒] (米: 国産米, 精米: 非公開)
    ✨ [新規SKU抽出] 鳥浜純米大吟醸 [純米大吟醸酒] (米: 国産米, 精米: 非公開)
    ✨ [新規SKU抽出] 新しい酒米「さかほまれ」で仕込んだ弊社初めての純米大吟醸 [純米大吟醸酒] (米: さかほまれ, 精米: 非公開)
    ✨ [新規SKU抽出] 代表的な酒米のひとつ「五百万石」を、吟醸酒規格の60％まで磨いて仕込んだ純米酒。 [吟醸酒] (米: 五百万石, 精米: 非公開)
    ✨ [新規SKU抽出] 鳥浜純米吟醸酒 [純米吟醸酒] (米: 国産米, 精米: 非公開)
    ✨ [新規SKU抽出] 鳥浜純米大吟醸酒 [純米大吟醸酒] (米: 国産米, 精米: 非公開)
    ✨ [新規SKU抽出] 令和6年度の生原酒の販売が始まりました。 [普通酒] (米: 国産米, 精米: 非公開)
  👉 鳥浜酒造株式会社: 12 件の新規SKUを深層クローリングにより追加登録
[783/1376] 🏭 ID 5502: 愛友酒造株式会社 (茨城県) - http://www.aiyu-sake.jp
    ✨ [新規SKU抽出] 2026/7/23の茨城新聞に純米酒「御船祭」発売の記事が掲... [純米酒] (米: 国産米, 精米: 非公開)
    ✨ [新規SKU抽出] #愛友酒造 #御船祭 #鹿島神宮 #酒 #純米酒 [純米酒] (米: 国産米, 精米: 非公開)
    ✨ [新規SKU抽出] 茨城県潮来市で造られる純米大吟醸は、地域特有の風土と卓越した技術から生まれる独… [純米大吟醸酒] (米: 国産米, 精米: 非公開)
    ✨ [新規SKU抽出] 愛友酒造の直売店では特別純米酒「夏・純米」の販売が始まりまし... [特別純米酒] (米: 国産米, 精米: 非公開)
    ✨ [新規SKU抽出] 大吟醸の生酒が生詰に変わりました‼️ [大吟醸酒] (米: 国産米, 精米: 非公開)
    ✨ [新規SKU抽出] 茨城をギュギュッと詰めた！特別純米「春の生酒」３/３(月)より期間限定発売 [特別純米酒] (米: 国産米, 精米: 非公開)
    ✨ [新規SKU抽出] 大吟醸の仕込みの様子をご紹介いただきました。 [大吟醸酒] (米: 国産米, 精米: 非公開)
    ✨ [新規SKU抽出] #愛友酒造 #純米酒 #純米原酒 #日本酒 #sake [純米酒] (米: 国産米, 精米: 非公開)
  👉 愛友酒造株式会社: 8 件の新規SKUを深層クローリングにより追加登録
[784/1376] 🏭 ID 5505: 株式会社田中酒造店 (茨城県) - http://www.kimibandai.sake-ten.jp/
    ✨ [新規SKU抽出] 君萬代「大吟醸酒」をたっぷり使い [大吟醸酒] (米: 国産米, 精米: 非公開)
    ✨ [新規SKU抽出] 日本酒ベースのリキュールです。 [リキュール] (米: 国産米, 精米: 非公開)
    ✨ [新規SKU抽出] 梅清酒リキュール [リキュール] (米: 国産米, 精米: 非公開)
    ✨ [新規SKU抽出] 梅清酒ベースのリキュールです。 [リキュール] (米: 国産米, 精米: 非公開)
  👉 株式会社田中酒造店: 4 件の新規SKUを深層クローリングにより追加登録
[785/1376] 🏭 ID 5506: 青木酒造株式会社 (茨城県) - http://www.aokishuzou.com/
[786/1376] 🏭 ID 5507: 萩原酒造株式会社 (茨城県) - http://www.tokumasamune.com/hp_kuramotosyoukai.htm
[787/1376] 🏭 ID 5508: 株式会社武勇 (茨城県) - http://www.buyu.jp/
    ✨ [新規SKU抽出] 武勇　純米大吟醸　TEN　新商品　発売開始 [純米大吟醸酒] (米: 国産米, 精米: 非公開)
    ✨ [新規SKU抽出] 純米吟醸部門において SILVER（武勇 純米吟醸 山田錦） [純米吟醸酒] (米: 山田錦, 精米: 非公開)
    ✨ [新規SKU抽出] 純米吟醸部門において BRONZE（武勇 純米吟醸 山田錦 雷） [純米吟醸酒] (米: 山田錦, 精米: 非公開)
    ✨ [新規SKU抽出] 純米大吟醸部門において SILVER（武勇 純米大吟醸 KAZE） [純米大吟醸酒] (米: 国産米, 精米: 非公開)
    ✨ [新規SKU抽出] 武勇　大吟醸 [大吟醸酒] (米: 国産米, 精米: 非公開)
    ✨ [新規SKU抽出] 武勇 大吟醸 [大吟醸酒] (米: 国産米, 精米: 非公開)
    ✨ [新規SKU抽出] 武勇　純米大吟醸　道春 [純米大吟醸酒] (米: 国産米, 精米: 非公開)
    ✨ [新規SKU抽出] 武勇 純米大吟醸 道春 [純米大吟醸酒] (米: 国産米, 精米: 非公開)
    ✨ [新規SKU抽出] 大吟醸と同等の厳選された山田錦を40％まで特別に精米し寒中に仕込んだお酒です。 [大吟醸酒] (米: 山田錦, 精米: 非公開)
    ✨ [新規SKU抽出] 武勇　吟醸 [吟醸酒] (米: 国産米, 精米: 非公開)
    ✨ [新規SKU抽出] 武勇 吟醸 [吟醸酒] (米: 国産米, 精米: 非公開)
    ✨ [新規SKU抽出] 純米吟醸　なごやか [純米吟醸酒] (米: 国産米, 精米: 非公開)
    ✨ [新規SKU抽出] 純米吟醸 なごやか [純米吟醸酒] (米: 国産米, 精米: 非公開)
    ✨ [新規SKU抽出] しぼりたて 純米吟醸 [純米吟醸酒] (米: 国産米, 精米: 非公開)
    ✨ [新規SKU抽出] 酒蔵吟醸（酒吟） [吟醸酒] (米: 国産米, 精米: 非公開)
    ✨ [新規SKU抽出] 本醸造（黒ラベル） [本醸造酒] (米: 国産米, 精米: 非公開)
    ✨ [新規SKU抽出] すっきりとした味わいの辛口本醸造です。 [本醸造酒] (米: 国産米, 精米: 非公開)
    ✨ [新規SKU抽出] 五百万石を使用しているのでライトな綺麗なタイプで、オーソドックスな本醸造です。 [本醸造酒] (米: 五百万石, 精米: 非公開)
    ✨ [新規SKU抽出] 本醸造（白ラベル） [本醸造酒] (米: 国産米, 精米: 非公開)
    ✨ [新規SKU抽出] 山田錦を50％使用した贅沢な本醸造です。 [本醸造酒] (米: 山田錦, 精米: 非公開)
    ✨ [新規SKU抽出] 武勇 超辛口生酛純米酒 +10 [純米酒] (米: 国産米, 精米: 非公開)
    ✨ [新規SKU抽出] 武勇 山田錦 生酛 純米酒 [純米酒] (米: 山田錦, 精米: 非公開)
    ✨ [新規SKU抽出] 武勇 ひたち錦 生酛 純米吟醸 [純米吟醸酒] (米: 国産米, 精米: 非公開)
    ✨ [新規SKU抽出] 武勇 純米吟醸 山田錦 黒ラベル 壜火入 [純米吟醸酒] (米: 山田錦, 精米: 非公開)
    ✨ [新規SKU抽出] 武勇 特別本醸造 山田錦 原酒壜火入 小川酵母仕込 [特別本醸造酒] (米: 山田錦, 精米: 非公開)
    ✨ [新規SKU抽出] 武勇 純米大吟醸 山田錦 小川酵母仕込み [純米大吟醸酒] (米: 山田錦, 精米: 非公開)
    ✨ [新規SKU抽出] 上品なにごり酒として酸味と甘みを伴いバランスよく楽しめます [普通酒] (米: 国産米, 精米: 非公開)
    ✨ [新規SKU抽出] 贅沢な純米吟醸の生酒を使用した樽酒。 [純米吟醸酒] (米: 国産米, 精米: 非公開)
  👉 株式会社武勇: 28 件の新規SKUを深層クローリングにより追加登録
[788/1376] 🏭 ID 5509: 株式会社山中酒造店 (茨城県) - http://www.hitorimusume.co.jp
    ✨ [新規SKU抽出] 一人娘 ワイン酵母仕込みの特別純米酒 [特別純米酒] (米: 国産米, 精米: 非公開)
    ✨ [新規SKU抽出] 特別純米花ことば入り [特別純米酒] (米: 国産米, 精米: 非公開)
    ✨ [新規SKU抽出] オリジナル名入れラベル 一人娘 純米吟醸 [純米吟醸酒] (米: 国産米, 精米: 非公開)
    ✨ [新規SKU抽出] 自然派梅酒 [リキュール] (米: 国産米, 精米: 非公開)
    ✨ [新規SKU抽出] 一人娘 自然派梅酒 [リキュール] (米: 国産米, 精米: 非公開)
    ✨ [新規SKU抽出] 和歌山県産完熟南高梅使用。香り豊かな濃厚梅酒 [リキュール] (米: 国産米, 精米: 非公開)
    ✨ [新規SKU抽出] 特別純米酒 夏守（火入れ） [特別純米酒] (米: 国産米, 精米: 非公開)
    ✨ [新規SKU抽出] 今年の夏守は初夏のしぼりたて。期間限定 [普通酒] (米: 国産米, 精米: 非公開)
    ✨ [新規SKU抽出] しぼりたての新酒即ビン火入れ [普通酒] (米: 国産米, 精米: 非公開)
    ✨ [新規SKU抽出] 期間限定 一人娘 純米ひやおろし [純米酒] (米: 国産米, 精米: 非公開)
    ✨ [新規SKU抽出] 純米大吟醸酒 一人娘 純米大吟醸中取り原酒 壱ツ火 [純米大吟醸酒] (米: 国産米, 精米: 非公開)
    ✨ [新規SKU抽出] 一人娘 純米大吟醸中取り原酒 壱ツ火 [純米大吟醸酒] (米: 国産米, 精米: 非公開)
    ✨ [新規SKU抽出] 数量限定最高級大吟醸酒のしぼりたてビン詰め [大吟醸酒] (米: 国産米, 精米: 非公開)
    ✨ [新規SKU抽出] ワイン酵母仕込みの特別純米酒 [特別純米酒] (米: 国産米, 精米: 非公開)
    ✨ [新規SKU抽出] 一人娘 特別純米 [特別純米酒] (米: 国産米, 精米: 非公開)
    ✨ [新規SKU抽出] 一人娘 特別純米 花ことば入り [特別純米酒] (米: 国産米, 精米: 非公開)
    ✨ [新規SKU抽出] 一人娘 純米酒 扇 [純米酒] (米: 国産米, 精米: 非公開)
    ✨ [新規SKU抽出] 初搾り(本醸造無濾過生酒) [本醸造酒] (米: 国産米, 精米: 非公開)
    ✨ [新規SKU抽出] しぼりたての無ろ過生酒 [普通酒] (米: 国産米, 精米: 非公開)
    ✨ [新規SKU抽出] 一人娘 本醸造 黒缶 [本醸造酒] (米: 国産米, 精米: 非公開)
    ✨ [新規SKU抽出] 一人娘 本醸造黒缶 [本醸造酒] (米: 国産米, 精米: 非公開)
    ✨ [新規SKU抽出] ワイン酵母仕込み純米酒（熟成） [純米酒] (米: 国産米, 精米: 非公開)
    ✨ [新規SKU抽出] 一人娘 ワイン酵母仕込み純米酒（熟成） [純米酒] (米: 国産米, 精米: 非公開)
    ✨ [新規SKU抽出] 一人娘本醸造酒及び純米酒の酒粕 [本醸造酒] (米: 国産米, 精米: 非公開)
    ✨ [新規SKU抽出] 樽入りの本醸造。一升樽。パーティにおすすめ！ [本醸造酒] (米: 国産米, 精米: 非公開)
    ✨ [新規SKU抽出] 樽入りの本醸造。小さくて可愛い樽酒です。インテリアにも！ [本醸造酒] (米: 国産米, 精米: 非公開)
    ✨ [新規SKU抽出] 一人娘 特別本醸造 [特別本醸造酒] (米: 国産米, 精米: 非公開)
  👉 株式会社山中酒造店: 27 件の新規SKUを深層クローリングにより追加登録
[789/1376] 🏭 ID 5510: 野村醸造株式会社 (茨城県) - http://www.tsumugibijin.co.jp
[790/1376] 🏭 ID 5511: 株式会社竹村酒造店 (茨城県) - http://takemurashuzou.com/
    ✨ [新規SKU抽出] 本醸造／生貯蔵 [本醸造酒] (米: 国産米, 精米: 非公開)
    ✨ [新規SKU抽出] 京の夢　大吟醸 [大吟醸酒] (米: 国産米, 精米: 非公開)
    ✨ [新規SKU抽出] 瑠璃　大吟醸 [大吟醸酒] (米: 国産米, 精米: 非公開)
    ✨ [新規SKU抽出] 京の夢　純米吟醸 [純米吟醸酒] (米: 国産米, 精米: 非公開)
    ✨ [新規SKU抽出] 瑠璃　純米吟醸 [純米吟醸酒] (米: 国産米, 精米: 非公開)
    ✨ [新規SKU抽出] 京の夢　純米酒 [純米酒] (米: 国産米, 精米: 非公開)
    ✨ [新規SKU抽出] 瑠璃　純米酒 [純米酒] (米: 国産米, 精米: 非公開)
    ✨ [新規SKU抽出] やわら三万石　純米酒 [純米酒] (米: 国産米, 精米: 非公開)
    ✨ [新規SKU抽出] 京の夢　本醸造　生貯蔵 [本醸造酒] (米: 国産米, 精米: 非公開)
    ✨ [新規SKU抽出] 富士龍　本醸造 [本醸造酒] (米: 国産米, 精米: 非公開)
    ✨ [新規SKU抽出] 冬季限定活生原酒　京の夢　上澄 [普通酒] (米: 国産米, 精米: 非公開)
  👉 株式会社竹村酒造店: 11 件の新規SKUを深層クローリングにより追加登録
[791/1376] 🏭 ID 5512: 結城酒造株式会社 (茨城県) - http://www.yuki-sake.com
    ✨ [新規SKU抽出] 旨い日本酒と泡盛 [泡盛] (米: 国産米, 精米: 非公開)
  👉 結城酒造株式会社: 1 件の新規SKUを深層クローリングにより追加登録
[792/1376] 🏭 ID 5513: 須藤本家株式会社 (茨城県) - http://www.sudohonke.co.jp
    ✨ [新規SKU抽出] 生酛純米大吟醸酒 [純米大吟醸酒] (米: 国産米, 精米: 非公開)
    ✨ [新規SKU抽出] 生酛純米 [純米酒] (米: 国産米, 精米: 非公開)
    ✨ [新規SKU抽出] 大吟醸酒 [大吟醸酒] (米: 国産米, 精米: 非公開)
    ✨ [新規SKU抽出] 純米大吟醸酒 [純米大吟醸酒] (米: 国産米, 精米: 非公開)
    ✨ [新規SKU抽出] 郷乃譽 生酛 純米大吟醸酒 [純米大吟醸酒] (米: 国産米, 精米: 非公開)
    ✨ [新規SKU抽出] 純米大吟醸酒 樽酒 吉兆の舞 [純米大吟醸酒] (米: 国産米, 精米: 非公開)
    ✨ [新規SKU抽出] 純米大吟醸酒 郷乃譽(赤ラベル) [純米大吟醸酒] (米: 国産米, 精米: 非公開)
    ✨ [新規SKU抽出] 純米大吟醸酒 山渡 [純米大吟醸酒] (米: 国産米, 精米: 非公開)
    ✨ [新規SKU抽出] 純米大吟醸酒 花薫光 [純米大吟醸酒] (米: 国産米, 精米: 非公開)
    ✨ [新規SKU抽出] IWC Gold 郷乃譽(純米吟醸) 火入 [純米吟醸酒] (米: 国産米, 精米: 非公開)
    ✨ [新規SKU抽出] High Commended 郷乃譽生酛純米吟醸酒 火入 [純米吟醸酒] (米: 国産米, 精米: 非公開)
    ✨ [新規SKU抽出] IWC Gold 霞山(純米吟醸) 木桶仕込 無濾過2003 [純米吟醸酒] (米: 国産米, 精米: 非公開)
    ✨ [新規SKU抽出] IWC Commended 純米大吟醸酒 郷乃譽 無濾過・生々 [純米大吟醸酒] (米: 国産米, 精米: 非公開)
    ✨ [新規SKU抽出] 総理官邸 賓客用 採用 純米大吟醸酒 花薫光 無濾過・生々 [純米大吟醸酒] (米: 国産米, 精米: 非公開)
    ✨ [新規SKU抽出] 伊勢志摩サミット 安部総理夫人主催夕食会 採用 純米大吟醸酒 花薫光 無濾過・生々 [純米大吟醸酒] (米: 国産米, 精米: 非公開)
  👉 須藤本家株式会社: 15 件の新規SKUを深層クローリングにより追加登録
[793/1376] 🏭 ID 5514: 株式会社笹目宗兵衛商店 (茨城県) - http://www.matsumidori.com
    ✨ [新規SKU抽出] 季節の酒　にごり酒 [普通酒] (米: 国産米, 精米: 非公開)
    ✨ [新規SKU抽出] 特別純米酒ふなくち [特別純米酒] (米: 国産米, 精米: 非公開)
    ✨ [新規SKU抽出] 特別本醸造ふなくち [特別本醸造酒] (米: 国産米, 精米: 非公開)
    ✨ [新規SKU抽出] 特別純米酒ひやおろし [特別純米酒] (米: 国産米, 精米: 非公開)
    ✨ [新規SKU抽出] 特別本醸造ひやおろし [特別本醸造酒] (米: 国産米, 精米: 非公開)
    ✨ [新規SKU抽出] 冬季限定　にごり酒 [普通酒] (米: 国産米, 精米: 非公開)
    ✨ [新規SKU抽出] にごり酒の販売が12月13日より始まります [普通酒] (米: 国産米, 精米: 非公開)
    ✨ [新規SKU抽出] 9月13日からひやおろしの販売始まります [普通酒] (米: 国産米, 精米: 非公開)
    ✨ [新規SKU抽出] 松緑 にごり酒｜笠間稲荷のご神酒 二波山松緑醸造元 笹目宗兵衛商店 [普通酒] (米: 国産米, 精米: 非公開)
    ✨ [新規SKU抽出] 二波山 松緑 にごり酒 [普通酒] (米: 国産米, 精米: 非公開)
    ✨ [新規SKU抽出] にごり酒としては、クセが無く、落ち着いており、上品な味わい。 [普通酒] (米: 国産米, 精米: 非公開)
    ✨ [新規SKU抽出] にごり酒としては、上品でスマート。 [普通酒] (米: 国産米, 精米: 非公開)
    ✨ [新規SKU抽出] 二波山 松緑 大吟醸 [大吟醸酒] (米: 国産米, 精米: 非公開)
    ✨ [新規SKU抽出] 松緑 大吟醸 [大吟醸酒] (米: 国産米, 精米: 非公開)
    ✨ [新規SKU抽出] 二波山 松緑 純米吟醸 [純米吟醸酒] (米: 国産米, 精米: 非公開)
    ✨ [新規SKU抽出] 松緑 純米吟醸 [純米吟醸酒] (米: 国産米, 精米: 非公開)
    ✨ [新規SKU抽出] 二波山 松緑 特別純米酒 [特別純米酒] (米: 国産米, 精米: 非公開)
    ✨ [新規SKU抽出] 松緑 特別純米酒 [特別純米酒] (米: 国産米, 精米: 非公開)
    ✨ [新規SKU抽出] 二波山 松緑 特別本醸造 [特別本醸造酒] (米: 国産米, 精米: 非公開)
    ✨ [新規SKU抽出] 松緑 特別本醸造 [特別本醸造酒] (米: 国産米, 精米: 非公開)
    ✨ [新規SKU抽出] 松緑 にごり酒 [普通酒] (米: 国産米, 精米: 非公開)
    ✨ [新規SKU抽出] 二波山 松緑 特別純米酒 ふなくち [特別純米酒] (米: 国産米, 精米: 非公開)
    ✨ [新規SKU抽出] 松緑 特別純米酒 ふなくち [特別純米酒] (米: 国産米, 精米: 非公開)
    ✨ [新規SKU抽出] 二波山 松緑 特別本醸造ふなくち [特別本醸造酒] (米: 国産米, 精米: 非公開)
    ✨ [新規SKU抽出] 松緑 特別本醸造 ふなくち [特別本醸造酒] (米: 国産米, 精米: 非公開)
    ✨ [新規SKU抽出] 二波山 松緑 特別純米酒ひやおろし [特別純米酒] (米: 国産米, 精米: 非公開)
    ✨ [新規SKU抽出] 松緑 特別純米酒 ひやおろし [特別純米酒] (米: 国産米, 精米: 非公開)
    ✨ [新規SKU抽出] 二波山 松緑 特別本醸造 ひやおろし [特別本醸造酒] (米: 国産米, 精米: 非公開)
    ✨ [新規SKU抽出] 松緑 特別本醸造 ひやおろし [特別本醸造酒] (米: 国産米, 精米: 非公開)
  👉 株式会社笹目宗兵衛商店: 29 件の新規SKUを深層クローリングにより追加登録
[794/1376] 🏭 ID 5515: 磯蔵酒造有限会社 (茨城県) - http://isokura.jp
    ✨ [新規SKU抽出] 稲里 純米吟醸 [純米吟醸酒] (米: 国産米, 精米: 非公開)
    ✨ [新規SKU抽出] 伝統純米酒をちょっとおめかし 上品な酸味が「洋食にも◎」 [純米酒] (米: 国産米, 精米: 非公開)
    ✨ [新規SKU抽出] 稲里 純米大吟醸 日々是好日 [純米大吟醸酒] (米: 国産米, 精米: 非公開)
    ✨ [新規SKU抽出] 稲里 純米大吟醸 [純米大吟醸酒] (米: 国産米, 精米: 非公開)
    ✨ [新規SKU抽出] 稲里 純米大吟醸 天壌無窮 [純米大吟醸酒] (米: 国産米, 精米: 非公開)
    ✨ [新規SKU抽出] 稲里 大吟醸 搾りたて生 [大吟醸酒] (米: 国産米, 精米: 非公開)
    ✨ [新規SKU抽出] 稲里 大吟醸 五百万石 [大吟醸酒] (米: 五百万石, 精米: 非公開)
    ✨ [新規SKU抽出] 稲里 にごり酒 [普通酒] (米: 国産米, 精米: 非公開)
    ✨ [新規SKU抽出] あふれる旨味と爽やかな口当たり 「にごり酒は苦手」という貴方に [普通酒] (米: 国産米, 精米: 非公開)
  👉 磯蔵酒造有限会社: 9 件の新規SKUを深層クローリングにより追加登録
[795/1376] 🏭 ID 5516: 廣瀬酒造株式会社 (茨城県) - http://www.shiragiku-shuzou.co.jp
[796/1376] 🏭 ID 5517: 府中誉株式会社 (茨城県) - http://www.huchuhomare.com
    ✨ [新規SKU抽出] 純米焼酎 [純米酒] (米: 国産米, 精米: 非公開)
    ✨ [新規SKU抽出] 渡舟 純米大吟醸 [純米大吟醸酒] (米: 国産米, 精米: 非公開)
    ✨ [新規SKU抽出] 35％精白の純米大吟醸。 [純米大吟醸酒] (米: 国産米, 精米: 非公開)
    ✨ [新規SKU抽出] 渡舟 大吟醸 [大吟醸酒] (米: 国産米, 精米: 非公開)
    ✨ [新規SKU抽出] 優しくエレガントな味わいの大吟醸です。 [大吟醸酒] (米: 国産米, 精米: 非公開)
    ✨ [新規SKU抽出] 渡舟 純米吟醸　無濾過原酒 [純米吟醸酒] (米: 国産米, 精米: 非公開)
    ✨ [新規SKU抽出] 渡舟 純米吟醸ふなしぼり [純米吟醸酒] (米: 国産米, 精米: 非公開)
    ✨ [新規SKU抽出] 50％精白の純米吟醸。 [純米吟醸酒] (米: 国産米, 精米: 非公開)
    ✨ [新規SKU抽出] 渡舟 純米吟醸　五十五 [純米吟醸酒] (米: 国産米, 精米: 非公開)
    ✨ [新規SKU抽出] 55％精白の純米吟醸。 [純米吟醸酒] (米: 国産米, 精米: 非公開)
    ✨ [新規SKU抽出] 30％精白の純米大吟醸。 [純米大吟醸酒] (米: 国産米, 精米: 非公開)
    ✨ [新規SKU抽出] 渡舟 純米吟醸　直汲み [純米吟醸酒] (米: 国産米, 精米: 非公開)
    ✨ [新規SKU抽出] 繊細かつ迫力ある味わいを堪能できる純米吟醸。 [純米吟醸酒] (米: 国産米, 精米: 非公開)
    ✨ [新規SKU抽出] 渡舟 しぼりたて生吟 [普通酒] (米: 国産米, 精米: 非公開)
    ✨ [新規SKU抽出] しぼりたての純米吟醸を [純米吟醸酒] (米: 国産米, 精米: 非公開)
    ✨ [新規SKU抽出] 太平海 特別純米 [特別純米酒] (米: 国産米, 精米: 非公開)
    ✨ [新規SKU抽出] 懐深い純米酒。 [純米酒] (米: 国産米, 精米: 非公開)
    ✨ [新規SKU抽出] 太平海 1314　純米吟醸 [純米吟醸酒] (米: 国産米, 精米: 非公開)
    ✨ [新規SKU抽出] 太平海 スパークリング [普通酒] (米: 国産米, 精米: 非公開)
    ✨ [新規SKU抽出] おりを絡ませた本生の純米酒。 [純米酒] (米: 国産米, 精米: 非公開)
    ✨ [新規SKU抽出] 太平海 びん囲い純米吟醸 [純米吟醸酒] (米: 国産米, 精米: 非公開)
    ✨ [新規SKU抽出] 豊穣の秋の恵みと共に楽しみたい純米吟醸。 [純米吟醸酒] (米: 国産米, 精米: 非公開)
    ✨ [新規SKU抽出] 本醸造。 [本醸造酒] (米: 国産米, 精米: 非公開)
    ✨ [新規SKU抽出] 旨味も兼ね備えた本醸造。 [本醸造酒] (米: 国産米, 精米: 非公開)
    ✨ [新規SKU抽出] 純米焼酎 吟垂れ [純米酒] (米: 国産米, 精米: 非公開)
    ✨ [新規SKU抽出] 減圧蒸留の魅力を表現した純米焼酎。 [純米酒] (米: 国産米, 精米: 非公開)
    ✨ [新規SKU抽出] 純米焼酎 初溜取り [純米酒] (米: 国産米, 精米: 非公開)
    ✨ [新規SKU抽出] 純米焼酎 甕囲い [純米酒] (米: 国産米, 精米: 非公開)
    ✨ [新規SKU抽出] 甕にてゆっくり寝かせた純米焼酎。 [純米酒] (米: 国産米, 精米: 非公開)
    ✨ [新規SKU抽出] 表現した吟醸酒。 [吟醸酒] (米: 国産米, 精米: 非公開)
    ✨ [新規SKU抽出] 渡舟 純米吟醸 [純米吟醸酒] (米: 国産米, 精米: 非公開)
    ✨ [新規SKU抽出] 渡舟 ふなしぼり 純米吟醸 [純米吟醸酒] (米: 国産米, 精米: 非公開)
    ✨ [新規SKU抽出] 渡舟 五十五 純米吟醸 [純米吟醸酒] (米: 国産米, 精米: 非公開)
    ✨ [新規SKU抽出] 渡舟しぼりたて生吟 [普通酒] (米: 国産米, 精米: 非公開)
    ✨ [新規SKU抽出] しぼりたて生吟 [普通酒] (米: 国産米, 精米: 非公開)
    ✨ [新規SKU抽出] スパークリング [普通酒] (米: 国産米, 精米: 非公開)
    ✨ [新規SKU抽出] 太平海 びん囲い吟醸 [吟醸酒] (米: 国産米, 精米: 非公開)
    ✨ [新規SKU抽出] びん囲い純米吟醸 [純米吟醸酒] (米: 国産米, 精米: 非公開)
    ✨ [新規SKU抽出] 本格米焼酎。 [本格焼酎] (米: 国産米, 精米: 非公開)
    ✨ [新規SKU抽出] 渡舟 純米焼酎吟垂れ [純米酒] (米: 国産米, 精米: 非公開)
    ✨ [新規SKU抽出] 渡舟 純米焼酎 [純米酒] (米: 国産米, 精米: 非公開)
    ✨ [新規SKU抽出] 渡船 純米焼酎 初溜取り [純米酒] (米: 国産米, 精米: 非公開)
    ✨ [新規SKU抽出] 渡船 純米焼酎 [純米酒] (米: 国産米, 精米: 非公開)
    ✨ [新規SKU抽出] 渡舟 純米焼酎 甕囲い [純米酒] (米: 国産米, 精米: 非公開)
  👉 府中誉株式会社: 44 件の新規SKUを深層クローリングにより追加登録
[797/1376] 🏭 ID 5518: 株式会社稲葉酒造 (茨城県) - http://www.minanogawa.jp
    ✨ [新規SKU抽出] 特価梅酒の梅の実 [リキュール] (米: 国産米, 精米: 非公開)
    ✨ [新規SKU抽出] 粕漬用　極上純米大吟醸酒粕　10kg [純米大吟醸酒] (米: 国産米, 精米: 非公開)
    ✨ [新規SKU抽出] すてら純米大吟醸　手搾り酒粕 [純米大吟醸酒] (米: 国産米, 精米: 非公開)
    ✨ [新規SKU抽出] 男女川 しぼりたて純米吟醸 箱入り [純米吟醸酒] (米: 国産米, 精米: 非公開)
    ✨ [新規SKU抽出] すてら純米大吟醸　手搾り酒粕 | 稲葉酒造 [純米大吟醸酒] (米: 国産米, 精米: 非公開)
    ✨ [新規SKU抽出] 蔵元しぼりたての純米大吟醸の酒粕です。手搾りなので、とても柔らかく [純米大吟醸酒] (米: 国産米, 精米: 非公開)
    ✨ [新規SKU抽出] 男女川 純米大吟醸 槽しぼり 化粧箱入り [純米大吟醸酒] (米: 国産米, 精米: 非公開)
    ✨ [新規SKU抽出] すてら プレミアム純米大吟醸 雫酒 無濾過原酒 箱入り [純米大吟醸酒] (米: 国産米, 精米: 非公開)
    ✨ [新規SKU抽出] 男女川 つくば浪漫あわい恋 本生 スパークリング [普通酒] (米: 国産米, 精米: 非公開)
    ✨ [新規SKU抽出] 「すてら夏にごり 純米大吟醸生原酒」 [純米大吟醸酒] (米: 国産米, 精米: 非公開)
    ✨ [新規SKU抽出] 純米大吟醸の生原酒を贅沢ににごり仕立てに。 [純米大吟醸酒] (米: 国産米, 精米: 非公開)
    ✨ [新規SKU抽出] ◯すてら夏にごり 純米大吟醸生原酒 [純米大吟醸酒] (米: 国産米, 精米: 非公開)
    ✨ [新規SKU抽出] 搾りたて新酒1本(純米大吟醸or純米吟醸など) [純米大吟醸酒] (米: 国産米, 精米: 非公開)
    ✨ [新規SKU抽出] 毎年大人気!男女川純米大吟醸生酒”春のかすみ酒”できました!!! [純米大吟醸酒] (米: 国産米, 精米: 非公開)
    ✨ [新規SKU抽出] うすにごりのフレッシュさが広がる、フルーティーなしぼりたて生酒です。 [普通酒] (米: 国産米, 精米: 非公開)
    ✨ [新規SKU抽出] 男女川純米吟醸福できました!!!! [純米吟醸酒] (米: 国産米, 精米: 非公開)
    ✨ [新規SKU抽出] 元旦お届け 男女川純米大吟醸 直汲みしぼりたて生酒 [純米大吟醸酒] (米: 国産米, 精米: 非公開)
    ✨ [新規SKU抽出] TX開業20周年限定酒男女川純米吟醸発売 [純米吟醸酒] (米: 国産米, 精米: 非公開)
    ✨ [新規SKU抽出] 男女川特別純米無濾過生原酒 [特別純米酒] (米: 国産米, 精米: 非公開)
    ✨ [新規SKU抽出] しぼりたてでうすにごりのフレッシュな特別純米原酒を、無濾過で生のまま瓶詰めしました。 [特別純米酒] (米: 国産米, 精米: 非公開)
    ✨ [新規SKU抽出] 男女川　純米吟醸　福　できました♪ [純米吟醸酒] (米: 国産米, 精米: 非公開)
    ✨ [新規SKU抽出] ばかり純米吟醸酒です! [純米吟醸酒] (米: 国産米, 精米: 非公開)
    ✨ [新規SKU抽出] 母の日にお奨め「すてら純米大吟醸雫酒」♪ [純米大吟醸酒] (米: 国産米, 精米: 非公開)
    ✨ [新規SKU抽出] 「すてら 夏にごり生原酒　純米大吟醸」できました～♪ [純米大吟醸酒] (米: 国産米, 精米: 非公開)
    ✨ [新規SKU抽出] 「男女川 直汲み夏酒 特別純米 生」できました～♪ [特別純米酒] (米: 国産米, 精米: 非公開)
    ✨ [新規SKU抽出] 男女川 純米吟醸生 春のかすみ酒　できましたー♪ [純米吟醸酒] (米: 国産米, 精米: 非公開)
    ✨ [新規SKU抽出] 男女川 純米吟醸 福(ふく)できましたー♪ [純米吟醸酒] (米: 国産米, 精米: 非公開)
    ✨ [新規SKU抽出] 元旦お届け　男女川 純米大吟醸 直汲みしぼりたて生酒のご案内♪ [純米大吟醸酒] (米: 国産米, 精米: 非公開)
    ✨ [新規SKU抽出] 営業体制&「ひやおろし」お食事と共に♪ [普通酒] (米: 国産米, 精米: 非公開)
    ✨ [新規SKU抽出] 男女川 特別純米ひやおろし できましたー♪ [特別純米酒] (米: 国産米, 精米: 非公開)
    ✨ [新規SKU抽出] 神仙 しぼりたて生酒 限定販売します♪ [普通酒] (米: 国産米, 精米: 非公開)
    ✨ [新規SKU抽出] すてら 純米大吟醸 にごり生原酒 出来ましたー♪ [純米大吟醸酒] (米: 国産米, 精米: 非公開)
    ✨ [新規SKU抽出] スパークリングいちごのご紹介 [普通酒] (米: 国産米, 精米: 非公開)
    ✨ [新規SKU抽出] 男女川 春のかすみ酒 純米吟醸 生　ご予約受付しまーす♪ [純米吟醸酒] (米: 国産米, 精米: 非公開)
    ✨ [新規SKU抽出] プレミアムすてら純米大吟醸　あらばしり　出来ましたー♪ [純米大吟醸酒] (米: 国産米, 精米: 非公開)
    ✨ [新規SKU抽出] すてら純米大吟醸 2号 出来ましたー♪ [純米大吟醸酒] (米: 国産米, 精米: 非公開)
    ✨ [新規SKU抽出] 男女川 純米吟醸ひやおろし　出来ましたーー! [純米吟醸酒] (米: 国産米, 精米: 非公開)
    ✨ [新規SKU抽出] すてら 純米大吟醸 手搾り酒粕　活用方法　第3弾 [純米大吟醸酒] (米: 国産米, 精米: 非公開)
    ✨ [新規SKU抽出] 夏季限定男女川 直汲み夏酒 特別純米 生 発売♪ [特別純米酒] (米: 国産米, 精米: 非公開)
    ✨ [新規SKU抽出] 「ひやおろし」できました～!! [普通酒] (米: 国産米, 精米: 非公開)
    ✨ [新規SKU抽出] 「男女川　春のかすみ酒　純米吟醸生」できましたー♪ [純米吟醸酒] (米: 国産米, 精米: 非公開)
    ✨ [新規SKU抽出] 純米吟醸　生　「春のかすみ酒」出来ました～♪ [純米吟醸酒] (米: 国産米, 精米: 非公開)
    ✨ [新規SKU抽出] 平成29年度醸造年度すてら純米大吟醸1号タンク搾れました♪♪♪ [純米大吟醸酒] (米: 国産米, 精米: 非公開)
    ✨ [新規SKU抽出] 「ひやおろし」発売しましたー♪ [普通酒] (米: 国産米, 精米: 非公開)
    ✨ [新規SKU抽出] 本日、茨城新聞に「土浦梅酒」が掲載されました♪ [リキュール] (米: 国産米, 精米: 非公開)
    ✨ [新規SKU抽出] 土浦梅酒Yoriai　6月10日発売しました♪ [リキュール] (米: 国産米, 精米: 非公開)
    ✨ [新規SKU抽出] すてら純米大吟醸　3号出来ました♪ [純米大吟醸酒] (米: 国産米, 精米: 非公開)
    ✨ [新規SKU抽出] すてら　純米大吟醸　2号まで、できました☆ [純米大吟醸酒] (米: 国産米, 精米: 非公開)
    ✨ [新規SKU抽出] 男女川[ひやおろし]できました! [普通酒] (米: 国産米, 精米: 非公開)
    ✨ [新規SKU抽出] すてら夏にごり生原酒　純米大吟醸　完売しました! [純米大吟醸酒] (米: 国産米, 精米: 非公開)
    ✨ [新規SKU抽出] My梅酒つくり♪♪♪コラボ企画しました--!!! [リキュール] (米: 国産米, 精米: 非公開)
    ✨ [新規SKU抽出] 梅の収穫から梅酒作りまで　コラボ企画です♪ [リキュール] (米: 国産米, 精米: 非公開)
    ✨ [新規SKU抽出] すてらプレミアム純米大吟醸出来上がりました♪ [純米大吟醸酒] (米: 国産米, 精米: 非公開)
    ✨ [新規SKU抽出] すてらプレミアム純米大吟醸　袋吊りしました♪ [純米大吟醸酒] (米: 国産米, 精米: 非公開)
    ✨ [新規SKU抽出] 梅酒の実、特別価格で販売開始! [リキュール] (米: 国産米, 精米: 非公開)
    ✨ [新規SKU抽出] 真っ白なカステラ♡すてら純米大吟醸使用〜ひかり〜 [純米大吟醸酒] (米: 国産米, 精米: 非公開)
    ✨ [新規SKU抽出] すてら純米大吟醸1号　男女川しぼりたて純米吟醸　新酒できました♪♪♪ [純米大吟醸酒] (米: 国産米, 精米: 非公開)
    ✨ [新規SKU抽出] 「ひやおろし」できました♪ [普通酒] (米: 国産米, 精米: 非公開)
    ✨ [新規SKU抽出] 令和2年全国新酒鑑評会 入賞（純米大吟醸） [純米大吟醸酒] (米: 国産米, 精米: 非公開)
    ✨ [新規SKU抽出] 純米大吟醸の部 GOLD MEDAL すてら 純米大吟醸 雫酒 [純米大吟醸酒] (米: 国産米, 精米: 非公開)
    ✨ [新規SKU抽出] 純米吟醸の部 SILVER MEDAL 男女川 純米吟醸 無濾過 [純米吟醸酒] (米: 国産米, 精米: 非公開)
    ✨ [新規SKU抽出] 令和元年全国新酒鑑評会 金賞（純米大吟醸） [純米大吟醸酒] (米: 国産米, 精米: 非公開)
    ✨ [新規SKU抽出] 純米大吟醸の部 シルバーメダル [純米大吟醸酒] (米: 国産米, 精米: 非公開)
    ✨ [新規SKU抽出] プレミアムすてら純米大吟醸 雫酒 無濾過原酒 [純米大吟醸酒] (米: 国産米, 精米: 非公開)
    ✨ [新規SKU抽出] 純米吟醸の部 シルバーメダル [純米吟醸酒] (米: 国産米, 精米: 非公開)
    ✨ [新規SKU抽出] 男女川純米吟醸無濾過 [純米吟醸酒] (米: 国産米, 精米: 非公開)
    ✨ [新規SKU抽出] 純米吟醸の部 ブロンズメダル [純米吟醸酒] (米: 国産米, 精米: 非公開)
    ✨ [新規SKU抽出] 平成30年全国新酒鑑評会 金賞（純米大吟醸） [純米大吟醸酒] (米: 国産米, 精米: 非公開)
    ✨ [新規SKU抽出] 純米大吟醸の部  ブロンズメダル [純米大吟醸酒] (米: 国産米, 精米: 非公開)
    ✨ [新規SKU抽出] すてら純米大吟醸 雫酒 無濾過原酒 [純米大吟醸酒] (米: 国産米, 精米: 非公開)
    ✨ [新規SKU抽出] 男女川純米吟醸 無濾過 [純米吟醸酒] (米: 国産米, 精米: 非公開)
    ✨ [新規SKU抽出] 第89回関東信越国税局酒類鑑評会 純米吟醸の部 優秀賞 [純米吟醸酒] (米: 国産米, 精米: 非公開)
    ✨ [新規SKU抽出] 平成30年度茨城県清酒鑑評会 純米吟醸の部 銀賞 [純米吟醸酒] (米: 国産米, 精米: 非公開)
    ✨ [新規SKU抽出] リキュール | 稲葉酒造 [リキュール] (米: 国産米, 精米: 非公開)
    ✨ [新規SKU抽出] 筑波山の梅酒 [リキュール] (米: 国産米, 精米: 非公開)
    ✨ [新規SKU抽出] すてら プレミアム純米大吟醸 雫酒 無濾過原酒 箱入り | 稲葉酒造 [純米大吟醸酒] (米: 国産米, 精米: 非公開)
    ✨ [新規SKU抽出] すてらは全て純米大吟醸。ご予約も承っております。 [純米大吟醸酒] (米: 国産米, 精米: 非公開)
    ✨ [新規SKU抽出] 元旦お届け 男女川純米大吟醸 直汲みしぼりたて生酒 | 稲葉酒造 [純米大吟醸酒] (米: 国産米, 精米: 非公開)
    ✨ [新規SKU抽出] 元旦お届け　男女川 純米大吟醸 直汲みしぼりたて生酒 [純米大吟醸酒] (米: 国産米, 精米: 非公開)
  👉 株式会社稲葉酒造: 79 件の新規SKUを深層クローリングにより追加登録
[798/1376] 🏭 ID 5519: 合資会社浦里酒造店 (茨城県) - http://www.kiritsukuba.co.jp
    ✨ [新規SKU抽出] 大吟醸・純米大吟醸 [純米大吟醸酒] (米: 国産米, 精米: 非公開)
    ✨ [新規SKU抽出] 「霧筑波　ピュア茨城　純米大吟醸　しずく」蔵元限定販売 [純米大吟醸酒] (米: 国産米, 精米: 非公開)
    ✨ [新規SKU抽出] 霧筑波 純米吟醸 本生 限定発売社長イチ押しシリーズ-令和3年 [純米吟醸酒] (米: 国産米, 精米: 非公開)
    ✨ [新規SKU抽出] 浦里 純米吟醸 五百万石 発売開始 [純米吟醸酒] (米: 五百万石, 精米: 非公開)
    ✨ [新規SKU抽出] 『浦里　純米吟醸酒　しぼりたて』を発売 [純米吟醸酒] (米: 国産米, 精米: 非公開)
    ✨ [新規SKU抽出] 「浦里　純米大吟醸　山田錦」を発売 [純米大吟醸酒] (米: 山田錦, 精米: 非公開)
    ✨ [新規SKU抽出] 令和２酒造年度 南部杜氏自醸清酒鑑評会で首席（吟醸酒の部） [吟醸酒] (米: 国産米, 精米: 非公開)
    ✨ [新規SKU抽出] 大吟醸　知可良 [大吟醸酒] (米: 国産米, 精米: 非公開)
    ✨ [新規SKU抽出] 霧筑波　純米大吟醸　別撰 [純米大吟醸酒] (米: 国産米, 精米: 非公開)
    ✨ [新規SKU抽出] 大吟醸　霧筑波 [大吟醸酒] (米: 国産米, 精米: 非公開)
    ✨ [新規SKU抽出] 純米大吟醸　霧筑波 [純米大吟醸酒] (米: 国産米, 精米: 非公開)
    ✨ [新規SKU抽出] 吟醸　霧筑波 [吟醸酒] (米: 国産米, 精米: 非公開)
    ✨ [新規SKU抽出] 特別純米　霧筑波 [特別純米酒] (米: 国産米, 精米: 非公開)
    ✨ [新規SKU抽出] 特別本醸造　霧筑波 [特別本醸造酒] (米: 国産米, 精米: 非公開)
    ✨ [新規SKU抽出] 小川酵母は1952年に小川知可良氏が分離した茨城が誇る吟醸酵母。 [吟醸酒] (米: 国産米, 精米: 非公開)
    ✨ [新規SKU抽出] 小川酵母発見者である小川知可良氏の名を冠する霧筑波ブランド最高の大吟醸です。 [大吟醸酒] (米: 国産米, 精米: 非公開)
    ✨ [新規SKU抽出] 霧筑波ブランド最高の純米大吟醸です。 [純米大吟醸酒] (米: 国産米, 精米: 非公開)
    ✨ [新規SKU抽出] 厳選した兵庫県産山田錦だけを使用した日本酒の精華「大吟醸」です。 [大吟醸酒] (米: 山田錦, 精米: 非公開)
    ✨ [新規SKU抽出] 大吟醸・純米大吟醸 | 商品カテゴリー | つくばの名酒　霧筑波 [純米大吟醸酒] (米: 国産米, 精米: 非公開)
    ✨ [新規SKU抽出] 木に置かれた霧筑波　特別純米 [特別純米酒] (米: 国産米, 精米: 非公開)
    ✨ [新規SKU抽出] 「霧筑波 ピュア茨城 純米大吟醸 しずく」発売開始 [純米大吟醸酒] (米: 国産米, 精米: 非公開)
  👉 合資会社浦里酒造店: 21 件の新規SKUを深層クローリングにより追加登録
[799/1376] 🏭 ID 5520: 来福酒造株式会社 (茨城県) - http://www.raifuku.co.jp
    ✨ [新規SKU抽出] 商品紹介・リキュール [リキュール] (米: 国産米, 精米: 非公開)
    ✨ [新規SKU抽出] 商品紹介・本格焼酎 [本格焼酎] (米: 国産米, 精米: 非公開)
  👉 来福酒造株式会社: 2 件の新規SKUを深層クローリングにより追加登録
[800/1376] 🏭 ID 5523: 吉久保酒造株式会社 (茨城県) - http://www.ippin.co.jp/
[801/1376] 🏭 ID 5524: 株式会社月の井酒造店 (茨城県) - http://tsukinoi.co.jp
    ✨ [新規SKU抽出] 純米大吟醸は幻の米といわれる亀の尾、 [純米大吟醸酒] (米: 亀の尾, 精米: 非公開)
    ✨ [新規SKU抽出] 純米吟醸は全国的にも希少な越神楽で醸します。 [純米吟醸酒] (米: 国産米, 精米: 非公開)
    ✨ [新規SKU抽出] 純米酒のチヨニシキを含め、すべてのお米が大洗産。 [純米酒] (米: 国産米, 精米: 非公開)
  👉 株式会社月の井酒造店: 3 件の新規SKUを深層クローリングにより追加登録
[802/1376] 🏭 ID 5525: 明利酒類株式会社 (茨城県) - http://www.meirishurui.com
    ✨ [新規SKU抽出] 梅酒と酒の資料館 別春館 [リキュール] (米: 国産米, 精米: 非公開)
    ✨ [新規SKU抽出] リキュール [リキュール] (米: 国産米, 精米: 非公開)
    ✨ [新規SKU抽出] ALC. 3% 百年梅酒 ぺこら缶 [リキュール] (米: 国産米, 精米: 3%)
    ✨ [新規SKU抽出] ALC.12% 百年梅酒 ぺこらスペシャル [リキュール] (米: 国産米, 精米: 12%)
    ✨ [新規SKU抽出] ALC20% 抹茶のリキュール 酔う抹茶 [リキュール] (米: 国産米, 精米: 20%)
    ✨ [新規SKU抽出] 唐辛子のリキュール 酔う唐辛子レモン [リキュール] (米: 国産米, 精米: 非公開)
    ✨ [新規SKU抽出] 新感覚リキュール“酔うたい焼き” [リキュール] (米: 国産米, 精米: 非公開)
    ✨ [新規SKU抽出] 百年梅酒ぺこらver. [リキュール] (米: 国産米, 精米: 非公開)
    ✨ [新規SKU抽出] 焼き芋リキュール“酔う焼き芋” [リキュール] (米: 国産米, 精米: 非公開)
    ✨ [新規SKU抽出] ノンアルコール百年梅酒 “百年零-ZERO-” [リキュール] (米: 国産米, 精米: 非公開)
  👉 明利酒類株式会社: 10 件の新規SKUを深層クローリングにより追加登録
[803/1376] 🏭 ID 5526: 株式会社木内酒造 1823 (茨城県) - http://www.kodawari.cc
    ✨ [新規SKU抽出] 新商品ウイスキー樽熟成 木内梅酒 [リキュール] (米: 国産米, 精米: 非公開)
    ✨ [新規SKU抽出] 限定商品菊盛 純米吟醸酒 夏初月 [純米吟醸酒] (米: 国産米, 精米: 非公開)
    ✨ [新規SKU抽出] 夏限定の香り高い純米吟醸。すっきりとしたフレッシュな味わいと爽やかな飲み口。 [純米吟醸酒] (米: 国産米, 精米: 非公開)
    ✨ [新規SKU抽出] 純米酒 菊盛 [純米酒] (米: 国産米, 精米: 非公開)
    ✨ [新規SKU抽出] 木内梅酒 [リキュール] (米: 国産米, 精米: 非公開)
  👉 株式会社木内酒造 1823: 5 件の新規SKUを深層クローリングにより追加登録
[804/1376] 🏭 ID 5527: 岡部合名会社 (茨城県) - http://www.matsuzakari.co.jp
    ✨ [新規SKU抽出] リキュール [リキュール] (米: 国産米, 精米: 非公開)
    ✨ [新規SKU抽出] 人気NO.1－松盛　純米吟醸 無濾過生原酒 [純米吟醸酒] (米: 国産米, 精米: 非公開)
    ✨ [新規SKU抽出] 人気NO.2－松盛 純米酒 [純米酒] (米: 国産米, 精米: 非公開)
    ✨ [新規SKU抽出] 人気NO.3－特上松盛　大吟醸 [大吟醸酒] (米: 国産米, 精米: 非公開)
    ✨ [新規SKU抽出] 松盛 純米吟醸 無濾過生原酒 [純米吟醸酒] (米: 国産米, 精米: 非公開)
    ✨ [新規SKU抽出] 松盛 純米酒 [純米酒] (米: 国産米, 精米: 非公開)
    ✨ [新規SKU抽出] 特上松盛 大吟醸 [大吟醸酒] (米: 国産米, 精米: 非公開)
    ✨ [新規SKU抽出] 大吟醸を約1年熟成。海外でも人気です。 [大吟醸酒] (米: 国産米, 精米: 非公開)
    ✨ [新規SKU抽出] 本格焼酎シリーズ [本格焼酎] (米: 国産米, 精米: 非公開)
    ✨ [新規SKU抽出] ◆リキュール　　Liqueur [リキュール] (米: 国産米, 精米: 非公開)
    ✨ [新規SKU抽出] リキュール・シリーズ [リキュール] (米: 国産米, 精米: 非公開)
    ✨ [新規SKU抽出] リキュールの販売はこちら [リキュール] (米: 国産米, 精米: 非公開)
    ✨ [新規SKU抽出] 本格焼酎 [本格焼酎] (米: 国産米, 精米: 非公開)
    ✨ [新規SKU抽出] 松盛　純米大吟醸・大吟醸Premium Sense 　-720m... [純米大吟醸酒] (米: 国産米, 精米: 非公開)
    ✨ [新規SKU抽出] ご縁だね　純米酒　- [純米酒] (米: 国産米, 精米: 非公開)
    ✨ [新規SKU抽出] リキュール - 松盛醸造元 - 岡部合名会社 [リキュール] (米: 国産米, 精米: 非公開)
    ✨ [新規SKU抽出] リキュール｜松盛醸造元 - 岡部合名会社 [リキュール] (米: 国産米, 精米: 非公開)
    ✨ [新規SKU抽出] 松盛のうめざかり　梅酒 [リキュール] (米: 国産米, 精米: 非公開)
    ✨ [新規SKU抽出] 松盛のうめざかり_黒糖梅酒 [リキュール] (米: 国産米, 精米: 非公開)
    ✨ [新規SKU抽出] 松盛のうめざかり　黒糖梅酒 [リキュール] (米: 国産米, 精米: 非公開)
  👉 岡部合名会社: 20 件の新規SKUを深層クローリングにより追加登録
[805/1376] 🏭 ID 5528: 株式会社剛烈酒造 (茨城県) - http://www.gouretsu.jp/
[806/1376] 🏭 ID 5529: 檜山酒造株式会社 (茨城県) - http://www.hiyama.co.jp
[807/1376] 🏭 ID 5530: 株式会社家久長本店 (茨城県) - http://www.kakuchoh.co.jp/
[808/1376] 🏭 ID 5531: 根本酒造株式会社 (茨城県) - http://www.kujinoyama.com
    ✨ [新規SKU抽出] カミマル 純米吟醸55 [純米吟醸酒] (米: 国産米, 精米: 非公開)
    ✨ [新規SKU抽出] 純米酒  |  久慈の山 根本酒造 [純米酒] (米: 国産米, 精米: 非公開)
  👉 根本酒造株式会社: 2 件の新規SKUを深層クローリングにより追加登録
[810/1376] 🏭 ID 5534: 森島酒造株式会社 (茨城県) - https://www.morishima-sake.jp/
    ✨ [新規SKU抽出] 森嶋　美山錦　純米吟醸　瓶間火入　発売開始しました [純米吟醸酒] (米: 美山錦, 精米: 非公開)
    ✨ [新規SKU抽出] 新商品　　森嶋　彗星　純米大吟醸　瓶間火入　発売開始しました [純米大吟醸酒] (米: 国産米, 精米: 非公開)
    ✨ [新規SKU抽出] 森嶋　雄町　純米大吟醸　瓶間火入　発売開始しました [純米大吟醸酒] (米: 雄町, 精米: 非公開)
  👉 森島酒造株式会社: 3 件の新規SKUを深層クローリングにより追加登録
[811/1376] 🏭 ID 5535: 菊乃香酒造株式会社 (茨城県) - http://www.kshuzo.com/
[812/1376] 🏭 ID 5536: 合資会社椎名酒造店 (茨城県) - https://fukugokoro.com/
    ✨ [新規SKU抽出] 純米吟醸 うすにごり [純米吟醸酒] (米: 国産米, 精米: 非公開)
    ✨ [新規SKU抽出] 特別純米袋吊り [特別純米酒] (米: 国産米, 精米: 非公開)
    ✨ [新規SKU抽出] 大吟醸袋吊り [大吟醸酒] (米: 国産米, 精米: 非公開)
    ✨ [新規SKU抽出] 大吟醸三年古酒 [大吟醸酒] (米: 国産米, 精米: 非公開)
    ✨ [新規SKU抽出] 大吟醸を蔵内にて三年間熟成させた味わい深いお酒。 [大吟醸酒] (米: 国産米, 精米: 非公開)
    ✨ [新規SKU抽出] 特別純米袋吊り しずく [特別純米酒] (米: 国産米, 精米: 非公開)
    ✨ [新規SKU抽出] 特別純米酒 蔵なま [特別純米酒] (米: 国産米, 精米: 非公開)
    ✨ [新規SKU抽出] 特別純米の特徴をより際立たせた無濾過の生酒です。 [特別純米酒] (米: 国産米, 精米: 非公開)
    ✨ [新規SKU抽出] 本醸造生原酒 [本醸造酒] (米: 国産米, 精米: 非公開)
    ✨ [新規SKU抽出] 純米吟醸うすにごり [純米吟醸酒] (米: 国産米, 精米: 非公開)
    ✨ [新規SKU抽出] 純米吟醸の香味の特徴がより際立つ冬季限定の生酒。 [純米吟醸酒] (米: 国産米, 精米: 非公開)
    ✨ [新規SKU抽出] 本格焼酎ふくしん [本格焼酎] (米: 国産米, 精米: 非公開)
    ✨ [新規SKU抽出] 酒粕を原料にしたオリジナル製法の本格派です。大吟醸の酒粕を使用しています。 [大吟醸酒] (米: 国産米, 精米: 非公開)
  👉 合資会社椎名酒造店: 13 件の新規SKUを深層クローリングにより追加登録
[813/1376] 🏭 ID 5569: 株式会社桜顔酒造 (岩手県) - http://sakuragao.com/
    ✨ [新規SKU抽出] 弊社商品 特別純米酒 五割五分 [特別純米酒] (米: 国産米, 精米: 非公開)
    ✨ [新規SKU抽出] 純米大吟醸 飛天抄（ひてんしょう） [純米大吟醸酒] (米: 国産米, 精米: 非公開)
    ✨ [新規SKU抽出] 第104回南部杜氏自醸清酒鑑評会「純米酒の部優等賞」受賞 [純米酒] (米: 国産米, 精米: 非公開)
    ✨ [新規SKU抽出] 令和4年 東北清酒鑑評会純米酒の部優等賞受賞 [純米酒] (米: 国産米, 精米: 非公開)
    ✨ [新規SKU抽出] 夏限定純米大吟醸生貯蔵酒 [純米大吟醸酒] (米: 国産米, 精米: 非公開)
    ✨ [新規SKU抽出] 令和2年新酒「特別本醸造 蔵出し一番」発売開始 [特別本醸造酒] (米: 国産米, 精米: 非公開)
    ✨ [新規SKU抽出] 純米大吟醸生貯蔵酒 [純米大吟醸酒] (米: 国産米, 精米: 非公開)
    ✨ [新規SKU抽出] 南部の雫 純米大吟醸 [純米大吟醸酒] (米: 国産米, 精米: 非公開)
    ✨ [新規SKU抽出] 純米吟醸 銀河鉄道の夜 [純米吟醸酒] (米: 国産米, 精米: 非公開)
    ✨ [新規SKU抽出] 桜顔 純米吟醸（吟ぎんが五割磨き） [純米吟醸酒] (米: 吟ぎんが, 精米: 非公開)
    ✨ [新規SKU抽出] 大吟醸 南部杜氏仕込み [大吟醸酒] (米: 国産米, 精米: 非公開)
    ✨ [新規SKU抽出] 南部の雫 大吟醸 [大吟醸酒] (米: 国産米, 精米: 非公開)
    ✨ [新規SKU抽出] 純米大吟醸原酒  結の香 [純米大吟醸酒] (米: 結の香, 精米: 非公開)
    ✨ [新規SKU抽出] 大吟醸　南部杜氏仕込み [大吟醸酒] (米: 国産米, 精米: 非公開)
    ✨ [新規SKU抽出] 爽やかな吟醸香と、軽やかで繊細な味わいの大吟醸酒です。 [大吟醸酒] (米: 国産米, 精米: 非公開)
    ✨ [新規SKU抽出] 純米吟醸 | 桜顔酒造 [純米吟醸酒] (米: 国産米, 精米: 非公開)
    ✨ [新規SKU抽出] 桜顔 純米吟醸（吟ぎんが五割磨き）　1, [純米吟醸酒] (米: 吟ぎんが, 精米: 非公開)
    ✨ [新規SKU抽出] 岩手県産の原料にこだわった大吟醸。華やかな香り、繊細で淡麗やや辛口の大吟醸です。 [大吟醸酒] (米: 国産米, 精米: 非公開)
  👉 株式会社桜顔酒造: 18 件の新規SKUを深層クローリングにより追加登録
[814/1376] 🏭 ID 5570: 赤武酒造株式会社 (岩手県) - https://akabu1.com/
[815/1376] 🏭 ID 5571: 菊の司酒造株式会社 (岩手県) - http://www.kikunotsukasa.jp/
[816/1376] 🏭 ID 5572: 株式会社わしの尾 (岩手県) - http://www.washinoo.co.jp/
    ✨ [新規SKU抽出] 本醸造生酒　　原料米：吟ぎんが、ぎんおとめ [本醸造酒] (米: 吟ぎんが, 精米: 非公開)
    ✨ [新規SKU抽出] 純米酒　原料米：吟ぎんが [純米酒] (米: 吟ぎんが, 精米: 非公開)
    ✨ [新規SKU抽出] 純米酒　　原料米　はなの舞 [純米酒] (米: 国産米, 精米: 非公開)
    ✨ [新規SKU抽出] 蔵人の酒　純米吟醸酒 [純米吟醸酒] (米: 国産米, 精米: 非公開)
    ✨ [新規SKU抽出] 純米吟醸酒　原料米：結の香 [純米吟醸酒] (米: 結の香, 精米: 非公開)
    ✨ [新規SKU抽出] 品種を使用した清酒になります。山廃仕込で [普通酒] (米: 国産米, 精米: 非公開)
    ✨ [新規SKU抽出] た弊社定番の純米吟醸酒です。低温でゆっ [純米吟醸酒] (米: 国産米, 精米: 非公開)
    ✨ [新規SKU抽出] います。華やかな吟醸香と甘味があり、米 [吟醸酒] (米: 国産米, 精米: 非公開)
    ✨ [新規SKU抽出] しぼりたて純米吟醸酒 [純米吟醸酒] (米: 国産米, 精米: 非公開)
    ✨ [新規SKU抽出] しぼりたて原酒の出荷は毎年12月～3月頃までとなっております。 [普通酒] (米: 国産米, 精米: 非公開)
  👉 株式会社わしの尾: 10 件の新規SKUを深層クローリングにより追加登録
[817/1376] 🏭 ID 5573: 有限会社月の輪酒造店 (岩手県) - https://www.tsukinowa-iwate.com/
[818/1376] 🏭 ID 5574: 株式会社紫波酒造店 (岩手県) - http://hiroki.xm.shopserve.jp/
[819/1376] 🏭 ID 5575: 合名会社吾妻嶺酒造店 (岩手県) - http://www.azumamine.com/
    ✨ [新規SKU抽出] あづまみね 純米吟醸 美山錦 [純米吟醸酒] (米: 美山錦, 精米: 非公開)
    ✨ [新規SKU抽出] 悠楽 純米吟醸 美山錦 [純米吟醸酒] (米: 美山錦, 精米: 非公開)
  👉 合名会社吾妻嶺酒造店: 2 件の新規SKUを深層クローリングにより追加登録
[820/1376] 🏭 ID 5576: 高橋酒造店 (岩手県) - https://shop.horinoi.jp/
    ✨ [新規SKU抽出] 本醸造酒 [本醸造酒] (米: 国産米, 精米: 非公開)
    ✨ [新規SKU抽出] 純米酒　堀米 [純米酒] (米: 国産米, 精米: 非公開)
    ✨ [新規SKU抽出] 純米大吟醸　山北 [純米大吟醸酒] (米: 国産米, 精米: 非公開)
    ✨ [新規SKU抽出] 純米大吟醸　山田錦 [純米大吟醸酒] (米: 山田錦, 精米: 非公開)
    ✨ [新規SKU抽出] 純米酒　堀の井 [純米酒] (米: 国産米, 精米: 非公開)
    ✨ [新規SKU抽出] 大吟醸　紫波の匠 [大吟醸酒] (米: 国産米, 精米: 非公開)
    ✨ [新規SKU抽出] 本醸造酒　手作り　堀の井 [本醸造酒] (米: 国産米, 精米: 非公開)
    ✨ [新規SKU抽出] 純米酒の中ではすっきりとした飲み口で、飲み飽きしません。 [純米酒] (米: 国産米, 精米: 非公開)
    ✨ [新規SKU抽出] 本醸造酒 | 堀の井 [本醸造酒] (米: 国産米, 精米: 非公開)
  👉 高橋酒造店: 9 件の新規SKUを深層クローリングにより追加登録
[821/1376] 🏭 ID 5577: 喜久盛酒造株式会社 (岩手県) - http://kikuzakari.jp/
[822/1376] 🏭 ID 5578: 合資会社川村酒造店 (岩手県) - https://www.meimonshu.jp/modules/sakemap3/index.php?page=detail&lid=2050
[823/1376] 🏭 ID 5579: 岩手銘醸株式会社 (岩手県) - http://www.iwate-meijo.com/
    ✨ [新規SKU抽出] 奥州ノ龍 特別純米酒 [特別純米酒] (米: 国産米, 精米: 非公開)
    ✨ [新規SKU抽出] 奥州ノ龍 純米吟醸 [純米吟醸酒] (米: 国産米, 精米: 非公開)
    ✨ [新規SKU抽出] 奥州ノ龍 純米大吟醸 [純米大吟醸酒] (米: 国産米, 精米: 非公開)
    ✨ [新規SKU抽出] 奥六 純米吟醸 生酛 [純米吟醸酒] (米: 国産米, 精米: 非公開)
    ✨ [新規SKU抽出] 奥六 特別純米酒 生酛 [特別純米酒] (米: 国産米, 精米: 非公開)
    ✨ [新規SKU抽出] 奥州ノ龍　限定”中取り”純米大吟醸 [純米大吟醸酒] (米: 国産米, 精米: 非公開)
    ✨ [新規SKU抽出] Rondo Iwate 2023 純米吟醸酒 [純米吟醸酒] (米: 国産米, 精米: 非公開)
    ✨ [新規SKU抽出] 特別純米酒 縄文の龍 [特別純米酒] (米: 国産米, 精米: 非公開)
    ✨ [新規SKU抽出] 大吟醸 宗任 [大吟醸酒] (米: 国産米, 精米: 非公開)
    ✨ [新規SKU抽出] 低アルコール純米酒 [純米酒] (米: 国産米, 精米: 非公開)
    ✨ [新規SKU抽出] の販売を開始いたしました。低アルコールでスッキリと飲みやすい純米酒です。 [純米酒] (米: 国産米, 精米: 非公開)
    ✨ [新規SKU抽出] 純米大吟醸 奥州光一代 岩手づくし [純米大吟醸酒] (米: 国産米, 精米: 非公開)
    ✨ [新規SKU抽出] の販売を開始いたしました。岩手県の素材にこだわった純米大吟醸です。 [純米大吟醸酒] (米: 国産米, 精米: 非公開)
    ✨ [新規SKU抽出] 「大吟醸生原酒 仙台紅屋長九郎 1, [大吟醸酒] (米: 国産米, 精米: 非公開)
    ✨ [新規SKU抽出] 「大吟醸生原酒 仙台紅屋長九郎 [大吟醸酒] (米: 国産米, 精米: 非公開)
    ✨ [新規SKU抽出] 2018年の新米を使用したしぼりたて生原酒の『NEW SAKE』 [普通酒] (米: 国産米, 精米: 非公開)
    ✨ [新規SKU抽出] 全国的にファンの多いどぶろく風にごり酒の『とらまづ』 [どぶろく] (米: 国産米, 精米: 非公開)
    ✨ [新規SKU抽出] 純米吟醸 阿弖流為(アテルイ) [純米吟醸酒] (米: 国産米, 精米: 非公開)
    ✨ [新規SKU抽出] 純米酒 おうしゅうたろう [純米酒] (米: 国産米, 精米: 非公開)
    ✨ [新規SKU抽出] 岩手誉 純米酒辛口 [純米酒] (米: 国産米, 精米: 非公開)
    ✨ [新規SKU抽出] 岩手誉 純米酒 [純米酒] (米: 国産米, 精米: 非公開)
    ✨ [新規SKU抽出] 岩手誉 純米吟醸 [純米吟醸酒] (米: 国産米, 精米: 非公開)
    ✨ [新規SKU抽出] 岩手誉 本醸造 [本醸造酒] (米: 国産米, 精米: 非公開)
    ✨ [新規SKU抽出] 玉の春 純米酒 [純米酒] (米: 国産米, 精米: 非公開)
    ✨ [新規SKU抽出] 玉の春 純米吟醸 [純米吟醸酒] (米: 国産米, 精米: 非公開)
    ✨ [新規SKU抽出] 江刺りんごスパークリング [普通酒] (米: 国産米, 精米: 非公開)
    ✨ [新規SKU抽出] スパークリング [普通酒] (米: 国産米, 精米: 非公開)
    ✨ [新規SKU抽出] 仙台紅屋長九郎 大吟醸原酒 [大吟醸酒] (米: 国産米, 精米: 非公開)
    ✨ [新規SKU抽出] 大吟醸原酒 [大吟醸酒] (米: 国産米, 精米: 非公開)
    ✨ [新規SKU抽出] 仙台紅屋長九郎 特別純米酒 [特別純米酒] (米: 国産米, 精米: 非公開)
    ✨ [新規SKU抽出] 特別純米酒 [特別純米酒] (米: 国産米, 精米: 非公開)
    ✨ [新規SKU抽出] 亀の尾 特別純米酒 [特別純米酒] (米: 亀の尾, 精米: 非公開)
    ✨ [新規SKU抽出] 南部亀の尾　本醸造生貯蔵酒 [本醸造酒] (米: 亀の尾, 精米: 非公開)
    ✨ [新規SKU抽出] 本醸造生貯蔵酒 [本醸造酒] (米: 国産米, 精米: 非公開)
    ✨ [新規SKU抽出] 南部亀の尾 本格米焼酎 [本格焼酎] (米: 亀の尾, 精米: 非公開)
    ✨ [新規SKU抽出] 一座建立 大吟醸粕取焼酎 [大吟醸酒] (米: 国産米, 精米: 非公開)
    ✨ [新規SKU抽出] 大吟醸粕取焼酎 [大吟醸酒] (米: 国産米, 精米: 非公開)
    ✨ [新規SKU抽出] 生酛づくり、山廃づくりなど酒造りの原点に戻り、挑戦し続けるお酒です。 [普通酒] (米: 国産米, 精米: 非公開)
  👉 岩手銘醸株式会社: 38 件の新規SKUを深層クローリングにより追加登録
[824/1376] 🏭 ID 5580: 世嬉の一酒造株式会社 (岩手県) - https://sekinoichi.co.jp/
    ✨ [新規SKU抽出] 純米大吟醸　秘蔵 [純米大吟醸酒] (米: 国産米, 精米: 非公開)
    ✨ [新規SKU抽出] 酒質：純米大吟醸原酒 [純米大吟醸酒] (米: 国産米, 精米: 非公開)
    ✨ [新規SKU抽出] 吟醸酒　金色堂 [吟醸酒] (米: 国産米, 精米: 非公開)
    ✨ [新規SKU抽出] 酒質：吟醸酒 [吟醸酒] (米: 国産米, 精米: 非公開)
    ✨ [新規SKU抽出] 純米吟醸　吟ぎんが [純米吟醸酒] (米: 吟ぎんが, 精米: 非公開)
    ✨ [新規SKU抽出] 酒質：吟醸 [吟醸酒] (米: 国産米, 精米: 非公開)
    ✨ [新規SKU抽出] 純米生原酒　しぼりたて（にごり） [純米酒] (米: 国産米, 精米: 非公開)
    ✨ [新規SKU抽出] 酒質：純米生原酒 [純米酒] (米: 国産米, 精米: 非公開)
    ✨ [新規SKU抽出] 純米生原酒　しぼりたて（とうめい） [純米酒] (米: 国産米, 精米: 非公開)
    ✨ [新規SKU抽出] 大吟醸　世嬉の一 [大吟醸酒] (米: 国産米, 精米: 非公開)
    ✨ [新規SKU抽出] 酒質：大吟醸酒 [大吟醸酒] (米: 国産米, 精米: 非公開)
    ✨ [新規SKU抽出] 日本の酒米「山田錦」使用、高精白で仕込んだ大吟醸酒です。。 [大吟醸酒] (米: 山田錦, 精米: 非公開)
    ✨ [新規SKU抽出] 岩手県新酒鑑評会 第一部 大吟醸 銀賞 [大吟醸酒] (米: 国産米, 精米: 非公開)
    ✨ [新規SKU抽出] 東北清酒鑑評会 吟醸酒の部　優等賞 [吟醸酒] (米: 国産米, 精米: 非公開)
    ✨ [新規SKU抽出] 東北清酒鑑評会 純米酒の部　優等賞 [純米酒] (米: 国産米, 精米: 非公開)
    ✨ [新規SKU抽出] 東北清酒鑑評会　吟醸酒の部　優等賞 [吟醸酒] (米: 国産米, 精米: 非公開)
    ✨ [新規SKU抽出] 東北清酒鑑評会　純米酒の部　優等賞 [純米酒] (米: 国産米, 精米: 非公開)
    ✨ [新規SKU抽出] 今日は、純米大吟醸の上槽（搾り）作業！一人蔵人作業 [純米大吟醸酒] (米: 国産米, 精米: 非公開)
    ✨ [新規SKU抽出] 大吟醸 世嬉の一 [大吟醸酒] (米: 国産米, 精米: 非公開)
    ✨ [新規SKU抽出] 新商品開発！梅酒ソーダをつくりました！半年がかりで・・・ [リキュール] (米: 国産米, 精米: 非公開)
    ✨ [新規SKU抽出] ただ、梅酒の原液ではなく、梅酒ソーダに加工し商品化かしました。 [リキュール] (米: 国産米, 精米: 非公開)
    ✨ [新規SKU抽出] さて、そんな梅酒ですが、今年は試験醸造でしたので [リキュール] (米: 国産米, 精米: 非公開)
    ✨ [新規SKU抽出] 梅酒ソーダのご注文はこちら [リキュール] (米: 国産米, 精米: 非公開)
    ✨ [新規SKU抽出] 2月の梅酒など、ギフトパンフはこちら [リキュール] (米: 国産米, 精米: 非公開)
    ✨ [新規SKU抽出] 初しぼりができました！しぼりたて純米原酒（にごり）と（透明）！ [純米酒] (米: 国産米, 精米: 非公開)
    ✨ [新規SKU抽出] コストパフォーマンス最大！2500円以下の純米大吟醸　横屋 [純米大吟醸酒] (米: 国産米, 精米: 非公開)
  👉 世嬉の一酒造株式会社: 26 件の新規SKUを深層クローリングにより追加登録
[825/1376] 🏭 ID 5581: 磐乃井酒造株式会社 (岩手県) - http://www.iwanoi.co.jp/
[826/1376] 🏭 ID 5582: 酔仙酒造株式会社 (岩手県) - https://suisenshuzo.jp/
[827/1376] 🏭 ID 5583: 株式会社浜千鳥 (岩手県) - https://hamachidori.net/
    ✨ [新規SKU抽出] 浜千鳥の梅酒 [リキュール] (米: 国産米, 精米: 非公開)
    ✨ [新規SKU抽出] 浜千鳥 特別純米酒 無濾過生原酒 [特別純米酒] (米: 国産米, 精米: 非公開)
    ✨ [新規SKU抽出] 浜千鳥 純米大吟醸 結の香 [純米大吟醸酒] (米: 結の香, 精米: 非公開)
    ✨ [新規SKU抽出] 源水 純米大吟醸 [純米大吟醸酒] (米: 国産米, 精米: 非公開)
    ✨ [新規SKU抽出] 浜千鳥 大吟醸 [大吟醸酒] (米: 国産米, 精米: 非公開)
    ✨ [新規SKU抽出] 浜千鳥 純米吟醸 吟ぎんが [純米吟醸酒] (米: 吟ぎんが, 精米: 非公開)
    ✨ [新規SKU抽出] 仙人郷 純米酒 [純米酒] (米: 国産米, 精米: 非公開)
    ✨ [新規SKU抽出] 本格米焼酎 纜 十二年貯蔵 40度 [本格焼酎] (米: 国産米, 精米: 非公開)
    ✨ [新規SKU抽出] ゆめほなみ（夢穂波）本醸造 1, [本醸造酒] (米: 国産米, 精米: 非公開)
    ✨ [新規SKU抽出] 浜千鳥 本醸造 1, [本醸造酒] (米: 国産米, 精米: 非公開)
    ✨ [新規SKU抽出] 浜千鳥 本醸造生貯蔵酒 [本醸造酒] (米: 国産米, 精米: 非公開)
    ✨ [新規SKU抽出] 浜千鳥 純米吟醸 吟ぎんが 1, [純米吟醸酒] (米: 吟ぎんが, 精米: 非公開)
  👉 株式会社浜千鳥: 12 件の新規SKUを深層クローリングにより追加登録
[828/1376] 🏭 ID 5584: 上閉伊酒造株式会社 (岩手県) - http://kamihei-shuzo.jp/
    ✨ [新規SKU抽出] BLACK國華 バーボン樽貯蔵 純米大吟醸 山田錦 [純米大吟醸酒] (米: 山田錦, 精米: 非公開)
    ✨ [新規SKU抽出] BLACK國華 シェリー樽貯蔵 純米大吟醸 結の香 [純米大吟醸酒] (米: 結の香, 精米: 非公開)
    ✨ [新規SKU抽出] 國華の薫 純米大吟醸　結の香 [純米大吟醸酒] (米: 結の香, 精米: 非公開)
    ✨ [新規SKU抽出] 國華の薫 大吟醸 山田錦 [大吟醸酒] (米: 山田錦, 精米: 非公開)
    ✨ [新規SKU抽出] 國華の薫 純米大吟醸 山田錦 [純米大吟醸酒] (米: 山田錦, 精米: 非公開)
    ✨ [新規SKU抽出] 國華の薫 吟スパークリング [普通酒] (米: 国産米, 精米: 非公開)
    ✨ [新規SKU抽出] 國華の薫 結スパークリング [普通酒] (米: 国産米, 精米: 非公開)
    ✨ [新規SKU抽出] 清酒イーハトーブ 純米大吟醸 「ジョバンニ」 [純米大吟醸酒] (米: 国産米, 精米: 非公開)
    ✨ [新規SKU抽出] 清酒イーハトーブ 純米吟醸 「ファゼーロ」 [純米吟醸酒] (米: 国産米, 精米: 非公開)
    ✨ [新規SKU抽出] 清酒イーハトーブ スパークリング 「風の又三郎」 [普通酒] (米: 国産米, 精米: 非公開)
    ✨ [新規SKU抽出] 遠野夢街道　純米吟醸酒 [純米吟醸酒] (米: 国産米, 精米: 非公開)
    ✨ [新規SKU抽出] 遠野夢街道　吟醸酒 [吟醸酒] (米: 国産米, 精米: 非公開)
    ✨ [新規SKU抽出] 國華の薫 特別純米酒　純 [特別純米酒] (米: 国産米, 精米: 非公開)
    ✨ [新規SKU抽出] 特別純米酒 水の神 河童の川太郎 月をみる [特別純米酒] (米: 国産米, 精米: 非公開)
    ✨ [新規SKU抽出] 遠野河童の盗み酒　大吟醸　山田錦 [大吟醸酒] (米: 山田錦, 精米: 非公開)
    ✨ [新規SKU抽出] 遠野小町 特別純米酒 夏酒 [特別純米酒] (米: 国産米, 精米: 非公開)
    ✨ [新規SKU抽出] 遠野小町 純米大吟醸 美山錦 [純米大吟醸酒] (米: 美山錦, 精米: 非公開)
    ✨ [新規SKU抽出] 遠野小町 純米吟醸酒 [純米吟醸酒] (米: 国産米, 精米: 非公開)
    ✨ [新規SKU抽出] 遠野小町 辛口純米酒 亀の尾 [純米酒] (米: 亀の尾, 精米: 非公開)
    ✨ [新規SKU抽出] 遠野小町 特別純米酒 [特別純米酒] (米: 国産米, 精米: 非公開)
    ✨ [新規SKU抽出] 遠野小町 桃色にごり酒 [普通酒] (米: 国産米, 精米: 非公開)
    ✨ [新規SKU抽出] 遠野ものがたり 梅酒 [リキュール] (米: 国産米, 精米: 非公開)
    ✨ [新規SKU抽出] 遠野ものがたり 梅酒スパークリング [リキュール] (米: 国産米, 精米: 非公開)
    ✨ [新規SKU抽出] 遠野ものがたり にごり梅酒 [リキュール] (米: 国産米, 精米: 非公開)
    ✨ [新規SKU抽出] 遠野ものがたり ゆず酒 [リキュール] (米: 国産米, 精米: 非公開)
  👉 上閉伊酒造株式会社: 25 件の新規SKUを深層クローリングにより追加登録
[829/1376] 🏭 ID 5585: 株式会社菱屋酒造店 (岩手県) - https://hisiya-miyako.ocnk.net
    ✨ [新規SKU抽出] 純米酒に力を入れて酒を造る酒蔵。160年以上の歴史と努力を傾けています [純米酒] (米: 国産米, 精米: 非公開)
    ✨ [新規SKU抽出] 山廃純米酒 [純米酒] (米: 国産米, 精米: 非公開)
    ✨ [新規SKU抽出] 別撰純米酒 [純米酒] (米: 国産米, 精米: 非公開)
    ✨ [新規SKU抽出] まさに純米の大吟醸。きめ細やかな味をお楽しみ下さい。 [大吟醸酒] (米: 国産米, 精米: 非公開)
    ✨ [新規SKU抽出] 千両男山　純米大吟醸 [純米大吟醸酒] (米: 国産米, 精米: 非公開)
    ✨ [新規SKU抽出] 千両男山　純米大吟醸　　７２０ｍｌ [純米大吟醸酒] (米: 国産米, 精米: 非公開)
    ✨ [新規SKU抽出] 千両男山　純米吟醸 熟成酒 [純米吟醸酒] (米: 国産米, 精米: 非公開)
    ✨ [新規SKU抽出] 純米吟醸　熟成酒 [純米吟醸酒] (米: 国産米, 精米: 非公開)
    ✨ [新規SKU抽出] 菱屋　大吟醸熟成酒 [大吟醸酒] (米: 国産米, 精米: 非公開)
  👉 株式会社菱屋酒造店: 9 件の新規SKUを深層クローリングにより追加登録
[830/1376] 🏭 ID 5586: 泉金ホールディングス株式会社 (岩手県) - https://www.ginga.or.jp/senkin/
    ✨ [新規SKU抽出] 無濾過生原酒 [普通酒] (米: 国産米, 精米: 非公開)
    ✨ [新規SKU抽出] 無濾過生原酒　純米吟醸　吟ぎんが [純米吟醸酒] (米: 吟ぎんが, 精米: 非公開)
    ✨ [新規SKU抽出] （生原酒ですので、常温保存はお避けください。） [普通酒] (米: 国産米, 精米: 非公開)
    ✨ [新規SKU抽出] 無濾過生原酒　純米吟醸　酒こまち [純米吟醸酒] (米: 国産米, 精米: 非公開)
    ✨ [新規SKU抽出] 上質な吟醸酒を求め、『品格の日本酒』を究めました。 [吟醸酒] (米: 国産米, 精米: 非公開)
    ✨ [新規SKU抽出] 岩手の米、想い、技がひとつに結ばれた純米大吟醸「結の香」 [純米大吟醸酒] (米: 結の香, 精米: 非公開)
    ✨ [新規SKU抽出] 岩手県が１０年の歳月をかけて研究開発した吟醸用酒米「結の香」を使用。 [吟醸酒] (米: 結の香, 精米: 非公開)
    ✨ [新規SKU抽出] 写真純米大吟醸 [純米大吟醸酒] (米: 国産米, 精米: 非公開)
    ✨ [新規SKU抽出] 火の鳥純米吟醸 [純米吟醸酒] (米: 国産米, 精米: 非公開)
    ✨ [新規SKU抽出] 写真火の鳥純米吟醸 [純米吟醸酒] (米: 国産米, 精米: 非公開)
    ✨ [新規SKU抽出] 吟醸造りの潤いのある飲み口と澄み切った後口。落ち着いた含み香が癒しを与えてくれます。 [吟醸酒] (米: 国産米, 精米: 非公開)
    ✨ [新規SKU抽出] 龍泉八重桜 純米吟醸酒こまち [純米吟醸酒] (米: 国産米, 精米: 非公開)
    ✨ [新規SKU抽出] こってり食材にシュッとした旨味を与えてくれる、切れ味抜群の純米吟醸酒です。 [純米吟醸酒] (米: 国産米, 精米: 非公開)
    ✨ [新規SKU抽出] ドライな切れ味を追究しました。冷から燗まで幅広い温度帯を楽しめる純米酒です。 [純米酒] (米: 国産米, 精米: 非公開)
    ✨ [新規SKU抽出] 特別純米酒 [特別純米酒] (米: 国産米, 精米: 非公開)
    ✨ [新規SKU抽出] 写真特別純米酒 [特別純米酒] (米: 国産米, 精米: 非公開)
    ✨ [新規SKU抽出] 上撰本醸造 [本醸造酒] (米: 国産米, 精米: 非公開)
    ✨ [新規SKU抽出] 写真上撰本醸造 [本醸造酒] (米: 国産米, 精米: 非公開)
    ✨ [新規SKU抽出] 辛口特別本醸造 [特別本醸造酒] (米: 国産米, 精米: 非公開)
    ✨ [新規SKU抽出] 写真辛口特別本醸造 [特別本醸造酒] (米: 国産米, 精米: 非公開)
    ✨ [新規SKU抽出] 龍泉八重桜 龍泉洞純米吟醸 [純米吟醸酒] (米: 国産米, 精米: 非公開)
    ✨ [新規SKU抽出] 令和7年5月に龍泉洞セラーに納められた純米吟醸酒。 [純米吟醸酒] (米: 国産米, 精米: 非公開)
    ✨ [新規SKU抽出] しぼりたて純米生酒 [純米酒] (米: 国産米, 精米: 非公開)
    ✨ [新規SKU抽出] 写真しぼりたて純米生酒 [純米酒] (米: 国産米, 精米: 非公開)
    ✨ [新規SKU抽出] 新酒造年度の初搾り。しぼりたてをそのまま瓶詰め、冬期（１２月～３月）限定のお酒です。 [普通酒] (米: 国産米, 精米: 非公開)
    ✨ [新規SKU抽出] 大吟醸1.8ℓ×1 [大吟醸酒] (米: 国産米, 精米: 非公開)
    ✨ [新規SKU抽出] 純米大吟醸1.8ℓ×1 [純米大吟醸酒] (米: 国産米, 精米: 非公開)
  👉 泉金ホールディングス株式会社: 27 件の新規SKUを深層クローリングにより追加登録
[831/1376] 🏭 ID 5587: 株式会社福来 (岩手県) - http://www.maroon.dti.ne.jp/fukurai/
[832/1376] 🏭 ID 5588: 株式会社南部美人 (岩手県) - https://www.nanbubijin.co.jp/
    ✨ [新規SKU抽出] 大吟醸商品写真 [大吟醸酒] (米: 国産米, 精米: 非公開)
    ✨ [新規SKU抽出] 純米吟醸商品写真 [純米吟醸酒] (米: 国産米, 精米: 非公開)
    ✨ [新規SKU抽出] 吟醸酒商品写真 [吟醸酒] (米: 国産米, 精米: 非公開)
    ✨ [新規SKU抽出] 雄三スペシャル 純米酒商品写真 [純米酒] (米: 国産米, 精米: 非公開)
    ✨ [新規SKU抽出] 本醸造　辛口商品写真 [本醸造酒] (米: 国産米, 精米: 非公開)
    ✨ [新規SKU抽出] 糖類無添加「梅酒」商品写真 [リキュール] (米: 国産米, 精米: 非公開)
    ✨ [新規SKU抽出] スーパーフローズン 瞬間冷凍 純米大吟醸 生原酒商品写真 [純米大吟醸酒] (米: 国産米, 精米: 非公開)
    ✨ [新規SKU抽出] 南部美人２つのスパークリング [普通酒] (米: 国産米, 精米: 非公開)
    ✨ [新規SKU抽出] 南部美人スーパーフローズン純米大吟醸生酒 [純米大吟醸酒] (米: 国産米, 精米: 非公開)
    ✨ [新規SKU抽出] あわさけスパークリング G7広島サミットのディナーで採用 [普通酒] (米: 国産米, 精米: 非公開)
    ✨ [新規SKU抽出] 独自の技術から誕生した甘さすっきり大人のリキュール 糖類無添加リキュール [リキュール] (米: 国産米, 精米: 非公開)
    ✨ [新規SKU抽出] 南部美人の最高峰 純米大吟醸 [純米大吟醸酒] (米: 国産米, 精米: 非公開)
    ✨ [新規SKU抽出] 黒ラベルスパークリング [普通酒] (米: 国産米, 精米: 非公開)
    ✨ [新規SKU抽出] 南部美人スーパーフローズン（冷凍酒）純米大吟醸 生原酒 [純米大吟醸酒] (米: 国産米, 精米: 非公開)
    ✨ [新規SKU抽出] 南部美人 あわさけスパークリング [普通酒] (米: 国産米, 精米: 非公開)
    ✨ [新規SKU抽出] 南部美人 黒ラベルスパークリング [普通酒] (米: 国産米, 精米: 非公開)
    ✨ [新規SKU抽出] 南部美人 缶カップ飲み比べセット（特別純米酒＆吟醸酒・各 [特別純米酒] (米: 国産米, 精米: 非公開)
    ✨ [新規SKU抽出] 南部美人「特別純米酒/吟醸酒」飲み比べセット [特別純米酒] (米: 国産米, 精米: 非公開)
    ✨ [新規SKU抽出] 「南部美人」糖類無添加 梅酒・ゆずレモン酒 [リキュール] (米: 国産米, 精米: 非公開)
    ✨ [新規SKU抽出] 雄三スペシャル　2本セット（番外×純米吟醸） [純米吟醸酒] (米: 国産米, 精米: 非公開)
    ✨ [新規SKU抽出] 南部美人 純米大吟醸 [純米大吟醸酒] (米: 国産米, 精米: 非公開)
    ✨ [新規SKU抽出] 純米大吟醸　結の香 [純米大吟醸酒] (米: 結の香, 精米: 非公開)
  👉 株式会社南部美人: 22 件の新規SKUを深層クローリングにより追加登録
[833/1376] 🏭 ID 5589: 小豆島酒造株式会社 (香川県) - https://www.morikuni.jp/
[834/1376] 🏭 ID 5590: 綾菊酒造株式会社 (香川県) - https://www.ayakiku.com/
    ✨ [新規SKU抽出] ・リキュール [リキュール] (米: 国産米, 精米: 非公開)
    ✨ [新規SKU抽出] ・スパークリング [普通酒] (米: 国産米, 精米: 非公開)
    ✨ [新規SKU抽出] オリーブ純米酒 [純米酒] (米: 国産米, 精米: 非公開)
    ✨ [新規SKU抽出] 夏の限定酒！純米吟醸　生酒の出荷を開始しました [純米吟醸酒] (米: 国産米, 精米: 非公開)
    ✨ [新規SKU抽出] 夏の限定酒！吟醸原酒の出荷を開始しました [吟醸酒] (米: 国産米, 精米: 非公開)
  👉 綾菊酒造株式会社: 5 件の新規SKUを深層クローリングにより追加登録
[835/1376] 🏭 ID 5591: 勇心酒造株式会社 (香川県) - http://www.yushin-brewer.com/
    ✨ [新規SKU抽出] ・純米大吟醸 十年熟成 原酒 [純米大吟醸酒] (米: 国産米, 精米: 非公開)
    ✨ [新規SKU抽出] 純米大吟醸 生貯蔵酒 720mL。純米おいでまい 720mL／ [純米大吟醸酒] (米: 国産米, 精米: 非公開)
    ✨ [新規SKU抽出] 純米大吟醸 生酒 720mL。純米吟醸 生酒9号・14号 720mL／ [純米大吟醸酒] (米: 国産米, 精米: 非公開)
    ✨ [新規SKU抽出] 純米大吟醸 生酒 720mL。 純米吟醸 生酒 9号・14号 720mL/ [純米大吟醸酒] (米: 国産米, 精米: 非公開)
    ✨ [新規SKU抽出] 純米大吟醸 生酒 720mL。 純米吟醸 9号・14号 720mL/ [純米大吟醸酒] (米: 国産米, 精米: 非公開)
    ✨ [新規SKU抽出] 2014年9月21日　純米酒新発売 [純米酒] (米: 国産米, 精米: 非公開)
    ✨ [新規SKU抽出] 今年度(25BY)新酒 しぼりたてのお酒　3月発売 [普通酒] (米: 国産米, 精米: 非公開)
    ✨ [新規SKU抽出] 純米吟醸9号 生酒,純米吟醸 14号 生酒、純米大吟醸 生酒の計３種類 [純米大吟醸酒] (米: 国産米, 精米: 非公開)
    ✨ [新規SKU抽出] 純米吟醸9号,14号、吟醸 [純米吟醸酒] (米: 国産米, 精米: 非公開)
    ✨ [新規SKU抽出] しぼりたて発売しました。 [普通酒] (米: 国産米, 精米: 非公開)
    ✨ [新規SKU抽出] 純米大吟醸、純米吟醸9号、純米吟醸14号、吟醸 [純米大吟醸酒] (米: 国産米, 精米: 非公開)
    ✨ [新規SKU抽出] しぼりたて 生酒を試飲、販売を行います。 [普通酒] (米: 国産米, 精米: 非公開)
    ✨ [新規SKU抽出] 勇心 純米吟醸9号の写真 [純米吟醸酒] (米: 国産米, 精米: 非公開)
    ✨ [新規SKU抽出] 勇心 純米吟醸14号の写真 [純米吟醸酒] (米: 国産米, 精米: 非公開)
    ✨ [新規SKU抽出] 山田錦のやわらかな米のうまみが広がり、キレもあります。勇心 純米吟醸より辛口です。 [純米吟醸酒] (米: 山田錦, 精米: 非公開)
    ✨ [新規SKU抽出] 勇心 純米大吟醸の写真 [純米大吟醸酒] (米: 国産米, 精米: 非公開)
    ✨ [新規SKU抽出] 勇心 純米大吟醸 [純米大吟醸酒] (米: 国産米, 精米: 非公開)
  👉 勇心酒造株式会社: 17 件の新規SKUを深層クローリングにより追加登録
[836/1376] 🏭 ID 5593: 西野金陵株式会社 (香川県) - https://www.nishino-kinryo.co.jp/
    ✨ [新規SKU抽出] 純米大吟醸・大吟醸 [純米大吟醸酒] (米: 国産米, 精米: 非公開)
    ✨ [新規SKU抽出] 純米吟醸・吟醸 [純米吟醸酒] (米: 国産米, 精米: 非公開)
    ✨ [新規SKU抽出] 特別純米・純米酒 [特別純米酒] (米: 国産米, 精米: 非公開)
    ✨ [新規SKU抽出] 特別本醸造・本醸造酒 [特別本醸造酒] (米: 国産米, 精米: 非公開)
    ✨ [新規SKU抽出] リキュール・梅酒 [リキュール] (米: 国産米, 精米: 非公開)
    ✨ [新規SKU抽出] 金陵 純米大吟醸 山田錦 [純米大吟醸酒] (米: 山田錦, 精米: 非公開)
    ✨ [新規SKU抽出] 煌 金陵 純米大吟醸酒 [純米大吟醸酒] (米: 国産米, 精米: 非公開)
    ✨ [新規SKU抽出] 金陵ゴールド(大吟醸 純金箔入) [大吟醸酒] (米: 国産米, 精米: 非公開)
    ✨ [新規SKU抽出] 金陵 大吟醸 [大吟醸酒] (米: 国産米, 精米: 非公開)
    ✨ [新規SKU抽出] 超金陵 (大吟醸) [大吟醸酒] (米: 国産米, 精米: 非公開)
    ✨ [新規SKU抽出] 金陵 瀬戸内オリーブ純米吟醸 [純米吟醸酒] (米: 国産米, 精米: 非公開)
    ✨ [新規SKU抽出] 金陵濃藍 純米吟醸 [純米吟醸酒] (米: 国産米, 精米: 非公開)
    ✨ [新規SKU抽出] 金陵月白 吟醸 [吟醸酒] (米: 国産米, 精米: 非公開)
    ✨ [新規SKU抽出] 金陵 吟醸酒 少林寺拳法 [吟醸酒] (米: 国産米, 精米: 非公開)
    ✨ [新規SKU抽出] 金陵千歳緑 特別純米 [特別純米酒] (米: 国産米, 精米: 非公開)
    ✨ [新規SKU抽出] 金陵楠神 特別純米酒 [特別純米酒] (米: 国産米, 精米: 非公開)
    ✨ [新規SKU抽出] 金陵 純米酒 山廃仕込み [純米酒] (米: 国産米, 精米: 非公開)
    ✨ [新規SKU抽出] 金陵真紅 本醸造 [本醸造酒] (米: 国産米, 精米: 非公開)
    ✨ [新規SKU抽出] 金陵 上撰 本醸造 辛口 [本醸造酒] (米: 国産米, 精米: 非公開)
    ✨ [新規SKU抽出] 金陵 白下糖梅酒 [リキュール] (米: 国産米, 精米: 非公開)
    ✨ [新規SKU抽出] 金陵 ゆず酒 [リキュール] (米: 国産米, 精米: 非公開)
    ✨ [新規SKU抽出] 讃州米焼酎 ゆるび 25度 [本格焼酎] (米: 国産米, 精米: 非公開)
    ✨ [新規SKU抽出] 讃州米焼酎 長期貯蔵 金毘羅歌舞伎25度 [本格焼酎] (米: 国産米, 精米: 非公開)
    ✨ [新規SKU抽出] 本格焼酎 25度 少林寺拳法 [本格焼酎] (米: 国産米, 精米: 非公開)
    ✨ [新規SKU抽出] 金陵 ゆず酒 | 香川の地酒 日本酒の蔵元「金陵」オンラインストア [リキュール] (米: 国産米, 精米: 非公開)
    ✨ [新規SKU抽出] 金毘羅歌舞伎を観に行った際に金陵さんに立ち寄り、始めてゆず酒を試飲させて頂きました。 [リキュール] (米: 国産米, 精米: 非公開)
    ✨ [新規SKU抽出] 金陵のゆず酒 [リキュール] (米: 国産米, 精米: 非公開)
    ✨ [新規SKU抽出] 今まで色々なゆず酒をいただきましたが、こちらのゆず酒に勝るゆず酒はありません。 [リキュール] (米: 国産米, 精米: 非公開)
    ✨ [新規SKU抽出] 純金箔を優雅に浮かべた大吟醸酒。 [大吟醸酒] (米: 国産米, 精米: 非公開)
    ✨ [新規SKU抽出] 華やかで軽快な吟醸香、なめらかなきめ細やかな味わい。やさしく上品なやや辛口。 [吟醸酒] (米: 国産米, 精米: 非公開)
  👉 西野金陵株式会社: 30 件の新規SKUを深層クローリングにより追加登録
[837/1376] 🏭 ID 5594: 川鶴酒造株式会社 (香川県) - https://kawatsuru.com/
    ✨ [新規SKU抽出] 川鶴 純米大吟醸 [純米大吟醸酒] (米: 国産米, 精米: 非公開)
    ✨ [新規SKU抽出] （生原酒） [普通酒] (米: 国産米, 精米: 非公開)
    ✨ [新規SKU抽出] 川鶴 特別純米限定生原酒 [特別純米酒] (米: 国産米, 精米: 非公開)
    ✨ [新規SKU抽出] 川鶴 特別純米 [特別純米酒] (米: 国産米, 精米: 非公開)
    ✨ [新規SKU抽出] 限定生原酒 [普通酒] (米: 国産米, 精米: 非公開)
    ✨ [新規SKU抽出] 川鶴 純米限定生原酒 [純米酒] (米: 国産米, 精米: 非公開)
    ✨ [新規SKU抽出] 川鶴 純米限定直汲み無濾過生原酒 [純米酒] (米: 国産米, 精米: 非公開)
    ✨ [新規SKU抽出] 無濾過生原酒 [普通酒] (米: 国産米, 精米: 非公開)
    ✨ [新規SKU抽出] たのののた限定生原酒 [普通酒] (米: 国産米, 精米: 非公開)
    ✨ [新規SKU抽出] 田野々 山田錦純米吟醸 [純米吟醸酒] (米: 山田錦, 精米: 非公開)
    ✨ [新規SKU抽出] 川鶴 新米新酒しぼりたて [普通酒] (米: 国産米, 精米: 非公開)
    ✨ [新規SKU抽出] しぼりたて [普通酒] (米: 国産米, 精米: 非公開)
    ✨ [新規SKU抽出] 川鶴 新酒讃岐乃ふなくち生原酒 [普通酒] (米: 国産米, 精米: 非公開)
    ✨ [新規SKU抽出] 川鶴 純米酒生原酒さぬきよいまい [純米酒] (米: 国産米, 精米: 非公開)
    ✨ [新規SKU抽出] 川鶴 純米酒 [純米酒] (米: 国産米, 精米: 非公開)
    ✨ [新規SKU抽出] 川鶴 特別純米酒生原酒 [特別純米酒] (米: 国産米, 精米: 非公開)
    ✨ [新規SKU抽出] 川鶴 特別純米酒 [特別純米酒] (米: 国産米, 精米: 非公開)
    ✨ [新規SKU抽出] 川鶴 純米酒ひやおろしさぬきよいまい [純米酒] (米: 国産米, 精米: 非公開)
    ✨ [新規SKU抽出] ひやおろし [普通酒] (米: 国産米, 精米: 非公開)
    ✨ [新規SKU抽出] Setouchi KAWATSURU純米吟醸さぬきオリーブ酵母仕込み [純米吟醸酒] (米: 国産米, 精米: 非公開)
    ✨ [新規SKU抽出] KAWATSURU Olive瓶内発酵活性にごり生原酒 [普通酒] (米: 国産米, 精米: 非公開)
    ✨ [新規SKU抽出] にごり生原酒 [普通酒] (米: 国産米, 精米: 非公開)
    ✨ [新規SKU抽出] KIMOTO 生原酒 [普通酒] (米: 国産米, 精米: 非公開)
    ✨ [新規SKU抽出] リキュール [リキュール] (米: 国産米, 精米: 非公開)
    ✨ [新規SKU抽出] 川鶴酒造 純米酒ひやおろし さぬきよいまい | 川鶴酒造 [純米酒] (米: 国産米, 精米: 非公開)
    ✨ [新規SKU抽出] 川鶴酒造 純米酒ひやおろし さぬきよいまい [純米酒] (米: 国産米, 精米: 非公開)
    ✨ [新規SKU抽出] 季節限定の純米酒で、秋の味覚にぴったりの一本です。 [純米酒] (米: 国産米, 精米: 非公開)
    ✨ [新規SKU抽出] 川鶴 特別純米 限定生原酒 | 川鶴酒造 [特別純米酒] (米: 国産米, 精米: 非公開)
    ✨ [新規SKU抽出] 川鶴 特別純米 限定生原酒 [特別純米酒] (米: 国産米, 精米: 非公開)
    ✨ [新規SKU抽出] 川鶴 新酒 讃岐乃ふなくち生原酒 | 川鶴酒造 [普通酒] (米: 国産米, 精米: 非公開)
    ✨ [新規SKU抽出] 川鶴 新酒 讃岐乃ふなくち生原酒 [普通酒] (米: 国産米, 精米: 非公開)
    ✨ [新規SKU抽出] 川鶴 新米新酒しぼりたて | 川鶴酒造 [普通酒] (米: 国産米, 精米: 非公開)
    ✨ [新規SKU抽出] 川鶴酒造 特別純米酒 生原酒 | 川鶴酒造 [特別純米酒] (米: 国産米, 精米: 非公開)
    ✨ [新規SKU抽出] 川鶴酒造 特別純米酒 生原酒 [特別純米酒] (米: 国産米, 精米: 非公開)
    ✨ [新規SKU抽出] 田野々 山田錦 純米吟醸 | 川鶴酒造 [純米吟醸酒] (米: 山田錦, 精米: 非公開)
    ✨ [新規SKU抽出] 田野々 山田錦 純米吟醸 [純米吟醸酒] (米: 山田錦, 精米: 非公開)
    ✨ [新規SKU抽出] Setouchi KAWATSURU 純米吟醸 さぬきオリーブ酵母仕込み [純米吟醸酒] (米: 国産米, 精米: 非公開)
  👉 川鶴酒造株式会社: 37 件の新規SKUを深層クローリングにより追加登録
[838/1376] 🏭 ID 5779: 株式会社 今西清兵衛商店 (奈良県) - https://www.harushika.com/
    ✨ [新規SKU抽出] 本醸造・みりん他 [本醸造酒] (米: 国産米, 精米: 非公開)
    ✨ [新規SKU抽出] 純米吟醸・純米酒 [純米吟醸酒] (米: 国産米, 精米: 非公開)
    ✨ [新規SKU抽出] 本醸造・普通酒・みりん [本醸造酒] (米: 国産米, 精米: 非公開)
    ✨ [新規SKU抽出] 春鹿 山廃純米 超辛口 　生原酒　　青乃鬼斬 [純米酒] (米: 国産米, 精米: 非公開)
    ✨ [新規SKU抽出] 春鹿　青乃鬼斬 生もと純米超辛口生原酒 [純米酒] (米: 国産米, 精米: 非公開)
    ✨ [新規SKU抽出] 春鹿　純米吟醸 活性にごり 生酒 しろみき [純米吟醸酒] (米: 国産米, 精米: 非公開)
    ✨ [新規SKU抽出] 発酵中のもろみを荒ごしし、瓶詰めしました。香り華やか発泡性のある『活性にごり酒』。 [普通酒] (米: 国産米, 精米: 非公開)
    ✨ [新規SKU抽出] 春鹿 KIOKE-SAKE 第２弾『四段仕込 純米生原酒』 [純米酒] (米: 国産米, 精米: 非公開)
    ✨ [新規SKU抽出] 春鹿 KIOKE-SAKE  第2弾『四段純米生原酒』 [純米酒] (米: 国産米, 精米: 非公開)
    ✨ [新規SKU抽出] 春鹿　純米吟醸生詰酒　ひやおろし [純米吟醸酒] (米: 国産米, 精米: 非公開)
    ✨ [新規SKU抽出] 春鹿　純米吟醸生原酒210日熟成 [純米吟醸酒] (米: 国産米, 精米: 非公開)
    ✨ [新規SKU抽出] 春鹿 KIOKE-SAKE 平成24BY 第3弾『山廃純米原酒』 [純米酒] (米: 国産米, 精米: 非公開)
    ✨ [新規SKU抽出] 春鹿 KIOKE-SAKE 平成24BY 第3弾『山廃純米生原酒』 [純米酒] (米: 国産米, 精米: 非公開)
    ✨ [新規SKU抽出] 春鹿 KIOKE-SAKE  第3弾『生もと純米生原酒』(毎年10月月初～発売) [純米酒] (米: 国産米, 精米: 非公開)
    ✨ [新規SKU抽出] 春鹿　純米吟醸　生酒（ [純米吟醸酒] (米: 国産米, 精米: 非公開)
    ✨ [新規SKU抽出] 春鹿　純米吟醸 生酒 [純米吟醸酒] (米: 国産米, 精米: 非公開)
    ✨ [新規SKU抽出] 春鹿　純米吟醸 生酒 しぼりばな [純米吟醸酒] (米: 国産米, 精米: 非公開)
    ✨ [新規SKU抽出] しぼりたてが奏でる清涼感あふれる香りと軽やかな旨みをお楽しみください。 [普通酒] (米: 国産米, 精米: 非公開)
    ✨ [新規SKU抽出] 春鹿　新走り一番 本醸造 しぼりたて生原酒 [本醸造酒] (米: 国産米, 精米: 非公開)
    ✨ [新規SKU抽出] しぼりたての新鮮な香りと凛とした辛さの中に、ほのかな甘さが華を添える生原酒。 [普通酒] (米: 国産米, 精米: 非公開)
    ✨ [新規SKU抽出] 春鹿 純米超辛口しぼりたて 生原酒 [純米酒] (米: 国産米, 精米: 非公開)
    ✨ [新規SKU抽出] 春鹿の夏しか　純米吟醸 [純米吟醸酒] (米: 国産米, 精米: 非公開)
    ✨ [新規SKU抽出] 春鹿 純米超辛口生原酒 仕込第壱號 [純米酒] (米: 国産米, 精米: 非公開)
    ✨ [新規SKU抽出] 酒蔵マルシェ2024 限定酒 Ａ 純米吟醸生原酒氷温貯蔵 [純米吟醸酒] (米: 国産米, 精米: 非公開)
    ✨ [新規SKU抽出] 酒蔵マルシェ2025 限定酒 Ａ 純米吟醸生原酒氷温貯蔵 [純米吟醸酒] (米: 国産米, 精米: 非公開)
    ✨ [新規SKU抽出] 純米吟醸生原酒氷温貯蔵 [純米吟醸酒] (米: 国産米, 精米: 非公開)
    ✨ [新規SKU抽出] 酒蔵マルシェ2024 限定酒 Ｂ 純米吟醸生原酒 [純米吟醸酒] (米: 国産米, 精米: 非公開)
    ✨ [新規SKU抽出] 酒蔵マルシェ2025 限定酒 Ｂ 純米吟醸生原酒 [純米吟醸酒] (米: 国産米, 精米: 非公開)
    ✨ [新規SKU抽出] 春鹿 山廃純米 超辛口 原酒 鬼斬 [純米酒] (米: 国産米, 精米: 非公開)
    ✨ [新規SKU抽出] 白滴　純米吟醸 [純米吟醸酒] (米: 国産米, 精米: 非公開)
    ✨ [新規SKU抽出] 春鹿　吟麗　純米吟醸 [純米吟醸酒] (米: 国産米, 精米: 非公開)
    ✨ [新規SKU抽出] 春鹿　純米吟醸　吟麗 [純米吟醸酒] (米: 国産米, 精米: 非公開)
    ✨ [新規SKU抽出] 春鹿の新たな辛口タイプの純米酒 [純米酒] (米: 国産米, 精米: 非公開)
    ✨ [新規SKU抽出] お手頃辛口純米酒として登場!! [純米酒] (米: 国産米, 精米: 非公開)
    ✨ [新規SKU抽出] 春鹿　豊麗　純米酒 [純米酒] (米: 国産米, 精米: 非公開)
    ✨ [新規SKU抽出] 春鹿の旨口タイプの純米酒 [純米酒] (米: 国産米, 精米: 非公開)
    ✨ [新規SKU抽出] 春鹿 旨口四段仕込 純米酒 [純米酒] (米: 国産米, 精米: 非公開)
    ✨ [新規SKU抽出] 本醸造・普通酒・みりん 春鹿 今西清兵衛商店 [本醸造酒] (米: 国産米, 精米: 非公開)
    ✨ [新規SKU抽出] > 本醸造・普通酒・みりん [本醸造酒] (米: 国産米, 精米: 非公開)
    ✨ [新規SKU抽出] 春鹿　本醸造　生貯蔵酒 [本醸造酒] (米: 国産米, 精米: 非公開)
    ✨ [新規SKU抽出] 春鹿　本醸造　極味 [本醸造酒] (米: 国産米, 精米: 非公開)
    ✨ [新規SKU抽出] 旨口の本醸造酒。さらりと飲み飽きせず、ほどよいコクと辛さが心をほぐしてくれます。 [本醸造酒] (米: 国産米, 精米: 非公開)
  👉 株式会社 今西清兵衛商店: 42 件の新規SKUを深層クローリングにより追加登録
[839/1376] 🏭 ID 5780: 奈良豊澤酒造 株式会社 (奈良県) - http://nara-toyosawa.jp
    ✨ [新規SKU抽出] ＜夏限定＞　吟醸にごりトニック 好評につき完売いたしました。 [吟醸酒] (米: 国産米, 精米: 非公開)
    ✨ [新規SKU抽出] 純米吟醸　豊祝　備前雄町100％ [純米吟醸酒] (米: 雄町, 精米: 非公開)
    ✨ [新規SKU抽出] 岡山県産の備前雄町を100％使った純米吟醸酒のしぼりたてです。 [純米吟醸酒] (米: 雄町, 精米: 非公開)
    ✨ [新規SKU抽出] しぼりたてでも非常にまろやかな濃厚な味わいです。 [普通酒] (米: 国産米, 精米: 非公開)
    ✨ [新規SKU抽出] 奈良県産の山田錦を100％使った純米酒です。 [純米酒] (米: 山田錦, 精米: 非公開)
    ✨ [新規SKU抽出] 大吟醸 豊祝 [大吟醸酒] (米: 国産米, 精米: 非公開)
    ✨ [新規SKU抽出] 純米吟醸 無上盃 [純米吟醸酒] (米: 国産米, 精米: 非公開)
    ✨ [新規SKU抽出] 純米吟醸 貴仙寿吉兆 [純米吟醸酒] (米: 国産米, 精米: 非公開)
    ✨ [新規SKU抽出] しろくま部長の純米酒＆きりん主任の梅酒 [純米酒] (米: 国産米, 精米: 非公開)
  👉 奈良豊澤酒造 株式会社: 9 件の新規SKUを深層クローリングにより追加登録
[840/1376] 🏭 ID 5781: 倉本酒造 株式会社 (奈良県) - https://kuramoto-sake.com/
    ✨ [新規SKU抽出] 純米酒　倉本 [純米酒] (米: 国産米, 精米: 非公開)
    ✨ [新規SKU抽出] 菩提酛 純米酒 [純米酒] (米: 国産米, 精米: 非公開)
    ✨ [新規SKU抽出] 定番酒  純米酒　倉本 [純米酒] (米: 国産米, 精米: 非公開)
    ✨ [新規SKU抽出] 2022BY　新酒しぼりたて発売 [普通酒] (米: 国産米, 精米: 非公開)
  👉 倉本酒造 株式会社: 4 件の新規SKUを深層クローリングにより追加登録
[841/1376] 🏭 ID 5782: 上田酒造 株式会社 (奈良県) - https://ueda-syuzou.com
    ✨ [新規SKU抽出] 吟醸酒｜上田酒造 奈良生駒のおいしい地酒 [吟醸酒] (米: 国産米, 精米: 非公開)
    ✨ [新規SKU抽出] 吟醸酒｜上田酒造の美味しいお酒（日本酒）カテゴリー [吟醸酒] (米: 国産米, 精米: 非公開)
    ✨ [新規SKU抽出] 純米酒｜上田酒造 奈良生駒のおいしい地酒 [純米酒] (米: 国産米, 精米: 非公開)
    ✨ [新規SKU抽出] 純米酒｜上田酒造の美味しいお酒（日本酒）カテゴリー [純米酒] (米: 国産米, 精米: 非公開)
    ✨ [新規SKU抽出] ■純米酒 [純米酒] (米: 国産米, 精米: 非公開)
    ✨ [新規SKU抽出] 本醸造｜上田酒造 奈良生駒のおいしい地酒 [本醸造酒] (米: 国産米, 精米: 非公開)
    ✨ [新規SKU抽出] 本醸造｜上田酒造の美味しいお酒（日本酒）カテゴリー [本醸造酒] (米: 国産米, 精米: 非公開)
    ✨ [新規SKU抽出] ■本醸造 [本醸造酒] (米: 国産米, 精米: 非公開)
  👉 上田酒造 株式会社: 8 件の新規SKUを深層クローリングにより追加登録
[842/1376] 🏭 ID 5783: 菊司醸造 株式会社 (奈良県) - https://kikutsukasa.pro
    ✨ [新規SKU抽出] ●純米吟醸 [純米吟醸酒] (米: 国産米, 精米: 非公開)
    ✨ [新規SKU抽出] ●純米にごり酒 [純米酒] (米: 国産米, 精米: 非公開)
    ✨ [新規SKU抽出] ●純米酒 [純米酒] (米: 国産米, 精米: 非公開)
    ✨ [新規SKU抽出] ●純米生原酒 [純米酒] (米: 国産米, 精米: 非公開)
    ✨ [新規SKU抽出] ●純米大吟醸 [純米大吟醸酒] (米: 国産米, 精米: 非公開)
    ✨ [新規SKU抽出] 最高級の純米大吟醸原酒です [純米大吟醸酒] (米: 国産米, 精米: 非公開)
    ✨ [新規SKU抽出] 奈良県独自の酒造好適米「露葉風」で仕込んだ純米吟醸です。 [純米吟醸酒] (米: 国産米, 精米: 非公開)
  👉 菊司醸造 株式会社: 7 件の新規SKUを深層クローリングにより追加登録
[843/1376] 🏭 ID 5784: 株式会社中本酒造店 (奈良県) - https://yamaturu.com
    ✨ [新規SKU抽出] 純米吟醸　段違い辛口 生原酒　しずくしぼり [純米吟醸酒] (米: 国産米, 精米: 非公開)
    ✨ [新規SKU抽出] 純米大吟醸 生酒原酒 [純米大吟醸酒] (米: 国産米, 精米: 非公開)
    ✨ [新規SKU抽出] 特別純米酒 生酒原酒 [特別純米酒] (米: 国産米, 精米: 非公開)
    ✨ [新規SKU抽出] 「生原酒-36」 [普通酒] (米: 国産米, 精米: 非公開)
    ✨ [新規SKU抽出] 純米吟醸 段違い辛口 [純米吟醸酒] (米: 国産米, 精米: 非公開)
    ✨ [新規SKU抽出] 特別純米酒「めちゃ辛」 [特別純米酒] (米: 国産米, 精米: 非公開)
    ✨ [新規SKU抽出] 特別純米酒 「めちゃ辛」　720mL [特別純米酒] (米: 国産米, 精米: 非公開)
    ✨ [新規SKU抽出] 純米吟醸段違い辛口 生原酒しずくしぼり [純米吟醸酒] (米: 国産米, 精米: 非公開)
    ✨ [新規SKU抽出] 純米大吟醸(黒) 720mL [純米大吟醸酒] (米: 国産米, 精米: 非公開)
    ✨ [新規SKU抽出] 純米大吟醸(黒) [純米大吟醸酒] (米: 国産米, 精米: 非公開)
    ✨ [新規SKU抽出] 純米大吟醸　菫（すみれ） [純米大吟醸酒] (米: 国産米, 精米: 非公開)
    ✨ [新規SKU抽出] 純米大吟醸(黒) 生原酒 720mL [純米大吟醸酒] (米: 国産米, 精米: 非公開)
    ✨ [新規SKU抽出] （生酒）山鶴　純米大吟醸（黒）あらばしり [純米大吟醸酒] (米: 国産米, 精米: 非公開)
    ✨ [新規SKU抽出] 純米大吟醸 プレミアム詰合せ 720mL×2(YPP-80) [純米大吟醸酒] (米: 国産米, 精米: 非公開)
    ✨ [新規SKU抽出] 純米大吟醸 菫（すみれ） しぼりたて生原酒 720mL [純米大吟醸酒] (米: 国産米, 精米: 非公開)
    ✨ [新規SKU抽出] 純米大吟醸プレミアム 720mL(YP-35) [純米大吟醸酒] (米: 国産米, 精米: 非公開)
    ✨ [新規SKU抽出] 純米大吟醸（黒）生原酒 1.8l [純米大吟醸酒] (米: 国産米, 精米: 非公開)
    ✨ [新規SKU抽出] 純米大吟醸プレミアム [純米大吟醸酒] (米: 国産米, 精米: 非公開)
    ✨ [新規SKU抽出] 竹風万葉純米大吟醸斗瓶囲い [純米大吟醸酒] (米: 国産米, 精米: 非公開)
    ✨ [新規SKU抽出] 純米大吟醸プレミアム 菫（すみれ） 720mL(YPS-35) [純米大吟醸酒] (米: 国産米, 精米: 非公開)
    ✨ [新規SKU抽出] お酒の種類：純米大吟醸／トンネル熟成 [純米大吟醸酒] (米: 国産米, 精米: 非公開)
    ✨ [新規SKU抽出] 純米大吟醸「竹風万葉」 [純米大吟醸酒] (米: 国産米, 精米: 非公開)
    ✨ [新規SKU抽出] 純米吟醸 段違い辛口・特別純米酒めちゃ辛セット(KK-35) [純米吟醸酒] (米: 国産米, 精米: 非公開)
    ✨ [新規SKU抽出] 純米吟醸酒 山鶴 720mL [純米吟醸酒] (米: 国産米, 精米: 非公開)
    ✨ [新規SKU抽出] 純米吟醸 クラビトノウタ [純米吟醸酒] (米: 国産米, 精米: 非公開)
    ✨ [新規SKU抽出] 純米酒 山鶴 [純米酒] (米: 国産米, 精米: 非公開)
    ✨ [新規SKU抽出] （生酒）純米吟醸 クラビトノウタ 生原酒 [純米吟醸酒] (米: 国産米, 精米: 非公開)
    ✨ [新規SKU抽出] 純米大吟醸40％ ボトル缶(カップ付)180mL [純米大吟醸酒] (米: 国産米, 精米: 非公開)
    ✨ [新規SKU抽出] よ～い呑！ラベル　特別純米酒しぼりたて生酒原酒 [特別純米酒] (米: 国産米, 精米: 非公開)
    ✨ [新規SKU抽出] 純米吟醸クラビトノウタ [純米吟醸酒] (米: 国産米, 精米: 非公開)
    ✨ [新規SKU抽出] 山鶴本格焼酎 [本格焼酎] (米: 国産米, 精米: 非公開)
    ✨ [新規SKU抽出] 純米酒・純米吟醸詰め合わせ [純米吟醸酒] (米: 国産米, 精米: 非公開)
    ✨ [新規SKU抽出] 特別純米酒 生酒原酒 あらばしり 720mL [特別純米酒] (米: 国産米, 精米: 非公開)
    ✨ [新規SKU抽出] 特別純米酒 生酒原酒  しずくしぼり [特別純米酒] (米: 国産米, 精米: 非公開)
    ✨ [新規SKU抽出] 特別純米酒 生酒原酒 しずくしぼり [特別純米酒] (米: 国産米, 精米: 非公開)
    ✨ [新規SKU抽出] 山鶴スパークリング純米酒 [純米酒] (米: 国産米, 精米: 非公開)
    ✨ [新規SKU抽出] 純米大吟醸（黒）スパークリング [純米大吟醸酒] (米: 国産米, 精米: 非公開)
    ✨ [新規SKU抽出] （生酒）純米吟醸 クラビトノウタ　金箔入り樽酒 [純米吟醸酒] (米: 国産米, 精米: 非公開)
    ✨ [新規SKU抽出] 山鶴 純米酒粕発酵パウダー「糀っ粉」120ｇ [純米酒] (米: 国産米, 精米: 非公開)
    ✨ [新規SKU抽出] 山鶴 純米大吟醸 秘蔵酒（18BY） [純米大吟醸酒] (米: 国産米, 精米: 非公開)
  👉 株式会社中本酒造店: 40 件の新規SKUを深層クローリングにより追加登録
[844/1376] 🏭 ID 5785: 稲田酒造 合名会社 (奈良県) - http://www.inaten.com
    ✨ [新規SKU抽出] 黒松稲天 大吟醸 [大吟醸酒] (米: 国産米, 精米: 非公開)
    ✨ [新規SKU抽出] 黒松稲天　純米吟醸 [純米吟醸酒] (米: 国産米, 精米: 非公開)
    ✨ [新規SKU抽出] 黒松稲天 純米しぼりたて生原酒　«冬季限定» [純米酒] (米: 国産米, 精米: 非公開)
    ✨ [新規SKU抽出] 黒松稲天 本醸造しぼりたて生原酒　«冬季限定» [本醸造酒] (米: 国産米, 精米: 非公開)
    ✨ [新規SKU抽出] 黒松稲天 純米しぼりたて生原酒　≪冬季限定≫ [純米酒] (米: 国産米, 精米: 非公開)
    ✨ [新規SKU抽出] 黒松稲天 本醸造しぼりたて生原酒　≪冬季限定≫ [本醸造酒] (米: 国産米, 精米: 非公開)
  👉 稲田酒造 合名会社: 6 件の新規SKUを深層クローリングにより追加登録
[845/1376] 🏭 ID 5786: 中谷酒造 株式会社 (奈良県) - https://www.sake-asaka.co.jp
    ✨ [新規SKU抽出] 5.中谷酒造等現代の純米酒製法との比較 [純米酒] (米: 国産米, 精米: 非公開)
  👉 中谷酒造 株式会社: 1 件の新規SKUを深層クローリングにより追加登録
[846/1376] 🏭 ID 5787: 喜多酒造 株式会社 (奈良県) - https://miyokiku.com
    ✨ [新規SKU抽出] 大吟醸　白檮　金賞受賞酒　期間限定... [大吟醸酒] (米: 国産米, 精米: 非公開)
    ✨ [新規SKU抽出] 水もとで譲す純米吟醸酒 [純米吟醸酒] (米: 国産米, 精米: 非公開)
    ✨ [新規SKU抽出] （伝統的な酒造製法「水もと」で譲す、純米吟醸酒） [純米吟醸酒] (米: 国産米, 精米: 非公開)
    ✨ [新規SKU抽出] 純米大吟醸　御代菊　水もと仕込み　奈々露 [純米大吟醸酒] (米: 国産米, 精米: 非公開)
    ✨ [新規SKU抽出] 本醸造　御代菊（みよきく） [本醸造酒] (米: 国産米, 精米: 非公開)
    ✨ [新規SKU抽出] 大吟醸酒,純米吟醸酒,純米酒,貴醸酒,本醸造生貯蔵酒, [純米吟醸酒] (米: 国産米, 精米: 非公開)
    ✨ [新規SKU抽出] （純米吟醸原酒の水もと仕込み） [純米吟醸酒] (米: 国産米, 精米: 非公開)
    ✨ [新規SKU抽出] 酵母の力によるアルコール20%の純米吟醸原酒。 [純米吟醸酒] (米: 国産米, 精米: 20%)
    ✨ [新規SKU抽出] 純米吟醸　利兵衞（りへい） [純米吟醸酒] (米: 国産米, 精米: 非公開)
  👉 喜多酒造 株式会社: 9 件の新規SKUを深層クローリングにより追加登録
[847/1376] 🏭 ID 5788: 河合酒造 株式会社 (奈良県) - https://www.facebook.com/syusseotoko/
[848/1376] 🏭 ID 5789: 澤田酒造 株式会社 (奈良県) - https://www.kankiko.jp
    ✨ [新規SKU抽出] 「ミラノ酒チャレンジ2022」にて『歓喜光 純米大吟醸』が銅賞に選ばれました。 [純米大吟醸酒] (米: 国産米, 精米: 非公開)
    ✨ [新規SKU抽出] 純米吟醸 初穂乃香 [純米吟醸酒] (米: 国産米, 精米: 非公開)
    ✨ [新規SKU抽出] 「全国燗酒コンテスト2022」プレミアム燗酒部門／金賞（受賞酒：純米吟醸 初穂乃香） [純米吟醸酒] (米: 国産米, 精米: 非公開)
    ✨ [新規SKU抽出] 「ミラノ酒チャレンジ2023」純米・本醸造部門／ダブル金賞（受賞酒：悠久の光 純米） [本醸造酒] (米: 国産米, 精米: 非公開)
  👉 澤田酒造 株式会社: 4 件の新規SKUを深層クローリングにより追加登録
[849/1376] 🏭 ID 5790: 株式会社 大倉本家 (奈良県) - https://kinko-ookura.com
    ✨ [新規SKU抽出] 山廃仕込みとは？ [普通酒] (米: 国産米, 精米: 非公開)
    ✨ [新規SKU抽出] 山廃 でしか出せない蔵の味。 [普通酒] (米: 国産米, 精米: 非公開)
    ✨ [新規SKU抽出] 山廃　生原酒（直汲み、中取り、本生） [普通酒] (米: 国産米, 精米: 非公開)
    ✨ [新規SKU抽出] 山廃特別純米　雄町70 [特別純米酒] (米: 雄町, 精米: 非公開)
    ✨ [新規SKU抽出] 山廃特別純米　朝日60 [特別純米酒] (米: 国産米, 精米: 非公開)
    ✨ [新規SKU抽出] 辛口山廃特別純米 [特別純米酒] (米: 国産米, 精米: 非公開)
    ✨ [新規SKU抽出] 山廃純米　陽の光70 [純米酒] (米: 国産米, 精米: 非公開)
    ✨ [新規SKU抽出] 速醸　生原酒（あらばしり、中取り、本生） [普通酒] (米: 国産米, 精米: 非公開)
    ✨ [新規SKU抽出] 特別純米　秋あがり [特別純米酒] (米: 国産米, 精米: 非公開)
    ✨ [新規SKU抽出] 金鼓　純米うすにごり　無濾過生原酒｜大倉本家 [純米酒] (米: 国産米, 精米: 非公開)
    ✨ [新規SKU抽出] 速醸 生原酒 [普通酒] (米: 国産米, 精米: 非公開)
    ✨ [新規SKU抽出] （Saccharomyces sake）を用いた特別純米酒です。 [特別純米酒] (米: 国産米, 精米: 非公開)
    ✨ [新規SKU抽出] 金鼓　純米うすにごり　無濾過生原酒 [純米酒] (米: 国産米, 精米: 非公開)
    ✨ [新規SKU抽出] 仕込んだ特別純米酒です。 [特別純米酒] (米: 国産米, 精米: 非公開)
    ✨ [新規SKU抽出] 山廃 生原酒 [普通酒] (米: 国産米, 精米: 非公開)
    ✨ [新規SKU抽出] 大倉　山廃特別純米　愛山70 [特別純米酒] (米: 愛山, 精米: 非公開)
    ✨ [新規SKU抽出] 大倉　山廃特別純米　雄町70 [特別純米酒] (米: 雄町, 精米: 非公開)
    ✨ [新規SKU抽出] 「大倉・山廃」の代名詞と云っても過言ではない一品。 [普通酒] (米: 国産米, 精米: 非公開)
    ✨ [新規SKU抽出] 大倉　山廃特別純米　朝日60 [特別純米酒] (米: 国産米, 精米: 非公開)
    ✨ [新規SKU抽出] 大倉　山廃特別純米　～辛口仕上げ～ [特別純米酒] (米: 国産米, 精米: 非公開)
    ✨ [新規SKU抽出] 大倉　山廃純米　陽の光70 [純米酒] (米: 国産米, 精米: 非公開)
    ✨ [新規SKU抽出] 蔵伝承の「山廃仕込み」によって醸し上げました。 [普通酒] (米: 国産米, 精米: 非公開)
  👉 株式会社 大倉本家: 22 件の新規SKUを深層クローリングにより追加登録
[850/1376] 🏭 ID 5791: 梅乃宿酒造 株式会社 (奈良県) - https://www.umenoyado.com/
    ✨ [新規SKU抽出] リキュール [リキュール] (米: 国産米, 精米: 非公開)
    ✨ [新規SKU抽出] 葛城　純米大吟醸 [純米大吟醸酒] (米: 国産米, 精米: 非公開)
    ✨ [新規SKU抽出] 純米大吟醸　山田錦 [純米大吟醸酒] (米: 山田錦, 精米: 非公開)
    ✨ [新規SKU抽出] 純米吟醸 高島雄町 生酛 無濾過 <生> [純米吟醸酒] (米: 雄町, 精米: 非公開)
    ✨ [新規SKU抽出] 純米吟醸 高島雄町 生酛 無濾過 [純米吟醸酒] (米: 雄町, 精米: 非公開)
    ✨ [新規SKU抽出] 秘蔵大吟醸 [大吟醸酒] (米: 国産米, 精米: 非公開)
    ✨ [新規SKU抽出] 天下一　純米大吟醸 [純米大吟醸酒] (米: 国産米, 精米: 非公開)
    ✨ [新規SKU抽出] 梅乃宿の梅酒 [リキュール] (米: 国産米, 精米: 非公開)
    ✨ [新規SKU抽出] 梅乃宿の梅酒　黒ラベル [リキュール] (米: 国産米, 精米: 非公開)
    ✨ [新規SKU抽出] あらごし梅酒 [リキュール] (米: 国産米, 精米: 非公開)
    ✨ [新規SKU抽出] 厳選された２品種のいちご果肉をそのまま食べるようにたのしめる贅沢なリキュールです。 [リキュール] (米: 国産米, 精米: 非公開)
    ✨ [新規SKU抽出] 日本酒とたっぷりの桃が溶け合った、やさしいリキュール。 [リキュール] (米: 国産米, 精米: 非公開)
  👉 梅乃宿酒造 株式会社: 12 件の新規SKUを深層クローリングにより追加登録
[851/1376] 🏭 ID 5792: 長龍酒造 株式会社 (奈良県) - http://www.choryo.jp
[852/1376] 🏭 ID 5793: 油長酒造 株式会社 (奈良県) - http://www.yucho-sake.jp
[853/1376] 🏭 ID 5794: 葛城酒造 株式会社 (奈良県) - http://www.hyakurakumon-sake.com
    ✨ [新規SKU抽出] 純米生原酒 [純米酒] (米: 国産米, 精米: 非公開)
    ✨ [新規SKU抽出] どぶろく（生原酒） [どぶろく] (米: 国産米, 精米: 非公開)
    ✨ [新規SKU抽出] さわやかサッパリの仕上げ。清酒版"純米大吟醸"のモロミです。 [純米大吟醸酒] (米: 国産米, 精米: 非公開)
    ✨ [新規SKU抽出] 純米大吟醸50 [純米大吟醸酒] (米: 国産米, 精米: 非公開)
    ✨ [新規SKU抽出] 特別純米　冴 [特別純米酒] (米: 国産米, 精米: 非公開)
    ✨ [新規SKU抽出] 超辛口純米酒。ワンカップ有。酸味で引き締め充分な旨味。 [純米酒] (米: 国産米, 精米: 非公開)
    ✨ [新規SKU抽出] ラベル通り！ぬる燗最高。ほのかに香る吟醸香。通年流通10月から。 [吟醸酒] (米: 国産米, 精米: 非公開)
    ✨ [新規SKU抽出] 真精純米大吟醸 [純米大吟醸酒] (米: 国産米, 精米: 非公開)
    ✨ [新規SKU抽出] 純米吟醸生原酒 [純米吟醸酒] (米: 国産米, 精米: 非公開)
    ✨ [新規SKU抽出] 真精大吟醸 [大吟醸酒] (米: 国産米, 精米: 非公開)
    ✨ [新規SKU抽出] 特別本醸造　冴 [特別本醸造酒] (米: 国産米, 精米: 非公開)
    ✨ [新規SKU抽出] 夏のどぶろく [どぶろく] (米: 国産米, 精米: 非公開)
    ✨ [新規SKU抽出] 酵母が生きている生どぶろく。どんどん噴き上がる。開栓には要注意。さわやか、軽快な味。 [どぶろく] (米: 国産米, 精米: 非公開)
    ✨ [新規SKU抽出] 特別純米酒 [特別純米酒] (米: 国産米, 精米: 非公開)
    ✨ [新規SKU抽出] 純米大吟醸　万里 [純米大吟醸酒] (米: 国産米, 精米: 非公開)
    ✨ [新規SKU抽出] 純米吟醸原酒 [純米吟醸酒] (米: 国産米, 精米: 非公開)
    ✨ [新規SKU抽出] 純米大吟醸生原酒 [純米大吟醸酒] (米: 国産米, 精米: 非公開)
    ✨ [新規SKU抽出] 純米生大吟醸 [大吟醸酒] (米: 国産米, 精米: 非公開)
    ✨ [新規SKU抽出] しぼりたて！香り高く味わいは後口よい辛口 [普通酒] (米: 国産米, 精米: 非公開)
    ✨ [新規SKU抽出] 夏のどぶろく－「百楽門」奈良の日本酒蔵元 葛城酒造 [どぶろく] (米: 国産米, 精米: 非公開)
    ✨ [新規SKU抽出] 純米大吟醸　万里－「百楽門」奈良の日本酒蔵元 葛城酒造 [純米大吟醸酒] (米: 国産米, 精米: 非公開)
    ✨ [新規SKU抽出] 特別純米　冴－「百楽門」奈良の日本酒蔵元 葛城酒造 [特別純米酒] (米: 国産米, 精米: 非公開)
    ✨ [新規SKU抽出] 純米酒－「百楽門」奈良の日本酒蔵元 葛城酒造 [純米酒] (米: 国産米, 精米: 非公開)
  👉 葛城酒造 株式会社: 23 件の新規SKUを深層クローリングにより追加登録
[854/1376] 🏭 ID 5795: 千代酒造 株式会社 (奈良県) - https://chiyoshuzo.co.jp
[855/1376] 🏭 ID 5796: 株式会社 山本本家 (奈良県) - https://matsunotomo.com
[856/1376] 🏭 ID 5797: 五條酒造 株式会社 (奈良県) - http://sake-goshin.com
    ✨ [新規SKU抽出] 日本酒通販・ギフト 五條酒造通販 | 但馬流 純米大吟醸酒 五神 [純米大吟醸酒] (米: 国産米, 精米: 非公開)
    ✨ [新規SKU抽出] リキュール [リキュール] (米: 国産米, 精米: 非公開)
    ✨ [新規SKU抽出] 純米大吟醸 山田錦 [純米大吟醸酒] (米: 山田錦, 精米: 非公開)
    ✨ [新規SKU抽出] 大吟醸 山田錦 [大吟醸酒] (米: 山田錦, 精米: 非公開)
    ✨ [新規SKU抽出] にごり酒 [普通酒] (米: 国産米, 精米: 非公開)
    ✨ [新規SKU抽出] にごり酒らしいとろみと甘みを持った濃醇な酒。 [普通酒] (米: 国産米, 精米: 非公開)
    ✨ [新規SKU抽出] ぜひにごり酒ならではの喉越しをお楽しみ下さい。 [普通酒] (米: 国産米, 精米: 非公開)
    ✨ [新規SKU抽出] まさに本醸造酒らしい味わいの、のみ飽きの来ないお酒です。 [本醸造酒] (米: 国産米, 精米: 非公開)
    ✨ [新規SKU抽出] 純米大吟醸斗瓶囲い [純米大吟醸酒] (米: 国産米, 精米: 非公開)
    ✨ [新規SKU抽出] 純米大吟醸神秘薫 [純米大吟醸酒] (米: 国産米, 精米: 非公開)
    ✨ [新規SKU抽出] リキュールカテゴリ [リキュール] (米: 国産米, 精米: 非公開)
    ✨ [新規SKU抽出] 五神こだわりのリキュール [リキュール] (米: 国産米, 精米: 非公開)
    ✨ [新規SKU抽出] ゆず酒 [リキュール] (米: 国産米, 精米: 非公開)
    ✨ [新規SKU抽出] 純米大吟醸まほろばの雫 [純米大吟醸酒] (米: 国産米, 精米: 非公開)
    ✨ [新規SKU抽出] さわやか梅酒 [リキュール] (米: 国産米, 精米: 非公開)
    ✨ [新規SKU抽出] 大吟醸 備前雄町 生貯蔵 [大吟醸酒] (米: 雄町, 精米: 非公開)
    ✨ [新規SKU抽出] 特別純米 無濾過生原酒 [特別純米酒] (米: 国産米, 精米: 非公開)
    ✨ [新規SKU抽出] 純米大吟醸 壷中天酒 [純米大吟醸酒] (米: 国産米, 精米: 非公開)
    ✨ [新規SKU抽出] 純米大吟醸 備前雄町 [純米大吟醸酒] (米: 雄町, 精米: 非公開)
    ✨ [新規SKU抽出] 特別純米酒 [特別純米酒] (米: 国産米, 精米: 非公開)
    ✨ [新規SKU抽出] 奈良うるはし純米酒 [純米酒] (米: 国産米, 精米: 非公開)
    ✨ [新規SKU抽出] 純米吟醸華五神 [純米吟醸酒] (米: 国産米, 精米: 非公開)
    ✨ [新規SKU抽出] 純金箔入り本醸造 [本醸造酒] (米: 国産米, 精米: 非公開)
  👉 五條酒造 株式会社: 23 件の新規SKUを深層クローリングにより追加登録
[857/1376] 🏭 ID 5798: 今西酒造 株式会社 (奈良県) - https://mimizuku.co.jp/
[858/1376] 🏭 ID 5799: 西内酒造 (奈良県) - https://nara-tanzan.com
    ✨ [新規SKU抽出] 酒蔵の香り高い、酵素・酵母の活きたフレッシュな、にごり酒。 [普通酒] (米: 国産米, 精米: 非公開)
    ✨ [新規SKU抽出] 古代米を使用した、ほんのり桜色の純米酒。 [純米酒] (米: 国産米, 精米: 非公開)
    ✨ [新規SKU抽出] フレッシュな『にごり酒』 [普通酒] (米: 国産米, 精米: 非公開)
    ✨ [新規SKU抽出] 奈良県産米を70％に精米し、本当に「生」の「にごり酒」です。 [普通酒] (米: 国産米, 精米: 非公開)
    ✨ [新規SKU抽出] 味わいが穏やかで、爽やかで、やわらかい香りの特別純米酒 [特別純米酒] (米: 国産米, 精米: 非公開)
    ✨ [新規SKU抽出] 山乃かみ酵母使用　純米吟醸（談山）露葉風使用 [純米吟醸酒] (米: 国産米, 精米: 非公開)
  👉 西内酒造: 6 件の新規SKUを深層クローリングにより追加登録
[859/1376] 🏭 ID 5800: 芳村酒造 株式会社 (奈良県) - https://www.begin.or.jp/~inadoya/
[860/1376] 🏭 ID 5801: 株式会社 久保本家酒造 (奈良県) - https://kubohonke.com
    ✨ [新規SKU抽出] 伝統の「生酛造り」が息づく、唯一無二の熟成酒 [普通酒] (米: 国産米, 精米: 非公開)
    ✨ [新規SKU抽出] 伝統の「生酛造り」が息づく、 [普通酒] (米: 国産米, 精米: 非公開)
    ✨ [新規SKU抽出] 微生物の力を信じる「生酛（きもと）造り」 [普通酒] (米: 国産米, 精米: 非公開)
    ✨ [新規SKU抽出] 初霞 大吟醸 かぎろひの里 [大吟醸酒] (米: 国産米, 精米: 非公開)
    ✨ [新規SKU抽出] 睡龍 純米大吟醸 爽辛一火 [純米大吟醸酒] (米: 国産米, 精米: 非公開)
    ✨ [新規SKU抽出] 生酛のどぶ [普通酒] (米: 国産米, 精米: 非公開)
    ✨ [新規SKU抽出] 睡龍 生酛純米 熟成 [純米酒] (米: 国産米, 精米: 非公開)
    ✨ [新規SKU抽出] 生酛のどぶ 前掛（ポケット付） [普通酒] (米: 国産米, 精米: 非公開)
    ✨ [新規SKU抽出] 生酛のどぶ 平盃（黒） [普通酒] (米: 国産米, 精米: 非公開)
    ✨ [新規SKU抽出] 生酛のどぶ 石鹸 [普通酒] (米: 国産米, 精米: 非公開)
    ✨ [新規SKU抽出] 生酛のどぶ 腹巻 [普通酒] (米: 国産米, 精米: 非公開)
    ✨ [新規SKU抽出] 「睡龍 特別純米 爽辛一火」 [特別純米酒] (米: 国産米, 精米: 非公開)
    ✨ [新規SKU抽出] 「睡龍 純米大吟醸 爽辛一火」 [純米大吟醸酒] (米: 国産米, 精米: 非公開)
    ✨ [新規SKU抽出] 「純米吟醸 初霞 爽辛一火」 [純米吟醸酒] (米: 国産米, 精米: 非公開)
    ✨ [新規SKU抽出] 「純米吟醸 睡龍 爽辛一火」 [純米吟醸酒] (米: 国産米, 精米: 非公開)
    ✨ [新規SKU抽出] 睡龍 純米大吟醸 – 久保本家酒造 [純米大吟醸酒] (米: 国産米, 精米: 非公開)
    ✨ [新規SKU抽出] 大吟醸では珍しい旨味の濃さと、澄み渡る余韻 [大吟醸酒] (米: 国産米, 精米: 非公開)
    ✨ [新規SKU抽出] 純米大吟醸ならではの上品な香りと透明感のある味わいに、睡龍 [純米大吟醸酒] (米: 国産米, 精米: 非公開)
    ✨ [新規SKU抽出] 睡龍 生酛純米 一二三（うたたね）長期熟成 [純米酒] (米: 国産米, 精米: 非公開)
    ✨ [新規SKU抽出] 睡龍 生酛純米吟醸 一二三（うたたね）長期熟成 [純米吟醸酒] (米: 国産米, 精米: 非公開)
    ✨ [新規SKU抽出] 睡龍 熟成生酛 – 久保本家酒造 [普通酒] (米: 国産米, 精米: 非公開)
    ✨ [新規SKU抽出] 生酛のどぶ 平盃（黒） – 久保本家酒造 [普通酒] (米: 国産米, 精米: 非公開)
    ✨ [新規SKU抽出] 生酛のどぶ 平盃（黒） - 画像 (2) [普通酒] (米: 国産米, 精米: 非公開)
    ✨ [新規SKU抽出] / 生酛のどぶ 平盃（黒） [普通酒] (米: 国産米, 精米: 非公開)
    ✨ [新規SKU抽出] 生酛のどぶ 平盃（黒）個 [普通酒] (米: 国産米, 精米: 非公開)
  👉 株式会社 久保本家酒造: 25 件の新規SKUを深層クローリングにより追加登録
[861/1376] 🏭 ID 5802: 北村酒造 株式会社 (奈良県) - https://www.kitamurasyuzou.co.jp
[862/1376] 🏭 ID 5803: 株式会社 北岡本店 (奈良県) - https://www.kitaoka-honten.com
    ✨ [新規SKU抽出] 本醸造・その他 [本醸造酒] (米: 国産米, 精米: 非公開)
    ✨ [新規SKU抽出] 桜花入リキュール [リキュール] (米: 国産米, 精米: 非公開)
    ✨ [新規SKU抽出] 純米大吟醸　やたがらす [純米大吟醸酒] (米: 国産米, 精米: 非公開)
    ✨ [新規SKU抽出] やたがらす 純米大吟醸 [純米大吟醸酒] (米: 国産米, 精米: 非公開)
    ✨ [新規SKU抽出] ”清酒 > 本醸造・その他”の検索結果 [本醸造酒] (米: 国産米, 精米: 非公開)
    ✨ [新規SKU抽出] 吉野千本桜 本醸造 カップ [本醸造酒] (米: 国産米, 精米: 非公開)
    ✨ [新規SKU抽出] 八咫烏 本醸造 プレイカップ [本醸造酒] (米: 国産米, 精米: 非公開)
    ✨ [新規SKU抽出] 八咫烏 上撰本醸造 [本醸造酒] (米: 国産米, 精米: 非公開)
    ✨ [新規SKU抽出] ”清酒 > 純米大吟醸”の検索結果 [純米大吟醸酒] (米: 国産米, 精米: 非公開)
    ✨ [新規SKU抽出] やたがらす　『総理』　純米大吟醸 [純米大吟醸酒] (米: 国産米, 精米: 非公開)
    ✨ [新規SKU抽出] 数量限定特別記念酒 『総理』純米大吟醸。 [純米大吟醸酒] (米: 国産米, 精米: 非公開)
    ✨ [新規SKU抽出] 吉野千本桜 純米大吟醸 [純米大吟醸酒] (米: 国産米, 精米: 非公開)
    ✨ [新規SKU抽出] ”リキュール > チョコレート系”の検索結果 [リキュール] (米: 国産米, 精米: 非公開)
    ✨ [新規SKU抽出] 新しいカクテルベースのチョコリキュール「ショコラディーテ」販売開始！ [リキュール] (米: 国産米, 精米: 非公開)
    ✨ [新規SKU抽出] チョコオレンジリキュール [リキュール] (米: 国産米, 精米: 非公開)
    ✨ [新規SKU抽出] チョコイチゴリキュール [リキュール] (米: 国産米, 精米: 非公開)
    ✨ [新規SKU抽出] チョコバナナリキュール [リキュール] (米: 国産米, 精米: 非公開)
    ✨ [新規SKU抽出] ”リキュール > 桜花入リキュール”の検索結果 [リキュール] (米: 国産米, 精米: 非公開)
    ✨ [新規SKU抽出] 桜の花が３つ入った甘ずっぱいリキュール。瓶も万華鏡のようにキラ☆キラ☆ [リキュール] (米: 国産米, 精米: 非公開)
  👉 株式会社 北岡本店: 19 件の新規SKUを深層クローリングにより追加登録
[863/1376] 🏭 ID 5804: 藤村酒造 株式会社 (奈良県) - http://yoshino-umazake.com/natu.htm
    ✨ [新規SKU抽出] 万代老松純米酒 [純米酒] (米: 国産米, 精米: 非公開)
  👉 藤村酒造 株式会社: 1 件の新規SKUを深層クローリングにより追加登録
[864/1376] 🏭 ID 5983: 浪乃音酒造株式会社 (滋賀県) - https://naminooto.com/
    ✨ [新規SKU抽出] リキュール [リキュール] (米: 国産米, 精米: 非公開)
    ✨ [新規SKU抽出] ・注文A：浪乃音 ええとこどり 純米大吟醸 生酒 720㎖ [純米大吟醸酒] (米: 国産米, 精米: 非公開)
    ✨ [新規SKU抽出] ・注文B：浪乃音 梅酒 「梅ほのか」 720㎖ [リキュール] (米: 国産米, 精米: 非公開)
    ✨ [新規SKU抽出] 浪乃音 大吟醸「金井泰一流」生酒 [大吟醸酒] (米: 国産米, 精米: 非公開)
    ✨ [新規SKU抽出] 浪乃音「純米大吟醸」 [純米大吟醸酒] (米: 国産米, 精米: 非公開)
    ✨ [新規SKU抽出] 浪乃音 純米大吟醸「古壷新酒」生酒 [純米大吟醸酒] (米: 国産米, 精米: 非公開)
    ✨ [新規SKU抽出] 浪乃音  純米大吟醸「備前雄町」生酒 [純米大吟醸酒] (米: 雄町, 精米: 非公開)
    ✨ [新規SKU抽出] 浪乃音 純米大吟醸「渡船」生酒 [純米大吟醸酒] (米: 国産米, 精米: 非公開)
    ✨ [新規SKU抽出] ALMOST SHIGA 純米吟醸「湖の辺にして」生酒 [純米吟醸酒] (米: 国産米, 精米: 非公開)
    ✨ [新規SKU抽出] ええとこどり「純米大吟醸」生酒 [純米大吟醸酒] (米: 国産米, 精米: 非公開)
    ✨ [新規SKU抽出] ええとこどり「純米吟醸 1401酵母」生酒 [純米吟醸酒] (米: 国産米, 精米: 非公開)
    ✨ [新規SKU抽出] ええとこどり「純米吟醸 901酵母」生酒 [純米吟醸酒] (米: 国産米, 精米: 非公開)
    ✨ [新規SKU抽出] ええとこどり「純米吟醸901酵母」火入れ [純米吟醸酒] (米: 国産米, 精米: 非公開)
    ✨ [新規SKU抽出] ええとこどり「純米酒超辛口」無濾過生原酒 [純米酒] (米: 国産米, 精米: 非公開)
    ✨ [新規SKU抽出] ええとこどり「純米酒超辛口」火入れ [純米酒] (米: 国産米, 精米: 非公開)
    ✨ [新規SKU抽出] ええとこどり「純米酒」無濾過生原酒 [純米酒] (米: 国産米, 精米: 非公開)
    ✨ [新規SKU抽出] ええとこどり「純米酒」生酒 [純米酒] (米: 国産米, 精米: 非公開)
    ✨ [新規SKU抽出] ええとこどり「純米酒」火入れ [純米酒] (米: 国産米, 精米: 非公開)
    ✨ [新規SKU抽出] ええとこどり「本醸造」火入れ [本醸造酒] (米: 国産米, 精米: 非公開)
    ✨ [新規SKU抽出] 浪乃音 夏吟醸酒「風」生酒 [吟醸酒] (米: 国産米, 精米: 非公開)
    ✨ [新規SKU抽出] 香りの良いすっきりとした口当たりで、吟醸香が広がり爽やかなお酒です。 [吟醸酒] (米: 国産米, 精米: 非公開)
    ✨ [新規SKU抽出] 浪乃音 冬純米吟醸「湖」生酒 [純米吟醸酒] (米: 国産米, 精米: 非公開)
    ✨ [新規SKU抽出] 浪乃音 純米吟醸生酒「桜」 [純米吟醸酒] (米: 国産米, 精米: 非公開)
    ✨ [新規SKU抽出] 浪乃音 純米吟醸生酒「花火」 [純米吟醸酒] (米: 国産米, 精米: 非公開)
    ✨ [新規SKU抽出] 浪乃音 純米吟醸生酒「月」 [純米吟醸酒] (米: 国産米, 精米: 非公開)
    ✨ [新規SKU抽出] 浪乃音 純米吟醸生酒「雪」 [純米吟醸酒] (米: 国産米, 精米: 非公開)
    ✨ [新規SKU抽出] 浪乃音 梅酒「梅ほのか」 [リキュール] (米: 国産米, 精米: 非公開)
    ✨ [新規SKU抽出] 梅の味と香りがしっかりと感じられ、後味のまろやかな甘みが特徴の和のリキュールです。 [リキュール] (米: 国産米, 精米: 非公開)
    ✨ [新規SKU抽出] 浪乃音 ゆず酒「いきいき生ゆず」 [リキュール] (米: 国産米, 精米: 非公開)
    ✨ [新規SKU抽出] 国産のゆず果汁と浪乃音の日本酒をかけ合わせた和のリキュールです。 [リキュール] (米: 国産米, 精米: 非公開)
    ✨ [新規SKU抽出] 大分県産かぼす果汁と浪乃音の日本酒を掛け合わせた和のリキュールです。 [リキュール] (米: 国産米, 精米: 非公開)
  👉 浪乃音酒造株式会社: 31 件の新規SKUを深層クローリングにより追加登録
[865/1376] 🏭 ID 5984: 太田酒造株式会社 (滋賀県) - https://www.ohta-shuzou.co.jp
[866/1376] 🏭 ID 5985: 古川酒造有限会社 (滋賀県) - https://www.furukawashuzo.com
    ✨ [新規SKU抽出] 天井川　純米大吟醸 [純米大吟醸酒] (米: 国産米, 精米: 非公開)
    ✨ [新規SKU抽出] 天井川 純米大吟醸生原酒 [純米大吟醸酒] (米: 国産米, 精米: 非公開)
    ✨ [新規SKU抽出] 天井川　純米吟醸 [純米吟醸酒] (米: 国産米, 精米: 非公開)
    ✨ [新規SKU抽出] 天井川 純米吟醸生原酒 [純米吟醸酒] (米: 国産米, 精米: 非公開)
    ✨ [新規SKU抽出] 天井川　特別純米 [特別純米酒] (米: 国産米, 精米: 非公開)
    ✨ [新規SKU抽出] 天井川 特別純米生原酒 [特別純米酒] (米: 国産米, 精米: 非公開)
    ✨ [新規SKU抽出] 天井川　本醸造原酒 [本醸造酒] (米: 国産米, 精米: 非公開)
    ✨ [新規SKU抽出] 天井川 本醸造原酒 [本醸造酒] (米: 国産米, 精米: 非公開)
    ✨ [新規SKU抽出] 天井川　本醸造 [本醸造酒] (米: 国産米, 精米: 非公開)
    ✨ [新規SKU抽出] 天井川 本醸造 [本醸造酒] (米: 国産米, 精米: 非公開)
    ✨ [新規SKU抽出] 当蔵の本醸造原酒に仕込み水を加えアルコール度数を抑えた日本酒となります。 [本醸造酒] (米: 国産米, 精米: 非公開)
  👉 古川酒造有限会社: 11 件の新規SKUを深層クローリングにより追加登録
[867/1376] 🏭 ID 5986: 北島酒造株式会社 (滋賀県) - https://kitajima-shuzo.jp/
    ✨ [新規SKU抽出] 吟醸造り [吟醸酒] (米: 国産米, 精米: 非公開)
    ✨ [新規SKU抽出] 8月の量り売りは、7月27日(木）～29日(土）「湖の凪　生酛　八〇　火入」です。 [普通酒] (米: 国産米, 精米: 非公開)
  👉 北島酒造株式会社: 2 件の新規SKUを深層クローリングにより追加登録
[868/1376] 🏭 ID 5987: 藤本酒造株式会社 (滋賀県) - http://f-shinkai.com/
    ✨ [新規SKU抽出] 無濾過生原酒 [普通酒] (米: 国産米, 精米: 非公開)
    ✨ [新規SKU抽出] リキュール [リキュール] (米: 国産米, 精米: 非公開)
    ✨ [新規SKU抽出] 重厚な山廃仕込と淡麗な吟醸造りという異質なものの調和を目指す・・・。 [吟醸酒] (米: 国産米, 精米: 非公開)
    ✨ [新規SKU抽出] 挑戦の結果、素晴らしい出来となりました。華やかな吟醸香を持ち、 [吟醸酒] (米: 国産米, 精米: 非公開)
    ✨ [新規SKU抽出] かつ山廃由来の無骨で複雑な味わいが全体を引き締めます。 [普通酒] (米: 国産米, 精米: 非公開)
    ✨ [新規SKU抽出] 神開　山廃仕込　純米大吟醸　滋賀山田錦　四割磨 [純米大吟醸酒] (米: 山田錦, 精米: 非公開)
    ✨ [新規SKU抽出] 神開　山廃仕込　純米大吟醸　滋賀山田錦　五割磨 [純米大吟醸酒] (米: 山田錦, 精米: 非公開)
    ✨ [新規SKU抽出] 神開　山廃仕込　特別純米　滋賀山田錦　六割磨 [特別純米酒] (米: 山田錦, 精米: 非公開)
    ✨ [新規SKU抽出] 神開　純米吟醸　吟吹雪　1901号 [純米吟醸酒] (米: 国産米, 精米: 非公開)
    ✨ [新規SKU抽出] 神開　特別純米　吟吹雪　701号 [特別純米酒] (米: 国産米, 精米: 非公開)
    ✨ [新規SKU抽出] 神開　特別純米　吟吹雪　901号 [特別純米酒] (米: 国産米, 精米: 非公開)
    ✨ [新規SKU抽出] 神開　純米吟醸　玉栄　1901号 [純米吟醸酒] (米: 国産米, 精米: 非公開)
    ✨ [新規SKU抽出] 神開　特別純米　玉栄　701号 [特別純米酒] (米: 国産米, 精米: 非公開)
    ✨ [新規SKU抽出] 神開　特別純米　玉栄　901号 [特別純米酒] (米: 国産米, 精米: 非公開)
    ✨ [新規SKU抽出] 神開　特別純米　山廃仕込　701号 [特別純米酒] (米: 国産米, 精米: 非公開)
    ✨ [新規SKU抽出] 古式ゆかしい山廃仕込みに由来する、どっしりと濃醇で旨味が乗った味わい深いお酒です。 [普通酒] (米: 国産米, 精米: 非公開)
    ✨ [新規SKU抽出] お米の旨み、純米酒らしい酸を感じさせつつも全体は軽やかに仕上がるように意識しました。 [純米酒] (米: 国産米, 精米: 非公開)
    ✨ [新規SKU抽出] 神開　純米吟醸　春雨 [純米吟醸酒] (米: 国産米, 精米: 非公開)
    ✨ [新規SKU抽出] 神開　純米吟醸　ココメロ＆リモーネ [純米吟醸酒] (米: 国産米, 精米: 非公開)
    ✨ [新規SKU抽出] 神開　特別純米　秋酒 [特別純米酒] (米: 国産米, 精米: 非公開)
    ✨ [新規SKU抽出] 神開　特別純米　一番汲み [特別純米酒] (米: 国産米, 精米: 非公開)
    ✨ [新規SKU抽出] 「甲賀の清酒」で造った「甲賀のリキュール」です。 [リキュール] (米: 国産米, 精米: 非公開)
    ✨ [新規SKU抽出] 神開　平成13年製造　純米大古酒仕込　梅酒 [純米酒] (米: 国産米, 精米: 非公開)
    ✨ [新規SKU抽出] 神開　純米大吟醸　みやの四季 [純米大吟醸酒] (米: 国産米, 精米: 非公開)
    ✨ [新規SKU抽出] 神開　特別純米　大自然神開 [特別純米酒] (米: 国産米, 精米: 非公開)
    ✨ [新規SKU抽出] 神開　特別純米　ひげ神開 [特別純米酒] (米: 国産米, 精米: 非公開)
    ✨ [新規SKU抽出] 神開　純米にごり酒 [純米酒] (米: 国産米, 精米: 非公開)
    ✨ [新規SKU抽出] ほんのり甘く、とろりとしたのど越しが特徴の極濃純米にごり酒です。 [純米酒] (米: 国産米, 精米: 非公開)
    ✨ [新規SKU抽出] 神開　大吟醸　開運七福神 [大吟醸酒] (米: 国産米, 精米: 非公開)
    ✨ [新規SKU抽出] 神開　純米吟醸　神開蔵 [純米吟醸酒] (米: 国産米, 精米: 非公開)
    ✨ [新規SKU抽出] 神開　大吟醸　大津絵　まどか [大吟醸酒] (米: 国産米, 精米: 非公開)
  👉 藤本酒造株式会社: 31 件の新規SKUを深層クローリングにより追加登録
[869/1376] 🏭 ID 5988: 美冨久酒造株式会社 (滋賀県) - https://mifuku.co.jp
    ✨ [新規SKU抽出] 山廃仕込みのコクと深み、吟醸仕込みの香り高さ、 [吟醸酒] (米: 国産米, 精米: 非公開)
    ✨ [新規SKU抽出] 「山廃仕込 [普通酒] (米: 国産米, 精米: 非公開)
    ✨ [新規SKU抽出] 滋賀のお茶処甲賀市のお茶リキュール出来ました [リキュール] (米: 国産米, 精米: 非公開)
    ✨ [新規SKU抽出] しっかり熟成進みました。甲賀産美冨久の梅酒 [リキュール] (米: 国産米, 精米: 非公開)
    ✨ [新規SKU抽出] みふく梅酒 [リキュール] (米: 国産米, 精米: 非公開)
    ✨ [新規SKU抽出] MBS『所さん、お届けモノです！』で紹介されました！純米大吟醸　昇天神 [純米大吟醸酒] (米: 国産米, 精米: 非公開)
  👉 美冨久酒造株式会社: 6 件の新規SKUを深層クローリングにより追加登録
[870/1376] 🏭 ID 5989: 笑四季酒造株式会社 (滋賀県) - https://www.emishiki.com
    ✨ [新規SKU抽出] 技術研鑽と古典的吟醸への懐古と回帰 [吟醸酒] (米: 国産米, 精米: 非公開)
    ✨ [新規SKU抽出] 甘美な吟醸香が世界を席巻する [吟醸酒] (米: 国産米, 精米: 非公開)
    ✨ [新規SKU抽出] 甘美な吟醸香がもたらす恍惚の佳酒 [吟醸酒] (米: 国産米, 精米: 非公開)
  👉 笑四季酒造株式会社: 3 件の新規SKUを深層クローリングにより追加登録
[871/1376] 🏭 ID 5990: 安井利彦酒造場 (滋賀県) - https://www.hatsusakura.jp
    ✨ [新規SKU抽出] しぼりたて [普通酒] (米: 国産米, 精米: 非公開)
  👉 安井利彦酒造場: 1 件の新規SKUを深層クローリングにより追加登録
[872/1376] 🏭 ID 5991: 滋賀酒造株式会社 (滋賀県) - https://kibumusume.net/
    ✨ [新規SKU抽出] 8年以上貯蔵した米焼酎です。 [本格焼酎] (米: 国産米, 精米: 非公開)
    ✨ [新規SKU抽出] 本格純米焼酎　頂（いただき） [純米酒] (米: 国産米, 精米: 非公開)
    ✨ [新規SKU抽出] 貴生娘 純米酒しぼりたて　12月下旬から販売！ [純米酒] (米: 国産米, 精米: 非公開)
  👉 滋賀酒造株式会社: 3 件の新規SKUを深層クローリングにより追加登録
[873/1376] 🏭 ID 5992: 田中酒造株式会社 (滋賀県) - http://harunomine.com/
    ✨ [新規SKU抽出] 吟醸純米酒「光風霽月」 [吟醸酒] (米: 国産米, 精米: 非公開)
    ✨ [新規SKU抽出] 吟醸酒「春乃峰（黒ラベル）」 [吟醸酒] (米: 国産米, 精米: 非公開)
    ✨ [新規SKU抽出] 「春乃峰（生原酒）」 [普通酒] (米: 国産米, 精米: 非公開)
    ✨ [新規SKU抽出] 「春乃峰（純米酒）」 [純米酒] (米: 国産米, 精米: 非公開)
    ✨ [新規SKU抽出] 「春乃峰　にごり酒」 [普通酒] (米: 国産米, 精米: 非公開)
    ✨ [新規SKU抽出] 特別純米無濾過生原酒「楓葉」 [特別純米酒] (米: 国産米, 精米: 非公開)
    ✨ [新規SKU抽出] 吟醸純米酒「光風霽月（こうせいふうげつ）」 [吟醸酒] (米: 国産米, 精米: 非公開)
    ✨ [新規SKU抽出] ニ純米吟醸 [純米吟醸酒] (米: 国産米, 精米: 非公開)
    ✨ [新規SKU抽出] にごり酒用に仕込んだもろみから手作業で搾った活性にごり酒。 [普通酒] (米: 国産米, 精米: 非公開)
    ✨ [新規SKU抽出] 「春乃峰　にごり酒」※期間限定 [普通酒] (米: 国産米, 精米: 非公開)
    ✨ [新規SKU抽出] ロ純米酒 [純米酒] (米: 国産米, 精米: 非公開)
    ✨ [新規SKU抽出] 極寒に丁寧に仕込んだ純米酒を一年間じっくり熟成させたお酒です。 [純米酒] (米: 国産米, 精米: 非公開)
    ✨ [新規SKU抽出] 純米酒独特のしっかりした飲み口とスッキリした後口が特徴です。 [純米酒] (米: 国産米, 精米: 非公開)
  👉 田中酒造株式会社: 13 件の新規SKUを深層クローリングにより追加登録
[874/1376] 🏭 ID 5993: 瀬古酒造株式会社 (滋賀県) - https://www.sekoshuzo.co.jp/
    ✨ [新規SKU抽出] 純米吟醸忍者 無濾過 生 [純米吟醸酒] (米: 国産米, 精米: 非公開)
    ✨ [新規SKU抽出] 純米吟醸忍者 無濾過 火入れ [純米吟醸酒] (米: 国産米, 精米: 非公開)
    ✨ [新規SKU抽出] 純米吟醸忍者NEO無濾過生 [純米吟醸酒] (米: 国産米, 精米: 非公開)
    ✨ [新規SKU抽出] 純米吟醸忍者NEO無濾過火入れ [純米吟醸酒] (米: 国産米, 精米: 非公開)
    ✨ [新規SKU抽出] 純米吟醸 忍者PLUS 無濾過原酒生 [純米吟醸酒] (米: 国産米, 精米: 非公開)
    ✨ [新規SKU抽出] 純米吟醸 忍者PLUS 無濾過原酒火入れ [純米吟醸酒] (米: 国産米, 精米: 非公開)
    ✨ [新規SKU抽出] 忍者 特別純米 [特別純米酒] (米: 国産米, 精米: 非公開)
    ✨ [新規SKU抽出] 純米大吟醸忍者l'amour [純米大吟醸酒] (米: 国産米, 精米: 非公開)
    ✨ [新規SKU抽出] 純米大吟醸篤丸 [純米大吟醸酒] (米: 国産米, 精米: 非公開)
    ✨ [新規SKU抽出] 純米大甲賀ひやおろし [純米酒] (米: 国産米, 精米: 非公開)
    ✨ [新規SKU抽出] 純米大甲賀しぼりたて一番季節商品 [純米酒] (米: 国産米, 精米: 非公開)
    ✨ [新規SKU抽出] 純米吟醸月あかり [純米吟醸酒] (米: 国産米, 精米: 非公開)
    ✨ [新規SKU抽出] 純米忍者しぼりたて一番　＜うすにごり＞・微発泡季節商品 [純米酒] (米: 国産米, 精米: 非公開)
    ✨ [新規SKU抽出] 純米大甲賀しぼりたて一番季節商品 | 瀬古酒造 [純米酒] (米: 国産米, 精米: 非公開)
    ✨ [新規SKU抽出] にごり酒 [普通酒] (米: 国産米, 精米: 非公開)
    ✨ [新規SKU抽出] 冷蔵貯蔵した生原酒をそのまま瓶詰めした純米酒です。 [純米酒] (米: 国産米, 精米: 非公開)
    ✨ [新規SKU抽出] 甘くない大人のにごり酒。春の宵にとけ込むような、まろやかな味わいです。 [普通酒] (米: 国産米, 精米: 非公開)
    ✨ [新規SKU抽出] 純米吟醸忍者 無濾過 生 | 瀬古酒造 [純米吟醸酒] (米: 国産米, 精米: 非公開)
    ✨ [新規SKU抽出] 純米大甲賀ひやおろし | 瀬古酒造 [純米酒] (米: 国産米, 精米: 非公開)
    ✨ [新規SKU抽出] 秋の風物詩のひやおろしです。 [普通酒] (米: 国産米, 精米: 非公開)
    ✨ [新規SKU抽出] 当蔵で特に辛口の純米酒を厳選 [純米酒] (米: 国産米, 精米: 非公開)
  👉 瀬古酒造株式会社: 21 件の新規SKUを深層クローリングにより追加登録
[875/1376] 🏭 ID 5995: 松瀬酒造株式会社 (滋賀県) - https://www.matsunotsukasa.com
    ✨ [新規SKU抽出] 松の司 純米大吟醸 竜王山田錦 土壌別仕込 [純米大吟醸酒] (米: 山田錦, 精米: 非公開)
    ✨ [新規SKU抽出] with 松の司 純米酒 [純米酒] (米: 国産米, 精米: 非公開)
    ✨ [新規SKU抽出] with 松の司 純米吟醸 [純米吟醸酒] (米: 国産米, 精米: 非公開)
    ✨ [新規SKU抽出] with 松の司 純米大吟醸 陶酔 [純米大吟醸酒] (米: 国産米, 精米: 非公開)
    ✨ [新規SKU抽出] with 松の司 純米大吟醸 AZOLLA50 [純米大吟醸酒] (米: 国産米, 精米: 非公開)
    ✨ [新規SKU抽出] 純米大吟醸部門 8位 [純米大吟醸酒] (米: 国産米, 精米: 非公開)
    ✨ [新規SKU抽出] 「松の司 純米大吟醸 黒」 [純米大吟醸酒] (米: 国産米, 精米: 非公開)
    ✨ [新規SKU抽出] 純米吟醸部門 9位 [純米吟醸酒] (米: 国産米, 精米: 非公開)
    ✨ [新規SKU抽出] 「松の司 純米吟醸 楽」 [純米吟醸酒] (米: 国産米, 精米: 非公開)
    ✨ [新規SKU抽出] 純米酒部門 5位 [純米酒] (米: 国産米, 精米: 非公開)
    ✨ [新規SKU抽出] 「生酛純米酒」 [純米酒] (米: 国産米, 精米: 非公開)
    ✨ [新規SKU抽出] さらに「オーガニック純米酒」は《滋賀純米トロフィー》を受賞しました。 [純米酒] (米: 国産米, 精米: 非公開)
    ✨ [新規SKU抽出] 松の司 純米酒 尾花 [純米酒] (米: 国産米, 精米: 非公開)
    ✨ [新規SKU抽出] 「ひやおろし」の本来の意味 [普通酒] (米: 国産米, 精米: 非公開)
    ✨ [新規SKU抽出] 松の司 オーガニック純米酒 渡船 [純米酒] (米: 国産米, 精米: 非公開)
    ✨ [新規SKU抽出] 松の司　オーガニック純米酒　渡船 [純米酒] (米: 国産米, 精米: 非公開)
    ✨ [新規SKU抽出] 酒　母：生酛造り（酵母無添加） [普通酒] (米: 国産米, 精米: 非公開)
  👉 松瀬酒造株式会社: 17 件の新規SKUを深層クローリングにより追加登録
[876/1376] 🏭 ID 5997: 畑酒造有限会社 (滋賀県) - https://daijirou.jp/
    ✨ [新規SKU抽出] 喜量能 生酛純米吟醸 [純米吟醸酒] (米: 国産米, 精米: 非公開)
    ✨ [新規SKU抽出] うまいじゃん純米酒2024 [純米酒] (米: 国産米, 精米: 非公開)
  👉 畑酒造有限会社: 2 件の新規SKUを深層クローリングにより追加登録
[877/1376] 🏭 ID 5998: 喜多酒造株式会社 (滋賀県) - https://kirakucho.com/
    ✨ [新規SKU抽出] 喜楽長　純米大吟醸　愛おし [純米大吟醸酒] (米: 国産米, 精米: 非公開)
    ✨ [新規SKU抽出] 喜楽長　大吟醸 敬いし [大吟醸酒] (米: 国産米, 精米: 非公開)
    ✨ [新規SKU抽出] 喜楽長　純米大吟醸 [純米大吟醸酒] (米: 国産米, 精米: 非公開)
    ✨ [新規SKU抽出] 喜楽長　大吟醸 [大吟醸酒] (米: 国産米, 精米: 非公開)
    ✨ [新規SKU抽出] 喜楽長　辛口純米吟醸 [純米吟醸酒] (米: 国産米, 精米: 非公開)
    ✨ [新規SKU抽出] 喜楽長　純米吟醸 [純米吟醸酒] (米: 国産米, 精米: 非公開)
    ✨ [新規SKU抽出] 喜楽長　辛口純米酒 [純米酒] (米: 国産米, 精米: 非公開)
    ✨ [新規SKU抽出] 自家酵母で醸した大吟醸。喜楽長の味わいの中心である「柔らかさ」を表現しました。 [大吟醸酒] (米: 国産米, 精米: 非公開)
    ✨ [新規SKU抽出] しっとりと香る吟醸香と甘味の調和が特徴の大吟醸です。 [大吟醸酒] (米: 国産米, 精米: 非公開)
    ✨ [新規SKU抽出] 最大の特徴であるしっとりとした吟醸香は、口に含むとより一層広がりを見せます。 [吟醸酒] (米: 国産米, 精米: 非公開)
    ✨ [新規SKU抽出] 喜楽長ならではのしっとり香る大吟醸をお楽しみください。 [大吟醸酒] (米: 国産米, 精米: 非公開)
  👉 喜多酒造株式会社: 11 件の新規SKUを深層クローリングにより追加登録
[878/1376] 🏭 ID 5999: 増本藤兵衛酒造場 (滋賀県) - http://ususakura.jp/
[879/1376] 🏭 ID 6001: 多賀株式会社 (滋賀県) - https://www.taga-brew.com
    ✨ [新規SKU抽出] 純米にごり酒のご紹介 [純米酒] (米: 国産米, 精米: 非公開)
    ✨ [新規SKU抽出] 多賀 純米大吟醸 [純米大吟醸酒] (米: 国産米, 精米: 非公開)
    ✨ [新規SKU抽出] 多賀 純米吟醸 [純米吟醸酒] (米: 国産米, 精米: 非公開)
    ✨ [新規SKU抽出] 多賀 しぼりたて純米生原酒 [純米酒] (米: 国産米, 精米: 非公開)
    ✨ [新規SKU抽出] 多賀 純米にごり酒 [純米酒] (米: 国産米, 精米: 非公開)
    ✨ [新規SKU抽出] 多賀 純米吟醸 ひやおろし [純米吟醸酒] (米: 国産米, 精米: 非公開)
  👉 多賀株式会社: 6 件の新規SKUを深層クローリングにより追加登録
[880/1376] 🏭 ID 6002: 株式会社岡村本家 (滋賀県) - https://okamura-kinkame.com/
    ✨ [新規SKU抽出] 長寿金亀 緑60生原酒 [普通酒] (米: 国産米, 精米: 非公開)
    ✨ [新規SKU抽出] 長寿金亀 白80生原酒 [普通酒] (米: 国産米, 精米: 非公開)
    ✨ [新規SKU抽出] 長寿金亀 藍40生原酒 [普通酒] (米: 国産米, 精米: 非公開)
    ✨ [新規SKU抽出] 長寿金亀 黒50生原酒 [普通酒] (米: 国産米, 精米: 非公開)
    ✨ [新規SKU抽出] 長寿金亀 茶70生原酒 [普通酒] (米: 国産米, 精米: 非公開)
    ✨ [新規SKU抽出] 長寿金亀 赤生原酒 [普通酒] (米: 国産米, 精米: 非公開)
    ✨ [新規SKU抽出] 長寿金亀 青90生原酒 [普通酒] (米: 国産米, 精米: 非公開)
    ✨ [新規SKU抽出] 長寿金亀 黒F20生原酒 [普通酒] (米: 国産米, 精米: 非公開)
    ✨ [新規SKU抽出] 長寿金亀 緑F30生原酒 [普通酒] (米: 国産米, 精米: 非公開)
    ✨ [新規SKU抽出] 長寿金亀シリーズ生原酒 [普通酒] (米: 国産米, 精米: 非公開)
  👉 株式会社岡村本家: 10 件の新規SKUを深層クローリングにより追加登録
[881/1376] 🏭 ID 6003: 藤居本家 (滋賀県) - https://www.fujiihonke.jp/
    ✨ [新規SKU抽出] 「吟醸原酒ひやおろし」をタンクから直詰販売 [吟醸酒] (米: 国産米, 精米: 非公開)
    ✨ [新規SKU抽出] しぼりたてのフレッシュな味わいをお楽しみください。 [普通酒] (米: 国産米, 精米: 非公開)
    ✨ [新規SKU抽出] 上品な吟醸香が特徴です。 [吟醸酒] (米: 国産米, 精米: 非公開)
  👉 藤居本家: 3 件の新規SKUを深層クローリングにより追加登録
[882/1376] 🏭 ID 6004: 佐藤酒造株式会社 (滋賀県) - http://www.nagahamanosake.com/
    ✨ [新規SKU抽出] 秋酒「ひやおろし」出荷 開始しました！ [普通酒] (米: 国産米, 精米: 非公開)
    ✨ [新規SKU抽出] 秋酒「ひやおろし」出荷開始しました！ [普通酒] (米: 国産米, 精米: 非公開)
    ✨ [新規SKU抽出] 「日本酒仕込みの梅酒 梅の酔」 [リキュール] (米: 国産米, 精米: 非公開)
    ✨ [新規SKU抽出] 純米吟醸50%と精米60%精米の2種類です。 [純米吟醸酒] (米: 国産米, 精米: 50%)
    ✨ [新規SKU抽出] 今年も特別純米酒「湖濱」曳山ラベルの販売を [特別純米酒] (米: 国産米, 精米: 非公開)
    ✨ [新規SKU抽出] 佐藤酒造×長浜バイオ大学 梅酒プロジェクトのお酒「つぼみうめにごり」発売しました。 [リキュール] (米: 国産米, 精米: 非公開)
    ✨ [新規SKU抽出] 新たに湖濱 純米吟醸 無濾過生原酒を発売しました。 [純米吟醸酒] (米: 国産米, 精米: 非公開)
    ✨ [新規SKU抽出] ロンドン酒チャレンジ2016にて『湖濱 特別純米酒』が銀賞を受賞しました。 [特別純米酒] (米: 国産米, 精米: 非公開)
    ✨ [新規SKU抽出] リキュール [リキュール] (米: 国産米, 精米: 非公開)
    ✨ [新規SKU抽出] 吟醸酒に青い天然ハーブ「バタフライピー」を [吟醸酒] (米: 国産米, 精米: 非公開)
    ✨ [新規SKU抽出] 酒種はリキュールですが、 [リキュール] (米: 国産米, 精米: 非公開)
    ✨ [新規SKU抽出] 香り、味わいは吟醸酒そのものです。 [吟醸酒] (米: 国産米, 精米: 非公開)
    ✨ [新規SKU抽出] 吟醸酒・バタフライピー　Alc14～15 [吟醸酒] (米: 国産米, 精米: 非公開)
  👉 佐藤酒造株式会社: 13 件の新規SKUを深層クローリングにより追加登録
[883/1376] 🏭 ID 6005: 冨田酒造有限会社 (滋賀県) - https://www.7yari.co.jp/
[884/1376] 🏭 ID 6006: 山路酒造有限会社 (滋賀県) - https://www.hokkokukaidou.com
[885/1376] 🏭 ID 6007: 吉田酒造株式会社 (滋賀県) - https://chikubu-sakura.com
[886/1376] 🏭 ID 6008: 池本酒造有限会社 (滋賀県) - https://biwa-cho.com/
[887/1376] 🏭 ID 6009: 川島酒造株式会社 (滋賀県) - https://www.sake-kawashima.co.jp/
    ✨ [新規SKU抽出] 大吟醸比良天恵　新発売 [大吟醸酒] (米: 国産米, 精米: 非公開)
    ✨ [新規SKU抽出] 令和5年　しぼりたて発売中！ [普通酒] (米: 国産米, 精米: 非公開)
    ✨ [新規SKU抽出] ひやおろしの販売を開始しました♪ [普通酒] (米: 国産米, 精米: 非公開)
    ✨ [新規SKU抽出] 大吟醸、上槽♪ [大吟醸酒] (米: 国産米, 精米: 非公開)
    ✨ [新規SKU抽出] 大吟醸仕込み中♪ [大吟醸酒] (米: 国産米, 精米: 非公開)
    ✨ [新規SKU抽出] 純米吟醸 松の花 [純米吟醸酒] (米: 国産米, 精米: 非公開)
    ✨ [新規SKU抽出] 松の花 大吟醸 藤樹（とうじゅ） [大吟醸酒] (米: 国産米, 精米: 非公開)
    ✨ [新規SKU抽出] 松の花 特別純米 高島 [特別純米酒] (米: 国産米, 精米: 非公開)
    ✨ [新規SKU抽出] 松の花 純米大吟醸 猩々之舞（しょうじょうのまい） [純米大吟醸酒] (米: 国産米, 精米: 非公開)
    ✨ [新規SKU抽出] 本日は大吟醸の上槽です！ [大吟醸酒] (米: 国産米, 精米: 非公開)
    ✨ [新規SKU抽出] 大吟醸「藤樹」 [大吟醸酒] (米: 国産米, 精米: 非公開)
  👉 川島酒造株式会社: 11 件の新規SKUを深層クローリングにより追加登録
[888/1376] 🏭 ID 6010: 上原酒造株式会社 (滋賀県) - https://furosen.com
    ✨ [新規SKU抽出] 山廃仕込純米大吟醸 [純米大吟醸酒] (米: 国産米, 精米: 非公開)
    ✨ [新規SKU抽出] 山廃仕込純米吟醸 [純米吟醸酒] (米: 国産米, 精米: 非公開)
    ✨ [新規SKU抽出] 山廃仕込（特別）純米酒 [純米酒] (米: 国産米, 精米: 非公開)
    ✨ [新規SKU抽出] 特別純米酒 [特別純米酒] (米: 国産米, 精米: 非公開)
    ✨ [新規SKU抽出] 普通酒(山廃仕込) [普通酒] (米: 国産米, 精米: 非公開)
    ✨ [新規SKU抽出] 新酒・ひやおろし [普通酒] (米: 国産米, 精米: 非公開)
    ✨ [新規SKU抽出] その他(山廃仕込) [普通酒] (米: 国産米, 精米: 非公開)
    ✨ [新規SKU抽出] リキュール [リキュール] (米: 国産米, 精米: 非公開)
  👉 上原酒造株式会社: 8 件の新規SKUを深層クローリングにより追加登録
[889/1376] 🏭 ID 6011: 株式会社福井弥平商店 (滋賀県) - https://www.haginotsuyu.co.jp
    ✨ [新規SKU抽出] 萩乃露の意欲作「生酛仕込 特別純米芳弥Ｘ」ご予約承り中！ [特別純米酒] (米: 国産米, 精米: 非公開)
    ✨ [新規SKU抽出] 21日　ひやおろし発売 [普通酒] (米: 国産米, 精米: 非公開)
    ✨ [新規SKU抽出] 24日　純米大吟醸エチュード　発売 [純米大吟醸酒] (米: 国産米, 精米: 非公開)
    ✨ [新規SKU抽出] 14日　にごり酒発売予定 [普通酒] (米: 国産米, 精米: 非公開)
    ✨ [新規SKU抽出] 21日　しぼりたて純米吟醸発売 [純米吟醸酒] (米: 国産米, 精米: 非公開)
    ✨ [新規SKU抽出] １４日　純米吟醸にごり酒　発売 [純米吟醸酒] (米: 国産米, 精米: 非公開)
  👉 株式会社福井弥平商店: 6 件の新規SKUを深層クローリングにより追加登録
[890/1376] 🏭 ID 6039: ㈱勢玉 (徳島県) - http://seigyokushuzo-sakagura.co.jp/
[891/1376] 🏭 ID 6040: 吉本醸造㈱ (徳島県) - http://www.awa-yoshimoto.com/
    ✨ [新規SKU抽出] 吉本醸造概要 [本醸造酒] (米: 国産米, 精米: 非公開)
    ✨ [新規SKU抽出] 徳島県産山田錦を使った50％精白の吟醸酒 [吟醸酒] (米: 山田錦, 精米: 非公開)
    ✨ [新規SKU抽出] と五百万石を使用した特別純米酒 [特別純米酒] (米: 五百万石, 精米: 非公開)
  👉 吉本醸造㈱: 3 件の新規SKUを深層クローリングにより追加登録
[892/1376] 🏭 ID 6043: ㈲齋藤酒造場 (徳島県) - https://www.gotensakura.com/
[893/1376] 🏭 ID 6045: 津乃峰酒造㈱ (徳島県) - http://www.tsunomine.com/
    ✨ [新規SKU抽出] リキュール [リキュール] (米: 国産米, 精米: 非公開)
    ✨ [新規SKU抽出] しぼりたて生原酒（ [普通酒] (米: 国産米, 精米: 非公開)
    ✨ [新規SKU抽出] ながいけ　（梅酒 500ｍｌ) [リキュール] (米: 国産米, 精米: 非公開)
    ✨ [新規SKU抽出] しぼりたて [普通酒] (米: 国産米, 精米: 非公開)
    ✨ [新規SKU抽出] 津乃峰大吟醸 [大吟醸酒] (米: 国産米, 精米: 非公開)
    ✨ [新規SKU抽出] しぼりたて生原酒 [普通酒] (米: 国産米, 精米: 非公開)
    ✨ [新規SKU抽出] 津乃峰吟醸 [吟醸酒] (米: 国産米, 精米: 非公開)
    ✨ [新規SKU抽出] ながいけ（梅酒） [リキュール] (米: 国産米, 精米: 非公開)
    ✨ [新規SKU抽出] しぼりたて（ [普通酒] (米: 国産米, 精米: 非公開)
    ✨ [新規SKU抽出] 吟醸酒は、大吟醸と吟醸の二品目です。 [大吟醸酒] (米: 国産米, 精米: 非公開)
    ✨ [新規SKU抽出] 津乃峰大吟醸（1800ｍｌ） [大吟醸酒] (米: 国産米, 精米: 非公開)
    ✨ [新規SKU抽出] 津乃峰吟醸( [吟醸酒] (米: 国産米, 精米: 非公開)
    ✨ [新規SKU抽出] 濁酒は、720ｍｌの「にごり酒」がございます。 [普通酒] (米: 国産米, 精米: 非公開)
    ✨ [新規SKU抽出] 津乃峰吟醸 (g-1) [吟醸酒] (米: 国産米, 精米: 非公開)
  👉 津乃峰酒造㈱: 14 件の新規SKUを深層クローリングにより追加登録
[895/1376] 🏭 ID 6047: ㈱本家松浦酒造場 (徳島県) - http://narutotai.jp/
    ✨ [新規SKU抽出] 大吟醸・純米大吟醸 [純米大吟醸酒] (米: 国産米, 精米: 非公開)
    ✨ [新規SKU抽出] 純米吟醸・吟醸 [純米吟醸酒] (米: 国産米, 精米: 非公開)
    ✨ [新規SKU抽出] リキュール [リキュール] (米: 国産米, 精米: 非公開)
    ✨ [新規SKU抽出] 日本酒・ワイン・シャンパン・マデイラ・クラフトビール・ウイスキー・カクテル・梅酒 [リキュール] (米: 国産米, 精米: 非公開)
    ✨ [新規SKU抽出] 日本酒以外は、ビール、スパークリング、チューハイ等もございます。 [普通酒] (米: 国産米, 精米: 非公開)
    ✨ [新規SKU抽出] 鳴門鯛ひやおろし 今年初めて「上勝」で出荷開始 [普通酒] (米: 国産米, 精米: 非公開)
    ✨ [新規SKU抽出] 春限定の新酒「鳴門鯛 純米吟醸 凪ほのか」出荷開始 [純米吟醸酒] (米: 国産米, 精米: 非公開)
  👉 ㈱本家松浦酒造場: 7 件の新規SKUを深層クローリングにより追加登録
[896/1376] 🏭 ID 6050: 司菊酒造㈱ (徳島県) - http://www.tsukasagiku.co.jp/
    ✨ [新規SKU抽出] 純米大吟醸 きらい銀 [純米大吟醸酒] (米: 国産米, 精米: 非公開)
    ✨ [新規SKU抽出] 純米吟醸 豊潤きらい赤 [純米吟醸酒] (米: 国産米, 精米: 非公開)
    ✨ [新規SKU抽出] 特別純米酒 旨口 きらい黒 [特別純米酒] (米: 国産米, 精米: 非公開)
    ✨ [新規SKU抽出] 純米酒 ごっつい辛口 きらい白 [純米酒] (米: 国産米, 精米: 非公開)
    ✨ [新規SKU抽出] 特別純米酒 貴吹川 [特別純米酒] (米: 国産米, 精米: 非公開)
    ✨ [新規SKU抽出] 司菊純米大吟醸 [純米大吟醸酒] (米: 国産米, 精米: 非公開)
    ✨ [新規SKU抽出] 純米大吟醸 きらい 袋吊り雫一滴 無濾過生原酒 [純米大吟醸酒] (米: 国産米, 精米: 非公開)
    ✨ [新規SKU抽出] 純米酒 穴吹川 [純米酒] (米: 国産米, 精米: 非公開)
    ✨ [新規SKU抽出] 女性や日本酒初心者の方にもおすすめしたい純米酒です。 [純米酒] (米: 国産米, 精米: 非公開)
    ✨ [新規SKU抽出] 司菊酒造　―阿波杜氏が醸す渾身の一滴、米と麹のみで造る純米酒蔵。 [純米酒] (米: 国産米, 精米: 非公開)
  👉 司菊酒造㈱: 10 件の新規SKUを深層クローリングにより追加登録
[897/1376] 🏭 ID 6052: ㈴中和商店 (徳島県) - http://www.niji.or.jp/komachi/
[898/1376] 🏭 ID 6054: 芳水酒造㈲ (徳島県) - http://www.housui.com/
    ✨ [新規SKU抽出] 特別純米酒 [特別純米酒] (米: 国産米, 精米: 非公開)
    ✨ [新規SKU抽出] 特別本醸造酒 [特別本醸造酒] (米: 国産米, 精米: 非公開)
    ✨ [新規SKU抽出] 特撰仕込純米大吟醸 [純米大吟醸酒] (米: 国産米, 精米: 非公開)
    ✨ [新規SKU抽出] 熟成味豊できめ細やかで芳醇な味わい。吟醸香高い。 [吟醸酒] (米: 国産米, 精米: 非公開)
    ✨ [新規SKU抽出] 特撰仕込 大吟醸 [大吟醸酒] (米: 国産米, 精米: 非公開)
    ✨ [新規SKU抽出] 純米吟醸 淡遠 [純米吟醸酒] (米: 国産米, 精米: 非公開)
    ✨ [新規SKU抽出] 吟醸なまざけ [吟醸酒] (米: 国産米, 精米: 非公開)
    ✨ [新規SKU抽出] 山廃仕込特別純米酒 [特別純米酒] (米: 国産米, 精米: 非公開)
    ✨ [新規SKU抽出] 上撰特別本醸造 [特別本醸造酒] (米: 国産米, 精米: 非公開)
  👉 芳水酒造㈲: 9 件の新規SKUを深層クローリングにより追加登録
[899/1376] 🏭 ID 6056: 天真㈱ (徳島県) - http://www.tenshin.co.jp/
[900/1376] 🏭 ID 6058: ㈱鳴門のいも屋 (徳島県) - http://www.imoya.jp/
    ✨ [新規SKU抽出] 本格芋焼酎をお探しの方へ [本格焼酎] (米: 国産米, 精米: 非公開)
    ✨ [新規SKU抽出] 芋焼酎好き必見！鳴門金時のお酒。 [本格焼酎] (米: 国産米, 精米: 非公開)
  👉 ㈱鳴門のいも屋: 2 件の新規SKUを深層クローリングにより追加登録
[901/1376] 🏭 ID 6070: 林酒造場 (富山県) - https://www.hayashisyuzo.com/
    ✨ [新規SKU抽出] 食中酒として、また大吟醸などは食前酒として相性のいいお酒です。 [大吟醸酒] (米: 国産米, 精米: 非公開)
    ✨ [新規SKU抽出] なめらかな飲み口で吟醸酒らしい香味一体のすばらしい味わいと調和を感じるお酒です。 [吟醸酒] (米: 国産米, 精米: 非公開)
    ✨ [新規SKU抽出] 磨き上げた酒米と米麹だけを原料に、さわやかに飲みすすめられる純米酒です。 [純米酒] (米: 国産米, 精米: 非公開)
    ✨ [新規SKU抽出] 特別本醸造 [特別本醸造酒] (米: 国産米, 精米: 非公開)
    ✨ [新規SKU抽出] 上撰本醸造 [本醸造酒] (米: 国産米, 精米: 非公開)
    ✨ [新規SKU抽出] 旨にごり酒 [普通酒] (米: 国産米, 精米: 非公開)
    ✨ [新規SKU抽出] 秋季限定純米吟醸 [純米吟醸酒] (米: 国産米, 精米: 非公開)
    ✨ [新規SKU抽出] ひやおろし [普通酒] (米: 国産米, 精米: 非公開)
    ✨ [新規SKU抽出] 純米吟醸〈五百万石〉 [純米吟醸酒] (米: 五百万石, 精米: 非公開)
    ✨ [新規SKU抽出] 純米吟醸〈山田錦〉 [純米吟醸酒] (米: 山田錦, 精米: 非公開)
    ✨ [新規SKU抽出] 純米吟醸〈美山錦〉 [純米吟醸酒] (米: 美山錦, 精米: 非公開)
    ✨ [新規SKU抽出] 純米吟醸〈出羽の里〉 [純米吟醸酒] (米: 国産米, 精米: 非公開)
    ✨ [新規SKU抽出] 純米吟醸〈雄町〉 [純米吟醸酒] (米: 雄町, 精米: 非公開)
    ✨ [新規SKU抽出] 純米吟醸〈出羽燦々〉 [純米吟醸酒] (米: 出羽燦々, 精米: 非公開)
  👉 林酒造場: 14 件の新規SKUを深層クローリングにより追加登録
[902/1376] 🏭 ID 6071: 皇国晴酒造株式会社 (富山県) - https://mabotaki.co.jp/
    ✨ [新規SKU抽出] 真精大吟醸 幻の瀧 飛雪(ひせつ) [大吟醸酒] (米: 国産米, 精米: 非公開)
    ✨ [新規SKU抽出] 幻の瀧 純米大吟醸 [純米大吟醸酒] (米: 国産米, 精米: 非公開)
    ✨ [新規SKU抽出] 大吟醸 幻の瀧 奥秘峡(おくひきょう) [大吟醸酒] (米: 国産米, 精米: 非公開)
    ✨ [新規SKU抽出] 大吟醸 幻の瀧 [大吟醸酒] (米: 国産米, 精米: 非公開)
    ✨ [新規SKU抽出] 純米吟醸 幻の瀧 [純米吟醸酒] (米: 国産米, 精米: 非公開)
    ✨ [新規SKU抽出] 幻の瀧　名水乃蔵　特別純米酒 [特別純米酒] (米: 国産米, 精米: 非公開)
    ✨ [新規SKU抽出] 吟醸生貯蔵酒　幻の瀧 [吟醸酒] (米: 国産米, 精米: 非公開)
    ✨ [新規SKU抽出] 幻の瀧 純米スパークリング クラウディサワー [純米酒] (米: 国産米, 精米: 非公開)
    ✨ [新規SKU抽出] 幻の瀧 しぼりたて 大吟醸 [大吟醸酒] (米: 国産米, 精米: 非公開)
    ✨ [新規SKU抽出] 幻の瀧 しぼりたて 純米 [純米酒] (米: 国産米, 精米: 非公開)
    ✨ [新規SKU抽出] リキュール [リキュール] (米: 国産米, 精米: 非公開)
    ✨ [新規SKU抽出] 幻の瀧 名水梅酒 [リキュール] (米: 国産米, 精米: 非公開)
    ✨ [新規SKU抽出] 幻の瀧 柚子スパークリング shushu [普通酒] (米: 国産米, 精米: 非公開)
    ✨ [新規SKU抽出] 巌瀬 純米吟醸 [純米吟醸酒] (米: 国産米, 精米: 非公開)
    ✨ [新規SKU抽出] 幻の瀧 純米大吟醸 | 商品紹介 | 皇国晴酒造 [純米大吟醸酒] (米: 国産米, 精米: 非公開)
    ✨ [新規SKU抽出] 幻の瀧 しぼりたて 大吟醸 | 商品紹介 | 皇国晴酒造 [大吟醸酒] (米: 国産米, 精米: 非公開)
    ✨ [新規SKU抽出] 幻の瀧 しぼりたて [普通酒] (米: 国産米, 精米: 非公開)
    ✨ [新規SKU抽出] 幻の瀧　名水乃蔵　特別純米酒 | 商品紹介 | 皇国晴酒造 [特別純米酒] (米: 国産米, 精米: 非公開)
    ✨ [新規SKU抽出] 幻の瀧 名水乃蔵 特別純米酒 [特別純米酒] (米: 国産米, 精米: 非公開)
    ✨ [新規SKU抽出] 幻の瀧 柚子スパークリング shushu | 商品紹介 | 皇国晴酒造 [普通酒] (米: 国産米, 精米: 非公開)
    ✨ [新規SKU抽出] 大吟醸 幻の瀧 | 商品紹介 | 皇国晴酒造 [大吟醸酒] (米: 国産米, 精米: 非公開)
  👉 皇国晴酒造株式会社: 21 件の新規SKUを深層クローリングにより追加登録
[903/1376] 🏭 ID 6072: 銀盤酒造株式会社 (富山県) - https://ginban.co.jp/
    ✨ [新規SKU抽出] リキュール [リキュール] (米: 国産米, 精米: 非公開)
    ✨ [新規SKU抽出] 黒部の華 吟醸 生貯蔵酒 [吟醸酒] (米: 国産米, 精米: 非公開)
    ✨ [新規SKU抽出] 吟醸(生酒) [吟醸酒] (米: 国産米, 精米: 非公開)
    ✨ [新規SKU抽出] 黒部の華 純米吟醸 生貯蔵酒 [純米吟醸酒] (米: 国産米, 精米: 非公開)
    ✨ [新規SKU抽出] 純米吟醸(生酒) [純米吟醸酒] (米: 国産米, 精米: 非公開)
    ✨ [新規SKU抽出] 生吟醸 剱岳 [吟醸酒] (米: 国産米, 精米: 非公開)
    ✨ [新規SKU抽出] 生純米大吟醸 剱岳 [純米大吟醸酒] (米: 国産米, 精米: 非公開)
    ✨ [新規SKU抽出] 生大吟醸 アルミ缶 [大吟醸酒] (米: 国産米, 精米: 非公開)
    ✨ [新規SKU抽出] 特別純米　Autumn「さやか」 [特別純米酒] (米: 国産米, 精米: 非公開)
    ✨ [新規SKU抽出] 純米吟醸 しぼりたて生原酒 [純米吟醸酒] (米: 国産米, 精米: 非公開)
    ✨ [新規SKU抽出] 特別本醸造 剱岳ｶｯﾌﾟ [特別本醸造酒] (米: 国産米, 精米: 非公開)
    ✨ [新規SKU抽出] 特別本醸造 [特別本醸造酒] (米: 国産米, 精米: 非公開)
    ✨ [新規SKU抽出] 2種類の酒米の特性が上手く調和している喉ごしがスッキリとしたコクのある本醸造酒。 [本醸造酒] (米: 国産米, 精米: 非公開)
  👉 銀盤酒造株式会社: 13 件の新規SKUを深層クローリングにより追加登録
[904/1376] 🏭 ID 6073: 株式会社魚津酒造 (富山県) - https://uozushuzo.co.jp/
[905/1376] 🏭 ID 6074: 千代鶴酒造合資会社 (富山県) - https://www.chiyozuru.com/
    ✨ [新規SKU抽出] 千代鶴　純米大吟醸 [純米大吟醸酒] (米: 国産米, 精米: 非公開)
    ✨ [新規SKU抽出] 千代鶴　純米吟醸 [純米吟醸酒] (米: 国産米, 精米: 非公開)
    ✨ [新規SKU抽出] 千代鶴　にごり酒 [普通酒] (米: 国産米, 精米: 非公開)
    ✨ [新規SKU抽出] 千代鶴　特別純米 [特別純米酒] (米: 国産米, 精米: 非公開)
    ✨ [新規SKU抽出] 千代鶴　しぼりたて [普通酒] (米: 国産米, 精米: 非公開)
    ✨ [新規SKU抽出] 千代鶴　生にごり酒 [普通酒] (米: 国産米, 精米: 非公開)
  👉 千代鶴酒造合資会社: 6 件の新規SKUを深層クローリングにより追加登録
[906/1376] 🏭 ID 6075: 株式会社 白岩 (富山県) - https://iwa-sake.jp/ja/
    ✨ [新規SKU抽出] 伝統的な生酛造りで醸造することで、味の奥深さが増します。 [普通酒] (米: 国産米, 精米: 非公開)
  👉 株式会社 白岩: 1 件の新規SKUを深層クローリングにより追加登録
[907/1376] 🏭 ID 6076: 株式会社桝田酒造店 (富山県) - https://masuizumi.co.jp/
    ✨ [新規SKU抽出] 純米大吟醸「寿」
プラチナラベル [純米大吟醸酒] (米: 国産米, 精米: 非公開)
    ✨ [新規SKU抽出] 大吟醸「寿」
ゴールドラベル [大吟醸酒] (米: 国産米, 精米: 非公開)
    ✨ [新規SKU抽出] 雄町純米吟醸
Limited Edition [純米吟醸酒] (米: 雄町, 精米: 非公開)
    ✨ [新規SKU抽出] 山田錦純米吟醸
Limited Edition [純米吟醸酒] (米: 山田錦, 精米: 非公開)
  👉 株式会社桝田酒造店: 4 件の新規SKUを深層クローリングにより追加登録
[908/1376] 🏭 ID 6077: 富美菊酒造株式会社 (富山県) - https://fumigiku.co.jp/
    ✨ [新規SKU抽出] 全てのお酒を大吟醸と同じように醸す。 [大吟醸酒] (米: 国産米, 精米: 非公開)
    ✨ [新規SKU抽出] 夏の純米吟醸　発売中‼︎ [純米吟醸酒] (米: 国産米, 精米: 非公開)
    ✨ [新規SKU抽出] 日本名門酒会加盟店様限定!!「純米吟醸 酵母77号 無濾過生... [純米吟醸酒] (米: 国産米, 精米: 非公開)
    ✨ [新規SKU抽出] 富山湾の白海老の唐揚げに、羽根屋 純吟プリズム 究極しぼりたてを合わせて [普通酒] (米: 国産米, 精米: 非公開)
    ✨ [新規SKU抽出] 蛍烏賊の沖漬けに、羽根屋 特別純米酒 瓶燗火入れを合わせて [特別純米酒] (米: 国産米, 精米: 非公開)
    ✨ [新規SKU抽出] 富山湾の海の幸に、羽根屋 純米大吟醸50 翼 を合わせて [純米大吟醸酒] (米: 国産米, 精米: 非公開)
    ✨ [新規SKU抽出] 大吟醸 富美菊 袋吊り斗瓶囲い [大吟醸酒] (米: 国産米, 精米: 非公開)
    ✨ [新規SKU抽出] 富美菊　大吟醸 [大吟醸酒] (米: 国産米, 精米: 非公開)
    ✨ [新規SKU抽出] 富美菊　吟醸 [吟醸酒] (米: 国産米, 精米: 非公開)
    ✨ [新規SKU抽出] ひと口飲めば、吟醸酒独特の香りと口当たりのよさが広がる、さらりとした喉ごしの酒です。 [吟醸酒] (米: 国産米, 精米: 非公開)
    ✨ [新規SKU抽出] 富美菊    純米吟醸 [純米吟醸酒] (米: 国産米, 精米: 非公開)
    ✨ [新規SKU抽出] 純米酒の旨みと吟醸酒特有の芳醇な香りが冴える逸品です。 [吟醸酒] (米: 国産米, 精米: 非公開)
    ✨ [新規SKU抽出] 富美菊　特別純米 [特別純米酒] (米: 国産米, 精米: 非公開)
    ✨ [新規SKU抽出] 純吟　煌火(きらび)　生原酒 [普通酒] (米: 国産米, 精米: 非公開)
    ✨ [新規SKU抽出] ●羽根屋　純吟　煌火(きらび)　生原酒 [普通酒] (米: 国産米, 精米: 非公開)
    ✨ [新規SKU抽出] 羽根屋の看板商品。ほとばしる美味しさをそのまま詰め込んだ生原酒です。 [普通酒] (米: 国産米, 精米: 非公開)
    ✨ [新規SKU抽出] 特定名称：純米吟醸 [純米吟醸酒] (米: 国産米, 精米: 非公開)
    ✨ [新規SKU抽出] 純米大吟醸50　翼 [純米大吟醸酒] (米: 国産米, 精米: 非公開)
    ✨ [新規SKU抽出] ●羽根屋　純米大吟醸50　翼 [純米大吟醸酒] (米: 国産米, 精米: 非公開)
    ✨ [新規SKU抽出] 特定名称：純米大吟醸 [純米大吟醸酒] (米: 国産米, 精米: 非公開)
    ✨ [新規SKU抽出] 純吟プリズム　究極しぼりたて [普通酒] (米: 国産米, 精米: 非公開)
    ✨ [新規SKU抽出] ●羽根屋　純吟プリズム　究極しぼりたて [普通酒] (米: 国産米, 精米: 非公開)
    ✨ [新規SKU抽出] 特別純米酒　瓶燗火入れ [特別純米酒] (米: 国産米, 精米: 非公開)
    ✨ [新規SKU抽出] ●羽根屋　特別純米酒　瓶燗火入れ [特別純米酒] (米: 国産米, 精米: 非公開)
    ✨ [新規SKU抽出] 特定名称：特別純米酒 [特別純米酒] (米: 国産米, 精米: 非公開)
    ✨ [新規SKU抽出] 純米吟醸ひやおろし [純米吟醸酒] (米: 国産米, 精米: 非公開)
    ✨ [新規SKU抽出] ●羽根屋　純米吟醸ひやおろし [純米吟醸酒] (米: 国産米, 精米: 非公開)
    ✨ [新規SKU抽出] 夏の純米吟醸　生酒 [純米吟醸酒] (米: 国産米, 精米: 非公開)
    ✨ [新規SKU抽出] ●羽根屋　夏の純米吟醸　生酒 [純米吟醸酒] (米: 国産米, 精米: 非公開)
    ✨ [新規SKU抽出] 羽根屋　大吟醸 [大吟醸酒] (米: 国産米, 精米: 非公開)
    ✨ [新規SKU抽出] ●羽根屋　大吟醸 [大吟醸酒] (米: 国産米, 精米: 非公開)
    ✨ [新規SKU抽出] 特定名称：大吟醸酒 [大吟醸酒] (米: 国産米, 精米: 非公開)
    ✨ [新規SKU抽出] ●「IWC2018」大吟醸部門銀メダル受賞 [大吟醸酒] (米: 国産米, 精米: 非公開)
    ✨ [新規SKU抽出] 純米吟醸　富の香 [純米吟醸酒] (米: 国産米, 精米: 非公開)
    ✨ [新規SKU抽出] ●羽根屋　純米吟醸　富の香(とみのかおり)　生原酒 [純米吟醸酒] (米: 国産米, 精米: 非公開)
    ✨ [新規SKU抽出] 羽根屋　スパークリング [普通酒] (米: 国産米, 精米: 非公開)
    ✨ [新規SKU抽出] ●羽根屋　純米大吟醸スパークリング [純米大吟醸酒] (米: 国産米, 精米: 非公開)
    ✨ [新規SKU抽出] 羽根屋　純米吟醸　CLASSIC [純米吟醸酒] (米: 国産米, 精米: 非公開)
    ✨ [新規SKU抽出] ●羽根屋　純米吟醸　CLASSIC [純米吟醸酒] (米: 国産米, 精米: 非公開)
    ✨ [新規SKU抽出] ●羽根屋 大吟醸 袋吊り斗瓶囲い [大吟醸酒] (米: 国産米, 精米: 非公開)
    ✨ [新規SKU抽出] 特定名称：大吟醸 [大吟醸酒] (米: 国産米, 精米: 非公開)
  👉 富美菊酒造株式会社: 41 件の新規SKUを深層クローリングにより追加登録
[909/1376] 🏭 ID 6078: 吉乃友酒造有限会社 (富山県) - https://yoshinotomo.com/
    ✨ [新規SKU抽出] 立山の清冽な水と富山の米、自然の循環に寄り添い醸された純米大吟醸 [純米大吟醸酒] (米: 国産米, 精米: 非公開)
    ✨ [新規SKU抽出] 大吟醸酒 [大吟醸酒] (米: 国産米, 精米: 非公開)
    ✨ [新規SKU抽出] フルーティさと程よい酸味が絶妙に調和し、初心者にもおすすめの純米大吟醸シリーズ [純米大吟醸酒] (米: 国産米, 精米: 非公開)
    ✨ [新規SKU抽出] 吉乃友酒造の代表作。昔ながらの製法で造る純米酒 [純米酒] (米: 国産米, 精米: 非公開)
    ✨ [新規SKU抽出] 富山県産米の五百万石と酒蔵で汲み上げた立山連峰の伏流水を使用した定番の純米酒。 [純米酒] (米: 五百万石, 精米: 非公開)
    ✨ [新規SKU抽出] 吉乃友酒造｜富山の純米酒蔵 [純米酒] (米: 国産米, 精米: 非公開)
  👉 吉乃友酒造有限会社: 6 件の新規SKUを深層クローリングにより追加登録
[910/1376] 🏭 ID 6079: 福鶴酒造株式会社 (富山県) - https://www.kazenobon.co.jp/
[911/1376] 🏭 ID 6080: 玉旭酒造有限会社 (富山県) - https://tamaasahi.jp/
    ✨ [新規SKU抽出] 純米酒本来の力強い味わい [純米酒] (米: 国産米, 精米: 非公開)
    ✨ [新規SKU抽出] 上撰本醸造 [本醸造酒] (米: 国産米, 精米: 非公開)
    ✨ [新規SKU抽出] 昔ながらの辛口本醸造 [本醸造酒] (米: 国産米, 精米: 非公開)
    ✨ [新規SKU抽出] 限定大吟醸 [大吟醸酒] (米: 国産米, 精米: 非公開)
    ✨ [新規SKU抽出] 五臓六腑に染み渡る純米酒 [純米酒] (米: 国産米, 精米: 非公開)
    ✨ [新規SKU抽出] 本醸造原酒 [本醸造酒] (米: 国産米, 精米: 非公開)
    ✨ [新規SKU抽出] にごり酒 [普通酒] (米: 国産米, 精米: 非公開)
    ✨ [新規SKU抽出] 本醸造 にごり [本醸造酒] (米: 国産米, 精米: 非公開)
    ✨ [新規SKU抽出] 生酒大吟醸 [大吟醸酒] (米: 国産米, 精米: 非公開)
    ✨ [新規SKU抽出] 生酒純米吟醸 [純米吟醸酒] (米: 国産米, 精米: 非公開)
  👉 玉旭酒造有限会社: 10 件の新規SKUを深層クローリングにより追加登録
[912/1376] 🏭 ID 6081: 株式会社高澤酒造場 (富山県) - https://ariiso-akebono.jp/
    ✨ [新規SKU抽出] 曙 純米酒 [純米酒] (米: 国産米, 精米: 非公開)
    ✨ [新規SKU抽出] 曙 純米吟醸 [純米吟醸酒] (米: 国産米, 精米: 非公開)
    ✨ [新規SKU抽出] 曙 純米大吟醸 [純米大吟醸酒] (米: 国産米, 精米: 非公開)
    ✨ [新規SKU抽出] 曙 大吟醸 [大吟醸酒] (米: 国産米, 精米: 非公開)
    ✨ [新規SKU抽出] 初嵐 純米吟醸 富の香 [純米吟醸酒] (米: 国産米, 精米: 非公開)
    ✨ [新規SKU抽出] 初嵐 純米酒 [純米酒] (米: 国産米, 精米: 非公開)
    ✨ [新規SKU抽出] 初嵐 純米大吟醸 熟成生酒 [純米大吟醸酒] (米: 国産米, 精米: 非公開)
    ✨ [新規SKU抽出] 有磯 曙 純米大吟醸 浅野總一郎 [純米大吟醸酒] (米: 国産米, 精米: 非公開)
  👉 株式会社高澤酒造場: 8 件の新規SKUを深層クローリングにより追加登録
[914/1376] 🏭 ID 6083: 立山酒造株式会社 (富山県) - https://www.sake-tateyama.com/
    ✨ [新規SKU抽出] 特別本醸造 [特別本醸造酒] (米: 国産米, 精米: 非公開)
    ✨ [新規SKU抽出] 特別純米酒 [特別純米酒] (米: 国産米, 精米: 非公開)
  👉 立山酒造株式会社: 2 件の新規SKUを深層クローリングにより追加登録
[915/1376] 🏭 ID 6084: 若鶴酒造株式会社 (富山県) - https://www.wakatsuru.co.jp/
    ✨ [新規SKU抽出] リキュール・焼酎 [リキュール] (米: 国産米, 精米: 非公開)
    ✨ [新規SKU抽出] 超吟醸祭 2026 [吟醸酒] (米: 国産米, 精米: 非公開)
    ✨ [新規SKU抽出] 「三六〇 白」ミラノ酒チャレンジ2026 純米吟醸酒部門 プラチナ賞受賞 [純米吟醸酒] (米: 国産米, 精米: 非公開)
    ✨ [新規SKU抽出] ＞ リキュール・焼酎 [リキュール] (米: 国産米, 精米: 非公開)
    ✨ [新規SKU抽出] リキュール・焼酎・古酒 [リキュール] (米: 国産米, 精米: 非公開)
    ✨ [新規SKU抽出] 「 苗加屋 純米大吟醸 二〇一八 」ワイングラスでおいしい日本酒アワード 金賞 [純米大吟醸酒] (米: 国産米, 精米: 非公開)
  👉 若鶴酒造株式会社: 6 件の新規SKUを深層クローリングにより追加登録
[916/1376] 🏭 ID 6086: 黒田酒造株式会社 (富山県) - http://www.hokuichi.com/
[917/1376] 🏭 ID 6088: 成政酒造株式会社 (富山県) - https://www.narimasa.co.jp/
[918/1376] 🏭 ID 6089: 三笑楽酒造株式会社 (富山県) - https://www.sansyouraku.jp/
    ✨ [新規SKU抽出] 三笑楽純米大吟醸 [純米大吟醸酒] (米: 国産米, 精米: 非公開)
    ✨ [新規SKU抽出] 三笑楽　純米大吟醸 [純米大吟醸酒] (米: 国産米, 精米: 非公開)
    ✨ [新規SKU抽出] 山廃仕込み [普通酒] (米: 国産米, 精米: 非公開)
    ✨ [新規SKU抽出] 三笑楽大吟醸 [大吟醸酒] (米: 国産米, 精米: 非公開)
    ✨ [新規SKU抽出] 三笑楽　大吟醸 [大吟醸酒] (米: 国産米, 精米: 非公開)
    ✨ [新規SKU抽出] 三笑楽純米吟醸 [純米吟醸酒] (米: 国産米, 精米: 非公開)
    ✨ [新規SKU抽出] 三笑楽　純米吟醸 [純米吟醸酒] (米: 国産米, 精米: 非公開)
    ✨ [新規SKU抽出] 三笑楽純米酒 [純米酒] (米: 国産米, 精米: 非公開)
    ✨ [新規SKU抽出] 三笑楽　純米酒 [純米酒] (米: 国産米, 精米: 非公開)
    ✨ [新規SKU抽出] 三笑楽本醸造 [本醸造酒] (米: 国産米, 精米: 非公開)
    ✨ [新規SKU抽出] 三笑楽　山廃仕込み  本醸造 [本醸造酒] (米: 国産米, 精米: 非公開)
    ✨ [新規SKU抽出] 山廃ブレンド [普通酒] (米: 国産米, 精米: 非公開)
    ✨ [新規SKU抽出] 三笑楽純米生原酒 [純米酒] (米: 国産米, 精米: 非公開)
    ✨ [新規SKU抽出] 三笑楽　純米生原酒 [純米酒] (米: 国産米, 精米: 非公開)
    ✨ [新規SKU抽出] 三笑楽蔵出生原酒 [普通酒] (米: 国産米, 精米: 非公開)
    ✨ [新規SKU抽出] 三笑楽　蔵出生原酒 [普通酒] (米: 国産米, 精米: 非公開)
    ✨ [新規SKU抽出] 三笑楽純米ひやおろし [純米酒] (米: 国産米, 精米: 非公開)
    ✨ [新規SKU抽出] 三笑楽 ひやおろし純米酒 [純米酒] (米: 国産米, 精米: 非公開)
    ✨ [新規SKU抽出] 三笑楽山廃純米 [純米酒] (米: 国産米, 精米: 非公開)
    ✨ [新規SKU抽出] 三笑楽　山廃純米 [純米酒] (米: 国産米, 精米: 非公開)
    ✨ [新規SKU抽出] 三笑楽　赤ラベル　純米酒 [純米酒] (米: 国産米, 精米: 非公開)
    ✨ [新規SKU抽出] 三笑楽　備前雄町　山廃純米 [純米酒] (米: 雄町, 精米: 非公開)
    ✨ [新規SKU抽出] 三笑楽　山廃純米吟醸　亀の尾 [純米吟醸酒] (米: 亀の尾, 精米: 非公開)
    ✨ [新規SKU抽出] 三笑楽酒造｜SANSHORAKU｜山廃純米 [純米酒] (米: 国産米, 精米: 非公開)
    ✨ [新規SKU抽出] 山廃純米 [純米酒] (米: 国産米, 精米: 非公開)
    ✨ [新規SKU抽出] 三笑楽　山廃純米酒 [純米酒] (米: 国産米, 精米: 非公開)
    ✨ [新規SKU抽出] 地元なんと産の山田錦を使用して醸す山廃純米。 [純米酒] (米: 山田錦, 精米: 非公開)
  👉 三笑楽酒造株式会社: 27 件の新規SKUを深層クローリングにより追加登録
[919/1376] 🏭 ID 6160: 谷櫻酒造有限会社 (山梨県) - https://www.tanizakura.co.jp/
    ✨ [新規SKU抽出] 純米大吟醸 谷櫻　発売のお知らせ [純米大吟醸酒] (米: 国産米, 精米: 非公開)
    ✨ [新規SKU抽出] 生酛造り [普通酒] (米: 国産米, 精米: 非公開)
    ✨ [新規SKU抽出] 純米大吟醸生酒 [純米大吟醸酒] (米: 国産米, 精米: 非公開)
    ✨ [新規SKU抽出] ⼤吟醸⾕櫻 [吟醸酒] (米: 国産米, 精米: 非公開)
    ✨ [新規SKU抽出] 純⽶⼤吟醸 [吟醸酒] (米: 国産米, 精米: 非公開)
    ✨ [新規SKU抽出] 純⽶吟醸 [吟醸酒] (米: 国産米, 精米: 非公開)
    ✨ [新規SKU抽出] 吟醸酒(数量限定) [吟醸酒] (米: 国産米, 精米: 非公開)
    ✨ [新規SKU抽出] 純⽶吟醸⽣酒 [吟醸酒] (米: 国産米, 精米: 非公開)
    ✨ [新規SKU抽出] 生もと造り純米酒 [純米酒] (米: 国産米, 精米: 非公開)
    ✨ [新規SKU抽出] 超辛口純米酒 [純米酒] (米: 国産米, 精米: 非公開)
    ✨ [新規SKU抽出] 本醸造原酒 [本醸造酒] (米: 国産米, 精米: 非公開)
    ✨ [新規SKU抽出] 生もと造り本醸造 [本醸造酒] (米: 国産米, 精米: 非公開)
    ✨ [新規SKU抽出] 本醸造生原酒 [本醸造酒] (米: 国産米, 精米: 非公開)
    ✨ [新規SKU抽出] しぼりたて [普通酒] (米: 国産米, 精米: 非公開)
    ✨ [新規SKU抽出] 本醸造生酒 [本醸造酒] (米: 国産米, 精米: 非公開)
    ✨ [新規SKU抽出] 本醸造活性生酒(季節限定) [本醸造酒] (米: 国産米, 精米: 非公開)
    ✨ [新規SKU抽出] 谷櫻 梅酒 [リキュール] (米: 国産米, 精米: 非公開)
    ✨ [新規SKU抽出] 大吟醸酒ケーキ [大吟醸酒] (米: 国産米, 精米: 非公開)
    ✨ [新規SKU抽出] 大吟醸酒粕 [大吟醸酒] (米: 国産米, 精米: 非公開)
  👉 谷櫻酒造有限会社: 19 件の新規SKUを深層クローリングにより追加登録
[920/1376] 🏭 ID 6161: 武の井酒造株式会社 (山梨県) - http://takenoishuzo.jp/
    ✨ [新規SKU抽出] 特別純米 辛口 [特別純米酒] (米: 国産米, 精米: 非公開)
    ✨ [新規SKU抽出] 青煌 特別純米 辛口 [特別純米酒] (米: 国産米, 精米: 非公開)
    ✨ [新規SKU抽出] 純米吟醸 雄町 [純米吟醸酒] (米: 雄町, 精米: 非公開)
    ✨ [新規SKU抽出] 青煌 純米吟醸 雄町 [純米吟醸酒] (米: 雄町, 精米: 非公開)
    ✨ [新規SKU抽出] 純米大吟醸 愛山 [純米大吟醸酒] (米: 愛山, 精米: 非公開)
    ✨ [新規SKU抽出] 青煌 純米大吟醸 愛山 [純米大吟醸酒] (米: 愛山, 精米: 非公開)
    ✨ [新規SKU抽出] にごり酒 [普通酒] (米: 国産米, 精米: 非公開)
    ✨ [新規SKU抽出] 青煌 にごり酒 [普通酒] (米: 国産米, 精米: 非公開)
    ✨ [新規SKU抽出] 純米吟醸生原酒 [純米吟醸酒] (米: 国産米, 精米: 非公開)
    ✨ [新規SKU抽出] 青煌 純米吟醸生原酒 [純米吟醸酒] (米: 国産米, 精米: 非公開)
    ✨ [新規SKU抽出] ひやおろし [普通酒] (米: 国産米, 精米: 非公開)
    ✨ [新規SKU抽出] 青煌 ひやおろし [普通酒] (米: 国産米, 精米: 非公開)
    ✨ [新規SKU抽出] 特別本醸造 古酒 [特別本醸造酒] (米: 国産米, 精米: 非公開)
    ✨ [新規SKU抽出] 武の井 特別本醸造 古酒 [特別本醸造酒] (米: 国産米, 精米: 非公開)
    ✨ [新規SKU抽出] 純米吟醸 ひとごこち（山梨県北杜市産） [純米吟醸酒] (米: 国産米, 精米: 非公開)
    ✨ [新規SKU抽出] 武の井 純米吟醸 ひとごこち（山梨県北杜市産） [純米吟醸酒] (米: 国産米, 精米: 非公開)
    ✨ [新規SKU抽出] 純米吟醸 つばき酵母仕込 [純米吟醸酒] (米: 国産米, 精米: 非公開)
    ✨ [新規SKU抽出] 武の井 純米吟醸 つばき酵母仕込 [純米吟醸酒] (米: 国産米, 精米: 非公開)
    ✨ [新規SKU抽出] 純米吟醸 さくら酵母仕込 [純米吟醸酒] (米: 国産米, 精米: 非公開)
    ✨ [新規SKU抽出] 武の井 純米吟醸 さくら酵母仕込 [純米吟醸酒] (米: 国産米, 精米: 非公開)
    ✨ [新規SKU抽出] 純米吟醸 ヒマワリ酵母仕込 [純米吟醸酒] (米: 国産米, 精米: 非公開)
    ✨ [新規SKU抽出] 武の井 純米吟醸 ヒマワリ酵母仕込 [純米吟醸酒] (米: 国産米, 精米: 非公開)
    ✨ [新規SKU抽出] 純米吟醸 コスモス酵母仕込 [純米吟醸酒] (米: 国産米, 精米: 非公開)
    ✨ [新規SKU抽出] 武の井 純米吟醸 コスモス酵母仕込 [純米吟醸酒] (米: 国産米, 精米: 非公開)
    ✨ [新規SKU抽出] 純米焼酎(All-Year Lineups) [純米酒] (米: 国産米, 精米: 非公開)
    ✨ [新規SKU抽出] 純米焼酎25度 [純米酒] (米: 国産米, 精米: 非公開)
    ✨ [新規SKU抽出] 武の井 純米焼酎25度 [純米酒] (米: 国産米, 精米: 非公開)
    ✨ [新規SKU抽出] 純米焼酎25度 花酵母仕込 [純米酒] (米: 国産米, 精米: 非公開)
    ✨ [新規SKU抽出] 武の井 純米焼酎25度 花酵母仕込 [純米酒] (米: 国産米, 精米: 非公開)
    ✨ [新規SKU抽出] 純米焼酎35度 長期樫樽熟成 [純米酒] (米: 国産米, 精米: 非公開)
    ✨ [新規SKU抽出] 武の井 純米焼酎35度 長期樫樽熟成 [純米酒] (米: 国産米, 精米: 非公開)
  👉 武の井酒造株式会社: 31 件の新規SKUを深層クローリングにより追加登録
[921/1376] 🏭 ID 6162: 株式会社八巻酒造店 (山梨県) - http://yamakishuzou.com/
    ✨ [新規SKU抽出] 八巻酒造店 山梨県北杜市 酒造店 日本酒 地酒 純米大吟醸酒 純米酒 [純米大吟醸酒] (米: 国産米, 精米: 非公開)
    ✨ [新規SKU抽出] 甲斐男山純米酒「仲」 [純米酒] (米: 国産米, 精米: 非公開)
    ✨ [新規SKU抽出] 濃醇で飽きのこない旨口純米酒です。 [純米酒] (米: 国産米, 精米: 非公開)
    ✨ [新規SKU抽出] 甲斐男山純米大吟醸酒 [純米大吟醸酒] (米: 国産米, 精米: 非公開)
  👉 株式会社八巻酒造店: 4 件の新規SKUを深層クローリングにより追加登録
[922/1376] 🏭 ID 6163: 福徳長酒類株式会社 (山梨県) - http://www.oenon.jp/
    ✨ [新規SKU抽出] 秋田サワー 梅酒 [リキュール] (米: 国産米, 精米: 非公開)
    ✨ [新規SKU抽出] ブラックストーン｜焼酎・泡盛｜オエノングループ [泡盛] (米: 国産米, 精米: 非公開)
  👉 福徳長酒類株式会社: 2 件の新規SKUを深層クローリングにより追加登録
[923/1376] 🏭 ID 6164: 山梨銘醸株式会社 (山梨県) - https://www.shichiken.co.jp/
[924/1376] 🏭 ID 6166: 太冠酒造株式会社 (山梨県) - http://www.taikan-y.co.jp/
    ✨ [新規SKU抽出] リキュール [リキュール] (米: 国産米, 精米: 非公開)
    ✨ [新規SKU抽出] 山梨県産のシャインマスカット果汁を贅沢にも純米酒にブレンドしたお酒です。 [純米酒] (米: 国産米, 精米: 非公開)
    ✨ [新規SKU抽出] 太冠愛好倶楽部「乱波」 / 山田錦（純米吟醸無濾過生原酒） [純米吟醸酒] (米: 山田錦, 精米: 非公開)
    ✨ [新規SKU抽出] 山田錦（純米吟醸無濾過生原酒） [純米吟醸酒] (米: 山田錦, 精米: 非公開)
    ✨ [新規SKU抽出] 太冠愛好倶楽部「乱波」 / 純米酒 [純米酒] (米: 国産米, 精米: 非公開)
    ✨ [新規SKU抽出] 穂蛍 純米酒（すいけい） [純米酒] (米: 国産米, 精米: 非公開)
    ✨ [新規SKU抽出] 特別純米酒 [特別純米酒] (米: 国産米, 精米: 非公開)
    ✨ [新規SKU抽出] 紅龍（純米酒） [純米酒] (米: 国産米, 精米: 非公開)
    ✨ [新規SKU抽出] ワイン酵母仕込み スパークリング日本酒 [普通酒] (米: 国産米, 精米: 非公開)
    ✨ [新規SKU抽出] 山田錦 ひやおろし (純米原酒)（秋季限定） [純米酒] (米: 山田錦, 精米: 非公開)
    ✨ [新規SKU抽出] 純米酒 （南アルプス山系水仕込） [純米酒] (米: 国産米, 精米: 非公開)
    ✨ [新規SKU抽出] 「新札採用記念」北斎純米（純米酒） [純米酒] (米: 国産米, 精米: 非公開)
    ✨ [新規SKU抽出] 甲斐の地酒（純米酒） [純米酒] (米: 国産米, 精米: 非公開)
    ✨ [新規SKU抽出] 太冠愛好倶楽部「乱波」 / リキュール [リキュール] (米: 国産米, 精米: 非公開)
    ✨ [新規SKU抽出] シャインマスカット（純米酒仕込のお酒） [純米酒] (米: 国産米, 精米: 非公開)
    ✨ [新規SKU抽出] 白桃 リキュール（純米酒仕込のお酒） [純米酒] (米: 国産米, 精米: 非公開)
    ✨ [新規SKU抽出] 太冠愛好倶楽部「乱波」 / シャインマスカット（純米酒仕込のお酒） [純米酒] (米: 国産米, 精米: 非公開)
    ✨ [新規SKU抽出] 麹米：純米酒ベース [純米酒] (米: 国産米, 精米: 非公開)
  👉 太冠酒造株式会社: 18 件の新規SKUを深層クローリングにより追加登録
[925/1376] 🏭 ID 6167: 株式会社萬屋醸造店 (山梨県) - https://www.shunnoten.co.jp
    ✨ [新規SKU抽出] 「春鶯囀　純米酒生貯蔵　なつざけ」の販売を開始いたしました [純米酒] (米: 国産米, 精米: 非公開)
    ✨ [新規SKU抽出] 萬屋醸造店 春鶯囀 しゅんのうてん 純米大吟醸 [純米大吟醸酒] (米: 国産米, 精米: 非公開)
    ✨ [新規SKU抽出] 萬屋醸造店 春鶯囀 しゅんのうてん 特別純米酒 [特別純米酒] (米: 国産米, 精米: 非公開)
    ✨ [新規SKU抽出] 特別純米酒 春鶯囀 × ヘラクライスト [特別純米酒] (米: 国産米, 精米: 非公開)
    ✨ [新規SKU抽出] 春鶯囀  純米大吟醸酒 [純米大吟醸酒] (米: 国産米, 精米: 非公開)
    ✨ [新規SKU抽出] ほのかに香る吟醸香とキレの良いすっきりとした旨味をもつお酒です。 [吟醸酒] (米: 国産米, 精米: 非公開)
    ✨ [新規SKU抽出] 春鶯囀  大吟醸 かもさるゝ蔵 [大吟醸酒] (米: 国産米, 精米: 非公開)
    ✨ [新規SKU抽出] 春鶯囀  特別純米酒 辛口 [特別純米酒] (米: 国産米, 精米: 非公開)
    ✨ [新規SKU抽出] 春鶯囀  純米吟醸 冨嶽 [純米吟醸酒] (米: 国産米, 精米: 非公開)
    ✨ [新規SKU抽出] 春鶯囀  純米酒 鷹座巣 [純米酒] (米: 国産米, 精米: 非公開)
    ✨ [新規SKU抽出] 春鶯囀  純米吟醸 [純米吟醸酒] (米: 国産米, 精米: 非公開)
    ✨ [新規SKU抽出] 春鶯囀  純米酒 [純米酒] (米: 国産米, 精米: 非公開)
    ✨ [新規SKU抽出] 春鶯囀 / 春鶯囀  純米大吟醸酒 [純米大吟醸酒] (米: 国産米, 精米: 非公開)
    ✨ [新規SKU抽出] 春鶯囀 / 純米吟醸 [純米吟醸酒] (米: 国産米, 精米: 非公開)
    ✨ [新規SKU抽出] 春鶯囀 / 大吟醸 [大吟醸酒] (米: 国産米, 精米: 非公開)
  👉 株式会社萬屋醸造店: 15 件の新規SKUを深層クローリングにより追加登録
[926/1376] 🏭 ID 6168: 株式会社サン．フーズ (山梨県) - https://www.sanfoods.jp/
    ✨ [新規SKU抽出] リキュール／スピリッツ／焼酎 [リキュール] (米: 国産米, 精米: 非公開)
    ✨ [新規SKU抽出] 世界より注目を浴びているウイスキーや梅酒など世界30各国へ輸出しております。 [リキュール] (米: 国産米, 精米: 非公開)
  👉 株式会社サン．フーズ: 2 件の新規SKUを深層クローリングにより追加登録
[927/1376] 🏭 ID 6170: 笹一酒造株式会社 (山梨県) - http://www.sasaichi.co.jp/
[929/1376] 🏭 ID 6172: 濵田酒造株式会社 (鹿児島県) - https://www.hamadasyuzou.co.jp/
    ✨ [新規SKU抽出] 本格芋焼酎 [本格焼酎] (米: 国産米, 精米: 非公開)
    ✨ [新規SKU抽出] その他の本格焼酎 [本格焼酎] (米: 国産米, 精米: 非公開)
    ✨ [新規SKU抽出] リキュール [リキュール] (米: 国産米, 精米: 非公開)
    ✨ [新規SKU抽出] 琥珀色の本格麦焼酎 [本格焼酎] (米: 国産米, 精米: 非公開)
    ✨ [新規SKU抽出] じっくりと経た時の味わいをかもす、貯蔵麦焼酎ができました。 [本格焼酎] (米: 国産米, 精米: 非公開)
    ✨ [新規SKU抽出] その他の本格焼酎 - 傳藏院蔵 [本格焼酎] (米: 国産米, 精米: 非公開)
    ✨ [新規SKU抽出] 本格焼酎 [本格焼酎] (米: 国産米, 精米: 非公開)
    ✨ [新規SKU抽出] 新感覚の香味が楽しめる「ボタニカル系麦焼酎」 [本格焼酎] (米: 国産米, 精米: 非公開)
    ✨ [新規SKU抽出] 長期貯蔵熟成の本格麦焼酎 [本格焼酎] (米: 国産米, 精米: 非公開)
    ✨ [新規SKU抽出] ほのかに杉が香る本格麦焼酎 [本格焼酎] (米: 国産米, 精米: 非公開)
    ✨ [新規SKU抽出] 厳選された本格麦焼酎をオーク樽等で3年以上熟成した琥珀色のプレミアムな麦焼酎 [本格焼酎] (米: 国産米, 精米: 非公開)
    ✨ [新規SKU抽出] 繊細な味わいの本格麦焼酎 [本格焼酎] (米: 国産米, 精米: 非公開)
    ✨ [新規SKU抽出] 純米焼酎 匠の吟しゃり 25度 [純米酒] (米: 国産米, 精米: 非公開)
    ✨ [新規SKU抽出] 純米焼酎 [純米酒] (米: 国産米, 精米: 非公開)
    ✨ [新規SKU抽出] 黒麹仕込みの本格米焼酎 [本格焼酎] (米: 国産米, 精米: 非公開)
    ✨ [新規SKU抽出] 本格芋焼酎「だいやめ～DAIYAME～」の [本格焼酎] (米: 国産米, 精米: 非公開)
    ✨ [新規SKU抽出] これまでは本格焼酎の [本格焼酎] (米: 国産米, 精米: 非公開)
    ✨ [新規SKU抽出] バタースコッチリキュール [リキュール] (米: 国産米, 精米: 非公開)
    ✨ [新規SKU抽出] 本格芋焼酎だいやめ [本格焼酎] (米: 国産米, 精米: 非公開)
    ✨ [新規SKU抽出] これまでにない本格芋焼酎「だいやめ」をご紹介します。 [本格焼酎] (米: 国産米, 精米: 非公開)
    ✨ [新規SKU抽出] 本格麦焼酎 うかぜ 特設サイト - 濵田酒造 [本格焼酎] (米: 国産米, 精米: 非公開)
    ✨ [新規SKU抽出] 本格麦焼酎「うかぜ」 [本格焼酎] (米: 国産米, 精米: 非公開)
    ✨ [新規SKU抽出] 麦焼酎の世界に新たな風を。 [本格焼酎] (米: 国産米, 精米: 非公開)
    ✨ [新規SKU抽出] 本格麦焼酎「うかぜ」:最高金賞（ダブルゴールド） [本格焼酎] (米: 国産米, 精米: 非公開)
    ✨ [新規SKU抽出] 飲みやすいだけではない、違いのある麦焼酎を。 [本格焼酎] (米: 国産米, 精米: 非公開)
    ✨ [新規SKU抽出] 糖質0、プリン体0｜本格麦焼酎「うかぜ」 [本格焼酎] (米: 国産米, 精米: 非公開)
    ✨ [新規SKU抽出] 本格麦焼酎 [本格焼酎] (米: 国産米, 精米: 非公開)
    ✨ [新規SKU抽出] 特別な日にお父さんへ。ビンテージ熟成の本格芋焼酎 [本格焼酎] (米: 国産米, 精米: 非公開)
    ✨ [新規SKU抽出] 有機JAS認証の確かな品質。七つのこだわりから生まれた有機芋焼酎「なゝこ」 [本格焼酎] (米: 国産米, 精米: 非公開)
    ✨ [新規SKU抽出] 伝統製法にこだわった本格芋焼酎 [本格焼酎] (米: 国産米, 精米: 非公開)
    ✨ [新規SKU抽出] なゝこ（ななこ）梅酒 [リキュール] (米: 国産米, 精米: 非公開)
    ✨ [新規SKU抽出] 薩摩の伝統産業を伝承する窯と蔵が生んだプレミアム本格芋焼酎 [本格焼酎] (米: 国産米, 精米: 非公開)
    ✨ [新規SKU抽出] 本格焼酎 斉彬乃夢 [本格焼酎] (米: 国産米, 精米: 非公開)
    ✨ [新規SKU抽出] 本格焼酎斉彬乃夢 [本格焼酎] (米: 国産米, 精米: 非公開)
    ✨ [新規SKU抽出] 鹿児島の伝統工芸品・絢爛豪華な薩摩切子に包まれた伝統製法による本格芋焼酎原酒 [本格焼酎] (米: 国産米, 精米: 非公開)
    ✨ [新規SKU抽出] 伝兵衛蔵の伝統製法で仕上げたビンテージ熟成の本格芋焼酎 [本格焼酎] (米: 国産米, 精米: 非公開)
    ✨ [新規SKU抽出] 麦麹で仕込んだ本格麦焼酎 [本格焼酎] (米: 国産米, 精米: 非公開)
    ✨ [新規SKU抽出] 長期甕貯蔵した本格米焼酎 [本格焼酎] (米: 国産米, 精米: 非公開)
    ✨ [新規SKU抽出] 伝統製法による本格芋焼酎 [本格焼酎] (米: 国産米, 精米: 非公開)
    ✨ [新規SKU抽出] ジョイホワイトを使った本格芋焼酎 [本格焼酎] (米: 国産米, 精米: 非公開)
    ✨ [新規SKU抽出] ディスカバリージャパン　レモンリキュール [リキュール] (米: 国産米, 精米: 非公開)
    ✨ [新規SKU抽出] 広島県瀬戸田町産エコレモン果汁を100％使用したレモンリキュール [リキュール] (米: 国産米, 精米: 非公開)
    ✨ [新規SKU抽出] 焼みつき芋 和のスイーツリキュール [リキュール] (米: 国産米, 精米: 非公開)
    ✨ [新規SKU抽出] 芋焼酎の新酒を使用したスイーツ感覚の贅沢なクラフトリキュール。 [リキュール] (米: 国産米, 精米: 非公開)
    ✨ [新規SKU抽出] 栄養豊富なプルーンと鹿児島県産本格麦焼酎を使用した、 [本格焼酎] (米: 国産米, 精米: 非公開)
    ✨ [新規SKU抽出] 香料・着色料・酸味料無添加のプルーンリキュール [リキュール] (米: 国産米, 精米: 非公開)
    ✨ [新規SKU抽出] いちき串木野産のぽんかんを使用したリキュール [リキュール] (米: 国産米, 精米: 非公開)
    ✨ [新規SKU抽出] 本格麦焼酎「隠し蔵」特設サイト｜濵田酒造 [本格焼酎] (米: 国産米, 精米: 非公開)
    ✨ [新規SKU抽出] 味わい深く、バニラのような香りの余韻がつづく本格麦焼酎だから、 [本格焼酎] (米: 国産米, 精米: 非公開)
    ✨ [新規SKU抽出] 本格麦焼酎だから、好みに合わせて様々な飲み方を [本格焼酎] (米: 国産米, 精米: 非公開)
    ✨ [新規SKU抽出] 経験豊富な杜氏の技術と知識を活かし、質の高い本格焼酎づくりに [本格焼酎] (米: 国産米, 精米: 非公開)
    ✨ [新規SKU抽出] 本格焼酎づくりに励んでいます。仕込みや蒸留、 [本格焼酎] (米: 国産米, 精米: 非公開)
    ✨ [新規SKU抽出] 本格芋焼酎 カタログ [本格焼酎] (米: 国産米, 精米: 非公開)
    ✨ [新規SKU抽出] その他本格焼酎 カタログ [本格焼酎] (米: 国産米, 精米: 非公開)
    ✨ [新規SKU抽出] リキュール カタログ [リキュール] (米: 国産米, 精米: 非公開)
    ✨ [新規SKU抽出] 原材料完全国産、伝統の黒麹仕込み芋の香りが楽しめる本格芋焼酎 [本格焼酎] (米: 国産米, 精米: 非公開)
    ✨ [新規SKU抽出] 季節限定。全量鹿児島県産の紫芋を使用し粗ろ過で仕上げた本格芋焼酎 [本格焼酎] (米: 国産米, 精米: 非公開)
    ✨ [新規SKU抽出] 孤高の本格。本物志向の大人たちが嗜む本格芋焼酎 [本格焼酎] (米: 国産米, 精米: 非公開)
    ✨ [新規SKU抽出] 熟成された本格麦焼酎とホワイトオークを用いて、 [本格焼酎] (米: 国産米, 精米: 非公開)
    ✨ [新規SKU抽出] 「香り酵母仕込み」の本格米焼酎と厳選ボタニカル7種のハーモニー [本格焼酎] (米: 国産米, 精米: 非公開)
    ✨ [新規SKU抽出] 当社独自のワイン用酵母を用いて低温発酵、減圧蒸留する自社技術を駆使した本格芋焼酎 [本格焼酎] (米: 国産米, 精米: 非公開)
    ✨ [新規SKU抽出] 黄麹仕込みの本格芋焼酎 [本格焼酎] (米: 国産米, 精米: 非公開)
    ✨ [新規SKU抽出] 本格芋焼酎・海童の初留取り [本格焼酎] (米: 国産米, 精米: 非公開)
    ✨ [新規SKU抽出] 100％さつま芋の本格芋焼酎 [本格焼酎] (米: 国産米, 精米: 非公開)
    ✨ [新規SKU抽出] 鹿児島を代表する本格芋焼酎 [本格焼酎] (米: 国産米, 精米: 非公開)
    ✨ [新規SKU抽出] 白麹仕込みの本格芋焼酎 [本格焼酎] (米: 国産米, 精米: 非公開)
    ✨ [新規SKU抽出] 美人な梅酒 [リキュール] (米: 国産米, 精米: 非公開)
    ✨ [新規SKU抽出] 紀州産南高梅を鹿児島県産本格麦焼酎に漬け込んだ「本格梅酒」 [リキュール] (米: 国産米, 精米: 非公開)
    ✨ [新規SKU抽出] 特撰熟成梅酒 [リキュール] (米: 国産米, 精米: 非公開)
    ✨ [新規SKU抽出] 篤姫をイメージした本格梅酒 [リキュール] (米: 国産米, 精米: 非公開)
  👉 濵田酒造株式会社: 70 件の新規SKUを深層クローリングにより追加登録
[930/1376] 🏭 ID 6173: 泰石酒造株式会社 (沖縄県) - https://www.taikokushuzo.com/
[931/1376] 🏭 ID 6527: 株式会社町田酒造店 (群馬県) - https://www.seiryo-sake.co.jp/
[932/1376] 🏭 ID 6528: 栁澤酒造株式会社 (群馬県) - https://www.katsuragawa-musubito.com/
    ✨ [新規SKU抽出] 第94回関東信越国税局酒類鑑評会　純米酒の部　優秀賞受賞 [純米酒] (米: 国産米, 精米: 非公開)
  👉 栁澤酒造株式会社: 1 件の新規SKUを深層クローリングにより追加登録
[933/1376] 🏭 ID 6529: 聖酒造株式会社 (群馬県) - https://www.hijiri-sake.co.jp/
    ✨ [新規SKU抽出] 梅酒・リキュール [リキュール] (米: 国産米, 精米: 非公開)
    ✨ [新規SKU抽出] リキュール [リキュール] (米: 国産米, 精米: 非公開)
    ✨ [新規SKU抽出] 純米梅酒 ひじり [純米酒] (米: 国産米, 精米: 非公開)
    ✨ [新規SKU抽出] 自家梅林手摘みの梅酒 ひじり [リキュール] (米: 国産米, 精米: 非公開)
    ✨ [新規SKU抽出] 熟成梅酒 聖 [リキュール] (米: 国産米, 精米: 非公開)
    ✨ [新規SKU抽出] 純米梅酒 鱗 [純米酒] (米: 国産米, 精米: 非公開)
    ✨ [新規SKU抽出] 清酒、焼酎、リキュールの製造・販売 [リキュール] (米: 国産米, 精米: 非公開)
    ✨ [新規SKU抽出] 清酒、焼酎、リキュールの製造免許及び酒類販売免許 [リキュール] (米: 国産米, 精米: 非公開)
    ✨ [新規SKU抽出] 上品な米の旨みと優雅な吟醸香、心地よい後味。 [吟醸酒] (米: 国産米, 精米: 非公開)
    ✨ [新規SKU抽出] 大吟醸酒 [大吟醸酒] (米: 国産米, 精米: 非公開)
    ✨ [新規SKU抽出] 純米大吟醸酒 [純米大吟醸酒] (米: 国産米, 精米: 非公開)
    ✨ [新規SKU抽出] かんとうのはな 別誂 純米大吟醸 [純米大吟醸酒] (米: 国産米, 精米: 非公開)
    ✨ [新規SKU抽出] かんとうのはな 別誂 大吟醸 [大吟醸酒] (米: 国産米, 精米: 非公開)
    ✨ [新規SKU抽出] かんとうのはな 大吟醸 [大吟醸酒] (米: 国産米, 精米: 非公開)
    ✨ [新規SKU抽出] かんとうのはな 別誂 渋川 五百万石35 純米大吟醸 [純米大吟醸酒] (米: 五百万石, 精米: 非公開)
    ✨ [新規SKU抽出] 清酒、焼酎（粕取り焼酎・焼酎甲類等）、リキュール [リキュール] (米: 国産米, 精米: 非公開)
    ✨ [新規SKU抽出] リキュール製造免許　高崎税務署　高崎酒1-533 [リキュール] (米: 国産米, 精米: 非公開)
  👉 聖酒造株式会社: 17 件の新規SKUを深層クローリングにより追加登録
[934/1376] 🏭 ID 6532: 牧野酒造株式会社 (群馬県) - http://www.makino-sake.co.jp/
    ✨ [新規SKU抽出] 毎年秋発売。穏やかな果実香で吟醸クラスの特別純米原酒。 [特別純米酒] (米: 国産米, 精米: 非公開)
    ✨ [新規SKU抽出] 受賞 純米酒 [純米酒] (米: 国産米, 精米: 非公開)
    ✨ [新規SKU抽出] 大吟醸五年熟成 [大吟醸酒] (米: 国産米, 精米: 非公開)
    ✨ [新規SKU抽出] 本醸造からくち [本醸造酒] (米: 国産米, 精米: 非公開)
    ✨ [新規SKU抽出] 日本酒「大盃」をベースに丁寧に漬け込んだ梅酒 [リキュール] (米: 国産米, 精米: 非公開)
    ✨ [新規SKU抽出] 第95回関東信越国税局酒類鑑評会 純米酒の部 最優秀賞受賞！！ [純米酒] (米: 国産米, 精米: 非公開)
  👉 牧野酒造株式会社: 6 件の新規SKUを深層クローリングにより追加登録
[935/1376] 🏭 ID 6533: 柴崎酒造株式会社 (群馬県) - http://www.funaotaki.com/
    ✨ [新規SKU抽出] 船尾瀧 大吟醸 [大吟醸酒] (米: 国産米, 精米: 非公開)
    ✨ [新規SKU抽出] 船尾瀧 大吟醸 アサギフロスト [大吟醸酒] (米: 国産米, 精米: 非公開)
    ✨ [新規SKU抽出] 船尾瀧 純米吟醸 [純米吟醸酒] (米: 国産米, 精米: 非公開)
    ✨ [新規SKU抽出] 船尾瀧 本醸造 辛口 [本醸造酒] (米: 国産米, 精米: 非公開)
    ✨ [新規SKU抽出] 船尾瀧 吟醸酒 [吟醸酒] (米: 国産米, 精米: 非公開)
    ✨ [新規SKU抽出] 船尾瀧 特別純米酒 [特別純米酒] (米: 国産米, 精米: 非公開)
    ✨ [新規SKU抽出] 船尾瀧 特別本醸造 銀ラベル [特別本醸造酒] (米: 国産米, 精米: 非公開)
    ✨ [新規SKU抽出] 船尾瀧 原酒＜特別本醸造＞ [特別本醸造酒] (米: 国産米, 精米: 非公開)
    ✨ [新規SKU抽出] 船尾瀧 霧の榛名＜特別本醸造＞ [特別本醸造酒] (米: 国産米, 精米: 非公開)
    ✨ [新規SKU抽出] 船尾瀧 大吟醸 アサギフロスト | 商品紹介 | 船尾瀧（柴崎酒造） [大吟醸酒] (米: 国産米, 精米: 非公開)
    ✨ [新規SKU抽出] 船尾瀧 大吟醸 | 商品紹介 | 船尾瀧（柴崎酒造） [大吟醸酒] (米: 国産米, 精米: 非公開)
  👉 柴崎酒造株式会社: 11 件の新規SKUを深層クローリングにより追加登録
[936/1376] 🏭 ID 6534: 美峰酒類株式会社 (群馬県) - http://www.mihoshurui.co.jp
[938/1376] 🏭 ID 6536: 松屋酒造株式会社 (群馬県) - https://matsuya-sakebrewery.jp/
    ✨ [新規SKU抽出] 流輝 純米大吟醸 モルフォリリースしました。 [純米大吟醸酒] (米: 国産米, 精米: 非公開)
    ✨ [新規SKU抽出] 流輝 純米吟醸 山田錦 火入 [純米吟醸酒] (米: 山田錦, 精米: 非公開)
    ✨ [新規SKU抽出] 流輝 純米大吟醸 Morpho（モルフォ） [純米大吟醸酒] (米: 国産米, 精米: 非公開)
    ✨ [新規SKU抽出] 流輝 純米吟醸 無ろ過生 山田錦 別誂（べつあつらえ） [純米吟醸酒] (米: 山田錦, 精米: 非公開)
    ✨ [新規SKU抽出] 流輝 純米吟醸 無ろ過生 五百万石 [純米吟醸酒] (米: 五百万石, 精米: 非公開)
    ✨ [新規SKU抽出] 流輝 純米吟醸 無ろ過生 山田錦 [純米吟醸酒] (米: 山田錦, 精米: 非公開)
    ✨ [新規SKU抽出] 流輝 純米吟醸 初搾り無ろ過生 [純米吟醸酒] (米: 国産米, 精米: 非公開)
    ✨ [新規SKU抽出] 流輝 純米吟醸 ももいろ無ろ過生 [純米吟醸酒] (米: 国産米, 精米: 非公開)
    ✨ [新規SKU抽出] 流輝 純米吟醸 秋あがり 一回火入 [純米吟醸酒] (米: 国産米, 精米: 非公開)
    ✨ [新規SKU抽出] 平井城 純米吟醸 [純米吟醸酒] (米: 国産米, 精米: 非公開)
    ✨ [新規SKU抽出] 平井城 純米吟醸 舞風（まいかぜ）米 [純米吟醸酒] (米: 国産米, 精米: 非公開)
    ✨ [新規SKU抽出] 本醸造 當選 [本醸造酒] (米: 国産米, 精米: 非公開)
    ✨ [新規SKU抽出] フラッグシップ 流輝 純米吟醸 無ろ過生 山田錦 の火入酒です。 [純米吟醸酒] (米: 山田錦, 精米: 非公開)
  👉 松屋酒造株式会社: 13 件の新規SKUを深層クローリングにより追加登録
[939/1376] 🏭 ID 6537: 聖徳銘醸株式会社 (群馬県) - https://seitoku.co.jp/
    ✨ [新規SKU抽出] 大吟醸原酒 [大吟醸酒] (米: 国産米, 精米: 非公開)
    ✨ [新規SKU抽出] 特別純米酒 [特別純米酒] (米: 国産米, 精米: 非公開)
    ✨ [新規SKU抽出] 特別本醸造 [特別本醸造酒] (米: 国産米, 精米: 非公開)
    ✨ [新規SKU抽出] 吟醸 無濾過生原酒 [吟醸酒] (米: 国産米, 精米: 非公開)
    ✨ [新規SKU抽出] 純米酒、本醸造は晩酌用にオススメ。 [本醸造酒] (米: 国産米, 精米: 非公開)
    ✨ [新規SKU抽出] 特別本醸造はお土産としても喜ばれています。 [特別本醸造酒] (米: 国産米, 精米: 非公開)
    ✨ [新規SKU抽出] 程よい吟醸香と米の旨味が絶妙でバランスが良く、食中酒としてオススメの吟醸酒。 [吟醸酒] (米: 国産米, 精米: 非公開)
  👉 聖徳銘醸株式会社: 7 件の新規SKUを深層クローリングにより追加登録
[940/1376] 🏭 ID 6538: 浅間酒造株式会社 (群馬県) - https://asama-sakagura.co.jp/
    ✨ [新規SKU抽出] プレミアム大吟醸 秘幻 [大吟醸酒] (米: 国産米, 精米: 非公開)
    ✨ [新規SKU抽出] 大吟醸 秘幻 [大吟醸酒] (米: 国産米, 精米: 非公開)
    ✨ [新規SKU抽出] プレミアム純米大吟醸 秘幻 [純米大吟醸酒] (米: 国産米, 精米: 非公開)
  👉 浅間酒造株式会社: 3 件の新規SKUを深層クローリングにより追加登録
[942/1376] 🏭 ID 6540: 土田酒造株式会社 (群馬県) - https://www.tsuchidasake.jp/
    ✨ [新規SKU抽出] 蔵にすみついている乳酸菌や色々な微生物の活動を導き促す生酛（きもと）造り。 [普通酒] (米: 国産米, 精米: 非公開)
    ✨ [新規SKU抽出] 吟醸造りを極め、群馬で愛されている「誉国光」を発売。 [吟醸酒] (米: 国産米, 精米: 非公開)
    ✨ [新規SKU抽出] シン・ツチダ。土田生酛。Tsuchida 99。12。 [普通酒] (米: 国産米, 精米: 非公開)
    ✨ [新規SKU抽出] 「全量 生酛」が意味するものとは。 [普通酒] (米: 国産米, 精米: 非公開)
  👉 土田酒造株式会社: 4 件の新規SKUを深層クローリングにより追加登録
[943/1376] 🏭 ID 6541: 大利根酒造有限会社 (群馬県) - http://www.sadaijin.co.jp/
    ✨ [新規SKU抽出] 純米吟醸酒 [純米吟醸酒] (米: 国産米, 精米: 非公開)
    ✨ [新規SKU抽出] 本醸造酒 [本醸造酒] (米: 国産米, 精米: 非公開)
    ✨ [新規SKU抽出] 2026-02-01 左大臣・純米生原酒・ぼ　仕上がりました！ [純米酒] (米: 国産米, 精米: 非公開)
    ✨ [新規SKU抽出] 2026-01-10 お待たせしました。！　こしひかり純米 生にごり酒 [純米酒] (米: 国産米, 精米: 非公開)
    ✨ [新規SKU抽出] 2025-12-25 純米吟醸生原酒・花（か）　仕上がりました！ [純米吟醸酒] (米: 国産米, 精米: 非公開)
    ✨ [新規SKU抽出] 2025-12-25 純米吟醸・おりがらみ・「つ」　仕上がりました！ [純米吟醸酒] (米: 国産米, 精米: 非公開)
  👉 大利根酒造有限会社: 6 件の新規SKUを深層クローリングにより追加登録
[944/1376] 🏭 ID 6542: 永井酒造株式会社 (群馬県) - https://www.nagai-sake.co.jp/
    ✨ [新規SKU抽出] 水芭蕉純米大吟醸プレミアム [純米大吟醸酒] (米: 国産米, 精米: 非公開)
    ✨ [新規SKU抽出] 水芭蕉　純米大吟醸プレミアム [純米大吟醸酒] (米: 国産米, 精米: 非公開)
    ✨ [新規SKU抽出] 水芭蕉　雪ほたか　純米大吟醸 [純米大吟醸酒] (米: 国産米, 精米: 非公開)
    ✨ [新規SKU抽出] 水芭蕉　Vintage2008 大吟醸 [大吟醸酒] (米: 国産米, 精米: 非公開)
    ✨ [新規SKU抽出] 水芭蕉　純米大吟醸 [純米大吟醸酒] (米: 国産米, 精米: 非公開)
    ✨ [新規SKU抽出] MIZUBASHO雪ほたか純米大吟醸 [純米大吟醸酒] (米: 国産米, 精米: 非公開)
    ✨ [新規SKU抽出] 谷川岳　純米大吟醸 [純米大吟醸酒] (米: 国産米, 精米: 非公開)
    ✨ [新規SKU抽出] 水芭蕉　純米吟醸 [純米吟醸酒] (米: 国産米, 精米: 非公開)
    ✨ [新規SKU抽出] 水芭蕉純米吟醸 [純米吟醸酒] (米: 国産米, 精米: 非公開)
    ✨ [新規SKU抽出] 純米大吟醸プレミアム [純米大吟醸酒] (米: 国産米, 精米: 非公開)
    ✨ [新規SKU抽出] 純米大吟醸　翠 [純米大吟醸酒] (米: 国産米, 精米: 非公開)
    ✨ [新規SKU抽出] 純米吟醸辛口スパークリング [純米吟醸酒] (米: 国産米, 精米: 非公開)
    ✨ [新規SKU抽出] 雪ほたか　純米大吟醸 [純米大吟醸酒] (米: 国産米, 精米: 非公開)
  👉 永井酒造株式会社: 13 件の新規SKUを深層クローリングにより追加登録
[945/1376] 🏭 ID 6543: 株式会社永井本家 (群馬県) - https://www.nagaihonke.co.jp/
    ✨ [新規SKU抽出] 利根錦 [大吟醸] [大吟醸酒] (米: 国産米, 精米: 非公開)
    ✨ [新規SKU抽出] 利根錦 [純米酒] [純米酒] (米: 国産米, 精米: 非公開)
    ✨ [新規SKU抽出] 利根錦 [特別本醸造] [特別本醸造酒] (米: 国産米, 精米: 非公開)
    ✨ [新規SKU抽出] 程よい香味と上品な甘さが調和。まろやかな黄金の味わいは、本醸造酒ならではです。 [本醸造酒] (米: 国産米, 精米: 非公開)
    ✨ [新規SKU抽出] 利根錦 りんご梅酒 [リキュール] (米: 国産米, 精米: 非公開)
    ✨ [新規SKU抽出] 日本酒の梅酒と地元のりんごジュースでつくったとても飲みやすい梅酒です。 [リキュール] (米: 国産米, 精米: 非公開)
    ✨ [新規SKU抽出] 利根錦 [本醸造] 小松姫の酒 [本醸造酒] (米: 国産米, 精米: 非公開)
    ✨ [新規SKU抽出] 利根錦 純米大吟醸 [純米大吟醸酒] (米: 国産米, 精米: 非公開)
    ✨ [新規SKU抽出] 雪冷えと同じく吟醸酒などの華やかな香りをより楽しむことができます。 [吟醸酒] (米: 国産米, 精米: 非公開)
    ✨ [新規SKU抽出] また純米酒など、ふくらみのあるコクが特徴のお酒にも適しています。 [純米酒] (米: 国産米, 精米: 非公開)
    ✨ [新規SKU抽出] 本醸造酒や純米酒なら、酸味や甘味など様々な味のバランスが良くなります。 [本醸造酒] (米: 国産米, 精米: 非公開)
    ✨ [新規SKU抽出] 純米酒など、まろやかなお酒におすすめです。 [純米酒] (米: 国産米, 精米: 非公開)
  👉 株式会社永井本家: 12 件の新規SKUを深層クローリングにより追加登録
[946/1376] 🏭 ID 6544: 近藤酒造株式会社 (群馬県) - https://www.akagisan.com/
    ✨ [新規SKU抽出] 遠心分離搾り純米吟醸　黒檜 [純米吟醸酒] (米: 国産米, 精米: 非公開)
    ✨ [新規SKU抽出] 赤城山　純米スパークリング [純米酒] (米: 国産米, 精米: 非公開)
    ✨ [新規SKU抽出] 第107回南部杜氏自醸清酒鑑評会　純米の部　吟醸の部　優等賞ダブル受賞!! [吟醸酒] (米: 国産米, 精米: 非公開)
    ✨ [新規SKU抽出] 赤城山「大吟醸原酒」令和8年（令和７年度）全国新酒鑑評会にて３年連続金賞受賞‼ [大吟醸酒] (米: 国産米, 精米: 非公開)
    ✨ [新規SKU抽出] 赤城山 純米大吟醸「雄町」 [純米大吟醸酒] (米: 雄町, 精米: 非公開)
    ✨ [新規SKU抽出] 赤城山遠心分離搾り純米大吟醸「黒檜」720ｍｌ [純米大吟醸酒] (米: 国産米, 精米: 非公開)
    ✨ [新規SKU抽出] 赤城山　大吟醸 [大吟醸酒] (米: 国産米, 精米: 非公開)
    ✨ [新規SKU抽出] 赤城山　本醸造辛口 生貯蔵酒 [本醸造酒] (米: 国産米, 精米: 非公開)
    ✨ [新規SKU抽出] 赤城山　純米吟醸貴醸酒「Shoma」 [純米吟醸酒] (米: 国産米, 精米: 非公開)
  👉 近藤酒造株式会社: 9 件の新規SKUを深層クローリングにより追加登録
[947/1376] 🏭 ID 6545: 分福酒造株式会社 (群馬県) - http://www.bunbuku.net/
    ✨ [新規SKU抽出] 生原酒熟成 [普通酒] (米: 国産米, 精米: 非公開)
    ✨ [新規SKU抽出] 全麹純米酒 [純米酒] (米: 国産米, 精米: 非公開)
  👉 分福酒造株式会社: 2 件の新規SKUを深層クローリングにより追加登録
[948/1376] 🏭 ID 6547: 清水屋酒造有限会社 (群馬県) - https://www.shimizuyasyuzo.co.jp/
[949/1376] 🏭 ID 6549: 山崎酒造株式会社 (群馬県) - https://yamazaki-shuzo.com/
    ✨ [新規SKU抽出] 特別本醸造　超速戦士G-FIVEラベル [特別本醸造酒] (米: 国産米, 精米: 非公開)
    ✨ [新規SKU抽出] 太平記の里　本醸造 [特別本醸造酒] (米: 国産米, 精米: 非公開)
    ✨ [新規SKU抽出] 太平記の里　特別純米酒 [特別純米酒] (米: 国産米, 精米: 非公開)
    ✨ [新規SKU抽出] 太平記セット（特別本醸造 [特別本醸造酒] (米: 国産米, 精米: 非公開)
    ✨ [新規SKU抽出] 日本誉　大吟醸 [大吟醸酒] (米: 国産米, 精米: 非公開)
  👉 山崎酒造株式会社: 5 件の新規SKUを深層クローリングにより追加登録
[950/1376] 🏭 ID 6550: 島岡酒造株式会社 (群馬県) - https://shimaokasyuzo.com/
    ✨ [新規SKU抽出] 大吟醸酒 [大吟醸酒] (米: 国産米, 精米: 非公開)
    ✨ [新規SKU抽出] 山廃のキレのいい酸味と長期熟成の [普通酒] (米: 国産米, 精米: 非公開)
    ✨ [新規SKU抽出] 上品に落ち着いた穏やかな純米酒 [純米酒] (米: 国産米, 精米: 非公開)
    ✨ [新規SKU抽出] 山廃純米 [純米酒] (米: 国産米, 精米: 非公開)
    ✨ [新規SKU抽出] 味わえる純米酒　常温～お燗まで [純米酒] (米: 国産米, 精米: 非公開)
    ✨ [新規SKU抽出] 本醸造酒 [本醸造酒] (米: 国産米, 精米: 非公開)
    ✨ [新規SKU抽出] 若々しい山廃の酸味を併せ持った、 [普通酒] (米: 国産米, 精米: 非公開)
    ✨ [新規SKU抽出] 山廃の新酒の生きのいい酸味が楽しめる [普通酒] (米: 国産米, 精米: 非公開)
    ✨ [新規SKU抽出] 地元の酒米と、「生もと系山廃造り」にこだわり、 [普通酒] (米: 国産米, 精米: 非公開)
  👉 島岡酒造株式会社: 9 件の新規SKUを深層クローリングにより追加登録
[951/1376] 🏭 ID 6551: 株式会社 森ノ醸造所 (北海道) - http://www.morino-brewery.jp
[952/1376] 🏭 ID 6552: 箱館醸蔵 有限会社 (北海道) - http://gohhou.jp/
    ✨ [新規SKU抽出] 郷宝 特別純米 [特別純米酒] (米: 国産米, 精米: 非公開)
    ✨ [新規SKU抽出] 郷宝 純米吟醸 [純米吟醸酒] (米: 国産米, 精米: 非公開)
    ✨ [新規SKU抽出] 郷宝 純米大吟醸 [純米大吟醸酒] (米: 国産米, 精米: 非公開)
    ✨ [新規SKU抽出] 純米 ／ 特別純米 ／ 純米吟醸 [純米吟醸酒] (米: 国産米, 精米: 非公開)
  👉 箱館醸蔵 有限会社: 4 件の新規SKUを深層クローリングにより追加登録
[953/1376] 🏭 ID 6553: 函館五稜乃蔵株式会社 (北海道) - https://hakodate-goryo.co.jp/
    ✨ [新規SKU抽出] 北海道米でつくる日本酒アワード2026 吟醸酒部門 グランプリのご報告 [吟醸酒] (米: 国産米, 精米: 非公開)
    ✨ [新規SKU抽出] 純米、純米吟醸、純米大吟醸酒を造っていきます。 [純米大吟醸酒] (米: 国産米, 精米: 非公開)
  👉 函館五稜乃蔵株式会社: 2 件の新規SKUを深層クローリングにより追加登録
[954/1376] 🏭 ID 6554: 有限会社 二世古酒造 (北海道) - http://nisekoshuzo.com/
[955/1376] 🏭 ID 6555: 田中酒造株式会社 (北海道) - https://tanakashuzo.com
    ✨ [新規SKU抽出] おたる梅酒祭り2024開催中です♪ [リキュール] (米: 国産米, 精米: 非公開)
    ✨ [新規SKU抽出] おたる梅酒祭り2023開催中♫ [リキュール] (米: 国産米, 精米: 非公開)
    ✨ [新規SKU抽出] ▼道産米吟醸酒の部 [吟醸酒] (米: 国産米, 精米: 非公開)
    ✨ [新規SKU抽出] ▼純米酒の部 [純米酒] (米: 国産米, 精米: 非公開)
    ✨ [新規SKU抽出] 本日新発売！北広島市 赤毛米焼酎1873 [本格焼酎] (米: 国産米, 精米: 非公開)
    ✨ [新規SKU抽出] “本日新発売！北広島市 赤毛米焼酎1873″の [本格焼酎] (米: 国産米, 精米: 非公開)
    ✨ [新規SKU抽出] 春季限定酒 『純米吟醸酒 おたる春香』発売！ [純米吟醸酒] (米: 国産米, 精米: 非公開)
    ✨ [新規SKU抽出] “春季限定酒 『純米吟醸酒 おたる春香』発売！”の [純米吟醸酒] (米: 国産米, 精米: 非公開)
    ✨ [新規SKU抽出] 発売のお知らせ春季限定酒「純米吟醸酒 おたる春香」 [純米吟醸酒] (米: 国産米, 精米: 非公開)
    ✨ [新規SKU抽出] “発売のお知らせ春季限定酒「純米吟醸酒 おたる春香」”の [純米吟醸酒] (米: 国産米, 精米: 非公開)
    ✨ [新規SKU抽出] 縁起干支酒 『純米大吟醸生原酒 初馬（はつうま）』発売！ [純米大吟醸酒] (米: 国産米, 精米: 非公開)
    ✨ [新規SKU抽出] “縁起干支酒 『純米大吟醸生原酒 初馬（はつうま）』発売！”の [純米大吟醸酒] (米: 国産米, 精米: 非公開)
    ✨ [新規SKU抽出] 発売のお知らせ特別純米酒 秋月 [特別純米酒] (米: 国産米, 精米: 非公開)
    ✨ [新規SKU抽出] “発売のお知らせ特別純米酒 秋月”の [特別純米酒] (米: 国産米, 精米: 非公開)
    ✨ [新規SKU抽出] 縁起干支酒 『純米大吟醸生原酒 初巳（はつみ）』発売！ [純米大吟醸酒] (米: 国産米, 精米: 非公開)
    ✨ [新規SKU抽出] “縁起干支酒 『純米大吟醸生原酒 初巳（はつみ）』発売！”の [純米大吟醸酒] (米: 国産米, 精米: 非公開)
  👉 田中酒造株式会社: 16 件の新規SKUを深層クローリングにより追加登録
[956/1376] 🏭 ID 6556: 日本清酒株式会社 (北海道) - https://www.nipponseishu.co.jp/
[957/1376] 🏭 ID 6557: 国稀酒造株式会社 (北海道) - https://www.kunimare.co.jp
    ✨ [新規SKU抽出] 蔵元限定・数量限定スパークリング日本酒「渚」再入荷のお知らせ [普通酒] (米: 国産米, 精米: 非公開)
    ✨ [新規SKU抽出] 国稀酒造 スパークリング日本酒 渚（なぎさ）の商品ボトル [普通酒] (米: 国産米, 精米: 非公開)
    ✨ [新規SKU抽出] 蔵元限定初の有機栽培吟風使用「国稀 有機純米大吟醸」発売開始 [純米大吟醸酒] (米: 国産米, 精米: 非公開)
    ✨ [新規SKU抽出] 商品名：純米大吟醸 有機栽培 吟風 [純米大吟醸酒] (米: 国産米, 精米: 非公開)
    ✨ [新規SKU抽出] 国稀酒造の新商品「純米大吟醸 有機栽培 吟風」のボトル写真 [純米大吟醸酒] (米: 国産米, 精米: 非公開)
    ✨ [新規SKU抽出] 特別純米原酒 生貯蔵 神酒ノ尊（みきのみこと） [特別純米酒] (米: 国産米, 精米: 非公開)
    ✨ [新規SKU抽出] 特別純米原酒 生貯蔵 神酒ノ尊 [特別純米酒] (米: 国産米, 精米: 非公開)
    ✨ [新規SKU抽出] 1. 6月10日発売軽やかで清涼感あふれる一杯。特別純米酒生貯蔵「みずおと」 [特別純米酒] (米: 国産米, 精米: 非公開)
    ✨ [新規SKU抽出] 2. 6月11日発売華やかな香りと力強いコク。純米吟醸原酒「月涼し」 [純米吟醸酒] (米: 国産米, 精米: 非公開)
    ✨ [新規SKU抽出] 純米吟醸原酒　月涼し720㎖ [純米吟醸酒] (米: 国産米, 精米: 非公開)
    ✨ [新規SKU抽出] 特別純米生貯蔵　みずおと　720㎖ [特別純米酒] (米: 国産米, 精米: 非公開)
    ✨ [新規SKU抽出] 純米大吟醸　限定品　720㎖ [純米大吟醸酒] (米: 国産米, 精米: 非公開)
    ✨ [新規SKU抽出] 北海道限定　純米吟醸　720㎖ [純米吟醸酒] (米: 国産米, 精米: 非公開)
    ✨ [新規SKU抽出] 北海道限定　純米大吟醸720㎖ [純米大吟醸酒] (米: 国産米, 精米: 非公開)
    ✨ [新規SKU抽出] 国稀　生酛純米　720㎖ [純米酒] (米: 国産米, 精米: 非公開)
    ✨ [新規SKU抽出] 生酛　純米　720㎖ [純米酒] (米: 国産米, 精米: 非公開)
    ✨ [新規SKU抽出] スパークリング [普通酒] (米: 国産米, 精米: 非公開)
    ✨ [新規SKU抽出] リキュール [リキュール] (米: 国産米, 精米: 非公開)
  👉 国稀酒造株式会社: 18 件の新規SKUを深層クローリングにより追加登録
[958/1376] 🏭 ID 6558: 小林酒造株式会社 (北海道) - http://www.kitanonishiki.com/
[959/1376] 🏭 ID 6559: 金滴酒造株式会社 (北海道) - http://www.kinteki.co.jp
    ✨ [新規SKU抽出] 新十津川産の酒造好適米「吟風」を100％使用し、じっくり3年間熟成させた純米吟醸酒。 [純米吟醸酒] (米: 国産米, 精米: 非公開)
    ✨ [新規SKU抽出] しぼりたて生原酒　「金滴　初醸」（はつかも） [普通酒] (米: 国産米, 精米: 非公開)
    ✨ [新規SKU抽出] 金滴 大吟醸33（さだまさしラベル）ちろりセット [大吟醸酒] (米: 国産米, 精米: 非公開)
    ✨ [新規SKU抽出] 純米吟醸 十勝岳 泥流地帯 ちろりセット [純米吟醸酒] (米: 国産米, 精米: 非公開)
    ✨ [新規SKU抽出] 金滴 大吟醸33（さだまさしラベル）コタンブラーセット [大吟醸酒] (米: 国産米, 精米: 非公開)
    ✨ [新規SKU抽出] 純米吟醸 十勝岳 泥流地帯 コタンブラーセット [純米吟醸酒] (米: 国産米, 精米: 非公開)
  👉 金滴酒造株式会社: 6 件の新規SKUを深層クローリングにより追加登録
[960/1376] 🏭 ID 6560: 髙砂酒造株式会社 (北海道) - http://www.takasagoshuzo.com
    ✨ [新規SKU抽出] 若蔵紅茶梅酒 [リキュール] (米: 国産米, 精米: 非公開)
    ✨ [新規SKU抽出] 純米酒　大雪　雪中貯蔵 [純米酒] (米: 国産米, 精米: 非公開)
    ✨ [新規SKU抽出] 国士無双しそ梅酒 [リキュール] (米: 国産米, 精米: 非公開)
    ✨ [新規SKU抽出] 若蔵2026（若蔵 紅茶梅酒）のこだわり [リキュール] (米: 国産米, 精米: 非公開)
  👉 髙砂酒造株式会社: 4 件の新規SKUを深層クローリングにより追加登録
[961/1376] 🏭 ID 6561: 合同酒精株式会社 (北海道) - https://www.oenon.jp/product/sake/sake-brewery/godo.html
    ✨ [新規SKU抽出] リキュール・スピリッツ｜オエノングループ [リキュール] (米: 国産米, 精米: 非公開)
    ✨ [新規SKU抽出] 梅酒｜オエノングループ [リキュール] (米: 国産米, 精米: 非公開)
    ✨ [新規SKU抽出] 鍛高譚の梅酒 [リキュール] (米: 国産米, 精米: 非公開)
    ✨ [新規SKU抽出] 手作り梅酒の作り方＆レシピ 泡盛で作る梅酒 [リキュール] (米: 国産米, 精米: 非公開)
    ✨ [新規SKU抽出] 梅酒のおいしい飲み方・楽しみ方 お茶割 [リキュール] (米: 国産米, 精米: 非公開)
    ✨ [新規SKU抽出] おすすめの梅酒 [リキュール] (米: 国産米, 精米: 非公開)
    ✨ [新規SKU抽出] 梅酒 鴬宿梅 [リキュール] (米: 国産米, 精米: 非公開)
    ✨ [新規SKU抽出] あっさり梅酒 [リキュール] (米: 国産米, 精米: 非公開)
    ✨ [新規SKU抽出] ブランド別の梅酒から探す [リキュール] (米: 国産米, 精米: 非公開)
    ✨ [新規SKU抽出] 贅沢梅酒 [リキュール] (米: 国産米, 精米: 非公開)
    ✨ [新規SKU抽出] 梅酒をもっと楽しむ [リキュール] (米: 国産米, 精米: 非公開)
    ✨ [新規SKU抽出] 梅酒のおいしい飲み方・楽しみ方 [リキュール] (米: 国産米, 精米: 非公開)
    ✨ [新規SKU抽出] 梅酒に合うおつまみ・ピクルス [リキュール] (米: 国産米, 精米: 非公開)
    ✨ [新規SKU抽出] 梅酒に合うおつまみ・たけのことカマンベールチーズ [リキュール] (米: 国産米, 精米: 非公開)
    ✨ [新規SKU抽出] 梅酒に合うおつまみ・豚肉のガリ巻き焼き [リキュール] (米: 国産米, 精米: 非公開)
    ✨ [新規SKU抽出] 純米酒を中心に、多種多様な酒造りを行っている福徳長酒類 韮崎工場。 [純米酒] (米: 国産米, 精米: 非公開)
    ✨ [新規SKU抽出] 焼酎・泡盛｜オエノングループ [泡盛] (米: 国産米, 精米: 非公開)
    ✨ [新規SKU抽出] 焼酎・泡盛をもっと楽しむ [泡盛] (米: 国産米, 精米: 非公開)
    ✨ [新規SKU抽出] 本格焼酎 CANBASY [本格焼酎] (米: 国産米, 精米: 非公開)
    ✨ [新規SKU抽出] 本格米焼酎　米蔵 [本格焼酎] (米: 国産米, 精米: 非公開)
    ✨ [新規SKU抽出] 本格焼酎　ブラックストーン [本格焼酎] (米: 国産米, 精米: 非公開)
    ✨ [新規SKU抽出] 焼酎・泡盛の種類から探す [泡盛] (米: 国産米, 精米: 非公開)
  👉 合同酒精株式会社: 22 件の新規SKUを深層クローリングにより追加登録
[962/1376] 🏭 ID 6562: 男山株式会社 (北海道) - https://www.otokoyama.com/
    ✨ [新規SKU抽出] 純米大吟醸酒 [純米大吟醸酒] (米: 国産米, 精米: 非公開)
    ✨ [新規SKU抽出] 北海道の澄んだ気候が育む、大辛口の純米酒 [純米酒] (米: 国産米, 精米: 非公開)
    ✨ [新規SKU抽出] 特別純米酒 [特別純米酒] (米: 国産米, 精米: 非公開)
    ✨ [新規SKU抽出] 生酛造り [普通酒] (米: 国産米, 精米: 非公開)
    ✨ [新規SKU抽出] 生酛純米 [純米酒] (米: 国産米, 精米: 非公開)
    ✨ [新規SKU抽出] 生酛本醸造 [本醸造酒] (米: 国産米, 精米: 非公開)
    ✨ [新規SKU抽出] 特別本醸造酒 [特別本醸造酒] (米: 国産米, 精米: 非公開)
    ✨ [新規SKU抽出] 北の稲穂 大吟醸 [大吟醸酒] (米: 国産米, 精米: 非公開)
    ✨ [新規SKU抽出] 北道産の酒米で仕込んだ北海道100%の大吟醸 [大吟醸酒] (米: 国産米, 精米: 00%)
    ✨ [新規SKU抽出] 大吟醸酒 [大吟醸酒] (米: 国産米, 精米: 非公開)
    ✨ [新規SKU抽出] 特別純米 北の稲穂 [特別純米酒] (米: 国産米, 精米: 非公開)
    ✨ [新規SKU抽出] 本醸造 北の稲穂 [本醸造酒] (米: 国産米, 精米: 非公開)
    ✨ [新規SKU抽出] 特別本醸造 北の稲穂 [特別本醸造酒] (米: 国産米, 精米: 非公開)
    ✨ [新規SKU抽出] 本醸造酒 [本醸造酒] (米: 国産米, 精米: 非公開)
    ✨ [新規SKU抽出] 特別純米原酒 [特別純米酒] (米: 国産米, 精米: 非公開)
    ✨ [新規SKU抽出] 北の稲穂スパークリング [普通酒] (米: 国産米, 精米: 非公開)
    ✨ [新規SKU抽出] スパークリング日本酒 [普通酒] (米: 国産米, 精米: 非公開)
    ✨ [新規SKU抽出] 北海道限定 特別純米男山 [特別純米酒] (米: 国産米, 精米: 非公開)
    ✨ [新規SKU抽出] 特別純米生貯蔵酒 [特別純米酒] (米: 国産米, 精米: 非公開)
  👉 男山株式会社: 19 件の新規SKUを深層クローリングにより追加登録
[963/1376] 🏭 ID 6563: 三千櫻酒造株式会社 (北海道) - https://michizakura.jp/
    ✨ [新規SKU抽出] 愛山 純米大吟醸 / 純米 [純米大吟醸酒] (米: 愛山, 精米: 非公開)
    ✨ [新規SKU抽出] 純米大吟醸 愛山40箱入 [純米大吟醸酒] (米: 愛山, 精米: 非公開)
    ✨ [新規SKU抽出] 彗星 純米大吟醸 / 純米吟醸 [純米大吟醸酒] (米: 国産米, 精米: 非公開)
    ✨ [新規SKU抽出] 純米大吟醸 彗星45 [純米大吟醸酒] (米: 国産米, 精米: 非公開)
    ✨ [新規SKU抽出] 純米吟醸 彗星55 [純米吟醸酒] (米: 国産米, 精米: 非公開)
    ✨ [新規SKU抽出] きたしずく 純米大吟醸 / 純米吟醸 [純米大吟醸酒] (米: 国産米, 精米: 非公開)
    ✨ [新規SKU抽出] 純米大吟醸 きたしずく45 [純米大吟醸酒] (米: 国産米, 精米: 非公開)
    ✨ [新規SKU抽出] 純米吟醸 きたしずく55 [純米吟醸酒] (米: 国産米, 精米: 非公開)
    ✨ [新規SKU抽出] アルコール度数8% 生原酒 [普通酒] (米: 国産米, 精米: 8%)
    ✨ [新規SKU抽出] アルコール度数14% 生原酒 [普通酒] (米: 国産米, 精米: 14%)
  👉 三千櫻酒造株式会社: 10 件の新規SKUを深層クローリングにより追加登録
[964/1376] 🏭 ID 6564: 上川大雪酒造株式会社 (北海道) - http://kamikawa-taisetsu.co.jp
[965/1376] 🏭 ID 6565: 福司酒造株式会社 (北海道) - http://www.fukutsukasa.jp
    ✨ [新規SKU抽出] 本醸造酒 [本醸造酒] (米: 国産米, 精米: 非公開)
    ✨ [新規SKU抽出] リキュール [リキュール] (米: 国産米, 精米: 非公開)
    ✨ [新規SKU抽出] 一般流通の向けの大吟醸酒です。 [大吟醸酒] (米: 国産米, 精米: 非公開)
    ✨ [新規SKU抽出] 霧笛大吟醸 [大吟醸酒] (米: 国産米, 精米: 非公開)
    ✨ [新規SKU抽出] 毎年11月発売で釧路地域限定の大吟醸酒 木箱入り。 [大吟醸酒] (米: 国産米, 精米: 非公開)
    ✨ [新規SKU抽出] 霧笛 大吟醸 [大吟醸酒] (米: 国産米, 精米: 非公開)
    ✨ [新規SKU抽出] 福司　YONAGA　吟醸酒 [吟醸酒] (米: 国産米, 精米: 非公開)
    ✨ [新規SKU抽出] スパークリング清酒！ [普通酒] (米: 国産米, 精米: 非公開)
    ✨ [新規SKU抽出] ほんのり甘い、爽やかなスパークリング清酒です。 [普通酒] (米: 国産米, 精米: 非公開)
    ✨ [新規SKU抽出] 花華　純米酒 [純米酒] (米: 国産米, 精米: 非公開)
    ✨ [新規SKU抽出] 角樽　本醸造 [本醸造酒] (米: 国産米, 精米: 非公開)
    ✨ [新規SKU抽出] 鶴　本醸造 [本醸造酒] (米: 国産米, 精米: 非公開)
    ✨ [新規SKU抽出] >
霧笛大吟醸 [大吟醸酒] (米: 国産米, 精米: 非公開)
    ✨ [新規SKU抽出] > 霧笛大吟醸 [大吟醸酒] (米: 国産米, 精米: 非公開)
    ✨ [新規SKU抽出] 福司　本醸造　辛口 [本醸造酒] (米: 国産米, 精米: 非公開)
    ✨ [新規SKU抽出] 本醸造　生貯蔵酒 [本醸造酒] (米: 国産米, 精米: 非公開)
    ✨ [新規SKU抽出] 昔ながらの本醸造酒。淡麗で辛口の限定酒。 [本醸造酒] (米: 国産米, 精米: 非公開)
    ✨ [新規SKU抽出] 福司　純金入　本醸造 [本醸造酒] (米: 国産米, 精米: 非公開)
    ✨ [新規SKU抽出] > 純米酒 [純米酒] (米: 国産米, 精米: 非公開)
    ✨ [新規SKU抽出] 福司　純米吟醸酒 [純米吟醸酒] (米: 国産米, 精米: 非公開)
    ✨ [新規SKU抽出] 福司　特別純米酒（上等） [特別純米酒] (米: 国産米, 精米: 非公開)
    ✨ [新規SKU抽出] 福司　純米酒 [純米酒] (米: 国産米, 精米: 非公開)
  👉 福司酒造株式会社: 22 件の新規SKUを深層クローリングにより追加登録
[966/1376] 🏭 ID 6566: 株式会社 碓氷勝三郎商店 (北海道) - http://www.marimo.or.jp/~honda/cybermkt/mall/usui/
[967/1376] 🏭 ID 6740: 濵川商店 (高知県) - http://www.bijofu.jp
    ✨ [新規SKU抽出] スパークリング・リキュール [リキュール] (米: 国産米, 精米: 非公開)
    ✨ [新規SKU抽出] 純米大吟醸　濱川 [純米大吟醸酒] (米: 国産米, 精米: 非公開)
    ✨ [新規SKU抽出] 美丈夫 特別純米 [特別純米酒] (米: 国産米, 精米: 非公開)
    ✨ [新規SKU抽出] 美丈夫 特別本醸造 [特別本醸造酒] (米: 国産米, 精米: 非公開)
    ✨ [新規SKU抽出] 純米吟醸山田錦 [純米吟醸酒] (米: 山田錦, 精米: 非公開)
    ✨ [新規SKU抽出] 美丈夫 米一粒 酒一滴 純米吟醸山田錦 [純米吟醸酒] (米: 山田錦, 精米: 非公開)
    ✨ [新規SKU抽出] 美丈夫 純米吟醸 CEL-24 [純米吟醸酒] (米: 国産米, 精米: 非公開)
    ✨ [新規SKU抽出] 美丈夫 純米吟醸 夏酒 [純米吟醸酒] (米: 国産米, 精米: 非公開)
    ✨ [新規SKU抽出] 美丈夫 特別純米 夏酒 [特別純米酒] (米: 国産米, 精米: 非公開)
    ✨ [新規SKU抽出] 美丈夫 純米吟醸 秋酒 [純米吟醸酒] (米: 国産米, 精米: 非公開)
    ✨ [新規SKU抽出] 美丈夫 吟醸 秋酒 [吟醸酒] (米: 国産米, 精米: 非公開)
  👉 濵川商店: 11 件の新規SKUを深層クローリングにより追加登録
[968/1376] 🏭 ID 6741: 南酒造場 (高知県) - https://www.minamishuzoujo.com/
[969/1376] 🏭 ID 6742: 土佐鶴酒造 (高知県) - http://www.tosatsuru.co.jp/
    ✨ [新規SKU抽出] 大吟醸原酒　究極 [大吟醸酒] (米: 国産米, 精米: 非公開)
    ✨ [新規SKU抽出] 「龍が如く」×土佐鶴！コラボ商品第2弾が9年ぶりに新登場！純米大吟醸無濾過原酒土佐鶴 [純米大吟醸酒] (米: 国産米, 精米: 非公開)
    ✨ [新規SKU抽出] 大吟醸原酒 天平 [大吟醸酒] (米: 国産米, 精米: 非公開)
    ✨ [新規SKU抽出] 無濾過 純米酒 土佐のおきゃく [純米酒] (米: 国産米, 精米: 非公開)
    ✨ [新規SKU抽出] 土佐ベルガモットリキュール｜土佐鶴酒造 [リキュール] (米: 国産米, 精米: 非公開)
  👉 土佐鶴酒造: 5 件の新規SKUを深層クローリングにより追加登録
[970/1376] 🏭 ID 6743: 菊水酒造 (高知県) - http://www.tosa-kikusui.co.jp/
    ✨ [新規SKU抽出] 菊水酒造から、こだわりの芋焼酎ができました。 [本格焼酎] (米: 国産米, 精米: 非公開)
    ✨ [新規SKU抽出] リキュール新商品、完成しました☆ [リキュール] (米: 国産米, 精米: 非公開)
  👉 菊水酒造: 2 件の新規SKUを深層クローリングにより追加登録
[971/1376] 🏭 ID 6744: 有光酒造場 (高知県) - https://akitora-sake.com/
    ✨ [新規SKU抽出] 特に吟醸香に特徴をもつ酵母で、安芸虎の酒造りにおいて大切な存在です。 [吟醸酒] (米: 国産米, 精米: 非公開)
    ✨ [新規SKU抽出] 安芸虎 山田錦40％精米 純米大吟醸 [純米大吟醸酒] (米: 山田錦, 精米: 非公開)
    ✨ [新規SKU抽出] 酒米の王様 山田錦 を40％まで磨き、丁寧に仕込んだ純米大吟醸です。 [純米大吟醸酒] (米: 山田錦, 精米: 非公開)
    ✨ [新規SKU抽出] 安芸虎 純米大吟醸 赤ラベル [純米大吟醸酒] (米: 国産米, 精米: 非公開)
    ✨ [新規SKU抽出] ゆったりと落ち着く、深みのある味わいを追究した純米大吟醸酒です。 [純米大吟醸酒] (米: 国産米, 精米: 非公開)
    ✨ [新規SKU抽出] 安芸虎 深海の宇宙（しんかいのそら） 純米大吟醸 [純米大吟醸酒] (米: 国産米, 精米: 非公開)
    ✨ [新規SKU抽出] 安芸虎 CEL-24 純米大吟醸 [純米大吟醸酒] (米: 国産米, 精米: 非公開)
    ✨ [新規SKU抽出] 安芸虎 雄町 純米大吟醸 [純米大吟醸酒] (米: 雄町, 精米: 非公開)
    ✨ [新規SKU抽出] 安芸虎 潦(にわたずみ) 純米大吟醸 [純米大吟醸酒] (米: 国産米, 精米: 非公開)
    ✨ [新規SKU抽出] 安芸虎 純米吟醸 [純米吟醸酒] (米: 国産米, 精米: 非公開)
    ✨ [新規SKU抽出] 安芸虎の銘柄ができた時から長年親しまれてきた、純米吟醸。 [純米吟醸酒] (米: 国産米, 精米: 非公開)
    ✨ [新規SKU抽出] やわらかな吟醸香としっかりとした味わい、心地良い酸が特徴です。 [吟醸酒] (米: 国産米, 精米: 非公開)
    ✨ [新規SKU抽出] 安芸虎 純米吟醸 たれくち(生酒) [純米吟醸酒] (米: 国産米, 精米: 非公開)
    ✨ [新規SKU抽出] 安芸虎 入河内 純米吟醸 [純米吟醸酒] (米: 国産米, 精米: 非公開)
    ✨ [新規SKU抽出] 安芸虎 山田錦50％精米 純米吟醸 [純米吟醸酒] (米: 山田錦, 精米: 非公開)
    ✨ [新規SKU抽出] 安芸虎 ライト 純米吟醸原酒 [純米吟醸酒] (米: 国産米, 精米: 非公開)
    ✨ [新規SKU抽出] 低アルコールの無濾過原酒。しっかりとした味わいのある純米吟醸。 [純米吟醸酒] (米: 国産米, 精米: 非公開)
    ✨ [新規SKU抽出] 安芸虎 朝日 純米吟醸 [純米吟醸酒] (米: 国産米, 精米: 非公開)
    ✨ [新規SKU抽出] 安芸虎 素（そ） 純米吟醸 発泡生酒 [純米吟醸酒] (米: 国産米, 精米: 非公開)
    ✨ [新規SKU抽出] 爽やかな微発泡の純米吟醸うすにごり生酒です。 [純米吟醸酒] (米: 国産米, 精米: 非公開)
    ✨ [新規SKU抽出] 安芸虎 潦(にわたずみ) 純米吟醸 [純米吟醸酒] (米: 国産米, 精米: 非公開)
    ✨ [新規SKU抽出] そんな想いから生まれた純米酒です。 [純米酒] (米: 国産米, 精米: 非公開)
    ✨ [新規SKU抽出] 安芸虎 超辛口吟醸 [吟醸酒] (米: 国産米, 精米: 非公開)
    ✨ [新規SKU抽出] ソフトな吟醸香とスッキリとした味わいのある辛口の吟醸酒です。 [吟醸酒] (米: 国産米, 精米: 非公開)
    ✨ [新規SKU抽出] 安芸虎 土佐麗しぼりたて 純米吟醸 生 [純米吟醸酒] (米: 国産米, 精米: 非公開)
    ✨ [新規SKU抽出] さわやかな吟醸香と安芸虎らしいバランスのとれた味わいをお楽しみください。 [吟醸酒] (米: 国産米, 精米: 非公開)
    ✨ [新規SKU抽出] しぼりたての日本酒が入ったタンクを上からのぞき込むイメージで作成したラベルです。 [普通酒] (米: 国産米, 精米: 非公開)
    ✨ [新規SKU抽出] 安芸虎 蔵開限定詰 純米大吟醸 無濾過生原酒 [純米大吟醸酒] (米: 国産米, 精米: 非公開)
    ✨ [新規SKU抽出] 安芸虎 雄町ひやおろし 純米吟醸 [純米吟醸酒] (米: 雄町, 精米: 非公開)
    ✨ [新規SKU抽出] やわらかな吟醸香と心地良い酸が特徴です。 [吟醸酒] (米: 国産米, 精米: 非公開)
    ✨ [新規SKU抽出] しっかりとした味わいとおだやかな香りのある純米吟醸です。 [純米吟醸酒] (米: 国産米, 精米: 非公開)
    ✨ [新規SKU抽出] ボディー感のあるしっかりした味わいと、キレの良さが特徴の辛口純米酒。 [純米酒] (米: 国産米, 精米: 非公開)
    ✨ [新規SKU抽出] 安芸虎 深海の宇宙 純米大吟醸 [純米大吟醸酒] (米: 国産米, 精米: 非公開)
    ✨ [新規SKU抽出] 安芸虎 雄町ひやおろし 純米吟醸発売のお知らせ [純米吟醸酒] (米: 雄町, 精米: 非公開)
    ✨ [新規SKU抽出] 安芸虎 蔵開限定詰 雄町純米大吟醸 無濾過生原酒ECサイトで好評販売中 [純米大吟醸酒] (米: 雄町, 精米: 非公開)
    ✨ [新規SKU抽出] 出来上がったお酒を安定した状態ですぐに瓶詰をした、純米大吟醸、無濾過の生原酒です。 [純米大吟醸酒] (米: 国産米, 精米: 非公開)
    ✨ [新規SKU抽出] 安芸虎 潦(にわたずみ) 純米大吟醸 | 安芸虎／有光酒造場 [純米大吟醸酒] (米: 国産米, 精米: 非公開)
    ✨ [新規SKU抽出] 華やかな吟醸香と心地よい濃厚さが特徴です。 [吟醸酒] (米: 国産米, 精米: 非公開)
  👉 有光酒造場: 38 件の新規SKUを深層クローリングにより追加登録
[972/1376] 🏭 ID 6745: 仙頭酒造場 (高知県) - http://www.tosashiragiku.com/
    ✨ [新規SKU抽出] 焼酎･リキュール（仙頭、夢栗） [リキュール] (米: 国産米, 精米: 非公開)
    ✨ [新規SKU抽出] 焼酎・リキュール [リキュール] (米: 国産米, 精米: 非公開)
    ✨ [新規SKU抽出] リキュール [リキュール] (米: 国産米, 精米: 非公開)
    ✨ [新規SKU抽出] 氷温貯蔵 純米大吟醸 [純米大吟醸酒] (米: 国産米, 精米: 非公開)
    ✨ [新規SKU抽出] 特吟 吟醸 [吟醸酒] (米: 国産米, 精米: 非公開)
    ✨ [新規SKU抽出] 斬辛 特別純米 [特別純米酒] (米: 国産米, 精米: 非公開)
    ✨ [新規SKU抽出] ぼっちり 特別純米 [特別純米酒] (米: 国産米, 精米: 非公開)
    ✨ [新規SKU抽出] 純米吟醸 あらばしり〈生〉 [純米吟醸酒] (米: 国産米, 精米: 非公開)
    ✨ [新規SKU抽出] 斬辛 特別純米〈生〉 [特別純米酒] (米: 国産米, 精米: 非公開)
    ✨ [新規SKU抽出] 特別純米 微発泡〈生〉 [特別純米酒] (米: 国産米, 精米: 非公開)
    ✨ [新規SKU抽出] 薄氷 純米吟醸 山田錦〈生〉 [純米吟醸酒] (米: 山田錦, 精米: 非公開)
    ✨ [新規SKU抽出] 薄氷 純米吟醸 吟の夢〈生〉 [純米吟醸酒] (米: 国産米, 精米: 非公開)
    ✨ [新規SKU抽出] 純米吟醸 微発泡〈生〉 [純米吟醸酒] (米: 国産米, 精米: 非公開)
    ✨ [新規SKU抽出] 涼み純米吟醸 [純米吟醸酒] (米: 国産米, 精米: 非公開)
    ✨ [新規SKU抽出] 純米吟醸 吟の夢 ひやおろし [純米吟醸酒] (米: 国産米, 精米: 非公開)
    ✨ [新規SKU抽出] 美潮 純米吟醸 雄町 [純米吟醸酒] (米: 雄町, 精米: 非公開)
    ✨ [新規SKU抽出] 美潮 純米吟醸 吟の夢 [純米吟醸酒] (米: 国産米, 精米: 非公開)
    ✨ [新規SKU抽出] 美潮 純米吟醸 きたしずく [純米吟醸酒] (米: 国産米, 精米: 非公開)
    ✨ [新規SKU抽出] 平成7年に発売された室戸海洋深層水を使用した世界初の吟醸酒です。 [吟醸酒] (米: 国産米, 精米: 非公開)
    ✨ [新規SKU抽出] 深層水酒 土佐深海 吟醸 [吟醸酒] (米: 国産米, 精米: 非公開)
    ✨ [新規SKU抽出] 原料の味わいを優しく引き出した米焼酎、栗焼酎、リキュールの製造も行っています。 [リキュール] (米: 国産米, 精米: 非公開)
    ✨ [新規SKU抽出] 仙頭 純米吟醸焼酎25度 [純米吟醸酒] (米: 国産米, 精米: 非公開)
    ✨ [新規SKU抽出] 上品な吟醸の香り、お米の旨みをすっきりと凝縮したちょっと贅沢な米焼酎です。 [吟醸酒] (米: 国産米, 精米: 非公開)
    ✨ [新規SKU抽出] 仙頭 米焼酎25度 [本格焼酎] (米: 国産米, 精米: 非公開)
    ✨ [新規SKU抽出] 上質の吟醸粕を原料にした爽やかで優しい味わいの米焼酎です。 [吟醸酒] (米: 国産米, 精米: 非公開)
    ✨ [新規SKU抽出] 仙頭の梅酒 [リキュール] (米: 国産米, 精米: 非公開)
    ✨ [新規SKU抽出] 朝摘みの白加賀梅を使った甘さ控えめできれいな味わいの梅酒です。 [リキュール] (米: 国産米, 精米: 非公開)
  👉 仙頭酒造場: 27 件の新規SKUを深層クローリングにより追加登録
[973/1376] 🏭 ID 6746: 高木酒造 (高知県) - https://www.toyonoume.com/
    ✨ [新規SKU抽出] 純米大吟醸、大吟醸 [純米大吟醸酒] (米: 国産米, 精米: 非公開)
    ✨ [新規SKU抽出] 果実リキュール [リキュール] (米: 国産米, 精米: 非公開)
    ✨ [新規SKU抽出] 大吟醸 しずく酒 [大吟醸酒] (米: 国産米, 精米: 非公開)
    ✨ [新規SKU抽出] 大吟醸 原酒 [大吟醸酒] (米: 国産米, 精米: 非公開)
    ✨ [新規SKU抽出] 純米大吟醸 しずく酒 [純米大吟醸酒] (米: 国産米, 精米: 非公開)
    ✨ [新規SKU抽出] 大吟醸原酒「鴬寿」オウジュ [大吟醸酒] (米: 国産米, 精米: 非公開)
    ✨ [新規SKU抽出] 純米大吟醸 龍奏 [純米大吟醸酒] (米: 国産米, 精米: 非公開)
    ✨ [新規SKU抽出] 純米大吟醸 響香 [純米大吟醸酒] (米: 国産米, 精米: 非公開)
    ✨ [新規SKU抽出] 純米吟醸 宵宵 [純米吟醸酒] (米: 国産米, 精米: 非公開)
    ✨ [新規SKU抽出] 純米吟醸 いとをかし [純米吟醸酒] (米: 国産米, 精米: 非公開)
    ✨ [新規SKU抽出] 土佐金蔵 純米酒 [純米酒] (米: 国産米, 精米: 非公開)
    ✨ [新規SKU抽出] 土佐金蔵 特別純米酒 [特別純米酒] (米: 国産米, 精米: 非公開)
    ✨ [新規SKU抽出] 特別純米酒 [特別純米酒] (米: 国産米, 精米: 非公開)
    ✨ [新規SKU抽出] 豊能梅 特別純米 吟の夢 [特別純米酒] (米: 国産米, 精米: 非公開)
    ✨ [新規SKU抽出] 純米吟醸 いとをかし活性 うすにごり [純米吟醸酒] (米: 国産米, 精米: 非公開)
    ✨ [新規SKU抽出] 純米吟醸生酒 [純米吟醸酒] (米: 国産米, 精米: 非公開)
    ✨ [新規SKU抽出] 純米吟醸 いとをかし生酒 [純米吟醸酒] (米: 国産米, 精米: 非公開)
    ✨ [新規SKU抽出] 純米吟醸 おりがらみ生酒 [純米吟醸酒] (米: 国産米, 精米: 非公開)
    ✨ [新規SKU抽出] 土佐金蔵 純米生原酒 [純米酒] (米: 国産米, 精米: 非公開)
    ✨ [新規SKU抽出] 純米生原酒 [純米酒] (米: 国産米, 精米: 非公開)
    ✨ [新規SKU抽出] やさしい ゆず酒 [リキュール] (米: 国産米, 精米: 非公開)
    ✨ [新規SKU抽出] リキュール [リキュール] (米: 国産米, 精米: 非公開)
    ✨ [新規SKU抽出] ゆずジンジャーリキュール [リキュール] (米: 国産米, 精米: 非公開)
    ✨ [新規SKU抽出] 豊能梅 土佐の梅酒 [リキュール] (米: 国産米, 精米: 非公開)
    ✨ [新規SKU抽出] 土佐宇宙酒 特別純米酒 空と海 [特別純米酒] (米: 国産米, 精米: 非公開)
    ✨ [新規SKU抽出] 豊能梅　純米酒セメブレンド [純米酒] (米: 国産米, 精米: 非公開)
    ✨ [新規SKU抽出] 純米酒、濁り酒 [純米酒] (米: 国産米, 精米: 非公開)
    ✨ [新規SKU抽出] 特別純米 土佐の詫酒 御免 [特別純米酒] (米: 国産米, 精米: 非公開)
    ✨ [新規SKU抽出] 吟醸粕 1kg袋入り [吟醸酒] (米: 国産米, 精米: 非公開)
    ✨ [新規SKU抽出] 純米大吟醸　龍奏 [純米大吟醸酒] (米: 国産米, 精米: 非公開)
    ✨ [新規SKU抽出] 特別純米　吟の夢 [特別純米酒] (米: 国産米, 精米: 非公開)
    ✨ [新規SKU抽出] 豊能梅　純米吟醸 宵宵 [純米吟醸酒] (米: 国産米, 精米: 非公開)
    ✨ [新規SKU抽出] 土佐金蔵純米酒 [純米酒] (米: 国産米, 精米: 非公開)
    ✨ [新規SKU抽出] 純米吟醸酒などフルーティーで冷やして美味しいお酒にぴったりです。 [純米吟醸酒] (米: 国産米, 精米: 非公開)
    ✨ [新規SKU抽出] 純米吟醸酒（発泡性生酒） [純米吟醸酒] (米: 国産米, 精米: 非公開)
    ✨ [新規SKU抽出] 純米吟醸酒 [純米吟醸酒] (米: 国産米, 精米: 非公開)
    ✨ [新規SKU抽出] 2024 全米日本酒歓評会 吟醸酒部門　金賞受賞 [吟醸酒] (米: 国産米, 精米: 非公開)
    ✨ [新規SKU抽出] 2024 KURA MASTER 純米酒部門　プラチナ受賞 [純米酒] (米: 国産米, 精米: 非公開)
    ✨ [新規SKU抽出] ■2021ボルドー酒チャレンジ 純米吟醸部門　金賞受賞 [純米吟醸酒] (米: 国産米, 精米: 非公開)
    ✨ [新規SKU抽出] ■2021 KURA MASTER 純米酒部門　プラチナ受賞 [純米酒] (米: 国産米, 精米: 非公開)
  👉 高木酒造: 40 件の新規SKUを深層クローリングにより追加登録
[975/1376] 🏭 ID 6748: 松尾酒造 (高知県) - https://matsuokina.com/
    ✨ [新規SKU抽出] 純米大吟醸　松翁 [純米大吟醸酒] (米: 国産米, 精米: 非公開)
    ✨ [新規SKU抽出] 純米吟醸　松翁 [純米吟醸酒] (米: 国産米, 精米: 非公開)
  👉 松尾酒造: 2 件の新規SKUを深層クローリングにより追加登録
[976/1376] 🏭 ID 6749: 土佐酒造 (高知県) - https://www.keigetsu.co.jp/
    ✨ [新規SKU抽出] ・桂月 CEL24®純米大吟醸 50 [純米大吟醸酒] (米: 国産米, 精米: 非公開)
    ✨ [新規SKU抽出] ・桂月 超辛口 特別純米酒 60 [特別純米酒] (米: 国産米, 精米: 非公開)
    ✨ [新規SKU抽出] ・桂月 にごり 純米大吟醸 50 [純米大吟醸酒] (米: 国産米, 精米: 非公開)
    ✨ [新規SKU抽出] ・IWC 2022 Sake 純米大吟醸の部 ゴールドメダル [純米大吟醸酒] (米: 国産米, 精米: 非公開)
    ✨ [新規SKU抽出] ・IWC 2023 Sake 純米大吟醸の部 ゴールドメダル [純米大吟醸酒] (米: 国産米, 精米: 非公開)
    ✨ [新規SKU抽出] ・IWC 2024 Sake 純米大吟醸の部 ゴールドメダル [純米大吟醸酒] (米: 国産米, 精米: 非公開)
    ✨ [新規SKU抽出] ・ワイングラスでおいしい日本酒アワード 2024 プレミアム大吟醸部門 最高金賞 [大吟醸酒] (米: 国産米, 精米: 非公開)
    ✨ [新規SKU抽出] ・IWC 2026 Sake 高知 にごり スパークリングトロフィー [普通酒] (米: 国産米, 精米: 非公開)
    ✨ [新規SKU抽出] ・IWC 2026 Sake 純米大吟醸の部 ゴールドメダル [純米大吟醸酒] (米: 国産米, 精米: 非公開)
    ✨ [新規SKU抽出] 特別純米酒 相川譽 [特別純米酒] (米: 国産米, 精米: 非公開)
    ✨ [新規SKU抽出] ・Kura Master 2022 純米酒部門 金賞 [純米酒] (米: 国産米, 精米: 非公開)
    ✨ [新規SKU抽出] 桂月 秋津穂 特別純米酒 60 [特別純米酒] (米: 国産米, 精米: 非公開)
    ✨ [新規SKU抽出] ・Kura Master 2020 純米大吟醸部門 プラチナ賞 [純米大吟醸酒] (米: 国産米, 精米: 非公開)
    ✨ [新規SKU抽出] ・IWC 2022 Sake 純米大吟醸の部 ゴールドメダル、リージョナルトロフィー [純米大吟醸酒] (米: 国産米, 精米: 非公開)
    ✨ [新規SKU抽出] ・ワイングラスでおいしい日本酒アワード 2024 プレミアム大吟醸部門 金賞 [大吟醸酒] (米: 国産米, 精米: 非公開)
    ✨ [新規SKU抽出] ・IWC 2026 Sake 純米大吟醸の部 シルバーメダル [純米大吟醸酒] (米: 国産米, 精米: 非公開)
    ✨ [新規SKU抽出] すっきり辛口（日本酒度+11）に仕上げた特別純米酒です。 [特別純米酒] (米: 国産米, 精米: 非公開)
    ✨ [新規SKU抽出] ・IWC 2023 Sake 純米酒の部 シルバーメダル [純米酒] (米: 国産米, 精米: 非公開)
    ✨ [新規SKU抽出] ・IWC 2024 Sake 純米酒の部 ブロンズメダル [純米酒] (米: 国産米, 精米: 非公開)
    ✨ [新規SKU抽出] ・IWC 2024 Sake スパークリングの部 シルバーメダル [普通酒] (米: 国産米, 精米: 非公開)
    ✨ [新規SKU抽出] ・IWC 2026 Sake スパークリングの部 シルバーメダル [普通酒] (米: 国産米, 精米: 非公開)
    ✨ [新規SKU抽出] Kura Master 2017, 2018, 2022 純米大吟醸酒部門 金賞受賞 [純米大吟醸酒] (米: 国産米, 精米: 非公開)
    ✨ [新規SKU抽出] IWC 2023,2024,2026 Sake 純米大吟醸の部 シルバーメダル受賞 [純米大吟醸酒] (米: 国産米, 精米: 非公開)
    ✨ [新規SKU抽出] 冬季限定 蔵出し生原酒 [普通酒] (米: 国産米, 精米: 非公開)
  👉 土佐酒造: 24 件の新規SKUを深層クローリングにより追加登録
[977/1376] 🏭 ID 6750: 酔鯨酒造有限会社 (高知県) - https://suigei.co.jp/
    ✨ [新規SKU抽出] 純米大吟醸
DAITO 2025 [純米大吟醸酒] (米: 国産米, 精米: 非公開)
    ✨ [新規SKU抽出] 純米大吟醸
長期熟成酒 慎 [純米大吟醸酒] (米: 国産米, 精米: 非公開)
    ✨ [新規SKU抽出] 純米大吟醸
万 [純米大吟醸酒] (米: 国産米, 精米: 非公開)
    ✨ [新規SKU抽出] 純米大吟醸
弥 [純米大吟醸酒] (米: 国産米, 精米: 非公開)
    ✨ [新規SKU抽出] 純米大吟醸
象 [純米大吟醸酒] (米: 国産米, 精米: 非公開)
    ✨ [新規SKU抽出] 純米大吟醸
丞 [純米大吟醸酒] (米: 国産米, 精米: 非公開)
    ✨ [新規SKU抽出] 純米大吟醸
寅 [純米大吟醸酒] (米: 国産米, 精米: 非公開)
    ✨ [新規SKU抽出] 純米大吟醸
兵庫山田錦50% [純米大吟醸酒] (米: 山田錦, 精米: 50%)
    ✨ [新規SKU抽出] 純米大吟醸
花ごろも
生酒 [純米大吟醸酒] (米: 国産米, 精米: 非公開)
    ✨ [新規SKU抽出] 純米大吟醸 
なつくじら 原酒 [純米大吟醸酒] (米: 国産米, 精米: 非公開)
    ✨ [新規SKU抽出] 純米大吟醸
高育秋あがり [純米大吟醸酒] (米: 国産米, 精米: 非公開)
    ✨ [新規SKU抽出] 純米大吟醸 
しぼりたて
冬びより [純米大吟醸酒] (米: 国産米, 精米: 非公開)
    ✨ [新規SKU抽出] 純米吟醸
高育54号 [純米吟醸酒] (米: 国産米, 精米: 非公開)
    ✨ [新規SKU抽出] 純米吟醸
 高育54号
 新酒生酒 [純米吟醸酒] (米: 国産米, 精米: 非公開)
    ✨ [新規SKU抽出] 純米吟醸
吟麗 [純米吟醸酒] (米: 国産米, 精米: 非公開)
    ✨ [新規SKU抽出] 純米吟醸
吟麗 生酒 [純米吟醸酒] (米: 国産米, 精米: 非公開)
    ✨ [新規SKU抽出] 純米吟醸
吟麗 summer [純米吟醸酒] (米: 国産米, 精米: 非公開)
    ✨ [新規SKU抽出] 純米吟醸 
吟麗 秋あがり [純米吟醸酒] (米: 国産米, 精米: 非公開)
    ✨ [新規SKU抽出] 純米吟醸
吟麗しぼりたて [純米吟醸酒] (米: 国産米, 精米: 非公開)
    ✨ [新規SKU抽出] 純米酒
八反錦60% [純米酒] (米: 八反錦, 精米: 60%)
    ✨ [新規SKU抽出] 特別純米酒
しぼりたて 生酒 [特別純米酒] (米: 国産米, 精米: 非公開)
    ✨ [新規SKU抽出] 特別純米酒
 お～い！竜馬 [特別純米酒] (米: 国産米, 精米: 非公開)
    ✨ [新規SKU抽出] 特別純米酒
山内容堂公 [特別純米酒] (米: 国産米, 精米: 非公開)
    ✨ [新規SKU抽出] リキュール [リキュール] (米: 国産米, 精米: 非公開)
    ✨ [新規SKU抽出] 熟成梅酒6
（仕込み中のため一時休売） [リキュール] (米: 国産米, 精米: 非公開)
    ✨ [新規SKU抽出] リキュール
かじゅ ゆず [リキュール] (米: 国産米, 精米: 非公開)
    ✨ [新規SKU抽出] リキュール
かじゅ文旦 [リキュール] (米: 国産米, 精米: 非公開)
    ✨ [新規SKU抽出] 2種類の吟醸香 [吟醸酒] (米: 国産米, 精米: 非公開)
    ✨ [新規SKU抽出] 奥深い吟醸香 [吟醸酒] (米: 国産米, 精米: 非公開)
    ✨ [新規SKU抽出] #しぼりたて新酒 [普通酒] (米: 国産米, 精米: 非公開)
    ✨ [新規SKU抽出] 純米大吟醸 DAITO 2025 [純米大吟醸酒] (米: 国産米, 精米: 非公開)
    ✨ [新規SKU抽出] 純米大吟醸酒 [純米大吟醸酒] (米: 国産米, 精米: 非公開)
    ✨ [新規SKU抽出] 純米大吟醸
長期熟成酒 慎(Shinn) [純米大吟醸酒] (米: 国産米, 精米: 非公開)
    ✨ [新規SKU抽出] 純米大吟醸「万」を低温で静かにじっくりと寝かせたプレミアムな長期熟成酒 [純米大吟醸酒] (米: 国産米, 精米: 非公開)
    ✨ [新規SKU抽出] 純米大吟醸
万(Mann) [純米大吟醸酒] (米: 国産米, 精米: 非公開)
    ✨ [新規SKU抽出] 最高峰の酒米「山田錦」を酔鯨の醸造技術で醸したフラッグシップ純米大吟醸 [純米大吟醸酒] (米: 山田錦, 精米: 非公開)
    ✨ [新規SKU抽出] 純米大吟醸
弥(Ya) [純米大吟醸酒] (米: 国産米, 精米: 非公開)
    ✨ [新規SKU抽出] ２種類の吟醸香を纏った香り高い純米大吟醸 [純米大吟醸酒] (米: 国産米, 精米: 非公開)
    ✨ [新規SKU抽出] 純米大吟醸
象(Sho) [純米大吟醸酒] (米: 国産米, 精米: 非公開)
    ✨ [新規SKU抽出] 質の良い吟醸香とあと口のキレの良さを追求した味わい綺麗な純米大吟醸酒 [純米大吟醸酒] (米: 国産米, 精米: 非公開)
    ✨ [新規SKU抽出] 純米大吟醸
 丞（Joh） [純米大吟醸酒] (米: 国産米, 精米: 非公開)
    ✨ [新規SKU抽出] 「すべて高知県産」にこだわった最高の大吟醸 [大吟醸酒] (米: 国産米, 精米: 非公開)
    ✨ [新規SKU抽出] 純米大吟醸酒 純米大吟醸
なつくじら
原酒 [純米大吟醸酒] (米: 国産米, 精米: 非公開)
    ✨ [新規SKU抽出] リッチな風味の期間限定・純米大吟醸 [純米大吟醸酒] (米: 国産米, 精米: 非公開)
    ✨ [新規SKU抽出] 純米大吟醸
なつくじら
原酒 [純米大吟醸酒] (米: 国産米, 精米: 非公開)
    ✨ [新規SKU抽出] ※本商品（純米大吟醸酒 純米大吟醸
なつくじら
原酒）の [純米大吟醸酒] (米: 国産米, 精米: 非公開)
    ✨ [新規SKU抽出] 酔鯨は「純米吟醸 高育54 号」がおすすめです。ぜひご賞味ください。 [純米吟醸酒] (米: 国産米, 精米: 非公開)
    ✨ [新規SKU抽出] その他の純米大吟醸酒・純米吟醸酒の商品 [純米大吟醸酒] (米: 国産米, 精米: 非公開)
    ✨ [新規SKU抽出] 純米大吟醸 DAITO 2025<br /> [純米大吟醸酒] (米: 国産米, 精米: 非公開)
    ✨ [新規SKU抽出] 純米大吟醸<br />
長期熟成酒 慎 [純米大吟醸酒] (米: 国産米, 精米: 非公開)
    ✨ [新規SKU抽出] 純米大吟醸<br />
万 [純米大吟醸酒] (米: 国産米, 精米: 非公開)
    ✨ [新規SKU抽出] 純米大吟醸<br />
弥 [純米大吟醸酒] (米: 国産米, 精米: 非公開)
    ✨ [新規SKU抽出] 純米大吟醸<br />
象 [純米大吟醸酒] (米: 国産米, 精米: 非公開)
    ✨ [新規SKU抽出] 純米大吟醸<br />
丞 [純米大吟醸酒] (米: 国産米, 精米: 非公開)
    ✨ [新規SKU抽出] 純米大吟醸<br />
寅 [純米大吟醸酒] (米: 国産米, 精米: 非公開)
    ✨ [新規SKU抽出] 純米大吟醸<br />
兵庫山田錦<br />
５０％ [純米大吟醸酒] (米: 山田錦, 精米: 非公開)
    ✨ [新規SKU抽出] 純米大吟醸<br />
花ごろも <br />
生酒 [純米大吟醸酒] (米: 国産米, 精米: 非公開)
    ✨ [新規SKU抽出] 純米大吟醸<br />
なつくじら　原酒 [純米大吟醸酒] (米: 国産米, 精米: 非公開)
    ✨ [新規SKU抽出] 純米大吟醸<br />
高育秋あがり [純米大吟醸酒] (米: 国産米, 精米: 非公開)
    ✨ [新規SKU抽出] 純米大吟醸しぼりたて<br />
冬びより [純米大吟醸酒] (米: 国産米, 精米: 非公開)
    ✨ [新規SKU抽出] 純米大吟醸しぼりたて [純米大吟醸酒] (米: 国産米, 精米: 非公開)
    ✨ [新規SKU抽出] 純米吟醸<br />
高育54号 [純米吟醸酒] (米: 国産米, 精米: 非公開)
    ✨ [新規SKU抽出] 純米吟醸 高育54号 新酒生酒 [純米吟醸酒] (米: 国産米, 精米: 非公開)
    ✨ [新規SKU抽出] 純米吟醸<br />
吟麗 [純米吟醸酒] (米: 国産米, 精米: 非公開)
    ✨ [新規SKU抽出] 純米吟醸<br />
吟麗 生酒 [純米吟醸酒] (米: 国産米, 精米: 非公開)
    ✨ [新規SKU抽出] 純米吟醸<br />
吟麗 summer [純米吟醸酒] (米: 国産米, 精米: 非公開)
    ✨ [新規SKU抽出] 純米吟醸<br />
吟麗 秋あがり [純米吟醸酒] (米: 国産米, 精米: 非公開)
    ✨ [新規SKU抽出] 純米吟醸<br />
吟麗<br />
しぼりたて [純米吟醸酒] (米: 国産米, 精米: 非公開)
    ✨ [新規SKU抽出] リキュール | 酔鯨の商品 | 驟秘ｯｨ驟帝�譬ｪ蠑丈ｼ夂､ｾ [リキュール] (米: 国産米, 精米: 非公開)
    ✨ [新規SKU抽出] 高知産柑橘リキュール [リキュール] (米: 国産米, 精米: 非公開)
    ✨ [新規SKU抽出] 焼酎は酔鯨の純米酒に含まれる酸味、キレのある旨みを引き継いだ味わいが特徴です。 [純米酒] (米: 国産米, 精米: 非公開)
    ✨ [新規SKU抽出] リキュールは酔鯨の醸造技術を活かし、高知県産の素材の風味を最大限に引き出しました。 [リキュール] (米: 国産米, 精米: 非公開)
    ✨ [新規SKU抽出] 熟成梅酒６ [リキュール] (米: 国産米, 精米: 非公開)
    ✨ [新規SKU抽出] ６年の時を経て、梅の風味をすべて引き出した本格梅酒 [リキュール] (米: 国産米, 精米: 非公開)
    ✨ [新規SKU抽出] 大人な苺の日本酒スパークリングリキュール [リキュール] (米: 国産米, 精米: 非公開)
    ✨ [新規SKU抽出] 純米大吟醸と高知が誇る柑橘「ゆず」が演出する発泡性リキュール [純米大吟醸酒] (米: 国産米, 精米: 非公開)
    ✨ [新規SKU抽出] 純米大吟醸酒・純米吟醸酒 | 酔鯨の商品 | 驟秘ｯｨ驟帝�譬ｪ蠑丈ｼ夂､ｾ [純米大吟醸酒] (米: 国産米, 精米: 非公開)
    ✨ [新規SKU抽出] 質の高い吟醸香と [吟醸酒] (米: 国産米, 精米: 非公開)
    ✨ [新規SKU抽出] フラッグシップ純米大吟醸「万 Mann」 [純米大吟醸酒] (米: 国産米, 精米: 非公開)
    ✨ [新規SKU抽出] “純米大吟醸をより身近に” [純米大吟醸酒] (米: 国産米, 精米: 非公開)
    ✨ [新規SKU抽出] コスパに優れた辛口純米大吟醸酒「兵庫山田錦50％」 [純米大吟醸酒] (米: 山田錦, 精米: 非公開)
    ✨ [新規SKU抽出] 時が育む、純米大吟醸 長期熟成酒「慎 Shinn」 [純米大吟醸酒] (米: 国産米, 精米: 非公開)
    ✨ [新規SKU抽出] 純米大吟醸酒 純米大吟醸
花ごろも
生酒 [純米大吟醸酒] (米: 国産米, 精米: 非公開)
    ✨ [新規SKU抽出] 春の季節限定 純米大吟醸 [純米大吟醸酒] (米: 国産米, 精米: 非公開)
    ✨ [新規SKU抽出] 「純米大吟醸 花ごろも 生酒」発売開始のお知らせ [純米大吟醸酒] (米: 国産米, 精米: 非公開)
    ✨ [新規SKU抽出] 「純米大吟醸 花ごろも 生酒」を3月17日より期間限定にて発売いたします。 [純米大吟醸酒] (米: 国産米, 精米: 非公開)
    ✨ [新規SKU抽出] ※本商品（純米大吟醸酒 純米大吟醸
花ごろも
生酒）の [純米大吟醸酒] (米: 国産米, 精米: 非公開)
    ✨ [新規SKU抽出] 純米大吟醸「DAITO」 [純米大吟醸酒] (米: 国産米, 精米: 非公開)
    ✨ [新規SKU抽出] 純米大吟醸 長期熟成酒「慎 Shinn」 [純米大吟醸酒] (米: 国産米, 精米: 非公開)
    ✨ [新規SKU抽出] 純米大吟醸酒 純米大吟醸 DAITO 2025 [純米大吟醸酒] (米: 国産米, 精米: 非公開)
    ✨ [新規SKU抽出] 「とさごはん酔鯨亭」でも「純米大吟醸DAITO2024」をお楽しみください。 [純米大吟醸酒] (米: 国産米, 精米: 非公開)
    ✨ [新規SKU抽出] ※本商品（純米大吟醸酒 純米大吟醸 DAITO 2025）の [純米大吟醸酒] (米: 国産米, 精米: 非公開)
    ✨ [新規SKU抽出] 純米大吟醸酒 純米大吟醸
高育
秋あがり [純米大吟醸酒] (米: 国産米, 精米: 非公開)
    ✨ [新規SKU抽出] 秋の味覚を楽しむ、リッチな風味の期間限定・純米大吟醸 [純米大吟醸酒] (米: 国産米, 精米: 非公開)
    ✨ [新規SKU抽出] 純米大吟醸
高育
秋あがり [純米大吟醸酒] (米: 国産米, 精米: 非公開)
    ✨ [新規SKU抽出] ※本商品（純米大吟醸酒 純米大吟醸
高育
秋あがり）の [純米大吟醸酒] (米: 国産米, 精米: 非公開)
    ✨ [新規SKU抽出] 純米吟醸酒 純米吟醸
吟麗 生酒 [純米吟醸酒] (米: 国産米, 精米: 非公開)
    ✨ [新規SKU抽出] 純米吟醸酒 [純米吟醸酒] (米: 国産米, 精米: 非公開)
    ✨ [新規SKU抽出] 生酒ならではのフレッシュ感と力強い味わいが光る純米吟醸酒 [純米吟醸酒] (米: 国産米, 精米: 非公開)
    ✨ [新規SKU抽出] ※本商品（純米吟醸酒 純米吟醸
吟麗 生酒）の [純米吟醸酒] (米: 国産米, 精米: 非公開)
  👉 酔鯨酒造有限会社: 100 件の新規SKUを深層クローリングにより追加登録
[978/1376] 🏭 ID 6751: 川澤酒造株式会社 (高知県) - https://kawazawasake.jp/
    ✨ [新規SKU抽出] 純米大吟醸  1,800㎖／720㎖／300㎖ [純米大吟醸酒] (米: 国産米, 精米: 非公開)
    ✨ [新規SKU抽出] 特別純米酒  1,800㎖／720㎖／300㎖ [特別純米酒] (米: 国産米, 精米: 非公開)
  👉 川澤酒造株式会社: 2 件の新規SKUを深層クローリングにより追加登録
[979/1376] 🏭 ID 6752: 高知酒造株式会社 (高知県) - https://kochisake.com/
    ✨ [新規SKU抽出] 特別本醸造 [特別本醸造酒] (米: 国産米, 精米: 非公開)
    ✨ [新規SKU抽出] リキュール [リキュール] (米: 国産米, 精米: 非公開)
    ✨ [新規SKU抽出] 実生のゆず酒 [リキュール] (米: 国産米, 精米: 非公開)
    ✨ [新規SKU抽出] 純米大吟醸4銘柄 価格改定およびラインナップ拡充のお知らせ [純米大吟醸酒] (米: 国産米, 精米: 非公開)
    ✨ [新規SKU抽出] 『仁淀川　純米酒』　裏ラベル　特定名称名 [純米酒] (米: 国産米, 精米: 非公開)
    ✨ [新規SKU抽出] 正特定名称　純米酒 [純米酒] (米: 国産米, 精米: 非公開)
    ✨ [新規SKU抽出] 誤特定名称　純米大吟醸酒 [純米大吟醸酒] (米: 国産米, 精米: 非公開)
    ✨ [新規SKU抽出] 表ラベル、中に入っているお酒、価格に関しましては、『純米酒』で間違いございません。 [純米酒] (米: 国産米, 精米: 非公開)
    ✨ [新規SKU抽出] ■実生のゆず酒 販売停止 [リキュール] (米: 国産米, 精米: 非公開)
    ✨ [新規SKU抽出] 実生のゆずが不作の為、 現在、実生のゆず酒を販売停止しております。 [リキュール] (米: 国産米, 精米: 非公開)
    ✨ [新規SKU抽出] ・仁淀川CEL24純米大吟醸磨き50％ [純米大吟醸酒] (米: 国産米, 精米: 非公開)
    ✨ [新規SKU抽出] ・仁淀川CEL24純米大吟醸磨き40％ [純米大吟醸酒] (米: 国産米, 精米: 非公開)
    ✨ [新規SKU抽出] ・仁淀川AC95純米大吟醸磨き40％ [純米大吟醸酒] (米: 国産米, 精米: 非公開)
    ✨ [新規SKU抽出] 「実生のゆず酒」が「食べるJAPAN美味アワード2025」に認定頂きました！ [リキュール] (米: 国産米, 精米: 非公開)
    ✨ [新規SKU抽出] 仁淀川 特別本醸造
– 高知酒造 [特別本醸造酒] (米: 国産米, 精米: 非公開)
    ✨ [新規SKU抽出] 仁淀川 特別本醸造 [特別本醸造酒] (米: 国産米, 精米: 非公開)
    ✨ [新規SKU抽出] フルーティな吟醸香 [吟醸酒] (米: 国産米, 精米: 非公開)
    ✨ [新規SKU抽出] 透明感のあるフルーティーな吟醸香に、爽快でスッキリとした味わいです。 [吟醸酒] (米: 国産米, 精米: 非公開)
    ✨ [新規SKU抽出] 瀧嵐 本醸造
– 高知酒造 [本醸造酒] (米: 国産米, 精米: 非公開)
    ✨ [新規SKU抽出] 瀧嵐 本醸造 [本醸造酒] (米: 国産米, 精米: 非公開)
    ✨ [新規SKU抽出] 清流仁淀川の伏流水を仕込水に使用した本醸造酒。 [本醸造酒] (米: 国産米, 精米: 非公開)
    ✨ [新規SKU抽出] 瀧嵐 特別本醸造
– 高知酒造 [特別本醸造酒] (米: 国産米, 精米: 非公開)
    ✨ [新規SKU抽出] 瀧嵐 特別本醸造 [特別本醸造酒] (米: 国産米, 精米: 非公開)
    ✨ [新規SKU抽出] 仁淀川 CEL24 純米大吟醸 磨き40%
– 高知酒造 [純米大吟醸酒] (米: 国産米, 精米: 40%)
    ✨ [新規SKU抽出] 仁淀川 CEL24 純米大吟醸 磨き40% [純米大吟醸酒] (米: 国産米, 精米: 40%)
    ✨ [新規SKU抽出] 高知県が誇る清流「仁淀川」で生まれた純米大吟醸酒です。 [純米大吟醸酒] (米: 国産米, 精米: 非公開)
  👉 高知酒造株式会社: 26 件の新規SKUを深層クローリングにより追加登録
[980/1376] 🏭 ID 6753: 亀泉酒造 (高知県) - https://www.kameizumi.co.jp/
    ✨ [新規SKU抽出] リキュール [リキュール] (米: 国産米, 精米: 非公開)
    ✨ [新規SKU抽出] 純米大吟醸原酒 酒家長春萬壽亀泉 [純米大吟醸酒] (米: 国産米, 精米: 非公開)
    ✨ [新規SKU抽出] 純米大吟醸原酒 [純米大吟醸酒] (米: 国産米, 精米: 非公開)
    ✨ [新規SKU抽出] 純米大吟醸 貴賓 [純米大吟醸酒] (米: 国産米, 精米: 非公開)
    ✨ [新規SKU抽出] 純米大吟醸 兵庫山田錦 [純米大吟醸酒] (米: 山田錦, 精米: 非公開)
    ✨ [新規SKU抽出] 純米大吟醸 碧龍泉BIRYUSEN [純米大吟醸酒] (米: 国産米, 精米: 非公開)
    ✨ [新規SKU抽出] 純米大吟醸 亀の尾 [純米大吟醸酒] (米: 亀の尾, 精米: 非公開)
    ✨ [新規SKU抽出] 純米吟醸原酒 高育６３号 [純米吟醸酒] (米: 国産米, 精米: 非公開)
    ✨ [新規SKU抽出] 純米吟醸原酒 [純米吟醸酒] (米: 国産米, 精米: 非公開)
    ✨ [新規SKU抽出] 純米吟醸原酒 CEL-24 [純米吟醸酒] (米: 国産米, 精米: 非公開)
    ✨ [新規SKU抽出] 純米吟醸 吟麓 [純米吟醸酒] (米: 国産米, 精米: 非公開)
    ✨ [新規SKU抽出] 純米吟醸 土佐のはちきん [純米吟醸酒] (米: 国産米, 精米: 非公開)
    ✨ [新規SKU抽出] Sparkling 純米吟醸 KAMEIZUMI Perle（ペルル） [純米吟醸酒] (米: 国産米, 精米: 非公開)
    ✨ [新規SKU抽出] Sparkling 純米吟醸 [純米吟醸酒] (米: 国産米, 精米: 非公開)
    ✨ [新規SKU抽出] 亀泉　特別純米 [特別純米酒] (米: 国産米, 精米: 非公開)
    ✨ [新規SKU抽出] 亀泉  本醸造 [本醸造酒] (米: 国産米, 精米: 非公開)
    ✨ [新規SKU抽出] 吟醸酒と同様に低温熟成させた、柔らかい香りの中に華やかな [吟醸酒] (米: 国産米, 精米: 非公開)
    ✨ [新規SKU抽出] 亀泉　生姜リキュール [リキュール] (米: 国産米, 精米: 非公開)
    ✨ [新規SKU抽出] 亀泉　小夏リキュール [リキュール] (米: 国産米, 精米: 非公開)
    ✨ [新規SKU抽出] 爽やかな香りが広がる搾りたてジュースのようなリキュール。 [リキュール] (米: 国産米, 精米: 非公開)
  👉 亀泉酒造: 20 件の新規SKUを深層クローリングにより追加登録
[981/1376] 🏭 ID 6754: 司牡丹酒造 (高知県) - https://www.tsukasabotan.co.jp/
    ✨ [新規SKU抽出] リキュール [リキュール] (米: 国産米, 精米: 非公開)
    ✨ [新規SKU抽出] ほいたら酒は日本酒ながよ。特に「しぼりたて新酒」らあがピッタリながぜよ。 [普通酒] (米: 国産米, 精米: 非公開)
  👉 司牡丹酒造: 2 件の新規SKUを深層クローリングにより追加登録
[982/1376] 🏭 ID 6755: 西岡酒造店 (高知県) - http://www.jyunpei.co.jp/
    ✨ [新規SKU抽出] 吟醸酒バー　ぼくさん [吟醸酒] (米: 国産米, 精米: 非公開)
  👉 西岡酒造店: 1 件の新規SKUを深層クローリングにより追加登録
[983/1376] 🏭 ID 6756: 文本酒造 (高知県) - https://fumimoto.jp/
    ✨ [新規SKU抽出] 純米大吟醸 火入 "SHIMANTO"BLUEラベル [純米大吟醸酒] (米: 国産米, 精米: 非公開)
    ✨ [新規SKU抽出] 純米大吟醸 生原酒 "SHIMANTO"BLUEラベル [純米大吟醸酒] (米: 国産米, 精米: 非公開)
    ✨ [新規SKU抽出] 純米大吟醸「SHIMANTO」 酒粕　1kg [純米大吟醸酒] (米: 国産米, 精米: 非公開)
    ✨ [新規SKU抽出] 辛口純米酒『SHIMANTO SILVER』 [純米酒] (米: 国産米, 精米: 非公開)
    ✨ [新規SKU抽出] 純米大吟醸「 [純米大吟醸酒] (米: 国産米, 精米: 非公開)
  👉 文本酒造: 5 件の新規SKUを深層クローリングにより追加登録
[984/1376] 🏭 ID 6757: 無手無冠 (高知県) - https://mutemuka.com/
    ✨ [新規SKU抽出] 吟醸・純米酒 [吟醸酒] (米: 国産米, 精米: 非公開)
    ✨ [新規SKU抽出] 四万十リキュール [リキュール] (米: 国産米, 精米: 非公開)
    ✨ [新規SKU抽出] 純米生原酒 [純米酒] (米: 国産米, 精米: 非公開)
    ✨ [新規SKU抽出] 丹念に手造りしたこだわり純米酒です。 [純米酒] (米: 国産米, 精米: 非公開)
    ✨ [新規SKU抽出] 酒槽からしたたり落ちる生原酒を、 [普通酒] (米: 国産米, 精米: 非公開)
    ✨ [新規SKU抽出] （本醸造） [本醸造酒] (米: 国産米, 精米: 非公開)
    ✨ [新規SKU抽出] 酒造り：自分で作った米で純米酒造 [純米酒] (米: 国産米, 精米: 非公開)
    ✨ [新規SKU抽出] 純米酒 10.8リットル [純米酒] (米: 国産米, 精米: 非公開)
  👉 無手無冠: 8 件の新規SKUを深層クローリングにより追加登録
[985/1376] 🏭 ID 6758: 藤娘酒造 (高知県) - http://shimanto-fujimusume.com/
    ✨ [新規SKU抽出] 令和8年度　純米吟醸酒とみやま　オーナー募集中！ [純米吟醸酒] (米: 国産米, 精米: 非公開)
    ✨ [新規SKU抽出] 全国新酒鑑評会 金賞受賞 大吟醸酒 大吟醸 藤娘 [大吟醸酒] (米: 国産米, 精米: 非公開)
    ✨ [新規SKU抽出] 大吟醸酒 [大吟醸酒] (米: 国産米, 精米: 非公開)
    ✨ [新規SKU抽出] 大吟醸 藤娘 [大吟醸酒] (米: 国産米, 精米: 非公開)
    ✨ [新規SKU抽出] 全国新酒鑑評会にて最高位金賞9度を誇る珠玉の大吟醸 [大吟醸酒] (米: 国産米, 精米: 非公開)
    ✨ [新規SKU抽出] 純米吟醸酒 純米吟醸原酒 四万十の風 [純米吟醸酒] (米: 国産米, 精米: 非公開)
    ✨ [新規SKU抽出] 純米吟醸酒 [純米吟醸酒] (米: 国産米, 精米: 非公開)
    ✨ [新規SKU抽出] 純米吟醸原酒 四万十の風 [純米吟醸酒] (米: 国産米, 精米: 非公開)
    ✨ [新規SKU抽出] 四万十川を通り抜ける爽やかな風のような純米吟醸原酒 [純米吟醸酒] (米: 国産米, 精米: 非公開)
    ✨ [新規SKU抽出] 本醸造酒 本醸造 藤娘 [本醸造酒] (米: 国産米, 精米: 非公開)
    ✨ [新規SKU抽出] 本醸造酒 [本醸造酒] (米: 国産米, 精米: 非公開)
    ✨ [新規SKU抽出] 本醸造 藤娘 [本醸造酒] (米: 国産米, 精米: 非公開)
    ✨ [新規SKU抽出] コストパフォーマンスの高い淡麗辛口本醸造 [本醸造酒] (米: 国産米, 精米: 非公開)
    ✨ [新規SKU抽出] 純米吟醸酒 純米吟醸 生酒 藤娘 [純米吟醸酒] (米: 国産米, 精米: 非公開)
    ✨ [新規SKU抽出] 純米吟醸 生酒 藤娘 [純米吟醸酒] (米: 国産米, 精米: 非公開)
    ✨ [新規SKU抽出] 純米吟醸酒 土佐宇宙酒 宇宙の夢 [純米吟醸酒] (米: 国産米, 精米: 非公開)
    ✨ [新規SKU抽出] 特別純米酒 藤娘 [特別純米酒] (米: 国産米, 精米: 非公開)
    ✨ [新規SKU抽出] 特別純米酒 [特別純米酒] (米: 国産米, 精米: 非公開)
    ✨ [新規SKU抽出] 特別純米酒　藤娘 [特別純米酒] (米: 国産米, 精米: 非公開)
    ✨ [新規SKU抽出] 限定500口 令和8年度 純米吟醸酒「とみやま」オーナー募集中！ [純米吟醸酒] (米: 国産米, 精米: 非公開)
    ✨ [新規SKU抽出] 大吟醸酒 大吟醸 藤娘 [大吟醸酒] (米: 国産米, 精米: 非公開)
    ✨ [新規SKU抽出] 純米吟醸酒 鐵の道 [純米吟醸酒] (米: 国産米, 精米: 非公開)
    ✨ [新規SKU抽出] 純米吟醸酒 純米吟醸 藤娘 [純米吟醸酒] (米: 国産米, 精米: 非公開)
    ✨ [新規SKU抽出] 本醸造酒 藤娘 本醸造 [本醸造酒] (米: 国産米, 精米: 非公開)
    ✨ [新規SKU抽出] 純米吟醸酒 純米吟醸 四万十の風 [純米吟醸酒] (米: 国産米, 精米: 非公開)
    ✨ [新規SKU抽出] 梅の香りと純米酒の味が程よく調和した梅のお酒 [純米酒] (米: 国産米, 精米: 非公開)
    ✨ [新規SKU抽出] きりっと辛口 / 純米酒、青梅 [純米酒] (米: 国産米, 精米: 非公開)
    ✨ [新規SKU抽出] ほのかな甘みが魅力のにごり酒 [普通酒] (米: 国産米, 精米: 非公開)
  👉 藤娘酒造: 28 件の新規SKUを深層クローリングにより追加登録
[986/1376] 🏭 ID 6760: 瑞鷹株式会社 (熊本県) - http://www.zuiyo.co.jp
[987/1376] 🏭 ID 6761: 通潤酒造株式会社 (熊本県) - http://tuzyun.com
[988/1376] 🏭 ID 6762: 花の香酒造株式会社 (熊本県) - http://www.hananoka.co.jp
[989/1376] 🏭 ID 6763: 千代の園酒造株式会社 (熊本県) - http://www.chiyonosono.co.jp
[990/1376] 🏭 ID 6764: 株式会社美少年 (熊本県) - http://bishonen.jp/
[991/1376] 🏭 ID 6765: 山村酒造合名会社 (熊本県) - http://shop.reizan.com
[992/1376] 🏭 ID 6766: 河津酒造株式会社 (熊本県) - http://kawazu-syuzou.com
[993/1376] 🏭 ID 6768: 亀萬酒造合資会社 (熊本県) - http://www.kameman.co.jp
[994/1376] 🏭 ID 6867: 佐藤焼酎製造場株式会社 (宮崎県) - https://satoshochu.com/
[995/1376] 🏭 ID 6868: 千徳酒造株式会社 (宮崎県) - http://www.sentoku.com/
[997/1376] 🏭 ID 6871: 株式会社黒木本店 (宮崎県) - https://www.kurokihonten.co.jp/
[998/1376] 🏭 ID 6872: 宝酒造株式会社 (宮崎県) - https://www.takarashuzo.co.jp/
[1001/1376] 🏭 ID 6876: 明石酒造株式会社 (宮崎県) - https://www.meigetsu.co.jp/
[1003/1376] 🏭 ID 6878: 柳田酒造合名会社 (宮崎県) - https://www.yanagita.co.jp/
[1004/1376] 🏭 ID 6879: 霧島酒造株式会社 (宮崎県) - https://www.kirishima.co.jp/
[1005/1376] 🏭 ID 6882: 株式会社落合酒造場 (宮崎県) - https://ochiaishuzojyo.jp/
[1006/1376] 🏭 ID 6883: 雲海酒造株式会社 (宮崎県) - http://www.unkai.co.jp/
[1007/1376] 🏭 ID 6884: 小玉醸造株式会社 (宮崎県) - https://www.kodamadistillery.co.jp/
[1008/1376] 🏭 ID 6885: 株式会社酒蔵王手門 (宮崎県) - https://ohtemon1895.jp/
[1009/1376] 🏭 ID 6886: 株式会社京屋酒造 (宮崎県) - https://www.kyo-ya.com/
[1010/1376] 🏭 ID 6888: 古澤醸造合名会社 (宮崎県) - http://www.nichinan-yaezakura.jp/
[1011/1376] 🏭 ID 6889: 松の露酒造株式会社 (宮崎県) - https://www.matsunotsuyu.com/
[1012/1376] 🏭 ID 6890: 株式会社宮田本店 (宮崎県) - https://www.hinamusume.jp/
[1013/1376] 🏭 ID 6891: 井上酒造株式会社 (宮崎県) - https://www.obisugi.co.jp/
[1014/1376] 🏭 ID 6892: 櫻の郷酒造株式会社 (宮崎県) - https://www.sakuranosato.co.jp/
[1016/1376] 🏭 ID 6895: 松露酒造株式会社 (宮崎県) - https://shouro-shuzou.co.jp/
[1018/1376] 🏭 ID 6897: 高千穂酒造株式会社 (宮崎県) - https://www.takachihosyuzo.co.jp/
[1019/1376] 🏭 ID 6898: アカツキ酒造合資会社 (宮崎県) - https://r.goope.jp/akatuki/
[1020/1376] 🏭 ID 6899: 神楽酒造株式会社 (宮崎県) - https://www.kagurashuzo.co.jp/
[1021/1376] 🏭 ID 6900: 姫泉酒造合資会社 (宮崎県) - https://www.himeizumi.co.jp/
[1023/1376] 🏭 ID 6979: 合資会社吉田屋 (長崎県) - https://www.bansho.info/
[1024/1376] 🏭 ID 6980: 株式会社杵の川 (長崎県) - https://www.kinokawa.co.jp/
[1025/1376] 🏭 ID 6981: 今里酒造株式会社 (長崎県) - https://rokujuyoshu.com/
[1026/1376] 🏭 ID 6982: 梅ヶ枝酒造株式会社 (長崎県) - https://umegae-shuzo.com
[1027/1376] 🏭 ID 6983: 合資会社山﨑本店酒造場 (長崎県) - https://www.yamasaki-syuzo.co.jp
[1028/1376] 🏭 ID 6985: 有限会社森酒造場 (長崎県) - https://mori-shuzou.jp/
[1029/1376] 🏭 ID 6986: 福田酒造株式会社 (長崎県) - http://fukuda-shuzo.com/
[1030/1376] 🏭 ID 6987: 潜龍酒造株式会社 (長崎県) - https://www.senryuu.jp
[1031/1376] 🏭 ID 6988: 白嶽酒造株式会社 (長崎県) - http://www.kawachi-shop.jp
[1032/1376] 🏭 ID 6989: 重家酒造株式会社 (長崎県) - https://www.omoyashuzo.com/
[1033/1376] 🏭 ID 6990: 壱岐の蔵酒造株式会社 (長崎県) - https://ikinokura.co.jp
[1034/1376] 🏭 ID 7109: 老松酒造 (大分県) - https://www.oimatsu.com/
[1035/1376] 🏭 ID 7110: 藤居醸造 (大分県) - https://www.taimei-fujii.co.jp/
[1036/1376] 🏭 ID 7111: 縣屋酒造 (大分県) - https://www.agataya.jp/
[1037/1376] 🏭 ID 7113: 大地酒造 (大分県) - https://oochi.saiki.jp/
[1038/1376] 🏭 ID 7114: 四ツ谷酒造 (大分県) - https://www.kanpachi.jp/
[1039/1376] 🏭 ID 7115: 久家本店 (大分県) - https://kugehonten.jp/
[1040/1376] 🏭 ID 7116: 八鹿酒造 (大分県) - http://www.yatsushika.com/
[1041/1376] 🏭 ID 7117: 中野酒造 (大分県) - http://chiebijin.com/
[1042/1376] 🏭 ID 7118: 南酒造 (大分県) - https://toppai.co.jp/
[1043/1376] 🏭 ID 7119: 藤居酒造 (大分県) - http://fujii-shuzou.sakura.ne.jp/
[1044/1376] 🏭 ID 7120: 常徳屋酒造場 (大分県) - https://www.jyotokuya.com/
[1045/1376] 🏭 ID 7121: 小手川酒造 (大分県) - https://kotegawa.fundokin.co.jp/
[1046/1376] 🏭 ID 7122: 牟礼鶴酒造 (大分県) - https://6026.jp/
[1047/1376] 🏭 ID 7123: 浜嶋酒造 (大分県) - https://www.takakiya.co.jp/
[1048/1376] 🏭 ID 7124: 萱島酒造 (大分県) - https://www.nishinoseki.com/
[1049/1376] 🏭 ID 7125: 亀の井酒造 (大分県) - https://kamenoi-shuzou.com/
[1050/1376] 🏭 ID 7126: 矢野酒造場 (大分県) - https://www.yano-shuzoujou.jp/
[1051/1376] 🏭 ID 7127: ぶんご銘醸 (大分県) - https://www.bungomeijyo.co.jp/
[1052/1376] 🏭 ID 7128: 佐藤酒造 (大分県) - http://kuju-senbazuru.co.jp/
[1053/1376] 🏭 ID 7129: 小松酒造場 (大分県) - https://www.hojunsake.com/
[1054/1376] 🏭 ID 7130: 旭酒造 (大分県) - https://www.dassai.co.jp/
[1055/1376] 🏭 ID 7131: 赤嶺酒造場 (大分県) - http://akamineshuzou.co.jp/
[1056/1376] 🏭 ID 7132: 三和酒類株式会社 (大分県) - https://www.sanwa-shurui.co.jp/
[1057/1376] 🏭 ID 7134: 小野酒造株式会社 (大分県) - http://www.onoshuzo.co.jp
[1058/1376] 🏭 ID 7136: クンチョウ酒造 (大分県) - https://www.kuncho.net
[1059/1376] 🏭 ID 7137: 久保酒蔵 (大分県) - https://kubosyuzou.jp/
[1060/1376] 🏭 ID 7138: 麻生本店 (大分県) - https://asouhonten.com
[1061/1376] 🏭 ID 7139: 二階堂酒造 (大分県) - https://www.nikaido-shuzo.co.jp/
[1062/1376] 🏭 ID 7140: 吉良酒造 (大分県) - https://www.kirashuzo.com/
[1063/1376] 🏭 ID 7141: 萱島酒類 (大分県) - http://bungoseimei.com/
[1064/1376] 🏭 ID 7142: 井上酒造 (大分県) - https://www.kakunoi.com/
[1065/1376] 🏭 ID 7196: 天吹酒造合資会社 (佐賀県) - http://www.amabuki.co.jp
[1066/1376] 🏭 ID 7197: 合資会社基山商店 (佐賀県) - http://kihotsuru.com/
[1067/1376] 🏭 ID 7198: 佐嘉酒造株式会社 (佐賀県) - https://sagashuzo.co.jp/
[1068/1376] 🏭 ID 7199: 大和酒造株式会社 (佐賀県) - http://www.sake-yamato.co.jp/
[1069/1376] 🏭 ID 7202: 天山酒造株式会社 (佐賀県) - https://tenzan.co.jp/
[1070/1376] 🏭 ID 7203: 東鶴酒造株式会社 (佐賀県) - http://azumatsuru.com/
[1071/1376] 🏭 ID 7204: 鳴滝酒造株式会社 (佐賀県) - http://narutaki.com
[1072/1376] 🏭 ID 7205: 小松酒造株式会社 (佐賀県) - http://www.manrei.jp/
[1073/1376] 🏭 ID 7208: 松浦一酒造株式会社 (佐賀県) - http://www.matsuuraichi.com/
[1074/1376] 🏭 ID 7209: 古伊万里酒造有限会社 (佐賀県) - https://sake-koimari.jp/
[1075/1376] 🏭 ID 7210: 宗政酒造株式会社 (佐賀県) - http://www.nonnoko.com/
[1076/1376] 🏭 ID 7211: 井手酒造有限会社 (佐賀県) - http://www.toranoko.co.jp/
[1077/1376] 🏭 ID 7212: 瀬頭酒造株式会社 (佐賀県) - http://azumacho.co.jp/
[1078/1376] 🏭 ID 7213: 五町田酒造株式会社 (佐賀県) - http://www.azumaichi.com/
[1079/1376] 🏭 ID 7214: 矢野酒造株式会社 (佐賀県) - http://www.yanoshuzou.jp/
[1080/1376] 🏭 ID 7215: 有限会社馬場酒造場 (佐賀県) - http://www.nogomi.co.jp/
[1081/1376] 🏭 ID 7216: 幸姫酒造株式会社 (佐賀県) - http://www.sachihime.co.jp/
[1082/1376] 🏭 ID 7217: 合資会社光武酒造場 (佐賀県) - http://www.kinpa.jp/
[1083/1376] 🏭 ID 7218: 富久千代酒造有限会社 (佐賀県) - https://nabeshima.biz/
[1084/1376] 🏭 ID 7281: 隠岐酒造株式会社 (島根県) - http://okishuzou.com/
[1085/1376] 🏭 ID 7282: 池月酒造株式会社 (島根県) - http://ikezuki.com/
[1086/1376] 🏭 ID 7283: 株式会社桑原酒場 (島根県) - https://fusozuru.com/
[1087/1376] 🏭 ID 7284: 板倉酒造有限会社 (島根県) - http://www.tenon.jp/
[1088/1376] 🏭 ID 7285: 若林酒造有限会社 (島根県) - http://www.kaishun.co.jp/
[1089/1376] 🏭 ID 7286: 旭日酒造有限会社 (島根県) - http://www.jujiasahi.co.jp/
[1090/1376] 🏭 ID 7287: 富士酒造合資会社 (島根県) - http://izumofuji.com/
[1091/1376] 🏭 ID 7288: 木次酒造株式会社 (島根県) - http://www.kisukisyuzou.com/
[1092/1376] 🏭 ID 7289: 李白酒造有限会社 (島根県) - http://www.rihaku.co.jp/
[1093/1376] 🏭 ID 7290: 米田酒造株式会社 (島根県) - http://www.toyonoaki.com/
[1094/1376] 🏭 ID 7291: 奥出雲酒造株式会社 (島根県) - http://okuizumosyuzou.com/
[1095/1376] 🏭 ID 7293: 吉田酒造株式会社 (島根県) - http://www.e-gassan.co.jp/
[1096/1376] 🏭 ID 7294: 日本海酒造株式会社 (島根県) - http://www.kan-nihonkai.com/
[1097/1376] 🏭 ID 7295: 都錦酒造株式会社 (島根県) - https://miyakonishiki.jp/
[1098/1376] 🏭 ID 7296: 株式会社酒持田本店 (島根県) - http://www.sakemochida.jp/
[1099/1376] 🏭 ID 7297: 金鳳酒造有限会社 (島根県) - http://www.kinpo.jp/
[1100/1376] 🏭 ID 7298: 古橋酒造株式会社 (島根県) - http://uijin.net/
[1101/1376] 🏭 ID 7299: 簸上清酒合名会社 (島根県) - http://www.sake-hikami.co.jp/
[1102/1376] 🏭 ID 7300: 玉櫻酒造有限会社 (島根県) - http://www.tamazakura.com/
[1103/1376] 🏭 ID 7301: 加茂福酒造株式会社 (島根県) - http://www.kamofuku.co.jp/
[1104/1376] 🏭 ID 7302: 合資会社石州酒造 (島根県) - http://kasen1730.ocnk.net/
[1105/1376] 🏭 ID 7303: 株式会社岡田屋本店 (島根県) - http://www.kikuyasaka.co.jp/
[1106/1376] 🏭 ID 7304: 株式会社田部竹下酒造 (島根県) - https://www.tanabe-takeshita.com
[1107/1376] 🏭 ID 7305: 一宮酒造有限会社 (島根県) - http://www.ichinomiya-s.jp/
[1108/1376] 🏭 ID 7306: 株式会社赤名酒造 (島根県) - https://kinunomine.localinfo.jp/
[1109/1376] 🏭 ID 7307: 株式会社財間酒場 (島根県) - https://www.zaimasakaba.com/
[1110/1376] 🏭 ID 7308: 右田本店株式会社 (島根県) - https://migitahonten.com/
[1111/1376] 🏭 ID 7336: 井上清吉商店 (栃木県) - http://sawahime.co.jp/
    ✨ [新規SKU抽出] 純米吟醸酒 [純米吟醸酒] (米: 国産米, 精米: 非公開)
    ✨ [新規SKU抽出] 本醸造酒 [本醸造酒] (米: 国産米, 精米: 非公開)
    ✨ [新規SKU抽出] 純米吟醸プレミアム [純米吟醸酒] (米: 国産米, 精米: 非公開)
    ✨ [新規SKU抽出] 純米吟醸　生原酒 [純米吟醸酒] (米: 国産米, 精米: 非公開)
    ✨ [新規SKU抽出] 大吟醸　真・地酒宣言 [大吟醸酒] (米: 国産米, 精米: 非公開)
    ✨ [新規SKU抽出] 澤姫　純米大吟醸　真・地酒宣言 [純米大吟醸酒] (米: 国産米, 精米: 非公開)
    ✨ [新規SKU抽出] ◆IWC2020「純米大吟醸酒の部」 [純米大吟醸酒] (米: 国産米, 精米: 非公開)
    ✨ [新規SKU抽出] 澤姫　下野純米大吟醸 [純米大吟醸酒] (米: 国産米, 精米: 非公開)
    ✨ [新規SKU抽出] やさしい口当たりの純米大吟醸酒。 [純米大吟醸酒] (米: 国産米, 精米: 非公開)
    ✨ [新規SKU抽出] ◆IWC2017「純米大吟醸酒の部」 [純米大吟醸酒] (米: 国産米, 精米: 非公開)
    ✨ [新規SKU抽出] 「純米大吟醸酒の部」プラチナ賞受賞銘柄 [純米大吟醸酒] (米: 国産米, 精米: 非公開)
    ✨ [新規SKU抽出] 澤姫　純米吟醸 [純米吟醸酒] (米: 国産米, 精米: 非公開)
    ✨ [新規SKU抽出] ◆IWC2019「純米吟醸酒の部」 [純米吟醸酒] (米: 国産米, 精米: 非公開)
    ✨ [新規SKU抽出] 澤姫　純米吟醸　真・地酒宣言 [純米吟醸酒] (米: 国産米, 精米: 非公開)
    ✨ [新規SKU抽出] 飲み飽きのしない万能食中酒的な辛口純米吟醸酒。 [純米吟醸酒] (米: 国産米, 精米: 非公開)
    ✨ [新規SKU抽出] 純米酒 of 下野地酒　澤姫 -Japanese Sake "SAWAHIME"- [純米酒] (米: 国産米, 精米: 非公開)
    ✨ [新規SKU抽出] 澤姫　山廃純米　真・地酒宣言 [純米酒] (米: 国産米, 精米: 非公開)
    ✨ [新規SKU抽出] 澤姫　特別純米　真・地酒宣言 [特別純米酒] (米: 国産米, 精米: 非公開)
    ✨ [新規SKU抽出] 澤姫　特別純米 [特別純米酒] (米: 国産米, 精米: 非公開)
    ✨ [新規SKU抽出] ◆IWC2020「純米酒の部」 [純米酒] (米: 国産米, 精米: 非公開)
    ✨ [新規SKU抽出] ◆フルネット社主催「純米酒大賞2018」 [純米酒] (米: 国産米, 精米: 非公開)
    ✨ [新規SKU抽出] 「純米酒部門」最高金賞受賞銘柄 [純米酒] (米: 国産米, 精米: 非公開)
  👉 井上清吉商店: 22 件の新規SKUを深層クローリングにより追加登録
[1112/1376] 🏭 ID 7337: 飯沼銘醸 (栃木県) - https://www.iinumameijo.com/
    ✨ [新規SKU抽出] 杉並木 純米大吟醸 [純米大吟醸酒] (米: 国産米, 精米: 非公開)
    ✨ [新規SKU抽出] 杉並木黄雲　純米大吟醸 [純米大吟醸酒] (米: 国産米, 精米: 非公開)
    ✨ [新規SKU抽出] 杉並木　大吟醸 [大吟醸酒] (米: 国産米, 精米: 非公開)
    ✨ [新規SKU抽出] 杉並木　純米大吟醸 [純米大吟醸酒] (米: 国産米, 精米: 非公開)
    ✨ [新規SKU抽出] 杉並木年輪　純米吟醸 [純米吟醸酒] (米: 国産米, 精米: 非公開)
    ✨ [新規SKU抽出] 杉並木　純米吟醸　夢ささら [純米吟醸酒] (米: 国産米, 精米: 非公開)
    ✨ [新規SKU抽出] 杉並木　特別本醸造 [特別本醸造酒] (米: 国産米, 精米: 非公開)
    ✨ [新規SKU抽出] 杉並木　純米酒 [純米酒] (米: 国産米, 精米: 非公開)
    ✨ [新規SKU抽出] 杉並木　本醸造 [本醸造酒] (米: 国産米, 精米: 非公開)
    ✨ [新規SKU抽出] 杉並木　純米吟醸　生酒　1.8l、 [純米吟醸酒] (米: 国産米, 精米: 非公開)
    ✨ [新規SKU抽出] 杉並木　特別本醸造　生酒 [特別本醸造酒] (米: 国産米, 精米: 非公開)
    ✨ [新規SKU抽出] 杉並木　特別本醸造　生貯蔵酒 [特別本醸造酒] (米: 国産米, 精米: 非公開)
    ✨ [新規SKU抽出] 姿　純米大吟醸　無濾過生原酒 [純米大吟醸酒] (米: 国産米, 精米: 非公開)
    ✨ [新規SKU抽出] 姿　純米大吟醸　無濾過生原酒 きたしずく [純米大吟醸酒] (米: 国産米, 精米: 非公開)
    ✨ [新規SKU抽出] 姿　純米大吟醸　生原酒　五百万石 [純米大吟醸酒] (米: 五百万石, 精米: 非公開)
    ✨ [新規SKU抽出] 姿　純米吟醸　無濾過生原酒　袋吊瓶囲い　山田錦 [純米吟醸酒] (米: 山田錦, 精米: 非公開)
    ✨ [新規SKU抽出] 姿　純米吟醸　無濾過生原酒　袋吊瓶囲い　雄町 [純米吟醸酒] (米: 雄町, 精米: 非公開)
    ✨ [新規SKU抽出] 姿　純米吟醸　無濾過生原酒　愛山 [純米吟醸酒] (米: 愛山, 精米: 非公開)
    ✨ [新規SKU抽出] 姿　純米吟醸　無濾過生原酒　山田錦 [純米吟醸酒] (米: 山田錦, 精米: 非公開)
    ✨ [新規SKU抽出] 姿　純米吟醸　無濾過生原酒　雄町 [純米吟醸酒] (米: 雄町, 精米: 非公開)
    ✨ [新規SKU抽出] 姿　純米吟醸　無濾過生原酒　夢ささら [純米吟醸酒] (米: 国産米, 精米: 非公開)
    ✨ [新規SKU抽出] 姿　純米吟醸　無濾過生原酒　ひとごこち [純米吟醸酒] (米: 国産米, 精米: 非公開)
    ✨ [新規SKU抽出] 姿　純米吟醸　無濾過生原酒　きたしずく [純米吟醸酒] (米: 国産米, 精米: 非公開)
    ✨ [新規SKU抽出] 姿　純米吟醸　無濾過生原酒　五百万石　初すがた [純米吟醸酒] (米: 五百万石, 精米: 非公開)
    ✨ [新規SKU抽出] 姿　純米吟醸　無濾過生原酒　彗星　晴れすがた [純米吟醸酒] (米: 国産米, 精米: 非公開)
    ✨ [新規SKU抽出] 姿　純米吟醸　生原酒　ブラックインパクト [純米吟醸酒] (米: 国産米, 精米: 非公開)
    ✨ [新規SKU抽出] 姿　純米吟醸　原酒　艶すがた [純米吟醸酒] (米: 国産米, 精米: 非公開)
    ✨ [新規SKU抽出] 姿　特別純米酒　斬れすがた [特別純米酒] (米: 国産米, 精米: 非公開)
    ✨ [新規SKU抽出] 姿　特別純米　生酒　吟風　浴衣すがた [特別純米酒] (米: 国産米, 精米: 非公開)
    ✨ [新規SKU抽出] 姿　特別純米　吟風 [特別純米酒] (米: 国産米, 精米: 非公開)
  👉 飯沼銘醸: 30 件の新規SKUを深層クローリングにより追加登録
[1113/1376] 🏭 ID 7339: 菊の里酒造 (栃木県) - http://www.daina-sake.net/
    ✨ [新規SKU抽出] 生酛 純米大吟醸 [純米大吟醸酒] (米: 国産米, 精米: 非公開)
    ✨ [新規SKU抽出] 大那 純米吟醸 [純米吟醸酒] (米: 国産米, 精米: 非公開)
    ✨ [新規SKU抽出] 大那 特別純米 [特別純米酒] (米: 国産米, 精米: 非公開)
    ✨ [新規SKU抽出] 生酛造り（火入れ） [普通酒] (米: 国産米, 精米: 非公開)
    ✨ [新規SKU抽出] ひやおろし（火入れ） [普通酒] (米: 国産米, 精米: 非公開)
    ✨ [新規SKU抽出] 大那 純米大吟醸 [純米大吟醸酒] (米: 国産米, 精米: 非公開)
    ✨ [新規SKU抽出] 大那　純米大吟醸 [純米大吟醸酒] (米: 国産米, 精米: 非公開)
    ✨ [新規SKU抽出] 大那　超辛口純米酒 [純米酒] (米: 国産米, 精米: 非公開)
    ✨ [新規SKU抽出] 大那　純米吟醸　愛山（火入れ） [純米吟醸酒] (米: 愛山, 精米: 非公開)
    ✨ [新規SKU抽出] 大那　低アルコール純米酒 [純米酒] (米: 国産米, 精米: 非公開)
    ✨ [新規SKU抽出] 大那　純米吟醸 [純米吟醸酒] (米: 国産米, 精米: 非公開)
    ✨ [新規SKU抽出] 大那　特別純米 [特別純米酒] (米: 国産米, 精米: 非公開)
    ✨ [新規SKU抽出] 大那 蜂龍舎　生酛 純米大吟醸 [純米大吟醸酒] (米: 国産米, 精米: 非公開)
    ✨ [新規SKU抽出] 29%（純米大吟醸） [純米大吟醸酒] (米: 国産米, 精米: 29%)
    ✨ [新規SKU抽出] 大那　純米吟醸　那須五百万石（火入れ） [純米吟醸酒] (米: 五百万石, 精米: 非公開)
    ✨ [新規SKU抽出] 大那　特別純米　初しぼり（生酒） [特別純米酒] (米: 国産米, 精米: 非公開)
    ✨ [新規SKU抽出] 大那　特別純米　生酛造り（火入れ） [特別純米酒] (米: 国産米, 精米: 非公開)
    ✨ [新規SKU抽出] 大那　特別純米　ひやおろし（火入れ） [特別純米酒] (米: 国産米, 精米: 非公開)
    ✨ [新規SKU抽出] 大那　純米大吟醸　夢ささら３５（火入れ） [純米大吟醸酒] (米: 国産米, 精米: 非公開)
    ✨ [新規SKU抽出] 大那　純米大吟醸　吉川産山田錦（火入れ） [純米大吟醸酒] (米: 山田錦, 精米: 非公開)
    ✨ [新規SKU抽出] 大那　低アルコール純米酒　13（火入れ） [純米酒] (米: 国産米, 精米: 非公開)
    ✨ [新規SKU抽出] 大那　純米吟醸　春摘み新酒　おりがらみ（火入れ） [純米吟醸酒] (米: 国産米, 精米: 非公開)
    ✨ [新規SKU抽出] 大那　特別純米　夏の酒　蛍（火入れ） [特別純米酒] (米: 国産米, 精米: 非公開)
    ✨ [新規SKU抽出] 大那　純米吟醸　東条産山田錦（生酒） [純米吟醸酒] (米: 山田錦, 精米: 非公開)
    ✨ [新規SKU抽出] 大那　純米吟醸　夢ささら（生酒） [純米吟醸酒] (米: 国産米, 精米: 非公開)
    ✨ [新規SKU抽出] 大那　純米吟醸　無加圧搾り（生酒） [純米吟醸酒] (米: 国産米, 精米: 非公開)
    ✨ [新規SKU抽出] 一転、生酛らしい力強い酸味と清廉な米の旨味が広がり、余韻がつづく。 [普通酒] (米: 国産米, 精米: 非公開)
  👉 菊の里酒造: 27 件の新規SKUを深層クローリングにより追加登録
[1114/1376] 🏭 ID 7340: 外池酒造店 (栃木県) - https://tonoike.jp/
    ✨ [新規SKU抽出] どぶろく・益子の炎（焼酎） [本格焼酎] (米: 国産米, 精米: 非公開)
    ✨ [新規SKU抽出] 第17回雄町サミット　望純米大吟醸雄町優等賞受賞 [純米大吟醸酒] (米: 雄町, 精米: 非公開)
    ✨ [新規SKU抽出] 純米大吟醸酒粕　１月３１日発売いたします [純米大吟醸酒] (米: 国産米, 精米: 非公開)
    ✨ [新規SKU抽出] IWC金賞受賞酒　燦爛大吟醸　発売いたします [大吟醸酒] (米: 国産米, 精米: 非公開)
    ✨ [新規SKU抽出] HOWAHOWAスパークリング発売いたします [普通酒] (米: 国産米, 精米: 非公開)
    ✨ [新規SKU抽出] 燦爛 大吟醸 金賞受賞酒(令和4年) [大吟醸酒] (米: 国産米, 精米: 非公開)
    ✨ [新規SKU抽出] 燦爛 大吟醸 [大吟醸酒] (米: 国産米, 精米: 非公開)
    ✨ [新規SKU抽出] 燦爛 純米大吟醸 [純米大吟醸酒] (米: 国産米, 精米: 非公開)
    ✨ [新規SKU抽出] 燦爛 純米吟醸 [純米吟醸酒] (米: 国産米, 精米: 非公開)
    ✨ [新規SKU抽出] 燦爛 吟醸酒 [吟醸酒] (米: 国産米, 精米: 非公開)
    ✨ [新規SKU抽出] 燦爛 山廃純米酒 [純米酒] (米: 国産米, 精米: 非公開)
    ✨ [新規SKU抽出] 山廃ならでのボリューム感のある旨味と酸味のバランスがとれた綺麗な味わい。 [普通酒] (米: 国産米, 精米: 非公開)
    ✨ [新規SKU抽出] 燦爛 純米酒 [純米酒] (米: 国産米, 精米: 非公開)
    ✨ [新規SKU抽出] [冬限定]燦爛 純米吟醸無濾過生原酒 初しぼり 雪さんらん [純米吟醸酒] (米: 国産米, 精米: 非公開)
    ✨ [新規SKU抽出] [冬限定]純米生にごり酒　SanRanとろり [純米酒] (米: 国産米, 精米: 非公開)
    ✨ [新規SKU抽出] [春限定] 燦爛 純米吟醸 無濾過生原酒 花さんらん [純米吟醸酒] (米: 国産米, 精米: 非公開)
    ✨ [新規SKU抽出] [夏限定]燦爛　純米吟醸　夏さんらん [純米吟醸酒] (米: 国産米, 精米: 非公開)
    ✨ [新規SKU抽出] 爽やかな香り、爽快感あふれるスッキリ飲める夏限定の純米吟醸。キンキンに冷やして [純米吟醸酒] (米: 国産米, 精米: 非公開)
    ✨ [新規SKU抽出] [夏限定]白麹スパークリング　HOWA HOWA [普通酒] (米: 国産米, 精米: 非公開)
    ✨ [新規SKU抽出] [秋限定]純米酒 秋あがり 月さんらん [純米酒] (米: 国産米, 精米: 非公開)
    ✨ [新規SKU抽出] 春に搾ったお酒を低温熟成させ、旨味とコクが増した純米酒。 [純米酒] (米: 国産米, 精米: 非公開)
    ✨ [新規SKU抽出] 燦爛大吟醸と燦爛吟醸のセット [大吟醸酒] (米: 国産米, 精米: 非公開)
    ✨ [新規SKU抽出] 燦爛純米大吟醸夢ささらと燦爛純米吟醸のセット [純米大吟醸酒] (米: 国産米, 精米: 非公開)
    ✨ [新規SKU抽出] 燦爛 純米吟醸と燦爛 吟醸のセット [純米吟醸酒] (米: 国産米, 精米: 非公開)
    ✨ [新規SKU抽出] 外池AUTHENTIC 純米大吟醸 袋吊り雫酒 [純米大吟醸酒] (米: 国産米, 精米: 非公開)
    ✨ [新規SKU抽出] 外池AUTHENTIC 大吟醸 袋吊り雫酒 [大吟醸酒] (米: 国産米, 精米: 非公開)
    ✨ [新規SKU抽出] どぶろく・益子の炎・フルーツのお酒 他 [どぶろく] (米: 国産米, 精米: 非公開)
    ✨ [新規SKU抽出] 山郷のめぐみ　どぶろく [どぶろく] (米: 国産米, 精米: 非公開)
    ✨ [新規SKU抽出] ピンクのどぶろく [どぶろく] (米: 国産米, 精米: 非公開)
    ✨ [新規SKU抽出] 苺のお酒 とちあいかスパークリング [普通酒] (米: 国産米, 精米: 非公開)
    ✨ [新規SKU抽出] 栃木県芳賀町の梨果汁を贅沢に使用し、瑞々しい梨の香りと甘味を感じるリキュールです。 [リキュール] (米: 国産米, 精米: 非公開)
    ✨ [新規SKU抽出] どぶろく・益子の炎（焼酎）フルーツのお酒 他 [本格焼酎] (米: 国産米, 精米: 非公開)
  👉 外池酒造店: 32 件の新規SKUを深層クローリングにより追加登録
[1115/1376] 🏭 ID 7341: 富川酒造店 (栃木県) - http://www.kubun.jp/
    ✨ [新規SKU抽出] 南部杜氏自醸清酒鑑評会・純米酒の部にて3位入賞いたしました。 [純米酒] (米: 国産米, 精米: 非公開)
    ✨ [新規SKU抽出] 雄町サミット歓評会・吟醸酒部門で優等賞受賞 [吟醸酒] (米: 雄町, 精米: 非公開)
  👉 富川酒造店: 2 件の新規SKUを深層クローリングにより追加登録
[1116/1376] 🏭 ID 7342: 北関酒造 (栃木県) - http://www.hokkansyuzou.co.jp/
    ✨ [新規SKU抽出] 大吟醸 原酒 [大吟醸酒] (米: 国産米, 精米: 非公開)
    ✨ [新規SKU抽出] 素材の良さを生かした大吟醸酒。 [大吟醸酒] (米: 国産米, 精米: 非公開)
  👉 北関酒造: 2 件の新規SKUを深層クローリングにより追加登録
[1117/1376] 🏭 ID 7343: 相良酒造 (栃木県) - https://asahisakae.com/
[1118/1376] 🏭 ID 7345: 片山酒造 (栃木県) - http://www.kashiwazakari.com/
    ✨ [新規SKU抽出] 大吟醸酒 [大吟醸酒] (米: 国産米, 精米: 非公開)
    ✨ [新規SKU抽出] 純米大吟醸酒 山ぶき [純米大吟醸酒] (米: 国産米, 精米: 非公開)
    ✨ [新規SKU抽出] 大吟醸酒 ほほえみ [大吟醸酒] (米: 国産米, 精米: 非公開)
    ✨ [新規SKU抽出] 生原酒 素顔 [普通酒] (米: 国産米, 精米: 非公開)
  👉 片山酒造: 4 件の新規SKUを深層クローリングにより追加登録
[1119/1376] 🏭 ID 7347: せんきん (栃木県) - http://senkin.co.jp/
[1120/1376] 🏭 ID 7348: 松井酒造店 (栃木県) - https://www.matsunokotobuki.jp/
    ✨ [新規SKU抽出] 大吟醸、純米吟醸、吟醸酒、純米酒、本醸造、上撰、佳撰、日光限定商品のご案内。 [純米吟醸酒] (米: 国産米, 精米: 非公開)
    ✨ [新規SKU抽出] 松の寿　斗瓶採り大吟醸 原酒 源水点 [大吟醸酒] (米: 国産米, 精米: 非公開)
    ✨ [新規SKU抽出] 松の寿　斗瓶採り大吟醸原酒　源水点 [大吟醸酒] (米: 国産米, 精米: 非公開)
    ✨ [新規SKU抽出] 松の寿　大吟醸 [大吟醸酒] (米: 国産米, 精米: 非公開)
    ✨ [新規SKU抽出] 松の寿　純米吟醸 [純米吟醸酒] (米: 国産米, 精米: 非公開)
    ✨ [新規SKU抽出] 松の寿　吟醸酒 [吟醸酒] (米: 国産米, 精米: 非公開)
    ✨ [新規SKU抽出] 松の寿　吟醸生貯蔵酒 [吟醸酒] (米: 国産米, 精米: 非公開)
    ✨ [新規SKU抽出] 松の寿　純米酒 [純米酒] (米: 国産米, 精米: 非公開)
    ✨ [新規SKU抽出] 松の寿　本醸造男の友情 [本醸造酒] (米: 国産米, 精米: 非公開)
    ✨ [新規SKU抽出] 松の寿　本醸造　男の友情 [本醸造酒] (米: 国産米, 精米: 非公開)
    ✨ [新規SKU抽出] 松の寿　上撰　本醸造 [本醸造酒] (米: 国産米, 精米: 非公開)
    ✨ [新規SKU抽出] 本醸造　男の友情・佳撰　御用袋入り [本醸造酒] (米: 国産米, 精米: 非公開)
    ✨ [新規SKU抽出] 純米吟醸　御酒 [純米吟醸酒] (米: 国産米, 精米: 非公開)
    ✨ [新規SKU抽出] 純米酒　日光囃子 [純米酒] (米: 国産米, 精米: 非公開)
    ✨ [新規SKU抽出] 松の寿 斗瓶採り大吟醸原酒 源水点1, [大吟醸酒] (米: 国産米, 精米: 非公開)
    ✨ [新規SKU抽出] 松の寿 大吟醸1, [大吟醸酒] (米: 国産米, 精米: 非公開)
    ✨ [新規SKU抽出] 松の寿 純米吟醸1, [純米吟醸酒] (米: 国産米, 精米: 非公開)
    ✨ [新規SKU抽出] 松の寿 吟醸酒1, [吟醸酒] (米: 国産米, 精米: 非公開)
    ✨ [新規SKU抽出] 松の寿 吟醸生貯蔵酒 [吟醸酒] (米: 国産米, 精米: 非公開)
    ✨ [新規SKU抽出] 松の寿 純米酒1, [純米酒] (米: 国産米, 精米: 非公開)
    ✨ [新規SKU抽出] 松の寿 本醸造 男の友情1, [本醸造酒] (米: 国産米, 精米: 非公開)
    ✨ [新規SKU抽出] 新酒　にごり酒冬和・しぼりたて発売中！ [普通酒] (米: 国産米, 精米: 非公開)
  👉 松井酒造店: 22 件の新規SKUを深層クローリングにより追加登録
[1121/1376] 🏭 ID 7349: 宇都宮酒造 (栃木県) - https://shikisakura.co.jp/
    ✨ [新規SKU抽出] Milano Sake Challenge　四季桜純米大吟醸夢ささら　プラチナ受賞 [純米大吟醸酒] (米: 国産米, 精米: 非公開)
    ✨ [新規SKU抽出] IWC　四季桜純米大吟醸夢ささら　トロフィー受賞 [純米大吟醸酒] (米: 国産米, 精米: 非公開)
    ✨ [新規SKU抽出] 全国新酒鑑評会　四季桜大吟醸酒　金賞受賞 [大吟醸酒] (米: 国産米, 精米: 非公開)
  👉 宇都宮酒造: 3 件の新規SKUを深層クローリングにより追加登録
[1122/1376] 🏭 ID 7350: 森戸酒造 (栃木県) - https://morito-brewery.com/
    ✨ [新規SKU抽出] 純米吟醸酒「NY」 [純米吟醸酒] (米: 国産米, 精米: 非公開)
    ✨ [新規SKU抽出] 華やかな香りと爽やかな味わいが特徴の純米吟醸酒です。 [純米吟醸酒] (米: 国産米, 精米: 非公開)
    ✨ [新規SKU抽出] 純米酒りんご [純米酒] (米: 国産米, 精米: 非公開)
    ✨ [新規SKU抽出] 純米酒つつじ [純米酒] (米: 国産米, 精米: 非公開)
    ✨ [新規SKU抽出] 大吟醸酒「真」 [大吟醸酒] (米: 国産米, 精米: 非公開)
    ✨ [新規SKU抽出] 大吟醸酒「泉の里」 [大吟醸酒] (米: 国産米, 精米: 非公開)
    ✨ [新規SKU抽出] “本当に心の底から酔いしれてほしい”大吟醸酒です。 [大吟醸酒] (米: 国産米, 精米: 非公開)
    ✨ [新規SKU抽出] なめらかで軽快な大吟醸酒 [大吟醸酒] (米: 国産米, 精米: 非公開)
    ✨ [新規SKU抽出] 純米大吟醸酒「尚仁沢」 [純米大吟醸酒] (米: 国産米, 精米: 非公開)
    ✨ [新規SKU抽出] 華やかな吟醸香と、ふくよかな味わいのある酒です。 [吟醸酒] (米: 国産米, 精米: 非公開)
    ✨ [新規SKU抽出] 純米吟醸酒「尚仁沢」 [純米吟醸酒] (米: 国産米, 精米: 非公開)
    ✨ [新規SKU抽出] 華やかな吟醸香と、もふくよかな味わいをお楽しみください。 [吟醸酒] (米: 国産米, 精米: 非公開)
    ✨ [新規SKU抽出] 純米酒「尚仁沢」 [純米酒] (米: 国産米, 精米: 非公開)
    ✨ [新規SKU抽出] 特醸酒活性にごり酒「尚仁沢（生酒）」 [普通酒] (米: 国産米, 精米: 非公開)
    ✨ [新規SKU抽出] 活性にごり酒・尚仁沢（生酒） [普通酒] (米: 国産米, 精米: 非公開)
    ✨ [新規SKU抽出] 壜内醗酵・活性にごり酒 [普通酒] (米: 国産米, 精米: 非公開)
    ✨ [新規SKU抽出] 純米吟醸酒十一正宗「初しぼり」（生貯） [純米吟醸酒] (米: 国産米, 精米: 非公開)
    ✨ [新規SKU抽出] 純米吟醸酒初しぼり（生貯） [純米吟醸酒] (米: 国産米, 精米: 非公開)
    ✨ [新規SKU抽出] 純米酒「純矢板」 [純米酒] (米: 国産米, 精米: 非公開)
    ✨ [新規SKU抽出] ぬる燗、常温、冷やしても飲み飽きしないうまい純米酒です。 [純米酒] (米: 国産米, 精米: 非公開)
    ✨ [新規SKU抽出] 淡麗、やや辛口純米酒です。 [純米酒] (米: 国産米, 精米: 非公開)
    ✨ [新規SKU抽出] 淡麗、やや辛口純米酒 [純米酒] (米: 国産米, 精米: 非公開)
    ✨ [新規SKU抽出] 特別本醸造酒「たかはら」 [特別本醸造酒] (米: 国産米, 精米: 非公開)
    ✨ [新規SKU抽出] 特別本醸造酒たかはら [特別本醸造酒] (米: 国産米, 精米: 非公開)
    ✨ [新規SKU抽出] 吟醸酒用酵母を使い、 [吟醸酒] (米: 国産米, 精米: 非公開)
    ✨ [新規SKU抽出] 大吟醸酒「泉の里」と純米大吟醸酒「尚仁沢」 の [純米大吟醸酒] (米: 国産米, 精米: 非公開)
    ✨ [新規SKU抽出] 大吟醸セット／大吟醸酒「泉の里」・純米大吟醸酒「尚仁沢」 [純米大吟醸酒] (米: 国産米, 精米: 非公開)
    ✨ [新規SKU抽出] 大吟醸セット／泉の里・尚仁沢 [大吟醸酒] (米: 国産米, 精米: 非公開)
    ✨ [新規SKU抽出] 特別な日に楽しみたい、森戸酒造の杜氏・蔵人の渾身の作品、大吟醸酒の2本セットです。 [大吟醸酒] (米: 国産米, 精米: 非公開)
    ✨ [新規SKU抽出] 華やかな吟醸の香り、ふくよかで雑味のない酒米の味わいが柔らかなやや辛口の酒です。 [吟醸酒] (米: 国産米, 精米: 非公開)
    ✨ [新規SKU抽出] 生酒セット／特醸酒十一正宗生酒・純米吟醸酒十一正宗「初しぼり」 [純米吟醸酒] (米: 国産米, 精米: 非公開)
    ✨ [新規SKU抽出] 純米吟醸酒十一正宗「初しぼり」 [純米吟醸酒] (米: 国産米, 精米: 非公開)
    ✨ [新規SKU抽出] 吟醸香の香る濃醇なやや辛口の酒 [吟醸酒] (米: 国産米, 精米: 非公開)
    ✨ [新規SKU抽出] 純米吟醸酒 [純米吟醸酒] (米: 国産米, 精米: 非公開)
    ✨ [新規SKU抽出] 大吟醸酒 [大吟醸酒] (米: 国産米, 精米: 非公開)
    ✨ [新規SKU抽出] 大吟醸酒 鑑評会出品酒「真」 [大吟醸酒] (米: 国産米, 精米: 非公開)
    ✨ [新規SKU抽出] 純米大吟醸酒 [純米大吟醸酒] (米: 国産米, 精米: 非公開)
    ✨ [新規SKU抽出] 活性にごり酒尚仁沢（生酒） [普通酒] (米: 国産米, 精米: 非公開)
    ✨ [新規SKU抽出] 特醸酒 活性にごり酒 [普通酒] (米: 国産米, 精米: 非公開)
    ✨ [新規SKU抽出] 無濾過生原酒（斗瓶採り）尚仁沢 [普通酒] (米: 国産米, 精米: 非公開)
    ✨ [新規SKU抽出] 純米吟醸酒 無濾過生原酒 [純米吟醸酒] (米: 国産米, 精米: 非公開)
    ✨ [新規SKU抽出] ひやおろし尚仁沢 [普通酒] (米: 国産米, 精米: 非公開)
    ✨ [新規SKU抽出] 特醸酒ひやおろし [普通酒] (米: 国産米, 精米: 非公開)
    ✨ [新規SKU抽出] 純米吟醸酒十一正宗初しぼり（生貯） [純米吟醸酒] (米: 国産米, 精米: 非公開)
    ✨ [新規SKU抽出] 純米酒純矢板 [純米酒] (米: 国産米, 精米: 非公開)
    ✨ [新規SKU抽出] 特別本醸造酒 [特別本醸造酒] (米: 国産米, 精米: 非公開)
    ✨ [新規SKU抽出] 純米吟醸酒「NY」～商品のご案内（森戸酒造） [純米吟醸酒] (米: 国産米, 精米: 非公開)
    ✨ [新規SKU抽出] 大吟醸酒「真」～商品のご案内（森戸酒造） [大吟醸酒] (米: 国産米, 精米: 非公開)
    ✨ [新規SKU抽出] 純米吟醸酒初しぼり（生貯）～商品のご案内（森戸酒造） [純米吟醸酒] (米: 国産米, 精米: 非公開)
    ✨ [新規SKU抽出] 特別本醸造酒たかはら～商品のご案内（森戸酒造） [特別本醸造酒] (米: 国産米, 精米: 非公開)
    ✨ [新規SKU抽出] 純米酒「純矢板」～商品のご案内（森戸酒造） [純米酒] (米: 国産米, 精米: 非公開)
  👉 森戸酒造: 51 件の新規SKUを深層クローリングにより追加登録
[1123/1376] 🏭 ID 7351: 第一酒造株式会社 (栃木県) - https://www.sakekaika.co.jp/
    ✨ [新規SKU抽出] 7月の量り売り『開華　大暑のうなぎ酒 ～純米吟醸　原酒　ひとごこち～』 [純米吟醸酒] (米: 国産米, 精米: 非公開)
    ✨ [新規SKU抽出] 6月の量り売り『開華　梅雨の田植え酒～純米吟醸　原酒　夢ささら～』 [純米吟醸酒] (米: 国産米, 精米: 非公開)
    ✨ [新規SKU抽出] 5月の量り売り『開華　初夏の若葉酒　～特別純米　生もと　原酒～』 [特別純米酒] (米: 国産米, 精米: 非公開)
    ✨ [新規SKU抽出] 6月のおススメ商品 『開華 純米吟醸-Lucky Swallow-』 [純米吟醸酒] (米: 国産米, 精米: 非公開)
    ✨ [新規SKU抽出] 4月のおススメ商品 『開華　遠心分離酒(純米吟醸生酒)』 [純米吟醸酒] (米: 国産米, 精米: 非公開)
    ✨ [新規SKU抽出] しぼりたて新酒「あらばしり」も振舞われました。 [普通酒] (米: 国産米, 精米: 非公開)
    ✨ [新規SKU抽出] 日本酒 スパークリング酒部門 金賞 [普通酒] (米: 国産米, 精米: 非公開)
    ✨ [新規SKU抽出] プレミアムスパークリングSAKE部門 金賞 [普通酒] (米: 国産米, 精米: 非公開)
    ✨ [新規SKU抽出] スパークリングの部 シルバー [普通酒] (米: 国産米, 精米: 非公開)
    ✨ [新規SKU抽出] サケ スパークリング部門 金賞 [普通酒] (米: 国産米, 精米: 非公開)
    ✨ [新規SKU抽出] 開華　純米大吟醸　山田錦 [純米大吟醸酒] (米: 山田錦, 精米: 非公開)
    ✨ [新規SKU抽出] 大吟醸B 金賞 [大吟醸酒] (米: 国産米, 精米: 非公開)
    ✨ [新規SKU抽出] 純米大吟醸部門　プラチナ賞 [純米大吟醸酒] (米: 国産米, 精米: 非公開)
    ✨ [新規SKU抽出] 特別純米原酒みがき [特別純米酒] (米: 国産米, 精米: 非公開)
    ✨ [新規SKU抽出] 純米酒の部 ブロンズ [純米酒] (米: 国産米, 精米: 非公開)
    ✨ [新規SKU抽出] 特別純米酒(原酒) みがき竹皮 [特別純米酒] (米: 国産米, 精米: 非公開)
    ✨ [新規SKU抽出] 4月のおススメ商品 『開華　遠心分離酒(純米吟醸生酒)』 ｜ 第一酒造  開華 [純米吟醸酒] (米: 国産米, 精米: 非公開)
    ✨ [新規SKU抽出] 4月の量り売り『開華　春爛漫の和み酒～純米吟醸　原酒　五百万石～』 [純米吟醸酒] (米: 五百万石, 精米: 非公開)
    ✨ [新規SKU抽出] 弊社の「開華 AWA SAKE」が「スパークリング部門」にてゴールドメダル並びに [普通酒] (米: 国産米, 精米: 非公開)
    ✨ [新規SKU抽出] 同時に今回、「開華 純米大吟醸夢ささら」はブロンズメダルを受賞しています。 [純米大吟醸酒] (米: 国産米, 精米: 非公開)
    ✨ [新規SKU抽出] 弊社の「開華 大吟醸」が金賞を受賞しました。 [大吟醸酒] (米: 国産米, 精米: 非公開)
  👉 第一酒造株式会社: 21 件の新規SKUを深層クローリングにより追加登録
[1124/1376] 🏭 ID 7353: 杉田酒造 (栃木県) - http://sugitasyuzou.co.jp/index.html
    ✨ [新規SKU抽出] 雄東正宗 大吟醸 [大吟醸酒] (米: 国産米, 精米: 非公開)
    ✨ [新規SKU抽出] 生酛造り純米　鷗樹 [純米酒] (米: 国産米, 精米: 非公開)
    ✨ [新規SKU抽出] 雄東正宗 純米大吟醸 [純米大吟醸酒] (米: 国産米, 精米: 非公開)
    ✨ [新規SKU抽出] 発光路強力 純米吟醸 [純米吟醸酒] (米: 強力, 精米: 非公開)
    ✨ [新規SKU抽出] 雄東正宗 小山評定 純米吟醸 [純米吟醸酒] (米: 国産米, 精米: 非公開)
    ✨ [新規SKU抽出] この酒小山のラムサールふゆみずたんぼ米 純米大吟醸 [純米大吟醸酒] (米: 国産米, 精米: 非公開)
    ✨ [新規SKU抽出] 純米酒） [純米酒] (米: 国産米, 精米: 非公開)
    ✨ [新規SKU抽出] 本格芋焼酎 金の鈴・銀の鈴 [本格焼酎] (米: 国産米, 精米: 非公開)
    ✨ [新規SKU抽出] リキュール・焼酎 等の詳細はこちら [リキュール] (米: 国産米, 精米: 非公開)
    ✨ [新規SKU抽出] 生酛造り純米吟醸生酒 鷗樹 [純米吟醸酒] (米: 国産米, 精米: 非公開)
    ✨ [新規SKU抽出] 生酛造り純米吟醸 鷗樹 [純米吟醸酒] (米: 国産米, 精米: 非公開)
    ✨ [新規SKU抽出] 生酛造り純米酒 鷗樹 [純米酒] (米: 国産米, 精米: 非公開)
  👉 杉田酒造: 12 件の新規SKUを深層クローリングにより追加登録
[1125/1376] 🏭 ID 7354: 島崎酒造 (栃木県) - https://azumarikishi.co.jp/
    ✨ [新規SKU抽出] 酒蔵本格仕込　リキュール＆ワイン [リキュール] (米: 国産米, 精米: 非公開)
    ✨ [新規SKU抽出] ・リキュール&ワイン [リキュール] (米: 国産米, 精米: 非公開)
    ✨ [新規SKU抽出] ワイン・リキュール、 [リキュール] (米: 国産米, 精米: 非公開)
    ✨ [新規SKU抽出] リキュール&ワイン [リキュール] (米: 国産米, 精米: 非公開)
  👉 島崎酒造: 4 件の新規SKUを深層クローリングにより追加登録
[1126/1376] 🏭 ID 7355: 渡辺佐平商店 (栃木県) - http://www.watanabesahei.co.jp/
[1127/1376] 🏭 ID 7356: 西堀酒造 (栃木県) - https://nishiborisyuzo.com/
    ✨ [新規SKU抽出] 粕取焼酎・米焼酎 [本格焼酎] (米: 国産米, 精米: 非公開)
    ✨ [新規SKU抽出] 日本酒「大吟醸」を使用 [大吟醸酒] (米: 国産米, 精米: 非公開)
    ✨ [新規SKU抽出] 大吟醸酒 [大吟醸酒] (米: 国産米, 精米: 非公開)
    ✨ [新規SKU抽出] 大吟醸からくる、繊細でやわらかな香りと口当たりが特徴です。 [大吟醸酒] (米: 国産米, 精米: 非公開)
    ✨ [新規SKU抽出] 大吟醸からくる、 [大吟醸酒] (米: 国産米, 精米: 非公開)
    ✨ [新規SKU抽出] 日光連山の自然伏流水を仕込み水に、酒米(吟醸粉)を発酵・蒸留。 [吟醸酒] (米: 国産米, 精米: 非公開)
    ✨ [新規SKU抽出] 日本酒「門外不出」大吟醸 [大吟醸酒] (米: 国産米, 精米: 非公開)
    ✨ [新規SKU抽出] 古代米100%純米酒、LED色光照射発酵、海底熟成… [純米酒] (米: 国産米, 精米: 00%)
    ✨ [新規SKU抽出] 2024年 しぼりたて 新酒ができました！ [普通酒] (米: 国産米, 精米: 非公開)
  👉 西堀酒造: 9 件の新規SKUを深層クローリングにより追加登録
[1128/1376] 🏭 ID 7357: 虎屋本店 (栃木県) - https://toratora.co.jp/
[1129/1376] 🏭 ID 7358: 白相酒造 (栃木県) - https://shiraso.com/
    ✨ [新規SKU抽出] うまさ際立つ芋焼酎 [本格焼酎] (米: 国産米, 精米: 非公開)
    ✨ [新規SKU抽出] 純米吟醸栃茜 [純米吟醸酒] (米: 国産米, 精米: 非公開)
    ✨ [新規SKU抽出] 大吟醸粕取り [大吟醸酒] (米: 国産米, 精米: 非公開)
    ✨ [新規SKU抽出] 大吟醸栃茜 [大吟醸酒] (米: 国産米, 精米: 非公開)
    ✨ [新規SKU抽出] 特別本醸造 [特別本醸造酒] (米: 国産米, 精米: 非公開)
  👉 白相酒造: 5 件の新規SKUを深層クローリングにより追加登録
[1130/1376] 🏭 ID 7359: 小林酒造 (栃木県) - https://hououbiden.jp/
    ✨ [新規SKU抽出] 鳳凰美田は、みずみずしくフルーティーな吟醸香が特徴的な、華やかで上質な日本酒です。 [吟醸酒] (米: 国産米, 精米: 非公開)
  👉 小林酒造: 1 件の新規SKUを深層クローリングにより追加登録
[1131/1376] 🏭 ID 7360: 惣誉酒造 (栃木県) - https://sohomare.co.jp/
    ✨ [新規SKU抽出] 生酛づくり [普通酒] (米: 国産米, 精米: 非公開)
    ✨ [新規SKU抽出] 吟醸酒・贈答向け [吟醸酒] (米: 国産米, 精米: 非公開)
    ✨ [新規SKU抽出] 生酛仕込 [普通酒] (米: 国産米, 精米: 非公開)
    ✨ [新規SKU抽出] 大人の時間をもてなす、生酛仕込の酒。 [普通酒] (米: 国産米, 精米: 非公開)
    ✨ [新規SKU抽出] 〈生酛仕込 特別本醸造〉 [特別本醸造酒] (米: 国産米, 精米: 非公開)
    ✨ [新規SKU抽出] すっきりした旨みと、生酛のしっかりとした酸味が溶け合い、 [普通酒] (米: 国産米, 精米: 非公開)
    ✨ [新規SKU抽出] 〈生酛仕込 特別純米〉 [特別純米酒] (米: 国産米, 精米: 非公開)
    ✨ [新規SKU抽出] 純米特有の甘みと旨み、 そして 生酛特有の酸味が混ざり合い、 [純米酒] (米: 国産米, 精米: 非公開)
    ✨ [新規SKU抽出] コクのある特別純米酒が完成しました。 [特別純米酒] (米: 国産米, 精米: 非公開)
    ✨ [新規SKU抽出] 〈生酛仕込 純米吟醸〉 [純米吟醸酒] (米: 国産米, 精米: 非公開)
    ✨ [新規SKU抽出] 深みのある香りと生酛特有の酸味と旨みが絡み合うしっかりした味わい。 [普通酒] (米: 国産米, 精米: 非公開)
    ✨ [新規SKU抽出] 〈生酛仕込 純米大吟醸〉 [純米大吟醸酒] (米: 国産米, 精米: 非公開)
    ✨ [新規SKU抽出] 生酛の純米大吟醸だからこそ味わえる、贅沢な香味。 [純米大吟醸酒] (米: 国産米, 精米: 非公開)
    ✨ [新規SKU抽出] 現代的吟醸造りでエレガントな酒質を追及しています。 [吟醸酒] (米: 国産米, 精米: 非公開)
    ✨ [新規SKU抽出] 特別な時に、大切な人に捧げる吟醸の酒。 [吟醸酒] (米: 国産米, 精米: 非公開)
    ✨ [新規SKU抽出] 米にこだわり、 技にこだわった吟醸酒をつくって います。 [吟醸酒] (米: 国産米, 精米: 非公開)
    ✨ [新規SKU抽出] 「大吟醸」「しずく」には、もちろん、厳選した特A地区の山田錦。 [大吟醸酒] (米: 山田錦, 精米: 非公開)
    ✨ [新規SKU抽出] 「芳賀の香り 吟醸酒」「純米吟醸」には、栃木県の酒造好適米、五百万石など。 [純米吟醸酒] (米: 五百万石, 精米: 非公開)
    ✨ [新規SKU抽出] 〈大吟醸〉 [大吟醸酒] (米: 国産米, 精米: 非公開)
    ✨ [新規SKU抽出] 発酵を終えた大吟醸の醪を　木綿の袋に入れて吊るし、 [大吟醸酒] (米: 国産米, 精米: 非公開)
    ✨ [新規SKU抽出] 〈芳賀の香り 吟醸酒〉 [吟醸酒] (米: 国産米, 精米: 非公開)
    ✨ [新規SKU抽出] 地の水と米で醸した芳賀の吟醸酒。 [吟醸酒] (米: 国産米, 精米: 非公開)
    ✨ [新規SKU抽出] 芳賀の吟醸酒を生みだしました。 [吟醸酒] (米: 国産米, 精米: 非公開)
    ✨ [新規SKU抽出] 〈純米吟醸〉 [純米吟醸酒] (米: 国産米, 精米: 非公開)
    ✨ [新規SKU抽出] 爽やかな口あたりときめ細やかな風味の純米酒。 [純米酒] (米: 国産米, 精米: 非公開)
    ✨ [新規SKU抽出] 〈本醸造〉 [本醸造酒] (米: 国産米, 精米: 非公開)
    ✨ [新規SKU抽出] もった本醸造です。冷やでも、燗でも、 [本醸造酒] (米: 国産米, 精米: 非公開)
    ✨ [新規SKU抽出] 〈特別純米酒 辛口〉 [特別純米酒] (米: 国産米, 精米: 非公開)
    ✨ [新規SKU抽出] 辛口にして辛さを 感じさせない 純米酒です。 [純米酒] (米: 国産米, 精米: 非公開)
  👉 惣誉酒造: 29 件の新規SKUを深層クローリングにより追加登録
[1132/1376] 🏭 ID 7361: 株式会社辻善兵衛商店 (栃木県) - http://www.nextftp.com/dotcom/sakuragawa/
[1133/1376] 🏭 ID 7362: 天鷹酒造 (栃木県) - https://www.tentaka.co.jp/
    ✨ [新規SKU抽出] SAKE selection 2018 純米大吟醸酒の部プラチナ受賞 [純米大吟醸酒] (米: 国産米, 精米: 非公開)
    ✨ [新規SKU抽出] 有機純米大吟醸 天鷹 槽搾り原酒 [純米大吟醸酒] (米: 国産米, 精米: 非公開)
    ✨ [新規SKU抽出] 有機純米大吟醸　天鷹　槽搾り原酒 [純米大吟醸酒] (米: 国産米, 精米: 非公開)
    ✨ [新規SKU抽出] 出展のお知らせ超吟醸祭2026（10/17・18 東京・浜松町） [吟醸酒] (米: 国産米, 精米: 非公開)
    ✨ [新規SKU抽出] 星空を見てから帰宅すると、スパークリングのお酒を楽しむのが私の日課となっています。 [普通酒] (米: 国産米, 精米: 非公開)
    ✨ [新規SKU抽出] 当蔵のスパークリングのお酒は、 [普通酒] (米: 国産米, 精米: 非公開)
    ✨ [新規SKU抽出] 辛口特別純米スパークリング生 [特別純米酒] (米: 国産米, 精米: 非公開)
    ✨ [新規SKU抽出] 有機純米スパークリング [純米酒] (米: 国産米, 精米: 非公開)
    ✨ [新規SKU抽出] 9月9日発売　秋のひやおろし [普通酒] (米: 国産米, 精米: 非公開)
    ✨ [新規SKU抽出] 冬季に仕込んだ日本酒をゆっくりと熟成させた秋の「ひやおろし」 [普通酒] (米: 国産米, 精米: 非公開)
    ✨ [新規SKU抽出] 天鷹では特別純米、純米吟醸、純米大吟醸の3種類発売します。 [純米大吟醸酒] (米: 国産米, 精米: 非公開)
    ✨ [新規SKU抽出] 新発売辛口特別本醸造　天鷹　鷹の爪団 [特別本醸造酒] (米: 国産米, 精米: 非公開)
    ✨ [新規SKU抽出] 純米吟醸天鷹 一番仕込First　発売しました！！ [純米吟醸酒] (米: 国産米, 精米: 非公開)
    ✨ [新規SKU抽出] 純米吟醸 一番仕込天鷹一 First [純米吟醸酒] (米: 国産米, 精米: 非公開)
    ✨ [新規SKU抽出] 純米吟醸　一番仕込天鷹First [純米吟醸酒] (米: 国産米, 精米: 非公開)
    ✨ [新規SKU抽出] 春限定「特別純米 天鷹 麗香」3/8(木)より発売 [特別純米酒] (米: 国産米, 精米: 非公開)
    ✨ [新規SKU抽出] 春限定の「特別純米　天鷹　麗香」が3/8(木)より発売します。 [特別純米酒] (米: 国産米, 精米: 非公開)
    ✨ [新規SKU抽出] 〝しぼりたて〟の季節がやってきました！！ [普通酒] (米: 国産米, 精米: 非公開)
    ✨ [新規SKU抽出] さて、そんな寒さを強く感じ始めるころ発売するのが新酒〝しぼりたて〟 [普通酒] (米: 国産米, 精米: 非公開)
    ✨ [新規SKU抽出] すっきりとした味わいの辛口特別純米酒。 [特別純米酒] (米: 国産米, 精米: 非公開)
    ✨ [新規SKU抽出] 辛口特別純米　天鷹　しぼりたて生酒 [特別純米酒] (米: 国産米, 精米: 非公開)
    ✨ [新規SKU抽出] 原酒の濃厚な味わいが特徴の吟醸酒。 [吟醸酒] (米: 国産米, 精米: 非公開)
    ✨ [新規SKU抽出] 吟醸　天鷹　しぼりたて生酒 [吟醸酒] (米: 国産米, 精米: 非公開)
    ✨ [新規SKU抽出] あえて甘さを抑えた、梅のエキスが存分に味わえるスッキリとした梅酒になっています。 [リキュール] (米: 国産米, 精米: 非公開)
    ✨ [新規SKU抽出] 暑い夏も、スッキリとした梅酒で乗り切っていきましょう！是非お試しください！ [リキュール] (米: 国産米, 精米: 非公開)
    ✨ [新規SKU抽出] 純酒粕取焼酎仕込 天鷹 本格梅酒 [リキュール] (米: 国産米, 精米: 非公開)
    ✨ [新規SKU抽出] 天鷹心は芳醇微醺の純米大吟醸。冷はもちろん、ぬる燗でも美味しくいただけます。 [純米大吟醸酒] (米: 国産米, 精米: 非公開)
  👉 天鷹酒造: 27 件の新規SKUを深層クローリングにより追加登録
[1134/1376] 🏭 ID 7363: 池島酒造 (栃木県) - http://www.ikenishiki.co.jp/
[1135/1376] 🏭 ID 7364: 小島酒造店 (栃木県) - https://r.goope.jp/kojimashuzou
[1136/1376] 🏭 ID 7396: 有限会社山根酒造場 (鳥取県) - https://hiokizakura.jp/
    ✨ [新規SKU抽出] 生酛純米酒「本懐の盃」 [純米酒] (米: 国産米, 精米: 非公開)
    ✨ [新規SKU抽出] 熟成純米酒粕｜無垢（MUKU） | 日置桜 [純米酒] (米: 国産米, 精米: 非公開)
    ✨ [新規SKU抽出] 熟成純米酒粕｜無垢（MUKU） [純米酒] (米: 国産米, 精米: 非公開)
    ✨ [新規SKU抽出] 日置桜熟成純米酒粕 無垢（MUKU）レシピ豆本付 [純米酒] (米: 国産米, 精米: 非公開)
    ✨ [新規SKU抽出] 日置桜熟成純米酒粕 無垢 お得用 [純米酒] (米: 国産米, 精米: 非公開)
    ✨ [新規SKU抽出] 熟成した純米酒粕とカンホアの塩をブレンド [純米酒] (米: 国産米, 精米: 非公開)
  👉 有限会社山根酒造場: 6 件の新規SKUを深層クローリングにより追加登録
[1137/1376] 🏭 ID 7398: 福羅酒造株式会社 (鳥取県) - http://fukurashuzo.co.jp
    ✨ [新規SKU抽出] 山陰東郷　生酛純米酒「強力」 [純米酒] (米: 強力, 精米: 非公開)
    ✨ [新規SKU抽出] 日本酒の伝統製法である生酛仕込みにより製造。 [普通酒] (米: 国産米, 精米: 非公開)
    ✨ [新規SKU抽出] THE 福羅　大吟醸 [大吟醸酒] (米: 国産米, 精米: 非公開)
    ✨ [新規SKU抽出] ドライでキレの良い飲み口が特徴の大吟醸 [大吟醸酒] (米: 国産米, 精米: 非公開)
    ✨ [新規SKU抽出] 華やかな香り、キレの良い後口が特徴の大吟醸。 [大吟醸酒] (米: 国産米, 精米: 非公開)
    ✨ [新規SKU抽出] 福羅酒造の純米大吟醸をシェリー樽にて、約一か月貯蔵した日本酒。 [純米大吟醸酒] (米: 国産米, 精米: 非公開)
    ✨ [新規SKU抽出] 福羅酒造の純米大吟醸を赤ワイン樽にて、約一か月貯蔵した日本酒。 [純米大吟醸酒] (米: 国産米, 精米: 非公開)
    ✨ [新規SKU抽出] 山陰東郷　純米大吟醸　原酒 [純米大吟醸酒] (米: 国産米, 精米: 非公開)
    ✨ [新規SKU抽出] 香り高いだけが大吟醸ではありません。 [大吟醸酒] (米: 国産米, 精米: 非公開)
    ✨ [新規SKU抽出] 山陰東郷　純米大吟醸 [純米大吟醸酒] (米: 国産米, 精米: 非公開)
    ✨ [新規SKU抽出] THE 福羅　純米大吟醸 [純米大吟醸酒] (米: 国産米, 精米: 非公開)
    ✨ [新規SKU抽出] 福羅酒造ならではの純米大吟醸 [純米大吟醸酒] (米: 国産米, 精米: 非公開)
    ✨ [新規SKU抽出] 精米歩合と酒質、甘口と酸味のバランスを追求し、進化し続ける純米大吟醸。 [純米大吟醸酒] (米: 国産米, 精米: 非公開)
    ✨ [新規SKU抽出] 穏やかな香りと軽快な飲み口が特徴の純米大吟醸。 [純米大吟醸酒] (米: 国産米, 精米: 非公開)
    ✨ [新規SKU抽出] 華やかな香り、キレの良い後口が特徴の大吟醸酒であるブラックスター。 [大吟醸酒] (米: 国産米, 精米: 非公開)
  👉 福羅酒造株式会社: 15 件の新規SKUを深層クローリングにより追加登録
[1138/1376] 🏭 ID 7399: 久米櫻酒造有限会社 (鳥取県) - http://g-beer.jp/
[1139/1376] 🏭 ID 7400: 株式会社稲田本店 (鳥取県) - https://inata.co.jp/
    ✨ [新規SKU抽出] リキュール LIQUEUR [リキュール] (米: 国産米, 精米: 非公開)
    ✨ [新規SKU抽出] リキュールや紀州産梅酒など素材にこだわりました [リキュール] (米: 国産米, 精米: 非公開)
  👉 株式会社稲田本店: 2 件の新規SKUを深層クローリングにより追加登録
[1140/1376] 🏭 ID 7401: 中井酒造株式会社 (鳥取県) - https://nakaishuzo.co.jp/
    ✨ [新規SKU抽出] 丈 大吟醸 -藍- [大吟醸酒] (米: 国産米, 精米: 非公開)
    ✨ [新規SKU抽出] 丈 純米大吟醸 -若葉- [純米大吟醸酒] (米: 国産米, 精米: 非公開)
    ✨ [新規SKU抽出] 丈 純米大吟醸 -藤紫- [純米大吟醸酒] (米: 国産米, 精米: 非公開)
    ✨ [新規SKU抽出] 丈 純米大吟醸 -桜- [純米大吟醸酒] (米: 国産米, 精米: 非公開)
    ✨ [新規SKU抽出] 純米大吟醸原酒 丈 [純米大吟醸酒] (米: 国産米, 精米: 非公開)
    ✨ [新規SKU抽出] 色々な料理に合わせやすい純米大吟醸 [純米大吟醸酒] (米: 国産米, 精米: 非公開)
    ✨ [新規SKU抽出] 八潮 大吟醸 [大吟醸酒] (米: 国産米, 精米: 非公開)
    ✨ [新規SKU抽出] 八潮 純米大吟醸 [純米大吟醸酒] (米: 国産米, 精米: 非公開)
    ✨ [新規SKU抽出] 穏やかな吟醸香とすっきりとした飲み口が特徴 [吟醸酒] (米: 国産米, 精米: 非公開)
    ✨ [新規SKU抽出] 柔らかな飲み口で心地よい吟醸香が漂う普通酒 [吟醸酒] (米: 国産米, 精米: 非公開)
    ✨ [新規SKU抽出] 丈 純米大吟醸 -桜-｜純米大吟醸｜中井酒造｜山陰の蔵｜日本酒 [純米大吟醸酒] (米: 国産米, 精米: 非公開)
    ✨ [新規SKU抽出] 鳥取ならではの豊かな旨味とほんのりとした甘みが特徴の純米大吟醸です。 [純米大吟醸酒] (米: 国産米, 精米: 非公開)
    ✨ [新規SKU抽出] 八潮純米大吟醸｜中井酒造｜山陰の蔵｜日本酒 [純米大吟醸酒] (米: 国産米, 精米: 非公開)
    ✨ [新規SKU抽出] 穏やかな吟醸香とすっきりとした飲み口が特徴の純米大吟醸です。 [純米大吟醸酒] (米: 国産米, 精米: 非公開)
  👉 中井酒造株式会社: 14 件の新規SKUを深層クローリングにより追加登録
[1141/1376] 🏭 ID 7402: 元帥酒造株式会社 (鳥取県) - https://gensui.jp/
    ✨ [新規SKU抽出] しぼりたて生酒の大吟醸 [大吟醸酒] (米: 国産米, 精米: 非公開)
    ✨ [新規SKU抽出] 昔ながらの原酒は、火入れをして販売を始めました。にごり酒も好評です。 [普通酒] (米: 国産米, 精米: 非公開)
    ✨ [新規SKU抽出] 大吟醸酒粕 [大吟醸酒] (米: 国産米, 精米: 非公開)
    ✨ [新規SKU抽出] 大吟醸・純米吟醸･クラフトビールの家のみセットもお楽しみ下さい。 [純米吟醸酒] (米: 国産米, 精米: 非公開)
    ✨ [新規SKU抽出] 大吟醸 元帥 斗瓶囲い [大吟醸酒] (米: 国産米, 精米: 非公開)
    ✨ [新規SKU抽出] 大吟醸 原酒 [大吟醸酒] (米: 国産米, 精米: 非公開)
    ✨ [新規SKU抽出] 純米大吟醸 原酒 [純米大吟醸酒] (米: 国産米, 精米: 非公開)
    ✨ [新規SKU抽出] 純米大吟醸　原酒 [純米大吟醸酒] (米: 国産米, 精米: 非公開)
    ✨ [新規SKU抽出] 純米大吟醸・生原酒 [純米大吟醸酒] (米: 国産米, 精米: 非公開)
    ✨ [新規SKU抽出] 大吟醸　生貯蔵酒 [大吟醸酒] (米: 国産米, 精米: 非公開)
    ✨ [新規SKU抽出] 大吟醸　生酒 [大吟醸酒] (米: 国産米, 精米: 非公開)
    ✨ [新規SKU抽出] 純米吟醸　生貯蔵酒 [純米吟醸酒] (米: 国産米, 精米: 非公開)
    ✨ [新規SKU抽出] 純米吟醸　生酒 [純米吟醸酒] (米: 国産米, 精米: 非公開)
    ✨ [新規SKU抽出] 次は軽い前菜で香りのよい大吟醸生ドライ [大吟醸酒] (米: 国産米, 精米: 非公開)
    ✨ [新規SKU抽出] 食事が進むにつれては元帥・純米吟醸の3点がセットになったお得な「家のみセット」 [純米吟醸酒] (米: 国産米, 精米: 非公開)
    ✨ [新規SKU抽出] 昔ながらの原酒・生原酒 [普通酒] (米: 国産米, 精米: 非公開)
    ✨ [新規SKU抽出] 昔ながらのしぼりたて原酒でやや辛口。 [普通酒] (米: 国産米, 精米: 非公開)
    ✨ [新規SKU抽出] 新にごり酒 [普通酒] (米: 国産米, 精米: 非公開)
    ✨ [新規SKU抽出] にごり酒 [普通酒] (米: 国産米, 精米: 非公開)
    ✨ [新規SKU抽出] 純米大吟醸・純米吟醸 [純米大吟醸酒] (米: 国産米, 精米: 非公開)
    ✨ [新規SKU抽出] 大吟醸・吟醸 [大吟醸酒] (米: 国産米, 精米: 非公開)
    ✨ [新規SKU抽出] 本醸造酒 [本醸造酒] (米: 国産米, 精米: 非公開)
    ✨ [新規SKU抽出] 古酒・原酒・にごり酒 [普通酒] (米: 国産米, 精米: 非公開)
    ✨ [新規SKU抽出] 日本酒とのコラボ ビール・リキュール [リキュール] (米: 国産米, 精米: 非公開)
    ✨ [新規SKU抽出] 酒粕ビール・梅酒等 [リキュール] (米: 国産米, 精米: 非公開)
    ✨ [新規SKU抽出] 大吟醸酒のようななめらかさの中に、やわらかなホップの味覚が特徴 [大吟醸酒] (米: 国産米, 精米: 非公開)
    ✨ [新規SKU抽出] 古酒・原酒・にごり酒 | 元帥酒造 [普通酒] (米: 国産米, 精米: 非公開)
    ✨ [新規SKU抽出] ＞ 古酒・原酒・にごり酒 [普通酒] (米: 国産米, 精米: 非公開)
    ✨ [新規SKU抽出] 純米大吟醸　生原酒 [純米大吟醸酒] (米: 国産米, 精米: 非公開)
    ✨ [新規SKU抽出] 古酒　純米大吟醸　五年酒 [純米大吟醸酒] (米: 国産米, 精米: 非公開)
    ✨ [新規SKU抽出] 米とこうじだけで醸した純米大吟醸。 [純米大吟醸酒] (米: 国産米, 精米: 非公開)
    ✨ [新規SKU抽出] 古酒　吟醸　十五年酒 [吟醸酒] (米: 国産米, 精米: 非公開)
    ✨ [新規SKU抽出] 鳥取県産・五百万石を55%まで精米した吟醸酒を低温で15年間長期保存したお酒です。 [吟醸酒] (米: 五百万石, 精米: 55%)
    ✨ [新規SKU抽出] 日本酒とのコラボ ビール・リキュール | 元帥酒造 [リキュール] (米: 国産米, 精米: 非公開)
    ✨ [新規SKU抽出] ＞ 日本酒とのコラボ ビール・リキュール [リキュール] (米: 国産米, 精米: 非公開)
    ✨ [新規SKU抽出] 大吟醸・吟醸 | 元帥酒造 [大吟醸酒] (米: 国産米, 精米: 非公開)
    ✨ [新規SKU抽出] ＞ 大吟醸・吟醸 [大吟醸酒] (米: 国産米, 精米: 非公開)
    ✨ [新規SKU抽出] 大吟醸　赤瓦 [大吟醸酒] (米: 国産米, 精米: 非公開)
    ✨ [新規SKU抽出] 大吟醸　八賢士 [大吟醸酒] (米: 国産米, 精米: 非公開)
    ✨ [新規SKU抽出] 大吟醸　宇崎 花 ラベル [大吟醸酒] (米: 国産米, 精米: 非公開)
    ✨ [新規SKU抽出] 大吟醸　生貯蔵酒　宇崎 花 ラベル [大吟醸酒] (米: 国産米, 精米: 非公開)
    ✨ [新規SKU抽出] 特選　吟醸 [吟醸酒] (米: 国産米, 精米: 非公開)
    ✨ [新規SKU抽出] 吟醸造りのほのかな香り、爽やかな辛口が特徴の吟醸酒です。 [吟醸酒] (米: 国産米, 精米: 非公開)
    ✨ [新規SKU抽出] ひやおろし 吟醸・くらよし蔵酒 [吟醸酒] (米: 国産米, 精米: 非公開)
    ✨ [新規SKU抽出] 吟醸・くらよし蔵酒 [吟醸酒] (米: 国産米, 精米: 非公開)
    ✨ [新規SKU抽出] しぼりたての酒粕 [普通酒] (米: 国産米, 精米: 非公開)
    ✨ [新規SKU抽出] 大吟醸の酒粕 [大吟醸酒] (米: 国産米, 精米: 非公開)
    ✨ [新規SKU抽出] 原料米は山田錦。精米歩合４０％。この3月に搾られた大吟醸酒。 [大吟醸酒] (米: 山田錦, 精米: 非公開)
    ✨ [新規SKU抽出] 純米大吟醸　白壁土蔵 [純米大吟醸酒] (米: 国産米, 精米: 非公開)
    ✨ [新規SKU抽出] 純米大吟醸　くらよし白壁土蔵 [純米大吟醸酒] (米: 国産米, 精米: 非公開)
    ✨ [新規SKU抽出] ひやおろし 純米吟醸・打吹の蔵 [純米吟醸酒] (米: 国産米, 精米: 非公開)
    ✨ [新規SKU抽出] 純米吟醸・打吹の蔵 [純米吟醸酒] (米: 国産米, 精米: 非公開)
    ✨ [新規SKU抽出] 神酒ノ尊 純米吟醸 元帥 [純米吟醸酒] (米: 国産米, 精米: 非公開)
    ✨ [新規SKU抽出] 特別純米酒 秋あがり [特別純米酒] (米: 国産米, 精米: 非公開)
    ✨ [新規SKU抽出] 元帥 特別純米酒 [特別純米酒] (米: 国産米, 精米: 非公開)
    ✨ [新規SKU抽出] 特別本醸造 秋あがり [特別本醸造酒] (米: 国産米, 精米: 非公開)
    ✨ [新規SKU抽出] 元帥 特別本醸造 [特別本醸造酒] (米: 国産米, 精米: 非公開)
    ✨ [新規SKU抽出] 純米吟醸 源蔵徳利 元帥 [純米吟醸酒] (米: 国産米, 精米: 非公開)
    ✨ [新規SKU抽出] 口当たりのやわらかい精米歩合50%の純米吟醸酒です。 [純米吟醸酒] (米: 国産米, 精米: 50%)
  👉 元帥酒造株式会社: 59 件の新規SKUを深層クローリングにより追加登録
[1142/1376] 🏭 ID 7403: 千代むすび酒造株式会社 (鳥取県) - https://www.chiyomusubi.co.jp/
    ✨ [新規SKU抽出] ◆千代むすび純米大吟醸 トリュフチョコ [純米大吟醸酒] (米: 国産米, 精米: 非公開)
    ✨ [新規SKU抽出] 「千代むすび 大吟醸 袋取りしずく酒」が見事、金賞を受賞いたしました! [大吟醸酒] (米: 国産米, 精米: 非公開)
    ✨ [新規SKU抽出] 今回は、メイン部門にて、「千代むすび純米酒」が最高金賞を受賞いたしました。 [純米酒] (米: 国産米, 精米: 非公開)
    ✨ [新規SKU抽出] 大吟醸袋取りしずく酒 [大吟醸酒] (米: 国産米, 精米: 非公開)
    ✨ [新規SKU抽出] リキュール [リキュール] (米: 国産米, 精米: 非公開)
    ✨ [新規SKU抽出] スパークリング [普通酒] (米: 国産米, 精米: 非公開)
    ✨ [新規SKU抽出] 「星が降り注ぐように　輝く時間が流れる　乾杯を彩るスパークリング日本酒」 [普通酒] (米: 国産米, 精米: 非公開)
    ✨ [新規SKU抽出] 千代むすび純米大吟醸 トリュフチョコ [純米大吟醸酒] (米: 国産米, 精米: 非公開)
    ✨ [新規SKU抽出] 純米大吟醸 強力 おおにごり [純米大吟醸酒] (米: 強力, 精米: 非公開)
    ✨ [新規SKU抽出] 千代むすび純米大吟醸 強力50 [純米大吟醸酒] (米: 強力, 精米: 非公開)
    ✨ [新規SKU抽出] JAS認証千代むすび純米吟醸オーガニック NATURE [純米吟醸酒] (米: 国産米, 精米: 非公開)
    ✨ [新規SKU抽出] 純米大吟醸 山田錦 40　「舞う白鳥」 [純米大吟醸酒] (米: 山田錦, 精米: 非公開)
    ✨ [新規SKU抽出] ULTRA YUZU リキュール [リキュール] (米: 国産米, 精米: 25%)
    ✨ [新規SKU抽出] 有機純米酒 兵庫県セット [純米酒] (米: 国産米, 精米: 非公開)
    ✨ [新規SKU抽出] 有機純米酒 スタンダードセット [純米酒] (米: 国産米, 精米: 非公開)
    ✨ [新規SKU抽出] 千代むすび 純米大吟醸強力40 [純米大吟醸酒] (米: 強力, 精米: 非公開)
    ✨ [新規SKU抽出] 千代むすび　本格焼酎セット(箱入り) [本格焼酎] (米: 国産米, 精米: 非公開)
    ✨ [新規SKU抽出] 千代むすび純米大吟醸 [純米大吟醸酒] (米: 国産米, 精米: 非公開)
    ✨ [新規SKU抽出] 純米大吟醸 山田錦シリーズ [純米大吟醸酒] (米: 山田錦, 精米: 非公開)
    ✨ [新規SKU抽出] 純米大吟醸 山田錦 15　「静寂の輪舞」 [純米大吟醸酒] (米: 山田錦, 精米: 非公開)
    ✨ [新規SKU抽出] ・IWC 2026　純米大吟醸部門　GOLD [純米大吟醸酒] (米: 国産米, 精米: 非公開)
  👉 千代むすび酒造株式会社: 21 件の新規SKUを深層クローリングにより追加登録
[1143/1376] 🏭 ID 7404: 中川酒造株式会社 (鳥取県) - https://www.gohriki.com/company.html
    ✨ [新規SKU抽出] 2003（平成15年）優等賞受賞（福寿海）、2004（平成16年）吟醸酒、純米酒受賞 [吟醸酒] (米: 国産米, 精米: 非公開)
    ✨ [新規SKU抽出] 純米大吟醸　いなば鶴　強力（ごうりき） [純米大吟醸酒] (米: 強力, 精米: 非公開)
    ✨ [新規SKU抽出] 純米吟醸　いなば鶴　五割搗き強力（ごわりつきごうりき） [純米吟醸酒] (米: 強力, 精米: 非公開)
    ✨ [新規SKU抽出] いなば鶴 特別純米「ろくまる強力」・鳥取の地酒 強力 | 中川酒造 [特別純米酒] (米: 強力, 精米: 非公開)
    ✨ [新規SKU抽出] いなば鶴 特別純米 [特別純米酒] (米: 国産米, 精米: 非公開)
    ✨ [新規SKU抽出] いなば鶴 純米大吟醸 [純米大吟醸酒] (米: 国産米, 精米: 非公開)
    ✨ [新規SKU抽出] 「強力」 中汲み(無濾過)生原酒 [普通酒] (米: 強力, 精米: 非公開)
    ✨ [新規SKU抽出] いなば鶴 純米吟醸 [純米吟醸酒] (米: 国産米, 精米: 非公開)
    ✨ [新規SKU抽出] 「五割搗き強力」 無濾過生原酒 [普通酒] (米: 強力, 精米: 非公開)
    ✨ [新規SKU抽出] 「五割搗き強力」 生にごり酒 [普通酒] (米: 強力, 精米: 非公開)
    ✨ [新規SKU抽出] 「ろくまる強力」 無濾過生原酒 [普通酒] (米: 強力, 精米: 非公開)
    ✨ [新規SKU抽出] 強力 無濾過生原酒 [普通酒] (米: 強力, 精米: 非公開)
    ✨ [新規SKU抽出] 福寿海 純米大吟醸酒 [純米大吟醸酒] (米: 国産米, 精米: 非公開)
    ✨ [新規SKU抽出] 生酛強力数量限定で販売中！ [普通酒] (米: 強力, 精米: 非公開)
    ✨ [新規SKU抽出] いなば鶴 純米大吟醸 「強力（ごうりき）」 [純米大吟醸酒] (米: 強力, 精米: 非公開)
    ✨ [新規SKU抽出] 純米大吟醸 いなば鶴「強力（ごうりき）」 [純米大吟醸酒] (米: 強力, 精米: 非公開)
    ✨ [新規SKU抽出] いなば鶴 純米吟醸 「五割搗き強力」 [純米吟醸酒] (米: 強力, 精米: 非公開)
    ✨ [新規SKU抽出] 純米吟醸 いなば鶴「五割搗き強力」 [純米吟醸酒] (米: 強力, 精米: 非公開)
    ✨ [新規SKU抽出] いなば鶴 特別純米 「ろくまる強力」 [特別純米酒] (米: 強力, 精米: 非公開)
  👉 中川酒造株式会社: 19 件の新規SKUを深層クローリングにより追加登録
[1144/1376] 🏭 ID 7405: 大谷酒造株式会社 (鳥取県) - https://takaisami.co.jp/
    ✨ [新規SKU抽出] 吟醸酒・本醸造・普通酒 [吟醸酒] (米: 国産米, 精米: 非公開)
    ✨ [新規SKU抽出] 焼酎・リキュール [リキュール] (米: 国産米, 精米: 非公開)
    ✨ [新規SKU抽出] 夏酒「純米吟醸 涼」「純米吟醸 涼 無濾過生原酒」が早期完売となり、 [純米吟醸酒] (米: 国産米, 精米: 非公開)
    ✨ [新規SKU抽出] 「純米吟醸 ひやおろし あらばしり」 [純米吟醸酒] (米: 国産米, 精米: 非公開)
    ✨ [新規SKU抽出] 「純米吟醸 ひやおろし なごり」 [純米吟醸酒] (米: 国産米, 精米: 非公開)
    ✨ [新規SKU抽出] 秋季限定「純米吟醸 ひやおろし あらばしり・なごり」販売のお知らせ [純米吟醸酒] (米: 国産米, 精米: 非公開)
    ✨ [新規SKU抽出] 純米大吟醸 吟麗 (斗瓶囲い しずく) [純米大吟醸酒] (米: 国産米, 精米: 非公開)
    ✨ [新規SKU抽出] 純米吟醸 なかだれ [純米吟醸酒] (米: 国産米, 精米: 非公開)
    ✨ [新規SKU抽出] 麹米に山田錦、掛米に鳥取県産の玉栄を使った吟醸造りの純米酒です。 [吟醸酒] (米: 山田錦, 精米: 非公開)
    ✨ [新規SKU抽出] 純米吟醸 桜咲(さくら) [純米吟醸酒] (米: 国産米, 精米: 非公開)
    ✨ [新規SKU抽出] 純米吟醸　桜咲（さくら） [純米吟醸酒] (米: 国産米, 精米: 非公開)
    ✨ [新規SKU抽出] 純米吟醸 強力（ごうりき） [純米吟醸酒] (米: 強力, 精米: 非公開)
    ✨ [新規SKU抽出] 純米吟醸 極辛 [純米吟醸酒] (米: 国産米, 精米: 非公開)
  👉 大谷酒造株式会社: 13 件の新規SKUを深層クローリングにより追加登録
[1145/1376] 🏭 ID 7406: 藤井酒造合資会社 (鳥取県) - https://fujii-sake.co.jp/
[1146/1376] 🏭 ID 7407: 有限会社太田酒造場 (鳥取県) - https://www.bentenmusume.com/
[1147/1376] 🏭 ID 7408: 有限会社大岩酒造本店 (鳥取県) - http://syuhou-iwaizumi.jp/
    ✨ [新規SKU抽出] 生酛造り純米原酒 [純米酒] (米: 国産米, 精米: 非公開)
    ✨ [新規SKU抽出] 大吟醸しずく搾り [大吟醸酒] (米: 国産米, 精米: 非公開)
    ✨ [新規SKU抽出] 天の蛍~十七夜物語~ 大吟醸 [大吟醸酒] (米: 国産米, 精米: 非公開)
    ✨ [新規SKU抽出] 大吟醸しずく絞り [大吟醸酒] (米: 国産米, 精米: 非公開)
    ✨ [新規SKU抽出] 大吟醸　天の蛍 [大吟醸酒] (米: 国産米, 精米: 非公開)
    ✨ [新規SKU抽出] 大吟醸720 [大吟醸酒] (米: 国産米, 精米: 非公開)
    ✨ [新規SKU抽出] 生酛1800 [普通酒] (米: 国産米, 精米: 非公開)
    ✨ [新規SKU抽出] 生酛造りとは [普通酒] (米: 国産米, 精米: 非公開)
    ✨ [新規SKU抽出] 生酛造りおススメの飲み方 [普通酒] (米: 国産米, 精米: 非公開)
    ✨ [新規SKU抽出] と本格焼酎・泡盛に関する情報サイト。蔵元検索 [泡盛] (米: 国産米, 精米: 非公開)
    ✨ [新規SKU抽出] 生酛造り純米原酒 | 大岩酒造本店 [純米酒] (米: 国産米, 精米: 非公開)
    ✨ [新規SKU抽出] 希少となった昔ながらの製法「生酛造り」で復活した純米原酒 [純米酒] (米: 国産米, 精米: 非公開)
    ✨ [新規SKU抽出] 生酛（きもと）造りとは [普通酒] (米: 国産米, 精米: 非公開)
    ✨ [新規SKU抽出] 生酛720 [普通酒] (米: 国産米, 精米: 非公開)
    ✨ [新規SKU抽出] 生酛 純米原酒 岩泉 [純米酒] (米: 国産米, 精米: 非公開)
    ✨ [新規SKU抽出] 純米酒 | 大岩酒造本店 [純米酒] (米: 国産米, 精米: 非公開)
    ✨ [新規SKU抽出] 純米酒720 [純米酒] (米: 国産米, 精米: 非公開)
    ✨ [新規SKU抽出] 純米酒３００ [純米酒] (米: 国産米, 精米: 非公開)
  👉 有限会社大岩酒造本店: 18 件の新規SKUを深層クローリングにより追加登録
[1148/1376] 🏭 ID 7409: 諏訪酒造株式会社 (鳥取県) - https://suwaizumi.jp/
    ✨ [新規SKU抽出] 諏訪泉・純米酒 [純米酒] (米: 国産米, 精米: 非公開)
    ✨ [新規SKU抽出] 定番の純米酒 [純米酒] (米: 国産米, 精米: 非公開)
    ✨ [新規SKU抽出] 純米大吟醸　鵬ゴールド [純米大吟醸酒] (米: 国産米, 精米: 非公開)
    ✨ [新規SKU抽出] 純米大吟醸　鵬シルバー [純米大吟醸酒] (米: 国産米, 精米: 非公開)
    ✨ [新規SKU抽出] 純米吟醸　満天星 [純米吟醸酒] (米: 国産米, 精米: 非公開)
    ✨ [新規SKU抽出] 純米吟醸　杉の雫きのこブーケラベル [純米吟醸酒] (米: 国産米, 精米: 非公開)
    ✨ [新規SKU抽出] 純米酒　うさぎラベル [純米酒] (米: 国産米, 精米: 非公開)
    ✨ [新規SKU抽出] 田中農場　純米吟醸　強力原酒　2022BY [純米吟醸酒] (米: 強力, 精米: 非公開)
    ✨ [新規SKU抽出] 季節の純米酒 [純米酒] (米: 国産米, 精米: 非公開)
    ✨ [新規SKU抽出] 純米大吟醸　鵬シルバー　無ろか生原酒 [純米大吟醸酒] (米: 国産米, 精米: 非公開)
    ✨ [新規SKU抽出] 田中農場　純米吟醸　強力　無ろか生原酒 [純米吟醸酒] (米: 強力, 精米: 非公開)
    ✨ [新規SKU抽出] 純米吟醸　杉の雫・きのこブーケラベル　無ろ過生原酒 [純米吟醸酒] (米: 国産米, 精米: 非公開)
    ✨ [新規SKU抽出] 蔵出しにごり酒　純米生原酒スパークリング [純米酒] (米: 国産米, 精米: 非公開)
    ✨ [新規SKU抽出] 田中農場　純米吟醸　強力　ひやおろし [純米吟醸酒] (米: 強力, 精米: 非公開)
    ✨ [新規SKU抽出] 純米吟醸　杉の雫きのこブーケラベル　ひやおろし [純米吟醸酒] (米: 国産米, 精米: 非公開)
    ✨ [新規SKU抽出] 杉の雫きのこブーケラベル　しぼりたて生原酒 [普通酒] (米: 国産米, 精米: 非公開)
    ✨ [新規SKU抽出] 山廃　純米酒　平成27醸造年度 [純米酒] (米: 国産米, 精米: 非公開)
    ✨ [新規SKU抽出] 鳥取県絶滅危惧種ラベル　純米酒　玉栄 [純米酒] (米: 国産米, 精米: 非公開)
    ✨ [新規SKU抽出] 純米吟醸　大国主命SWEET [純米吟醸酒] (米: 国産米, 精米: 非公開)
    ✨ [新規SKU抽出] 新・吟醸酒粕 [吟醸酒] (米: 国産米, 精米: 非公開)
    ✨ [新規SKU抽出] 田中農場　純米吟醸　強力原酒 [純米吟醸酒] (米: 強力, 精米: 非公開)
    ✨ [新規SKU抽出] 純米酒であること。 [純米酒] (米: 国産米, 精米: 非公開)
    ✨ [新規SKU抽出] 「定番の純米酒」ラインナップ [純米酒] (米: 国産米, 精米: 非公開)
    ✨ [新規SKU抽出] 純米吟醸　強力原酒 [純米吟醸酒] (米: 強力, 精米: 非公開)
    ✨ [新規SKU抽出] 蔵出しにごり酒 [普通酒] (米: 国産米, 精米: 非公開)
    ✨ [新規SKU抽出] 純米生原酒スパークリング [純米酒] (米: 国産米, 精米: 非公開)
    ✨ [新規SKU抽出] 瓶内二次発酵の炭酸ガスがスパークリングする爽やかなお酒です。 [普通酒] (米: 国産米, 精米: 非公開)
    ✨ [新規SKU抽出] 「季節の純米酒」ラインナップ [純米酒] (米: 国産米, 精米: 非公開)
    ✨ [新規SKU抽出] 無ろ過生原酒 [普通酒] (米: 国産米, 精米: 非公開)
    ✨ [新規SKU抽出] 田中農場　純米吟醸　強力 [純米吟醸酒] (米: 強力, 精米: 非公開)
    ✨ [新規SKU抽出] 純米吟醸　強力 [純米吟醸酒] (米: 強力, 精米: 非公開)
    ✨ [新規SKU抽出] ひやおろし [普通酒] (米: 国産米, 精米: 非公開)
    ✨ [新規SKU抽出] しぼりたて生原酒 [普通酒] (米: 国産米, 精米: 非公開)
    ✨ [新規SKU抽出] 純米吟醸　杉の雫・きのこブーケラベル [純米吟醸酒] (米: 国産米, 精米: 非公開)
    ✨ [新規SKU抽出] 山廃　純米酒 [純米酒] (米: 国産米, 精米: 非公開)
    ✨ [新規SKU抽出] 山廃仕込 [普通酒] (米: 国産米, 精米: 非公開)
    ✨ [新規SKU抽出] 純米酒　玉栄 [純米酒] (米: 国産米, 精米: 非公開)
    ✨ [新規SKU抽出] 純米大吟醸 鵬のお燗は42℃くらいのややぬるめがおいしいお酒になります。 [純米大吟醸酒] (米: 国産米, 精米: 非公開)
    ✨ [新規SKU抽出] 『諏訪泉純米吟醸 満天星』燗酒部門 優等賞受賞 [純米吟醸酒] (米: 国産米, 精米: 非公開)
    ✨ [新規SKU抽出] おいしい純米酒です。 [純米酒] (米: 国産米, 精米: 非公開)
    ✨ [新規SKU抽出] 上質の純米酒です。 [純米酒] (米: 国産米, 精米: 非公開)
  👉 諏訪酒造株式会社: 41 件の新規SKUを深層クローリングにより追加登録
[1149/1376] 🏭 ID 7891: 有限会社入江豊三郎本店 (広島県) - https://iriehonten.jp/
[1150/1376] 🏭 ID 7892: 株式会社岡本亀太郎本店 (広島県) - https://honke-houmeishu.com/
    ✨ [新規SKU抽出] 味醂ベースのリキュール「保命酒」 [リキュール] (米: 国産米, 精米: 非公開)
    ✨ [新規SKU抽出] 今年は保命酒で「梅酒」を漬け込んでみませんか？ [リキュール] (米: 国産米, 精米: 非公開)
    ✨ [新規SKU抽出] 岡亀保命酒（リキュール・薬味酒） [リキュール] (米: 国産米, 精米: 非公開)
    ✨ [新規SKU抽出] 保命酒　梅太郎（リキュール・薬味酒） [リキュール] (米: 国産米, 精米: 非公開)
    ✨ [新規SKU抽出] リキュール（保命酒）（国内製造）、梅の実、氷砂糖 [リキュール] (米: 国産米, 精米: 非公開)
    ✨ [新規SKU抽出] 保命酒　杏子姫（リキュール・薬味酒） [リキュール] (米: 国産米, 精米: 非公開)
    ✨ [新規SKU抽出] リキュール（保命酒）（国内製造）、杏の実、氷砂糖 [リキュール] (米: 国産米, 精米: 非公開)
    ✨ [新規SKU抽出] 保命酒　生姜ノ助（リキュール・薬味酒） [リキュール] (米: 国産米, 精米: 非公開)
    ✨ [新規SKU抽出] リキュール（保命酒）（国内製造）、乾燥生姜 [リキュール] (米: 国産米, 精米: 非公開)
    ✨ [新規SKU抽出] 四十度保命酒（リキュール・薬味酒） [リキュール] (米: 国産米, 精米: 非公開)
    ✨ [新規SKU抽出] もち米（国産）、米麹（国産米）、醸造アルコール、米焼酎、十六種薬味 [本格焼酎] (米: 国産米, 精米: 非公開)
    ✨ [新規SKU抽出] 米（国産）、米麹（国産米）、醸造アルコール、米焼酎 [本格焼酎] (米: 国産米, 精米: 非公開)
    ✨ [新規SKU抽出] 米（国産）、米麹（国産米）、糖類、醸造アルコール、米焼酎 [本格焼酎] (米: 国産米, 精米: 非公開)
    ✨ [新規SKU抽出] 今年は保命酒で「梅酒」を漬け込んでみませんか？ 　今年は「申年」。昔... [リキュール] (米: 国産米, 精米: 非公開)
  👉 株式会社岡本亀太郎本店: 14 件の新規SKUを深層クローリングにより追加登録
[1151/1376] 🏭 ID 7893: 藤井酒造株式会社 (広島県) - http://fujiishuzou.com/
    ✨ [新規SKU抽出] 龍勢 蔵生原酒 [普通酒] (米: 国産米, 精米: 非公開)
    ✨ [新規SKU抽出] 純米大吟醸とは何か。 [純米大吟醸酒] (米: 国産米, 精米: 非公開)
    ✨ [新規SKU抽出] 純米吟醸とは何か。 [純米吟醸酒] (米: 国産米, 精米: 非公開)
    ✨ [新規SKU抽出] 龍勢 黒ラベル 純米大吟醸 [純米大吟醸酒] (米: 国産米, 精米: 非公開)
    ✨ [新規SKU抽出] 龍勢 白ラベル 純米吟醸 [純米吟醸酒] (米: 国産米, 精米: 非公開)
    ✨ [新規SKU抽出] 龍勢 夏吟醸 純米吟醸 [純米吟醸酒] (米: 国産米, 精米: 非公開)
    ✨ [新規SKU抽出] 龍勢 桃ラベル 純米吟醸 生原酒 [純米吟醸酒] (米: 国産米, 精米: 非公開)
    ✨ [新規SKU抽出] 龍勢 白ラベル 純米吟醸
 – 藤井酒造 [純米吟醸酒] (米: 国産米, 精米: 非公開)
    ✨ [新規SKU抽出] 龍勢 白ラベル 純米吟醸の数量を減らす [純米吟醸酒] (米: 国産米, 精米: 非公開)
    ✨ [新規SKU抽出] 龍勢 白ラベル 純米吟醸の数量を増やす [純米吟醸酒] (米: 国産米, 精米: 非公開)
    ✨ [新規SKU抽出] 純米吟醸に期待されるもの—— [純米吟醸酒] (米: 国産米, 精米: 非公開)
    ✨ [新規SKU抽出] 龍勢 黒ラベル 純米大吟醸
 – 藤井酒造 [純米大吟醸酒] (米: 国産米, 精米: 非公開)
    ✨ [新規SKU抽出] 龍勢 黒ラベル 純米大吟醸の数量を減らす [純米大吟醸酒] (米: 国産米, 精米: 非公開)
    ✨ [新規SKU抽出] 龍勢 黒ラベル 純米大吟醸の数量を増やす [純米大吟醸酒] (米: 国産米, 精米: 非公開)
    ✨ [新規SKU抽出] しっかり旨い、純米大吟醸。 [純米大吟醸酒] (米: 国産米, 精米: 非公開)
    ✨ [新規SKU抽出] 純米大吟醸に期待されるもの—— [純米大吟醸酒] (米: 国産米, 精米: 非公開)
  👉 藤井酒造株式会社: 16 件の新規SKUを深層クローリングにより追加登録
[1152/1376] 🏭 ID 7894: 中尾醸造株式会社 (広島県) - http://maboroshi.co.jp/
    ✨ [新規SKU抽出] 純米吟醸酒 [純米吟醸酒] (米: 国産米, 精米: 非公開)
    ✨ [新規SKU抽出] 誠鏡－純米吟醸酒 [純米吟醸酒] (米: 国産米, 精米: 非公開)
    ✨ [新規SKU抽出] 誠鏡－純米酒 [純米酒] (米: 国産米, 精米: 非公開)
    ✨ [新規SKU抽出] 特別本醸造 [特別本醸造酒] (米: 国産米, 精米: 非公開)
    ✨ [新規SKU抽出] 誠鏡－特別本醸造 [特別本醸造酒] (米: 国産米, 精米: 非公開)
    ✨ [新規SKU抽出] 本醸造酒 [本醸造酒] (米: 国産米, 精米: 非公開)
    ✨ [新規SKU抽出] 誠鏡－本醸造酒 [本醸造酒] (米: 国産米, 精米: 非公開)
    ✨ [新規SKU抽出] 誠鏡－吟醸 [吟醸酒] (米: 国産米, 精米: 非公開)
    ✨ [新規SKU抽出] リンゴ酵母で醸す大吟醸を中心としたブランド [大吟醸酒] (米: 国産米, 精米: 非公開)
    ✨ [新規SKU抽出] 純米大吟醸酒 [純米大吟醸酒] (米: 国産米, 精米: 非公開)
    ✨ [新規SKU抽出] 幻－純米大吟醸酒 [純米大吟醸酒] (米: 国産米, 精米: 非公開)
    ✨ [新規SKU抽出] 大吟醸酒 [大吟醸酒] (米: 国産米, 精米: 非公開)
    ✨ [新規SKU抽出] 幻－大吟醸酒 [大吟醸酒] (米: 国産米, 精米: 非公開)
    ✨ [新規SKU抽出] 幻－純米吟醸酒 [純米吟醸酒] (米: 国産米, 精米: 非公開)
    ✨ [新規SKU抽出] 幻－吟醸 [吟醸酒] (米: 国産米, 精米: 非公開)
    ✨ [新規SKU抽出] 吟醸 夢幻セット　MG-5 [吟醸酒] (米: 国産米, 精米: 非公開)
    ✨ [新規SKU抽出] 吟醸 まぼろし缶セット　MC-10 [吟醸酒] (米: 国産米, 精米: 非公開)
    ✨ [新規SKU抽出] 大吟醸 まぼろし白箱セット　MBD-2 [大吟醸酒] (米: 国産米, 精米: 非公開)
    ✨ [新規SKU抽出] 誠鏡 純米吟醸 プリンセスミチコ [純米吟醸酒] (米: 国産米, 精米: 非公開)
    ✨ [新規SKU抽出] 誠鏡夏酒 吟醸辛口 ヨットラベル [吟醸酒] (米: 国産米, 精米: 非公開)
    ✨ [新規SKU抽出] 誠鏡 純米吟醸 雄町 [純米吟醸酒] (米: 雄町, 精米: 非公開)
    ✨ [新規SKU抽出] 吟醸誠鏡 シャレボトル [吟醸酒] (米: 国産米, 精米: 非公開)
    ✨ [新規SKU抽出] 吟醸誠鏡 シャレボトル グラス付き [吟醸酒] (米: 国産米, 精米: 非公開)
    ✨ [新規SKU抽出] 誠鏡 純米にごり酒 [純米酒] (米: 国産米, 精米: 非公開)
    ✨ [新規SKU抽出] 誠鏡 純米吟醸雄町 生酒 [純米吟醸酒] (米: 雄町, 精米: 非公開)
    ✨ [新規SKU抽出] 誠鏡 純米スパークリング [純米酒] (米: 国産米, 精米: 非公開)
    ✨ [新規SKU抽出] 誠鏡 ひやおろし 純米原酒 [純米酒] (米: 国産米, 精米: 非公開)
    ✨ [新規SKU抽出] 誠鏡 しぼりたて 純米生原酒 [純米酒] (米: 国産米, 精米: 非公開)
    ✨ [新規SKU抽出] 純米大吟醸原酒 まぼろし黒箱 [純米大吟醸酒] (米: 国産米, 精米: 非公開)
    ✨ [新規SKU抽出] 純米大吟醸 まぼろし赤箱 [純米大吟醸酒] (米: 国産米, 精米: 非公開)
    ✨ [新規SKU抽出] 大吟醸原酒 まぼろし桐箱 [大吟醸酒] (米: 国産米, 精米: 非公開)
    ✨ [新規SKU抽出] 大吟醸 まぼろし白箱 [大吟醸酒] (米: 国産米, 精米: 非公開)
    ✨ [新規SKU抽出] 純米吟醸 まぼろし [純米吟醸酒] (米: 国産米, 精米: 非公開)
    ✨ [新規SKU抽出] 吟醸 まぼろし [吟醸酒] (米: 国産米, 精米: 非公開)
    ✨ [新規SKU抽出] 吟醸 まぼろし缶 [吟醸酒] (米: 国産米, 精米: 非公開)
    ✨ [新規SKU抽出] 『誠鏡 ひやおろし純米生詰原酒 2026』 秋季限定 9月上旬発売のお知らせ！ [純米酒] (米: 国産米, 精米: 非公開)
  👉 中尾醸造株式会社: 36 件の新規SKUを深層クローリングにより追加登録
[1153/1376] 🏭 ID 7895: 株式会社今田酒造本店 (広島県) - https://fukucho.jp/
    ✨ [新規SKU抽出] 富久長 純米吟醸・辛口純米セット [純米吟醸酒] (米: 国産米, 精米: 非公開)
    ✨ [新規SKU抽出] 富久長 八反草 純米大吟醸 妙花風 特別栽培米 [純米大吟醸酒] (米: 国産米, 精米: 非公開)
    ✨ [新規SKU抽出] 富久長 八反草 純米大吟醸 はしり 特別栽培米 [純米大吟醸酒] (米: 国産米, 精米: 非公開)
    ✨ [新規SKU抽出] 八反草 純米大吟醸 特別栽培米 [純米大吟醸酒] (米: 国産米, 精米: 非公開)
    ✨ [新規SKU抽出] 八反草 純米吟醸 [純米吟醸酒] (米: 国産米, 精米: 非公開)
    ✨ [新規SKU抽出] 富久長 純米にごり スパークリング 白美 HAKUBI [純米酒] (米: 国産米, 精米: 非公開)
    ✨ [新規SKU抽出] 🎖️ SILVER　富久長 八反草 純米大吟醸 特別栽培米 [純米大吟醸酒] (米: 国産米, 精米: 非公開)
    ✨ [新規SKU抽出] 🎖️ JunmaiGinjo部門大会推奨メダル　富久長 八反草 純米吟醸 [純米吟醸酒] (米: 国産米, 精米: 非公開)
    ✨ [新規SKU抽出] 🎖️ 純米吟醸部門金賞　富久長 八反草 純米吟醸 [純米吟醸酒] (米: 国産米, 精米: 非公開)
    ✨ [新規SKU抽出] 🎖️ 純米酒（66-100%）部門プラチナ賞　富久長 海風土 [純米酒] (米: 国産米, 精米: 00%)
    ✨ [新規SKU抽出] 富久長 八反草 純米吟醸 [純米吟醸酒] (米: 国産米, 精米: 非公開)
  👉 株式会社今田酒造本店: 11 件の新規SKUを深層クローリングにより追加登録
[1154/1376] 🏭 ID 7896: 柄酒造株式会社 (広島県) - https://tsukasyuzou.jp/
    ✨ [新規SKU抽出] 発売のおしらせ9代目於多福　純米吟醸　すずかぜ [純米吟醸酒] (米: 国産米, 精米: 非公開)
    ✨ [新規SKU抽出] 9代目於多福　純米吟醸　すずかぜ [純米吟醸酒] (米: 国産米, 精米: 非公開)
    ✨ [新規SKU抽出] 大吟醸を検索中
（4件中
 


4

件を表示） [大吟醸酒] (米: 国産米, 精米: 非公開)
    ✨ [新規SKU抽出] 火入れ9代目於多福　純米大吟醸 [純米大吟醸酒] (米: 国産米, 精米: 非公開)
    ✨ [新規SKU抽出] 於多福 大吟醸 [大吟醸酒] (米: 国産米, 精米: 非公開)
    ✨ [新規SKU抽出] 火入れ9代目於多福　純米吟醸 [純米吟醸酒] (米: 国産米, 精米: 非公開)
    ✨ [新規SKU抽出] 火入れ9代目於多福　特別純米 [特別純米酒] (米: 国産米, 精米: 非公開)
    ✨ [新規SKU抽出] 於多福 純米吟醸 [純米吟醸酒] (米: 国産米, 精米: 非公開)
    ✨ [新規SKU抽出] 「9代目於多福　純米吟醸　すずかぜ」。みずみずしく爽やかな夏のお酒です。 [純米吟醸酒] (米: 国産米, 精米: 非公開)
    ✨ [新規SKU抽出] 本醸造を検索中
（1件中
 


1

件を表示） [本醸造酒] (米: 国産米, 精米: 非公開)
    ✨ [新規SKU抽出] 於多福 本醸造 [本醸造酒] (米: 国産米, 精米: 非公開)
    ✨ [新規SKU抽出] 「9代目於多福　純米大吟醸」。香り豊かですっきり辛口の純米大吟醸です。 [純米大吟醸酒] (米: 国産米, 精米: 非公開)
  👉 柄酒造株式会社: 12 件の新規SKUを深層クローリングにより追加登録
[1155/1376] 🏭 ID 7897: 盛川酒造株式会社 (広島県) - https://morikawa-shuzo.com/
    ✨ [新規SKU抽出] しっとりとしたカステラに香り高い大吟醸『沙羅双樹』を [大吟醸酒] (米: 国産米, 精米: 非公開)
    ✨ [新規SKU抽出] 「白鴻」の純米吟醸酒粕と大吟醸酒をたっぷり使ったカステラです。 [純米吟醸酒] (米: 国産米, 精米: 非公開)
    ✨ [新規SKU抽出] 白鴻 特別純米酒 緑ラベル [特別純米酒] (米: 国産米, 精米: 非公開)
    ✨ [新規SKU抽出] 白鴻 大吟醸「沙羅双樹」雫酒 [大吟醸酒] (米: 国産米, 精米: 非公開)
    ✨ [新規SKU抽出] 白鴻 純米吟醸《千本錦》　限定発売 [純米吟醸酒] (米: 国産米, 精米: 非公開)
    ✨ [新規SKU抽出] 最高の原料と水と技で醸された大吟醸酒の雫酒。 [大吟醸酒] (米: 国産米, 精米: 非公開)
    ✨ [新規SKU抽出] IWC2013　大吟醸の部　《SILVER》 [大吟醸酒] (米: 国産米, 精米: 非公開)
    ✨ [新規SKU抽出] 平成30年広島国税局清酒鑑評会　吟醸酒部門　《優等賞》 [吟醸酒] (米: 国産米, 精米: 非公開)
    ✨ [新規SKU抽出] 白鴻 純米大吟醸40「沙羅双樹」 [純米大吟醸酒] (米: 国産米, 精米: 非公開)
    ✨ [新規SKU抽出] 白鴻 純米大吟醸50「沙羅双樹」 [純米大吟醸酒] (米: 国産米, 精米: 非公開)
    ✨ [新規SKU抽出] 白鴻 純米吟醸「沙羅双樹」 [純米吟醸酒] (米: 国産米, 精米: 非公開)
    ✨ [新規SKU抽出] 白鴻 純米吟醸 原酒 鯉ラベル [純米吟醸酒] (米: 国産米, 精米: 非公開)
    ✨ [新規SKU抽出] 白鴻 大吟醸「沙羅双樹」 [大吟醸酒] (米: 国産米, 精米: 非公開)
    ✨ [新規SKU抽出] リキュール [リキュール] (米: 国産米, 精米: 非公開)
    ✨ [新規SKU抽出] 白鴻 超辛口純米酒 黒ラベル [純米酒] (米: 国産米, 精米: 非公開)
    ✨ [新規SKU抽出] 白鴻 四段仕込純米酒 赤ラベル [純米酒] (米: 国産米, 精米: 非公開)
    ✨ [新規SKU抽出] 甘酒四段仕込みで旨みを残した、やや甘口の純米酒です。 [純米酒] (米: 国産米, 精米: 非公開)
    ✨ [新規SKU抽出] 白鴻 熟成純米酒 紫ラベル [純米酒] (米: 国産米, 精米: 非公開)
    ✨ [新規SKU抽出] 白鴻 艶肌梅酒 プレミアム [リキュール] (米: 国産米, 精米: 非公開)
    ✨ [新規SKU抽出] 梅を純米吟醸酒に漬け込みました。まったりとして芳醇な味わいです。 [純米吟醸酒] (米: 国産米, 精米: 非公開)
    ✨ [新規SKU抽出] 白鴻 艶肌梅酒 [リキュール] (米: 国産米, 精米: 非公開)
    ✨ [新規SKU抽出] 香ばしい大粒のアーモンドを、白鴻の純米吟醸酒粕で包みました。 [純米吟醸酒] (米: 国産米, 精米: 非公開)
    ✨ [新規SKU抽出] 大吟醸「沙羅双樹」の酒粕を使ったこだわりの和スィーツです。 [大吟醸酒] (米: 国産米, 精米: 非公開)
    ✨ [新規SKU抽出] 令和2年広島国税局清酒鑑評会　純米酒部門　《優等賞》 [純米酒] (米: 国産米, 精米: 非公開)
  👉 盛川酒造株式会社: 24 件の新規SKUを深層クローリングにより追加登録
[1156/1376] 🏭 ID 7898: 株式会社醉心山根本店 (広島県) - http://www.suishinsake.co.jp/
    ✨ [新規SKU抽出] 夏におすすめの生酒－「純米吟醸生原酒」－ [純米吟醸酒] (米: 国産米, 精米: 非公開)
    ✨ [新規SKU抽出] しぼりたて新酒｢醉心の純米吟醸生原酒｣の商品説明 [純米吟醸酒] (米: 国産米, 精米: 非公開)
    ✨ [新規SKU抽出] 冬の限定品「純米吟醸無圧しぼり」販売開始しました。 [純米吟醸酒] (米: 国産米, 精米: 非公開)
    ✨ [新規SKU抽出] 純米酒「醉心米極」 [純米酒] (米: 国産米, 精米: 非公開)
    ✨ [新規SKU抽出] 陶酔三昧 純米大吟醸 [純米大吟醸酒] (米: 国産米, 精米: 非公開)
    ✨ [新規SKU抽出] 純米吟醸｢醉心 超軟水仕込｣ [純米吟醸酒] (米: 国産米, 精米: 非公開)
    ✨ [新規SKU抽出] 純米大吟醸｢醉心 超軟水仕込｣ [純米大吟醸酒] (米: 国産米, 精米: 非公開)
    ✨ [新規SKU抽出] 『究極の醉心』大吟醸 [大吟醸酒] (米: 国産米, 精米: 非公開)
    ✨ [新規SKU抽出] 純米大吟醸生地 [純米大吟醸酒] (米: 国産米, 精米: 非公開)
    ✨ [新規SKU抽出] 大吟醸斗瓶取り [大吟醸酒] (米: 国産米, 精米: 非公開)
    ✨ [新規SKU抽出] 『青』特別本醸造 [特別本醸造酒] (米: 国産米, 精米: 非公開)
    ✨ [新規SKU抽出] 特選本醸造『名誉醉心』 [本醸造酒] (米: 国産米, 精米: 非公開)
    ✨ [新規SKU抽出] ｢純米大吟醸磨き40 醉心悠然醉郷｣販売開始しました。 [純米大吟醸酒] (米: 国産米, 精米: 非公開)
    ✨ [新規SKU抽出] 「名誉醉心 復刻の三號 無濾過生原酒」 [普通酒] (米: 国産米, 精米: 非公開)
    ✨ [新規SKU抽出] 「ぶなのしずく 純米大吟醸」正式に販売を開始いたしました。 [純米大吟醸酒] (米: 国産米, 精米: 非公開)
    ✨ [新規SKU抽出] 夏のお酒「醉心 純米大吟醸 爽快辛口」や、 [純米大吟醸酒] (米: 国産米, 精米: 非公開)
    ✨ [新規SKU抽出] 暑い季節、冷やした生原酒で、フレッシュな味わいを楽しめる、 [普通酒] (米: 国産米, 精米: 非公開)
    ✨ [新規SKU抽出] 「醉心 無濾過純米吟醸生原酒 雄町１００％」、 [純米吟醸酒] (米: 雄町, 精米: 非公開)
    ✨ [新規SKU抽出] 「醉心 瓶囲い純米吟醸生原酒」などを [純米吟醸酒] (米: 国産米, 精米: 非公開)
    ✨ [新規SKU抽出] 冬の限定品「純米吟醸無圧しぼり」販売開始しました。 | 醉心の蔵元 醉心山根本店 [純米吟醸酒] (米: 国産米, 精米: 非公開)
    ✨ [新規SKU抽出] 冬の限定品「醉心純米吟醸無圧しぼり」の販売を開始いたしました。 [純米吟醸酒] (米: 国産米, 精米: 非公開)
    ✨ [新規SKU抽出] ■醉心純米吟醸無圧しぼり [純米吟醸酒] (米: 国産米, 精米: 非公開)
    ✨ [新規SKU抽出] さて、醉心の夏のお酒「純米吟醸 醉心無圧搾り(夏)」。 [純米吟醸酒] (米: 国産米, 精米: 非公開)
  👉 株式会社醉心山根本店: 23 件の新規SKUを深層クローリングにより追加登録
[1157/1376] 🏭 ID 7899: 株式会社吉源酒造場 (広島県) - http://yoshigen.info/
    ✨ [新規SKU抽出] 尾道百景（本醸造、 [本醸造酒] (米: 国産米, 精米: 非公開)
    ✨ [新規SKU抽出] 寿齢おのみち（本醸造、 [本醸造酒] (米: 国産米, 精米: 非公開)
    ✨ [新規SKU抽出] 寿齢おのみち（本醸造原酒、 [本醸造酒] (米: 国産米, 精米: 非公開)
    ✨ [新規SKU抽出] 寿齢おのみち（純米吟醸、 [純米吟醸酒] (米: 国産米, 精米: 非公開)
    ✨ [新規SKU抽出] 寿齢特選（本醸造、 [本醸造酒] (米: 国産米, 精米: 非公開)
    ✨ [新規SKU抽出] 酒造好適米の八反錦を使用し、精米歩合70％の本醸造タイプ。 [本醸造酒] (米: 八反錦, 精米: 非公開)
  👉 株式会社吉源酒造場: 6 件の新規SKUを深層クローリングにより追加登録
[1158/1376] 🏭 ID 7901: 株式会社天寶一 (広島県) - https://tenpo1.co.jp/
    ✨ [新規SKU抽出] 生酛 純米酒 [純米酒] (米: 国産米, 精米: 非公開)
    ✨ [新規SKU抽出] 特別栽培米 辛口純米大吟醸 [純米大吟醸酒] (米: 国産米, 精米: 非公開)
    ✨ [新規SKU抽出] 生酛純米大吟醸「久二-hisaji-」 [純米大吟醸酒] (米: 国産米, 精米: 非公開)
    ✨ [新規SKU抽出] おでん × 山田錦純米酒 [純米酒] (米: 山田錦, 精米: 非公開)
    ✨ [新規SKU抽出] 最高峰生酛純米大吟醸久二 [純米大吟醸酒] (米: 国産米, 精米: 非公開)
    ✨ [新規SKU抽出] 新商品超辛純米酒 生 [純米酒] (米: 国産米, 精米: 非公開)
    ✨ [新規SKU抽出] 最高峰大吟醸秘蔵酒 [大吟醸酒] (米: 国産米, 精米: 非公開)
    ✨ [新規SKU抽出] 中汲み純米大吟醸40 [純米大吟醸酒] (米: 国産米, 精米: 非公開)
    ✨ [新規SKU抽出] 中汲み大吟醸40 [大吟醸酒] (米: 国産米, 精米: 非公開)
    ✨ [新規SKU抽出] 辛口純米大吟醸 [純米大吟醸酒] (米: 国産米, 精米: 非公開)
    ✨ [新規SKU抽出] 特別純米 八反錦 [特別純米酒] (米: 八反錦, 精米: 非公開)
    ✨ [新規SKU抽出] 中汲み山田錦 純米吟醸 [純米吟醸酒] (米: 山田錦, 精米: 非公開)
    ✨ [新規SKU抽出] 生酛純米大吟醸「久二-hisaji-」Limited Edition [純米大吟醸酒] (米: 国産米, 精米: 非公開)
    ✨ [新規SKU抽出] 中汲み純米大吟醸 [純米大吟醸酒] (米: 国産米, 精米: 非公開)
    ✨ [新規SKU抽出] 大吟醸 秘蔵酒 [大吟醸酒] (米: 国産米, 精米: 非公開)
    ✨ [新規SKU抽出] 純米大吟醸袋吊り 凛として孤高 [純米大吟醸酒] (米: 国産米, 精米: 非公開)
    ✨ [新規SKU抽出] 中汲み大吟醸 [大吟醸酒] (米: 国産米, 精米: 非公開)
    ✨ [新規SKU抽出] 中汲み純米大吟醸・中汲み大吟醸 [純米大吟醸酒] (米: 国産米, 精米: 非公開)
    ✨ [新規SKU抽出] 夏ギフト2026｜夏潤＆生酛純米酒 [純米酒] (米: 国産米, 精米: 非公開)
    ✨ [新規SKU抽出] 天寶一 ギフトセット [特別純米酒] (米: 八反錦, 精米: 非公開)
    ✨ [新規SKU抽出] 旨さとキレを併せ持つ辛口好きの為の純米大吟醸。 [純米大吟醸酒] (米: 国産米, 精米: 非公開)
    ✨ [新規SKU抽出] 特別栽培米「山田錦」を使用した辛口の純米大吟醸。 [純米大吟醸酒] (米: 山田錦, 精米: 非公開)
    ✨ [新規SKU抽出] ⑵高精米＆生酛仕込み [普通酒] (米: 国産米, 精米: 非公開)
  👉 株式会社天寶一: 23 件の新規SKUを深層クローリングにより追加登録
[1159/1376] 🏭 ID 7903: 三輪酒造株式会社 (広島県) - http://shinrai-1716.com/
    ✨ [新規SKU抽出] 森の唄(生原酒)0.72L [普通酒] (米: 国産米, 精米: 非公開)
    ✨ [新規SKU抽出] 神石高原木桶生酛 無ろ過生原酒0.72L [普通酒] (米: 国産米, 精米: 非公開)
  👉 三輪酒造株式会社: 2 件の新規SKUを深層クローリングにより追加登録
[1160/1376] 🏭 ID 7904: 山岡酒造株式会社 (広島県) - https://zuikan.jp/
    ✨ [新規SKU抽出] 備考 | こだわりの日本酒、焼酎、泡盛、国産ワインやウイスキー、豊富な品揃え。 [泡盛] (米: 国産米, 精米: 非公開)
    ✨ [新規SKU抽出] 瑞冠 純米大吟醸 きもと35 熟成酒 [純米大吟醸酒] (米: 国産米, 精米: 非公開)
    ✨ [新規SKU抽出] 瑞冠 純米大吟醸 亀かくし [純米大吟醸酒] (米: 国産米, 精米: 非公開)
    ✨ [新規SKU抽出] 瑞冠 純米大吟醸 きもと50 [純米大吟醸酒] (米: 国産米, 精米: 非公開)
    ✨ [新規SKU抽出] いい風 純米大吟醸 広島雄町 [純米大吟醸酒] (米: 雄町, 精米: 非公開)
    ✨ [新規SKU抽出] 瑞冠 純米大吟醸 山田錦50 [純米大吟醸酒] (米: 山田錦, 精米: 非公開)
    ✨ [新規SKU抽出] 瑞冠 こわっぱ 純米吟醸 亀の尾 [純米吟醸酒] (米: 亀の尾, 精米: 非公開)
    ✨ [新規SKU抽出] いい風 花 純米吟醸 広島雄町 [純米吟醸酒] (米: 雄町, 精米: 非公開)
    ✨ [新規SKU抽出] 瑞冠 純米吟醸 きもと仕込み [純米吟醸酒] (米: 国産米, 精米: 非公開)
    ✨ [新規SKU抽出] 瑞冠 純米吟醸 ゆめせんぼん [純米吟醸酒] (米: 国産米, 精米: 非公開)
    ✨ [新規SKU抽出] 瑞冠 純米吟醸 [純米吟醸酒] (米: 国産米, 精米: 非公開)
    ✨ [新規SKU抽出] 瑞冠 純米酒 [純米酒] (米: 国産米, 精米: 非公開)
    ✨ [新規SKU抽出] 瑞冠 新鮮組 純米吟醸 しずく生酒 [純米吟醸酒] (米: 国産米, 精米: 非公開)
    ✨ [新規SKU抽出] 送料込み名入れギフト純米大吟醸 きもと35 [純米大吟醸酒] (米: 国産米, 精米: 非公開)
    ✨ [新規SKU抽出] 送料込み名入れギフト 純米大吟醸 亀の尾 [純米大吟醸酒] (米: 亀の尾, 精米: 非公開)
    ✨ [新規SKU抽出] 瑞冠 氷温熟成 純米 山田錦生原酒 [純米酒] (米: 山田錦, 精米: 非公開)
    ✨ [新規SKU抽出] 瑞冠 こわっぱの雪あそび 純米しぼりたて生酒 [純米酒] (米: 国産米, 精米: 非公開)
    ✨ [新規SKU抽出] 瑞冠 純米ぺてぃあん　紅麹スパークリング生酒 Alc.11％ [純米酒] (米: 国産米, 精米: 非公開)
    ✨ [新規SKU抽出] 瑞冠 純米大吟醸　きもとしずく 秘蔵酒 [純米大吟醸酒] (米: 国産米, 精米: 非公開)
    ✨ [新規SKU抽出] 瑞冠 純米大吟醸 雄町40 [純米大吟醸酒] (米: 雄町, 精米: 非公開)
    ✨ [新規SKU抽出] 瑞冠　熟成2013年産　山廃 純米吟醸 [純米吟醸酒] (米: 国産米, 精米: 非公開)
    ✨ [新規SKU抽出] いい風 花　-3℃氷温熟成 純米吟醸生酒 [純米吟醸酒] (米: 国産米, 精米: 非公開)
    ✨ [新規SKU抽出] いい風 花 純米吟醸 しずく生酒 [純米吟醸酒] (米: 国産米, 精米: 非公開)
    ✨ [新規SKU抽出] 瑞冠 純米にごり 極濁生原酒 [純米酒] (米: 国産米, 精米: 非公開)
    ✨ [新規SKU抽出] 瑞冠 クローバー　LeG-爽酵母　12％ 純米吟醸原酒 [純米吟醸酒] (米: 国産米, 精米: 非公開)
    ✨ [新規SKU抽出] 瑞冠 こわっぱの夏休み 純米吟醸 亀の尾 [純米吟醸酒] (米: 亀の尾, 精米: 非公開)
  👉 山岡酒造株式会社: 26 件の新規SKUを深層クローリングにより追加登録
[1161/1376] 🏭 ID 7908: 生熊酒造株式会社 (広島県) - http://ikumashuzo.com/
[1162/1376] 🏭 ID 7910: 江田島銘醸株式会社 (広島県) - https://www.doukinosakura.jp/
[1163/1376] 🏭 ID 7911: 榎酒造株式会社 (広島県) - https://hanahato.ocnk.net/
    ✨ [新規SKU抽出] にごり酒 [普通酒] (米: 国産米, 精米: 非公開)
    ✨ [新規SKU抽出] 例年人気の純米吟醸無濾過原酒ぶどうラベルが登場！ [純米吟醸酒] (米: 国産米, 精米: 非公開)
    ✨ [新規SKU抽出] 華鳩 夏の特別純米酒『すいかラベル』 [特別純米酒] (米: 国産米, 精米: 非公開)
    ✨ [新規SKU抽出] 華鳩　秋の純米吟醸無濾過原酒（ぶどうラベル） [純米吟醸酒] (米: 国産米, 精米: 非公開)
    ✨ [新規SKU抽出] 華鳩　夏の貴醸酒にごり酒 [普通酒] (米: 国産米, 精米: 非公開)
    ✨ [新規SKU抽出] 華鳩山田錦大吟醸原酒 [大吟醸酒] (米: 山田錦, 精米: 非公開)
    ✨ [新規SKU抽出] 華鳩 山田錦純米大吟醸(化粧箱入) [純米大吟醸酒] (米: 山田錦, 精米: 非公開)
    ✨ [新規SKU抽出] 華鳩 純米大吟醸『萌えいぶき』 [純米大吟醸酒] (米: 国産米, 精米: 非公開)
    ✨ [新規SKU抽出] しぼり花ハト　特A純米大吟醸無濾過生原酒VI [純米大吟醸酒] (米: 国産米, 精米: 非公開)
    ✨ [新規SKU抽出] しぼり花ハト　八反錦純米吟醸無濾過生原酒V [純米吟醸酒] (米: 八反錦, 精米: 非公開)
    ✨ [新規SKU抽出] しぼり花ハト　キモト純米無濾過生原酒IV [純米酒] (米: 国産米, 精米: 非公開)
    ✨ [新規SKU抽出] しぼり花ハト　純米吟醸中汲み無濾過生原酒II [純米吟醸酒] (米: 国産米, 精米: 非公開)
    ✨ [新規SKU抽出] 華鳩 貴醸酒の生にごり酒 [普通酒] (米: 国産米, 精米: 非公開)
    ✨ [新規SKU抽出] しぼり花ハト　初しぼり八反錦純米吟醸無濾過生原酒I [純米吟醸酒] (米: 八反錦, 精米: 非公開)
    ✨ [新規SKU抽出] 華鳩 生にごり酒 [普通酒] (米: 国産米, 精米: 非公開)
    ✨ [新規SKU抽出] 華鳩 にごり酒 [普通酒] (米: 国産米, 精米: 非公開)
    ✨ [新規SKU抽出] 華鳩 純米吟醸中汲み [純米吟醸酒] (米: 国産米, 精米: 非公開)
    ✨ [新規SKU抽出] 華鳩 『杜氏自ら育てた米で醸した特別純米酒』 [特別純米酒] (米: 国産米, 精米: 非公開)
    ✨ [新規SKU抽出] 華鳩 『辛口』純米吟醸酒（黒ラベル） [純米吟醸酒] (米: 国産米, 精米: 非公開)
    ✨ [新規SKU抽出] しぼり花ハト さわやか貴醸酒無濾過生原酒(9) [普通酒] (米: 国産米, 精米: 非公開)
    ✨ [新規SKU抽出] 華鳩　大吟醸酒粕 [大吟醸酒] (米: 国産米, 精米: 非公開)
    ✨ [新規SKU抽出] 華鳩　純米大吟醸酒粕 [純米大吟醸酒] (米: 国産米, 精米: 非公開)
    ✨ [新規SKU抽出] 華鳩斗瓶取り山田錦大吟醸袋吊りR6BY [大吟醸酒] (米: 山田錦, 精米: 非公開)
    ✨ [新規SKU抽出] 画像1: 華鳩　夏の貴醸酒にごり酒 [普通酒] (米: 国産米, 精米: 非公開)
    ✨ [新規SKU抽出] 貴醸酒ならではの濃厚で甘口のにごり酒です。 [普通酒] (米: 国産米, 精米: 非公開)
    ✨ [新規SKU抽出] ご安心ください。このにごり酒は貴醸酒の新酒タイプで爽やかです。 [普通酒] (米: 国産米, 精米: 非公開)
    ✨ [新規SKU抽出] 米(国産)、米こうじ(国産米)、清酒(純米酒、国産米) [純米酒] (米: 国産米, 精米: 非公開)
    ✨ [新規SKU抽出] 画像1: 華鳩 貴醸酒の生にごり酒 [普通酒] (米: 国産米, 精米: 非公開)
    ✨ [新規SKU抽出] 水の代わりに酒で造る、『貴醸酒（きじょうしゅ）』の生にごり酒です。 [普通酒] (米: 国産米, 精米: 非公開)
    ✨ [新規SKU抽出] (貴醸酒のにごり酒）はあります。 [普通酒] (米: 国産米, 精米: 非公開)
    ✨ [新規SKU抽出] 米（国産）、米こうじ（国産米）、清酒（純米酒、国産米） [純米酒] (米: 国産米, 精米: 非公開)
    ✨ [新規SKU抽出] 華鳩 辛口本醸造 [本醸造酒] (米: 国産米, 精米: 非公開)
    ✨ [新規SKU抽出] お酒としては、大吟醸で培われた技術も使いながらも普段にお飲みいただける価格設定です。 [大吟醸酒] (米: 国産米, 精米: 非公開)
    ✨ [新規SKU抽出] そんな蔵の全体が垣間みれるのが純米吟醸です。 [純米吟醸酒] (米: 国産米, 精米: 非公開)
    ✨ [新規SKU抽出] 華鳩 純米吟醸 [純米吟醸酒] (米: 国産米, 精米: 非公開)
    ✨ [新規SKU抽出] 華鳩『ちからいっぱい今を咲く』純米吟醸 [純米吟醸酒] (米: 国産米, 精米: 非公開)
    ✨ [新規SKU抽出] 華鳩 番外酒　純米吟醸 [純米吟醸酒] (米: 国産米, 精米: 非公開)
    ✨ [新規SKU抽出] 清盛 純米吟醸 [純米吟醸酒] (米: 国産米, 精米: 非公開)
    ✨ [新規SKU抽出] 清盛 ミニ菰樽　特選純米吟醸 [純米吟醸酒] (米: 国産米, 精米: 非公開)
    ✨ [新規SKU抽出] 華鳩 特選純米吟醸酒 [純米吟醸酒] (米: 国産米, 精米: 非公開)
    ✨ [新規SKU抽出] 清盛 特選純米吟醸 [純米吟醸酒] (米: 国産米, 精米: 非公開)
  👉 榎酒造株式会社: 41 件の新規SKUを深層クローリングにより追加登録
[1164/1376] 🏭 ID 7912: 林酒造株式会社 (広島県) - https://hayashi-shuzo.com/
    ✨ [新規SKU抽出] 本数限定 特別純米酒 三谷春 [特別純米酒] (米: 国産米, 精米: 非公開)
    ✨ [新規SKU抽出] 本数限定 純米吟醸 三谷春 [純米吟醸酒] (米: 国産米, 精米: 非公開)
    ✨ [新規SKU抽出] 梅酒 潤 プレミアム [リキュール] (米: 国産米, 精米: 非公開)
    ✨ [新規SKU抽出] 梅酒 潤 [リキュール] (米: 国産米, 精米: 非公開)
    ✨ [新規SKU抽出] 吟醸 剛吉 [吟醸酒] (米: 国産米, 精米: 非公開)
    ✨ [新規SKU抽出] 生酛 純米大吟醸 六代目 [純米大吟醸酒] (米: 国産米, 精米: 非公開)
    ✨ [新規SKU抽出] スパークリング [普通酒] (米: 国産米, 精米: 非公開)
    ✨ [新規SKU抽出] 発砲にごり酒・しぼりたて・生酒｜ [普通酒] (米: 国産米, 精米: 非公開)
    ✨ [新規SKU抽出] 発砲にごり酒 [普通酒] (米: 国産米, 精米: 非公開)
    ✨ [新規SKU抽出] しぼりたて [普通酒] (米: 国産米, 精米: 非公開)
    ✨ [新規SKU抽出] 三谷春 純米大吟醸（ブルー）・大吟醸セット [純米大吟醸酒] (米: 国産米, 精米: 非公開)
    ✨ [新規SKU抽出] 三谷春 大吟醸 [大吟醸酒] (米: 国産米, 精米: 非公開)
    ✨ [新規SKU抽出] 三谷春 純米大吟醸・大吟醸・甘酒セット [純米大吟醸酒] (米: 国産米, 精米: 非公開)
    ✨ [新規SKU抽出] 三谷春 特別贈答用大吟醸セット（白山紬） [大吟醸酒] (米: 国産米, 精米: 非公開)
    ✨ [新規SKU抽出] 大吟醸三冠メダル [大吟醸酒] (米: 国産米, 精米: 非公開)
    ✨ [新規SKU抽出] 原材料名：清酒（本醸造）・梅（安芸津産）・糖類 [本醸造酒] (米: 国産米, 精米: 非公開)
    ✨ [新規SKU抽出] 純米酒 三谷春 [純米酒] (米: 国産米, 精米: 非公開)
    ✨ [新規SKU抽出] 三谷春 純米大吟醸 [純米大吟醸酒] (米: 国産米, 精米: 非公開)
  👉 林酒造株式会社: 18 件の新規SKUを深層クローリングにより追加登録
[1165/1376] 🏭 ID 7914: 合名会社梅田酒造場 (広島県) - https://www.honshu-ichi.com/
    ✨ [新規SKU抽出] 純米大吟醸・大吟醸 [純米大吟醸酒] (米: 国産米, 精米: 非公開)
    ✨ [新規SKU抽出] 純米吟醸・吟醸酒 [純米吟醸酒] (米: 国産米, 精米: 非公開)
    ✨ [新規SKU抽出] 純米酒・本醸造 [本醸造酒] (米: 国産米, 精米: 非公開)
    ✨ [新規SKU抽出] にごり酒・古酒・その他 [普通酒] (米: 国産米, 精米: 非公開)
    ✨ [新規SKU抽出] 本洲一　無濾過純米吟醸 [純米吟醸酒] (米: 国産米, 精米: 非公開)
    ✨ [新規SKU抽出] 本洲一　無濾過純米酒 [純米酒] (米: 国産米, 精米: 非公開)
    ✨ [新規SKU抽出] 本洲一　純米大吟醸 [純米大吟醸酒] (米: 国産米, 精米: 非公開)
    ✨ [新規SKU抽出] 本洲一　飲み比べギフト 大吟醸原酒＆純米吟醸原酒 [純米吟醸酒] (米: 国産米, 精米: 非公開)
    ✨ [新規SKU抽出] 本洲一　飲み比べギフト 大吟醸原酒＆無濾過純米吟醸 [純米吟醸酒] (米: 国産米, 精米: 非公開)
    ✨ [新規SKU抽出] 本洲一　にごり酒 [普通酒] (米: 国産米, 精米: 非公開)
    ✨ [新規SKU抽出] 本洲一　純米吟醸 [純米吟醸酒] (米: 国産米, 精米: 非公開)
    ✨ [新規SKU抽出] 本洲一　大吟醸原酒 [大吟醸酒] (米: 国産米, 精米: 非公開)
    ✨ [新規SKU抽出] 本洲一　無濾過本醸造 [本醸造酒] (米: 国産米, 精米: 非公開)
    ✨ [新規SKU抽出] 本洲一　飲み比べギフト 純米吟醸原酒＆吟醸酒 [純米吟醸酒] (米: 国産米, 精米: 非公開)
    ✨ [新規SKU抽出] 本洲一　無濾過純米酒の数量を減らす [純米酒] (米: 国産米, 精米: 非公開)
    ✨ [新規SKU抽出] 本洲一　無濾過純米酒の数量を増やす [純米酒] (米: 国産米, 精米: 非公開)
    ✨ [新規SKU抽出] 広島の酒造好適米「千本錦」を歩合65％まで精白し、広島吟醸酵母で仕込みました。 [吟醸酒] (米: 国産米, 精米: 非公開)
    ✨ [新規SKU抽出] 華やかな香りとふくよかな味わいのバランスのとれた純米酒です。 [純米酒] (米: 国産米, 精米: 非公開)
    ✨ [新規SKU抽出] 「本洲一無濾過純米吟醸」　(カテゴリー：純米吟醸) [純米吟醸酒] (米: 国産米, 精米: 非公開)
    ✨ [新規SKU抽出] 「本洲一無濾過純米酒」　(カテゴリー：純米酒) [純米酒] (米: 国産米, 精米: 非公開)
    ✨ [新規SKU抽出] 「本洲一無濾過本醸造」　(カテゴリー：本醸造) [本醸造酒] (米: 国産米, 精米: 非公開)
    ✨ [新規SKU抽出] 「本洲一にごり酒」　(カテゴリー：古酒その他) [普通酒] (米: 国産米, 精米: 非公開)
    ✨ [新規SKU抽出] <本洲一大吟醸原酒> [大吟醸酒] (米: 国産米, 精米: 非公開)
    ✨ [新規SKU抽出] 〈本洲一　しぼりたて純米吟醸〉 [純米吟醸酒] (米: 国産米, 精米: 非公開)
    ✨ [新規SKU抽出] 本洲一　無濾過純米吟醸の数量を減らす [純米吟醸酒] (米: 国産米, 精米: 非公開)
    ✨ [新規SKU抽出] 本洲一　無濾過純米吟醸の数量を増やす [純米吟醸酒] (米: 国産米, 精米: 非公開)
    ✨ [新規SKU抽出] 広島の酒造好適米「千本錦」を歩合60％まで精白し、広島吟醸酵母で仕込みました。 [吟醸酒] (米: 国産米, 精米: 非公開)
    ✨ [新規SKU抽出] 本洲一　にごり酒の数量を減らす [普通酒] (米: 国産米, 精米: 非公開)
    ✨ [新規SKU抽出] 本洲一　にごり酒の数量を増やす [普通酒] (米: 国産米, 精米: 非公開)
    ✨ [新規SKU抽出] 濃醇な甘味とスッキリとした後味が独特で、デザート感覚でも楽しめるにごり酒です。 [普通酒] (米: 国産米, 精米: 非公開)
  👉 合名会社梅田酒造場: 30 件の新規SKUを深層クローリングにより追加登録
[1166/1376] 🏭 ID 7915: 旭鳳酒造株式会社 (広島県) - http://kyokuhou.co.jp/
[1167/1376] 🏭 ID 7916: 小野酒造株式会社 (広島県) - http://oigame.co.jp/index.php
[1168/1376] 🏭 ID 7918: 賀茂鶴酒造株式会社 (広島県) - https://www.kamotsuru.jp/
    ✨ [新規SKU抽出] 大吟醸 吉祥 賀茂鶴 [大吟醸酒] (米: 国産米, 精米: 非公開)
    ✨ [新規SKU抽出] 大吟醸 賀茂鶴 双鶴 [大吟醸酒] (米: 国産米, 精米: 非公開)
    ✨ [新規SKU抽出] 大吟醸 天凜 [大吟醸酒] (米: 国産米, 精米: 非公開)
    ✨ [新規SKU抽出] 大吟醸 特製ゴールド賀茂鶴 [大吟醸酒] (米: 国産米, 精米: 非公開)
    ✨ [新規SKU抽出] 純米大吟醸 大吟峰 [純米大吟醸酒] (米: 国産米, 精米: 非公開)
    ✨ [新規SKU抽出] 賀茂鶴 鶴寿セット 純米大吟醸・大吟醸　（SKJ-50） [純米大吟醸酒] (米: 国産米, 精米: 非公開)
    ✨ [新規SKU抽出] 賀茂鶴 鶴寿セット 純米吟醸・吟醸 （SKJ-30） [純米吟醸酒] (米: 国産米, 精米: 非公開)
    ✨ [新規SKU抽出] 蔵元限定酒純米大吟醸 広島錦 精米歩合38% 超辛口 [純米大吟醸酒] (米: 国産米, 精米: 38%)
    ✨ [新規SKU抽出] オリジナルラベル純米大吟醸 大吟峰 [純米大吟醸酒] (米: 国産米, 精米: 非公開)
    ✨ [新規SKU抽出] 龍が如く日本酒 純米大吟醸春日一番 生誕記念セットオリジナルおちょこ(盃)付き [純米大吟醸酒] (米: 国産米, 精米: 非公開)
    ✨ [新規SKU抽出] 大吟醸 吟凛雅 [大吟醸酒] (米: 国産米, 精米: 非公開)
    ✨ [新規SKU抽出] 純米大吟醸 瑞兆賀茂鶴 [純米大吟醸酒] (米: 国産米, 精米: 非公開)
    ✨ [新規SKU抽出] スパークリング日本酒 賀茂鶴光壽 [普通酒] (米: 国産米, 精米: 非公開)
    ✨ [新規SKU抽出] 純米大吟醸 広島錦 [純米大吟醸酒] (米: 国産米, 精米: 非公開)
    ✨ [新規SKU抽出] 純米大吟醸　広系酒33号 [純米大吟醸酒] (米: 国産米, 精米: 非公開)
    ✨ [新規SKU抽出] 純米吟醸 一滴入魂 [純米吟醸酒] (米: 国産米, 精米: 非公開)
    ✨ [新規SKU抽出] 特別本醸造 超特撰特等酒 [特別本醸造酒] (米: 国産米, 精米: 非公開)
    ✨ [新規SKU抽出] 純米吟醸古酒仕込 梅酒 [純米吟醸酒] (米: 国産米, 精米: 非公開)
    ✨ [新規SKU抽出] 取扱い店限定酒酒中在心 鶯 純米大吟醸　山田錦 [純米大吟醸酒] (米: 山田錦, 精米: 非公開)
    ✨ [新規SKU抽出] 取扱い店限定酒酒中在心 橙 純米吟醸 生もと 八反35号 [純米吟醸酒] (米: 国産米, 精米: 非公開)
    ✨ [新規SKU抽出] 取扱い店限定酒酒中在心 藍 特別純米酒 生もと 雄町 [特別純米酒] (米: 雄町, 精米: 非公開)
    ✨ [新規SKU抽出] 取扱い店限定酒酒中在心 茜 純米酒　広島錦 [純米酒] (米: 国産米, 精米: 非公開)
  👉 賀茂鶴酒造株式会社: 22 件の新規SKUを深層クローリングにより追加登録
[1169/1376] 🏭 ID 7919: 福美人酒造株式会社 (広島県) - https://fukubijin.co.jp/
[1170/1376] 🏭 ID 7920: 白牡丹酒造株式会社 (広島県) - https://hakubotan.co.jp/
[1171/1376] 🏭 ID 7923: 賀茂泉酒造株式会社 (広島県) - https://www.kamoizumi.co.jp/
    ✨ [新規SKU抽出] 酒づくり｜東広島市　西条　こだわりの純米酒　賀茂泉酒造 [純米酒] (米: 国産米, 精米: 非公開)
    ✨ [新規SKU抽出] 酒｜東広島市　西条　こだわりの純米酒　賀茂泉酒造 [純米酒] (米: 国産米, 精米: 非公開)
    ✨ [新規SKU抽出] 純米吟醸酒 [純米吟醸酒] (米: 国産米, 精米: 非公開)
    ✨ [新規SKU抽出] 梅酒・低アルコール酒 [リキュール] (米: 国産米, 精米: 非公開)
    ✨ [新規SKU抽出] 「青泉純米吟醸生酒」 [純米吟醸酒] (米: 国産米, 精米: 非公開)
    ✨ [新規SKU抽出] 酒質：純米吟醸酒　精米歩合：60% [純米吟醸酒] (米: 国産米, 精米: 60%)
    ✨ [新規SKU抽出] 「純米吟醸生原酒　RockHopper」 [純米吟醸酒] (米: 国産米, 精米: 非公開)
    ✨ [新規SKU抽出] 「造賀純米酒　ひやおろし」 [純米酒] (米: 国産米, 精米: 非公開)
    ✨ [新規SKU抽出] 純米酒　‘はじめ’ [純米酒] (米: 国産米, 精米: 非公開)
    ✨ [新規SKU抽出] 「純米梅酒」 [純米酒] (米: 国産米, 精米: 非公開)
    ✨ [新規SKU抽出] 賀茂泉の純米梅酒。 [純米酒] (米: 国産米, 精米: 非公開)
  👉 賀茂泉酒造株式会社: 11 件の新規SKUを深層クローリングにより追加登録
[1172/1376] 🏭 ID 7924: 山陽鶴酒造株式会社 (広島県) - https://sanyotsuru.jp/
    ✨ [新規SKU抽出] 大吟醸・本醸造など [大吟醸酒] (米: 国産米, 精米: 非公開)
    ✨ [新規SKU抽出] 純米吟醸・純米酒など [純米吟醸酒] (米: 国産米, 精米: 非公開)
    ✨ [新規SKU抽出] ・純米酒 生しぼりたて [純米酒] (米: 国産米, 精米: 非公開)
    ✨ [新規SKU抽出] ・純米吟醸 しぼりたて [純米吟醸酒] (米: 国産米, 精米: 非公開)
    ✨ [新規SKU抽出] しぼりたてならではの、みずみずしく力強い香りと味わいをぜひご堪能ください。 [普通酒] (米: 国産米, 精米: 非公開)
  👉 山陽鶴酒造株式会社: 5 件の新規SKUを深層クローリングにより追加登録
[1173/1376] 🏭 ID 7925: 金光酒造合資会社 (広島県) - https://kamokin.com/
[1174/1376] 🏭 ID 7926: 向原酒造株式会社 (広島県) - https://mukai-zakura.com/index.html
[1175/1376] 🏭 ID 7929: 株式会社小泉本店 (広島県) - http://www2u.biglobe.ne.jp/~mi-yuki/
    ✨ [新規SKU抽出] 純米酒<みゆき宮島さん> [純米酒] (米: 国産米, 精米: 非公開)
  👉 株式会社小泉本店: 1 件の新規SKUを深層クローリングにより追加登録
[1176/1376] 🏭 ID 7930: 津田酒造株式会社 (広島県) - https://tsudasyuzo.com/
    ✨ [新規SKU抽出] 「清酒　島の香」をはじめ、純米酒、純米吟醸酒など [純米吟醸酒] (米: 国産米, 精米: 非公開)
    ✨ [新規SKU抽出] 純米酒 月夜の宝島 [純米酒] (米: 国産米, 精米: 非公開)
    ✨ [新規SKU抽出] 純米吟醸・氣（ふうき） [純米吟醸酒] (米: 国産米, 精米: 非公開)
    ✨ [新規SKU抽出] 吟醸酒・華ほたる [吟醸酒] (米: 国産米, 精米: 非公開)
    ✨ [新規SKU抽出] しぼりたて生原酒 [普通酒] (米: 国産米, 精米: 非公開)
    ✨ [新規SKU抽出] にごり酒 [普通酒] (米: 国産米, 精米: 非公開)
    ✨ [新規SKU抽出] 本醸造・かぐや [本醸造酒] (米: 国産米, 精米: 非公開)
    ✨ [新規SKU抽出] 吟醸ならではの芳香。 [吟醸酒] (米: 国産米, 精米: 非公開)
    ✨ [新規SKU抽出] パワー溢れる純米酒。 [純米酒] (米: 国産米, 精米: 非公開)
    ✨ [新規SKU抽出] 島の香・しぼりたて生原酒 [普通酒] (米: 国産米, 精米: 非公開)
    ✨ [新規SKU抽出] 島の香・うまいにごり酒 [普通酒] (米: 国産米, 精米: 非公開)
    ✨ [新規SKU抽出] 夏季限定・吟醸 華ほたる [吟醸酒] (米: 国産米, 精米: 非公開)
    ✨ [新規SKU抽出] 吟醸・華ほたる [吟醸酒] (米: 国産米, 精米: 非公開)
    ✨ [新規SKU抽出] 芳醇な香り漂う限定の吟醸酒。 [吟醸酒] (米: 国産米, 精米: 非公開)
    ✨ [新規SKU抽出] 純米酒、純米吟醸酒など 飲みやすくみやすく飲み飽きない [純米吟醸酒] (米: 国産米, 精米: 非公開)
    ✨ [新規SKU抽出] 島の香・しぼりたて生原酒（1月～3月） [普通酒] (米: 国産米, 精米: 非公開)
    ✨ [新規SKU抽出] 季節限定銘柄「島の香　しぼりたて・生原酒」2024 [普通酒] (米: 国産米, 精米: 非公開)
    ✨ [新規SKU抽出] 島の香・うまいにごり酒（12月下旬～翌3月） [普通酒] (米: 国産米, 精米: 非公開)
    ✨ [新規SKU抽出] 季節限定銘柄「島の香・うまいにごり酒」2024 [普通酒] (米: 国産米, 精米: 非公開)
    ✨ [新規SKU抽出] 季節限定銘柄「本醸造・かぐや」2023 [本醸造酒] (米: 国産米, 精米: 非公開)
    ✨ [新規SKU抽出] 季節限定銘柄「島の香　しぼりたて・生原酒」 [普通酒] (米: 国産米, 精米: 非公開)
    ✨ [新規SKU抽出] 季節限定銘柄「島の香・うまいにごり酒」 [普通酒] (米: 国産米, 精米: 非公開)
    ✨ [新規SKU抽出] 火入れせず出来立てを瓶に詰めたにごり酒。 [普通酒] (米: 国産米, 精米: 非公開)
    ✨ [新規SKU抽出] にごり酒は、瓶を縦して保存ください。 [普通酒] (米: 国産米, 精米: 非公開)
  👉 津田酒造株式会社: 24 件の新規SKUを深層クローリングにより追加登録
[1177/1376] 🏭 ID 7931: 八幡川酒造株式会社 (広島県) - http://yahatagawa.co.jp/
    ✨ [新規SKU抽出] 「活性にごり酒」完売のお知らせ [普通酒] (米: 国産米, 精米: 非公開)
    ✨ [新規SKU抽出] 大吟醸　天鴻 [大吟醸酒] (米: 国産米, 精米: 非公開)
    ✨ [新規SKU抽出] 大吟醸　六義 [大吟醸酒] (米: 国産米, 精米: 非公開)
    ✨ [新規SKU抽出] 純米大吟醸　八幡川 [純米大吟醸酒] (米: 国産米, 精米: 非公開)
    ✨ [新規SKU抽出] ・Kura Master純米大吟醸部門　金賞 [純米大吟醸酒] (米: 国産米, 精米: 非公開)
    ✨ [新規SKU抽出] 純米吟醸　はち [純米吟醸酒] (米: 国産米, 精米: 非公開)
    ✨ [新規SKU抽出] 純米吟醸　COCORO美 [純米吟醸酒] (米: 国産米, 精米: 非公開)
    ✨ [新規SKU抽出] 純米酒　八幡川 [純米酒] (米: 国産米, 精米: 非公開)
    ✨ [新規SKU抽出] 特別純米　宮島正宗 [特別純米酒] (米: 国産米, 精米: 非公開)
    ✨ [新規SKU抽出] 本醸造　俺の金よう日 [本醸造酒] (米: 国産米, 精米: 非公開)
    ✨ [新規SKU抽出] 活性にごり酒 [普通酒] (米: 国産米, 精米: 非公開)
  👉 八幡川酒造株式会社: 11 件の新規SKUを深層クローリングにより追加登録
[1178/1376] 🏭 ID 7932: 株式会社サクラオ ブルワリー アンド ディスティラリー (広島県) - https://www.sakuraobd.co.jp/en/
    ✨ [新規SKU抽出] 全国梅酒品評会2019で「錫杖の梅　にごり梅酒」が金賞を受賞いたしました。 [リキュール] (米: 国産米, 精米: 非公開)
    ✨ [新規SKU抽出] この機会に是非、皆様に「一代 弥山スパークリング」を感じていただければ幸いです。 [普通酒] (米: 国産米, 精米: 非公開)
  👉 株式会社サクラオ ブルワリー アンド ディスティラリー: 2 件の新規SKUを深層クローリングにより追加登録
[1179/1376] 🏭 ID 7933: 株式会社三宅本店 (広島県) - https://sempuku.co.jp/
[1180/1376] 🏭 ID 7936: 相原酒造株式会社 (広島県) - http://www.ugonotsuki.com/
[1181/1376] 🏭 ID 8817: 尾﨑酒造株式会社 (和歌山県) - https://ozakisyuzou.jp/
    ✨ [新規SKU抽出] 本醸造酒 [本醸造酒] (米: 国産米, 精米: 非公開)
    ✨ [新規SKU抽出] リキュール [リキュール] (米: 国産米, 精米: 非公開)
    ✨ [新規SKU抽出] 太平洋 大吟醸 [大吟醸酒] (米: 国産米, 精米: 非公開)
    ✨ [新規SKU抽出] 吟醸酒 熊野三山 [吟醸酒] (米: 国産米, 精米: 非公開)
    ✨ [新規SKU抽出] 吟醸酒　潮岬 [吟醸酒] (米: 国産米, 精米: 非公開)
    ✨ [新規SKU抽出] 純米吟醸 太平洋 [純米吟醸酒] (米: 国産米, 精米: 非公開)
    ✨ [新規SKU抽出] 純米吟醸 鯨えびすカップ [純米吟醸酒] (米: 国産米, 精米: 非公開)
    ✨ [新規SKU抽出] 太平洋 山廃仕込み 特別純米酒 [特別純米酒] (米: 国産米, 精米: 非公開)
    ✨ [新規SKU抽出] 特別純米 辛口 太平洋 [特別純米酒] (米: 国産米, 精米: 非公開)
    ✨ [新規SKU抽出] 太平洋 純米酒 [純米酒] (米: 国産米, 精米: 非公開)
    ✨ [新規SKU抽出] 純米酒　くまの那智の滝 [純米酒] (米: 国産米, 精米: 非公開)
    ✨ [新規SKU抽出] 太平洋 本醸造酒 [本醸造酒] (米: 国産米, 精米: 非公開)
    ✨ [新規SKU抽出] 太平洋　しぼりたて生原酒 [普通酒] (米: 国産米, 精米: 非公開)
    ✨ [新規SKU抽出] 本格米焼酎熊野水軍 [本格焼酎] (米: 国産米, 精米: 非公開)
    ✨ [新規SKU抽出] 備長炭のしらべ（梅酒） [リキュール] (米: 国産米, 精米: 非公開)
    ✨ [新規SKU抽出] 山廃仕込み特有の、濃厚な香味と酸味の調和がとれた個性豊かな純米酒です。 [純米酒] (米: 国産米, 精米: 非公開)
    ✨ [新規SKU抽出] 山廃仕込みとは、正式には山御廃止酛（もと）と呼称する。 [普通酒] (米: 国産米, 精米: 非公開)
    ✨ [新規SKU抽出] 特別純米酒（山廃仕込み） [特別純米酒] (米: 国産米, 精米: 非公開)
    ✨ [新規SKU抽出] ＧＩ和歌山梅酒認定商品 [リキュール] (米: 国産米, 精米: 非公開)
    ✨ [新規SKU抽出] プラチナ賞受賞　備長炭のしらべ（梅酒） [リキュール] (米: 国産米, 精米: 非公開)
    ✨ [新規SKU抽出] 2025年　ミラノ酒チャレンジ2025 吟醸部門 銀賞・グッドデザイン賞 ダブル受賞 [吟醸酒] (米: 国産米, 精米: 非公開)
    ✨ [新規SKU抽出] 2019年　インターナショナル・サケ・チャレンジ　純米酒部門　ブロンズ賞 [純米酒] (米: 国産米, 精米: 非公開)
  👉 尾﨑酒造株式会社: 22 件の新規SKUを深層クローリングにより追加登録
[1182/1376] 🏭 ID 8818: 髙垣酒造株式会社 (和歌山県) - http://takagakishuzo.com/
[1184/1376] 🏭 ID 8820: 株式会社九重雜賀 (和歌山県) - https://kokonoesaika.co.jp/
    ✨ [新規SKU抽出] 九重雜賀公式赤酢・日本酒・梅酒を醸している和歌山の蔵元 [リキュール] (米: 国産米, 精米: 非公開)
    ✨ [新規SKU抽出] 雑賀　吟醸赤酢 [吟醸酒] (米: 国産米, 精米: 非公開)
    ✨ [新規SKU抽出] 九重雜賀「吟醸赤酢」仕立ての“赤酢しめさば”がジャパンシーフーズより発売 [吟醸酒] (米: 国産米, 精米: 非公開)
    ✨ [新規SKU抽出] メディア掲載「マイベスト」にて雑賀 吟醸赤酢が紹介されました [吟醸酒] (米: 国産米, 精米: 非公開)
  👉 株式会社九重雜賀: 4 件の新規SKUを深層クローリングにより追加登録
[1185/1376] 🏭 ID 8821: 初桜酒造株式会社 (和歌山県) - https://hatsusakura.co.jp/
    ✨ [新規SKU抽出] 秋あがり純米酒1.8l [純米酒] (米: 国産米, 精米: 非公開)
    ✨ [新規SKU抽出] 秋あがり純米酒酒720 [純米酒] (米: 国産米, 精米: 非公開)
    ✨ [新規SKU抽出] 日本酒 地酒酔人日　大吟醸 [大吟醸酒] (米: 国産米, 精米: 非公開)
    ✨ [新規SKU抽出] 日本酒純米大吟醸ほか [純米大吟醸酒] (米: 国産米, 精米: 非公開)
    ✨ [新規SKU抽出] しぼりたて生酒720 [普通酒] (米: 国産米, 精米: 非公開)
    ✨ [新規SKU抽出] 日本酒 地酒紀州かつらぎ川上酒 初桜 しぼりたて生酒 [普通酒] (米: 国産米, 精米: 非公開)
    ✨ [新規SKU抽出] 生原酒720 [普通酒] (米: 国産米, 精米: 非公開)
    ✨ [新規SKU抽出] 日本酒 地酒紀州かつらぎ川上酒 初桜 生原酒 [普通酒] (米: 国産米, 精米: 非公開)
    ✨ [新規SKU抽出] 日本酒 地酒紀州かつらぎ川上酒 初桜 純米吟醸酒「涼」 [純米吟醸酒] (米: 国産米, 精米: 非公開)
    ✨ [新規SKU抽出] 日本酒 地酒紀州かつらぎ川上酒 初桜 純米吟醸酒「青葉祭」 [純米吟醸酒] (米: 国産米, 精米: 非公開)
    ✨ [新規SKU抽出] 純米吟醸酒「青葉祭り」素濾過720ｍｌ [純米吟醸酒] (米: 国産米, 精米: 非公開)
    ✨ [新規SKU抽出] 日本酒 地酒紀州かつらぎ川上酒 初桜 純米吟醸酒「青葉祭り」 [純米吟醸酒] (米: 国産米, 精米: 非公開)
    ✨ [新規SKU抽出] 今年の新純米酒を元に、丁寧に仕上げ、低温貯蔵しました。 [純米酒] (米: 国産米, 精米: 非公開)
    ✨ [新規SKU抽出] 純米吟醸酒「涼」素濾過720ｍｌ [純米吟醸酒] (米: 国産米, 精米: 非公開)
    ✨ [新規SKU抽出] 紀州真田の純米酒 [純米酒] (米: 国産米, 精米: 非公開)
    ✨ [新規SKU抽出] 日本酒 地酒紀州 九度山 「真田忍び」 純米吟醸酒 [純米吟醸酒] (米: 国産米, 精米: 非公開)
  👉 初桜酒造株式会社: 16 件の新規SKUを深層クローリングにより追加登録
[1186/1376] 🏭 ID 8822: 初光酒造株式会社 (和歌山県) - http://yorokobi.jp/
    ✨ [新規SKU抽出] 純米吟醸　おめでとう　ロゴ [純米吟醸酒] (米: 国産米, 精米: 非公開)
    ✨ [新規SKU抽出] 純米大吟醸おめでとう [純米大吟醸酒] (米: 国産米, 精米: 非公開)
    ✨ [新規SKU抽出] 大吟醸を込めて！「純米大吟醸　おめでとう」 [純米大吟醸酒] (米: 国産米, 精米: 非公開)
    ✨ [新規SKU抽出] 純米大吟醸「おめでとう」はこちら>> [純米大吟醸酒] (米: 国産米, 精米: 非公開)
    ✨ [新規SKU抽出] 純米大吟醸　おめでとう [純米大吟醸酒] (米: 国産米, 精米: 非公開)
    ✨ [新規SKU抽出] 純米吟醸　おめでとう [純米吟醸酒] (米: 国産米, 精米: 非公開)
    ✨ [新規SKU抽出] 本醸造　おめでとう [本醸造酒] (米: 国産米, 精米: 非公開)
    ✨ [新規SKU抽出] 本醸造　よろこびの酒リングラベル [本醸造酒] (米: 国産米, 精米: 非公開)
    ✨ [新規SKU抽出] 純米吟醸　よろこびの酒リングラベル [純米吟醸酒] (米: 国産米, 精米: 非公開)
    ✨ [新規SKU抽出] 長熟純米吟醸　爪剥酒（つまむきのさけ） [純米吟醸酒] (米: 国産米, 精米: 非公開)
    ✨ [新規SKU抽出] 長熟純米吟醸　よろこびの竹 [純米吟醸酒] (米: 国産米, 精米: 非公開)
    ✨ [新規SKU抽出] 長熟純米吟醸 [純米吟醸酒] (米: 国産米, 精米: 非公開)
    ✨ [新規SKU抽出] 純米酒　ワールドカップ [純米酒] (米: 国産米, 精米: 非公開)
    ✨ [新規SKU抽出] 純米酒　ワールドカップ　カップ酒 [純米酒] (米: 国産米, 精米: 非公開)
    ✨ [新規SKU抽出] 菰樽　本醸造おめでとう　国産杉樽 [本醸造酒] (米: 国産米, 精米: 非公開)
  👉 初光酒造株式会社: 15 件の新規SKUを深層クローリングにより追加登録
[1187/1376] 🏭 ID 8823: 平和酒造株式会社 (和歌山県) - https://www.heiwashuzo.co.jp/
[1188/1376] 🏭 ID 8824: 通宝酒造株式会社 (和歌山県) - https://www.takarashuzo.co.jp/
    ✨ [新規SKU抽出] 全量芋焼酎「ISAINA」 [本格焼酎] (米: 国産米, 精米: 非公開)
    ✨ [新規SKU抽出] 梅酒・リキュール [リキュール] (米: 国産米, 精米: 非公開)
    ✨ [新規SKU抽出] >  梅酒・リキュール [リキュール] (米: 国産米, 精米: 非公開)
    ✨ [新規SKU抽出] 「南高梅のおいしい梅酒」エコパウチ [リキュール] (米: 国産米, 精米: 非公開)
    ✨ [新規SKU抽出] 南高梅のおいしい梅酒 [リキュール] (米: 国産米, 精米: 非公開)
    ✨ [新規SKU抽出] 寶 和リキュール「産地めぐり」シリーズ [リキュール] (米: 国産米, 精米: 非公開)
    ✨ [新規SKU抽出] 寶 こだわり梅酒シリーズ [リキュール] (米: 国産米, 精米: 非公開)
    ✨ [新規SKU抽出] 梅酒いっぱい [リキュール] (米: 国産米, 精米: 非公開)
    ✨ [新規SKU抽出] その他、宝酒造の取扱いリキュール製品につきましては、こちらよりご覧いただけます。 [リキュール] (米: 国産米, 精米: 非公開)
    ✨ [新規SKU抽出] 梅酒で簡単アレンジレシピ [リキュール] (米: 国産米, 精米: 非公開)
    ✨ [新規SKU抽出] 寶 和リキュール「産地めぐり」＜宮崎ライチ＞新発売 [リキュール] (米: 国産米, 精米: 非公開)
    ✨ [新規SKU抽出] 寶 和リキュール「産地めぐり」WEBサイトリニューアル [リキュール] (米: 国産米, 精米: 非公開)
    ✨ [新規SKU抽出] ホームメイドリキュールの作り方 [リキュール] (米: 国産米, 精米: 非公開)
  👉 通宝酒造株式会社: 13 件の新規SKUを深層クローリングにより追加登録
[1189/1376] 🏭 ID 8825: 中野BC株式会社 (和歌山県) - http://www.nakano-group.co.jp
    ✨ [新規SKU抽出] 梅酒・梅果汁 紀州和歌山からお届け致します、中野BC。 [リキュール] (米: 国産米, 精米: 非公開)
    ✨ [新規SKU抽出] 2026年3月17日(火)発売紀州の梅酒とトロピカルマンゴー [リキュール] (米: 国産米, 精米: 非公開)
  👉 中野BC株式会社: 2 件の新規SKUを深層クローリングにより追加登録
[1190/1376] 🏭 ID 8827: 株式会社名手酒造店 (和歌山県) - http://kuroushi.com/
[1191/1376] 🏭 ID 8828: 田端酒造株式会社 (和歌山県) - https://rashomon-kuramoto.co.jp/
[1192/1376] 🏭 ID 8829: 祝砲酒造株式会社 (和歌山県) - https://shukuhou.co.jp/
[1193/1376] 🏭 ID 8830: 天長島村酒造株式会社 (和歌山県) - http://tencho-shimamura.jp/
    ✨ [新規SKU抽出] 天長（大吟醸） [大吟醸酒] (米: 国産米, 精米: 非公開)
    ✨ [新規SKU抽出] 純吟（純米吟醸） [純米吟醸酒] (米: 国産米, 精米: 非公開)
    ✨ [新規SKU抽出] 天長（本醸造） [本醸造酒] (米: 国産米, 精米: 非公開)
    ✨ [新規SKU抽出] 八代将軍 吉宗（大吟醸） [大吟醸酒] (米: 国産米, 精米: 非公開)
    ✨ [新規SKU抽出] 吉宗（本醸造） [本醸造酒] (米: 国産米, 精米: 非公開)
    ✨ [新規SKU抽出] 高野山（本醸造） [本醸造酒] (米: 国産米, 精米: 非公開)
    ✨ [新規SKU抽出] 高野山（純米酒） [純米酒] (米: 国産米, 精米: 非公開)
    ✨ [新規SKU抽出] 熊野路（純米酒） [純米酒] (米: 国産米, 精米: 非公開)
    ✨ [新規SKU抽出] 八代将軍　吉宗（大吟醸） [大吟醸酒] (米: 国産米, 精米: 非公開)
  👉 天長島村酒造株式会社: 9 件の新規SKUを深層クローリングにより追加登録
[1194/1376] 🏭 ID 8831: 株式会社世界一統 (和歌山県) - http://www.sekaiitto.co.jp/
    ✨ [新規SKU抽出] 純米吟醸 南方 [純米吟醸酒] (米: 国産米, 精米: 非公開)
    ✨ [新規SKU抽出] 純米吟醸 南方 無濾過生原酒 [純米吟醸酒] (米: 国産米, 精米: 非公開)
    ✨ [新規SKU抽出] 超辛口純米酒 [純米酒] (米: 国産米, 精米: 非公開)
    ✨ [新規SKU抽出] 超辛口純米酒 南方 [純米酒] (米: 国産米, 精米: 非公開)
    ✨ [新規SKU抽出] 超辛口純米酒 南方 無濾過生原酒 [純米酒] (米: 国産米, 精米: 非公開)
    ✨ [新規SKU抽出] 純米大吟醸 南方 山田錦 [純米大吟醸酒] (米: 山田錦, 精米: 非公開)
    ✨ [新規SKU抽出] 純米大吟醸 南方 雄町 [純米大吟醸酒] (米: 雄町, 精米: 非公開)
    ✨ [新規SKU抽出] 大吟醸 南方 極撰 [大吟醸酒] (米: 国産米, 精米: 非公開)
    ✨ [新規SKU抽出] 伝統の大吟醸イチ。 [大吟醸酒] (米: 国産米, 精米: 非公開)
    ✨ [新規SKU抽出] 酒米の芯だけを贅沢に磨き、低温でじっくり醸した香り高い大吟醸酒。 [大吟醸酒] (米: 国産米, 精米: 非公開)
    ✨ [新規SKU抽出] 雑味のないクリアな味わいと、フルーティーな吟醸香が特長です。 [吟醸酒] (米: 国産米, 精米: 非公開)
    ✨ [新規SKU抽出] 超特撰特醸大吟醸 イチ [大吟醸酒] (米: 国産米, 精米: 非公開)
    ✨ [新規SKU抽出] 褒紋大吟醸 イチ [大吟醸酒] (米: 国産米, 精米: 非公開)
    ✨ [新規SKU抽出] 特撰吟醸酒 イチ [吟醸酒] (米: 国産米, 精米: 非公開)
    ✨ [新規SKU抽出] 大吟醸 イチ [大吟醸酒] (米: 国産米, 精米: 非公開)
    ✨ [新規SKU抽出] 辛口本醸造 紀州五十五万石 [本醸造酒] (米: 国産米, 精米: 非公開)
    ✨ [新規SKU抽出] 大吟醸 熊楠 [大吟醸酒] (米: 国産米, 精米: 非公開)
    ✨ [新規SKU抽出] 特撰本醸造 熊楠 [本醸造酒] (米: 国産米, 精米: 非公開)
    ✨ [新規SKU抽出] 特醸大吟醸 熊楠 [大吟醸酒] (米: 国産米, 精米: 非公開)
    ✨ [新規SKU抽出] 和歌山県産の選び抜かれた果実を贅沢に使用した、果実酒リキュールシリーズ。 [リキュール] (米: 国産米, 精米: 非公開)
    ✨ [新規SKU抽出] 和歌のめぐみ 南部の梅酒 [リキュール] (米: 国産米, 精米: 非公開)
    ✨ [新規SKU抽出] 和歌のめぐみ 龍神の柚子酒 極 スパークリング [普通酒] (米: 国産米, 精米: 非公開)
    ✨ [新規SKU抽出] 和歌のめぐみ 南紀の完熟にごり梅酒 [リキュール] (米: 国産米, 精米: 非公開)
    ✨ [新規SKU抽出] 和歌のめぐみ 濃厚マンゴー梅酒 [リキュール] (米: 国産米, 精米: 非公開)
  👉 株式会社世界一統: 24 件の新規SKUを深層クローリングにより追加登録
[1195/1376] 🏭 ID 33101: 株式会社あさ開 (岩手県) - https://www.asabiraki-net.jp/
    ✨ [新規SKU抽出] あさ開　純米大吟醸　極上　旭扇 – 山田錦 – [純米大吟醸酒] (米: 山田錦, 精米: 非公開)
    ✨ [新規SKU抽出] あさ開　純米吟醸　旭扇-愛山- [純米吟醸酒] (米: 愛山, 精米: 非公開)
    ✨ [新規SKU抽出] あさ開　特別純米酒　旭扇-雄町- [特別純米酒] (米: 雄町, 精米: 非公開)
    ✨ [新規SKU抽出] あさ開　純米大吟醸　結の香仕込み [純米大吟醸酒] (米: 結の香, 精米: 非公開)
    ✨ [新規SKU抽出] あさ開　純米大吟醸　吟ぎんが仕込み [純米大吟醸酒] (米: 吟ぎんが, 精米: 非公開)
    ✨ [新規SKU抽出] あさ開　純米大吟醸　赤ラベル [純米大吟醸酒] (米: 国産米, 精米: 非公開)
    ✨ [新規SKU抽出] あさ開　純米吟醸酒　夢灯り [純米吟醸酒] (米: 国産米, 精米: 非公開)
    ✨ [新規SKU抽出] あさ開　純米吟醸　白ラベル [純米吟醸酒] (米: 国産米, 精米: 非公開)
    ✨ [新規SKU抽出] 蔵埠頭ＣＯＬＯＲ　純米吟醸生原酒 720mL [純米吟醸酒] (米: 国産米, 精米: 非公開)
    ✨ [新規SKU抽出] あさ開　蔵埠頭ＣＯＬＯＲ　純米吟醸生原酒 [純米吟醸酒] (米: 国産米, 精米: 非公開)
    ✨ [新規SKU抽出] 蔵埠頭ＣＯＬＯＲ　純米生原酒 720mL [純米酒] (米: 国産米, 精米: 非公開)
    ✨ [新規SKU抽出] あさ開　蔵埠頭ＣＯＬＯＲ　純米生原酒 [純米酒] (米: 国産米, 精米: 非公開)
    ✨ [新規SKU抽出] あさ開　純米酒　黄ラベル [純米酒] (米: 国産米, 精米: 非公開)
    ✨ [新規SKU抽出] 純米酒　昭和旭蔵 [純米酒] (米: 国産米, 精米: 非公開)
    ✨ [新規SKU抽出] あさ開　純米酒　昭和旭蔵 [純米酒] (米: 国産米, 精米: 非公開)
    ✨ [新規SKU抽出] あさ開　蔵埠頭COLOR　純米酒 720mL [純米酒] (米: 国産米, 精米: 非公開)
    ✨ [新規SKU抽出] あさ開　蔵埠頭COLOR　純米酒 [純米酒] (米: 国産米, 精米: 非公開)
    ✨ [新規SKU抽出] 本醸造生貯蔵酒 300mL [本醸造酒] (米: 国産米, 精米: 非公開)
    ✨ [新規SKU抽出] あさ開　本醸造生貯蔵酒 [本醸造酒] (米: 国産米, 精米: 非公開)
    ✨ [新規SKU抽出] 本醸造酒　昭和旭蔵 [本醸造酒] (米: 国産米, 精米: 非公開)
    ✨ [新規SKU抽出] あさ開　本醸造酒　昭和旭蔵 [本醸造酒] (米: 国産米, 精米: 非公開)
    ✨ [新規SKU抽出] あさ開　蔵埠頭COLOR　本醸造 720mL [本醸造酒] (米: 国産米, 精米: 非公開)
    ✨ [新規SKU抽出] あさ開　蔵埠頭COLOR　本醸造 [本醸造酒] (米: 国産米, 精米: 非公開)
    ✨ [新規SKU抽出] あさ開　本醸造　岩手ブルー＜岩＞ 180mL [本醸造酒] (米: 国産米, 精米: 非公開)
    ✨ [新規SKU抽出] あさ開　本醸造　岩手ブルー＜岩＞180 [本醸造酒] (米: 国産米, 精米: 非公開)
    ✨ [新規SKU抽出] あさ開　本醸造　岩手グリーン＜手＞180mL [本醸造酒] (米: 国産米, 精米: 非公開)
    ✨ [新規SKU抽出] あさ開　本醸造　岩手グリーン＜手＞180 [本醸造酒] (米: 国産米, 精米: 非公開)
    ✨ [新規SKU抽出] あさ開　本醸造酒　御神酒 [本醸造酒] (米: 国産米, 精米: 非公開)
    ✨ [新規SKU抽出] あさ開　特別純米酒　はるどきっ [特別純米酒] (米: 国産米, 精米: 非公開)
    ✨ [新規SKU抽出] あさ開　純米大吟醸ハレの日 [純米大吟醸酒] (米: 国産米, 精米: 非公開)
    ✨ [新規SKU抽出] あさ開　純米大吟醸　ハレの日夏酒 [純米大吟醸酒] (米: 国産米, 精米: 非公開)
    ✨ [新規SKU抽出] あさ開　純米吟醸　干支ラベル [純米吟醸酒] (米: 国産米, 精米: 非公開)
    ✨ [新規SKU抽出] あさ開　純米新酒<生原酒> [純米酒] (米: 国産米, 精米: 非公開)
    ✨ [新規SKU抽出] あさ開　純米大吟醸新酒＜生原酒＞ [純米大吟醸酒] (米: 国産米, 精米: 非公開)
    ✨ [新規SKU抽出] 純米吟醸大辛口　超水神 [純米吟醸酒] (米: 国産米, 精米: 非公開)
    ✨ [新規SKU抽出] あさ開　純米吟醸大辛口　超水神 [純米吟醸酒] (米: 国産米, 精米: 非公開)
    ✨ [新規SKU抽出] 純米吟醸＜生原酒＞　酔候 [純米吟醸酒] (米: 国産米, 精米: 非公開)
    ✨ [新規SKU抽出] あさ開　純米吟醸＜生原酒＞　酔候 [純米吟醸酒] (米: 国産米, 精米: 非公開)
    ✨ [新規SKU抽出] 純米＜生原酒＞酔候 [純米酒] (米: 国産米, 精米: 非公開)
    ✨ [新規SKU抽出] あさ開　純米 ＜生原酒＞酔候 [純米酒] (米: 国産米, 精米: 非公開)
    ✨ [新規SKU抽出] あさ開　純米大吟醸　赤ラベル｜岩手の酒蔵　あさ開 [純米大吟醸酒] (米: 国産米, 精米: 非公開)
    ✨ [新規SKU抽出] あさ開　純米大吟醸　赤ラベル | 岩手の酒蔵　あさ開 [純米大吟醸酒] (米: 国産米, 精米: 非公開)
    ✨ [新規SKU抽出] 製法名：純米大吟醸 [純米大吟醸酒] (米: 国産米, 精米: 非公開)
    ✨ [新規SKU抽出] あさ開　本醸造　岩手グリーン＜手＞180｜岩手の酒蔵　あさ開 [本醸造酒] (米: 国産米, 精米: 非公開)
    ✨ [新規SKU抽出] あさ開　本醸造　岩手グリーン＜手＞180 | 岩手の酒蔵　あさ開 [本醸造酒] (米: 国産米, 精米: 非公開)
    ✨ [新規SKU抽出] 製法名：本醸造酒 [本醸造酒] (米: 国産米, 精米: 非公開)
    ✨ [新規SKU抽出] あさ開　純米吟醸＜生原酒＞　酔候｜岩手の酒蔵　あさ開 [純米吟醸酒] (米: 国産米, 精米: 非公開)
    ✨ [新規SKU抽出] あさ開　純米吟醸＜生原酒＞　酔候 | 岩手の酒蔵　あさ開 [純米吟醸酒] (米: 国産米, 精米: 非公開)
    ✨ [新規SKU抽出] 製法名：純米吟醸酒 [純米吟醸酒] (米: 国産米, 精米: 非公開)
    ✨ [新規SKU抽出] あさ開　蔵埠頭COLOR　本醸造｜岩手の酒蔵　あさ開 [本醸造酒] (米: 国産米, 精米: 非公開)
    ✨ [新規SKU抽出] あさ開　蔵埠頭COLOR　本醸造 | 岩手の酒蔵　あさ開 [本醸造酒] (米: 国産米, 精米: 非公開)
    ✨ [新規SKU抽出] あさ開　蔵埠頭COLOR　本醸造 300mL [本醸造酒] (米: 国産米, 精米: 非公開)
    ✨ [新規SKU抽出] あさ開　純米酒　昭和旭蔵｜岩手の酒蔵　あさ開 [純米酒] (米: 国産米, 精米: 非公開)
    ✨ [新規SKU抽出] あさ開　純米酒　昭和旭蔵 | 岩手の酒蔵　あさ開 [純米酒] (米: 国産米, 精米: 非公開)
    ✨ [新規SKU抽出] 製法名：純米酒 [純米酒] (米: 国産米, 精米: 非公開)
    ✨ [新規SKU抽出] 製法名：特別純米酒 [特別純米酒] (米: 国産米, 精米: 非公開)
    ✨ [新規SKU抽出] あさ開　純米吟醸　白ラベル｜岩手の酒蔵　あさ開 [純米吟醸酒] (米: 国産米, 精米: 非公開)
    ✨ [新規SKU抽出] あさ開　純米吟醸　白ラベル | 岩手の酒蔵　あさ開 [純米吟醸酒] (米: 国産米, 精米: 非公開)
    ✨ [新規SKU抽出] 製法名：純米吟醸 [純米吟醸酒] (米: 国産米, 精米: 非公開)
  👉 株式会社あさ開: 59 件の新規SKUを深層クローリングにより追加登録
[1196/1376] 🏭 ID 33102: 稲とアガベ株式会社 (秋田県) - https://inetoagabe.com/
[1197/1376] 🏭 ID 33103: 合同会社ねっか (福島県) - https://nekka.jp/
    ✨ [新規SKU抽出] ねっか - 只見生まれの米焼酎 [本格焼酎] (米: 国産米, 精米: 非公開)
    ✨ [新規SKU抽出] リキュール [リキュール] (米: 国産米, 精米: 非公開)
    ✨ [新規SKU抽出] 米焼酎はここまで美味くなる。米を磨き、酵母で醸す。果恋清風。 [本格焼酎] (米: 国産米, 精米: 非公開)
    ✨ [新規SKU抽出] 米焼酎はここまで美味くなる。 [本格焼酎] (米: 国産米, 精米: 非公開)
    ✨ [新規SKU抽出] まさに果恋清風。米焼酎に目覚める1杯です。 [本格焼酎] (米: 国産米, 精米: 非公開)
    ✨ [新規SKU抽出] どぶろく　瓶 [どぶろく] (米: 国産米, 精米: 非公開)
    ✨ [新規SKU抽出] 只見を訪れた際には、ぜひねっかのどぶろくを楽しんでください。 [どぶろく] (米: 国産米, 精米: 非公開)
    ✨ [新規SKU抽出] どぶろく　ワンカップ [どぶろく] (米: 国産米, 精米: 非公開)
    ✨ [新規SKU抽出] リキュール - ねっか [リキュール] (米: 国産米, 精米: 非公開)
    ✨ [新規SKU抽出] 大吟醸の気品、焼酎の華やぎ。 [大吟醸酒] (米: 国産米, 精米: 非公開)
    ✨ [新規SKU抽出] 日本酒リキュール「HOBO」の地元限定酒 [リキュール] (米: 国産米, 精米: 非公開)
    ✨ [新規SKU抽出] 吟醸酒（原材料：夢の香 精米歩合60％） [吟醸酒] (米: 夢の香, 精米: 非公開)
  👉 合同会社ねっか: 12 件の新規SKUを深層クローリングにより追加登録
[1198/1376] 🏭 ID 36987: 株式会社DHC酒造 (新潟県) - http://bairi.net/
[1199/1376] 🏭 ID 57747: 三和酒造株式会社 (鹿児島県) - https://sanwashuzo.com/
    ✨ [新規SKU抽出] 三和鶴 白が優等賞受賞（令和7酒造年度 鹿児島県本格焼酎鑑評会） [本格焼酎] (米: 国産米, 精米: 非公開)
    ✨ [新規SKU抽出] 令和8年1月20日および21日に開催された「令和7酒造年度　鹿児島県本格焼酎鑑評… [本格焼酎] (米: 国産米, 精米: 非公開)
    ✨ [新規SKU抽出] 三和鶴 白が総裁賞代表（1位）を受賞！(令和６酒造年度　鹿児島県本格焼酎鑑評会) [本格焼酎] (米: 国産米, 精米: 非公開)
    ✨ [新規SKU抽出] 令和7年1月21日に行われた「令和６酒造年度　鹿児島県本格焼酎鑑評会」において「… [本格焼酎] (米: 国産米, 精米: 非公開)
    ✨ [新規SKU抽出] この度、令和5酒造年度の鹿児島県本格焼酎鑑評会において「三和鶴 白」が『優等賞』… [本格焼酎] (米: 国産米, 精米: 非公開)
    ✨ [新規SKU抽出] 三和酒造の梅酒がトップに輝きました [リキュール] (米: 国産米, 精米: 非公開)
    ✨ [新規SKU抽出] この度、三和酒造の新作梅酒「Brava!（ブラーバ）」が、
５月にフランスで行… [リキュール] (米: 国産米, 精米: 非公開)
    ✨ [新規SKU抽出] この度、令和4酒造年度の鹿児島県本格焼酎鑑評会において「三和鶴 白」が『優等賞』… [本格焼酎] (米: 国産米, 精米: 非公開)
  👉 三和酒造株式会社: 8 件の新規SKUを深層クローリングにより追加登録
[1200/1376] 🏭 ID 57748: 国分酒造株式会社 (鹿児島県) - https://kokubu-imo.com/
[1201/1376] 🏭 ID 57749: 株式会社霧島町蒸留所 (鹿児島県) - https://akarui-nouson.jp/
    ✨ [新規SKU抽出] 霧島神宮門前蔵かめ壺仕込みの本格芋焼酎を造る焼酎蔵「霧島町蒸留所」公式ウェブサイト [本格焼酎] (米: 国産米, 精米: 非公開)
    ✨ [新規SKU抽出] 季節限定芋焼酎・明るい農村の四季「秋」発売！ [本格焼酎] (米: 国産米, 精米: 非公開)
    ✨ [新規SKU抽出] 蔵元限定品　芋焼酎「豊穣の実り」「百姓百作・霧島芋」 [本格焼酎] (米: 国産米, 精米: 非公開)
    ✨ [新規SKU抽出] 「本格焼酎・泡盛とうまいもん祭2026」ご来場ありがとうございました。 [泡盛] (米: 国産米, 精米: 非公開)
    ✨ [新規SKU抽出] 本格焼酎・泡盛とうまいもん祭 2026 [泡盛] (米: 国産米, 精米: 非公開)
    ✨ [新規SKU抽出] 天然酵母仕込み　芋焼酎　農村1号 [本格焼酎] (米: 国産米, 精米: 非公開)
    ✨ [新規SKU抽出] 天然酵母仕込み　芋焼酎　農村2号 [本格焼酎] (米: 国産米, 精米: 非公開)
    ✨ [新規SKU抽出] 天然酵母仕込み　芋焼酎　農村3号 [本格焼酎] (米: 国産米, 精米: 非公開)
    ✨ [新規SKU抽出] 天然酵母仕込み　芋焼酎　農村4号 [本格焼酎] (米: 国産米, 精米: 非公開)
    ✨ [新規SKU抽出] 天然酵母仕込み　芋焼酎　農村6号 [本格焼酎] (米: 国産米, 精米: 非公開)
    ✨ [新規SKU抽出] 焼き芋焼酎「農家の嫁」 [本格焼酎] (米: 国産米, 精米: 非公開)
    ✨ [新規SKU抽出] 麦焼酎・長期貯蔵 花は霧島 [本格焼酎] (米: 国産米, 精米: 非公開)
    ✨ [新規SKU抽出] 麦焼酎・花は霧島 [本格焼酎] (米: 国産米, 精米: 非公開)
    ✨ [新規SKU抽出] 米焼酎 Kirishima Measa [本格焼酎] (米: 国産米, 精米: 非公開)
    ✨ [新規SKU抽出] ご存じですか？「明るい農村」には、「農家の嫁」という芋焼酎もあるんです！ [本格焼酎] (米: 国産米, 精米: 非公開)
    ✨ [新規SKU抽出] 吟醸香かおる。明るい農村・黄麹 [吟醸酒] (米: 国産米, 精米: 非公開)
  👉 株式会社霧島町蒸留所: 16 件の新規SKUを深層クローリングにより追加登録
[1202/1376] 🏭 ID 57750: 東酒造株式会社 (鹿児島県) - https://higashi-sz.com
    ✨ [新規SKU抽出] 焼酎・リキュール関連製品 価格改定のお知らせ [リキュール] (米: 国産米, 精米: 非公開)
    ✨ [新規SKU抽出] リキュール [リキュール] (米: 国産米, 精米: 非公開)
    ✨ [新規SKU抽出] Little Kiss<br>完熟きんかん梅酒 [リキュール] (米: 国産米, 精米: 非公開)
    ✨ [新規SKU抽出] 完熟きんかん梅酒 [リキュール] (米: 国産米, 精米: 非公開)
    ✨ [新規SKU抽出] 完熟梅酒 [リキュール] (米: 国産米, 精米: 非公開)
    ✨ [新規SKU抽出] とろあま恋梅酒　酔わせ味 [リキュール] (米: 国産米, 精米: 非公開)
  👉 東酒造株式会社: 6 件の新規SKUを深層クローリングにより追加登録
[1203/1376] 🏭 ID 57751: 相良酒造株式会社 (鹿児島県) - https://sagarasyuzou.com/
    ✨ [新規SKU抽出] 相良酒造自慢の芋焼酎 [本格焼酎] (米: 国産米, 精米: 非公開)
  👉 相良酒造株式会社: 1 件の新規SKUを深層クローリングにより追加登録
[1204/1376] 🏭 ID 57752: さつま無双株式会社 (鹿児島県) - https://www.satsumamusou.co.jp/
    ✨ [新規SKU抽出] 令和７酒造年度　鹿児島県本格焼酎鑑評会 [本格焼酎] (米: 国産米, 精米: 非公開)
  👉 さつま無双株式会社: 1 件の新規SKUを深層クローリングにより追加登録
[1205/1376] 🏭 ID 57754: 田崎酒造株式会社 (鹿児島県) - http://tasaki-shuzo.jp/
    ✨ [新規SKU抽出] 芋焼酎のお湯割り、水割り、ロックの美味しい飲み方をご紹介します。 [本格焼酎] (米: 国産米, 精米: 非公開)
    ✨ [新規SKU抽出] 鹿児島県産の黄金千貫を使用し、丁寧に仕込んだ芋焼酎を5年以上寝かせて熟成。 [本格焼酎] (米: 国産米, 精米: 非公開)
    ✨ [新規SKU抽出] 「熟成屋 田崎」ならではの、まろやかでありながら、味わいを持たせた本格焼酎。 [本格焼酎] (米: 国産米, 精米: 非公開)
  👉 田崎酒造株式会社: 3 件の新規SKUを深層クローリングにより追加登録
[1206/1376] 🏭 ID 57755: 若松酒造株式会社 (鹿児島県) - https://www.wakamatsusyuzo.co.jp/
    ✨ [新規SKU抽出] 令和7酒造年度 鹿児島県本格焼酎鑑評会で優等賞受賞！ [本格焼酎] (米: 国産米, 精米: 非公開)
    ✨ [新規SKU抽出] 令和6酒造年度 鹿児島県本格焼酎鑑評会で優等賞受賞！ [本格焼酎] (米: 国産米, 精米: 非公開)
    ✨ [新規SKU抽出] 令和5酒造年度 鹿児島県本格焼酎鑑評会で優等賞受賞！ [本格焼酎] (米: 国産米, 精米: 非公開)
    ✨ [新規SKU抽出] 令和4酒造年度鹿児島県本格焼酎鑑評会で出品酒すべて優等賞受賞！ [本格焼酎] (米: 国産米, 精米: 非公開)
    ✨ [新規SKU抽出] 本格芋焼酎 [本格焼酎] (米: 国産米, 精米: 非公開)
    ✨ [新規SKU抽出] 厳選された鹿児島県産さつまいもを100％使用し、黒麹で仕込んだ薩摩本格芋焼酎。 [本格焼酎] (米: 国産米, 精米: 非公開)
    ✨ [新規SKU抽出] 本格麦焼酎 [本格焼酎] (米: 国産米, 精米: 非公開)
    ✨ [新規SKU抽出] 厳選された二条大麦と清冽な水を用い、黒麹で仕込んだ本格麦焼酎です。 [本格焼酎] (米: 国産米, 精米: 非公開)
    ✨ [新規SKU抽出] 鹿児島県産のさつまいも「黄金千貫」を使用した薩摩本格芋焼酎です。 [本格焼酎] (米: 国産米, 精米: 非公開)
    ✨ [新規SKU抽出] 老舗焼酎蔵「若松」の白、「薩摩本格芋焼酎 わか松」をご堪能ください。 [本格焼酎] (米: 国産米, 精米: 非公開)
    ✨ [新規SKU抽出] 純米焼酎 [純米酒] (米: 国産米, 精米: 非公開)
    ✨ [新規SKU抽出] 令和２酒造年度鹿児島県本格焼酎鑑評会・総裁賞代表受賞 [本格焼酎] (米: 国産米, 精米: 非公開)
    ✨ [新規SKU抽出] 原材料の米には全量国産米を使用し、白麹で仕込んだ本格米焼酎です。 [本格焼酎] (米: 国産米, 精米: 非公開)
  👉 若松酒造株式会社: 13 件の新規SKUを深層クローリングにより追加登録
[1207/1376] 🏭 ID 57756: 小正醸造株式会社 (鹿児島県) - http://www.komasa.co.jp/
[1208/1376] 🏭 ID 57757: 西酒造株式会社 (鹿児島県) - https://www.nishi-shuzo.co.jp/
    ✨ [新規SKU抽出] 日本芋焼酎 [本格焼酎] (米: 国産米, 精米: 非公開)
    ✨ [新規SKU抽出] 天賦純米吟醸 羽前酒未来　完成！ [純米吟醸酒] (米: 国産米, 精米: 非公開)
    ✨ [新規SKU抽出] 天賦純米吟醸 羽前酒未来　完成！♪ [純米吟醸酒] (米: 国産米, 精米: 非公開)
    ✨ [新規SKU抽出] ”酒未来” を100％使用した「天賦 純米吟醸 羽前酒未来」が完成しました。 [純米吟醸酒] (米: 国産米, 精米: 非公開)
    ✨ [新規SKU抽出] 天賦 純米吟醸 播州愛山が出荷スタート🍶 [純米吟醸酒] (米: 愛山, 精米: 非公開)
    ✨ [新規SKU抽出] 天賦 純米大吟醸 生しぼりもご用意いたします🍶😆 [純米大吟醸酒] (米: 国産米, 精米: 非公開)
  👉 西酒造株式会社: 6 件の新規SKUを深層クローリングにより追加登録
[1209/1376] 🏭 ID 57758: 薩摩金山蔵株式会社 (鹿児島県) - https://www.hamadasyuzou.co.jp/kinzan/
    ✨ [新規SKU抽出] 坑洞内本格焼酎蔵と [本格焼酎] (米: 国産米, 精米: 非公開)
    ✨ [新規SKU抽出] 本格焼酎進化のために [本格焼酎] (米: 国産米, 精米: 非公開)
    ✨ [新規SKU抽出] 本格芋焼酎 [本格焼酎] (米: 国産米, 精米: 非公開)
    ✨ [新規SKU抽出] その他の本格焼酎 [本格焼酎] (米: 国産米, 精米: 非公開)
    ✨ [新規SKU抽出] リキュール [リキュール] (米: 国産米, 精米: 非公開)
    ✨ [新規SKU抽出] 本格焼酎 [本格焼酎] (米: 国産米, 精米: 非公開)
    ✨ [新規SKU抽出] どんぶり仕込みの本格芋焼酎 [本格焼酎] (米: 国産米, 精米: 非公開)
    ✨ [新規SKU抽出] 仕込んだ本格芋焼酎 [本格焼酎] (米: 国産米, 精米: 非公開)
    ✨ [新規SKU抽出] 本格焼酎の進化のために薩摩の清酒の価値がそこにあります [本格焼酎] (米: 国産米, 精米: 非公開)
    ✨ [新規SKU抽出] 清酒 薩州正宗 純米吟醸酒 [純米吟醸酒] (米: 国産米, 精米: 非公開)
    ✨ [新規SKU抽出] 杜氏が手がける薩摩の純米吟醸酒 [純米吟醸酒] (米: 国産米, 精米: 非公開)
    ✨ [新規SKU抽出] 清酒 薩州正宗 純米酒 [純米酒] (米: 国産米, 精米: 非公開)
    ✨ [新規SKU抽出] 杜氏が手がける薩摩の純米酒 [純米酒] (米: 国産米, 精米: 非公開)
    ✨ [新規SKU抽出] 本格焼酎のルーツを [本格焼酎] (米: 国産米, 精米: 非公開)
    ✨ [新規SKU抽出] 琥珀色の本格麦焼酎 [本格焼酎] (米: 国産米, 精米: 非公開)
    ✨ [新規SKU抽出] じっくりと経た時の味わいをかもす、貯蔵麦焼酎ができました。 [本格焼酎] (米: 国産米, 精米: 非公開)
    ✨ [新規SKU抽出] 黄金麹仕込みの本格芋焼酎 [本格焼酎] (米: 国産米, 精米: 非公開)
    ✨ [新規SKU抽出] 長期貯蔵本格芋焼酎 [本格焼酎] (米: 国産米, 精米: 非公開)
    ✨ [新規SKU抽出] 香り豊かな本格麦焼酎 [本格焼酎] (米: 国産米, 精米: 非公開)
    ✨ [新規SKU抽出] 濃厚で香ばしい本格麦焼酎 [本格焼酎] (米: 国産米, 精米: 非公開)
    ✨ [新規SKU抽出] 薩摩の純米酒 [純米酒] (米: 国産米, 精米: 非公開)
    ✨ [新規SKU抽出] 清酒 薩州正宗　純米吟醸酒 [純米吟醸酒] (米: 国産米, 精米: 非公開)
    ✨ [新規SKU抽出] 純米吟醸酒 [純米吟醸酒] (米: 国産米, 精米: 非公開)
    ✨ [新規SKU抽出] 金山蔵梅酒 長期貯蔵 [リキュール] (米: 国産米, 精米: 非公開)
    ✨ [新規SKU抽出] 鹿児島県産の南高梅を使用した芋焼酎仕込みの梅酒 [リキュール] (米: 国産米, 精米: 非公開)
    ✨ [新規SKU抽出] 本格麦焼酎に紀州産の梅を使用し、 [本格焼酎] (米: 国産米, 精米: 非公開)
    ✨ [新規SKU抽出] 梅のエキスを抽出して生まれた「本格梅酒」 [リキュール] (米: 国産米, 精米: 非公開)
    ✨ [新規SKU抽出] 金山蔵で復活させた「黄金麹」で仕込んだ本格芋焼酎。 [本格焼酎] (米: 国産米, 精米: 非公開)
    ✨ [新規SKU抽出] 薩摩の歴史と本格焼酎文化に親しめる焼酎蔵 [本格焼酎] (米: 国産米, 精米: 非公開)
    ✨ [新規SKU抽出] TWSC 2025 東京 ワイン＆スピリッツ 焼酎泡盛部門 金賞受賞 [泡盛] (米: 国産米, 精米: 非公開)
    ✨ [新規SKU抽出] 焼酎泡盛部門 [泡盛] (米: 国産米, 精米: 非公開)
    ✨ [新規SKU抽出] 泡盛麹からの自然変異によって、黒色から白色に [泡盛] (米: 国産米, 精米: 非公開)
    ✨ [新規SKU抽出] 日本の蒸留酒「本格焼酎」を生み出した [本格焼酎] (米: 国産米, 精米: 非公開)
    ✨ [新規SKU抽出] 特別な日にお父さんへ。ビンテージ熟成の本格芋焼酎 [本格焼酎] (米: 国産米, 精米: 非公開)
    ✨ [新規SKU抽出] 有機JAS認証の確かな品質。七つのこだわりから生まれた有機芋焼酎「なゝこ」 [本格焼酎] (米: 国産米, 精米: 非公開)
    ✨ [新規SKU抽出] 伝統製法にこだわった本格芋焼酎 [本格焼酎] (米: 国産米, 精米: 非公開)
    ✨ [新規SKU抽出] なゝこ（ななこ）梅酒 [リキュール] (米: 国産米, 精米: 非公開)
    ✨ [新規SKU抽出] 薩摩の伝統産業を伝承する窯と蔵が生んだプレミアム本格芋焼酎 [本格焼酎] (米: 国産米, 精米: 非公開)
    ✨ [新規SKU抽出] 本格焼酎 斉彬乃夢 [本格焼酎] (米: 国産米, 精米: 非公開)
    ✨ [新規SKU抽出] 本格焼酎斉彬乃夢 [本格焼酎] (米: 国産米, 精米: 非公開)
    ✨ [新規SKU抽出] 鹿児島の伝統工芸品・絢爛豪華な薩摩切子に包まれた伝統製法による本格芋焼酎原酒 [本格焼酎] (米: 国産米, 精米: 非公開)
    ✨ [新規SKU抽出] 伝兵衛蔵の伝統製法で仕上げたビンテージ熟成の本格芋焼酎 [本格焼酎] (米: 国産米, 精米: 非公開)
    ✨ [新規SKU抽出] 麦麹で仕込んだ本格麦焼酎 [本格焼酎] (米: 国産米, 精米: 非公開)
    ✨ [新規SKU抽出] 長期甕貯蔵した本格米焼酎 [本格焼酎] (米: 国産米, 精米: 非公開)
    ✨ [新規SKU抽出] 伝統製法による本格芋焼酎 [本格焼酎] (米: 国産米, 精米: 非公開)
    ✨ [新規SKU抽出] ジョイホワイトを使った本格芋焼酎 [本格焼酎] (米: 国産米, 精米: 非公開)
    ✨ [新規SKU抽出] ディスカバリージャパン　レモンリキュール [リキュール] (米: 国産米, 精米: 非公開)
    ✨ [新規SKU抽出] 広島県瀬戸田町産エコレモン果汁を100％使用したレモンリキュール [リキュール] (米: 国産米, 精米: 非公開)
    ✨ [新規SKU抽出] 焼みつき芋 和のスイーツリキュール [リキュール] (米: 国産米, 精米: 非公開)
    ✨ [新規SKU抽出] 芋焼酎の新酒を使用したスイーツ感覚の贅沢なクラフトリキュール。 [リキュール] (米: 国産米, 精米: 非公開)
    ✨ [新規SKU抽出] 栄養豊富なプルーンと鹿児島県産本格麦焼酎を使用した、 [本格焼酎] (米: 国産米, 精米: 非公開)
    ✨ [新規SKU抽出] 香料・着色料・酸味料無添加のプルーンリキュール [リキュール] (米: 国産米, 精米: 非公開)
    ✨ [新規SKU抽出] いちき串木野産のぽんかんを使用したリキュール [リキュール] (米: 国産米, 精米: 非公開)
  👉 薩摩金山蔵株式会社: 53 件の新規SKUを深層クローリングにより追加登録
[1210/1376] 🏭 ID 57760: 萬世酒造株式会社 (鹿児島県) - http://www.bansei-shuzo.co.jp/
[1211/1376] 🏭 ID 57763: 中俣酒造株式会社 (鹿児島県) - http://nakamata.jp/
    ✨ [新規SKU抽出] 美味い芋焼酎を鹿児島県指宿市から [本格焼酎] (米: 国産米, 精米: 非公開)
  👉 中俣酒造株式会社: 1 件の新規SKUを深層クローリングにより追加登録
[1212/1376] 🏭 ID 57764: 指宿酒造株式会社 (鹿児島県) - http://www.riemon.com/
    ✨ [新規SKU抽出] 芋焼酎　定番人気 [本格焼酎] (米: 国産米, 精米: 非公開)
    ✨ [新規SKU抽出] 芋焼酎　限定品 [本格焼酎] (米: 国産米, 精米: 非公開)
    ✨ [新規SKU抽出] 利右衛門さんの梅酒 [リキュール] (米: 国産米, 精米: 非公開)
    ✨ [新規SKU抽出] 鹿児島県産の採れたての梅を、利右衛門ブランドの芋焼酎に漬け込んだ贅沢な梅酒。 [リキュール] (米: 国産米, 精米: 非公開)
    ✨ [新規SKU抽出] 数量限定さいころふたつ -第参章- [本格焼酎] (米: 国産米, 精米: 非公開)
    ✨ [新規SKU抽出] 利右衛門 1, [本格焼酎] (米: 国産米, 精米: 非公開)
    ✨ [新規SKU抽出] 黒利右衛門 1, [本格焼酎] (米: 国産米, 精米: 非公開)
    ✨ [新規SKU抽出] 赤利右衛門 1, [本格焼酎] (米: 国産米, 精米: 非公開)
    ✨ [新規SKU抽出] 前田利右衛門 1, [本格焼酎] (米: 国産米, 精米: 非公開)
    ✨ [新規SKU抽出] 赤利右衛門 [本格焼酎] (米: 国産米, 精米: 非公開)
    ✨ [新規SKU抽出] 鹿児島地区限定至高の紫 1, [本格焼酎] (米: 国産米, 精米: 非公開)
    ✨ [新規SKU抽出] 鹿児島地区限定至高の紫 [本格焼酎] (米: 国産米, 精米: 非公開)
  👉 指宿酒造株式会社: 12 件の新規SKUを深層クローリングにより追加登録
[1213/1376] 🏭 ID 57765: 吉永酒造有限会社 (鹿児島県) - https://yoshinagashuzo.wixsite.com/index
    ✨ [新規SKU抽出] 温泉街である、鹿児島は指宿の地にて、本格芋焼酎「利八」を醸す蔵元 [本格焼酎] (米: 国産米, 精米: 非公開)
    ✨ [新規SKU抽出] 呑み易く出来ているので、女性の方や、一味違った芋焼酎を楽しみたい方にオススメです。 [本格焼酎] (米: 国産米, 精米: 非公開)
  👉 吉永酒造有限会社: 2 件の新規SKUを深層クローリングにより追加登録
[1214/1376] 🏭 ID 57766: 白露酒造株式会社 (鹿児島県) - http://shiratsuyu.jp
[1215/1376] 🏭 ID 57767: 山元酒造株式会社 (鹿児島県) - https://www.satsuma-godai.co.jp/
    ✨ [新規SKU抽出] 梅酒・リキュール [リキュール] (米: 国産米, 精米: 非公開)
    ✨ [新規SKU抽出] 紅、紫芋焼酎 [本格焼酎] (米: 国産米, 精米: 非公開)
    ✨ [新規SKU抽出] その他芋焼酎 [本格焼酎] (米: 国産米, 精米: 非公開)
    ✨ [新規SKU抽出] アロマ梅酒　12度 [リキュール] (米: 国産米, 精米: 非公開)
    ✨ [新規SKU抽出] 芋焼酎造り五代梅酒　12度 [リキュール] (米: 国産米, 精米: 非公開)
    ✨ [新規SKU抽出] にごり梅酒 梅太夫　12度 [リキュール] (米: 国産米, 精米: 非公開)
    ✨ [新規SKU抽出] 薩摩スパークリング梅酒　8度 [リキュール] (米: 国産米, 精米: 非公開)
    ✨ [新規SKU抽出] 薩摩スパークリングゆずどん　8度 [リキュール] (米: 国産米, 精米: 非公開)
    ✨ [新規SKU抽出] 薩摩スパークリングレモン　8度 [普通酒] (米: 国産米, 精米: 非公開)
    ✨ [新規SKU抽出] 薩摩スパークリングりんご　8度 [普通酒] (米: 国産米, 精米: 非公開)
    ✨ [新規SKU抽出] 薩摩スパークリング梅酒ボトル缶　3度 [リキュール] (米: 国産米, 精米: 非公開)
    ✨ [新規SKU抽出] 薩摩スパークリングゆずどんボトル缶　3度 [リキュール] (米: 国産米, 精米: 非公開)
    ✨ [新規SKU抽出] 薩摩スパークリングセットHUY [普通酒] (米: 国産米, 精米: 非公開)
    ✨ [新規SKU抽出] 薩摩スパークリングセット　ＳＰ-ＹＵ375 [普通酒] (米: 国産米, 精米: 非公開)
    ✨ [新規SKU抽出] 本格芋焼酎 吉之助　25度 [本格焼酎] (米: 国産米, 精米: 非公開)
    ✨ [新規SKU抽出] 五代梅酒・アロマ梅酒 [リキュール] (米: 国産米, 精米: 非公開)
    ✨ [新規SKU抽出] 本格焼酎セット（G・KG-182） [本格焼酎] (米: 国産米, 精米: 非公開)
    ✨ [新規SKU抽出] 本格焼酎セット（KG・KK-182） [本格焼酎] (米: 国産米, 精米: 非公開)
    ✨ [新規SKU抽出] 本格焼酎セット（AG・KG-182） [本格焼酎] (米: 国産米, 精米: 非公開)
    ✨ [新規SKU抽出] 本格焼酎セット（K・KK-182） [本格焼酎] (米: 国産米, 精米: 非公開)
    ✨ [新規SKU抽出] 本格焼酎セット（G・GU-182） [本格焼酎] (米: 国産米, 精米: 非公開)
    ✨ [新規SKU抽出] 本格焼酎セット（AG・G-182） [本格焼酎] (米: 国産米, 精米: 非公開)
    ✨ [新規SKU抽出] 本格焼酎セット（G・K-92） [本格焼酎] (米: 国産米, 精米: 非公開)
    ✨ [新規SKU抽出] 本格焼酎セット（KG・KK-92） [本格焼酎] (米: 国産米, 精米: 非公開)
    ✨ [新規SKU抽出] 本格焼酎セット（O・BO-92） [本格焼酎] (米: 国産米, 精米: 非公開)
    ✨ [新規SKU抽出] 本格焼酎セット（KK・BO-92） [本格焼酎] (米: 国産米, 精米: 非公開)
    ✨ [新規SKU抽出] 本格焼酎セット（K・TY-92） [本格焼酎] (米: 国産米, 精米: 非公開)
    ✨ [新規SKU抽出] 本格焼酎セット（AG・KG-92） [本格焼酎] (米: 国産米, 精米: 非公開)
    ✨ [新規SKU抽出] 本格焼酎セット（AG・G-92） [本格焼酎] (米: 国産米, 精米: 非公開)
    ✨ [新規SKU抽出] 本格焼酎セット（G・K・KK-93） [本格焼酎] (米: 国産米, 精米: 非公開)
    ✨ [新規SKU抽出] 本格焼酎セット（G・GU・K-03） [本格焼酎] (米: 国産米, 精米: 非公開)
    ✨ [新規SKU抽出] 本格焼酎セット（G900-05） [本格焼酎] (米: 国産米, 精米: 非公開)
    ✨ [新規SKU抽出] 本格焼酎セット（S900-05） [本格焼酎] (米: 国産米, 精米: 非公開)
    ✨ [新規SKU抽出] 平成23酒造年度鹿児島県本格焼酎鑑評会総裁賞杜氏代表受賞 [本格焼酎] (米: 国産米, 精米: 非公開)
    ✨ [新規SKU抽出] 平成25酒造年度鹿児島県本格焼酎鑑評会総裁賞受賞 [本格焼酎] (米: 国産米, 精米: 非公開)
    ✨ [新規SKU抽出] 鹿児島県本格焼酎鑑評会（酒造年度） [本格焼酎] (米: 国産米, 精米: 非公開)
    ✨ [新規SKU抽出] 天然のゆず果汁と本格焼酎（麦製）を原料とした炭酸リキュールです。 [リキュール] (米: 国産米, 精米: 非公開)
  👉 山元酒造株式会社: 37 件の新規SKUを深層クローリングにより追加登録
[1216/1376] 🏭 ID 57768: オガタマ酒造株式会社 (鹿児島県) - https://www.ogatama.co.jp/
[1217/1376] 🏭 ID 57769: 田苑酒造株式会社 (鹿児島県) - http://www.denen-shuzo.co.jp/
    ✨ [新規SKU抽出] 本格麦焼酎を創り出した [本格焼酎] (米: 国産米, 精米: 非公開)
    ✨ [新規SKU抽出] 終了イベント紹介／福岡県本格焼酎・泡盛とうまいもん祭2026 [泡盛] (米: 国産米, 精米: 非公開)
    ✨ [新規SKU抽出] 樽貯蔵麦焼酎 [本格焼酎] (米: 国産米, 精米: 非公開)
    ✨ [新規SKU抽出] 樽貯蔵芋焼酎 [本格焼酎] (米: 国産米, 精米: 非公開)
    ✨ [新規SKU抽出] 樽貯蔵米焼酎 [本格焼酎] (米: 国産米, 精米: 非公開)
  👉 田苑酒造株式会社: 5 件の新規SKUを深層クローリングにより追加登録
[1218/1376] 🏭 ID 57772: 軸屋酒造株式会社 (鹿児島県) - http://www.jikuya-shuzo.co.jp/
    ✨ [新規SKU抽出] リキュール [リキュール] (米: 国産米, 精米: 非公開)
    ✨ [新規SKU抽出] 紫尾の露(本格焼酎) [本格焼酎] (米: 国産米, 精米: 非公開)
    ✨ [新規SKU抽出] 梅酒　SweetPlum [リキュール] (米: 国産米, 精米: 非公開)
    ✨ [新規SKU抽出] 赤紫蘇リキュール「月の都」 [リキュール] (米: 国産米, 精米: 非公開)
    ✨ [新規SKU抽出] 葡萄のリキュール [リキュール] (米: 国産米, 精米: 非公開)
    ✨ [新規SKU抽出] 三年貯蔵樽熟成梅酒　軸屋 [リキュール] (米: 国産米, 精米: 非公開)
    ✨ [新規SKU抽出] 常圧蒸留した麦焼酎を樫樽に３年寝かし、きれいな琥珀色のスモーキーな [本格焼酎] (米: 国産米, 精米: 非公開)
    ✨ [新規SKU抽出] リキュールができました。 [リキュール] (米: 国産米, 精米: 非公開)
    ✨ [新規SKU抽出] 本格焼酎(国内製造)　糖類 [本格焼酎] (米: 国産米, 精米: 非公開)
  👉 軸屋酒造株式会社: 9 件の新規SKUを深層クローリングにより追加登録
[1219/1376] 🏭 ID 57773: 小牧醸造株式会社 (鹿児島県) - http://www.komakidistillery.com/
    ✨ [新規SKU抽出] 小牧の梅酒 [リキュール] (米: 国産米, 精米: 非公開)
    ✨ [新規SKU抽出] 鹿児島県産本格焼酎（米・芋） [本格焼酎] (米: 国産米, 精米: 非公開)
  👉 小牧醸造株式会社: 2 件の新規SKUを深層クローリングにより追加登録
[1220/1376] 🏭 ID 57774: 株式会社祁答院蒸溜所 (鹿児島県) - https://www.imoshochu.com/
    ✨ [新規SKU抽出] やさしく広がる芋の旨味　芋焼酎「野海棠」のかいどう [本格焼酎] (米: 国産米, 精米: 非公開)
    ✨ [新規SKU抽出] オレンジ色のさつまいもで仕込んだ芋焼酎　甑島小町（こしきしまこまち） [本格焼酎] (米: 国産米, 精米: 非公開)
    ✨ [新規SKU抽出] 芋焼酎「野海棠」 [本格焼酎] (米: 国産米, 精米: 非公開)
    ✨ [新規SKU抽出] 鹿児島県本格焼酎鑑評会入賞 [本格焼酎] (米: 国産米, 精米: 非公開)
    ✨ [新規SKU抽出] 野海棠「いざなう」 貴腐芋焼酎 [本格焼酎] (米: 国産米, 精米: 非公開)
    ✨ [新規SKU抽出] 野海棠・赤 [本格焼酎] (米: 国産米, 精米: 非公開)
    ✨ [新規SKU抽出] 木桶芋焼酎「日は昇る」 [本格焼酎] (米: 国産米, 精米: 非公開)
    ✨ [新規SKU抽出] 麦焼酎「野海棠」 [本格焼酎] (米: 国産米, 精米: 非公開)
    ✨ [新規SKU抽出] 鹿児島県本格焼酎鑑評会総裁賞代表 [本格焼酎] (米: 国産米, 精米: 非公開)
    ✨ [新規SKU抽出] 紫芋焼酎　野海棠「ムラサキMasari」 [本格焼酎] (米: 国産米, 精米: 非公開)
    ✨ [新規SKU抽出] ベニオトメ芋焼酎Otome Tsubaki [本格焼酎] (米: 国産米, 精米: 非公開)
    ✨ [新規SKU抽出] まぼろしの青潮 [本格焼酎] (米: 国産米, 精米: 非公開)
    ✨ [新規SKU抽出] 木桶麦焼酎「日は昇る」 [本格焼酎] (米: 国産米, 精米: 非公開)
    ✨ [新規SKU抽出] 日本初の木桶仕込み芋焼酎 [本格焼酎] (米: 国産米, 精米: 非公開)
    ✨ [新規SKU抽出] 究極にキレイな芋焼酎「野海棠」 [本格焼酎] (米: 国産米, 精米: 非公開)
    ✨ [新規SKU抽出] 芋焼酎「野海棠」 720m [本格焼酎] (米: 国産米, 精米: 非公開)
    ✨ [新規SKU抽出] 日本唯一の製法で造る穏やかに清らかな芋焼酎 [本格焼酎] (米: 国産米, 精米: 非公開)
    ✨ [新規SKU抽出] 焼酎造りにおいて、すべての工程がめずらしい、こだわりの高級芋焼酎。 [本格焼酎] (米: 国産米, 精米: 非公開)
    ✨ [新規SKU抽出] 祁答院蒸溜所で造る芋焼酎の、最高峰。 [本格焼酎] (米: 国産米, 精米: 非公開)
    ✨ [新規SKU抽出] 鹿児島県本格焼酎鑑評会　12年連続入賞 [本格焼酎] (米: 国産米, 精米: 非公開)
    ✨ [新規SKU抽出] 鹿児島県本格焼酎鑑評会　総裁賞代表 受賞 [本格焼酎] (米: 国産米, 精米: 非公開)
    ✨ [新規SKU抽出] 伝統製法の芋焼酎を　10年熟成 [本格焼酎] (米: 国産米, 精米: 非公開)
    ✨ [新規SKU抽出] 芋焼酎「手造り青潮」の最高峰 [本格焼酎] (米: 国産米, 精米: 非公開)
    ✨ [新規SKU抽出] 特別限定芋焼酎「野海棠PREMIUM（プレミアム）」 [本格焼酎] (米: 国産米, 精米: 非公開)
    ✨ [新規SKU抽出] 「野海棠はなまい」は芋焼酎「野海棠」のうまみ濃縮41度 [本格焼酎] (米: 国産米, 精米: 非公開)
    ✨ [新規SKU抽出] こだわり製法による芋焼酎「野海棠（のかいどう）」の希少な「初取り」41度です。 [本格焼酎] (米: 国産米, 精米: 非公開)
    ✨ [新規SKU抽出] 蔵元限定　芋焼酎-別撰野海棠（箱入） [本格焼酎] (米: 国産米, 精米: 非公開)
    ✨ [新規SKU抽出] 7年貯蔵木桶麦焼酎を、サクラ樽で一層美味に。 [本格焼酎] (米: 国産米, 精米: 非公開)
    ✨ [新規SKU抽出] 木桶麦焼酎を7年熟成。さらにサクラ樽で貯蔵し色と香りを付けました [本格焼酎] (米: 国産米, 精米: 非公開)
    ✨ [新規SKU抽出] 木桶仕込み芋焼酎「日は昇る」飲み方 [本格焼酎] (米: 国産米, 精米: 非公開)
    ✨ [新規SKU抽出] 木桶仕込み麦焼酎「日は昇る」飲み方 [本格焼酎] (米: 国産米, 精米: 非公開)
    ✨ [新規SKU抽出] 芋焼酎甑島小町はハマコマチというオレンジ芋を使いました [本格焼酎] (米: 国産米, 精米: 非公開)
    ✨ [新規SKU抽出] 芋焼酎　甑島小町はハマコマチ芋を使用 [本格焼酎] (米: 国産米, 精米: 非公開)
    ✨ [新規SKU抽出] 芋焼酎野海棠　グラスセット [本格焼酎] (米: 国産米, 精米: 非公開)
    ✨ [新規SKU抽出] 芋焼酎野海棠説明 [本格焼酎] (米: 国産米, 精米: 非公開)
    ✨ [新規SKU抽出] 芋焼酎野海棠こだわり製法 [本格焼酎] (米: 国産米, 精米: 非公開)
    ✨ [新規SKU抽出] 芋焼酎 野海棠 [本格焼酎] (米: 国産米, 精米: 非公開)
  👉 株式会社祁答院蒸溜所: 37 件の新規SKUを深層クローリングにより追加登録
[1221/1376] 🏭 ID 57775: 大石酒造株式会社 (鹿児島県) - http://www.oishishuzo.co.jp/
    ✨ [新規SKU抽出] 神奈川・藤沢焼酎賛歌2026”すごいじゃん本格焼酎”　2026年7月5日（日） [本格焼酎] (米: 国産米, 精米: 非公開)
    ✨ [新規SKU抽出] すごいじゃん本格焼酎 [本格焼酎] (米: 国産米, 精米: 非公開)
    ✨ [新規SKU抽出] 20数年の開催実績を誇る『すごいじゃん本格焼酎』、今年も開催！ [本格焼酎] (米: 国産米, 精米: 非公開)
    ✨ [新規SKU抽出] 主催　　すごいじゃん本格焼酎実行委員会 [本格焼酎] (米: 国産米, 精米: 非公開)
    ✨ [新規SKU抽出] 20数年の開催実績を誇る『すごいじゃん本格焼酎』、大石酒造も参加いたします！ [本格焼酎] (米: 国産米, 精米: 非公開)
  👉 大石酒造株式会社: 5 件の新規SKUを深層クローリングにより追加登録
[1222/1376] 🏭 ID 57776: 神酒造株式会社 (鹿児島県) - http://www.kami-shuzo.co.jp
    ✨ [新規SKU抽出] リキュール [リキュール] (米: 国産米, 精米: 非公開)
    ✨ [新規SKU抽出] 芋焼酎ゴジラ [本格焼酎] (米: 国産米, 精米: 非公開)
  👉 神酒造株式会社: 2 件の新規SKUを深層クローリングにより追加登録
[1223/1376] 🏭 ID 57777: 長島研醸有限会社 (鹿児島県) - http://www.shimabijin.jp/
    ✨ [新規SKU抽出] 五つの蔵元が織り成す芋焼酎・さつま島美人 [本格焼酎] (米: 国産米, 精米: 非公開)
    ✨ [新規SKU抽出] 五つの蔵元が織り成す芋焼酎 [本格焼酎] (米: 国産米, 精米: 非公開)
  👉 長島研醸有限会社: 2 件の新規SKUを深層クローリングにより追加登録
[1224/1376] 🏭 ID 57778: 佐藤酒造有限会社 (鹿児島県) - http://www.satohshuzo.co.jp/index_j.html
    ✨ [新規SKU抽出] 私たちは佐藤酒造の麦焼酎として仕込みに取り組み、 [本格焼酎] (米: 国産米, 精米: 非公開)
    ✨ [新規SKU抽出] 佐藤　麦焼酎のページへ [本格焼酎] (米: 国産米, 精米: 非公開)
  👉 佐藤酒造有限会社: 2 件の新規SKUを深層クローリングにより追加登録
[1225/1376] 🏭 ID 57779: 大口酒造株式会社 (鹿児島県) - http://www.isanishiki.com
    ✨ [新規SKU抽出] 本格焼酎によく合う！ [本格焼酎] (米: 国産米, 精米: 非公開)
  👉 大口酒造株式会社: 1 件の新規SKUを深層クローリングにより追加登録
[1226/1376] 🏭 ID 57780: 岩川醸造株式会社 (鹿児島県) - http://www.iwagawa.co.jp
[1227/1376] 🏭 ID 57781: 大隅酒造株式会社 (鹿児島県) - http://www.osumishuzo.co.jp/
[1228/1376] 🏭 ID 57782: 天星酒造株式会社 (鹿児島県) - http://www.tensei-shuzo.com
    ✨ [新規SKU抽出] 芋焼酎を楽しむ [本格焼酎] (米: 国産米, 精米: 非公開)
    ✨ [新規SKU抽出] 芋焼酎の風味造りのマトリックスはこちら [本格焼酎] (米: 国産米, 精米: 非公開)
  👉 天星酒造株式会社: 2 件の新規SKUを深層クローリングにより追加登録
[1229/1376] 🏭 ID 57783: 大海酒造株式会社 (鹿児島県) - http://www.taikai.or.jp/
    ✨ [新規SKU抽出] マイナビおすすめナビの「芋焼酎の人気おすすめ41選」に当社商品が掲載されました！ [本格焼酎] (米: 国産米, 精米: 非公開)
  👉 大海酒造株式会社: 1 件の新規SKUを深層クローリングにより追加登録
[1230/1376] 🏭 ID 57784: 有限会社森伊蔵酒造 (鹿児島県) - https://www.moriizou.com/
[1231/1376] 🏭 ID 57785: 小鹿酒造株式会社 (鹿児島県) - http://www.shochu-kojika.jp/
[1232/1376] 🏭 ID 57786: 髙﨑酒造株式会社 (鹿児島県) - http://www.takasakishuzo.com
    ✨ [新規SKU抽出] 芋焼酎発祥の地 [本格焼酎] (米: 国産米, 精米: 非公開)
    ✨ [新規SKU抽出] 甘露の梅酒 [リキュール] (米: 国産米, 精米: 非公開)
  👉 髙﨑酒造株式会社: 2 件の新規SKUを深層クローリングにより追加登録
[1233/1376] 🏭 ID 57788: 上妻酒造株式会社 (鹿児島県) - http://kouzuma-shuzou.com
[1234/1376] 🏭 ID 57789: 株式会社奄美大島開運酒造 (鹿児島県) - http://www.lento.co.jp
    ✨ [新規SKU抽出] 黒糖焼酎れんとの奄美大島開運酒造 [本格焼酎] (米: 国産米, 精米: 非公開)
    ✨ [新規SKU抽出] 長期熟成黒糖焼酎。 [本格焼酎] (米: 国産米, 精米: 非公開)
    ✨ [新規SKU抽出] 宇検村の工場で誕生させた黒糖焼酎という社歴を刻む逸品です。 [本格焼酎] (米: 国産米, 精米: 非公開)
    ✨ [新規SKU抽出] 世界自然遺産登録記念の黒糖焼酎。 [本格焼酎] (米: 国産米, 精米: 非公開)
    ✨ [新規SKU抽出] 工場見学では奄美黒糖焼酎「れんと」 [本格焼酎] (米: 国産米, 精米: 非公開)
    ✨ [新規SKU抽出] タイトル：旅するれんと in 博多 『奄美黒糖焼酎れんと』街頭サンプリング [本格焼酎] (米: 国産米, 精米: 非公開)
    ✨ [新規SKU抽出] 内容：奄美黒糖焼酎「れんと」サンプル（ [本格焼酎] (米: 国産米, 精米: 非公開)
    ✨ [新規SKU抽出] お知らせ黒糖焼酎「FAU2025」4月10日より蔵出しスタート致します [本格焼酎] (米: 国産米, 精米: 非公開)
    ✨ [新規SKU抽出] お知らせ黒糖焼酎「FAU2025」発売延期のお知らせ [本格焼酎] (米: 国産米, 精米: 非公開)
    ✨ [新規SKU抽出] 新商品ひねって、振って、飲む。新感覚の黒糖焼酎「あま茶」販売開始 [本格焼酎] (米: 国産米, 精米: 非公開)
    ✨ [新規SKU抽出] いつでも、どこでも、淹れたての抹茶の香りと、黒糖焼酎の甘みを楽しめます。 [本格焼酎] (米: 国産米, 精米: 非公開)
    ✨ [新規SKU抽出] １．キャップをひねると抹茶粉末が黒糖焼酎に投入。 [本格焼酎] (米: 国産米, 精米: 非公開)
    ✨ [新規SKU抽出] ３．作りたてだからこそ、ふわっと広がる抹茶の香りと黒糖焼酎の甘み。 [本格焼酎] (米: 国産米, 精米: 非公開)
    ✨ [新規SKU抽出] これからも奄美黒糖焼酎を通じて、地域の伝統と魅力を皆さまにお届けしてまいります。 [本格焼酎] (米: 国産米, 精米: 非公開)
    ✨ [新規SKU抽出] 新商品黒糖焼酎あま茶　新商品名募集キャンペーン結果発表 [本格焼酎] (米: 国産米, 精米: 非公開)
    ✨ [新規SKU抽出] 奄美黒糖焼酎　こだわり三昧セット×1セット [本格焼酎] (米: 国産米, 精米: 非公開)
    ✨ [新規SKU抽出] 奄美大島の霊峰「湯湾岳」の伏流水をたっぷり使った、希少な黒糖焼酎です。 [本格焼酎] (米: 国産米, 精米: 非公開)
  👉 株式会社奄美大島開運酒造: 17 件の新規SKUを深層クローリングにより追加登録
[1235/1376] 🏭 ID 57790: 有限会社富田酒造場 (鹿児島県) - https://www.kokuto-ryugu.co.jp/
    ✨ [新規SKU抽出] 黒糖焼酎の話 [本格焼酎] (米: 国産米, 精米: 非公開)
    ✨ [新規SKU抽出] 黒糖焼酎 [本格焼酎] (米: 国産米, 精米: 非公開)
    ✨ [新規SKU抽出] > 黒糖焼酎 [本格焼酎] (米: 国産米, 精米: 非公開)
    ✨ [新規SKU抽出] — 龍宮 富田真行 奄美黒糖焼酎 (@ryugu_tomita) [本格焼酎] (米: 国産米, 精米: 非公開)
    ✨ [新規SKU抽出] 『黒糖焼酎おもしろい、美味しい』 [本格焼酎] (米: 国産米, 精米: 非公開)
    ✨ [新規SKU抽出] 限定くっかるリキュール [リキュール] (米: 国産米, 精米: 非公開)
    ✨ [新規SKU抽出] 富田酒造場のリキュール”kukkaru”です。 [リキュール] (米: 国産米, 精米: 非公開)
    ✨ [新規SKU抽出] 奄美産のパッションフルーツとたんかんで作ったリキュール。 [リキュール] (米: 国産米, 精米: 非公開)
    ✨ [新規SKU抽出] 黒糖焼酎を飲んだことのない方でも楽しめる味わいです。 [本格焼酎] (米: 国産米, 精米: 非公開)
    ✨ [新規SKU抽出] 富田酒造場のリキュール～kukkaru～ [リキュール] (米: 国産米, 精米: 非公開)
    ✨ [新規SKU抽出] オンザロック・水割り・お湯割り・炭酸割り。梅酒作りのベースに。 [リキュール] (米: 国産米, 精米: 非公開)
  👉 有限会社富田酒造場: 11 件の新規SKUを深層クローリングにより追加登録
[1236/1376] 🏭 ID 57791: 喜界島酒造株式会社 (鹿児島県) - http://www.kurochu.jp/
[1237/1376] 🏭 ID 57792: 高岡醸造株式会社 (鹿児島県) - https://www.takaokazyouzou.com
[1238/1376] 🏭 ID 57794: 奄美酒類株式会社 (鹿児島県) - http://amamishurui.co.jp/
    ✨ [新規SKU抽出] 四つの蔵元で構成される私たちだからこそ造ることのできる本格焼酎をお愉しみください。 [本格焼酎] (米: 国産米, 精米: 非公開)
    ✨ [新規SKU抽出] 黒糖焼酎「奄美」をはじめとしたこだわりの焼酎たちを、ここ徳之島から直送。 [本格焼酎] (米: 国産米, 精米: 非公開)
    ✨ [新規SKU抽出] 黒糖焼酎 [本格焼酎] (米: 国産米, 精米: 非公開)
  👉 奄美酒類株式会社: 3 件の新規SKUを深層クローリングにより追加登録
[1239/1376] 🏭 ID 57796: 沖永良部酒造株式会社 (鹿児島県) - https://www.inenotsuyu.com/
[1240/1376] 🏭 ID 57798: 焼酎蔵 薩州濵田屋伝兵衛 (鹿児島県) - https://www.hamadasyuzou.co.jp/denbee/
    ✨ [新規SKU抽出] 本格芋焼酎 [本格焼酎] (米: 国産米, 精米: 非公開)
    ✨ [新規SKU抽出] その他の本格焼酎 [本格焼酎] (米: 国産米, 精米: 非公開)
    ✨ [新規SKU抽出] リキュール [リキュール] (米: 国産米, 精米: 非公開)
    ✨ [新規SKU抽出] 本格焼酎 [本格焼酎] (米: 国産米, 精米: 非公開)
    ✨ [新規SKU抽出] 造られた本格焼酎をお楽しみいただけます。 [本格焼酎] (米: 国産米, 精米: 非公開)
    ✨ [新規SKU抽出] 本格焼酎 斉彬乃夢 [本格焼酎] (米: 国産米, 精米: 非公開)
    ✨ [新規SKU抽出] 伝統製法による本格芋焼酎原酒 [本格焼酎] (米: 国産米, 精米: 非公開)
    ✨ [新規SKU抽出] 伝統製法にこだわった本格芋焼酎 [本格焼酎] (米: 国産米, 精米: 非公開)
    ✨ [新規SKU抽出] 平成30年鹿児島県本格焼酎鑑評会総裁賞代表受賞 [本格焼酎] (米: 国産米, 精米: 非公開)
    ✨ [新規SKU抽出] 麦麹で仕込んだ本格麦焼酎 [本格焼酎] (米: 国産米, 精米: 非公開)
    ✨ [新規SKU抽出] どんぶり仕込みの本格芋焼酎 [本格焼酎] (米: 国産米, 精米: 非公開)
    ✨ [新規SKU抽出] 仕込んだ本格芋焼酎 [本格焼酎] (米: 国産米, 精米: 非公開)
    ✨ [新規SKU抽出] 黄金麹仕込みの本格芋焼酎 [本格焼酎] (米: 国産米, 精米: 非公開)
    ✨ [新規SKU抽出] 長期貯蔵本格芋焼酎 [本格焼酎] (米: 国産米, 精米: 非公開)
    ✨ [新規SKU抽出] 香り豊かな本格麦焼酎 [本格焼酎] (米: 国産米, 精米: 非公開)
    ✨ [新規SKU抽出] 濃厚で香ばしい本格麦焼酎 [本格焼酎] (米: 国産米, 精米: 非公開)
    ✨ [新規SKU抽出] 薩摩の純米酒 [純米酒] (米: 国産米, 精米: 非公開)
    ✨ [新規SKU抽出] 清酒 薩州正宗　純米吟醸酒 [純米吟醸酒] (米: 国産米, 精米: 非公開)
    ✨ [新規SKU抽出] 純米吟醸酒 [純米吟醸酒] (米: 国産米, 精米: 非公開)
    ✨ [新規SKU抽出] 金山蔵梅酒 長期貯蔵 [リキュール] (米: 国産米, 精米: 非公開)
    ✨ [新規SKU抽出] 鹿児島県産の南高梅を使用した芋焼酎仕込みの梅酒 [リキュール] (米: 国産米, 精米: 非公開)
    ✨ [新規SKU抽出] 本格麦焼酎に紀州産の梅を使用し、 [本格焼酎] (米: 国産米, 精米: 非公開)
    ✨ [新規SKU抽出] 梅のエキスを抽出して生まれた「本格梅酒」 [リキュール] (米: 国産米, 精米: 非公開)
    ✨ [新規SKU抽出] 特別な日にお父さんへ。ビンテージ熟成の本格芋焼酎 [本格焼酎] (米: 国産米, 精米: 非公開)
    ✨ [新規SKU抽出] 有機JAS認証の確かな品質。七つのこだわりから生まれた有機芋焼酎「なゝこ」 [本格焼酎] (米: 国産米, 精米: 非公開)
    ✨ [新規SKU抽出] 厳選した大麦を麦麹（白麹）で仕込んだ本格麦焼酎。 [本格焼酎] (米: 国産米, 精米: 非公開)
    ✨ [新規SKU抽出] その他の本格焼酎 - 伝兵衛蔵 [本格焼酎] (米: 国産米, 精米: 非公開)
    ✨ [新規SKU抽出] 長期甕貯蔵した本格米焼酎 [本格焼酎] (米: 国産米, 精米: 非公開)
    ✨ [新規SKU抽出] 琥珀色の本格麦焼酎 [本格焼酎] (米: 国産米, 精米: 非公開)
    ✨ [新規SKU抽出] じっくりと経た時の味わいをかもす、貯蔵麦焼酎ができました。 [本格焼酎] (米: 国産米, 精米: 非公開)
    ✨ [新規SKU抽出] リキュール - 伝兵衛蔵 [リキュール] (米: 国産米, 精米: 非公開)
    ✨ [新規SKU抽出] なゝこ（ななこ）梅酒 [リキュール] (米: 国産米, 精米: 非公開)
    ✨ [新規SKU抽出] ディスカバリージャパン　レモンリキュール [リキュール] (米: 国産米, 精米: 非公開)
    ✨ [新規SKU抽出] 広島県瀬戸田町産エコレモン果汁を100％使用したレモンリキュール [リキュール] (米: 国産米, 精米: 非公開)
    ✨ [新規SKU抽出] 焼みつき芋 和のスイーツリキュール [リキュール] (米: 国産米, 精米: 非公開)
    ✨ [新規SKU抽出] 芋焼酎の新酒を使用したスイーツ感覚の贅沢なクラフトリキュール。 [リキュール] (米: 国産米, 精米: 非公開)
    ✨ [新規SKU抽出] 栄養豊富なプルーンと鹿児島県産本格麦焼酎を使用した、 [本格焼酎] (米: 国産米, 精米: 非公開)
    ✨ [新規SKU抽出] 香料・着色料・酸味料無添加のプルーンリキュール [リキュール] (米: 国産米, 精米: 非公開)
    ✨ [新規SKU抽出] いちき串木野産のぽんかんを使用したリキュール [リキュール] (米: 国産米, 精米: 非公開)
    ✨ [新規SKU抽出] 清酒 薩州正宗 純米酒 [純米酒] (米: 国産米, 精米: 非公開)
    ✨ [新規SKU抽出] 杜氏が手がける薩摩の純米酒 [純米酒] (米: 国産米, 精米: 非公開)
    ✨ [新規SKU抽出] なゝこ（ななこ）梅酒 - 伝兵衛蔵 [リキュール] (米: 国産米, 精米: 非公開)
    ✨ [新規SKU抽出] 選んだのは七つの古のこだわりを持つ本格芋焼酎「古式有機原酒なゝこ」。 [本格焼酎] (米: 国産米, 精米: 非公開)
    ✨ [新規SKU抽出] 本格焼酎、梅、砂糖 [本格焼酎] (米: 国産米, 精米: 非公開)
    ✨ [新規SKU抽出] 清酒 薩州正宗 純米吟醸酒 [純米吟醸酒] (米: 国産米, 精米: 非公開)
    ✨ [新規SKU抽出] 杜氏が手がける薩摩の純米吟醸酒 [純米吟醸酒] (米: 国産米, 精米: 非公開)
    ✨ [新規SKU抽出] まろやかに熟成した本格芋焼酎 [本格焼酎] (米: 国産米, 精米: 非公開)
  👉 焼酎蔵 薩州濵田屋伝兵衛: 47 件の新規SKUを深層クローリングにより追加登録
[1241/1376] 🏭 ID 57799: 濵田酒造株式会社 傳藏院蔵 (鹿児島県) - https://www.hamadasyuzou.co.jp/
[1242/1376] 🏭 ID 57800: 新平酒造株式会社 (鹿児島県) - http://www.shinhira.co.jp/
    ✨ [新規SKU抽出] 令和7酒造年度 鹿児島県本格焼酎鑑評会”優等賞”受賞のお知らせ [本格焼酎] (米: 国産米, 精米: 非公開)
    ✨ [新規SKU抽出] 木樽蒸留器と芋焼酎の造りを [本格焼酎] (米: 国産米, 精米: 非公開)
  👉 新平酒造株式会社: 2 件の新規SKUを深層クローリングにより追加登録
[1243/1376] 🏭 ID 57802: 本坊酒造株式会社 屋久島伝承蔵 (鹿児島県) - http://www.hombo.co.jp
    ✨ [新規SKU抽出] リキュール [リキュール] (米: 国産米, 精米: 非公開)
    ✨ [新規SKU抽出] 上等梅酒 ロゴ [リキュール] (米: 国産米, 精米: 非公開)
    ✨ [新規SKU抽出] 上等梅酒 ボトル [リキュール] (米: 国産米, 精米: 非公開)
    ✨ [新規SKU抽出] 上等梅酒 [リキュール] (米: 国産米, 精米: 非公開)
    ✨ [新規SKU抽出] 本格梅酒 [リキュール] (米: 国産米, 精米: 非公開)
    ✨ [新規SKU抽出] 地域に育まれた リキュール酒 [リキュール] (米: 国産米, 精米: 非公開)
    ✨ [新規SKU抽出] 地域に育まれた リキュール [リキュール] (米: 国産米, 精米: 非公開)
    ✨ [新規SKU抽出] 世界品質。磨き蒸留でかろやかに仕立てた芋焼酎 [本格焼酎] (米: 国産米, 精米: 非公開)
    ✨ [新規SKU抽出] 焼き芋を思わせる香ばしさの芋焼酎 [本格焼酎] (米: 国産米, 精米: 非公開)
    ✨ [新規SKU抽出] 香り高く上品な芋香の芋焼酎 [本格焼酎] (米: 国産米, 精米: 非公開)
    ✨ [新規SKU抽出] 本格芋焼酎「さくらじま」の原酒 [本格焼酎] (米: 国産米, 精米: 非公開)
    ✨ [新規SKU抽出] 「毎年秋の限定蔵出し」南薩摩伝統の黒麹芋焼酎の原酒 [本格焼酎] (米: 国産米, 精米: 非公開)
    ✨ [新規SKU抽出] ウイスキー樽で追加熟成した芋焼酎 [本格焼酎] (米: 国産米, 精米: 非公開)
    ✨ [新規SKU抽出] 黒麹かめ壷仕込み芋焼酎 [本格焼酎] (米: 国産米, 精米: 非公開)
    ✨ [新規SKU抽出] 甕仕込み甕貯蔵の芋焼酎 [本格焼酎] (米: 国産米, 精米: 非公開)
    ✨ [新規SKU抽出] 芋麹仕立ての全量芋焼酎 [本格焼酎] (米: 国産米, 精米: 非公開)
    ✨ [新規SKU抽出] 黄麹仕立ての芋焼酎 [本格焼酎] (米: 国産米, 精米: 非公開)
    ✨ [新規SKU抽出] ワイングラスで味わう芋焼酎 [本格焼酎] (米: 国産米, 精米: 非公開)
    ✨ [新規SKU抽出] 黒麹かめ壷仕込み芋焼酎原酒 [本格焼酎] (米: 国産米, 精米: 非公開)
    ✨ [新規SKU抽出] ほんのり香るカシスの香りの芋焼酎 [本格焼酎] (米: 国産米, 精米: 非公開)
    ✨ [新規SKU抽出] 屋久島産手造り甕壷仕込み芋焼酎 [本格焼酎] (米: 国産米, 精米: 非公開)
    ✨ [新規SKU抽出] 屋久島産手造り甕壷仕込み芋焼酎原酒 [本格焼酎] (米: 国産米, 精米: 非公開)
    ✨ [新規SKU抽出] 屋久島産地杉樽熟成の芋焼酎 [本格焼酎] (米: 国産米, 精米: 非公開)
    ✨ [新規SKU抽出] 屋久島産手造り甕仕込み芋焼酎原酒 [本格焼酎] (米: 国産米, 精米: 非公開)
    ✨ [新規SKU抽出] 長期貯蔵 芋焼酎原酒 [本格焼酎] (米: 国産米, 精米: 非公開)
    ✨ [新規SKU抽出] 世界自然遺産の島 屋久島産の手造り麦焼酎 [本格焼酎] (米: 国産米, 精米: 非公開)
    ✨ [新規SKU抽出] 屋久島産手造り麦焼酎 [本格焼酎] (米: 国産米, 精米: 非公開)
    ✨ [新規SKU抽出] 薩摩芋焼酎 [本格焼酎] (米: 国産米, 精米: 非公開)
    ✨ [新規SKU抽出] 手造り甕仕込み。「さつまおはら」の復刻芋焼酎 [本格焼酎] (米: 国産米, 精米: 非公開)
    ✨ [新規SKU抽出] 昔懐かしい。濃厚で芋臭いにごり芋焼酎 [本格焼酎] (米: 国産米, 精米: 非公開)
    ✨ [新規SKU抽出] 磨き造り 手造り甕仕込み 芋焼酎 [本格焼酎] (米: 国産米, 精米: 非公開)
    ✨ [新規SKU抽出] オーク樽貯蔵熟成の米焼酎 [本格焼酎] (米: 国産米, 精米: 非公開)
    ✨ [新規SKU抽出] 手造り甕仕込み本格麦焼酎 [本格焼酎] (米: 国産米, 精米: 非公開)
    ✨ [新規SKU抽出] 薩摩伝統の手造り錫蛇管蒸留機で蒸留した芋焼酎 [本格焼酎] (米: 国産米, 精米: 非公開)
    ✨ [新規SKU抽出] 薩摩伝統の手造り錫蛇管蒸留機で蒸留したみちしずくの芋焼酎 [本格焼酎] (米: 国産米, 精米: 非公開)
    ✨ [新規SKU抽出] 減圧蒸留の米焼酎をブレンドした甲乙混和焼酎 [本格焼酎] (米: 国産米, 精米: 非公開)
    ✨ [新規SKU抽出] 霧島山系天然水使用 貯蔵熟成芋焼酎 [本格焼酎] (米: 国産米, 精米: 非公開)
    ✨ [新規SKU抽出] 樫樽貯蔵 本格麦焼酎 [本格焼酎] (米: 国産米, 精米: 非公開)
    ✨ [新規SKU抽出] 黒麹麦焼酎 南洲 [本格焼酎] (米: 国産米, 精米: 非公開)
    ✨ [新規SKU抽出] 麦焼酎 一尋 [本格焼酎] (米: 国産米, 精米: 非公開)
    ✨ [新規SKU抽出] 黒麹甕壷仕込みの本格麦焼酎 [本格焼酎] (米: 国産米, 精米: 非公開)
    ✨ [新規SKU抽出] 最高級クルーズトレイン「ななつ星」限定販売の本格焼酎 [本格焼酎] (米: 国産米, 精米: 非公開)
    ✨ [新規SKU抽出] 紅黄金芋を使った限定の芋焼酎 [本格焼酎] (米: 国産米, 精米: 非公開)
    ✨ [新規SKU抽出] 穂坂日之城のテロワールをシャルドネのスパークリングで表現したワイン [普通酒] (米: 国産米, 精米: 非公開)
    ✨ [新規SKU抽出] 甲州 オランジュ・グリ スパークリング [普通酒] (米: 国産米, 精米: 非公開)
    ✨ [新規SKU抽出] 甲州から造ったオレンジのスパークリングワイン [普通酒] (米: 国産米, 精米: 非公開)
    ✨ [新規SKU抽出] マルス シャルドネ スパークリング [普通酒] (米: 国産米, 精米: 非公開)
    ✨ [新規SKU抽出] シャルドネから造った辛口のスパークリングワイン [普通酒] (米: 国産米, 精米: 非公開)
    ✨ [新規SKU抽出] 牧丘 甲州 スパークリング [普通酒] (米: 国産米, 精米: 非公開)
    ✨ [新規SKU抽出] 果実の甘さが特徴のやや甘口スパークリング [普通酒] (米: 国産米, 精米: 非公開)
    ✨ [新規SKU抽出] マルス 甲州 スパークリング [普通酒] (米: 国産米, 精米: 非公開)
    ✨ [新規SKU抽出] 心地よい爽快感を与えてくれる辛口スパークリングワイン [普通酒] (米: 国産米, 精米: 非公開)
    ✨ [新規SKU抽出] マルス マスカット・ベーリーA スパークリング ロゼ [普通酒] (米: 国産米, 精米: 非公開)
    ✨ [新規SKU抽出] やや甘口のスパークリング ロゼワイン [普通酒] (米: 国産米, 精米: 非公開)
    ✨ [新規SKU抽出] デラウェア スパークリング [普通酒] (米: 国産米, 精米: 非公開)
    ✨ [新規SKU抽出] 爽やかな甘味に満ちた味わいのスパークリングワイン [普通酒] (米: 国産米, 精米: 非公開)
    ✨ [新規SKU抽出] フルーティな香りが心地よい小瓶サイズのスパークリング [普通酒] (米: 国産米, 精米: 非公開)
    ✨ [新規SKU抽出] ワンランク上の本格梅酒 [リキュール] (米: 国産米, 精米: 非公開)
    ✨ [新規SKU抽出] 上等梅酒 黒糖 [リキュール] (米: 国産米, 精米: 非公開)
    ✨ [新規SKU抽出] 黒砂糖で仕込む本格梅酒 [リキュール] (米: 国産米, 精米: 非公開)
    ✨ [新規SKU抽出] 上等梅酒 知覧茶 [リキュール] (米: 国産米, 精米: 非公開)
    ✨ [新規SKU抽出] 知覧茶葉を使った緑茶の梅酒 [リキュール] (米: 国産米, 精米: 非公開)
    ✨ [新規SKU抽出] 上等梅酒 ゆず [リキュール] (米: 国産米, 精米: 非公開)
    ✨ [新規SKU抽出] 爽やかでフレッシュなゆずの梅酒 [リキュール] (米: 国産米, 精米: 非公開)
    ✨ [新規SKU抽出] 源次郎 梅酒 [リキュール] (米: 国産米, 精米: 非公開)
    ✨ [新規SKU抽出] 源次郎梅園の本格梅酒 [リキュール] (米: 国産米, 精米: 非公開)
    ✨ [新規SKU抽出] 貴匠蔵梅酒 [リキュール] (米: 国産米, 精米: 非公開)
    ✨ [新規SKU抽出] 芋焼酎原酒で仕込んだ本格梅酒 [リキュール] (米: 国産米, 精米: 非公開)
    ✨ [新規SKU抽出] ウイスキー蒸溜所ならではの本格梅酒 [リキュール] (米: 国産米, 精米: 非公開)
    ✨ [新規SKU抽出] 星舎無添加 梅酒 [リキュール] (米: 国産米, 精米: 非公開)
    ✨ [新規SKU抽出] 自然な味わいの本格梅酒 [リキュール] (米: 国産米, 精米: 非公開)
    ✨ [新規SKU抽出] 宝星梅酒 [リキュール] (米: 国産米, 精米: 非公開)
    ✨ [新規SKU抽出] 自然な味わいの無添加梅酒 [リキュール] (米: 国産米, 精米: 非公開)
    ✨ [新規SKU抽出] 40年以上寝かせた薬草酒ベースのリキュール [リキュール] (米: 国産米, 精米: 非公開)
    ✨ [新規SKU抽出] たんかんと森の酵母のリキュール [リキュール] (米: 国産米, 精米: 非公開)
    ✨ [新規SKU抽出] 30年以上寝かせた薬草リキュール [リキュール] (米: 国産米, 精米: 非公開)
    ✨ [新規SKU抽出] 全国梅酒品評会 2018 [リキュール] (米: 国産米, 精米: 非公開)
    ✨ [新規SKU抽出] ブランデーブレンド梅酒 部門 [リキュール] (米: 国産米, 精米: 非公開)
    ✨ [新規SKU抽出] リキュール 部門 [リキュール] (米: 国産米, 精米: 非公開)
    ✨ [新規SKU抽出] フルーツリキュール 部門 [リキュール] (米: 国産米, 精米: 非公開)
    ✨ [新規SKU抽出] リキュールコンクール 梅酒部門 [リキュール] (米: 国産米, 精米: 非公開)
    ✨ [新規SKU抽出] 梅酒コンクール部門 [リキュール] (米: 国産米, 精米: 非公開)
    ✨ [新規SKU抽出] 全国梅酒品評会 [リキュール] (米: 国産米, 精米: 非公開)
    ✨ [新規SKU抽出] ワンランク上の梅酒 [リキュール] (米: 国産米, 精米: 非公開)
    ✨ [新規SKU抽出] 戦前から愛される無添加本格梅酒 [リキュール] (米: 国産米, 精米: 非公開)
    ✨ [新規SKU抽出] 梅酒の仕込蔵 [リキュール] (米: 国産米, 精米: 非公開)
    ✨ [新規SKU抽出] 梅酒の仕込蔵「星舎蔵（ほしやぐら）」 [リキュール] (米: 国産米, 精米: 非公開)
    ✨ [新規SKU抽出] 芋焼酎部門 [本格焼酎] (米: 国産米, 精米: 非公開)
    ✨ [新規SKU抽出] 鹿児島県本格焼酎鑑評会 [本格焼酎] (米: 国産米, 精米: 非公開)
    ✨ [新規SKU抽出] スパークリングワイン ロゴ [普通酒] (米: 国産米, 精米: 非公開)
    ✨ [新規SKU抽出] スパークリングワイン ボトル [普通酒] (米: 国産米, 精米: 非公開)
    ✨ [新規SKU抽出] スパークリングワイン [普通酒] (米: 国産米, 精米: 非公開)
  👉 本坊酒造株式会社 屋久島伝承蔵: 92 件の新規SKUを深層クローリングにより追加登録
[1244/1376] 🏭 ID 57803: 本坊酒造株式会社 鹿児島工場 (鹿児島県) - http://www.hombo.co.jp
[1245/1376] 🏭 ID 57804: 本坊酒造株式会社 知覧蒸溜所 (鹿児島県) - http://www.hombo.co.jp
[1246/1376] 🏭 ID 57805: 本坊酒造株式会社 津貫蒸溜所 (鹿児島県) - http://www.hombo.co.jp
[1247/1376] 🏭 ID 57806: 知覧醸造株式会社 (鹿児島県) - https://chiranjozo.co.jp/
    ✨ [新規SKU抽出] 知覧醸造 鹿児島本格焼酎の蔵元 [本格焼酎] (米: 国産米, 精米: 非公開)
    ✨ [新規SKU抽出] 本格焼酎ができるまで [本格焼酎] (米: 国産米, 精米: 非公開)
    ✨ [新規SKU抽出] 本格焼酎 正木 [本格焼酎] (米: 国産米, 精米: 非公開)
    ✨ [新規SKU抽出] ― 本格焼酎・泡盛コンクール 2021 ― [泡盛] (米: 国産米, 精米: 非公開)
    ✨ [新規SKU抽出] 芋焼酎部門 審査員賞 受賞、芋焼酎部門 プラチナ賞 受賞 [本格焼酎] (米: 国産米, 精米: 非公開)
    ✨ [新規SKU抽出] 本格焼酎 [本格焼酎] (米: 国産米, 精米: 非公開)
    ✨ [新規SKU抽出] 本格焼酎 正木 | 知覧醸造 [本格焼酎] (米: 国産米, 精米: 非公開)
  👉 知覧醸造株式会社: 7 件の新規SKUを深層クローリングにより追加登録
[1248/1376] 🏭 ID 57807: 種子島酒造株式会社 (鹿児島県) - http://www.tanegasima.co.jp/
[1249/1376] 🏭 ID 57810: アットスター株式会社 (鹿児島県) - http://www.satsuma-ran.com
[1250/1376] 🏭 ID 57811: 株式会社西平本家 (鹿児島県) - http://www.kokutou-shochu.com/
    ✨ [新規SKU抽出] 熊本国税局 令和8年酒類鑑評会 奄美黒糖焼酎「氣（白麹仕込み）」が優等賞受賞！ [本格焼酎] (米: 国産米, 精米: 非公開)
    ✨ [新規SKU抽出] 令和7酒造年度 鹿児島県本格焼酎鑑評会で優等賞受賞 [本格焼酎] (米: 国産米, 精米: 非公開)
    ✨ [新規SKU抽出] 西平本家の黒糖焼酎 [本格焼酎] (米: 国産米, 精米: 非公開)
    ✨ [新規SKU抽出] 伝統の技が極める奄美黒糖焼酎 [本格焼酎] (米: 国産米, 精米: 非公開)
    ✨ [新規SKU抽出] 「氣」は令和元酒造年度鹿児島県本格焼酎鑑評会において総裁賞代表受賞（黒糖部門）。 [本格焼酎] (米: 国産米, 精米: 非公開)
  👉 株式会社西平本家: 5 件の新規SKUを深層クローリングにより追加登録
[1253/1376] 🏭 ID 57816: 鹿児島酒造株式会社 (鹿児島県) - http://www.kagoshimasyuzou.jp/
    ✨ [新規SKU抽出] 焼き芋焼酎　やきいも原酒 [本格焼酎] (米: 国産米, 精米: 非公開)
    ✨ [新規SKU抽出] 焼き芋焼酎　やきいも黒瀬 [本格焼酎] (米: 国産米, 精米: 非公開)
    ✨ [新規SKU抽出] 鹿児島県産芋焼酎　鹿粋 [本格焼酎] (米: 国産米, 精米: 非公開)
    ✨ [新規SKU抽出] 焼き芋焼酎　元祖やきいも [本格焼酎] (米: 国産米, 精米: 非公開)
  👉 鹿児島酒造株式会社: 4 件の新規SKUを深層クローリングにより追加登録
[1254/1376] 🏭 ID 57817: 太久保酒造株式会社 (鹿児島県) - http://ookuboshuzo.com
    ✨ [新規SKU抽出] 太久保酒造が考える、鹿児島芋焼酎（白麹）のスタンダード [本格焼酎] (米: 国産米, 精米: 非公開)
    ✨ [新規SKU抽出] 太久保酒造が考える、鹿児島芋焼酎（黒麹）のスタンダード [本格焼酎] (米: 国産米, 精米: 非公開)
    ✨ [新規SKU抽出] 焼き芋焼酎 杜の妖精 [本格焼酎] (米: 国産米, 精米: 非公開)
    ✨ [新規SKU抽出] 赤ワイン樽由来の酸味が新しい、新感覚の芋焼酎 [本格焼酎] (米: 国産米, 精米: 非公開)
    ✨ [新規SKU抽出] 樽由来のバニラ香と甘みが際立つ、新感覚の芋焼酎 [本格焼酎] (米: 国産米, 精米: 非公開)
    ✨ [新規SKU抽出] 幕末から明治にかけての鹿児島のサムライたちが飲んでいたであろう芋焼酎の復刻。 [本格焼酎] (米: 国産米, 精米: 非公開)
    ✨ [新規SKU抽出] 焼き芋焼酎 紅はるか [本格焼酎] (米: 国産米, 精米: 非公開)
    ✨ [新規SKU抽出] 焼き芋焼酎 [本格焼酎] (米: 国産米, 精米: 非公開)
    ✨ [新規SKU抽出] 芋焼酎古酒をさらに樽にて熟成させ、樽由来のバニラ香と甘みをプラスしました。 [本格焼酎] (米: 国産米, 精米: 非公開)
  👉 太久保酒造株式会社: 9 件の新規SKUを深層クローリングにより追加登録
[1255/1376] 🏭 ID 57819: 白金酒造株式会社 (鹿児島県) - http://www.shirakane.jp/
    ✨ [新規SKU抽出] 併設の売店では、白金酒造の焼酎、リキュール等を100種類以上販売しております。 [リキュール] (米: 国産米, 精米: 非公開)
    ✨ [新規SKU抽出] 35年長期熟成米焼酎「波の花」 [本格焼酎] (米: 国産米, 精米: 非公開)
    ✨ [新規SKU抽出] リキュール [リキュール] (米: 国産米, 精米: 非公開)
    ✨ [新規SKU抽出] ＜本格焼酎＞原材料/さつま芋・米こうじ(国産米) [本格焼酎] (米: 国産米, 精米: 非公開)
    ✨ [新規SKU抽出] ・鹿児島県本格焼酎酒類鑑評会　優等賞 [本格焼酎] (米: 国産米, 精米: 非公開)
    ✨ [新規SKU抽出] ＜本格焼酎＞ [本格焼酎] (米: 国産米, 精米: 非公開)
    ✨ [新規SKU抽出] ・鹿児島県本格焼酎酒類鑑評会　優等賞（総裁賞） [本格焼酎] (米: 国産米, 精米: 非公開)
    ✨ [新規SKU抽出] １、Twitterアカウント「薩摩芋焼酎　白金酒造公式」をフォロー [本格焼酎] (米: 国産米, 精米: 非公開)
    ✨ [新規SKU抽出] 期間中に「鼓鞍乃夏　芋焼酎＋梅酒」のセットを限定80セット販売致します。 [リキュール] (米: 国産米, 精米: 非公開)
  👉 白金酒造株式会社: 9 件の新規SKUを深層クローリングにより追加登録
[1256/1376] 🏭 ID 57820: 日當山醸造株式会社 (鹿児島県) - http://hinatayamajyouzou.com/
    ✨ [新規SKU抽出] 麹造りから熟成まで美味しい焼酎造りに真心を注ぎ、本格焼酎の旨さを追求しています。 [本格焼酎] (米: 国産米, 精米: 非公開)
    ✨ [新規SKU抽出] 代表銘柄の芋焼酎「アサヒ」は「立ち上る朝日の如く、 [本格焼酎] (米: 国産米, 精米: 非公開)
    ✨ [新規SKU抽出] がっつり骨太、薩摩の芋焼酎 [本格焼酎] (米: 国産米, 精米: 非公開)
    ✨ [新規SKU抽出] 本格芋焼酎アサヒ [本格焼酎] (米: 国産米, 精米: 非公開)
    ✨ [新規SKU抽出] コクとキレを持ち合わせる骨太の味わいと、薫る甘味の本格焼酎。 [本格焼酎] (米: 国産米, 精米: 非公開)
    ✨ [新規SKU抽出] 本格芋焼酎アサヒゴールド [本格焼酎] (米: 国産米, 精米: 非公開)
    ✨ [新規SKU抽出] 本格芋焼酎アサヒブラック [本格焼酎] (米: 国産米, 精米: 非公開)
    ✨ [新規SKU抽出] 本格芋焼酎 アサヒピンク [本格焼酎] (米: 国産米, 精米: 非公開)
  👉 日當山醸造株式会社: 8 件の新規SKUを深層クローリングにより追加登録
[1257/1376] 🏭 ID 57821: 白露カンパニー株式会社 (鹿児島県) - https://www.shiratsuyu.jp
    ✨ [新規SKU抽出] 薩摩の麦焼酎 [本格焼酎] (米: 国産米, 精米: 非公開)
    ✨ [新規SKU抽出] 減圧蒸留で醸造した麦焼酎を屋久杉の樽の中でゆっくりと貯蔵熟成させた焼酎。 [本格焼酎] (米: 国産米, 精米: 非公開)
    ✨ [新規SKU抽出] 本格芋焼酎・麦焼酎・梅酒 [リキュール] (米: 国産米, 精米: 非公開)
    ✨ [新規SKU抽出] 本格芋焼酎(セット商品) [本格焼酎] (米: 国産米, 精米: 非公開)
    ✨ [新規SKU抽出] 本格芋焼酎・リキュール(セット商品) [リキュール] (米: 国産米, 精米: 非公開)
    ✨ [新規SKU抽出] 本格芋焼酎 [本格焼酎] (米: 国産米, 精米: 非公開)
    ✨ [新規SKU抽出] 本格麦焼酎 [本格焼酎] (米: 国産米, 精米: 非公開)
    ✨ [新規SKU抽出] リキュール [リキュール] (米: 国産米, 精米: 非公開)
    ✨ [新規SKU抽出] 本格焼酎・梅酒 [リキュール] (米: 国産米, 精米: 非公開)
  👉 白露カンパニー株式会社: 9 件の新規SKUを深層クローリングにより追加登録
[1258/1376] 🏭 ID 57822: 農業法人 八千代伝酒造株式会社 (鹿児島県) - https://yagishuzou.co.jp/
    ✨ [新規SKU抽出] 本格芋焼酎 [本格焼酎] (米: 国産米, 精米: 非公開)
    ✨ [新規SKU抽出] 本格麦焼酎 [本格焼酎] (米: 国産米, 精米: 非公開)
    ✨ [新規SKU抽出] 鹿児島県本格焼酎鑑評会総裁賞代表受賞 [本格焼酎] (米: 国産米, 精米: 非公開)
  👉 農業法人 八千代伝酒造株式会社: 3 件の新規SKUを深層クローリングにより追加登録
[1259/1376] 🏭 ID 57823: 株式会社奄美大島開運酒造奄美伝承蔵 (鹿児島県) - http://watari69.com/
[1260/1376] 🏭 ID 57825: 吹上焼酎株式会社 (鹿児島県) - http://www.fukiage.co.jp
    ✨ [新規SKU抽出] 本格焼酎・芋焼酎-お土産にも最適な「せごどん」の蔵元です。 [本格焼酎] (米: 国産米, 精米: 非公開)
    ✨ [新規SKU抽出] 令和7年 熊本国税局酒類鑑評会にて、『小松帯刀（芋焼酎）』が優等賞受賞 [本格焼酎] (米: 国産米, 精米: 非公開)
    ✨ [新規SKU抽出] 受け継がれた本格焼酎。 [本格焼酎] (米: 国産米, 精米: 非公開)
    ✨ [新規SKU抽出] さつまいも特有の芳香とソフトな口当たりが特長の本格芋焼酎です。 [本格焼酎] (米: 国産米, 精米: 非公開)
    ✨ [新規SKU抽出] 樫樽貯蔵の華やかな香りと味を加えたとびっきりの本格麦焼酎です。 [本格焼酎] (米: 蔵の華, 精米: 非公開)
  👉 吹上焼酎株式会社: 5 件の新規SKUを深層クローリングにより追加登録
[1261/1376] 🏭 ID 57826: 薩摩酒造株式会社 頴娃蒸溜所 (鹿児島県) - http://www.satsuma.co.jp/
    ✨ [新規SKU抽出] 芋焼酎：さつま白波 [本格焼酎] (米: 国産米, 精米: 非公開)
    ✨ [新規SKU抽出] 芋焼酎：さつま白波新酒 [本格焼酎] (米: 国産米, 精米: 非公開)
    ✨ [新規SKU抽出] 芋焼酎：黒白波 [本格焼酎] (米: 国産米, 精米: 非公開)
    ✨ [新規SKU抽出] 芋焼酎：さくら白波 [本格焼酎] (米: 国産米, 精米: 非公開)
    ✨ [新規SKU抽出] 芋焼酎：MUGEN白波 [本格焼酎] (米: 国産米, 精米: 非公開)
    ✨ [新規SKU抽出] 芋焼酎：MUGEN白波 The Tropical Wave [本格焼酎] (米: 国産米, 精米: 非公開)
    ✨ [新規SKU抽出] 芋焼酎：MUGEN白波 THE COOL WAVE [本格焼酎] (米: 国産米, 精米: 非公開)
    ✨ [新規SKU抽出] 芋焼酎：MUGEN白波 The Rich Wave [本格焼酎] (米: 国産米, 精米: 非公開)
    ✨ [新規SKU抽出] 芋焼酎：別撰MUGEN白波 [本格焼酎] (米: 国産米, 精米: 非公開)
    ✨ [新規SKU抽出] 芋焼酎：MUGEN白波 The Splash Wave [本格焼酎] (米: 国産米, 精米: 非公開)
    ✨ [新規SKU抽出] 芋焼酎：MUGEN白波 The Passion Wave [本格焼酎] (米: 国産米, 精米: 非公開)
    ✨ [新規SKU抽出] 芋焼酎：彩響 [本格焼酎] (米: 国産米, 精米: 非公開)
    ✨ [新規SKU抽出] 芋焼酎：さつまあかね [本格焼酎] (米: 国産米, 精米: 非公開)
    ✨ [新規SKU抽出] 芋焼酎：赤薩摩 [本格焼酎] (米: 国産米, 精米: 非公開)
    ✨ [新規SKU抽出] 芋焼酎：黒薩摩 [本格焼酎] (米: 国産米, 精米: 非公開)
    ✨ [新規SKU抽出] 芋焼酎：枕崎 [本格焼酎] (米: 国産米, 精米: 非公開)
    ✨ [新規SKU抽出] 芋焼酎：明治の正中 [本格焼酎] (米: 国産米, 精米: 非公開)
    ✨ [新規SKU抽出] 芋焼酎：伝承白波 [本格焼酎] (米: 国産米, 精米: 非公開)
    ✨ [新規SKU抽出] 芋焼酎：さつま白波原酒 [本格焼酎] (米: 国産米, 精米: 非公開)
    ✨ [新規SKU抽出] 芋焼酎：薩摩豪 [本格焼酎] (米: 国産米, 精米: 非公開)
    ✨ [新規SKU抽出] 芋焼酎：黄金萬貫 [本格焼酎] (米: 国産米, 精米: 非公開)
    ✨ [新規SKU抽出] 芋焼酎：南之方 [本格焼酎] (米: 国産米, 精米: 非公開)
    ✨ [新規SKU抽出] 芋焼酎：粒露 [本格焼酎] (米: 国産米, 精米: 非公開)
    ✨ [新規SKU抽出] 芋焼酎：きばいやんせ [本格焼酎] (米: 国産米, 精米: 非公開)
    ✨ [新規SKU抽出] 芋焼酎：花しらなみ [本格焼酎] (米: 国産米, 精米: 非公開)
    ✨ [新規SKU抽出] 芋焼酎：黒瀬 [本格焼酎] (米: 国産米, 精米: 非公開)
    ✨ [新規SKU抽出] 芋焼酎：芋屋波平 [本格焼酎] (米: 国産米, 精米: 非公開)
    ✨ [新規SKU抽出] 芋焼酎：宵の灯 [本格焼酎] (米: 国産米, 精米: 非公開)
    ✨ [新規SKU抽出] 芋焼酎：The SG Shochu [本格焼酎] (米: 国産米, 精米: 非公開)
    ✨ [新規SKU抽出] 芋焼酎：白波ブランド　12度ペット [本格焼酎] (米: 国産米, 精米: 非公開)
    ✨ [新規SKU抽出] 麦焼酎：神の河 [本格焼酎] (米: 国産米, 精米: 非公開)
    ✨ [新規SKU抽出] 麦焼酎：神の河Light [本格焼酎] (米: 国産米, 精米: 非公開)
    ✨ [新規SKU抽出] 麦焼酎：琥珀の夢 [本格焼酎] (米: 国産米, 精米: 非公開)
    ✨ [新規SKU抽出] 麦焼酎：久遠の雫 [本格焼酎] (米: 国産米, 精米: 非公開)
    ✨ [新規SKU抽出] 麦焼酎：麦わら帽子 [本格焼酎] (米: 国産米, 精米: 非公開)
    ✨ [新規SKU抽出] 米焼酎・そば焼酎：白鯨 [本格焼酎] (米: 国産米, 精米: 非公開)
    ✨ [新規SKU抽出] 米焼酎・そば焼酎：蕎麦蔵 [本格焼酎] (米: 国産米, 精米: 非公開)
    ✨ [新規SKU抽出] 発泡酒・その他：焼酎屋の梅酒　蔵うめ [リキュール] (米: 国産米, 精米: 非公開)
    ✨ [新規SKU抽出] 米焼酎・そば焼酎 [本格焼酎] (米: 国産米, 精米: 非公開)
  👉 薩摩酒造株式会社 頴娃蒸溜所: 39 件の新規SKUを深層クローリングにより追加登録
[1262/1376] 🏭 ID 57827: 薩摩酒造株式会社 火の神蒸溜所 (鹿児島県) - http://www.satsuma.co.jp/
[1263/1376] 🏭 ID 57828: 薩摩酒造株式会社 (鹿児島県) - http://www.satsuma.co.jp/
[1264/1376] 🏭 ID 57829: 合資会社弥生焼酎醸造所 (鹿児島県) - http://www.kokuto-shouchu.co.jp/
    ✨ [新規SKU抽出] 弥生焼酎醸造所｜黒糖焼酎を飲むなら奄美大島で最も古い蔵元で [本格焼酎] (米: 国産米, 精米: 非公開)
    ✨ [新規SKU抽出] 弥生原酒 [普通酒] (米: 国産米, 精米: 非公開)
    ✨ [新規SKU抽出] 商品紹介 | 黒糖焼酎なら弥生焼酎醸造所 [本格焼酎] (米: 国産米, 精米: 非公開)
    ✨ [新規SKU抽出] 黒糖焼酎の新しい愉しみ方をご紹介します。 [本格焼酎] (米: 国産米, 精米: 非公開)
    ✨ [新規SKU抽出] 奄美ならではの黒糖焼酎を味わってみませんか？ [本格焼酎] (米: 国産米, 精米: 非公開)
  👉 合資会社弥生焼酎醸造所: 5 件の新規SKUを深層クローリングにより追加登録
[1266/1376] 🏭 ID 57833: 奄美大島酒造株式会社 (鹿児島県) - http://www.jougo.co.jp/
    ✨ [新規SKU抽出] 高倉 浜千鳥乃詩 じょうご 本格奄美黒糖焼酎の製造・販売 | 奄美大島酒造 [本格焼酎] (米: 国産米, 精米: 非公開)
    ✨ [新規SKU抽出] 奄美大島酒造で製造している黒糖焼酎は、100%奄美大島産純黒糖のみを使用しています。 [本格焼酎] (米: 国産米, 精米: 00%)
    ✨ [新規SKU抽出] 地元の素材を地元の水で仕込む。そして最高の黒糖焼酎が生まれます。 [本格焼酎] (米: 国産米, 精米: 非公開)
    ✨ [新規SKU抽出] 奄美黒糖焼酎「じょうご・高倉・浜千鳥乃詩」のちょっと深い話 [本格焼酎] (米: 国産米, 精米: 非公開)
    ✨ [新規SKU抽出] 銘柄のご紹介 | 高倉 浜千鳥乃詩 じょうご 本格奄美黒糖焼酎の製造・販売 [本格焼酎] (米: 国産米, 精米: 非公開)
  👉 奄美大島酒造株式会社: 5 件の新規SKUを深層クローリングにより追加登録
[1267/1376] 🏭 ID 57836: 原田酒造株式会社 (鹿児島県) - http://www.haradasyuzo.com/
    ✨ [新規SKU抽出] 黒糖焼酎の魅力 [本格焼酎] (米: 国産米, 精米: 非公開)
    ✨ [新規SKU抽出] 沖永良部の太陽と大地の恵みを、そのまま味わう。黒糖焼酎。 [本格焼酎] (米: 国産米, 精米: 非公開)
    ✨ [新規SKU抽出] 単式蒸留焼酎（本格焼酎） [本格焼酎] (米: 国産米, 精米: 非公開)
    ✨ [新規SKU抽出] 昇龍 40度（赤ラベル）奄美黒糖焼酎 [本格焼酎] (米: 国産米, 精米: 非公開)
    ✨ [新規SKU抽出] 昇龍 30度（金ラベル）奄美黒糖焼酎 [本格焼酎] (米: 国産米, 精米: 非公開)
    ✨ [新規SKU抽出] 昇龍 20度（銀ラベル）奄美黒糖焼酎 [本格焼酎] (米: 国産米, 精米: 非公開)
    ✨ [新規SKU抽出] コーヒーリキュール [リキュール] (米: 国産米, 精米: 非公開)
    ✨ [新規SKU抽出] 黒糖焼酎、珈琲豆、食物繊維 [本格焼酎] (米: 国産米, 精米: 非公開)
  👉 原田酒造株式会社: 8 件の新規SKUを深層クローリングにより追加登録
[1268/1376] 🏭 ID 57837: 丸西酒造株式会社 蓬原蒸溜所 (鹿児島県) - https://www.nishi-shuzo.co.jp/
    ✨ [新規SKU抽出] 日本芋焼酎 [本格焼酎] (米: 国産米, 精米: 非公開)
    ✨ [新規SKU抽出] 天賦純米吟醸 羽前酒未来　完成！ [純米吟醸酒] (米: 国産米, 精米: 非公開)
    ✨ [新規SKU抽出] 天賦純米吟醸 羽前酒未来　完成！♪ [純米吟醸酒] (米: 国産米, 精米: 非公開)
    ✨ [新規SKU抽出] ”酒未来” を100％使用した「天賦 純米吟醸 羽前酒未来」が完成しました。 [純米吟醸酒] (米: 国産米, 精米: 非公開)
    ✨ [新規SKU抽出] 天賦 純米吟醸 播州愛山が出荷スタート🍶 [純米吟醸酒] (米: 愛山, 精米: 非公開)
    ✨ [新規SKU抽出] 天賦 純米大吟醸 生しぼりもご用意いたします🍶😆 [純米大吟醸酒] (米: 国産米, 精米: 非公開)
  👉 丸西酒造株式会社 蓬原蒸溜所: 6 件の新規SKUを深層クローリングにより追加登録
[1269/1376] 🏭 ID 57839: 雲海酒造株式会社 出水蔵 (鹿児島県) - http://www.unkai.co.jp
    ✨ [新規SKU抽出] 本格焼酎ができるまで [本格焼酎] (米: 国産米, 精米: 非公開)
    ✨ [新規SKU抽出] リキュール [リキュール] (米: 国産米, 精米: 非公開)
    ✨ [新規SKU抽出] 本格焼酎を味わうことは、 [本格焼酎] (米: 国産米, 精米: 非公開)
    ✨ [新規SKU抽出] おいし いい、すっきり いい。麦焼酎『いいとも』 きょうも、あしたも、「いい」友と。 [本格焼酎] (米: 国産米, 精米: 非公開)
    ✨ [新規SKU抽出] 新発売　オールドシークレット　長期熟成貯蔵本格焼酎使用　スピリッツ [本格焼酎] (米: 国産米, 精米: 非公開)
    ✨ [新規SKU抽出] 雲海酒造の本格焼酎蔵はあります。 [本格焼酎] (米: 国産米, 精米: 非公開)
    ✨ [新規SKU抽出] 「ふるさと」を持つ本格焼酎が生まれています。 [本格焼酎] (米: 国産米, 精米: 非公開)
    ✨ [新規SKU抽出] 梅酒 月知梅 [リキュール] (米: 国産米, 精米: 非公開)
    ✨ [新規SKU抽出] 日向夏リキュール [リキュール] (米: 国産米, 精米: 非公開)
    ✨ [新規SKU抽出] 本格焼酎、梅、糖類 [本格焼酎] (米: 国産米, 精米: 非公開)
    ✨ [新規SKU抽出] 大吟醸 登喜一 [大吟醸酒] (米: 国産米, 精米: 非公開)
    ✨ [新規SKU抽出] 初御代 本醸造 [本醸造酒] (米: 国産米, 精米: 非公開)
    ✨ [新規SKU抽出] 初御代 純米吟醸 [純米吟醸酒] (米: 国産米, 精米: 非公開)
    ✨ [新規SKU抽出] 初御代 本醸造 生酒 [本醸造酒] (米: 国産米, 精米: 非公開)
  👉 雲海酒造株式会社 出水蔵: 14 件の新規SKUを深層クローリングにより追加登録
[1270/1376] 🏭 ID 57841: 若潮酒造株式会社 (鹿児島県) - http://wakashio.com/
    ✨ [新規SKU抽出] 本格芋焼酎さつま白若潮 [本格焼酎] (米: 国産米, 精米: 非公開)
    ✨ [新規SKU抽出] 本格芋焼酎 [本格焼酎] (米: 国産米, 精米: 非公開)
    ✨ [新規SKU抽出] 本格芋焼酎さつま黒若潮 [本格焼酎] (米: 国産米, 精米: 非公開)
    ✨ [新規SKU抽出] 平成25酒造年度鹿児島県本格焼酎鑑評会総裁賞杜氏代表 [本格焼酎] (米: 国産米, 精米: 非公開)
    ✨ [新規SKU抽出] 本格芋焼酎さつま黄若潮 [本格焼酎] (米: 国産米, 精米: 非公開)
    ✨ [新規SKU抽出] 本格芋焼酎千亀女 [本格焼酎] (米: 国産米, 精米: 非公開)
    ✨ [新規SKU抽出] 本格麦焼酎千亀女 [本格焼酎] (米: 国産米, 精米: 非公開)
    ✨ [新規SKU抽出] 本格麦焼酎 [本格焼酎] (米: 国産米, 精米: 非公開)
    ✨ [新規SKU抽出] 酒屋が選ぶ焼酎大賞｜芋焼酎部門大賞3年連続受賞 [本格焼酎] (米: 国産米, 精米: 非公開)
    ✨ [新規SKU抽出] 本格焼酎 [本格焼酎] (米: 国産米, 精米: 非公開)
    ✨ [新規SKU抽出] 芋焼酎・いちご（鹿児島県志布志市産）・カルダモン [本格焼酎] (米: 国産米, 精米: 非公開)
  👉 若潮酒造株式会社: 11 件の新規SKUを深層クローリングにより追加登録
[1271/1376] 🏭 ID 57842: 有限会社佐多宗二商店 (鹿児島県) - http://www.satasouji-shouten.co.jp/
[1272/1376] 🏭 ID 57843: みしま焼酎 無垢の蔵 (鹿児島県) - https://mishima-shochu.jp/
    ✨ [新規SKU抽出] 本格焼酎メンドン [本格焼酎] (米: 国産米, 精米: 非公開)
    ✨ [新規SKU抽出] 鹿児島県三島村黒島、公設公営で醸造された本格芋焼酎です。 [本格焼酎] (米: 国産米, 精米: 非公開)
    ✨ [新規SKU抽出] 本格焼酎　みしま村荒濾過　「新酒」 [本格焼酎] (米: 国産米, 精米: 非公開)
    ✨ [新規SKU抽出] 希少な芋焼酎を試してみませんか？ [本格焼酎] (米: 国産米, 精米: 非公開)
    ✨ [新規SKU抽出] 焼酎プロジェクトとは？村営焼酎蔵でつくる芋焼酎の地域おこし鹿児島県・黒島 [本格焼酎] (米: 国産米, 精米: 非公開)
    ✨ [新規SKU抽出] サツマイモの収穫！芋焼酎の主原料、サツマイモの収穫は大里老人会が大活躍！ [本格焼酎] (米: 国産米, 精米: 非公開)
    ✨ [新規SKU抽出] 本格焼酎　ふかえ [本格焼酎] (米: 国産米, 精米: 非公開)
  👉 みしま焼酎 無垢の蔵: 7 件の新規SKUを深層クローリングにより追加登録
[1273/1376] 🏭 ID 57844: 田村合名会社 (鹿児島県) - https://junkuro.jp/
[1274/1376] 🏭 ID 57845: 出水酒造株式会社 (鹿児島県) - https://www.izumi-syuzou.co.jp/
    ✨ [新規SKU抽出] 技術を融合した本格焼酎蔵です。 [本格焼酎] (米: 国産米, 精米: 非公開)
  👉 出水酒造株式会社: 1 件の新規SKUを深層クローリングにより追加登録
[1275/1376] 🏭 ID 57846: きりしま高原麦酒株式会社 (鹿児島県) - http://www.shochu-net.com
    ✨ [新規SKU抽出] 幻の芋焼酎 チンタラリ [本格焼酎] (米: 国産米, 精米: 非公開)
    ✨ [新規SKU抽出] 米焼酎薩摩自顕流　さつまじげんりゅう [本格焼酎] (米: 国産米, 精米: 非公開)
    ✨ [新規SKU抽出] ギフトお歳暮お中元黒麹仕込みの芋焼酎！ [本格焼酎] (米: 国産米, 精米: 非公開)
    ✨ [新規SKU抽出] 芋焼酎一葉の恋日記[いちようのこいにっき] [本格焼酎] (米: 国産米, 精米: 非公開)
    ✨ [新規SKU抽出] ギフトお歳暮お中元待っても飲みたい！幻の芋焼酎 [本格焼酎] (米: 国産米, 精米: 非公開)
    ✨ [新規SKU抽出] 幻の芋焼酎チンタラリ[ちんたらり] [本格焼酎] (米: 国産米, 精米: 非公開)
    ✨ [新規SKU抽出] 3本セット米焼酎薩摩自顕流　さつまじげんりゅう [本格焼酎] (米: 国産米, 精米: 非公開)
    ✨ [新規SKU抽出] ギフトお歳暮お中元かつて幕府に献上していた逸品米焼酎 [本格焼酎] (米: 国産米, 精米: 非公開)
    ✨ [新規SKU抽出] 黒麹仕込独自のインパクトと甘みが特徴の本格芋焼酎 [本格焼酎] (米: 国産米, 精米: 非公開)
  👉 きりしま高原麦酒株式会社: 9 件の新規SKUを深層クローリングにより追加登録
[1276/1376] 🏭 ID 57847: 大山酒造合名会社 (鹿児島県) - http://isadaisen.jp
    ✨ [新規SKU抽出] 芋焼酎部門　最優秀賞 [本格焼酎] (米: 国産米, 精米: 非公開)
    ✨ [新規SKU抽出] JAL 日本の國酒 九州本格焼酎応援プロジェクト [本格焼酎] (米: 国産米, 精米: 非公開)
    ✨ [新規SKU抽出] 鹿児島県 芋焼酎の部 グランプリ受賞 [本格焼酎] (米: 国産米, 精米: 非公開)
    ✨ [新規SKU抽出] 令和２酒造年度　本格焼酎鑑評会 [本格焼酎] (米: 国産米, 精米: 非公開)
    ✨ [新規SKU抽出] 本格焼酎は、糖分が０％でプリン体もゼロ、おまけに無添加 [本格焼酎] (米: 国産米, 精米: 非公開)
    ✨ [新規SKU抽出] 令和２酒造年度　本格焼酎鑑評会 優等入賞 [本格焼酎] (米: 国産米, 精米: 非公開)
    ✨ [新規SKU抽出] 本格焼酎 ハイボールくん [本格焼酎] (米: 国産米, 精米: 非公開)
    ✨ [新規SKU抽出] 本格焼酎　ハイボールくん [本格焼酎] (米: 国産米, 精米: 非公開)
    ✨ [新規SKU抽出] HAND MADE本格焼酎 にゃはは [本格焼酎] (米: 国産米, 精米: 非公開)
    ✨ [新規SKU抽出] 本格焼酎　にゃはは [本格焼酎] (米: 国産米, 精米: 非公開)
    ✨ [新規SKU抽出] 一般発売１１月１日（本格焼酎の日） [本格焼酎] (米: 国産米, 精米: 非公開)
    ✨ [新規SKU抽出] 本格芋焼酎 美岳 [本格焼酎] (米: 国産米, 精米: 非公開)
    ✨ [新規SKU抽出] 本格芋焼酎　美岳 [本格焼酎] (米: 国産米, 精米: 非公開)
    ✨ [新規SKU抽出] 本格焼酎 やんごとなし [本格焼酎] (米: 国産米, 精米: 非公開)
    ✨ [新規SKU抽出] 本格焼酎 パンダ丸 ９００ｍｌビン（中身空です） [本格焼酎] (米: 国産米, 精米: 非公開)
    ✨ [新規SKU抽出] 本格焼酎　パンダ丸　９００ｍｌビン（中身空です） [本格焼酎] (米: 国産米, 精米: 非公開)
  👉 大山酒造合名会社: 16 件の新規SKUを深層クローリングにより追加登録
[1277/1376] 🏭 ID 57848: 有限会社神川酒造 (鹿児島県) - https://www.kamikawa-shochu.com
[1278/1376] 🏭 ID 57849: 西平酒造株式会社 (鹿児島県) - https://www.nishihira-shuzo.com/
[1279/1376] 🏭 ID 57850: 株式会社奄美大島にしかわ酒造 (鹿児島県) - https://syuzouonline.shop-pro.jp/
    ✨ [新規SKU抽出] 黒糖焼酎の歴史 [本格焼酎] (米: 国産米, 精米: 非公開)
    ✨ [新規SKU抽出] 黒糖焼酎カテゴリー [本格焼酎] (米: 国産米, 精米: 非公開)
    ✨ [新規SKU抽出] > 燦々梅酒 [リキュール] (米: 国産米, 精米: 非公開)
    ✨ [新規SKU抽出] > 黒糖焼酎の歴史 [本格焼酎] (米: 国産米, 精米: 非公開)
  👉 株式会社奄美大島にしかわ酒造: 4 件の新規SKUを深層クローリングにより追加登録
[1280/1376] 🏭 ID 57853: 有村酒造株式会社 (鹿児島県) - https://shimayusen.jp/
    ✨ [新規SKU抽出] 与論島の黒糖焼酎「島有泉」有村酒造 [本格焼酎] (米: 国産米, 精米: 非公開)
    ✨ [新規SKU抽出] 黒糖焼酎 島有泉 [本格焼酎] (米: 国産米, 精米: 非公開)
    ✨ [新規SKU抽出] 定番黒糖焼酎 島有泉 20度 [本格焼酎] (米: 国産米, 精米: 非公開)
    ✨ [新規SKU抽出] 黒糖焼酎 島有泉 黒麹仕込み 20度 [本格焼酎] (米: 国産米, 精米: 非公開)
    ✨ [新規SKU抽出] 黒糖焼酎 島有泉 35度 [本格焼酎] (米: 国産米, 精米: 非公開)
    ✨ [新規SKU抽出] 黒糖焼酎 島有泉を [本格焼酎] (米: 国産米, 精米: 非公開)
    ✨ [新規SKU抽出] 居酒屋を中心に、黒糖焼酎 島有泉が飲めるお店をご紹介。あなたの近所にはありますか？ [本格焼酎] (米: 国産米, 精米: 非公開)
    ✨ [新規SKU抽出] 黒糖焼酎 島有泉おいしい [本格焼酎] (米: 国産米, 精米: 非公開)
    ✨ [新規SKU抽出] 黒糖焼酎 島有泉に [本格焼酎] (米: 国産米, 精米: 非公開)
    ✨ [新規SKU抽出] 黒糖焼酎 島有泉は食中酒としてもおすすめ！相性の良い食事やおつまみを集めてみました。 [本格焼酎] (米: 国産米, 精米: 非公開)
    ✨ [新規SKU抽出] 最も南の黒糖焼酎蔵元。 [本格焼酎] (米: 国産米, 精米: 非公開)
    ✨ [新規SKU抽出] 奄美黒糖焼酎「島有泉」 [本格焼酎] (米: 国産米, 精米: 非公開)
    ✨ [新規SKU抽出] 黒糖焼酎のおいしい飲み方 [本格焼酎] (米: 国産米, 精米: 非公開)
    ✨ [新規SKU抽出] 初めての方におすすめの黒糖焼酎 [本格焼酎] (米: 国産米, 精米: 非公開)
    ✨ [新規SKU抽出] 黒糖焼酎 20度 [本格焼酎] (米: 国産米, 精米: 非公開)
    ✨ [新規SKU抽出] 黒糖焼酎 25度 [本格焼酎] (米: 国産米, 精米: 非公開)
    ✨ [新規SKU抽出] 黒糖焼酎 35度 [本格焼酎] (米: 国産米, 精米: 非公開)
    ✨ [新規SKU抽出] ご利用ガイド | 与論島の黒糖焼酎蔵 有村酒造 [本格焼酎] (米: 国産米, 精米: 非公開)
    ✨ [新規SKU抽出] [島有泉]本格焼酎 [本格焼酎] (米: 国産米, 精米: 非公開)
    ✨ [新規SKU抽出] [ハイボール]黒糖焼酎（与論島製造）、食物繊維／炭酸 [本格焼酎] (米: 国産米, 精米: 非公開)
    ✨ [新規SKU抽出] 日頃より、奄美黒糖焼酎「島有泉」をご愛飲頂き誠に有難うございます。 [本格焼酎] (米: 国産米, 精米: 非公開)
    ✨ [新規SKU抽出] 本格焼酎鑑評会 優等賞を受賞しました [本格焼酎] (米: 国産米, 精米: 非公開)
    ✨ [新規SKU抽出] 弊社はこの度、令和四酒造年度鹿児島県本格焼酎鑑評会で優等賞を受賞しました。 [本格焼酎] (米: 国産米, 精米: 非公開)
    ✨ [新規SKU抽出] 「ドアステッカー」では弊社の黒糖焼酎「島有泉」の白麹仕込みと黒麹仕込みを「 [本格焼酎] (米: 国産米, 精米: 非公開)
    ✨ [新規SKU抽出] 黒糖焼酎 島有泉 20度 [本格焼酎] (米: 国産米, 精米: 非公開)
    ✨ [新規SKU抽出] 島有泉は、与論島唯一の酒蔵「有村酒造」で造られる黒糖焼酎です。 [本格焼酎] (米: 国産米, 精米: 非公開)
    ✨ [新規SKU抽出] 良質な黒糖と白麴から造られるスッキリした黒糖焼酎、ぜひ一度お試しください。 [本格焼酎] (米: 国産米, 精米: 非公開)
    ✨ [新規SKU抽出] 本格焼酎 [本格焼酎] (米: 国産米, 精米: 非公開)
    ✨ [新規SKU抽出] 黒糖焼酎 20度 | 有村酒造 [本格焼酎] (米: 国産米, 精米: 非公開)
    ✨ [新規SKU抽出] 黒糖焼酎 島有泉 御神酒 20度 [本格焼酎] (米: 国産米, 精米: 非公開)
    ✨ [新規SKU抽出] 黒糖焼酎 祝酒 20度 [本格焼酎] (米: 国産米, 精米: 非公開)
    ✨ [新規SKU抽出] 定番人気黒糖焼酎 島有泉 20度 [本格焼酎] (米: 国産米, 精米: 非公開)
  👉 有村酒造株式会社: 32 件の新規SKUを深層クローリングにより追加登録
[1281/1376] 🏭 ID 57854: 町田酒造株式会社 (鹿児島県) - http://www.satoake.jp/
    ✨ [新規SKU抽出] 黒糖焼酎 [本格焼酎] (米: 国産米, 精米: 非公開)
    ✨ [新規SKU抽出] イベント（鹿児島）焼酎維新館様主催『本格焼酎フェス2026』に参加します！ [本格焼酎] (米: 国産米, 精米: 非公開)
    ✨ [新規SKU抽出] 奄美黒糖焼酎の黎明期をかたる酒 住の江 三十六年貯蔵 500本限定発売 [本格焼酎] (米: 国産米, 精米: 非公開)
    ✨ [新規SKU抽出] 黒糖焼酎づくりははじまります [本格焼酎] (米: 国産米, 精米: 非公開)
    ✨ [新規SKU抽出] 黒糖焼酎を知る [本格焼酎] (米: 国産米, 精米: 非公開)
    ✨ [新規SKU抽出] 奄美黒糖焼酎 里の曙 [本格焼酎] (米: 国産米, 精米: 非公開)
    ✨ [新規SKU抽出] 奄美黒糖焼酎 里の曙 黒麹仕込 [本格焼酎] (米: 国産米, 精米: 非公開)
    ✨ [新規SKU抽出] 奄美黒糖焼酎 里の曙 ゴールド [本格焼酎] (米: 国産米, 精米: 非公開)
    ✨ [新規SKU抽出] リキュール 奄美すもも酒 [リキュール] (米: 国産米, 精米: 非公開)
    ✨ [新規SKU抽出] リキュール 奄美たんかん酒 [リキュール] (米: 国産米, 精米: 非公開)
    ✨ [新規SKU抽出] 奄美黒糖焼酎 里の曙 18度（数量限定） [本格焼酎] (米: 国産米, 精米: 非公開)
    ✨ [新規SKU抽出] 奄美黒糖焼酎 里の曙 瑞祥 [本格焼酎] (米: 国産米, 精米: 非公開)
    ✨ [新規SKU抽出] 奄美黒糖焼酎 一村(奄美・鹿児島限定) [本格焼酎] (米: 国産米, 精米: 非公開)
    ✨ [新規SKU抽出] 奄美黒糖焼酎 奄美の杜 [本格焼酎] (米: 国産米, 精米: 非公開)
    ✨ [新規SKU抽出] 奄美黒糖焼酎 里の曙 原酒 [本格焼酎] (米: 国産米, 精米: 非公開)
    ✨ [新規SKU抽出] 奄美黒糖焼酎 瑞祥 [本格焼酎] (米: 国産米, 精米: 非公開)
  👉 町田酒造株式会社: 16 件の新規SKUを深層クローリングにより追加登録
[1282/1376] 🏭 ID 57856: 大和桜酒造株式会社 (鹿児島県) - http://yamatozakura.com/
    ✨ [新規SKU抽出] 本格焼酎 [本格焼酎] (米: 国産米, 精米: 非公開)
  👉 大和桜酒造株式会社: 1 件の新規SKUを深層クローリングにより追加登録
[1283/1376] 🏭 ID 57857: 有限会社大山甚七商店 (鹿児島県) - http://www.jin7.co.jp
    ✨ [新規SKU抽出] 大山甚七商店 和甕を使ったこだわりの芋焼酎を造る老舗 [本格焼酎] (米: 国産米, 精米: 非公開)
    ✨ [新規SKU抽出] より安全、安心な芋焼酎を造るために [本格焼酎] (米: 国産米, 精米: 非公開)
    ✨ [新規SKU抽出] 大山甚七商店で本格芋焼酎の製造を行う上で取り組んでいる、 [本格焼酎] (米: 国産米, 精米: 非公開)
  👉 有限会社大山甚七商店: 3 件の新規SKUを深層クローリングにより追加登録
[1284/1376] 🏭 ID 57858: 有限会社中村酒造場 (鹿児島県) - http://nakamurashuzoujo.com/
[1285/1376] 🏭 ID 57859: 朝日酒造株式会社 (鹿児島県) - http://www.kokuto-asahi.co.jp
    ✨ [新規SKU抽出] 黒糖焼酎 朝日 [本格焼酎] (米: 国産米, 精米: 非公開)
    ✨ [新規SKU抽出] 黒糖焼酎 [本格焼酎] (米: 国産米, 精米: 非公開)
  👉 朝日酒造株式会社: 2 件の新規SKUを深層クローリングにより追加登録
[1286/1376] 🏭 ID 57863: 鹿児島酒造㈱黒瀬杜氏伝承蔵 (鹿児島県) - https://kagosyuzo.jp/
    ✨ [新規SKU抽出] 焼き芋焼酎　やきいも黒瀬 ： 商品詳細 [本格焼酎] (米: 国産米, 精米: 非公開)
    ✨ [新規SKU抽出] 焼き芋焼酎 [本格焼酎] (米: 国産米, 精米: 非公開)
    ✨ [新規SKU抽出] 黒瀬杜氏伝承蔵の編み出した製法が本格焼酎ファンを魅了します。 [本格焼酎] (米: 国産米, 精米: 非公開)
    ✨ [新規SKU抽出] 焼き芋焼酎　元祖やきいも ： 商品詳細 [本格焼酎] (米: 国産米, 精米: 非公開)
    ✨ [新規SKU抽出] S型白麹・ネオマイセル吟醸麹 [吟醸酒] (米: 国産米, 精米: 非公開)
    ✨ [新規SKU抽出] 「ネオマイセル吟醸麹」 [吟醸酒] (米: 国産米, 精米: 非公開)
    ✨ [新規SKU抽出] 平成26酒造年度　鹿児島県本格焼酎鑑評会において優秀賞を受賞。 [本格焼酎] (米: 国産米, 精米: 非公開)
  👉 鹿児島酒造㈱黒瀬杜氏伝承蔵: 7 件の新規SKUを深層クローリングにより追加登録
[1287/1376] 🏭 ID 57864: 健土株式会社 牛ノ根蒸留所 (鹿児島県) - https://www.big-advance.site/c/196/1437
    ✨ [新規SKU抽出] 芋焼酎「健土」の全国の取扱酒販店(特約店)です。 [本格焼酎] (米: 国産米, 精米: 非公開)
    ✨ [新規SKU抽出] 1-本格焼酎製造事業 [本格焼酎] (米: 国産米, 精米: 非公開)
    ✨ [新規SKU抽出] 本格焼酎製造事業 [本格焼酎] (米: 国産米, 精米: 非公開)
    ✨ [新規SKU抽出] 1-限定銘柄「九礼土モリ　くれどもり」オーク樽貯蔵芋焼酎 [本格焼酎] (米: 国産米, 精米: 非公開)
    ✨ [新規SKU抽出] 限定銘柄「九礼土モリ　くれどもり」オーク樽貯蔵芋焼酎 [本格焼酎] (米: 国産米, 精米: 非公開)
    ✨ [新規SKU抽出] 2-代表銘柄芋焼酎「健土」Alc.25％ [本格焼酎] (米: 国産米, 精米: 非公開)
    ✨ [新規SKU抽出] 代表銘柄芋焼酎「健土」Alc.25％ [本格焼酎] (米: 国産米, 精米: 非公開)
    ✨ [新規SKU抽出] 本格焼酎の製造販売、ジェラートの製造販売、芋関連食品の製造、原料自社栽培農業 [本格焼酎] (米: 国産米, 精米: 非公開)
  👉 健土株式会社 牛ノ根蒸留所: 8 件の新規SKUを深層クローリングにより追加登録
[1288/1376] 🏭 ID 57865: 抜群酒造合資会社 (熊本県) - https://www.batsugun-syuzou.com/
[1289/1376] 🏭 ID 57868: 深野酒造株式会社 (熊本県) - https://shop-fukano.jp
    ✨ [新規SKU抽出] 米焼酎( 球磨焼酎 ) [本格焼酎] (米: 国産米, 精米: 非公開)
    ✨ [新規SKU抽出] リキュール [リキュール] (米: 国産米, 精米: 非公開)
    ✨ [新規SKU抽出] 米焼酎 (球磨焼酎) [本格焼酎] (米: 国産米, 精米: 非公開)
    ✨ [新規SKU抽出] リキュール商品 [リキュール] (米: 国産米, 精米: 非公開)
    ✨ [新規SKU抽出] ・KuraMaster2021 米焼酎部門　金賞受賞 [本格焼酎] (米: 国産米, 精米: 非公開)
    ✨ [新規SKU抽出] ・2018年秋季　全国酒類コンクール　米焼酎部門第1位 [本格焼酎] (米: 国産米, 精米: 非公開)
    ✨ [新規SKU抽出] ・KuraMaster2021　米焼酎部門　プラチナ賞受賞 [本格焼酎] (米: 国産米, 精米: 非公開)
    ✨ [新規SKU抽出] ・2017年春季　全国酒類コンクール　米焼酎部門　第1位 [本格焼酎] (米: 国産米, 精米: 非公開)
    ✨ [新規SKU抽出] ・2017年春季　全国酒類コンクール　麦焼酎部門　第1位 [本格焼酎] (米: 国産米, 精米: 非公開)
    ✨ [新規SKU抽出] ・2019年秋季　全国酒類コンクール　芋焼酎部門　特賞第1位 [本格焼酎] (米: 国産米, 精米: 非公開)
    ✨ [新規SKU抽出] 2019年秋季 全国酒類コンクール 芋焼酎部門 [本格焼酎] (米: 国産米, 精米: 非公開)
    ✨ [新規SKU抽出] 2018年秋季 全国酒類コンクール 米焼酎部門 [本格焼酎] (米: 国産米, 精米: 非公開)
    ✨ [新規SKU抽出] 2017年春季 全国酒類コンクール 麦焼酎部門 [本格焼酎] (米: 国産米, 精米: 非公開)
    ✨ [新規SKU抽出] 全国酒類コンクール第一位受賞の芋・米・麦焼酎の３本セットです。 [本格焼酎] (米: 国産米, 精米: 非公開)
    ✨ [新規SKU抽出] チェリークラフトコーラリキュール Karaku [リキュール] (米: 国産米, 精米: 非公開)
    ✨ [新規SKU抽出] 2007　リキュール免許取得 [リキュール] (米: 国産米, 精米: 非公開)
  👉 深野酒造株式会社: 16 件の新規SKUを深層クローリングにより追加登録
[1290/1376] 🏭 ID 57869: 株式会社福田酒造 (熊本県) - https://fukudashuzo.com
    ✨ [新規SKU抽出] 梅酒ひとよし [リキュール] (米: 国産米, 精米: 非公開)
    ✨ [新規SKU抽出] 福田12年（リキュール） [リキュール] (米: 国産米, 精米: 非公開)
    ✨ [新規SKU抽出] 限定販売商品 (リキュール) [リキュール] (米: 国産米, 精米: 非公開)
    ✨ [新規SKU抽出] 甘くて口当たりの良い梅酒です。 [リキュール] (米: 国産米, 精米: 非公開)
    ✨ [新規SKU抽出] 球磨郡・川辺川に生息する「山女魚」をイメージした米焼酎です。 [本格焼酎] (米: 国産米, 精米: 非公開)
    ✨ [新規SKU抽出] 後味の切れの良さが特徴の米焼酎です。 [本格焼酎] (米: 国産米, 精米: 非公開)
  👉 株式会社福田酒造: 6 件の新規SKUを深層クローリングにより追加登録
[1291/1376] 🏭 ID 57870: 房の露株式會社 (熊本県) - https://www.fusanotsuyu.co.jp/
    ✨ [新規SKU抽出] 長期熟成の本格米焼酎「黄金郷（ [本格焼酎] (米: 国産米, 精米: 非公開)
    ✨ [新規SKU抽出] 本格焼酎　酉爵（しょう）スペシャルサイト [本格焼酎] (米: 国産米, 精米: 非公開)
    ✨ [新規SKU抽出] 本格焼酎は熟成させればさせるほど、味がまろやかになります。 [本格焼酎] (米: 国産米, 精米: 非公開)
    ✨ [新規SKU抽出] まさに本格焼酎の贅沢の極みです。 [本格焼酎] (米: 国産米, 精米: 非公開)
    ✨ [新規SKU抽出] ホワイトオーク樽に30年貯蔵した「樽原酒」を厳選した本格焼酎「しょうエクセレンス」 [本格焼酎] (米: 国産米, 精米: 非公開)
    ✨ [新規SKU抽出] ホワイトオーク樽に30年貯蔵した「樽原酒」を厳選した本格焼酎「しょうエクセレンス」" [本格焼酎] (米: 国産米, 精米: 非公開)
    ✨ [新規SKU抽出] 20年の長期貯蔵酒ブレンド、珠玉の本格焼酎。「しょう」 [本格焼酎] (米: 国産米, 精米: 非公開)
    ✨ [新規SKU抽出] 18年古酒をブレンド、樽貯蔵、本格米焼酎。「樽しょう」 [本格焼酎] (米: 国産米, 精米: 非公開)
    ✨ [新規SKU抽出] 海外より取り寄せたシェリー樽に長期熟成させた本格焼酎「黄金郷」 [本格焼酎] (米: 国産米, 精米: 非公開)
    ✨ [新規SKU抽出] 海外より取り寄せたシェリー樽に長期熟成させた本格焼酎です。 [本格焼酎] (米: 国産米, 精米: 非公開)
    ✨ [新規SKU抽出] 伝統を極め、独自の文化を「吟醸房の露」 [吟醸酒] (米: 国産米, 精米: 非公開)
    ✨ [新規SKU抽出] 本格米焼酎（純米）「房の露」 [純米酒] (米: 国産米, 精米: 非公開)
    ✨ [新規SKU抽出] 本格米焼酎「房の露」 [本格焼酎] (米: 国産米, 精米: 非公開)
    ✨ [新規SKU抽出] 9号酵母使用の本格米焼酎「特醸蔵八 / 特醸蔵八パック」 [本格焼酎] (米: 国産米, 精米: 非公開)
    ✨ [新規SKU抽出] 本格米焼酎「蔵八」 [本格焼酎] (米: 国産米, 精米: 非公開)
    ✨ [新規SKU抽出] 本格芋焼酎「蔵八　くまモンイラスト付」 [本格焼酎] (米: 国産米, 精米: 非公開)
    ✨ [新規SKU抽出] 熊本県産の芋焼酎は珍しく、全国でも希少なくまモンボトルの芋焼酎となっております。 [本格焼酎] (米: 国産米, 精米: 非公開)
    ✨ [新規SKU抽出] 原料には「黄金千貫」芋を厳選し、500年伝統の手法で蘇らせた球磨地方の芋焼酎です。 [本格焼酎] (米: 国産米, 精米: 非公開)
    ✨ [新規SKU抽出] 天然健康食品の「天草しもん芋」から造った芋焼酎「倉岳」 [本格焼酎] (米: 国産米, 精米: 非公開)
    ✨ [新規SKU抽出] 「倉岳」をさらに深めた本格芋焼酎「黒倉岳」 [本格焼酎] (米: 国産米, 精米: 非公開)
    ✨ [新規SKU抽出] 貴重なしもん芋で造った本格芋焼酎を熟成させました「熟成倉岳」 [本格焼酎] (米: 国産米, 精米: 非公開)
    ✨ [新規SKU抽出] 本格麦焼酎 特醸蔵八（麦） [本格焼酎] (米: 国産米, 精米: 非公開)
    ✨ [新規SKU抽出] 蕎麦焼酎 [本格焼酎] (米: 国産米, 精米: 非公開)
    ✨ [新規SKU抽出] 芋焼酎『25度倉岳』と米焼酎『吟』の2本入セット 倉岳・吟セット [本格焼酎] (米: 国産米, 精米: 非公開)
    ✨ [新規SKU抽出] 芋焼酎『倉岳』と米焼酎『吟醸房の露』の2本入りセット 美水美酔セット [吟醸酒] (米: 国産米, 精米: 非公開)
    ✨ [新規SKU抽出] 吟醸房の露：米・米麹 [吟醸酒] (米: 国産米, 精米: 非公開)
  👉 房の露株式會社: 26 件の新規SKUを深層クローリングにより追加登録
[1292/1376] 🏭 ID 57871: 株式会社白岳酒造研究所 (熊本県) - https://www.hakutake.co.jp
    ✨ [新規SKU抽出] そして、沁み渡る吟醸香。 [吟醸酒] (米: 国産米, 精米: 非公開)
    ✨ [新規SKU抽出] 麗しき吟醸香。 [吟醸酒] (米: 国産米, 精米: 非公開)
    ✨ [新規SKU抽出] 本格米焼酎にこだわり、球磨焼酎ブランドを守る使命を果たすために [本格焼酎] (米: 国産米, 精米: 非公開)
    ✨ [新規SKU抽出] これからもひたすらに、本格米焼酎に [本格焼酎] (米: 国産米, 精米: 非公開)
    ✨ [新規SKU抽出] 究極の米焼酎 [本格焼酎] (米: 国産米, 精米: 非公開)
    ✨ [新規SKU抽出] 本格焼酎、糖類（グラニュー糖）、 [本格焼酎] (米: 国産米, 精米: 非公開)
  👉 株式会社白岳酒造研究所: 6 件の新規SKUを深層クローリングにより追加登録
[1293/1376] 🏭 ID 57872: 有限会社林酒造場 (熊本県) - https://www.gokuraku-shochu.jp/
[1294/1376] 🏭 ID 57873: 常楽酒造株式会社 (熊本県) - https://joraku.co.jp/
    ✨ [新規SKU抽出] リキュール [リキュール] (米: 国産米, 精米: 非公開)
    ✨ [新規SKU抽出] ■ 秋の露 樽 (米焼酎) [本格焼酎] (米: 国産米, 精米: 非公開)
    ✨ [新規SKU抽出] 本格米焼酎 [本格焼酎] (米: 国産米, 精米: 非公開)
    ✨ [新規SKU抽出] ほのかな吟醸香で食事との相性が良く、食中酒として料飲店様のお取り扱いも多い商品です。 [吟醸酒] (米: 国産米, 精米: 非公開)
    ✨ [新規SKU抽出] 受賞本格米・麦焼酎秋の露純米・常楽 [純米酒] (米: 国産米, 精米: 非公開)
    ✨ [新規SKU抽出] ■ 秋の露 純米 (米焼酎)　原料：米（国産）・米麹（黄麹・国産米） [純米酒] (米: 国産米, 精米: 非公開)
    ✨ [新規SKU抽出] ■ 常楽  (麦焼酎)　原料：麦（国産）・麦麹 [本格焼酎] (米: 国産米, 精米: 非公開)
    ✨ [新規SKU抽出] 本格米焼酎 飲み比べ 秋の露 純米・秋の露 水穂 [純米酒] (米: 国産米, 精米: 非公開)
    ✨ [新規SKU抽出] ■ 水穂 (米焼酎)　原料：米「ミズホチカラ」（熊本県人吉球磨産）・米麹（国産米） [本格焼酎] (米: 国産米, 精米: 非公開)
    ✨ [新規SKU抽出] 本格米焼酎 樽仕込み 飲み比べ秋の露 樽・秋の露 蔵のこだわり1,8Lセット [本格焼酎] (米: 国産米, 精米: 非公開)
    ✨ [新規SKU抽出] ■ 秋の露 樽 (米焼酎)　原料：米(国産)・米麹(国産米) [本格焼酎] (米: 国産米, 精米: 非公開)
    ✨ [新規SKU抽出] ■ 秋の露 蔵のこだわり (米焼酎)　原料：米(国産)・米麹(国産米) [本格焼酎] (米: 国産米, 精米: 非公開)
    ✨ [新規SKU抽出] 本格米焼酎秋の露純米・蔵のこだわり [純米酒] (米: 国産米, 精米: 非公開)
    ✨ [新規SKU抽出] ■ さしより芋 (芋焼酎)　原材料名：芋(国産黄金千貫)・米麹(国産米) [本格焼酎] (米: 国産米, 精米: 非公開)
    ✨ [新規SKU抽出] ■ さしより麦 (麦焼酎)　原材料名：麦(国産）・麦麹 [本格焼酎] (米: 国産米, 精米: 非公開)
    ✨ [新規SKU抽出] 麦焼酎 「常楽」 [本格焼酎] (米: 国産米, 精米: 非公開)
    ✨ [新規SKU抽出] 本格麦焼酎 [本格焼酎] (米: 国産米, 精米: 非公開)
    ✨ [新規SKU抽出] 原料の大麦を厳選した国産100%にこだわり、麦本来の特徴を活かした純麦焼酎です。 [本格焼酎] (米: 国産米, 精米: 00%)
    ✨ [新規SKU抽出] 爽やかな香りと透明感のある柔らかな口当たり、麦の旨みを感じる飲みやすい純麦焼酎です。 [本格焼酎] (米: 国産米, 精米: 非公開)
    ✨ [新規SKU抽出] 常楽酒造 父の日 麦焼酎 [本格焼酎] (米: 国産米, 精米: 非公開)
    ✨ [新規SKU抽出] 本格焼酎 [本格焼酎] (米: 国産米, 精米: 非公開)
    ✨ [新規SKU抽出] 芋焼酎：常圧　麦焼酎：減圧 [本格焼酎] (米: 国産米, 精米: 非公開)
    ✨ [新規SKU抽出] もも果汁（国産）、本格焼酎（国内製造）、糖類 [本格焼酎] (米: 国産米, 精米: 非公開)
    ✨ [新規SKU抽出] 国産 無濾過ゆず酒 [リキュール] (米: 国産米, 精米: 非公開)
    ✨ [新規SKU抽出] ゆず果汁（国産）、本格焼酎（国内製造）、糖類 [リキュール] (米: 国産米, 精米: 非公開)
    ✨ [新規SKU抽出] 原料：本格焼酎(米)、ヨーグルト(熊本県産)、糖類、酸味料 [本格焼酎] (米: 国産米, 精米: 非公開)
    ✨ [新規SKU抽出] ヨーグルト(国産)、本格焼酎(国内製造)、糖類／酸味料 [本格焼酎] (米: 国産米, 精米: 非公開)
    ✨ [新規SKU抽出] 本格焼酎(国内製造)、梅（国産）、糖類／酸味料、香料 [本格焼酎] (米: 国産米, 精米: 非公開)
    ✨ [新規SKU抽出] 焼酎蔵の梅酒 [リキュール] (米: 国産米, 精米: 非公開)
    ✨ [新規SKU抽出] 本格焼酎(国内製造)、デコポン（国産）、糖類／酸味料、香料、着色料 [本格焼酎] (米: 国産米, 精米: 非公開)
    ✨ [新規SKU抽出] 本格焼酎(国内製造)、白桃（国産）、糖類／酸味料、香料 [本格焼酎] (米: 国産米, 精米: 非公開)
    ✨ [新規SKU抽出] 本格焼酎(国内製造)、梨、糖類／酸味料、香料、着色料 [本格焼酎] (米: 国産米, 精米: 非公開)
    ✨ [新規SKU抽出] 本格焼酎(国内製造)、いちご（国産）、糖類／酸味料、香料、着色料 [本格焼酎] (米: 国産米, 精米: 非公開)
    ✨ [新規SKU抽出] 太宰府の梅酒 [リキュール] (米: 国産米, 精米: 非公開)
    ✨ [新規SKU抽出] 常楽酒造父の日 芋焼酎 [本格焼酎] (米: 国産米, 精米: 非公開)
    ✨ [新規SKU抽出] 本格芋焼酎 [本格焼酎] (米: 国産米, 精米: 非公開)
  👉 常楽酒造株式会社: 36 件の新規SKUを深層クローリングにより追加登録
[1295/1376] 🏭 ID 57877: 松の泉酒造合資会社 (熊本県) - https://www.matsunoizumi.co.jp
    ✨ [新規SKU抽出] 本格焼酎 [本格焼酎] (米: 国産米, 精米: 非公開)
    ✨ [新規SKU抽出] 蔵出リキュール [リキュール] (米: 国産米, 精米: 非公開)
    ✨ [新規SKU抽出] 蔵出 梅酒 [リキュール] (米: 国産米, 精米: 非公開)
    ✨ [新規SKU抽出] 本格焼酎 - 本格球磨焼酎の松の泉酒造 [本格焼酎] (米: 国産米, 精米: 非公開)
    ✨ [新規SKU抽出] 麦焼酎おてもやん [本格焼酎] (米: 国産米, 精米: 非公開)
  👉 松の泉酒造合資会社: 5 件の新規SKUを深層クローリングにより追加登録
[1296/1376] 🏭 ID 57878: 有限会社松下醸造場 (熊本県) - https://www.matsushitashuzo.com
[1297/1376] 🏭 ID 57882: 合資会社大石酒造場 (熊本県) - https://www.ohishi-shuzohjyo.jp
    ✨ [新規SKU抽出] 芋焼酎「わいわい家」 [本格焼酎] (米: 国産米, 精米: 非公開)
    ✨ [新規SKU抽出] やき芋焼酎「わいわい家」 [本格焼酎] (米: 国産米, 精米: 非公開)
    ✨ [新規SKU抽出] 本格焼酎、桃、氷砂糖 [本格焼酎] (米: 国産米, 精米: 非公開)
    ✨ [新規SKU抽出] 古代米焼酎 呑鬼 [本格焼酎] (米: 国産米, 精米: 非公開)
    ✨ [新規SKU抽出] 芋焼酎 わいわい家 [本格焼酎] (米: 国産米, 精米: 非公開)
    ✨ [新規SKU抽出] 焼き芋焼酎 わいわい家 [本格焼酎] (米: 国産米, 精米: 非公開)
    ✨ [新規SKU抽出] 四季の彩りリキュール [リキュール] (米: 国産米, 精米: 非公開)
    ✨ [新規SKU抽出] 本格焼酎、晩白柚、氷砂糖 [本格焼酎] (米: 国産米, 精米: 非公開)
    ✨ [新規SKU抽出] 梅が完熟するまで待ち、もち米樽焼酎に漬け込んだ贅沢な梅酒です。 [リキュール] (米: 国産米, 精米: 非公開)
    ✨ [新規SKU抽出] 本格焼酎、梅、氷砂糖 [本格焼酎] (米: 国産米, 精米: 非公開)
  👉 合資会社大石酒造場: 10 件の新規SKUを深層クローリングにより追加登録
[1298/1376] 🏭 ID 57883: 六調子酒造株式会社 (熊本県) - https://rokuchoshi.official.ec
    ✨ [新規SKU抽出] 特吟六調子JAL九州本格焼酎応援プロジェクトグランプリ賞受賞 [本格焼酎] (米: 国産米, 精米: 非公開)
    ✨ [新規SKU抽出] リキュールではなく、スピリッツという選択 [リキュール] (米: 国産米, 精米: 非公開)
    ✨ [新規SKU抽出] と記載しておりますが、中身は本格焼酎そのものです。 [本格焼酎] (米: 国産米, 精米: 非公開)
  👉 六調子酒造株式会社: 3 件の新規SKUを深層クローリングにより追加登録
[1299/1376] 🏭 ID 57884: 繊月酒造株式会社 (熊本県) - http://www.sengetsu.co.jp/
    ✨ [新規SKU抽出] まさに名実ともに本格焼酎の中の本格焼酎といえましょう。 [本格焼酎] (米: 国産米, 精米: 非公開)
    ✨ [新規SKU抽出] 純米焼酎 繊月通信販売コーナー [純米酒] (米: 国産米, 精米: 非公開)
    ✨ [新規SKU抽出] 繊月は熊本ではポピュラーな米焼酎ですが、 [本格焼酎] (米: 国産米, 精米: 非公開)
    ✨ [新規SKU抽出] 味を決定してるのはこの杜氏が決めています、杜氏が一つ一つの米焼酎に対してどう [本格焼酎] (米: 国産米, 精米: 非公開)
    ✨ [新規SKU抽出] 純米焼酎　繊月 [純米酒] (米: 国産米, 精米: 非公開)
    ✨ [新規SKU抽出] ・繊月を樫の樽に入れ貯蔵した米焼酎です。私が [本格焼酎] (米: 国産米, 精米: 非公開)
    ✨ [新規SKU抽出] 違います!。このようなしっかりとした味は純米焼酎 [純米酒] (米: 国産米, 精米: 非公開)
    ✨ [新規SKU抽出] ･繊月の香りを引き立てた米焼酎です。味、香り、 [本格焼酎] (米: 国産米, 精米: 非公開)
    ✨ [新規SKU抽出] 本格米焼酎 繊月／繊月酒造 [本格焼酎] (米: 国産米, 精米: 非公開)
  👉 繊月酒造株式会社: 9 件の新規SKUを深層クローリングにより追加登録
[1300/1376] 🏭 ID 57885: 高橋酒造株式会社 多良木蒸留所 (熊本県) - https://www.hakutake.co.jp
    ✨ [新規SKU抽出] そして、沁み渡る吟醸香。 [吟醸酒] (米: 国産米, 精米: 非公開)
    ✨ [新規SKU抽出] 麗しき吟醸香。 [吟醸酒] (米: 国産米, 精米: 非公開)
    ✨ [新規SKU抽出] 本格焼酎 [本格焼酎] (米: 国産米, 精米: 非公開)
    ✨ [新規SKU抽出] 本格米焼酎にこだわり、球磨焼酎ブランドを守る使命を果たすために [本格焼酎] (米: 国産米, 精米: 非公開)
    ✨ [新規SKU抽出] これからもひたすらに、本格米焼酎に [本格焼酎] (米: 国産米, 精米: 非公開)
    ✨ [新規SKU抽出] 究極の米焼酎 [本格焼酎] (米: 国産米, 精米: 非公開)
    ✨ [新規SKU抽出] 本格米焼酎 [本格焼酎] (米: 国産米, 精米: 非公開)
    ✨ [新規SKU抽出] 本格焼酎、糖類（グラニュー糖）、 [本格焼酎] (米: 国産米, 精米: 非公開)
    ✨ [新規SKU抽出] リキュール [リキュール] (米: 国産米, 精米: 非公開)
  👉 高橋酒造株式会社 多良木蒸留所: 9 件の新規SKUを深層クローリングにより追加登録
[1301/1376] 🏭 ID 57886: 合資会社高田酒造場 (熊本県) - https://www.takata-shuzohjyo.co.jp/
    ✨ [新規SKU抽出] くだものリキュール [リキュール] (米: 国産米, 精米: 非公開)
    ✨ [新規SKU抽出] 『花酵母』を使った本格焼酎 [本格焼酎] (米: 国産米, 精米: 非公開)
    ✨ [新規SKU抽出] 熊本県産の果物を使ったリキュール [リキュール] (米: 国産米, 精米: 非公開)
    ✨ [新規SKU抽出] 山ほたる　本格米焼酎 [本格焼酎] (米: 国産米, 精米: 非公開)
    ✨ [新規SKU抽出] 本格焼酎　郷の鴨遊び [本格焼酎] (米: 国産米, 精米: 非公開)
    ✨ [新規SKU抽出] 遊木（ゆき）長期熟成　本格焼酎 [本格焼酎] (米: 国産米, 精米: 非公開)
  👉 合資会社高田酒造場: 6 件の新規SKUを深層クローリングにより追加登録
[1302/1376] 🏭 ID 57887: 株式会社鳥飼酒造 (熊本県) - https://torikai.co.jp/
[1303/1376] 🏭 ID 57888: 合名会社豊永酒造 (熊本県) - https://www.toyonagakura.com
    ✨ [新規SKU抽出] 無濾過麦焼酎 [本格焼酎] (米: 国産米, 精米: 非公開)
    ✨ [新規SKU抽出] 吟醸香と甘みが際立つ [吟醸酒] (米: 国産米, 精米: 非公開)
    ✨ [新規SKU抽出] 有機玄米焼酎 [本格焼酎] (米: 国産米, 精米: 非公開)
    ✨ [新規SKU抽出] 個性豊かなリキュール [リキュール] (米: 国産米, 精米: 非公開)
    ✨ [新規SKU抽出] 他本格焼酎 [本格焼酎] (米: 国産米, 精米: 非公開)
    ✨ [新規SKU抽出] 麦本来の香ばしさが溢れる、無濾過麦焼酎 [本格焼酎] (米: 国産米, 精米: 非公開)
    ✨ [新規SKU抽出] 華やかな吟醸香と甘みが際立つ、有機玄米焼酎 [吟醸酒] (米: 国産米, 精米: 非公開)
    ✨ [新規SKU抽出] 有機米焼酎シェリー樽貯蔵完がこい [本格焼酎] (米: 国産米, 精米: 非公開)
    ✨ [新規SKU抽出] 有機玄米焼酎有機玄米完がこい [本格焼酎] (米: 国産米, 精米: 非公開)
    ✨ [新規SKU抽出] バラエティ豊かな豊永酒造の本格焼酎 [本格焼酎] (米: 国産米, 精米: 非公開)
    ✨ [新規SKU抽出] 豊永酒造がつくる個性豊かなリキュール [リキュール] (米: 国産米, 精米: 非公開)
    ✨ [新規SKU抽出] シナモン梅酒 [リキュール] (米: 国産米, 精米: 非公開)
    ✨ [新規SKU抽出] 豊永の梅酒 [リキュール] (米: 国産米, 精米: 非公開)
    ✨ [新規SKU抽出] 豊永の梅酒くまモンラベル [リキュール] (米: 国産米, 精米: 非公開)
    ✨ [新規SKU抽出] 豊永の梅酒 - 豊永酒造 [リキュール] (米: 国産米, 精米: 非公開)
    ✨ [新規SKU抽出] 原料：本格焼酎（国産）、梅、氷砂糖 [本格焼酎] (米: 国産米, 精米: 非公開)
    ✨ [新規SKU抽出] 仕込み：米焼酎と地元産梅を使用 [本格焼酎] (米: 国産米, 精米: 非公開)
    ✨ [新規SKU抽出] 有機米焼酎シェリー樽貯蔵完がこい - 豊永酒造 [本格焼酎] (米: 国産米, 精米: 非公開)
    ✨ [新規SKU抽出] 原料：本格米焼酎（国産）、食物繊維 [本格焼酎] (米: 国産米, 精米: 非公開)
    ✨ [新規SKU抽出] 仕込み：本格焼酎の着色度の基準を上回るため、リキュール表記 [リキュール] (米: 国産米, 精米: 非公開)
  👉 合名会社豊永酒造: 20 件の新規SKUを深層クローリングにより追加登録
[1304/1376] 🏭 ID 57889: 株式会社恒松酒造本店 (熊本県) - http://tsunematsu-shuzo.com/
    ✨ [新規SKU抽出] 地域限定販売芋焼酎！2021年11月4日蔵出しです。 [本格焼酎] (米: 国産米, 精米: 非公開)
    ✨ [新規SKU抽出] 10年以上貯蔵熟成純米焼酎×人吉産梅 [純米酒] (米: 国産米, 精米: 非公開)
  👉 株式会社恒松酒造本店: 2 件の新規SKUを深層クローリングにより追加登録
[1305/1376] 🏭 ID 57890: 株式会社堤酒造 (熊本県) - https://tsutsumi-syuzou.com
    ✨ [新規SKU抽出] [本格米焼酎]吟球磨 堤 [本格焼酎] (米: 国産米, 精米: 非公開)
    ✨ [新規SKU抽出] *酒税法上、本格焼酎には色(吸光度)の規制があるため、酒類はリキュールになります。 [リキュール] (米: 国産米, 精米: 非公開)
    ✨ [新規SKU抽出] [長期熟成米焼酎 黒麹仕込み]奥球磨桜(箱無し) [本格焼酎] (米: 国産米, 精米: 非公開)
    ✨ [新規SKU抽出] [長期熟成米焼酎 黒麹仕込み]奥球磨桜(箱付き) [本格焼酎] (米: 国産米, 精米: 非公開)
    ✨ [新規SKU抽出] [長期熟成米焼酎 黒麹仕込み]奥球磨桜 [本格焼酎] (米: 国産米, 精米: 非公開)
    ✨ [新規SKU抽出] [長期熟成米焼酎 黒麹仕込み]奥球磨桜　 – 堤酒造 [本格焼酎] (米: 国産米, 精米: 非公開)
  👉 株式会社堤酒造: 6 件の新規SKUを深層クローリングにより追加登録
[1306/1376] 🏭 ID 57891: 合資会社大和一酒造元 (熊本県) - https://www.yamato1.com
    ✨ [新規SKU抽出] 玄米焼酎の物語 [本格焼酎] (米: 国産米, 精米: 非公開)
    ✨ [新規SKU抽出] 梅酒　ここに生きる [リキュール] (米: 国産米, 精米: 非公開)
    ✨ [新規SKU抽出] 玄米焼酎を見る [本格焼酎] (米: 国産米, 精米: 非公開)
    ✨ [新規SKU抽出] ミルクリキュールや梅酒など、 [リキュール] (米: 国産米, 精米: 非公開)
    ✨ [新規SKU抽出] リキュールを見る [リキュール] (米: 国産米, 精米: 非公開)
    ✨ [新規SKU抽出] 昔ながらの球磨焼酎の姿を見つめなおした玄米焼酎。 [本格焼酎] (米: 国産米, 精米: 非公開)
    ✨ [新規SKU抽出] 玄米焼酎 [本格焼酎] (米: 国産米, 精米: 非公開)
    ✨ [新規SKU抽出] リキュール 他 [リキュール] (米: 国産米, 精米: 非公開)
    ✨ [新規SKU抽出] 玄米焼酎物語 [本格焼酎] (米: 国産米, 精米: 非公開)
    ✨ [新規SKU抽出] リキュール　他 [リキュール] (米: 国産米, 精米: 非公開)
    ✨ [新規SKU抽出] ・原材料名：生乳、本格焼酎、ショ糖 [本格焼酎] (米: 国産米, 精米: 非公開)
  👉 合資会社大和一酒造元: 11 件の新規SKUを深層クローリングにより追加登録
[1307/1376] 🏭 ID 57892: 北谷長老酒造工場株式会社 (沖縄県) - https://chatan-chourou.co.jp/
    ✨ [新規SKU抽出] 泡盛が初めての方 [泡盛] (米: 国産米, 精米: 非公開)
    ✨ [新規SKU抽出] 泡盛がお好きな方 [泡盛] (米: 国産米, 精米: 非公開)
    ✨ [新規SKU抽出] 泡盛初心者様へ [泡盛] (米: 国産米, 精米: 非公開)
    ✨ [新規SKU抽出] 泡盛が初めての方や、焼酎や日本酒とは違うお酒に挑戦したい方へ。 [泡盛] (米: 国産米, 精米: 非公開)
    ✨ [新規SKU抽出] 泡盛を飲んだことはあるけど、もっといろんな泡盛の味を楽しんでみたい方へ。 [泡盛] (米: 国産米, 精米: 非公開)
    ✨ [新規SKU抽出] ギフトにも最適な泡盛 [泡盛] (米: 国産米, 精米: 非公開)
    ✨ [新規SKU抽出] 沖縄の風土と歴史を感じる泡盛は、贈られた方に驚きと喜びを届けます。 [泡盛] (米: 国産米, 精米: 非公開)
    ✨ [新規SKU抽出] 至高の泡盛を楽しむ [泡盛] (米: 国産米, 精米: 非公開)
    ✨ [新規SKU抽出] BOOK型泡盛 [泡盛] (米: 国産米, 精米: 非公開)
    ✨ [新規SKU抽出] 泡盛ケーキ [泡盛] (米: 国産米, 精米: 非公開)
    ✨ [新規SKU抽出] はじめての泡盛は、 [泡盛] (米: 国産米, 精米: 非公開)
    ✨ [新規SKU抽出] 琉球泡盛 [泡盛] (米: 国産米, 精米: 非公開)
    ✨ [新規SKU抽出] 令和5年度泡盛鑑評会 古酒の部にて、国税事務所長賞と県知事賞をW受賞した16年古酒。 [泡盛] (米: 国産米, 精米: 非公開)
    ✨ [新規SKU抽出] 味わいまろやかでキレがよく、泡盛を初めて飲む方にもおすすめ。日常の一杯に。 [泡盛] (米: 国産米, 精米: 非公開)
    ✨ [新規SKU抽出] 泡盛ケーキ「長老の休日」 [泡盛] (米: 国産米, 精米: 非公開)
    ✨ [新規SKU抽出] 北谷長老オリジナルグッズ各種。実用性はもちろん、泡盛ファンへの贈り物に。 [泡盛] (米: 国産米, 精米: 非公開)
    ✨ [新規SKU抽出] 慣れ度で選ぶ：泡盛が初めての方
 – 北谷長老公式通販サイト [泡盛] (米: 国産米, 精米: 非公開)
    ✨ [新規SKU抽出] 慣れ度で選ぶ：泡盛が初めての方 [泡盛] (米: 国産米, 精米: 非公開)
    ✨ [新規SKU抽出] 慣れ度で選ぶ：泡盛がお好きな方
 – 北谷長老公式通販サイト [泡盛] (米: 国産米, 精米: 非公開)
    ✨ [新規SKU抽出] 慣れ度で選ぶ：泡盛がお好きな方 [泡盛] (米: 国産米, 精米: 非公開)
  👉 北谷長老酒造工場株式会社: 20 件の新規SKUを深層クローリングにより追加登録
[1308/1376] 🏭 ID 57893: 忠孝酒造株式会社 (沖縄県) - http://www.chuko-awamori.com
    ✨ [新規SKU抽出] トロリと濃醇な秘蔵甕熟成18年古酒泡盛 [泡盛] (米: 国産米, 精米: 非公開)
    ✨ [新規SKU抽出] 泡盛文化の継承・創造 [泡盛] (米: 国産米, 精米: 非公開)
    ✨ [新規SKU抽出] 見学ができる泡盛酒蔵 [泡盛] (米: 国産米, 精米: 非公開)
    ✨ [新規SKU抽出] 月あかり プレミアム泡盛ツアー [泡盛] (米: 国産米, 精米: 非公開)
    ✨ [新規SKU抽出] 泡盛酒蔵見学 [泡盛] (米: 国産米, 精米: 非公開)
    ✨ [新規SKU抽出] ⼿造り泡盛体験へ変更 [泡盛] (米: 国産米, 精米: 非公開)
    ✨ [新規SKU抽出] ⼿造り泡盛体験 [泡盛] (米: 国産米, 精米: 非公開)
    ✨ [新規SKU抽出] 厳選された⽶で、⾃分で造る泡盛は更に美味しい [泡盛] (米: 国産米, 精米: 非公開)
    ✨ [新規SKU抽出] 泡盛の概念が生まれ変わる、プレミアムツアー [泡盛] (米: 国産米, 精米: 非公開)
    ✨ [新規SKU抽出] 今までにない手間暇をかけた、常識破り泡盛 [泡盛] (米: 国産米, 精米: 非公開)
    ✨ [新規SKU抽出] 沖縄初！泡盛蔵元がつくった「黒あまざけ」 [泡盛] (米: 国産米, 精米: 非公開)
    ✨ [新規SKU抽出] 家族の思い出を作り、受け継いでいく泡盛 [泡盛] (米: 国産米, 精米: 非公開)
    ✨ [新規SKU抽出] 手造り泡盛体験 [泡盛] (米: 国産米, 精米: 非公開)
    ✨ [新規SKU抽出] CKR1＜新次元泡盛＞ [泡盛] (米: 国産米, 精米: 非公開)
    ✨ [新規SKU抽出] シー汁浸漬（古式泡盛製法） [泡盛] (米: 国産米, 精米: 非公開)
    ✨ [新規SKU抽出] マンゴー酵母泡盛 [泡盛] (米: 国産米, 精米: 非公開)
  👉 忠孝酒造株式会社: 16 件の新規SKUを深層クローリングにより追加登録
[1309/1376] 🏭 ID 57895: ヘリオス酒造株式会社 (沖縄県) - http://www.helios-syuzo.co.jp
    ✨ [新規SKU抽出] 紅芋焼酎 [本格焼酎] (米: 国産米, 精米: 非公開)
    ✨ [新規SKU抽出] 梅酒・リキュール [リキュール] (米: 国産米, 精米: 非公開)
    ✨ [新規SKU抽出] 泡盛・古酒くら [泡盛] (米: 国産米, 精米: 非公開)
    ✨ [新規SKU抽出] シークヮーサー梅酒 [リキュール] (米: 国産米, 精米: 非公開)
    ✨ [新規SKU抽出] ヘリオスの手造り黒糖梅酒 [リキュール] (米: 国産米, 精米: 非公開)
    ✨ [新規SKU抽出] 泡盛・酒造りの [泡盛] (米: 国産米, 精米: 非公開)
    ✨ [新規SKU抽出] 黒麹菌は泡盛の蒸留前の醪（もろみ）造りの段階で多量のクエン酸とアミノ酸を生成。 [泡盛] (米: 国産米, 精米: 非公開)
    ✨ [新規SKU抽出] 黒麹菌（くろこうじきん）は沖縄が原産地で、別名泡盛菌ともいいます。 [泡盛] (米: 国産米, 精米: 非公開)
    ✨ [新規SKU抽出] 黒麹菌は、泡盛の造る過程、発酵で使われます。 [泡盛] (米: 国産米, 精米: 非公開)
    ✨ [新規SKU抽出] 暑い沖縄でも年間通して泡盛を造ることができるのは、この黒麹のおかげなのです。 [泡盛] (米: 国産米, 精米: 非公開)
  👉 ヘリオス酒造株式会社: 10 件の新規SKUを深層クローリングにより追加登録
[1310/1376] 🏭 ID 57896: 有限会社比嘉酒造 (沖縄県) - https://zanpa.co.jp/
[1311/1376] 🏭 ID 57897: 株式会社伊平屋酒造所 (沖縄県) - https://iheya-distillery.co.jp/
[1312/1376] 🏭 ID 57898: 株式会社池原酒造 (沖縄県) - https://shirayuri-ikehara.com/
[1313/1376] 🏭 ID 57901: 株式会社石川酒造場 (沖縄県) - http://www.kamejikomi.com
    ✨ [新規SKU抽出] 琉球泡盛の甕仕込みの石川酒造場公式HP [泡盛] (米: 国産米, 精米: 非公開)
    ✨ [新規SKU抽出] 泡盛一般酒『玉友（ぎょくゆう）』 [泡盛] (米: 国産米, 精米: 非公開)
    ✨ [新規SKU抽出] 泡盛一般酒『玉友44（Forty Four)』 [泡盛] (米: 国産米, 精米: 非公開)
    ✨ [新規SKU抽出] 泡盛古酒『甕仕込（かめじこみ）』 [泡盛] (米: 国産米, 精米: 非公開)
    ✨ [新規SKU抽出] 泡盛古酒『玉友 壷』 [泡盛] (米: 国産米, 精米: 非公開)
    ✨ [新規SKU抽出] 泡盛一般酒『島風』 [泡盛] (米: 国産米, 精米: 非公開)
    ✨ [新規SKU抽出] 泡盛記念ボトル [泡盛] (米: 国産米, 精米: 非公開)
    ✨ [新規SKU抽出] 泡盛ブレンドセミナー2025開催！ [泡盛] (米: 国産米, 精米: 非公開)
    ✨ [新規SKU抽出] カメ仕込み美泡盛 [泡盛] (米: 国産米, 精米: 非公開)
    ✨ [新規SKU抽出] 琉球泡盛「島風」を [泡盛] (米: 国産米, 精米: 非公開)
    ✨ [新規SKU抽出] 泡盛古酒『玉友 甕』 [泡盛] (米: 国産米, 精米: 非公開)
    ✨ [新規SKU抽出] 泡盛古酒『玉友 [泡盛] (米: 国産米, 精米: 非公開)
    ✨ [新規SKU抽出] 琉球泡盛『80（エイティ）』 [泡盛] (米: 国産米, 精米: 非公開)
    ✨ [新規SKU抽出] 甕がずらりと並ぶ泡盛工場へぜひお越しください。 [泡盛] (米: 国産米, 精米: 非公開)
    ✨ [新規SKU抽出] 泡盛一般酒『玉友44（Forty Four）』 [泡盛] (米: 国産米, 精米: 非公開)
    ✨ [新規SKU抽出] 商品紹介｜琉球泡盛の甕仕込みの石川酒造場公式HP [泡盛] (米: 国産米, 精米: 非公開)
    ✨ [新規SKU抽出] 琉球泡盛　玉友 [泡盛] (米: 国産米, 精米: 非公開)
    ✨ [新規SKU抽出] 泡盛　一般酒 [泡盛] (米: 国産米, 精米: 非公開)
    ✨ [新規SKU抽出] 琉球泡盛『玉友（ぎょくゆう）』30度 [泡盛] (米: 国産米, 精米: 非公開)
    ✨ [新規SKU抽出] 琉球泡盛　玉友44 （ぎょくゆう　Forty Four ） [泡盛] (米: 国産米, 精米: 非公開)
    ✨ [新規SKU抽出] 琉球泡盛『玉友44（ぎょくゆう　Forty Four）』 [泡盛] (米: 国産米, 精米: 非公開)
    ✨ [新規SKU抽出] 琉球泡盛『玉友44（ぎょくゆう　Forty　Four）』 [泡盛] (米: 国産米, 精米: 非公開)
    ✨ [新規SKU抽出] 琉球泡盛『甕仕込（かめじこみ）』 [泡盛] (米: 国産米, 精米: 非公開)
    ✨ [新規SKU抽出] 泡盛古酒 [泡盛] (米: 国産米, 精米: 非公開)
    ✨ [新規SKU抽出] 琉球泡盛『甕仕込（かめじこみ）』５年古酒　25度 [泡盛] (米: 国産米, 精米: 非公開)
    ✨ [新規SKU抽出] 琉球泡盛『甕仕込（かめじこみ）』５年古酒　30度 [泡盛] (米: 国産米, 精米: 非公開)
    ✨ [新規SKU抽出] 琉球泡盛『甕仕込（かめじこみ）』５年古酒　43度 [泡盛] (米: 国産米, 精米: 非公開)
    ✨ [新規SKU抽出] 平成２５年度　泡盛鑑評会　最高賞である『県知事賞』を受賞！ [泡盛] (米: 国産米, 精米: 非公開)
    ✨ [新規SKU抽出] 琉球泡盛『甕仕込（かめじこみ）』５年古酒　４３度 [泡盛] (米: 国産米, 精米: 非公開)
    ✨ [新規SKU抽出] 甕の仕次ぎ用泡盛に最適です。 [泡盛] (米: 国産米, 精米: 非公開)
    ✨ [新規SKU抽出] 琉球泡盛　『玉友（ぎょくゆう）』縄巻き [泡盛] (米: 国産米, 精米: 非公開)
    ✨ [新規SKU抽出] 泡盛　５年古酒 [泡盛] (米: 国産米, 精米: 非公開)
    ✨ [新規SKU抽出] 琉球泡盛『玉友　甕仕込』縄巻き [泡盛] (米: 国産米, 精米: 非公開)
    ✨ [新規SKU抽出] 琉球泡盛『玉友 甕仕込』縄巻き [泡盛] (米: 国産米, 精米: 非公開)
    ✨ [新規SKU抽出] 甕入り泡盛は一般酒『玉友44度』3升・5升 [泡盛] (米: 国産米, 精米: 非公開)
    ✨ [新規SKU抽出] ほんのり甘く味わいすっきり泡盛独特の香りを押さえ、癖がなくすっきり爽やかな泡盛。 [泡盛] (米: 国産米, 精米: 非公開)
    ✨ [新規SKU抽出] 泡盛は少し飲みにくいなと感じている方や泡盛・焼酎は初めてという方におすすめです。 [泡盛] (米: 国産米, 精米: 非公開)
    ✨ [新規SKU抽出] 琉球泡盛「島風」 [泡盛] (米: 国産米, 精米: 非公開)
    ✨ [新規SKU抽出] 琉球泡盛『島風』 [泡盛] (米: 国産米, 精米: 非公開)
    ✨ [新規SKU抽出] 琉球泡盛『島風』紙パック [泡盛] (米: 国産米, 精米: 非公開)
    ✨ [新規SKU抽出] 泡盛をベースに沖縄のフルーツを使用したお酒です！ [泡盛] (米: 国産米, 精米: 非公開)
    ✨ [新規SKU抽出] ヒラミ８（ｴｲﾄ）リキュール 6度 [リキュール] (米: 国産米, 精米: 非公開)
    ✨ [新規SKU抽出] ヒラミ８（ｴｲﾄ）リキュール　6度 [リキュール] (米: 国産米, 精米: 非公開)
    ✨ [新規SKU抽出] 泡盛一般酒『80（エイティ』 [泡盛] (米: 国産米, 精米: 非公開)
  👉 株式会社石川酒造場: 44 件の新規SKUを深層クローリングにより追加登録
[1314/1376] 🏭 ID 57902: 合資会社伊是名酒造所 (沖縄県) - https://www.izenasyuzousyo.com/
[1315/1376] 🏭 ID 57903: 有限会社神村酒造 (沖縄県) - http://www.kamimura-shuzo.co.jp
    ✨ [新規SKU抽出] 泡盛「守禮 暖流」 - 沖縄の泡盛「守禮 暖流」神村酒造 [泡盛] (米: 国産米, 精米: 非公開)
    ✨ [新規SKU抽出] 泡盛の美味しい飲み方 [泡盛] (米: 国産米, 精米: 非公開)
    ✨ [新規SKU抽出] 泡盛女子（Instagram） [泡盛] (米: 国産米, 精米: 非公開)
    ✨ [新規SKU抽出] 沖縄の泡盛「守禮 暖流」神村酒造 [泡盛] (米: 国産米, 精米: 非公開)
    ✨ [新規SKU抽出] 泡盛蔵見学を予約 [泡盛] (米: 国産米, 精米: 非公開)
    ✨ [新規SKU抽出] 「心に残る」泡盛蔵見学 [泡盛] (米: 国産米, 精米: 非公開)
    ✨ [新規SKU抽出] 泡盛見学の詳細はこちら [泡盛] (米: 国産米, 精米: 非公開)
    ✨ [新規SKU抽出] 神村酒造では泡盛の熟成のために、理想の環境を求め「地下蔵」を設けました。 [泡盛] (米: 国産米, 精米: 非公開)
    ✨ [新規SKU抽出] 泡盛の熟成にはゆったりとした時の流れとストレスを与えない安定した環境が必要です。 [泡盛] (米: 国産米, 精米: 非公開)
    ✨ [新規SKU抽出] 神村酒造の泡盛・もろみ酢 [泡盛] (米: 国産米, 精米: 非公開)
    ✨ [新規SKU抽出] 泡盛守禮3年古酒43度 [泡盛] (米: 国産米, 精米: 非公開)
    ✨ [新規SKU抽出] 暖流は1968年に誕生。日本で初めてウイスキー樽で貯蔵した泡盛です。 [泡盛] (米: 国産米, 精米: 非公開)
    ✨ [新規SKU抽出] 冬泡盛はおでんや煮物料理に合わせて造った泡盛です。 [泡盛] (米: 国産米, 精米: 非公開)
    ✨ [新規SKU抽出] 芳醇酵母の泡盛をベースに3年古酒をブレンドしてつくりました。 [泡盛] (米: 国産米, 精米: 非公開)
    ✨ [新規SKU抽出] 守禮 瓶入り泡盛 [泡盛] (米: 国産米, 精米: 非公開)
    ✨ [新規SKU抽出] ご報告2026年カンヌ国際映画祭「CANNNES GALA」泡盛『守禮』提供 [泡盛] (米: 国産米, 精米: 非公開)
    ✨ [新規SKU抽出] 泡盛蔵見学の予約はこちら [泡盛] (米: 国産米, 精米: 非公開)
    ✨ [新規SKU抽出] 泡盛蔵見学 [泡盛] (米: 国産米, 精米: 非公開)
    ✨ [新規SKU抽出] 泡盛ができるまで [泡盛] (米: 国産米, 精米: 非公開)
    ✨ [新規SKU抽出] 泡盛の歴史と神村酒造 [泡盛] (米: 国産米, 精米: 非公開)
    ✨ [新規SKU抽出] 泡盛MICEプラン [泡盛] (米: 国産米, 精米: 非公開)
    ✨ [新規SKU抽出] 泡盛マイスター [泡盛] (米: 国産米, 精米: 非公開)
    ✨ [新規SKU抽出] 泡盛蔵オンラインツアー [泡盛] (米: 国産米, 精米: 非公開)
    ✨ [新規SKU抽出] 神村酒造の泡盛が飲めるお店 [泡盛] (米: 国産米, 精米: 非公開)
    ✨ [新規SKU抽出] 夏泡盛 20度 VS 冬泡盛 25度 [泡盛] (米: 国産米, 精米: 非公開)
  👉 有限会社神村酒造: 25 件の新規SKUを深層クローリングにより追加登録
[1316/1376] 🏭 ID 57904: 神谷酒造所 (沖縄県) - https://www.kamiya-shuzo.com/
    ✨ [新規SKU抽出] 甕貯蔵による優しい味わいの泡盛 [泡盛] (米: 国産米, 精米: 非公開)
  👉 神谷酒造所: 1 件の新規SKUを深層クローリングにより追加登録
[1317/1376] 🏭 ID 57905: 菊之露酒造株式会社 (沖縄県) - https://www.kikunotsuyu.co.jp/
    ✨ [新規SKU抽出] 菊之露 akari | 菊之露酒造｜琉球泡盛 [泡盛] (米: 国産米, 精米: 非公開)
  👉 菊之露酒造株式会社: 1 件の新規SKUを深層クローリングにより追加登録
[1318/1376] 🏭 ID 57906: 有限会社金武酒造 (沖縄県) - http://www.kinsyuzo-tatsu.com
    ✨ [新規SKU抽出] 琉球泡盛　龍 [泡盛] (米: 国産米, 精米: 非公開)
    ✨ [新規SKU抽出] この地で生まれた銘酒泡盛 [泡盛] (米: 国産米, 精米: 非公開)
    ✨ [新規SKU抽出] 琉球泡盛「龍」 [泡盛] (米: 国産米, 精米: 非公開)
    ✨ [新規SKU抽出] 田芋焼酎「金の誉」 [本格焼酎] (米: 国産米, 精米: 非公開)
    ✨ [新規SKU抽出] 泡盛：一般酒 [泡盛] (米: 国産米, 精米: 非公開)
    ✨ [新規SKU抽出] 泡盛：古酒 [泡盛] (米: 国産米, 精米: 非公開)
  👉 有限会社金武酒造: 6 件の新規SKUを深層クローリングにより追加登録
[1319/1376] 🏭 ID 57907: 株式会社 どなん酒造 (沖縄県) - https://donan-kokusenawamori.com/
    ✨ [新規SKU抽出] どなん国泉泡盛合名会社 – 与那国島の魂（スピリッツ）どなん [泡盛] (米: 国産米, 精米: 非公開)
    ✨ [新規SKU抽出] どなん国泉泡盛合名会社 [泡盛] (米: 国産米, 精米: 非公開)
    ✨ [新規SKU抽出] 手作りで作られた丁寧なお酒・国泉泡盛 [泡盛] (米: 国産米, 精米: 非公開)
    ✨ [新規SKU抽出] 日本の一番西にある与那国島の酒造所 国泉泡盛 [泡盛] (米: 国産米, 精米: 非公開)
    ✨ [新規SKU抽出] 与那国島だけで造られる60度の泡盛 [泡盛] (米: 国産米, 精米: 非公開)
    ✨ [新規SKU抽出] 国境の島で作られる手作りの泡盛。 [泡盛] (米: 国産米, 精米: 非公開)
    ✨ [新規SKU抽出] 与那国産「ひとめぼれ」を原料米として仕込まれた泡盛 [泡盛] (米: ひとめぼれ, 精米: 非公開)
    ✨ [新規SKU抽出] 国泉泡盛「どなん」 [泡盛] (米: 国産米, 精米: 非公開)
    ✨ [新規SKU抽出] ©2026 どなん国泉泡盛合名会社. All Rights Reserved. [泡盛] (米: 国産米, 精米: 非公開)
  👉 株式会社 どなん酒造: 9 件の新規SKUを深層クローリングにより追加登録
[1320/1376] 🏭 ID 57908: 株式会社久米島の久米仙 (沖縄県) - http://www.k-kumesen.co.jp
    ✨ [新規SKU抽出] 公式沖縄 泡盛・古酒の酒造所 久米島の久米仙 [泡盛] (米: 国産米, 精米: 非公開)
    ✨ [新規SKU抽出] 琉球泡盛｜久米島の久米仙 [泡盛] (米: 国産米, 精米: 非公開)
    ✨ [新規SKU抽出] 一期一会の泡盛をお届けします [泡盛] (米: 国産米, 精米: 非公開)
    ✨ [新規SKU抽出] 簡単！美味しい！泡盛炭酸割りの作り方 [泡盛] (米: 国産米, 精米: 非公開)
    ✨ [新規SKU抽出] 泡盛の美味しい飲み方 [泡盛] (米: 国産米, 精米: 非公開)
    ✨ [新規SKU抽出] ご存知でしたか？泡盛って糖質ゼロなんです！ [泡盛] (米: 国産米, 精米: 非公開)
    ✨ [新規SKU抽出] 琉球泡盛「久米島の久米仙」が出来るまで [泡盛] (米: 国産米, 精米: 非公開)
    ✨ [新規SKU抽出] 泡盛が出来るまで [泡盛] (米: 国産米, 精米: 非公開)
    ✨ [新規SKU抽出] 泡盛造り [泡盛] (米: 国産米, 精米: 非公開)
    ✨ [新規SKU抽出] 限りなく醇美な泡盛を造る。 [泡盛] (米: 国産米, 精米: 非公開)
    ✨ [新規SKU抽出] これも品質の高い泡盛造りには [泡盛] (米: 国産米, 精米: 非公開)
    ✨ [新規SKU抽出] サイトマップ | 公式沖縄 泡盛・古酒の酒造所 久米島の久米仙 [泡盛] (米: 国産米, 精米: 非公開)
    ✨ [新規SKU抽出] 豊かな自然に囲まれた久米島で、限りなく醇美な泡盛を造る [泡盛] (米: 国産米, 精米: 非公開)
    ✨ [新規SKU抽出] 商品案内 | 公式沖縄 泡盛・古酒の酒造所 久米島の久米仙 [泡盛] (米: 国産米, 精米: 非公開)
    ✨ [新規SKU抽出] 天然湧清水で醸された、爽やかな飲み口が人気の泡盛です。 [泡盛] (米: 国産米, 精米: 非公開)
    ✨ [新規SKU抽出] 泡盛の原点ともいえる定番。 [泡盛] (米: 国産米, 精米: 非公開)
    ✨ [新規SKU抽出] 泡盛の伝統的な味わいが楽しめます。 [泡盛] (米: 国産米, 精米: 非公開)
    ✨ [新規SKU抽出] 泡盛の旨さを知らしめたベストセラー。 [泡盛] (米: 国産米, 精米: 非公開)
    ✨ [新規SKU抽出] 伝統的な製法で造り上げた、爽やかな飲み口が特徴の紙パック泡盛。 [泡盛] (米: 国産米, 精米: 非公開)
    ✨ [新規SKU抽出] アルコール度数25度で、軽やかな飲み口が特徴の紙パック泡盛。 [泡盛] (米: 国産米, 精米: 非公開)
    ✨ [新規SKU抽出] ?度数の異なる泡盛をブレンドし「30度」に... [泡盛] (米: 国産米, 精米: 非公開)
    ✨ [新規SKU抽出] その泡盛と同じ、相性抜群の湧清水で水割りし12度に調整しま... [泡盛] (米: 国産米, 精米: 非公開)
    ✨ [新規SKU抽出] 沖縄塩檸檬 | 商品案内 | 公式沖縄 泡盛・古酒の酒造所 久米島の久米仙 [泡盛] (米: 国産米, 精米: 非公開)
    ✨ [新規SKU抽出] 毎日の晩酌や食中酒にもぴったりな、新しい泡盛の美味しさを楽しめる20度の泡盛です。 [泡盛] (米: 国産米, 精米: 非公開)
    ✨ [新規SKU抽出] 究極の水割 | 商品案内 | 公式沖縄 泡盛・古酒の酒造所 久米島の久米仙 [泡盛] (米: 国産米, 精米: 非公開)
    ✨ [新規SKU抽出] その泡盛と同じ、相性抜群の湧清水で水割りし12度に調整しました。 [泡盛] (米: 国産米, 精米: 非公開)
  👉 株式会社久米島の久米仙: 26 件の新規SKUを深層クローリングにより追加登録
[1321/1376] 🏭 ID 57909: 久米仙酒造株式会社 (沖縄県) - http://www.kumesen.co.jp
    ✨ [新規SKU抽出] 一歩進んだ泡盛づくり [泡盛] (米: 国産米, 精米: 非公開)
    ✨ [新規SKU抽出] 一歩進んだ泡盛づくり” [泡盛] (米: 国産米, 精米: 非公開)
    ✨ [新規SKU抽出] 沖縄の泡盛古酒の製造技術を生かした新時代のウイスキー [泡盛] (米: 国産米, 精米: 非公開)
    ✨ [新規SKU抽出] さらに、2021年に泡盛古酒の「熟成しつづける」という性質を受け継ぎ、 [泡盛] (米: 国産米, 精米: 非公開)
  👉 久米仙酒造株式会社: 4 件の新規SKUを深層クローリングにより追加登録
[1322/1376] 🏭 ID 57910: まさひろ酒造株式会社 (沖縄県) - http://www.masahiro.co.jp
    ✨ [新規SKU抽出] 泡盛のまさひろ酒造 [泡盛] (米: 国産米, 精米: 非公開)
    ✨ [新規SKU抽出] 泡盛まさひろ [泡盛] (米: 国産米, 精米: 非公開)
    ✨ [新規SKU抽出] 泡盛 まさひろ [泡盛] (米: 国産米, 精米: 非公開)
    ✨ [新規SKU抽出] 飲みつがれる酒「泡盛まさひろ」 [泡盛] (米: 国産米, 精米: 非公開)
    ✨ [新規SKU抽出] 泡盛古酒まさひろ [泡盛] (米: 国産米, 精米: 非公開)
    ✨ [新規SKU抽出] 泡盛 古酒まさひろ [泡盛] (米: 国産米, 精米: 非公開)
    ✨ [新規SKU抽出] 熟成泡盛「古酒まさひろ」 [泡盛] (米: 国産米, 精米: 非公開)
    ✨ [新規SKU抽出] うまくて飲みやすい、こだわりの泡盛です。 [泡盛] (米: 国産米, 精米: 非公開)
    ✨ [新規SKU抽出] 泡盛を生業にするまさひろ酒造が造った、 [泡盛] (米: 国産米, 精米: 非公開)
    ✨ [新規SKU抽出] 琉球泡盛 [泡盛] (米: 国産米, 精米: 非公開)
    ✨ [新規SKU抽出] 黒麹と泡盛 [泡盛] (米: 国産米, 精米: 非公開)
    ✨ [新規SKU抽出] まさひろ酒造の泡盛 [泡盛] (米: 国産米, 精米: 非公開)
    ✨ [新規SKU抽出] 切磋琢磨し、常に良質の泡盛をご提供できるよう努めています。 [泡盛] (米: 国産米, 精米: 非公開)
    ✨ [新規SKU抽出] 泡盛まさひろギャラリー [泡盛] (米: 国産米, 精米: 非公開)
    ✨ [新規SKU抽出] お知らせ - 泡盛のまさひろ酒造 [泡盛] (米: 国産米, 精米: 非公開)
    ✨ [新規SKU抽出] 琉球泡盛・アニメ『キングダム』夢のコラボ第２弾 [泡盛] (米: 国産米, 精米: 非公開)
    ✨ [新規SKU抽出] 令和7年度泡盛鑑評会　受賞 [泡盛] (米: 国産米, 精米: 非公開)
    ✨ [新規SKU抽出] 琉球泡盛と大人気アニメ『キングダム』が夢のコラボ！ [泡盛] (米: 国産米, 精米: 非公開)
    ✨ [新規SKU抽出] メディア掲載 - 泡盛のまさひろ酒造 [泡盛] (米: 国産米, 精米: 非公開)
    ✨ [新規SKU抽出] [2018年]なんでも鑑定団に琉球王の「書」！泡盛のまさひろ酒造 比嘉昌晋会長が…… [泡盛] (米: 国産米, 精米: 非公開)
    ✨ [新規SKU抽出] 戦後の泡盛・歴史的資料をご紹介（YouTube） [泡盛] (米: 国産米, 精米: 非公開)
    ✨ [新規SKU抽出] 泡盛業界の歴史を知る貴重な古い泡盛ラベル大量発見! 代表取締役会長 比嘉昌晋が取…… [泡盛] (米: 国産米, 精米: 非公開)
    ✨ [新規SKU抽出] お知らせ - 泡盛のまさひろ酒造 - Page 2 [泡盛] (米: 国産米, 精米: 非公開)
    ✨ [新規SKU抽出] 令和6年度泡盛鑑評会　受賞 [泡盛] (米: 国産米, 精米: 非公開)
  👉 まさひろ酒造株式会社: 24 件の新規SKUを深層クローリングにより追加登録
[1323/1376] 🏭 ID 57911: 株式会社宮の華 (沖縄県) - http://www.miyanohana.com/
    ✨ [新規SKU抽出] 国産米の泡盛 [泡盛] (米: 国産米, 精米: 非公開)
    ✨ [新規SKU抽出] こころがつながる、泡盛を [泡盛] (米: 国産米, 精米: 非公開)
    ✨ [新規SKU抽出] 島での生活に泡盛は欠かせないほど親しまれています。 [泡盛] (米: 国産米, 精米: 非公開)
    ✨ [新規SKU抽出] お客様が泡盛を飲む時に [泡盛] (米: 国産米, 精米: 非公開)
    ✨ [新規SKU抽出] 私たち宮の華は精魂込めて泡盛造りをしています。 [泡盛] (米: 国産米, 精米: 非公開)
    ✨ [新規SKU抽出] 大切に育てられた熊本のお米を、泡盛に仕上げました。 [泡盛] (米: 国産米, 精米: 非公開)
    ✨ [新規SKU抽出] 宮の華, 泡盛, みやのはな [泡盛] (米: 国産米, 精米: 非公開)
  👉 株式会社宮の華: 7 件の新規SKUを深層クローリングにより追加登録
[1324/1376] 🏭 ID 57913: 瑞穂酒造株式会社 (沖縄県) - http://www.mizuhoshuzo.co.jp
    ✨ [新規SKU抽出] リキュール・もろみ酢 [リキュール] (米: 国産米, 精米: 非公開)
  👉 瑞穂酒造株式会社: 1 件の新規SKUを深層クローリングにより追加登録
[1325/1376] 🏭 ID 57914: 仲間酒造株式会社 (沖縄県) - https://miyanotsuru.com/
[1326/1376] 🏭 ID 57915: 有限会社今帰仁酒造 (沖縄県) - http://www.nakijinshuzo.jp
    ✨ [新規SKU抽出] 「乙羽山麓泡盛仕込みヨーグルト酒マンゴー」発売再開のお知らせ [泡盛] (米: 国産米, 精米: 非公開)
    ✨ [新規SKU抽出] 「父の日は泡盛でカンパイ！キャンペーン」ご案内 [泡盛] (米: 国産米, 精米: 非公開)
    ✨ [新規SKU抽出] 父の日は泡盛でカンパイ！キャンペーン [泡盛] (米: 国産米, 精米: 非公開)
    ✨ [新規SKU抽出] 「乙羽山麓泡盛仕込みヨーグルト酒」今期販売終了のお知らせ [泡盛] (米: 国産米, 精米: 非公開)
    ✨ [新規SKU抽出] 「乙羽山麓泡盛仕込みヨーグルト酒」今期分は完売致しました。 [泡盛] (米: 国産米, 精米: 非公開)
    ✨ [新規SKU抽出] 冬期限定「乙羽山麓泡盛仕込みヨーグルト酒」販売のご案内 [泡盛] (米: 国産米, 精米: 非公開)
    ✨ [新規SKU抽出] この度、沖縄県内限定にて販売させていただいた「乙羽山麓泡盛仕込みヨーグルト酒」を [泡盛] (米: 国産米, 精米: 非公開)
    ✨ [新規SKU抽出] 商品名：乙羽山麓泡盛仕込みヨーグルト酒 [泡盛] (米: 国産米, 精米: 非公開)
    ✨ [新規SKU抽出] 原材料：ヨーグルト、泡盛、酸味料 [泡盛] (米: 国産米, 精米: 非公開)
    ✨ [新規SKU抽出] （※泡盛・リキュール・前掛け・グラス等） [リキュール] (米: 国産米, 精米: 非公開)
    ✨ [新規SKU抽出] （※もろみ酢・シークヮーサー・サプリメント・泡盛お菓子・カレー等は８％適用です。） [泡盛] (米: 国産米, 精米: 非公開)
    ✨ [新規SKU抽出] 「特選 琉球泡盛セット」価格改定のご案内 [泡盛] (米: 国産米, 精米: 非公開)
    ✨ [新規SKU抽出] 「特選 琉球泡盛セット（１８０ｍｌ×５本）」 [泡盛] (米: 国産米, 精米: 非公開)
    ✨ [新規SKU抽出] 乙羽山麓泡盛仕込みヨーグルト酒 8度 [泡盛] (米: 国産米, 精米: 非公開)
    ✨ [新規SKU抽出] 泡盛仕込みヨーグルト酒 [泡盛] (米: 国産米, 精米: 非公開)
    ✨ [新規SKU抽出] ┣ リキュール [リキュール] (米: 国産米, 精米: 非公開)
    ✨ [新規SKU抽出] ┣ 壷・甕の泡盛 [泡盛] (米: 国産米, 精米: 非公開)
    ✨ [新規SKU抽出] ┣ 泡盛仕込みヨーグルト酒 [泡盛] (米: 国産米, 精米: 非公開)
    ✨ [新規SKU抽出] 千年の響 （泡盛ケーキ） [泡盛] (米: 国産米, 精米: 非公開)
    ✨ [新規SKU抽出] 乙羽山麓泡盛仕込みヨーグルト酒 8度 （ [泡盛] (米: 国産米, 精米: 非公開)
    ✨ [新規SKU抽出] 今帰仁酒造 公式通販 / 送料無料特選 琉球泡盛セット [泡盛] (米: 国産米, 精米: 非公開)
    ✨ [新規SKU抽出] 送料無料特選 琉球泡盛セット [泡盛] (米: 国産米, 精米: 非公開)
    ✨ [新規SKU抽出] 特選 琉球泡盛セット [泡盛] (米: 国産米, 精米: 非公開)
    ✨ [新規SKU抽出] 包装や梱包もとても丁寧にされていて、色んな泡盛が楽しめて、とても喜んでもらえました。 [泡盛] (米: 国産米, 精米: 非公開)
  👉 有限会社今帰仁酒造: 24 件の新規SKUを深層クローリングにより追加登録
[1327/1376] 🏭 ID 57916: 沖之光酒造合資会社 (沖縄県) - https://www.okinohikari.com/
    ✨ [新規SKU抽出] 沖之光酒造 - 宮古島の泡盛　沖之光 [泡盛] (米: 国産米, 精米: 非公開)
    ✨ [新規SKU抽出] 宮古島の泡盛　沖之光 [泡盛] (米: 国産米, 精米: 非公開)
    ✨ [新規SKU抽出] 宮古島で育まれる泡盛　沖之光 [泡盛] (米: 国産米, 精米: 非公開)
    ✨ [新規SKU抽出] 以来、美しい自然が残るこの島で泡盛を造り続けています。 [泡盛] (米: 国産米, 精米: 非公開)
    ✨ [新規SKU抽出] サイトマップ - 宮古島の泡盛　沖之光 [泡盛] (米: 国産米, 精米: 非公開)
  👉 沖之光酒造合資会社: 5 件の新規SKUを深層クローリングにより追加登録
[1328/1376] 🏭 ID 57917: 合資会社恩納酒造所 (沖縄県) - https://manza.jp/
    ✨ [新規SKU抽出] 恩納酒造所 泡盛萬座 | 沖縄、恩納村唯一の酒造所 [泡盛] (米: 国産米, 精米: 非公開)
    ✨ [新規SKU抽出] 「琉球泡盛 萬座」とは [泡盛] (米: 国産米, 精米: 非公開)
    ✨ [新規SKU抽出] 愛され続ける泡盛が「琉球泡盛 萬座」である。 [泡盛] (米: 国産米, 精米: 非公開)
  👉 合資会社恩納酒造所: 3 件の新規SKUを深層クローリングにより追加登録
[1329/1376] 🏭 ID 57918: 株式会社龍泉酒造 (沖縄県) - http://ryusen.co.jp/
[1330/1376] 🏭 ID 57919: 合名会社崎元酒造所 (沖縄県) - https://www.sakimotoshuzo.com/
    ✨ [新規SKU抽出] 泡盛の種類 [泡盛] (米: 国産米, 精米: 非公開)
    ✨ [新規SKU抽出] 泡盛の純粋な旨みを保ちながら飲みやすくさわやかに造り上げました。 [泡盛] (米: 国産米, 精米: 非公開)
    ✨ [新規SKU抽出] 泡盛セット [泡盛] (米: 国産米, 精米: 非公開)
    ✨ [新規SKU抽出] 泡盛 ショップ [泡盛] (米: 国産米, 精米: 非公開)
    ✨ [新規SKU抽出] 沖縄の泡盛なら崎元酒造所 [泡盛] (米: 国産米, 精米: 非公開)
    ✨ [新規SKU抽出] 琉球泡盛 干支ボトル「令和2年・子年ボトル(ブラスト彫刻)」30度 [泡盛] (米: 国産米, 精米: 非公開)
  👉 合名会社崎元酒造所: 6 件の新規SKUを深層クローリングにより追加登録
[1331/1376] 🏭 ID 57920: 咲元酒造株式会社 (沖縄県) - https://www.sakimoto-awamori.com/
    ✨ [新規SKU抽出] 沖縄の泡盛・古酒の咲元酒造 [泡盛] (米: 国産米, 精米: 非公開)
    ✨ [新規SKU抽出] 新泡盛・蔵波 [泡盛] (米: 国産米, 精米: 非公開)
    ✨ [新規SKU抽出] 100有余年守り続けた、伝統の泡盛 [泡盛] (米: 国産米, 精米: 非公開)
    ✨ [新規SKU抽出] 咲元は適度な濾過で昔ながらの「芳醇で風味豊かな泡盛」の味を守り続けています。 [泡盛] (米: 国産米, 精米: 非公開)
    ✨ [新規SKU抽出] 泡盛の個性を出すために、黒麹菌は大きな役割を担っているのです。 [泡盛] (米: 国産米, 精米: 非公開)
    ✨ [新規SKU抽出] 泡盛とは [泡盛] (米: 国産米, 精米: 非公開)
    ✨ [新規SKU抽出] 咲元酒造こだわりの泡盛をご紹介しております。 [泡盛] (米: 国産米, 精米: 非公開)
    ✨ [新規SKU抽出] 定番の泡盛から人気の古酒まで、それぞれの味の特徴や度数等、是非参考にされてください。 [泡盛] (米: 国産米, 精米: 非公開)
    ✨ [新規SKU抽出] 粗濾過泡盛44度 [泡盛] (米: 国産米, 精米: 非公開)
    ✨ [新規SKU抽出] 泡盛コンテスト2019年金賞受賞 [泡盛] (米: 国産米, 精米: 非公開)
  👉 咲元酒造株式会社: 10 件の新規SKUを深層クローリングにより追加登録
[1332/1376] 🏭 ID 57921: 株式会社松藤 (沖縄県) - http://sakiyamashuzo.jp
    ✨ [新規SKU抽出] 泡盛と古酒、醗酵食品の通販 [泡盛] (米: 国産米, 精米: 非公開)
    ✨ [新規SKU抽出] 泡盛・新酒 [泡盛] (米: 国産米, 精米: 非公開)
    ✨ [新規SKU抽出] 松藤 泡盛 彫刻入り44度 [泡盛] (米: 国産米, 精米: 非公開)
    ✨ [新規SKU抽出] 名入れ彫刻オリジナル 一升瓶 泡盛（粗濾過44度） [泡盛] (米: 国産米, 精米: 非公開)
    ✨ [新規SKU抽出] 名入れ彫刻益々繁盛オリジナルボトル泡盛（粗濾過44度） [泡盛] (米: 国産米, 精米: 非公開)
    ✨ [新規SKU抽出] 令和6年泡盛鑑評会 優等賞 受賞 赤の松藤 6年古酒 43度 [泡盛] (米: 国産米, 精米: 非公開)
    ✨ [新規SKU抽出] 生しぼり沖縄タンカン梅酒 [リキュール] (米: 国産米, 精米: 非公開)
    ✨ [新規SKU抽出] 島米・吟香酵母仕込み五年熟成泡盛・梅酒セット [リキュール] (米: 国産米, 精米: 非公開)
    ✨ [新規SKU抽出] 琉球泡盛松藤オフィシャルサイト [泡盛] (米: 国産米, 精米: 非公開)
    ✨ [新規SKU抽出] 旨い泡盛つくり、これからも。 [泡盛] (米: 国産米, 精米: 非公開)
    ✨ [新規SKU抽出] 琉球泡盛とは [泡盛] (米: 国産米, 精米: 非公開)
    ✨ [新規SKU抽出] 泡盛もろみ酢 黒糖入り [泡盛] (米: 国産米, 精米: 非公開)
    ✨ [新規SKU抽出] 泡盛もろみ酢 ストレート [泡盛] (米: 国産米, 精米: 非公開)
    ✨ [新規SKU抽出] 泡盛職人がつくったこだわりのこーれーぐーす [泡盛] (米: 国産米, 精米: 非公開)
    ✨ [新規SKU抽出] 琉球泡盛「松藤」が飲めるお店のご紹介 [泡盛] (米: 国産米, 精米: 非公開)
    ✨ [新規SKU抽出] 泡盛 古酒 Aサインバー [泡盛] (米: 国産米, 精米: 非公開)
    ✨ [新規SKU抽出] 沖縄料理と泡盛　あさとや [泡盛] (米: 国産米, 精米: 非公開)
    ✨ [新規SKU抽出] カテゴリー：泡盛・新酒 [泡盛] (米: 国産米, 精米: 非公開)
    ✨ [新規SKU抽出] 名入れ彫刻オリジナルボトル泡盛（瑠璃）粗濾過44度 [泡盛] (米: 国産米, 精米: 非公開)
    ✨ [新規SKU抽出] 名入れ彫刻オリジナル 一升瓶 泡盛（瑠璃）粗濾過44度 [泡盛] (米: 国産米, 精米: 非公開)
    ✨ [新規SKU抽出] 琉球泡盛　舞天　３５度　720ｍｌ [泡盛] (米: 国産米, 精米: 非公開)
  👉 株式会社松藤: 21 件の新規SKUを深層クローリングにより追加登録
[1333/1376] 🏭 ID 57922: 請福酒造有限会社 (沖縄県) - http://www.seifuku.co.jp
    ✨ [新規SKU抽出] 請福酒造沖縄石垣島の泡盛蔵元 [泡盛] (米: 国産米, 精米: 非公開)
    ✨ [新規SKU抽出] 石垣島の泡盛メーカー 請福酒造 [泡盛] (米: 国産米, 精米: 非公開)
    ✨ [新規SKU抽出] リキュール [リキュール] (米: 国産米, 精米: 非公開)
    ✨ [新規SKU抽出] -リキュール [リキュール] (米: 国産米, 精米: 非公開)
    ✨ [新規SKU抽出] 43度甕（かめ）入り泡盛 [泡盛] (米: 国産米, 精米: 非公開)
    ✨ [新規SKU抽出] 泡盛 古酒 [泡盛] (米: 国産米, 精米: 非公開)
    ✨ [新規SKU抽出] 請福梅酒 [リキュール] (米: 国産米, 精米: 非公開)
    ✨ [新規SKU抽出] リキュール3本セット [リキュール] (米: 国産米, 精米: 非公開)
  👉 請福酒造有限会社: 8 件の新規SKUを深層クローリングにより追加登録
[1334/1376] 🏭 ID 57923: 有限会社識名酒造 (沖縄県) - http://www.shikinashuzo.com/
    ✨ [新規SKU抽出] 識名酒造公式ホームページ 琉球泡盛「時雨（しぐれ）」・「歓（よろこび）」 [泡盛] (米: 国産米, 精米: 非公開)
    ✨ [新規SKU抽出] 古風味豊かな琉球泡盛「時雨」・「歓」 [泡盛] (米: 国産米, 精米: 非公開)
    ✨ [新規SKU抽出] 長期貯蔵に適した常圧蒸留で仕上げた泡盛を蔵で７年以上の時を重ね貯蔵された商品です。 [泡盛] (米: 国産米, 精米: 非公開)
    ✨ [新規SKU抽出] 長期保存に適した43度の泡盛を詰めています。 [泡盛] (米: 国産米, 精米: 非公開)
    ✨ [新規SKU抽出] 沖縄最古の泡盛 [泡盛] (米: 国産米, 精米: 非公開)
    ✨ [新規SKU抽出] ブログホッと泡盛「時雨」 [泡盛] (米: 国産米, 精米: 非公開)
    ✨ [新規SKU抽出] 泡盛百科 [泡盛] (米: 国産米, 精米: 非公開)
    ✨ [新規SKU抽出] 泡盛発祥の地、首里の銘酒　時雨 [泡盛] (米: 国産米, 精米: 非公開)
  👉 有限会社識名酒造: 8 件の新規SKUを深層クローリングにより追加登録
[1335/1376] 🏭 ID 57924: 新里酒造株式会社 (沖縄県) - http://www.shinzato-shuzo.co.jp
    ✨ [新規SKU抽出] TWSC2026にて、泡盛・ウイスキーが最高金賞・金賞を受賞！ [泡盛] (米: 国産米, 精米: 非公開)
    ✨ [新規SKU抽出] に許し、ここで生まれた泡盛は、遠く中国や日本への献上品として珍重されていました。 [泡盛] (米: 国産米, 精米: 非公開)
    ✨ [新規SKU抽出] 新里酒造 泡盛 古酒 新里酒造175周年記念ボトル [泡盛] (米: 国産米, 精米: 非公開)
    ✨ [新規SKU抽出] 皆様の元へ届くまで、
泡盛の製造工程をご紹介します。 [泡盛] (米: 国産米, 精米: 非公開)
  👉 新里酒造株式会社: 4 件の新規SKUを深層クローリングにより追加登録
[1336/1376] 🏭 ID 57925: 有限会社髙嶺酒造所 (沖縄県) - http://omoto-takamine.com/
    ✨ [新規SKU抽出] 沖縄県石垣島の地釜手作り泡盛「高嶺酒造所」 [泡盛] (米: 国産米, 精米: 非公開)
    ✨ [新規SKU抽出] 地釜手作り泡盛おもと製造・販売「高嶺酒造所」 [泡盛] (米: 国産米, 精米: 非公開)
    ✨ [新規SKU抽出] 地釜手作り泡盛「高嶺酒造所」 [泡盛] (米: 国産米, 精米: 非公開)
    ✨ [新規SKU抽出] 西表島の米と水から生まれた一滴「西表島の泡盛（いりむてぃのさき）」好評発売中！ [泡盛] (米: 国産米, 精米: 非公開)
    ✨ [新規SKU抽出] 平成８年度泡盛鑑評会優等賞受賞 [泡盛] (米: 国産米, 精米: 非公開)
    ✨ [新規SKU抽出] 平成１５年度全国酒類コンクール泡盛部門１位 [泡盛] (米: 国産米, 精米: 非公開)
  👉 有限会社髙嶺酒造所: 6 件の新規SKUを深層クローリングにより追加登録
[1337/1376] 🏭 ID 57926: 株式会社玉那覇酒造所 (沖縄県) - http://www.tamanotuyu.com
    ✨ [新規SKU抽出] 八重山最古の蔵元が守り継ぐ本場の味–泡盛・古酒・製造メーカー直販サイト– [泡盛] (米: 国産米, 精米: 非公開)
  👉 株式会社玉那覇酒造所: 1 件の新規SKUを深層クローリングにより追加登録
[1338/1376] 🏭 ID 57927: 株式会社多良川 (沖縄県) - http://www.taragawa.co.jp
    ✨ [新規SKU抽出] 泡盛のこと [泡盛] (米: 国産米, 精米: 非公開)
    ✨ [新規SKU抽出] 泡盛うんちく [泡盛] (米: 国産米, 精米: 非公開)
    ✨ [新規SKU抽出] 壺入り泡盛のご紹介 [泡盛] (米: 国産米, 精米: 非公開)
    ✨ [新規SKU抽出] 泡盛は、作るものではなく育てるもの [泡盛] (米: 国産米, 精米: 非公開)
    ✨ [新規SKU抽出] 泡盛の多良川｜琉球王朝、久遠の蔵元 [泡盛] (米: 国産米, 精米: 非公開)
    ✨ [新規SKU抽出] 泡盛の多良川｜琉球王朝、久遠の蔵元 | 琉球泡盛の旨さと魅力を皆様に [泡盛] (米: 国産米, 精米: 非公開)
    ✨ [新規SKU抽出] サンゴ礁からなる自然豊かな宮古島にて、
泡盛を造り続けて70余年 [泡盛] (米: 国産米, 精米: 非公開)
  👉 株式会社多良川: 7 件の新規SKUを深層クローリングにより追加登録
[1339/1376] 🏭 ID 57929: 株式会社津波古酒造 (沖縄県) - https://tsuhakosyuzou.com/
    ✨ [新規SKU抽出] 泡盛ミニ知識 [泡盛] (米: 国産米, 精米: 非公開)
    ✨ [新規SKU抽出] 杜氏の五感を駆使した泡盛。 [泡盛] (米: 国産米, 精米: 非公開)
    ✨ [新規SKU抽出] 知識19　味わいの幅が広い泡盛 [泡盛] (米: 国産米, 精米: 非公開)
  👉 株式会社津波古酒造: 3 件の新規SKUを深層クローリングにより追加登録
[1340/1376] 🏭 ID 57930: 合資会社津嘉山酒造所 (沖縄県) - http://www.awamori-kokka.co.jp
    ✨ [新規SKU抽出] │泡盛製造の合資会社 津嘉山酒造所│沖縄のお酒・泡盛「國華（ こっか ）」の専門店│ [泡盛] (米: 国産米, 精米: 非公開)
    ✨ [新規SKU抽出] 泡盛製造の津嘉山酒造所 [泡盛] (米: 国産米, 精米: 非公開)
    ✨ [新規SKU抽出] 沖縄のお酒・泡盛「國華」を名護市で製造しています。 [泡盛] (米: 国産米, 精米: 非公開)
    ✨ [新規SKU抽出] 沖縄で國華泡盛！ [泡盛] (米: 国産米, 精米: 非公開)
    ✨ [新規SKU抽出] 泡盛國華 [泡盛] (米: 国産米, 精米: 非公開)
    ✨ [新規SKU抽出] 価格で選ぶ泡盛国華 [泡盛] (米: 国産米, 精米: 非公開)
    ✨ [新規SKU抽出] 昭和45年から変わらない製造ラインで造る泡盛“國華”。 [泡盛] (米: 国産米, 精米: 非公開)
    ✨ [新規SKU抽出] 沖縄のお酒・泡盛「國華（こっか）」製造の津嘉山酒造所 [泡盛] (米: 国産米, 精米: 非公開)
    ✨ [新規SKU抽出] 泡盛「國華」の合資会社 津嘉山酒造所 [泡盛] (米: 国産米, 精米: 非公開)
    ✨ [新規SKU抽出] \10,001-～\20,000-の泡盛「國華」をご案内しております。 [泡盛] (米: 国産米, 精米: 非公開)
    ✨ [新規SKU抽出] 画像：泡盛國華四合びん [泡盛] (米: 国産米, 精米: 非公開)
    ✨ [新規SKU抽出] 津嘉山酒造所の泡盛「國華」30度四合瓶ケース売り [泡盛] (米: 国産米, 精米: 非公開)
    ✨ [新規SKU抽出] 画像：泡盛國華一升びん [泡盛] (米: 国産米, 精米: 非公開)
    ✨ [新規SKU抽出] 津嘉山酒造所の泡盛「國華」30度一升瓶ケース売り [泡盛] (米: 国産米, 精米: 非公開)
    ✨ [新規SKU抽出] 価格帯\10,001-～\20,000-の他にも泡盛「國華」をご用意してございます。 [泡盛] (米: 国産米, 精米: 非公開)
    ✨ [新規SKU抽出] 泡盛「國華」商品ラインナップ [泡盛] (米: 国産米, 精米: 非公開)
    ✨ [新規SKU抽出] > 泡盛國華 [泡盛] (米: 国産米, 精米: 非公開)
    ✨ [新規SKU抽出] 津嘉山酒造所の泡盛「國華」30度四合瓶2本セット [泡盛] (米: 国産米, 精米: 非公開)
    ✨ [新規SKU抽出] 津嘉山酒造所の泡盛「國華」43度四合瓶2本セット [泡盛] (米: 国産米, 精米: 非公開)
    ✨ [新規SKU抽出] 津嘉山酒造所の泡盛「國華」43度30度四合瓶セット [泡盛] (米: 国産米, 精米: 非公開)
    ✨ [新規SKU抽出] 津嘉山酒造所の泡盛「國華」30度一升瓶2本セット [泡盛] (米: 国産米, 精米: 非公開)
    ✨ [新規SKU抽出] 津嘉山酒造所の泡盛「國華」43度一升瓶2本セット [泡盛] (米: 国産米, 精米: 非公開)
    ✨ [新規SKU抽出] 津嘉山酒造所の泡盛「國華」43度30度一升瓶セット [泡盛] (米: 国産米, 精米: 非公開)
    ✨ [新規SKU抽出] 津嘉山酒造所の泡盛「國華」3年古酒43度4合瓶 [泡盛] (米: 国産米, 精米: 非公開)
    ✨ [新規SKU抽出] 津嘉山酒造所の泡盛「國華」43度「益々繁盛」瓶(4.5L)1本 [泡盛] (米: 国産米, 精米: 非公開)
    ✨ [新規SKU抽出] 津嘉山酒造所の泡盛「國華」43度四合瓶ケース売り [泡盛] (米: 国産米, 精米: 非公開)
    ✨ [新規SKU抽出] 津嘉山酒造所の泡盛「國華」43度一升瓶ケース売り [泡盛] (米: 国産米, 精米: 非公開)
    ✨ [新規SKU抽出] \3,001-～\5,000-の泡盛「國華」をご案内しております。 [泡盛] (米: 国産米, 精米: 非公開)
    ✨ [新規SKU抽出] 津嘉山酒造所の造る沖縄のお酒・泡盛「國華」43度 [泡盛] (米: 国産米, 精米: 非公開)
    ✨ [新規SKU抽出] こちらでご案内の泡盛は・・・ [泡盛] (米: 国産米, 精米: 非公開)
    ✨ [新規SKU抽出] ●泡盛「國華」43度四合瓶2本セット商品のご案内 [泡盛] (米: 国産米, 精米: 非公開)
    ✨ [新規SKU抽出] 泡盛製造場所：沖縄県名護市 [泡盛] (米: 国産米, 精米: 非公開)
    ✨ [新規SKU抽出] 泡盛の國華は消費期限または賞味期限の表示をしていません。 [泡盛] (米: 国産米, 精米: 非公開)
    ✨ [新規SKU抽出] 古酒は時間で、製造から3年以上を経過熟成した泡盛に与えられる名称です。 [泡盛] (米: 国産米, 精米: 非公開)
    ✨ [新規SKU抽出] 送料込み津嘉山酒造所の造る沖縄のお酒・泡盛「國華」30度・ケース売り [泡盛] (米: 国産米, 精米: 非公開)
    ✨ [新規SKU抽出] ●泡盛「國華」30度四合瓶ケース売りのご案内 [泡盛] (米: 国産米, 精米: 非公開)
    ✨ [新規SKU抽出] 津嘉山酒造所の造る沖縄のお酒・泡盛「國華」30度 [泡盛] (米: 国産米, 精米: 非公開)
    ✨ [新規SKU抽出] ●泡盛「國華」30度四合瓶2本セット商品のご案内 [泡盛] (米: 国産米, 精米: 非公開)
  👉 合資会社津嘉山酒造所: 38 件の新規SKUを深層クローリングにより追加登録
[1341/1376] 🏭 ID 57931: 上原酒造株式会社 (沖縄県) - https://www.awamori-sinsen.com
    ✨ [新規SKU抽出] 取扱商品 - 琉球泡盛 糸満最古の泡盛酒造所「上原酒造」 [泡盛] (米: 国産米, 精米: 非公開)
    ✨ [新規SKU抽出] 琉球泡盛 糸満最古の泡盛酒造所「上原酒造」 [泡盛] (米: 国産米, 精米: 非公開)
    ✨ [新規SKU抽出] 琉球泡盛「南都 神泉」 [泡盛] (米: 国産米, 精米: 非公開)
    ✨ [新規SKU抽出] 地酒泡盛・糸満 [泡盛] (米: 国産米, 精米: 非公開)
    ✨ [新規SKU抽出] トップページ - 琉球泡盛 糸満最古の泡盛酒造所「上原酒造」 [泡盛] (米: 国産米, 精米: 非公開)
    ✨ [新規SKU抽出] 2021年より泡盛造りを再開しました。 [泡盛] (米: 国産米, 精米: 非公開)
    ✨ [新規SKU抽出] 琉球泡盛「南都 神泉プレミアム」 [泡盛] (米: 国産米, 精米: 非公開)
    ✨ [新規SKU抽出] 令和4年泡盛鑑評会『金賞受賞酒』。 [泡盛] (米: 国産米, 精米: 非公開)
    ✨ [新規SKU抽出] 地酒泡盛「糸満」 [泡盛] (米: 国産米, 精米: 非公開)
  👉 上原酒造株式会社: 9 件の新規SKUを深層クローリングにより追加登録
[1342/1376] 🏭 ID 57932: 有限会社八重泉酒造 (沖縄県) - https://yaesen.com/
    ✨ [新規SKU抽出] TWSC2026 焼酎・泡盛部門 銅賞 [泡盛] (米: 国産米, 精米: 非公開)
    ✨ [新規SKU抽出] TWSC2026 焼酎・泡盛部門 金賞 [泡盛] (米: 国産米, 精米: 非公開)
  👉 有限会社八重泉酒造: 2 件の新規SKUを深層クローリングにより追加登録
[1343/1376] 🏭 ID 57933: 有限会社山川酒造 (沖縄県) - https://www.yamakawashuzo.com
    ✨ [新規SKU抽出] 泡盛名酒会 [泡盛] (米: 国産米, 精米: 非公開)
    ✨ [新規SKU抽出] 泡盛豆知識・美味しい飲み方 [泡盛] (米: 国産米, 精米: 非公開)
    ✨ [新規SKU抽出] 飲みごたえの泡盛造り、古酒造りにこだわり [泡盛] (米: 国産米, 精米: 非公開)
    ✨ [新規SKU抽出] 泡盛文化祭の御案内です♬ [泡盛] (米: 国産米, 精米: 非公開)
    ✨ [新規SKU抽出] 「琉球泡盛文化の会 2026」に参加いたします！ [泡盛] (米: 国産米, 精米: 非公開)
    ✨ [新規SKU抽出] 約130店舗でのみ販売「やまかわ」こだわりの造りが人気の泡盛・古酒 [泡盛] (米: 国産米, 精米: 非公開)
    ✨ [新規SKU抽出] イベント開催情報や泡盛に関するあれこれを不定期に更新しています。 [泡盛] (米: 国産米, 精米: 非公開)
    ✨ [新規SKU抽出] 泡盛豆知識 [泡盛] (米: 国産米, 精米: 非公開)
    ✨ [新規SKU抽出] ・泡盛名酒会 [泡盛] (米: 国産米, 精米: 非公開)
    ✨ [新規SKU抽出] ・泡盛豆知識 [泡盛] (米: 国産米, 精米: 非公開)
  👉 有限会社山川酒造: 10 件の新規SKUを深層クローリングにより追加登録
[1344/1376] 🏭 ID 57934: やんばる酒造株式会社 (沖縄県) - http://takazato-maruta.jp/
    ✨ [新規SKU抽出] ”オーダーメイド泡盛”製造サービス「MarutaYours」始動 [泡盛] (米: 国産米, 精米: 非公開)
    ✨ [新規SKU抽出] つながリキュール [リキュール] (米: 国産米, 精米: 非公開)
    ✨ [新規SKU抽出] 地元やんばるのこだわり食材から生まれる贅沢なリキュール [リキュール] (米: 国産米, 精米: 非公開)
    ✨ [新規SKU抽出] 琉球泡盛/UFU-YANBARU～世界自然遺産ミニボトル～ [泡盛] (米: 国産米, 精米: 非公開)
    ✨ [新規SKU抽出] 沖縄県産米で仕込んだ、地域への想いが詰まった泡盛 [泡盛] (米: 国産米, 精米: 非公開)
    ✨ [新規SKU抽出] 泡盛業界初 [泡盛] (米: 国産米, 精米: 非公開)
    ✨ [新規SKU抽出] 自社ブランドの”オーダーメイド泡盛”製造サービス「MarutaYours」始動 [泡盛] (米: 国産米, 精米: 非公開)
    ✨ [新規SKU抽出] 新サービス開始！クラフト泡盛MARUTA YOURS [泡盛] (米: 国産米, 精米: 非公開)
    ✨ [新規SKU抽出] 本島最北端の泡盛酒造所です。 [泡盛] (米: 国産米, 精米: 非公開)
    ✨ [新規SKU抽出] やんばる酒造は長寿の里、大宜味村にある本島最北端の泡盛酒造所です。 [泡盛] (米: 国産米, 精米: 非公開)
    ✨ [新規SKU抽出] まるた泡盛 [泡盛] (米: 国産米, 精米: 非公開)
    ✨ [新規SKU抽出] ｢まるた泡盛」は、いつも、 [泡盛] (米: 国産米, 精米: 非公開)
    ✨ [新規SKU抽出] やんばる酒造の泡盛 [泡盛] (米: 国産米, 精米: 非公開)
    ✨ [新規SKU抽出] 蔵人たちが泡盛を造る様子を [泡盛] (米: 国産米, 精米: 非公開)
    ✨ [新規SKU抽出] 見学終了後には泡盛の試飲も [泡盛] (米: 国産米, 精米: 非公開)
    ✨ [新規SKU抽出] ｢やんばるで飲む泡盛が世界一美味しい」が [泡盛] (米: 国産米, 精米: 非公開)
    ✨ [新規SKU抽出] やんばるが好きで、泡盛が好きな皆様を [泡盛] (米: 国産米, 精米: 非公開)
    ✨ [新規SKU抽出] やんばるで、泡盛と美味しいものを囲んで [泡盛] (米: 国産米, 精米: 非公開)
    ✨ [新規SKU抽出] 10月は勝手に、泡盛ファン還元月間にしました。 [泡盛] (米: 国産米, 精米: 非公開)
    ✨ [新規SKU抽出] 沖縄本島最北端の泡盛酒造所、 [泡盛] (米: 国産米, 精米: 非公開)
    ✨ [新規SKU抽出] やんばるの泡盛をお届けしている [泡盛] (米: 国産米, 精米: 非公開)
    ✨ [新規SKU抽出] レジに持って行っちゃう泡盛ＮＯ１． [泡盛] (米: 国産米, 精米: 非公開)
    ✨ [新規SKU抽出] 美味しい泡盛を [泡盛] (米: 国産米, 精米: 非公開)
    ✨ [新規SKU抽出] 泡盛新聞バナー8 [泡盛] (米: 国産米, 精米: 非公開)
    ✨ [新規SKU抽出] 世界で一番ギフトに適しているのは泡盛だと思う件。 [泡盛] (米: 国産米, 精米: 非公開)
    ✨ [新規SKU抽出] 琉球泡盛　まるた [泡盛] (米: 国産米, 精米: 非公開)
    ✨ [新規SKU抽出] 泡盛2本セットに [泡盛] (米: 国産米, 精米: 非公開)
    ✨ [新規SKU抽出] 今日も泡盛とどけますねー！ [泡盛] (米: 国産米, 精米: 非公開)
  👉 やんばる酒造株式会社: 28 件の新規SKUを深層クローリングにより追加登録
[1345/1376] 🏭 ID 57935: 米島酒造株式会社 (沖縄県) - https://yonesima.jp/
    ✨ [新規SKU抽出] yonesima.jp | 泡盛と久米島の情報メディア [泡盛] (米: 国産米, 精米: 非公開)
    ✨ [新規SKU抽出] yonesima.jp - 泡盛と久米島の情報メディア [泡盛] (米: 国産米, 精米: 非公開)
    ✨ [新規SKU抽出] 泡盛の楽しみ方 [泡盛] (米: 国産米, 精米: 非公開)
    ✨ [新規SKU抽出] 泡盛の基礎知識 [泡盛] (米: 国産米, 精米: 非公開)
    ✨ [新規SKU抽出] 泡盛初心者・飲み方を知りたい方 [泡盛] (米: 国産米, 精米: 非公開)
    ✨ [新規SKU抽出] 泡盛の楽しみ方を見る [泡盛] (米: 国産米, 精米: 非公開)
    ✨ [新規SKU抽出] 泡盛や久米島観光でこんなお悩みはありませんか？ [泡盛] (米: 国産米, 精米: 非公開)
    ✨ [新規SKU抽出] 泡盛に一番よく合うおすすめの料理・おつまみは？ [泡盛] (米: 国産米, 精米: 非公開)
    ✨ [新規SKU抽出] yonesima.jp の最新泡盛・久米島ガイドをお届け [泡盛] (米: 国産米, 精米: 非公開)
    ✨ [新規SKU抽出] 最新泡盛＆久米島ガイド [泡盛] (米: 国産米, 精米: 非公開)
    ✨ [新規SKU抽出] 久米島 島野菜料理：泡盛マイスターが語る真の魅力とペアリングの極意 [泡盛] (米: 国産米, 精米: 非公開)
    ✨ [新規SKU抽出] 石垣島泡盛蔵元見学ガイド：伝統と革新が織りなす島の酒造巡り [泡盛] (米: 国産米, 精米: 非公開)
    ✨ [新規SKU抽出] 久米島 星空 観賞 スポット徹底解説：泡盛と紡ぐ天空の物語、未来へ繋ぐ保全型ガイド [泡盛] (米: 国産米, 精米: 非公開)
    ✨ [新規SKU抽出] 泡盛ロックの美味しい飲み方：マイスターが語る究極の嗜み方 [泡盛] (米: 国産米, 精米: 非公開)
    ✨ [新規SKU抽出] 泡盛の平均度数を徹底解説：隠された多様性と選び方 [泡盛] (米: 国産米, 精米: 非公開)
    ✨ [新規SKU抽出] 久米島車海老を最高に味わう店：泡盛マイスター厳選ガイドと究極ペアリング [泡盛] (米: 国産米, 精米: 非公開)
    ✨ [新規SKU抽出] 久米島 はての浜 上陸方法完全ガイド：泡盛マイスターが語る至高の体験デザイン [泡盛] (米: 国産米, 精米: 非公開)
    ✨ [新規SKU抽出] 久米島 酒造見学 予約ガイド：泡盛の伝統と未来を巡る究極体験 [泡盛] (米: 国産米, 精米: 非公開)
    ✨ [新規SKU抽出] 泡盛水割り比率の常識を覆す：銘柄と熟成度で変わる「究極の黄金比」 [泡盛] (米: 国産米, 精米: 非公開)
    ✨ [新規SKU抽出] 泡盛「古酒」とは？深く知る定義、熟成の真髄、久米島の魅力 [泡盛] (米: 国産米, 精米: 非公開)
    ✨ [新規SKU抽出] 注目の泡盛＆久米島ガイド [泡盛] (米: 国産米, 精米: 非公開)
  👉 米島酒造株式会社: 21 件の新規SKUを深層クローリングにより追加登録
[1346/1376] 🏭 ID 57936: 瑞泉酒造株式会社 (沖縄県) - https://www.zuisen.co.jp/
[1347/1376] 🏭 ID 60307: 有限会社髙嶺酒造所 (沖縄県) - http://omoto-takamine.com/
[1348/1376] 🏭 ID 62595: 株式会社ALL WRIGHT (東京都) - https://allwright.jp/
[1349/1376] 🏭 ID 62596: 株式会社haccoba (福島県) - https://haccoba.com/
    ✨ [新規SKU抽出] Ginger PON☆PON要冷蔵/ スパークリング [普通酒] (米: 国産米, 精米: 非公開)
  👉 株式会社haccoba: 1 件の新規SKUを深層クローリングにより追加登録
[1350/1376] 🏭 ID 62597: 株式会社LIBROM (福岡県) - https://librom.jp/
    ✨ [新規SKU抽出] 福岡の街中で造るクラフトサケ [クラフトサケ] (米: 国産米, 精米: 非公開)
    ✨ [新規SKU抽出] 100種類以上の自家製リキュールを使った自由度の高い創作カクテルで [リキュール] (米: 国産米, 精米: 非公開)
  👉 株式会社LIBROM: 2 件の新規SKUを深層クローリングにより追加登録
[1351/1376] 🏭 ID 62598: ハッピー太郎醸造所 (滋賀県) - https://happytaro.jp/
    ✨ [新規SKU抽出] クラフトどぶろく [どぶろく] (米: 国産米, 精米: 非公開)
    ✨ [新規SKU抽出] ハッピーどぶろく [どぶろく] (米: 国産米, 精米: 非公開)
    ✨ [新規SKU抽出] something happy うきうきホップ｜クラフトどぶろく｜ハッピー太郎醸造所 [どぶろく] (米: 国産米, 精米: 非公開)
    ✨ [新規SKU抽出] ハッピーどぶろく｜クラフトどぶろく｜ハッピー太郎醸造所 [どぶろく] (米: 国産米, 精米: 非公開)
  👉 ハッピー太郎醸造所: 4 件の新規SKUを深層クローリングにより追加登録
[1352/1376] 🏭 ID 62599: 株式会社平六醸造 (岩手県) - https://hiraroku.jp/
[1353/1376] 🏭 ID 62601: 足立農醸 (大阪府) - https://adachi-noujo.com/
    ✨ [新規SKU抽出] クラフトサケのシリーズの中でも極力日本酒の味わいに近づけて製造している１本です。 [クラフトサケ] (米: 国産米, 精米: 非公開)
  👉 足立農醸: 1 件の新規SKUを深層クローリングにより追加登録
[1354/1376] 🏭 ID 62604: 株式会社WAKAZE (東京都) - https://www.wakaze-sake.com/
[1355/1376] 🏭 ID 62605: 株式会社天郷醸造所 (福岡県) - https://amanosato-sake.com/
[1356/1376] 🏭 ID 65882: 八戸酒類株式会社 (青森県) - https://hachinohe-syurui.com/
[1357/1376] 🏭 ID 65902: 株式会社木内酒造 (茨城県) - http://www.kodawari.cc
[1358/1376] 🏭 ID 65945: 吉永酒造有限会社 (鹿児島県) - https://yoshinagashuzo.wixsite.com/index
[1359/1376] 🏭 ID 65964: 髙﨑酒造株式会社 (鹿児島県) - http://www.takasakishuzo.com
[1360/1376] 🏭 ID 65972: 焼酎蔵 薩州濵田屋伝兵衛 (鹿児島県) - https://www.hamadasyuzou.co.jp/denbee/
[1361/1376] 🏭 ID 65973: 濵田酒造株式会社 傳藏院蔵 (鹿児島県) - https://www.hamadasyuzou.co.jp/
[1362/1376] 🏭 ID 65975: 本坊酒造株式会社 屋久島伝承蔵 (鹿児島県) - http://www.hombo.co.jp
[1363/1376] 🏭 ID 65976: 本坊酒造株式会社 鹿児島工場 (鹿児島県) - http://www.hombo.co.jp
[1364/1376] 🏭 ID 65977: 本坊酒造株式会社 知覧蒸溜所 (鹿児島県) - http://www.hombo.co.jp
[1365/1376] 🏭 ID 65978: 本坊酒造株式会社 津貫蒸溜所 (鹿児島県) - http://www.hombo.co.jp
[1366/1376] 🏭 ID 65988: 農業法人 八千代伝酒造株式会社 (鹿児島県) - https://yagishuzou.co.jp/
[1367/1376] 🏭 ID 65991: 薩摩酒造株式会社 頴娃蒸溜所 (鹿児島県) - http://www.satsuma.co.jp/
[1368/1376] 🏭 ID 65992: 薩摩酒造株式会社 火の神蒸溜所 (鹿児島県) - http://www.satsuma.co.jp/
[1369/1376] 🏭 ID 65997: 丸西酒造株式会社 蓬原蒸溜所 (鹿児島県) - https://www.nishi-shuzo.co.jp/
[1370/1376] 🏭 ID 65998: 雲海酒造株式会社 出水蔵 (鹿児島県) - http://www.unkai.co.jp
[1371/1376] 🏭 ID 66001: みしま焼酎 無垢の蔵 (鹿児島県) - https://mishima-shochu.jp/
    ✨ [新規SKU抽出] 2023年11月1日「本格焼酎の日」「焼酎ストリート」に参加！！ [本格焼酎] (米: 国産米, 精米: 非公開)
  👉 みしま焼酎 無垢の蔵: 1 件の新規SKUを深層クローリングにより追加登録
[1372/1376] 🏭 ID 66015: 鹿児島酒造㈱黒瀬杜氏伝承蔵 (鹿児島県) - https://kagosyuzo.jp/
[1373/1376] 🏭 ID 70732: 八戸酒類株式会社 (青森県) - https://hachinohe-syurui.com/
[1374/1376] 🏭 ID 70752: 株式会社木内酒造 (茨城県) - http://www.kodawari.cc
[1375/1376] 🏭 ID 70753: 有限会社濱川商店 (高知県) - https://bijofu.jp/
    ✨ [新規SKU抽出] 美丈夫 米一粒 酒一滴 純米吟醸山田錦 [純米吟醸酒] (米: 山田錦, 精米: 非公開)
  👉 有限会社濱川商店: 1 件の新規SKUを深層クローリングにより追加登録
[1376/1376] 🏭 ID 70754: LIBROM Craft Sake Brewery (福岡県) - https://librom.jp/

=== 全酒蔵 深層巡回＆全SKU抽出 完了: 2026-08-16T20:55:07.980755 ===
新規登録総数: 13107 件
